HELI NAVIGATION REPORT START t=18.7 routes=8 center=(25520.0, 482.0, -28080.0)
SETUP route=1 carrier=(25520.0, 482.0, -28080.0) LZ=(30220.0, 485.0, -28080.0) distance=4700m terrain_delta_y=3m
SETUP route=2 carrier=(25520.0, 482.0, -28080.0) LZ=(27620.0, 482.0, -24443.0) distance=4200m terrain_delta_y=0m
SETUP route=3 carrier=(25520.0, 482.0, -28080.0) LZ=(25520.0, 482.0, -22980.0) distance=5100m terrain_delta_y=0m
SETUP route=4 carrier=(25520.0, 482.0, -28080.0) LZ=(21834.0, 485.0, -24702.0) distance=5000m terrain_delta_y=3m
SETUP route=5 carrier=(25520.0, 482.0, -28080.0) LZ=(19825.0, 482.0, -28329.0) distance=5700m terrain_delta_y=0m
SETUP route=6 carrier=(25520.0, 482.0, -28080.0) LZ=(21686.0, 479.0, -31593.0) distance=5200m terrain_delta_y=-3m
SETUP route=7 carrier=(25520.0, 482.0, -28080.0) LZ=(23365.0, 485.0, -32702.0) distance=5100m terrain_delta_y=3m
SETUP route=8 carrier=(25520.0, 482.0, -28080.0) LZ=(30050.0, 482.0, -28879.0) distance=4600m terrain_delta_y=0m
t=18.7 IDLE_TUNER_REFILL gen=0 results=0/64 remaining=64 active_nav=0 stored_before=0 queued=8 stored_after=8 retrieval_started=true state=RETRIEVING_FROM_HANGAR next_trial=1
t=18.7 LAUNCH_BLOCKED reason=waiting_no_active_grace active=0 stored=8 no_active_s=0.0 state=RETRIEVING_FROM_HANGAR tractor_cleanup=false elevator_transfer=false deck=none pending=none clearance=none queue=0
t=34.4 LAUNCH_BLOCKED reason=deck_busy active=1 stored=7 no_active_s=0.0 state=AIRCRAFT_ON_DECK tractor_cleanup=false elevator_transfer=false deck=Aircraft_10_nav_r1_1 pending=none clearance=none queue=0
t=34.6 SPAWN craft=Aircraft_10_nav_r1_1 route=1 candidate=1 trial=1 t=34.6
t=49.3 ==== SUMMARY t=49.3 ====
t=49.3 route=1 laps=0 crashes=0 avg_out=0.0s avg_ret=0.0s avg_lap=0.0s best_lap=-
t=49.3 route=2 laps=0 crashes=0 avg_out=0.0s avg_ret=0.0s avg_lap=0.0s best_lap=-
t=49.3 route=3 laps=0 crashes=0 avg_out=0.0s avg_ret=0.0s avg_lap=0.0s best_lap=-
t=49.4 route=4 laps=0 crashes=0 avg_out=0.0s avg_ret=0.0s avg_lap=0.0s best_lap=-
t=49.4 route=5 laps=0 crashes=0 avg_out=0.0s avg_ret=0.0s avg_lap=0.0s best_lap=-
t=49.4 route=6 laps=0 crashes=0 avg_out=0.0s avg_ret=0.0s avg_lap=0.0s best_lap=-
t=49.4 route=7 laps=0 crashes=0 avg_out=0.0s avg_ret=0.0s avg_lap=0.0s best_lap=-
t=49.4 route=8 laps=0 crashes=0 avg_out=0.0s avg_ret=0.0s avg_lap=0.0s best_lap=-
t=49.4 TOTAL laps=0 crashes=0
t=49.4 TUNER gen=0 results=0/64 pending=2 active=2 remaining=64 next_trial=3 rounds=[1,1,0,0,0,0,0,0]
t=49.4 LAUNCH_BLOCKED reason=deck_busy active=2 stored=6 no_active_s=0.0 state=AIRCRAFT_ON_DECK tractor_cleanup=false elevator_transfer=true deck=Aircraft_10_nav_r2_2 pending=none clearance=none queue=0
t=54.6 SPAWN craft=Aircraft_10_nav_r2_2 route=2 candidate=2 trial=2 t=54.6
t=64.5 LAUNCH_BLOCKED reason=deck_busy active=3 stored=5 no_active_s=0.0 state=RETRIEVING_FROM_HANGAR tractor_cleanup=false elevator_transfer=false deck=Aircraft_10_nav_r3_3 pending=none clearance=none queue=0
t=74.7 SPAWN craft=Aircraft_10_nav_r3_3 route=3 candidate=3 trial=3 t=74.7
t=79.4 ==== SUMMARY t=79.4 ====
t=79.4 route=1 laps=0 crashes=0 avg_out=0.0s avg_ret=0.0s avg_lap=0.0s best_lap=-
t=79.4 route=2 laps=0 crashes=0 avg_out=0.0s avg_ret=0.0s avg_lap=0.0s best_lap=-
t=79.4 route=3 laps=0 crashes=0 avg_out=0.0s avg_ret=0.0s avg_lap=0.0s best_lap=-
t=79.4 route=4 laps=0 crashes=0 avg_out=0.0s avg_ret=0.0s avg_lap=0.0s best_lap=-
t=79.4 route=5 laps=0 crashes=0 avg_out=0.0s avg_ret=0.0s avg_lap=0.0s best_lap=-
t=79.4 route=6 laps=0 crashes=0 avg_out=0.0s avg_ret=0.0s avg_lap=0.0s best_lap=-
t=79.4 route=7 laps=0 crashes=0 avg_out=0.0s avg_ret=0.0s avg_lap=0.0s best_lap=-
t=79.4 route=8 laps=0 crashes=0 avg_out=0.0s avg_ret=0.0s avg_lap=0.0s best_lap=-
t=79.4 TOTAL laps=0 crashes=0
t=79.4 TUNER gen=0 results=0/64 pending=3 active=3 remaining=64 next_trial=4 rounds=[1,1,1,0,0,0,0,0]
t=79.6 LAUNCH_BLOCKED reason=cleared_unready_nav_deck_aircraft active=3 stored=5 no_active_s=0.0 state=IDLE tractor_cleanup=false elevator_transfer=false deck=Aircraft_10_nav_r3_3 pending=none clearance=none queue=0
t=94.6 LAUNCH_BLOCKED reason=deck_busy active=4 stored=4 no_active_s=0.0 state=AIRCRAFT_ON_DECK tractor_cleanup=false elevator_transfer=false deck=Aircraft_10_nav_r4_4 pending=none clearance=none queue=0
t=94.9 SPAWN craft=Aircraft_10_nav_r4_4 route=4 candidate=4 trial=4 t=94.9
t=109.4 ==== SUMMARY t=109.4 ====
t=109.4 route=1 laps=0 crashes=0 avg_out=0.0s avg_ret=0.0s avg_lap=0.0s best_lap=-
t=109.4 route=2 laps=0 crashes=0 avg_out=0.0s avg_ret=0.0s avg_lap=0.0s best_lap=-
t=109.4 route=3 laps=0 crashes=0 avg_out=0.0s avg_ret=0.0s avg_lap=0.0s best_lap=-
t=109.4 route=4 laps=0 crashes=0 avg_out=0.0s avg_ret=0.0s avg_lap=0.0s best_lap=-
t=109.4 route=5 laps=0 crashes=0 avg_out=0.0s avg_ret=0.0s avg_lap=0.0s best_lap=-
t=109.4 route=6 laps=0 crashes=0 avg_out=0.0s avg_ret=0.0s avg_lap=0.0s best_lap=-
t=109.4 route=7 laps=0 crashes=0 avg_out=0.0s avg_ret=0.0s avg_lap=0.0s best_lap=-
t=109.5 route=8 laps=0 crashes=0 avg_out=0.0s avg_ret=0.0s avg_lap=0.0s best_lap=-
t=109.5 TOTAL laps=0 crashes=0
t=109.5 TUNER gen=0 results=0/64 pending=5 active=5 remaining=64 next_trial=6 rounds=[1,1,1,1,1,0,0,0]
t=109.7 LAUNCH_BLOCKED reason=deck_busy active=5 stored=3 no_active_s=0.0 state=AIRCRAFT_ON_DECK tractor_cleanup=false elevator_transfer=true deck=Aircraft_10_nav_r5_5 pending=none clearance=none queue=0
t=114.9 SPAWN craft=Aircraft_10_nav_r5_5 route=5 candidate=5 trial=5 t=114.9
t=124.8 LAUNCH_BLOCKED reason=deck_busy active=6 stored=2 no_active_s=0.0 state=RETRIEVING_FROM_HANGAR tractor_cleanup=false elevator_transfer=false deck=Aircraft_10_nav_r6_6 pending=none clearance=none queue=0
t=135.0 SPAWN craft=Aircraft_10_nav_r6_6 route=6 candidate=6 trial=6 t=135.0
t=139.5 ==== SUMMARY t=139.5 ====
t=139.5 route=1 laps=0 crashes=0 avg_out=0.0s avg_ret=0.0s avg_lap=0.0s best_lap=-
t=139.5 route=2 laps=0 crashes=0 avg_out=0.0s avg_ret=0.0s avg_lap=0.0s best_lap=-
t=139.5 route=3 laps=0 crashes=0 avg_out=0.0s avg_ret=0.0s avg_lap=0.0s best_lap=-
t=139.5 route=4 laps=0 crashes=0 avg_out=0.0s avg_ret=0.0s avg_lap=0.0s best_lap=-
t=139.5 route=5 laps=0 crashes=0 avg_out=0.0s avg_ret=0.0s avg_lap=0.0s best_lap=-
t=139.5 route=6 laps=0 crashes=0 avg_out=0.0s avg_ret=0.0s avg_lap=0.0s best_lap=-
t=139.5 route=7 laps=0 crashes=0 avg_out=0.0s avg_ret=0.0s avg_lap=0.0s best_lap=-
t=139.5 route=8 laps=0 crashes=0 avg_out=0.0s avg_ret=0.0s avg_lap=0.0s best_lap=-
t=139.5 TOTAL laps=0 crashes=0
t=139.5 TUNER gen=0 results=0/64 pending=6 active=6 remaining=64 next_trial=7 rounds=[1,1,1,1,1,1,0,0]
t=139.8 LAUNCH_BLOCKED reason=cleared_unready_nav_deck_aircraft active=6 stored=2 no_active_s=0.0 state=IDLE tractor_cleanup=false elevator_transfer=false deck=Aircraft_10_nav_r6_6 pending=none clearance=none queue=0
t=154.9 LAUNCH_BLOCKED reason=deck_busy active=7 stored=1 no_active_s=0.0 state=AIRCRAFT_ON_DECK tractor_cleanup=false elevator_transfer=false deck=Aircraft_10_nav_r7_7 pending=none clearance=none queue=0
t=155.2 SPAWN craft=Aircraft_10_nav_r7_7 route=7 candidate=7 trial=7 t=155.2
t=169.6 ==== SUMMARY t=169.6 ====
t=169.7 route=1 laps=0 crashes=0 avg_out=0.0s avg_ret=0.0s avg_lap=0.0s best_lap=-
t=169.7 route=2 laps=0 crashes=0 avg_out=0.0s avg_ret=0.0s avg_lap=0.0s best_lap=-
t=169.7 route=3 laps=0 crashes=0 avg_out=0.0s avg_ret=0.0s avg_lap=0.0s best_lap=-
t=169.7 route=4 laps=0 crashes=0 avg_out=0.0s avg_ret=0.0s avg_lap=0.0s best_lap=-
t=169.7 route=5 laps=0 crashes=0 avg_out=0.0s avg_ret=0.0s avg_lap=0.0s best_lap=-
t=169.7 route=6 laps=0 crashes=0 avg_out=0.0s avg_ret=0.0s avg_lap=0.0s best_lap=-
t=169.7 route=7 laps=0 crashes=0 avg_out=0.0s avg_ret=0.0s avg_lap=0.0s best_lap=-
t=169.7 route=8 laps=0 crashes=0 avg_out=0.0s avg_ret=0.0s avg_lap=0.0s best_lap=-
t=169.7 TOTAL laps=0 crashes=0
t=169.7 TUNER gen=0 results=0/64 pending=8 active=8 remaining=64 next_trial=9 rounds=[1,1,1,1,1,1,1,1]
t=175.2 SPAWN craft=Aircraft_10_nav_r8_8 route=8 candidate=8 trial=8 t=175.2
t=179.3 LZ_REACHED craft=Aircraft_10_nav_r1_1 route=1 outbound=144.8s t=179.3
t=199.8 ==== SUMMARY t=199.8 ====
t=199.8 route=1 laps=0 crashes=0 avg_out=144.8s avg_ret=0.0s avg_lap=0.0s best_lap=-
t=199.8 route=2 laps=0 crashes=0 avg_out=0.0s avg_ret=0.0s avg_lap=0.0s best_lap=-
t=199.8 route=3 laps=0 crashes=0 avg_out=0.0s avg_ret=0.0s avg_lap=0.0s best_lap=-
t=199.8 route=4 laps=0 crashes=0 avg_out=0.0s avg_ret=0.0s avg_lap=0.0s best_lap=-
t=199.8 route=5 laps=0 crashes=0 avg_out=0.0s avg_ret=0.0s avg_lap=0.0s best_lap=-
t=199.8 route=6 laps=0 crashes=0 avg_out=0.0s avg_ret=0.0s avg_lap=0.0s best_lap=-
t=199.8 route=7 laps=0 crashes=0 avg_out=0.0s avg_ret=0.0s avg_lap=0.0s best_lap=-
t=199.8 route=8 laps=0 crashes=0 avg_out=0.0s avg_ret=0.0s avg_lap=0.0s best_lap=-
t=199.8 TOTAL laps=0 crashes=0
t=199.8 TUNER gen=0 results=0/64 pending=8 active=8 remaining=64 next_trial=9 rounds=[1,1,1,1,1,1,1,1]
t=229.9 ==== SUMMARY t=229.9 ====
t=229.9 route=1 laps=0 crashes=0 avg_out=144.8s avg_ret=0.0s avg_lap=0.0s best_lap=-
t=229.9 route=2 laps=0 crashes=0 avg_out=0.0s avg_ret=0.0s avg_lap=0.0s best_lap=-
t=229.9 route=3 laps=0 crashes=0 avg_out=0.0s avg_ret=0.0s avg_lap=0.0s best_lap=-
t=230.0 route=4 laps=0 crashes=0 avg_out=0.0s avg_ret=0.0s avg_lap=0.0s best_lap=-
t=230.0 route=5 laps=0 crashes=0 avg_out=0.0s avg_ret=0.0s avg_lap=0.0s best_lap=-
t=230.0 route=6 laps=0 crashes=0 avg_out=0.0s avg_ret=0.0s avg_lap=0.0s best_lap=-
t=230.0 route=7 laps=0 crashes=0 avg_out=0.0s avg_ret=0.0s avg_lap=0.0s best_lap=-
t=230.0 route=8 laps=0 crashes=0 avg_out=0.0s avg_ret=0.0s avg_lap=0.0s best_lap=-
t=230.0 TOTAL laps=0 crashes=0
t=230.0 TUNER gen=0 results=0/64 pending=8 active=8 remaining=64 next_trial=9 rounds=[1,1,1,1,1,1,1,1]
t=247.7 LZ_REACHED craft=Aircraft_10_nav_r2_2 route=2 outbound=193.0s t=247.7
t=259.9 ==== SUMMARY t=259.9 ====
t=259.9 route=1 laps=0 crashes=0 avg_out=144.8s avg_ret=0.0s avg_lap=0.0s best_lap=-
t=259.9 route=2 laps=0 crashes=0 avg_out=193.0s avg_ret=0.0s avg_lap=0.0s best_lap=-
t=259.9 route=3 laps=0 crashes=0 avg_out=0.0s avg_ret=0.0s avg_lap=0.0s best_lap=-
t=260.0 route=4 laps=0 crashes=0 avg_out=0.0s avg_ret=0.0s avg_lap=0.0s best_lap=-
t=260.0 route=5 laps=0 crashes=0 avg_out=0.0s avg_ret=0.0s avg_lap=0.0s best_lap=-
t=260.0 route=6 laps=0 crashes=0 avg_out=0.0s avg_ret=0.0s avg_lap=0.0s best_lap=-
t=260.0 route=7 laps=0 crashes=0 avg_out=0.0s avg_ret=0.0s avg_lap=0.0s best_lap=-
t=260.0 route=8 laps=0 crashes=0 avg_out=0.0s avg_ret=0.0s avg_lap=0.0s best_lap=-
t=260.0 TOTAL laps=0 crashes=0
t=260.0 TUNER gen=0 results=0/64 pending=8 active=8 remaining=64 next_trial=9 rounds=[1,1,1,1,1,1,1,1]
t=270.5 LZ_REACHED craft=Aircraft_10_nav_r4_4 route=4 outbound=175.6s t=270.5
t=283.9 LZ_REACHED craft=Aircraft_10_nav_r6_6 route=6 outbound=148.9s t=283.9
t=290.0 ==== SUMMARY t=290.0 ====
t=290.0 route=1 laps=0 crashes=0 avg_out=144.8s avg_ret=0.0s avg_lap=0.0s best_lap=-
t=290.0 route=2 laps=0 crashes=0 avg_out=193.0s avg_ret=0.0s avg_lap=0.0s best_lap=-
t=290.0 route=3 laps=0 crashes=0 avg_out=0.0s avg_ret=0.0s avg_lap=0.0s best_lap=-
t=290.0 route=4 laps=0 crashes=0 avg_out=175.6s avg_ret=0.0s avg_lap=0.0s best_lap=-
t=290.1 route=5 laps=0 crashes=0 avg_out=0.0s avg_ret=0.0s avg_lap=0.0s best_lap=-
t=290.1 route=6 laps=0 crashes=0 avg_out=148.9s avg_ret=0.0s avg_lap=0.0s best_lap=-
t=290.1 route=7 laps=0 crashes=0 avg_out=0.0s avg_ret=0.0s avg_lap=0.0s best_lap=-
t=290.1 route=8 laps=0 crashes=0 avg_out=0.0s avg_ret=0.0s avg_lap=0.0s best_lap=-
t=290.1 TOTAL laps=0 crashes=0
t=290.1 TUNER gen=0 results=0/64 pending=8 active=8 remaining=64 next_trial=9 rounds=[1,1,1,1,1,1,1,1]
t=301.0 LZ_REACHED craft=Aircraft_10_nav_r3_3 route=3 outbound=226.3s t=301.0
t=320.1 ==== SUMMARY t=320.1 ====
t=320.1 route=1 laps=0 crashes=0 avg_out=144.8s avg_ret=0.0s avg_lap=0.0s best_lap=-
t=320.1 route=2 laps=0 crashes=0 avg_out=193.0s avg_ret=0.0s avg_lap=0.0s best_lap=-
t=320.1 route=3 laps=0 crashes=0 avg_out=226.3s avg_ret=0.0s avg_lap=0.0s best_lap=-
t=320.1 route=4 laps=0 crashes=0 avg_out=175.6s avg_ret=0.0s avg_lap=0.0s best_lap=-
t=320.1 route=5 laps=0 crashes=0 avg_out=0.0s avg_ret=0.0s avg_lap=0.0s best_lap=-
t=320.1 route=6 laps=0 crashes=0 avg_out=148.9s avg_ret=0.0s avg_lap=0.0s best_lap=-
t=320.1 route=7 laps=0 crashes=0 avg_out=0.0s avg_ret=0.0s avg_lap=0.0s best_lap=-
t=320.1 route=8 laps=0 crashes=0 avg_out=0.0s avg_ret=0.0s avg_lap=0.0s best_lap=-
t=320.2 TOTAL laps=0 crashes=0
t=320.2 TUNER gen=0 results=0/64 pending=8 active=8 remaining=64 next_trial=9 rounds=[1,1,1,1,1,1,1,1]
t=322.5 LZ_REACHED craft=Aircraft_10_nav_r7_7 route=7 outbound=167.3s t=322.5
t=350.1 ==== SUMMARY t=350.1 ====
t=350.1 route=1 laps=0 crashes=0 avg_out=144.8s avg_ret=0.0s avg_lap=0.0s best_lap=-
t=350.1 route=2 laps=0 crashes=0 avg_out=193.0s avg_ret=0.0s avg_lap=0.0s best_lap=-
t=350.1 route=3 laps=0 crashes=0 avg_out=226.3s avg_ret=0.0s avg_lap=0.0s best_lap=-
t=350.1 route=4 laps=0 crashes=0 avg_out=175.6s avg_ret=0.0s avg_lap=0.0s best_lap=-
t=350.1 route=5 laps=0 crashes=0 avg_out=0.0s avg_ret=0.0s avg_lap=0.0s best_lap=-
t=350.1 route=6 laps=0 crashes=0 avg_out=148.9s avg_ret=0.0s avg_lap=0.0s best_lap=-
t=350.1 route=7 laps=0 crashes=0 avg_out=167.3s avg_ret=0.0s avg_lap=0.0s best_lap=-
t=350.1 route=8 laps=0 crashes=0 avg_out=0.0s avg_ret=0.0s avg_lap=0.0s best_lap=-
t=350.2 TOTAL laps=0 crashes=0
t=350.2 TUNER gen=0 results=0/64 pending=8 active=8 remaining=64 next_trial=9 rounds=[1,1,1,1,1,1,1,1]
t=350.7 LZ_REACHED craft=Aircraft_10_nav_r8_8 route=8 outbound=175.4s t=350.7
t=352.7 LAP_CAPTURE craft=Aircraft_10_nav_r1_1 route=1 return=161.3s lap=318.1s carrier_dist=200m t=352.7
t=369.2 LZ_REACHED craft=Aircraft_10_nav_r5_5 route=5 outbound=254.3s t=369.2
t=371.7 SPAWN craft=Aircraft_10_nav_r1_9 route=1 candidate=2 trial=9 t=371.7
t=380.2 ==== SUMMARY t=380.2 ====
t=380.2 route=1 laps=1 crashes=0 avg_out=144.8s avg_ret=161.3s avg_lap=318.1s best_lap=318.1
t=380.2 route=2 laps=0 crashes=0 avg_out=193.0s avg_ret=0.0s avg_lap=0.0s best_lap=-
t=380.2 route=3 laps=0 crashes=0 avg_out=226.3s avg_ret=0.0s avg_lap=0.0s best_lap=-
t=380.2 route=4 laps=0 crashes=0 avg_out=175.6s avg_ret=0.0s avg_lap=0.0s best_lap=-
t=380.2 route=5 laps=0 crashes=0 avg_out=254.3s avg_ret=0.0s avg_lap=0.0s best_lap=-
t=380.2 route=6 laps=0 crashes=0 avg_out=148.9s avg_ret=0.0s avg_lap=0.0s best_lap=-
t=380.2 route=7 laps=0 crashes=0 avg_out=167.3s avg_ret=0.0s avg_lap=0.0s best_lap=-
t=380.2 route=8 laps=0 crashes=0 avg_out=175.4s avg_ret=0.0s avg_lap=0.0s best_lap=-
t=380.3 TOTAL laps=1 crashes=0
t=380.3 TUNER gen=0 results=1/64 pending=8 active=8 remaining=63 next_trial=10 rounds=[2,1,1,1,1,1,1,1]
t=410.3 ==== SUMMARY t=410.3 ====
t=410.3 route=1 laps=1 crashes=0 avg_out=144.8s avg_ret=161.3s avg_lap=318.1s best_lap=318.1
t=410.3 route=2 laps=0 crashes=0 avg_out=193.0s avg_ret=0.0s avg_lap=0.0s best_lap=-
t=410.3 route=3 laps=0 crashes=0 avg_out=226.3s avg_ret=0.0s avg_lap=0.0s best_lap=-
t=410.3 route=4 laps=0 crashes=0 avg_out=175.6s avg_ret=0.0s avg_lap=0.0s best_lap=-
t=410.4 route=5 laps=0 crashes=0 avg_out=254.3s avg_ret=0.0s avg_lap=0.0s best_lap=-
t=410.4 route=6 laps=0 crashes=0 avg_out=148.9s avg_ret=0.0s avg_lap=0.0s best_lap=-
t=410.4 route=7 laps=0 crashes=0 avg_out=167.3s avg_ret=0.0s avg_lap=0.0s best_lap=-
t=410.4 route=8 laps=0 crashes=0 avg_out=175.4s avg_ret=0.0s avg_lap=0.0s best_lap=-
t=410.4 TOTAL laps=1 crashes=0
t=410.4 TUNER gen=0 results=1/64 pending=8 active=8 remaining=63 next_trial=10 rounds=[2,1,1,1,1,1,1,1]
t=432.1 LAP_CAPTURE craft=Aircraft_10_nav_r4_4 route=4 return=149.6s lap=337.2s carrier_dist=200m t=432.1
t=438.0 LAP_CAPTURE craft=Aircraft_10_nav_r6_6 route=6 return=142.1s lap=303.0s carrier_dist=200m t=438.0
t=440.3 ==== SUMMARY t=440.3 ====
t=440.4 route=1 laps=1 crashes=0 avg_out=144.8s avg_ret=161.3s avg_lap=318.1s best_lap=318.1
t=440.4 route=2 laps=0 crashes=0 avg_out=193.0s avg_ret=0.0s avg_lap=0.0s best_lap=-
t=440.4 route=3 laps=0 crashes=0 avg_out=226.3s avg_ret=0.0s avg_lap=0.0s best_lap=-
t=440.4 route=4 laps=1 crashes=0 avg_out=175.6s avg_ret=149.6s avg_lap=337.2s best_lap=337.2
t=440.4 route=5 laps=0 crashes=0 avg_out=254.3s avg_ret=0.0s avg_lap=0.0s best_lap=-
t=440.4 route=6 laps=1 crashes=0 avg_out=148.9s avg_ret=142.1s avg_lap=303.0s best_lap=303.0
t=440.4 route=7 laps=0 crashes=0 avg_out=167.3s avg_ret=0.0s avg_lap=0.0s best_lap=-
t=440.4 route=8 laps=0 crashes=0 avg_out=175.4s avg_ret=0.0s avg_lap=0.0s best_lap=-
t=440.4 TOTAL laps=3 crashes=0
t=440.4 TUNER gen=0 results=3/64 pending=6 active=6 remaining=61 next_trial=10 rounds=[2,1,1,1,1,1,1,1]
t=446.6 LAUNCH_BLOCKED reason=deck_busy active=7 stored=1 no_active_s=0.0 state=AIRCRAFT_ON_DECK tractor_cleanup=false elevator_transfer=true deck=Aircraft_10_nav_r4_10 pending=none clearance=none queue=0
t=451.8 SPAWN craft=Aircraft_10_nav_r4_10 route=4 candidate=5 trial=10 t=451.8
t=470.5 ==== SUMMARY t=470.5 ====
t=470.5 route=1 laps=1 crashes=0 avg_out=144.8s avg_ret=161.3s avg_lap=318.1s best_lap=318.1
t=470.5 route=2 laps=0 crashes=0 avg_out=193.0s avg_ret=0.0s avg_lap=0.0s best_lap=-
t=470.5 route=3 laps=0 crashes=0 avg_out=226.3s avg_ret=0.0s avg_lap=0.0s best_lap=-
t=470.5 route=4 laps=1 crashes=0 avg_out=175.6s avg_ret=149.6s avg_lap=337.2s best_lap=337.2
t=470.5 route=5 laps=0 crashes=0 avg_out=254.3s avg_ret=0.0s avg_lap=0.0s best_lap=-
t=470.5 route=6 laps=1 crashes=0 avg_out=148.9s avg_ret=142.1s avg_lap=303.0s best_lap=303.0
t=470.5 route=7 laps=0 crashes=0 avg_out=167.3s avg_ret=0.0s avg_lap=0.0s best_lap=-
t=470.5 route=8 laps=0 crashes=0 avg_out=175.4s avg_ret=0.0s avg_lap=0.0s best_lap=-
t=470.5 TOTAL laps=3 crashes=0
t=470.5 TUNER gen=0 results=3/64 pending=8 active=8 remaining=61 next_trial=12 rounds=[2,1,1,2,1,2,1,1]
t=472.2 SPAWN craft=Aircraft_10_nav_r6_11 route=6 candidate=7 trial=11 t=472.2
t=482.2 LAP_CAPTURE craft=Aircraft_10_nav_r7_7 route=7 return=147.6s lap=327.0s carrier_dist=200m t=482.2
t=500.5 ==== SUMMARY t=500.5 ====
t=500.5 route=1 laps=1 crashes=0 avg_out=144.8s avg_ret=161.3s avg_lap=318.1s best_lap=318.1
t=500.5 route=2 laps=0 crashes=0 avg_out=193.0s avg_ret=0.0s avg_lap=0.0s best_lap=-
t=500.5 route=3 laps=0 crashes=0 avg_out=226.3s avg_ret=0.0s avg_lap=0.0s best_lap=-
t=500.5 route=4 laps=1 crashes=0 avg_out=175.6s avg_ret=149.6s avg_lap=337.2s best_lap=337.2
t=500.5 route=5 laps=0 crashes=0 avg_out=254.3s avg_ret=0.0s avg_lap=0.0s best_lap=-
t=500.5 route=6 laps=1 crashes=0 avg_out=148.9s avg_ret=142.1s avg_lap=303.0s best_lap=303.0
t=500.5 route=7 laps=1 crashes=0 avg_out=167.3s avg_ret=147.6s avg_lap=327.0s best_lap=327.0
t=500.5 route=8 laps=0 crashes=0 avg_out=175.4s avg_ret=0.0s avg_lap=0.0s best_lap=-
t=500.5 TOTAL laps=4 crashes=0
t=500.5 TUNER gen=0 results=4/64 pending=8 active=8 remaining=60 next_trial=13 rounds=[2,1,1,2,1,2,2,1]
t=502.2 SPAWN craft=Aircraft_10_nav_r7_12 route=7 candidate=8 trial=12 t=502.2
t=528.1 LAP_CAPTURE craft=Aircraft_10_nav_r2_2 route=2 return=268.4s lap=473.5s carrier_dist=200m t=528.1
t=528.4 LZ_REACHED craft=Aircraft_10_nav_r1_9 route=1 outbound=156.7s t=528.4
t=530.5 ==== SUMMARY t=530.5 ====
t=530.5 route=1 laps=1 crashes=0 avg_out=150.8s avg_ret=161.3s avg_lap=318.1s best_lap=318.1
t=530.5 route=2 laps=1 crashes=0 avg_out=193.0s avg_ret=268.4s avg_lap=473.5s best_lap=473.5
t=530.5 route=3 laps=0 crashes=0 avg_out=226.3s avg_ret=0.0s avg_lap=0.0s best_lap=-
t=530.5 route=4 laps=1 crashes=0 avg_out=175.6s avg_ret=149.6s avg_lap=337.2s best_lap=337.2
t=530.5 route=5 laps=0 crashes=0 avg_out=254.3s avg_ret=0.0s avg_lap=0.0s best_lap=-
t=530.5 route=6 laps=1 crashes=0 avg_out=148.9s avg_ret=142.1s avg_lap=303.0s best_lap=303.0
t=530.6 route=7 laps=1 crashes=0 avg_out=167.3s avg_ret=147.6s avg_lap=327.0s best_lap=327.0
t=530.6 route=8 laps=0 crashes=0 avg_out=175.4s avg_ret=0.0s avg_lap=0.0s best_lap=-
t=530.6 TOTAL laps=5 crashes=0
t=530.6 TUNER gen=0 results=5/64 pending=7 active=7 remaining=59 next_trial=13 rounds=[2,1,1,2,1,2,2,1]
t=537.0 LAUNCH_BLOCKED reason=landing_or_storage_busy active=7 stored=1 no_active_s=0.0 state=IDLE tractor_cleanup=false elevator_transfer=false deck=Aircraft_10_nav_r7_12 pending=none clearance=Aircraft_10_nav_r8_8 queue=1
t=539.2 LAP_CAPTURE craft=Aircraft_10_nav_r8_8 route=8 return=176.5s lap=364.0s carrier_dist=200m t=539.2
t=552.0 LAUNCH_BLOCKED reason=deck_busy active=7 stored=1 no_active_s=0.0 state=AIRCRAFT_ON_DECK tractor_cleanup=false elevator_transfer=true deck=Aircraft_10_nav_r2_13 pending=none clearance=none queue=0
t=557.2 SPAWN craft=Aircraft_10_nav_r2_13 route=2 candidate=3 trial=13 t=557.2
t=560.5 ==== SUMMARY t=560.5 ====
t=560.5 route=1 laps=1 crashes=0 avg_out=150.8s avg_ret=161.3s avg_lap=318.1s best_lap=318.1
t=560.5 route=2 laps=1 crashes=0 avg_out=193.0s avg_ret=268.4s avg_lap=473.5s best_lap=473.5
t=560.6 route=3 laps=0 crashes=0 avg_out=226.3s avg_ret=0.0s avg_lap=0.0s best_lap=-
t=560.6 route=4 laps=1 crashes=0 avg_out=175.6s avg_ret=149.6s avg_lap=337.2s best_lap=337.2
t=560.6 route=5 laps=0 crashes=0 avg_out=254.3s avg_ret=0.0s avg_lap=0.0s best_lap=-
t=560.6 route=6 laps=1 crashes=0 avg_out=148.9s avg_ret=142.1s avg_lap=303.0s best_lap=303.0
t=560.6 route=7 laps=1 crashes=0 avg_out=167.3s avg_ret=147.6s avg_lap=327.0s best_lap=327.0
t=560.6 route=8 laps=1 crashes=0 avg_out=175.4s avg_ret=176.5s avg_lap=364.0s best_lap=364.0
t=560.6 TOTAL laps=6 crashes=0
t=560.6 TUNER gen=0 results=6/64 pending=7 active=7 remaining=58 next_trial=14 rounds=[2,2,1,2,1,2,2,1]
t=577.4 SPAWN craft=Aircraft_10_nav_r8_14 route=8 candidate=1 trial=14 t=577.4
t=583.1 LAP_CAPTURE craft=Aircraft_10_nav_r3_3 route=3 return=270.0s lap=508.3s carrier_dist=200m t=583.1
t=590.6 ==== SUMMARY t=590.6 ====
t=590.6 route=1 laps=1 crashes=0 avg_out=150.8s avg_ret=161.3s avg_lap=318.1s best_lap=318.1
t=590.6 route=2 laps=1 crashes=0 avg_out=193.0s avg_ret=268.4s avg_lap=473.5s best_lap=473.5
t=590.6 route=3 laps=1 crashes=0 avg_out=226.3s avg_ret=270.0s avg_lap=508.3s best_lap=508.3
t=590.6 route=4 laps=1 crashes=0 avg_out=175.6s avg_ret=149.6s avg_lap=337.2s best_lap=337.2
t=590.6 route=5 laps=0 crashes=0 avg_out=254.3s avg_ret=0.0s avg_lap=0.0s best_lap=-
t=590.6 route=6 laps=1 crashes=0 avg_out=148.9s avg_ret=142.1s avg_lap=303.0s best_lap=303.0
t=590.6 route=7 laps=1 crashes=0 avg_out=167.3s avg_ret=147.6s avg_lap=327.0s best_lap=327.0
t=590.6 route=8 laps=1 crashes=0 avg_out=175.4s avg_ret=176.5s avg_lap=364.0s best_lap=364.0
t=590.6 TOTAL laps=7 crashes=0
t=590.6 TUNER gen=0 results=7/64 pending=7 active=7 remaining=57 next_trial=15 rounds=[2,2,1,2,1,2,2,2]
t=602.6 SPAWN craft=Aircraft_10_nav_r3_15 route=3 candidate=4 trial=15 t=602.6
t=612.8 LAP_CAPTURE craft=Aircraft_10_nav_r5_5 route=5 return=231.6s lap=497.9s carrier_dist=200m t=612.8
t=618.7 LZ_REACHED craft=Aircraft_10_nav_r4_10 route=4 outbound=166.9s t=618.7
t=620.0 LZ_REACHED craft=Aircraft_10_nav_r6_11 route=6 outbound=147.8s t=620.0
t=620.6 ==== SUMMARY t=620.6 ====
t=620.6 route=1 laps=1 crashes=0 avg_out=150.8s avg_ret=161.3s avg_lap=318.1s best_lap=318.1
t=620.6 route=2 laps=1 crashes=0 avg_out=193.0s avg_ret=268.4s avg_lap=473.5s best_lap=473.5
t=620.6 route=3 laps=1 crashes=0 avg_out=226.3s avg_ret=270.0s avg_lap=508.3s best_lap=508.3
t=620.7 route=4 laps=1 crashes=0 avg_out=171.3s avg_ret=149.6s avg_lap=337.2s best_lap=337.2
t=620.7 route=5 laps=1 crashes=0 avg_out=254.3s avg_ret=231.6s avg_lap=497.9s best_lap=497.9
t=620.7 route=6 laps=1 crashes=0 avg_out=148.3s avg_ret=142.1s avg_lap=303.0s best_lap=303.0
t=620.7 route=7 laps=1 crashes=0 avg_out=167.3s avg_ret=147.6s avg_lap=327.0s best_lap=327.0
t=620.7 route=8 laps=1 crashes=0 avg_out=175.4s avg_ret=176.5s avg_lap=364.0s best_lap=364.0
t=620.7 TOTAL laps=8 crashes=0
t=620.7 TUNER gen=0 results=8/64 pending=7 active=7 remaining=56 next_trial=16 rounds=[2,2,2,2,1,2,2,2]
t=632.7 SPAWN craft=Aircraft_10_nav_r5_16 route=5 candidate=6 trial=16 t=632.7
t=650.8 ==== SUMMARY t=650.8 ====
t=650.8 route=1 laps=1 crashes=0 avg_out=150.8s avg_ret=161.3s avg_lap=318.1s best_lap=318.1
t=650.8 route=2 laps=1 crashes=0 avg_out=193.0s avg_ret=268.4s avg_lap=473.5s best_lap=473.5
t=650.8 route=3 laps=1 crashes=0 avg_out=226.3s avg_ret=270.0s avg_lap=508.3s best_lap=508.3
t=650.8 route=4 laps=1 crashes=0 avg_out=171.3s avg_ret=149.6s avg_lap=337.2s best_lap=337.2
t=650.8 route=5 laps=1 crashes=0 avg_out=254.3s avg_ret=231.6s avg_lap=497.9s best_lap=497.9
t=650.8 route=6 laps=1 crashes=0 avg_out=148.3s avg_ret=142.1s avg_lap=303.0s best_lap=303.0
t=650.8 route=7 laps=1 crashes=0 avg_out=167.3s avg_ret=147.6s avg_lap=327.0s best_lap=327.0
t=650.8 route=8 laps=1 crashes=0 avg_out=175.4s avg_ret=176.5s avg_lap=364.0s best_lap=364.0
t=650.8 TOTAL laps=8 crashes=0
t=650.8 TUNER gen=0 results=8/64 pending=8 active=8 remaining=56 next_trial=17 rounds=[2,2,2,2,2,2,2,2]
t=670.1 LZ_REACHED craft=Aircraft_10_nav_r7_12 route=7 outbound=167.9s t=670.1
t=680.8 ==== SUMMARY t=680.8 ====
t=680.8 route=1 laps=1 crashes=0 avg_out=150.8s avg_ret=161.3s avg_lap=318.1s best_lap=318.1
t=680.8 route=2 laps=1 crashes=0 avg_out=193.0s avg_ret=268.4s avg_lap=473.5s best_lap=473.5
t=680.8 route=3 laps=1 crashes=0 avg_out=226.3s avg_ret=270.0s avg_lap=508.3s best_lap=508.3
t=680.8 route=4 laps=1 crashes=0 avg_out=171.3s avg_ret=149.6s avg_lap=337.2s best_lap=337.2
t=680.8 route=5 laps=1 crashes=0 avg_out=254.3s avg_ret=231.6s avg_lap=497.9s best_lap=497.9
t=680.8 route=6 laps=1 crashes=0 avg_out=148.3s avg_ret=142.1s avg_lap=303.0s best_lap=303.0
t=680.8 route=7 laps=1 crashes=0 avg_out=167.6s avg_ret=147.6s avg_lap=327.0s best_lap=327.0
t=680.8 route=8 laps=1 crashes=0 avg_out=175.4s avg_ret=176.5s avg_lap=364.0s best_lap=364.0
t=680.8 TOTAL laps=8 crashes=0
t=680.9 TUNER gen=0 results=8/64 pending=8 active=8 remaining=56 next_trial=17 rounds=[2,2,2,2,2,2,2,2]
t=704.3 LAP_CAPTURE craft=Aircraft_10_nav_r1_9 route=1 return=164.0s lap=332.7s carrier_dist=200m t=704.3
t=710.9 ==== SUMMARY t=710.9 ====
t=710.9 route=1 laps=2 crashes=0 avg_out=150.8s avg_ret=162.6s avg_lap=325.4s best_lap=318.1
t=710.9 route=2 laps=1 crashes=0 avg_out=193.0s avg_ret=268.4s avg_lap=473.5s best_lap=473.5
t=710.9 route=3 laps=1 crashes=0 avg_out=226.3s avg_ret=270.0s avg_lap=508.3s best_lap=508.3
t=710.9 route=4 laps=1 crashes=0 avg_out=171.3s avg_ret=149.6s avg_lap=337.2s best_lap=337.2
t=710.9 route=5 laps=1 crashes=0 avg_out=254.3s avg_ret=231.6s avg_lap=497.9s best_lap=497.9
t=710.9 route=6 laps=1 crashes=0 avg_out=148.3s avg_ret=142.1s avg_lap=303.0s best_lap=303.0
t=710.9 route=7 laps=1 crashes=0 avg_out=167.6s avg_ret=147.6s avg_lap=327.0s best_lap=327.0
t=710.9 route=8 laps=1 crashes=0 avg_out=175.4s avg_ret=176.5s avg_lap=364.0s best_lap=364.0
t=710.9 TOTAL laps=9 crashes=0
t=710.9 TUNER gen=0 results=9/64 pending=7 active=7 remaining=55 next_trial=17 rounds=[2,2,2,2,2,2,2,2]
t=723.0 SPAWN craft=Aircraft_10_nav_r1_17 route=1 candidate=3 trial=17 t=723.0
t=740.9 ==== SUMMARY t=740.9 ====
t=740.9 route=1 laps=2 crashes=0 avg_out=150.8s avg_ret=162.6s avg_lap=325.4s best_lap=318.1
t=740.9 route=2 laps=1 crashes=0 avg_out=193.0s avg_ret=268.4s avg_lap=473.5s best_lap=473.5
t=740.9 route=3 laps=1 crashes=0 avg_out=226.3s avg_ret=270.0s avg_lap=508.3s best_lap=508.3
t=740.9 route=4 laps=1 crashes=0 avg_out=171.3s avg_ret=149.6s avg_lap=337.2s best_lap=337.2
t=740.9 route=5 laps=1 crashes=0 avg_out=254.3s avg_ret=231.6s avg_lap=497.9s best_lap=497.9
t=740.9 route=6 laps=1 crashes=0 avg_out=148.3s avg_ret=142.1s avg_lap=303.0s best_lap=303.0
t=740.9 route=7 laps=1 crashes=0 avg_out=167.6s avg_ret=147.6s avg_lap=327.0s best_lap=327.0
t=740.9 route=8 laps=1 crashes=0 avg_out=175.4s avg_ret=176.5s avg_lap=364.0s best_lap=364.0
t=740.9 TOTAL laps=9 crashes=0
t=741.0 TUNER gen=0 results=9/64 pending=8 active=8 remaining=55 next_trial=18 rounds=[3,2,2,2,2,2,2,2]
t=749.7 LZ_REACHED craft=Aircraft_10_nav_r2_13 route=2 outbound=192.4s t=749.7
t=751.9 LZ_REACHED craft=Aircraft_10_nav_r8_14 route=8 outbound=174.4s t=751.9
t=770.9 ==== SUMMARY t=770.9 ====
t=770.9 route=1 laps=2 crashes=0 avg_out=150.8s avg_ret=162.6s avg_lap=325.4s best_lap=318.1
t=770.9 route=2 laps=1 crashes=0 avg_out=192.7s avg_ret=268.4s avg_lap=473.5s best_lap=473.5
t=770.9 route=3 laps=1 crashes=0 avg_out=226.3s avg_ret=270.0s avg_lap=508.3s best_lap=508.3
t=771.0 route=4 laps=1 crashes=0 avg_out=171.3s avg_ret=149.6s avg_lap=337.2s best_lap=337.2
t=771.0 route=5 laps=1 crashes=0 avg_out=254.3s avg_ret=231.6s avg_lap=497.9s best_lap=497.9
t=771.0 route=6 laps=1 crashes=0 avg_out=148.3s avg_ret=142.1s avg_lap=303.0s best_lap=303.0
t=771.0 route=7 laps=1 crashes=0 avg_out=167.6s avg_ret=147.6s avg_lap=327.0s best_lap=327.0
t=771.0 route=8 laps=1 crashes=0 avg_out=174.9s avg_ret=176.5s avg_lap=364.0s best_lap=364.0
t=771.0 TOTAL laps=9 crashes=0
t=771.0 TUNER gen=0 results=9/64 pending=8 active=8 remaining=55 next_trial=18 rounds=[3,2,2,2,2,2,2,2]
t=773.4 LAP_CAPTURE craft=Aircraft_10_nav_r6_11 route=6 return=141.2s lap=301.2s carrier_dist=200m t=773.4
t=784.8 LAP_CAPTURE craft=Aircraft_10_nav_r4_10 route=4 return=154.0s lap=333.0s carrier_dist=200m t=784.8
t=793.1 LAUNCH_BLOCKED reason=deck_busy active=7 stored=1 no_active_s=0.0 state=AIRCRAFT_ON_DECK tractor_cleanup=false elevator_transfer=false deck=Aircraft_10_nav_r6_18 pending=none clearance=none queue=0
t=793.3 SPAWN craft=Aircraft_10_nav_r6_18 route=6 candidate=8 trial=18 t=793.3
t=801.0 ==== SUMMARY t=801.0 ====
t=801.0 route=1 laps=2 crashes=0 avg_out=150.8s avg_ret=162.6s avg_lap=325.4s best_lap=318.1
t=801.0 route=2 laps=1 crashes=0 avg_out=192.7s avg_ret=268.4s avg_lap=473.5s best_lap=473.5
t=801.0 route=3 laps=1 crashes=0 avg_out=226.3s avg_ret=270.0s avg_lap=508.3s best_lap=508.3
t=801.0 route=4 laps=2 crashes=0 avg_out=171.3s avg_ret=151.8s avg_lap=335.1s best_lap=333.0
t=801.0 route=5 laps=1 crashes=0 avg_out=254.3s avg_ret=231.6s avg_lap=497.9s best_lap=497.9
t=801.0 route=6 laps=2 crashes=0 avg_out=148.3s avg_ret=141.7s avg_lap=302.1s best_lap=301.2
t=801.0 route=7 laps=1 crashes=0 avg_out=167.6s avg_ret=147.6s avg_lap=327.0s best_lap=327.0
t=801.0 route=8 laps=1 crashes=0 avg_out=174.9s avg_ret=176.5s avg_lap=364.0s best_lap=364.0
t=801.0 TOTAL laps=11 crashes=0
t=801.0 TUNER gen=0 results=11/64 pending=7 active=7 remaining=53 next_trial=19 rounds=[3,2,2,2,2,3,2,2]
t=805.8 LZ_REACHED craft=Aircraft_10_nav_r3_15 route=3 outbound=203.2s t=805.8
t=813.4 SPAWN craft=Aircraft_10_nav_r4_19 route=4 candidate=6 trial=19 t=813.4
t=831.1 ==== SUMMARY t=831.1 ====
t=831.1 route=1 laps=2 crashes=0 avg_out=150.8s avg_ret=162.6s avg_lap=325.4s best_lap=318.1
t=831.1 route=2 laps=1 crashes=0 avg_out=192.7s avg_ret=268.4s avg_lap=473.5s best_lap=473.5
t=831.1 route=3 laps=1 crashes=0 avg_out=214.8s avg_ret=270.0s avg_lap=508.3s best_lap=508.3
t=831.1 route=4 laps=2 crashes=0 avg_out=171.3s avg_ret=151.8s avg_lap=335.1s best_lap=333.0
t=831.1 route=5 laps=1 crashes=0 avg_out=254.3s avg_ret=231.6s avg_lap=497.9s best_lap=497.9
t=831.1 route=6 laps=2 crashes=0 avg_out=148.3s avg_ret=141.7s avg_lap=302.1s best_lap=301.2
t=831.1 route=7 laps=1 crashes=0 avg_out=167.6s avg_ret=147.6s avg_lap=327.0s best_lap=327.0
t=831.1 route=8 laps=1 crashes=0 avg_out=174.9s avg_ret=176.5s avg_lap=364.0s best_lap=364.0
t=831.2 TOTAL laps=11 crashes=0
t=831.2 TUNER gen=0 results=11/64 pending=8 active=8 remaining=53 next_trial=20 rounds=[3,2,2,3,2,3,2,2]
t=832.1 LAP_CAPTURE craft=Aircraft_10_nav_r7_12 route=7 return=150.0s lap=329.9s carrier_dist=200m t=832.1
t=848.7 SPAWN craft=Aircraft_10_nav_r7_20 route=7 candidate=1 trial=20 t=848.7
t=861.1 ==== SUMMARY t=861.1 ====
t=861.1 route=1 laps=2 crashes=0 avg_out=150.8s avg_ret=162.6s avg_lap=325.4s best_lap=318.1
t=861.1 route=2 laps=1 crashes=0 avg_out=192.7s avg_ret=268.4s avg_lap=473.5s best_lap=473.5
t=861.1 route=3 laps=1 crashes=0 avg_out=214.8s avg_ret=270.0s avg_lap=508.3s best_lap=508.3
t=861.1 route=4 laps=2 crashes=0 avg_out=171.3s avg_ret=151.8s avg_lap=335.1s best_lap=333.0
t=861.1 route=5 laps=1 crashes=0 avg_out=254.3s avg_ret=231.6s avg_lap=497.9s best_lap=497.9
t=861.1 route=6 laps=2 crashes=0 avg_out=148.3s avg_ret=141.7s avg_lap=302.1s best_lap=301.2
t=861.1 route=7 laps=2 crashes=0 avg_out=167.6s avg_ret=148.8s avg_lap=328.4s best_lap=327.0
t=861.2 route=8 laps=1 crashes=0 avg_out=174.9s avg_ret=176.5s avg_lap=364.0s best_lap=364.0
t=861.2 TOTAL laps=12 crashes=0
t=861.2 TUNER gen=0 results=12/64 pending=8 active=8 remaining=52 next_trial=21 rounds=[3,2,2,3,2,3,3,2]
t=881.4 LZ_REACHED craft=Aircraft_10_nav_r1_17 route=1 outbound=158.4s t=881.4
t=888.7 LZ_REACHED craft=Aircraft_10_nav_r5_16 route=5 outbound=256.0s t=888.7
t=891.1 ==== SUMMARY t=891.1 ====
t=891.1 route=1 laps=2 crashes=0 avg_out=153.3s avg_ret=162.6s avg_lap=325.4s best_lap=318.1
t=891.1 route=2 laps=1 crashes=0 avg_out=192.7s avg_ret=268.4s avg_lap=473.5s best_lap=473.5
t=891.1 route=3 laps=1 crashes=0 avg_out=214.8s avg_ret=270.0s avg_lap=508.3s best_lap=508.3
t=891.2 route=4 laps=2 crashes=0 avg_out=171.3s avg_ret=151.8s avg_lap=335.1s best_lap=333.0
t=891.2 route=5 laps=1 crashes=0 avg_out=255.2s avg_ret=231.6s avg_lap=497.9s best_lap=497.9
t=891.2 route=6 laps=2 crashes=0 avg_out=148.3s avg_ret=141.7s avg_lap=302.1s best_lap=301.2
t=891.2 route=7 laps=2 crashes=0 avg_out=167.6s avg_ret=148.8s avg_lap=328.4s best_lap=327.0
t=891.2 route=8 laps=1 crashes=0 avg_out=174.9s avg_ret=176.5s avg_lap=364.0s best_lap=364.0
t=891.2 TOTAL laps=12 crashes=0
t=891.2 TUNER gen=0 results=12/64 pending=8 active=8 remaining=52 next_trial=21 rounds=[3,2,2,3,2,3,3,2]
t=921.2 ==== SUMMARY t=921.2 ====
t=921.2 route=1 laps=2 crashes=0 avg_out=153.3s avg_ret=162.6s avg_lap=325.4s best_lap=318.1
t=921.2 route=2 laps=1 crashes=0 avg_out=192.7s avg_ret=268.4s avg_lap=473.5s best_lap=473.5
t=921.2 route=3 laps=1 crashes=0 avg_out=214.8s avg_ret=270.0s avg_lap=508.3s best_lap=508.3
t=921.3 route=4 laps=2 crashes=0 avg_out=171.3s avg_ret=151.8s avg_lap=335.1s best_lap=333.0
t=921.3 route=5 laps=1 crashes=0 avg_out=255.2s avg_ret=231.6s avg_lap=497.9s best_lap=497.9
t=921.3 route=6 laps=2 crashes=0 avg_out=148.3s avg_ret=141.7s avg_lap=302.1s best_lap=301.2
t=921.3 route=7 laps=2 crashes=0 avg_out=167.6s avg_ret=148.8s avg_lap=328.4s best_lap=327.0
t=921.3 route=8 laps=1 crashes=0 avg_out=174.9s avg_ret=176.5s avg_lap=364.0s best_lap=364.0
t=921.3 TOTAL laps=12 crashes=0
t=921.3 TUNER gen=0 results=12/64 pending=8 active=8 remaining=52 next_trial=21 rounds=[3,2,2,3,2,3,3,2]
t=938.0 LAP_CAPTURE craft=Aircraft_10_nav_r8_14 route=8 return=174.1s lap=360.6s carrier_dist=200m t=938.0
t=940.9 LZ_REACHED craft=Aircraft_10_nav_r6_18 route=6 outbound=147.6s t=940.9
t=951.3 ==== SUMMARY t=951.3 ====
t=951.3 route=1 laps=2 crashes=0 avg_out=153.3s avg_ret=162.6s avg_lap=325.4s best_lap=318.1
t=951.3 route=2 laps=1 crashes=0 avg_out=192.7s avg_ret=268.4s avg_lap=473.5s best_lap=473.5
t=951.3 route=3 laps=1 crashes=0 avg_out=214.8s avg_ret=270.0s avg_lap=508.3s best_lap=508.3
t=951.3 route=4 laps=2 crashes=0 avg_out=171.3s avg_ret=151.8s avg_lap=335.1s best_lap=333.0
t=951.3 route=5 laps=1 crashes=0 avg_out=255.2s avg_ret=231.6s avg_lap=497.9s best_lap=497.9
t=951.3 route=6 laps=2 crashes=0 avg_out=148.1s avg_ret=141.7s avg_lap=302.1s best_lap=301.2
t=951.3 route=7 laps=2 crashes=0 avg_out=167.6s avg_ret=148.8s avg_lap=328.4s best_lap=327.0
t=951.3 route=8 laps=2 crashes=0 avg_out=174.9s avg_ret=175.3s avg_lap=362.3s best_lap=360.6
t=951.4 TOTAL laps=13 crashes=0
t=951.4 TUNER gen=0 results=13/64 pending=8 active=8 remaining=51 next_trial=22 rounds=[3,2,2,3,2,3,3,3]
t=954.1 SPAWN craft=Aircraft_10_nav_r8_21 route=8 candidate=2 trial=21 t=954.1
t=981.3 ==== SUMMARY t=981.3 ====
t=981.3 route=1 laps=2 crashes=0 avg_out=153.3s avg_ret=162.6s avg_lap=325.4s best_lap=318.1
t=981.3 route=2 laps=1 crashes=0 avg_out=192.7s avg_ret=268.4s avg_lap=473.5s best_lap=473.5
t=981.4 route=3 laps=1 crashes=0 avg_out=214.8s avg_ret=270.0s avg_lap=508.3s best_lap=508.3
t=981.4 route=4 laps=2 crashes=0 avg_out=171.3s avg_ret=151.8s avg_lap=335.1s best_lap=333.0
t=981.4 route=5 laps=1 crashes=0 avg_out=255.2s avg_ret=231.6s avg_lap=497.9s best_lap=497.9
t=981.4 route=6 laps=2 crashes=0 avg_out=148.1s avg_ret=141.7s avg_lap=302.1s best_lap=301.2
t=981.4 route=7 laps=2 crashes=0 avg_out=167.6s avg_ret=148.8s avg_lap=328.4s best_lap=327.0
t=981.4 route=8 laps=2 crashes=0 avg_out=174.9s avg_ret=175.3s avg_lap=362.3s best_lap=360.6
t=981.4 TOTAL laps=13 crashes=0
t=981.4 TUNER gen=0 results=13/64 pending=8 active=8 remaining=51 next_trial=22 rounds=[3,2,2,3,2,3,3,3]
t=993.5 LZ_REACHED craft=Aircraft_10_nav_r4_19 route=4 outbound=180.2s t=993.5
t=1002.8 LAP_CAPTURE craft=Aircraft_10_nav_r2_13 route=2 return=241.2s lap=445.6s carrier_dist=200m t=1002.8
t=1011.4 ==== SUMMARY t=1011.4 ====
t=1011.4 route=1 laps=2 crashes=0 avg_out=153.3s avg_ret=162.6s avg_lap=325.4s best_lap=318.1
t=1011.4 route=2 laps=2 crashes=0 avg_out=192.7s avg_ret=254.8s avg_lap=459.6s best_lap=445.6
t=1011.4 route=3 laps=1 crashes=0 avg_out=214.8s avg_ret=270.0s avg_lap=508.3s best_lap=508.3
t=1011.4 route=4 laps=2 crashes=0 avg_out=174.3s avg_ret=151.8s avg_lap=335.1s best_lap=333.0
t=1011.4 route=5 laps=1 crashes=0 avg_out=255.2s avg_ret=231.6s avg_lap=497.9s best_lap=497.9
t=1011.4 route=6 laps=2 crashes=0 avg_out=148.1s avg_ret=141.7s avg_lap=302.1s best_lap=301.2
t=1011.4 route=7 laps=2 crashes=0 avg_out=167.6s avg_ret=148.8s avg_lap=328.4s best_lap=327.0
t=1011.4 route=8 laps=2 crashes=0 avg_out=174.9s avg_ret=175.3s avg_lap=362.3s best_lap=360.6
t=1011.4 TOTAL laps=14 crashes=0
t=1011.4 TUNER gen=0 results=14/64 pending=7 active=7 remaining=50 next_trial=22 rounds=[3,2,2,3,2,3,3,3]
t=1016.6 LZ_REACHED craft=Aircraft_10_nav_r7_20 route=7 outbound=168.0s t=1016.6
t=1019.3 SPAWN craft=Aircraft_10_nav_r2_22 route=2 candidate=4 trial=22 t=1019.3
t=1041.5 ==== SUMMARY t=1041.5 ====
t=1041.5 route=1 laps=2 crashes=0 avg_out=153.3s avg_ret=162.6s avg_lap=325.4s best_lap=318.1
t=1041.5 route=2 laps=2 crashes=0 avg_out=192.7s avg_ret=254.8s avg_lap=459.6s best_lap=445.6
t=1041.5 route=3 laps=1 crashes=0 avg_out=214.8s avg_ret=270.0s avg_lap=508.3s best_lap=508.3
t=1041.5 route=4 laps=2 crashes=0 avg_out=174.3s avg_ret=151.8s avg_lap=335.1s best_lap=333.0
t=1041.5 route=5 laps=1 crashes=0 avg_out=255.2s avg_ret=231.6s avg_lap=497.9s best_lap=497.9
t=1041.5 route=6 laps=2 crashes=0 avg_out=148.1s avg_ret=141.7s avg_lap=302.1s best_lap=301.2
t=1041.5 route=7 laps=2 crashes=0 avg_out=167.7s avg_ret=148.8s avg_lap=328.4s best_lap=327.0
t=1041.5 route=8 laps=2 crashes=0 avg_out=174.9s avg_ret=175.3s avg_lap=362.3s best_lap=360.6
t=1041.5 TOTAL laps=14 crashes=0
t=1041.5 TUNER gen=0 results=14/64 pending=8 active=8 remaining=50 next_trial=23 rounds=[3,3,2,3,2,3,3,3]
t=1050.3 LAP_CAPTURE craft=Aircraft_10_nav_r3_15 route=3 return=232.4s lap=447.7s carrier_dist=200m t=1050.3
t=1056.0 LAP_CAPTURE craft=Aircraft_10_nav_r1_17 route=1 return=162.5s lap=333.0s carrier_dist=200m t=1056.0
t=1059.3 LAUNCH_BLOCKED reason=cleared_unready_nav_deck_aircraft active=6 stored=1 no_active_s=0.0 state=IDLE tractor_cleanup=false elevator_transfer=false deck=Aircraft_10_nav_r2_22 pending=none clearance=none queue=0
t=1071.5 ==== SUMMARY t=1071.5 ====
t=1071.5 route=1 laps=3 crashes=0 avg_out=153.3s avg_ret=162.6s avg_lap=327.9s best_lap=318.1
t=1071.5 route=2 laps=2 crashes=0 avg_out=192.7s avg_ret=254.8s avg_lap=459.6s best_lap=445.6
t=1071.5 route=3 laps=2 crashes=0 avg_out=214.8s avg_ret=251.2s avg_lap=478.0s best_lap=447.7
t=1071.5 route=4 laps=2 crashes=0 avg_out=174.3s avg_ret=151.8s avg_lap=335.1s best_lap=333.0
t=1071.5 route=5 laps=1 crashes=0 avg_out=255.2s avg_ret=231.6s avg_lap=497.9s best_lap=497.9
t=1071.5 route=6 laps=2 crashes=0 avg_out=148.1s avg_ret=141.7s avg_lap=302.1s best_lap=301.2
t=1071.5 route=7 laps=2 crashes=0 avg_out=167.7s avg_ret=148.8s avg_lap=328.4s best_lap=327.0
t=1071.6 route=8 laps=2 crashes=0 avg_out=174.9s avg_ret=175.3s avg_lap=362.3s best_lap=360.6
t=1071.6 TOTAL laps=16 crashes=0
t=1071.6 TUNER gen=0 results=16/64 pending=7 active=7 remaining=48 next_trial=24 rounds=[3,3,3,3,2,3,3,3]
t=1074.5 LAUNCH_BLOCKED reason=deck_busy active=7 stored=1 no_active_s=0.0 state=AIRCRAFT_ON_DECK tractor_cleanup=false elevator_transfer=false deck=Aircraft_10_nav_r3_23 pending=none clearance=none queue=0
t=1074.6 SPAWN craft=Aircraft_10_nav_r3_23 route=3 candidate=5 trial=23 t=1074.6
t=1094.8 SPAWN craft=Aircraft_10_nav_r1_24 route=1 candidate=4 trial=24 t=1094.8
t=1095.6 LAP_CAPTURE craft=Aircraft_10_nav_r6_18 route=6 return=142.7s lap=302.3s carrier_dist=200m t=1095.6
t=1101.5 ==== SUMMARY t=1101.5 ====
t=1101.5 route=1 laps=3 crashes=0 avg_out=153.3s avg_ret=162.6s avg_lap=327.9s best_lap=318.1
t=1101.5 route=2 laps=2 crashes=0 avg_out=192.7s avg_ret=254.8s avg_lap=459.6s best_lap=445.6
t=1101.6 route=3 laps=2 crashes=0 avg_out=214.8s avg_ret=251.2s avg_lap=478.0s best_lap=447.7
t=1101.6 route=4 laps=2 crashes=0 avg_out=174.3s avg_ret=151.8s avg_lap=335.1s best_lap=333.0
t=1101.6 route=5 laps=1 crashes=0 avg_out=255.2s avg_ret=231.6s avg_lap=497.9s best_lap=497.9
t=1101.6 route=6 laps=3 crashes=0 avg_out=148.1s avg_ret=142.0s avg_lap=302.2s best_lap=301.2
t=1101.6 route=7 laps=2 crashes=0 avg_out=167.7s avg_ret=148.8s avg_lap=328.4s best_lap=327.0
t=1101.6 route=8 laps=2 crashes=0 avg_out=174.9s avg_ret=175.3s avg_lap=362.3s best_lap=360.6
t=1101.6 TOTAL laps=17 crashes=0
t=1101.6 TUNER gen=0 results=17/64 pending=7 active=7 remaining=47 next_trial=25 rounds=[4,3,3,3,2,3,3,3]
t=1114.8 SPAWN craft=Aircraft_10_nav_r6_25 route=6 candidate=1 trial=25 t=1114.8
t=1128.0 LZ_REACHED craft=Aircraft_10_nav_r8_21 route=8 outbound=173.9s t=1128.0
t=1131.6 ==== SUMMARY t=1131.6 ====
t=1131.6 route=1 laps=3 crashes=0 avg_out=153.3s avg_ret=162.6s avg_lap=327.9s best_lap=318.1
t=1131.6 route=2 laps=2 crashes=0 avg_out=192.7s avg_ret=254.8s avg_lap=459.6s best_lap=445.6
t=1131.6 route=3 laps=2 crashes=0 avg_out=214.8s avg_ret=251.2s avg_lap=478.0s best_lap=447.7
t=1131.6 route=4 laps=2 crashes=0 avg_out=174.3s avg_ret=151.8s avg_lap=335.1s best_lap=333.0
t=1131.6 route=5 laps=1 crashes=0 avg_out=255.2s avg_ret=231.6s avg_lap=497.9s best_lap=497.9
t=1131.6 route=6 laps=3 crashes=0 avg_out=148.1s avg_ret=142.0s avg_lap=302.2s best_lap=301.2
t=1131.6 route=7 laps=2 crashes=0 avg_out=167.7s avg_ret=148.8s avg_lap=328.4s best_lap=327.0
t=1131.6 route=8 laps=2 crashes=0 avg_out=174.6s avg_ret=175.3s avg_lap=362.3s best_lap=360.6
t=1131.7 TOTAL laps=17 crashes=0
t=1131.7 TUNER gen=0 results=17/64 pending=8 active=8 remaining=47 next_trial=26 rounds=[4,3,3,3,2,4,3,3]
t=1132.7 LAP_CAPTURE craft=Aircraft_10_nav_r5_16 route=5 return=232.0s lap=500.0s carrier_dist=200m t=1132.7
t=1150.1 SPAWN craft=Aircraft_10_nav_r5_26 route=5 candidate=7 trial=26 t=1150.1
t=1161.7 ==== SUMMARY t=1161.7 ====
t=1161.7 route=1 laps=3 crashes=0 avg_out=153.3s avg_ret=162.6s avg_lap=327.9s best_lap=318.1
t=1161.7 route=2 laps=2 crashes=0 avg_out=192.7s avg_ret=254.8s avg_lap=459.6s best_lap=445.6
t=1161.7 route=3 laps=2 crashes=0 avg_out=214.8s avg_ret=251.2s avg_lap=478.0s best_lap=447.7
t=1161.7 route=4 laps=2 crashes=0 avg_out=174.3s avg_ret=151.8s avg_lap=335.1s best_lap=333.0
t=1161.7 route=5 laps=2 crashes=0 avg_out=255.2s avg_ret=231.8s avg_lap=499.0s best_lap=497.9
t=1161.7 route=6 laps=3 crashes=0 avg_out=148.1s avg_ret=142.0s avg_lap=302.2s best_lap=301.2
t=1161.8 route=7 laps=2 crashes=0 avg_out=167.7s avg_ret=148.8s avg_lap=328.4s best_lap=327.0
t=1161.8 route=8 laps=2 crashes=0 avg_out=174.6s avg_ret=175.3s avg_lap=362.3s best_lap=360.6
t=1161.8 TOTAL laps=18 crashes=0
t=1161.8 TUNER gen=0 results=18/64 pending=8 active=8 remaining=46 next_trial=27 rounds=[4,3,3,3,3,4,3,3]
t=1162.5 LAP_CAPTURE craft=Aircraft_10_nav_r4_19 route=4 return=156.9s lap=349.1s carrier_dist=200m t=1162.5
t=1175.6 LAP_CAPTURE craft=Aircraft_10_nav_r7_20 route=7 return=146.9s lap=326.9s carrier_dist=200m t=1175.6
t=1178.2 LZ_REACHED craft=Aircraft_10_nav_r2_22 route=2 outbound=158.9s t=1178.2
t=1180.2 SPAWN craft=Aircraft_10_nav_r4_27 route=4 candidate=7 trial=27 t=1180.2
t=1185.0 LAUNCH_BLOCKED reason=cleared_unready_nav_deck_aircraft active=7 stored=1 no_active_s=0.0 state=IDLE tractor_cleanup=false elevator_transfer=false deck=Aircraft_10_nav_r4_27 pending=none clearance=none queue=0
t=1191.8 ==== SUMMARY t=1191.8 ====
t=1191.8 route=1 laps=3 crashes=0 avg_out=153.3s avg_ret=162.6s avg_lap=327.9s best_lap=318.1
t=1191.8 route=2 laps=2 crashes=0 avg_out=181.4s avg_ret=254.8s avg_lap=459.6s best_lap=445.6
t=1191.8 route=3 laps=2 crashes=0 avg_out=214.8s avg_ret=251.2s avg_lap=478.0s best_lap=447.7
t=1191.8 route=4 laps=3 crashes=0 avg_out=174.3s avg_ret=153.5s avg_lap=339.8s best_lap=333.0
t=1191.8 route=5 laps=2 crashes=0 avg_out=255.2s avg_ret=231.8s avg_lap=499.0s best_lap=497.9
t=1191.8 route=6 laps=3 crashes=0 avg_out=148.1s avg_ret=142.0s avg_lap=302.2s best_lap=301.2
t=1191.8 route=7 laps=3 crashes=0 avg_out=167.7s avg_ret=148.2s avg_lap=327.9s best_lap=326.9
t=1191.8 route=8 laps=2 crashes=0 avg_out=174.6s avg_ret=175.3s avg_lap=362.3s best_lap=360.6
t=1191.8 TOTAL laps=20 crashes=0
t=1191.8 TUNER gen=0 results=20/64 pending=7 active=7 remaining=44 next_trial=28 rounds=[4,3,3,4,3,4,3,3]
t=1200.4 SPAWN craft=Aircraft_10_nav_r7_28 route=7 candidate=2 trial=28 t=1200.4
t=1222.0 ==== SUMMARY t=1222.0 ====
t=1222.0 route=1 laps=3 crashes=0 avg_out=153.3s avg_ret=162.6s avg_lap=327.9s best_lap=318.1
t=1222.0 route=2 laps=2 crashes=0 avg_out=181.4s avg_ret=254.8s avg_lap=459.6s best_lap=445.6
t=1222.0 route=3 laps=2 crashes=0 avg_out=214.8s avg_ret=251.2s avg_lap=478.0s best_lap=447.7
t=1222.0 route=4 laps=3 crashes=0 avg_out=174.3s avg_ret=153.5s avg_lap=339.8s best_lap=333.0
t=1222.0 route=5 laps=2 crashes=0 avg_out=255.2s avg_ret=231.8s avg_lap=499.0s best_lap=497.9
t=1222.0 route=6 laps=3 crashes=0 avg_out=148.1s avg_ret=142.0s avg_lap=302.2s best_lap=301.2
t=1222.0 route=7 laps=3 crashes=0 avg_out=167.7s avg_ret=148.2s avg_lap=327.9s best_lap=326.9
t=1222.0 route=8 laps=2 crashes=0 avg_out=174.6s avg_ret=175.3s avg_lap=362.3s best_lap=360.6
t=1222.0 TOTAL laps=20 crashes=0
t=1222.0 TUNER gen=0 results=20/64 pending=8 active=8 remaining=44 next_trial=29 rounds=[4,3,3,4,3,4,4,3]
t=1229.8 CRASH craft=Aircraft_10_nav_r2_22 route=2 phase=2 t=1229.8
t=1245.6 SPAWN craft=Aircraft_10_nav_r2_29 route=2 candidate=5 trial=29 t=1245.6
t=1251.0 LZ_REACHED craft=Aircraft_10_nav_r1_24 route=1 outbound=156.2s t=1251.0
t=1252.0 ==== SUMMARY t=1252.0 ====
t=1252.0 route=1 laps=3 crashes=0 avg_out=154.0s avg_ret=162.6s avg_lap=327.9s best_lap=318.1
t=1252.0 route=2 laps=2 crashes=1 avg_out=181.4s avg_ret=254.8s avg_lap=459.6s best_lap=445.6
t=1252.0 route=3 laps=2 crashes=0 avg_out=214.8s avg_ret=251.2s avg_lap=478.0s best_lap=447.7
t=1252.0 route=4 laps=3 crashes=0 avg_out=174.3s avg_ret=153.5s avg_lap=339.8s best_lap=333.0
t=1252.0 route=5 laps=2 crashes=0 avg_out=255.2s avg_ret=231.8s avg_lap=499.0s best_lap=497.9
t=1252.0 route=6 laps=3 crashes=0 avg_out=148.1s avg_ret=142.0s avg_lap=302.2s best_lap=301.2
t=1252.0 route=7 laps=3 crashes=0 avg_out=167.7s avg_ret=148.2s avg_lap=327.9s best_lap=326.9
t=1252.0 route=8 laps=2 crashes=0 avg_out=174.6s avg_ret=175.3s avg_lap=362.3s best_lap=360.6
t=1252.1 TOTAL laps=20 crashes=1
t=1252.1 TUNER gen=0 results=21/64 pending=8 active=8 remaining=43 next_trial=30 rounds=[4,4,3,4,3,4,4,3]
t=1262.2 LZ_REACHED craft=Aircraft_10_nav_r6_25 route=6 outbound=147.4s t=1262.2
t=1282.1 ==== SUMMARY t=1282.1 ====
t=1282.1 route=1 laps=3 crashes=0 avg_out=154.0s avg_ret=162.6s avg_lap=327.9s best_lap=318.1
t=1282.1 route=2 laps=2 crashes=1 avg_out=181.4s avg_ret=254.8s avg_lap=459.6s best_lap=445.6
t=1282.1 route=3 laps=2 crashes=0 avg_out=214.8s avg_ret=251.2s avg_lap=478.0s best_lap=447.7
t=1282.1 route=4 laps=3 crashes=0 avg_out=174.3s avg_ret=153.5s avg_lap=339.8s best_lap=333.0
t=1282.1 route=5 laps=2 crashes=0 avg_out=255.2s avg_ret=231.8s avg_lap=499.0s best_lap=497.9
t=1282.1 route=6 laps=3 crashes=0 avg_out=147.9s avg_ret=142.0s avg_lap=302.2s best_lap=301.2
t=1282.1 route=7 laps=3 crashes=0 avg_out=167.7s avg_ret=148.2s avg_lap=327.9s best_lap=326.9
t=1282.1 route=8 laps=2 crashes=0 avg_out=174.6s avg_ret=175.3s avg_lap=362.3s best_lap=360.6
t=1282.1 TOTAL laps=20 crashes=1
t=1282.1 TUNER gen=0 results=21/64 pending=8 active=8 remaining=43 next_trial=30 rounds=[4,4,3,4,3,4,4,3]
t=1288.6 LZ_REACHED craft=Aircraft_10_nav_r3_23 route=3 outbound=214.0s t=1288.6
t=1312.2 ==== SUMMARY t=1312.2 ====
t=1312.2 route=1 laps=3 crashes=0 avg_out=154.0s avg_ret=162.6s avg_lap=327.9s best_lap=318.1
t=1312.2 route=2 laps=2 crashes=1 avg_out=181.4s avg_ret=254.8s avg_lap=459.6s best_lap=445.6
t=1312.2 route=3 laps=2 crashes=0 avg_out=214.5s avg_ret=251.2s avg_lap=478.0s best_lap=447.7
t=1312.2 route=4 laps=3 crashes=0 avg_out=174.3s avg_ret=153.5s avg_lap=339.8s best_lap=333.0
t=1312.2 route=5 laps=2 crashes=0 avg_out=255.2s avg_ret=231.8s avg_lap=499.0s best_lap=497.9
t=1312.2 route=6 laps=3 crashes=0 avg_out=147.9s avg_ret=142.0s avg_lap=302.2s best_lap=301.2
t=1312.2 route=7 laps=3 crashes=0 avg_out=167.7s avg_ret=148.2s avg_lap=327.9s best_lap=326.9
t=1312.2 route=8 laps=2 crashes=0 avg_out=174.6s avg_ret=175.3s avg_lap=362.3s best_lap=360.6
t=1312.2 TOTAL laps=20 crashes=1
t=1312.2 TUNER gen=0 results=21/64 pending=8 active=8 remaining=43 next_trial=30 rounds=[4,4,3,4,3,4,4,3]
t=1318.8 LAP_CAPTURE craft=Aircraft_10_nav_r8_21 route=8 return=178.8s lap=364.7s carrier_dist=200m t=1318.8
t=1336.0 SPAWN craft=Aircraft_10_nav_r8_30 route=8 candidate=3 trial=30 t=1336.0
t=1342.2 ==== SUMMARY t=1342.2 ====
t=1342.2 route=1 laps=3 crashes=0 avg_out=154.0s avg_ret=162.6s avg_lap=327.9s best_lap=318.1
t=1342.2 route=2 laps=2 crashes=1 avg_out=181.4s avg_ret=254.8s avg_lap=459.6s best_lap=445.6
t=1342.2 route=3 laps=2 crashes=0 avg_out=214.5s avg_ret=251.2s avg_lap=478.0s best_lap=447.7
t=1342.2 route=4 laps=3 crashes=0 avg_out=174.3s avg_ret=153.5s avg_lap=339.8s best_lap=333.0
t=1342.2 route=5 laps=2 crashes=0 avg_out=255.2s avg_ret=231.8s avg_lap=499.0s best_lap=497.9
t=1342.2 route=6 laps=3 crashes=0 avg_out=147.9s avg_ret=142.0s avg_lap=302.2s best_lap=301.2
t=1342.2 route=7 laps=3 crashes=0 avg_out=167.7s avg_ret=148.2s avg_lap=327.9s best_lap=326.9
t=1342.2 route=8 laps=3 crashes=0 avg_out=174.6s avg_ret=176.5s avg_lap=363.1s best_lap=360.6
t=1342.2 TOTAL laps=21 crashes=1
t=1342.2 TUNER gen=0 results=22/64 pending=8 active=8 remaining=42 next_trial=31 rounds=[4,4,3,4,3,4,4,4]
t=1351.3 LZ_REACHED craft=Aircraft_10_nav_r4_27 route=4 outbound=171.0s t=1351.3
t=1372.3 ==== SUMMARY t=1372.3 ====
t=1372.3 route=1 laps=3 crashes=0 avg_out=154.0s avg_ret=162.6s avg_lap=327.9s best_lap=318.1
t=1372.3 route=2 laps=2 crashes=1 avg_out=181.4s avg_ret=254.8s avg_lap=459.6s best_lap=445.6
t=1372.3 route=3 laps=2 crashes=0 avg_out=214.5s avg_ret=251.2s avg_lap=478.0s best_lap=447.7
t=1372.3 route=4 laps=3 crashes=0 avg_out=173.4s avg_ret=153.5s avg_lap=339.8s best_lap=333.0
t=1372.3 route=5 laps=2 crashes=0 avg_out=255.2s avg_ret=231.8s avg_lap=499.0s best_lap=497.9
t=1372.3 route=6 laps=3 crashes=0 avg_out=147.9s avg_ret=142.0s avg_lap=302.2s best_lap=301.2
t=1372.3 route=7 laps=3 crashes=0 avg_out=167.7s avg_ret=148.2s avg_lap=327.9s best_lap=326.9
t=1372.3 route=8 laps=3 crashes=0 avg_out=174.6s avg_ret=176.5s avg_lap=363.1s best_lap=360.6
t=1372.3 TOTAL laps=21 crashes=1
t=1372.3 TUNER gen=0 results=22/64 pending=8 active=8 remaining=42 next_trial=31 rounds=[4,4,3,4,3,4,4,4]
t=1374.7 LZ_REACHED craft=Aircraft_10_nav_r7_28 route=7 outbound=174.3s t=1374.7
t=1402.3 ==== SUMMARY t=1402.3 ====
t=1402.3 route=1 laps=3 crashes=0 avg_out=154.0s avg_ret=162.6s avg_lap=327.9s best_lap=318.1
t=1402.3 route=2 laps=2 crashes=1 avg_out=181.4s avg_ret=254.8s avg_lap=459.6s best_lap=445.6
t=1402.3 route=3 laps=2 crashes=0 avg_out=214.5s avg_ret=251.2s avg_lap=478.0s best_lap=447.7
t=1402.3 route=4 laps=3 crashes=0 avg_out=173.4s avg_ret=153.5s avg_lap=339.8s best_lap=333.0
t=1402.3 route=5 laps=2 crashes=0 avg_out=255.2s avg_ret=231.8s avg_lap=499.0s best_lap=497.9
t=1402.3 route=6 laps=3 crashes=0 avg_out=147.9s avg_ret=142.0s avg_lap=302.2s best_lap=301.2
t=1402.3 route=7 laps=3 crashes=0 avg_out=169.4s avg_ret=148.2s avg_lap=327.9s best_lap=326.9
t=1402.3 route=8 laps=3 crashes=0 avg_out=174.6s avg_ret=176.5s avg_lap=363.1s best_lap=360.6
t=1402.3 TOTAL laps=21 crashes=1
t=1402.3 TUNER gen=0 results=22/64 pending=8 active=8 remaining=42 next_trial=31 rounds=[4,4,3,4,3,4,4,4]
t=1403.0 LZ_REACHED craft=Aircraft_10_nav_r5_26 route=5 outbound=252.9s t=1403.0
t=1415.9 LAP_CAPTURE craft=Aircraft_10_nav_r6_25 route=6 return=141.7s lap=301.1s carrier_dist=200m t=1415.9
t=1421.3 LAUNCH_BLOCKED reason=landing_or_storage_busy active=7 stored=1 no_active_s=0.0 state=IDLE tractor_cleanup=false elevator_transfer=false deck=Aircraft_10_nav_r8_30 pending=none clearance=Aircraft_10_nav_r1_24 queue=0
t=1424.5 LAP_CAPTURE craft=Aircraft_10_nav_r1_24 route=1 return=161.4s lap=329.7s carrier_dist=200m t=1424.5
t=1430.1 LZ_REACHED craft=Aircraft_10_nav_r2_29 route=2 outbound=184.5s t=1430.1
t=1432.4 ==== SUMMARY t=1432.4 ====
t=1432.4 route=1 laps=4 crashes=0 avg_out=154.0s avg_ret=162.3s avg_lap=328.4s best_lap=318.1
t=1432.4 route=2 laps=2 crashes=1 avg_out=182.2s avg_ret=254.8s avg_lap=459.6s best_lap=445.6
t=1432.4 route=3 laps=2 crashes=0 avg_out=214.5s avg_ret=251.2s avg_lap=478.0s best_lap=447.7
t=1432.4 route=4 laps=3 crashes=0 avg_out=173.4s avg_ret=153.5s avg_lap=339.8s best_lap=333.0
t=1432.4 route=5 laps=2 crashes=0 avg_out=254.4s avg_ret=231.8s avg_lap=499.0s best_lap=497.9
t=1432.4 route=6 laps=4 crashes=0 avg_out=147.9s avg_ret=141.9s avg_lap=301.9s best_lap=301.1
t=1432.4 route=7 laps=3 crashes=0 avg_out=169.4s avg_ret=148.2s avg_lap=327.9s best_lap=326.9
t=1432.4 route=8 laps=3 crashes=0 avg_out=174.6s avg_ret=176.5s avg_lap=363.1s best_lap=360.6
t=1432.4 TOTAL laps=23 crashes=1
t=1432.5 TUNER gen=0 results=24/64 pending=6 active=6 remaining=40 next_trial=31 rounds=[4,4,3,4,3,4,4,4]
t=1436.3 LAUNCH_BLOCKED reason=deck_busy active=7 stored=1 no_active_s=0.0 state=AIRCRAFT_ON_DECK tractor_cleanup=false elevator_transfer=true deck=Aircraft_10_nav_r6_31 pending=none clearance=none queue=0
t=1441.5 SPAWN craft=Aircraft_10_nav_r6_31 route=6 candidate=2 trial=31 t=1441.5
t=1461.6 SPAWN craft=Aircraft_10_nav_r1_32 route=1 candidate=5 trial=32 t=1461.6
t=1462.4 ==== SUMMARY t=1462.4 ====
t=1462.4 route=1 laps=4 crashes=0 avg_out=154.0s avg_ret=162.3s avg_lap=328.4s best_lap=318.1
t=1462.4 route=2 laps=2 crashes=1 avg_out=182.2s avg_ret=254.8s avg_lap=459.6s best_lap=445.6
t=1462.4 route=3 laps=2 crashes=0 avg_out=214.5s avg_ret=251.2s avg_lap=478.0s best_lap=447.7
t=1462.4 route=4 laps=3 crashes=0 avg_out=173.4s avg_ret=153.5s avg_lap=339.8s best_lap=333.0
t=1462.4 route=5 laps=2 crashes=0 avg_out=254.4s avg_ret=231.8s avg_lap=499.0s best_lap=497.9
t=1462.4 route=6 laps=4 crashes=0 avg_out=147.9s avg_ret=141.9s avg_lap=301.9s best_lap=301.1
t=1462.4 route=7 laps=3 crashes=0 avg_out=169.4s avg_ret=148.2s avg_lap=327.9s best_lap=326.9
t=1462.4 route=8 laps=3 crashes=0 avg_out=174.6s avg_ret=176.5s avg_lap=363.1s best_lap=360.6
t=1462.5 TOTAL laps=23 crashes=1
t=1462.5 TUNER gen=0 results=24/64 pending=8 active=8 remaining=40 next_trial=33 rounds=[5,4,3,4,3,5,4,4]
t=1492.5 ==== SUMMARY t=1492.5 ====
t=1492.5 route=1 laps=4 crashes=0 avg_out=154.0s avg_ret=162.3s avg_lap=328.4s best_lap=318.1
t=1492.5 route=2 laps=2 crashes=1 avg_out=182.2s avg_ret=254.8s avg_lap=459.6s best_lap=445.6
t=1492.5 route=3 laps=2 crashes=0 avg_out=214.5s avg_ret=251.2s avg_lap=478.0s best_lap=447.7
t=1492.5 route=4 laps=3 crashes=0 avg_out=173.4s avg_ret=153.5s avg_lap=339.8s best_lap=333.0
t=1492.5 route=5 laps=2 crashes=0 avg_out=254.4s avg_ret=231.8s avg_lap=499.0s best_lap=497.9
t=1492.5 route=6 laps=4 crashes=0 avg_out=147.9s avg_ret=141.9s avg_lap=301.9s best_lap=301.1
t=1492.5 route=7 laps=3 crashes=0 avg_out=169.4s avg_ret=148.2s avg_lap=327.9s best_lap=326.9
t=1492.5 route=8 laps=3 crashes=0 avg_out=174.6s avg_ret=176.5s avg_lap=363.1s best_lap=360.6
t=1492.5 TOTAL laps=23 crashes=1
t=1492.5 TUNER gen=0 results=24/64 pending=8 active=8 remaining=40 next_trial=33 rounds=[5,4,3,4,3,5,4,4]
t=1517.9 LZ_REACHED craft=Aircraft_10_nav_r8_30 route=8 outbound=181.9s t=1517.9
t=1518.0 LAP_CAPTURE craft=Aircraft_10_nav_r4_27 route=4 return=154.7s lap=337.7s carrier_dist=200m t=1518.0
t=1522.5 ==== SUMMARY t=1522.5 ====
t=1522.5 route=1 laps=4 crashes=0 avg_out=154.0s avg_ret=162.3s avg_lap=328.4s best_lap=318.1
t=1522.5 route=2 laps=2 crashes=1 avg_out=182.2s avg_ret=254.8s avg_lap=459.6s best_lap=445.6
t=1522.5 route=3 laps=2 crashes=0 avg_out=214.5s avg_ret=251.2s avg_lap=478.0s best_lap=447.7
t=1522.5 route=4 laps=4 crashes=0 avg_out=173.4s avg_ret=153.8s avg_lap=339.3s best_lap=333.0
t=1522.5 route=5 laps=2 crashes=0 avg_out=254.4s avg_ret=231.8s avg_lap=499.0s best_lap=497.9
t=1522.5 route=6 laps=4 crashes=0 avg_out=147.9s avg_ret=141.9s avg_lap=301.9s best_lap=301.1
t=1522.5 route=7 laps=3 crashes=0 avg_out=169.4s avg_ret=148.2s avg_lap=327.9s best_lap=326.9
t=1522.5 route=8 laps=3 crashes=0 avg_out=176.4s avg_ret=176.5s avg_lap=363.1s best_lap=360.6
t=1522.5 TOTAL laps=24 crashes=1
t=1522.5 TUNER gen=0 results=25/64 pending=7 active=7 remaining=39 next_trial=33 rounds=[5,4,3,4,3,5,4,4]
t=1536.1 LAP_CAPTURE craft=Aircraft_10_nav_r7_28 route=7 return=149.5s lap=335.7s carrier_dist=200m t=1536.1
t=1537.1 SPAWN craft=Aircraft_10_nav_r4_33 route=4 candidate=8 trial=33 t=1537.1
t=1541.9 LAUNCH_BLOCKED reason=cleared_unready_nav_deck_aircraft active=7 stored=1 no_active_s=0.0 state=IDLE tractor_cleanup=false elevator_transfer=false deck=Aircraft_10_nav_r4_33 pending=none clearance=none queue=0
t=1552.7 ==== SUMMARY t=1552.7 ====
t=1552.7 route=1 laps=4 crashes=0 avg_out=154.0s avg_ret=162.3s avg_lap=328.4s best_lap=318.1
t=1552.7 route=2 laps=2 crashes=1 avg_out=182.2s avg_ret=254.8s avg_lap=459.6s best_lap=445.6
t=1552.7 route=3 laps=2 crashes=0 avg_out=214.5s avg_ret=251.2s avg_lap=478.0s best_lap=447.7
t=1552.7 route=4 laps=4 crashes=0 avg_out=173.4s avg_ret=153.8s avg_lap=339.3s best_lap=333.0
t=1552.7 route=5 laps=2 crashes=0 avg_out=254.4s avg_ret=231.8s avg_lap=499.0s best_lap=497.9
t=1552.7 route=6 laps=4 crashes=0 avg_out=147.9s avg_ret=141.9s avg_lap=301.9s best_lap=301.1
t=1552.7 route=7 laps=4 crashes=0 avg_out=169.4s avg_ret=148.5s avg_lap=329.9s best_lap=326.9
t=1552.7 route=8 laps=3 crashes=0 avg_out=176.4s avg_ret=176.5s avg_lap=363.1s best_lap=360.6
t=1552.7 TOTAL laps=25 crashes=1
t=1552.7 TUNER gen=0 results=26/64 pending=8 active=8 remaining=38 next_trial=35 rounds=[5,4,3,5,3,5,5,4]
t=1557.2 SPAWN craft=Aircraft_10_nav_r7_34 route=7 candidate=3 trial=34 t=1557.2
t=1559.4 LAP_CAPTURE craft=Aircraft_10_nav_r3_23 route=3 return=258.8s lap=484.8s carrier_dist=200m t=1559.4
t=1577.4 SPAWN craft=Aircraft_10_nav_r3_35 route=3 candidate=6 trial=35 t=1577.4
t=1582.8 ==== SUMMARY t=1582.8 ====
t=1582.8 route=1 laps=4 crashes=0 avg_out=154.0s avg_ret=162.3s avg_lap=328.4s best_lap=318.1
t=1582.8 route=2 laps=2 crashes=1 avg_out=182.2s avg_ret=254.8s avg_lap=459.6s best_lap=445.6
t=1582.8 route=3 laps=3 crashes=0 avg_out=214.5s avg_ret=253.7s avg_lap=480.3s best_lap=447.7
t=1582.8 route=4 laps=4 crashes=0 avg_out=173.4s avg_ret=153.8s avg_lap=339.3s best_lap=333.0
t=1582.8 route=5 laps=2 crashes=0 avg_out=254.4s avg_ret=231.8s avg_lap=499.0s best_lap=497.9
t=1582.8 route=6 laps=4 crashes=0 avg_out=147.9s avg_ret=141.9s avg_lap=301.9s best_lap=301.1
t=1582.8 route=7 laps=4 crashes=0 avg_out=169.4s avg_ret=148.5s avg_lap=329.9s best_lap=326.9
t=1582.8 route=8 laps=3 crashes=0 avg_out=176.4s avg_ret=176.5s avg_lap=363.1s best_lap=360.6
t=1582.8 TOTAL laps=26 crashes=1
t=1582.8 TUNER gen=0 results=27/64 pending=8 active=8 remaining=37 next_trial=36 rounds=[5,4,4,5,3,5,5,4]
t=1585.8 LZ_REACHED craft=Aircraft_10_nav_r6_31 route=6 outbound=144.3s t=1585.8
t=1607.0 LZ_REACHED craft=Aircraft_10_nav_r1_32 route=1 outbound=145.4s t=1607.0
t=1612.8 ==== SUMMARY t=1612.8 ====
t=1612.8 route=1 laps=4 crashes=0 avg_out=152.3s avg_ret=162.3s avg_lap=328.4s best_lap=318.1
t=1612.8 route=2 laps=2 crashes=1 avg_out=182.2s avg_ret=254.8s avg_lap=459.6s best_lap=445.6
t=1612.8 route=3 laps=3 crashes=0 avg_out=214.5s avg_ret=253.7s avg_lap=480.3s best_lap=447.7
t=1612.8 route=4 laps=4 crashes=0 avg_out=173.4s avg_ret=153.8s avg_lap=339.3s best_lap=333.0
t=1612.9 route=5 laps=2 crashes=0 avg_out=254.4s avg_ret=231.8s avg_lap=499.0s best_lap=497.9
t=1612.9 route=6 laps=4 crashes=0 avg_out=147.2s avg_ret=141.9s avg_lap=301.9s best_lap=301.1
t=1612.9 route=7 laps=4 crashes=0 avg_out=169.4s avg_ret=148.5s avg_lap=329.9s best_lap=326.9
t=1612.9 route=8 laps=3 crashes=0 avg_out=176.4s avg_ret=176.5s avg_lap=363.1s best_lap=360.6
t=1612.9 TOTAL laps=26 crashes=1
t=1612.9 TUNER gen=0 results=27/64 pending=8 active=8 remaining=37 next_trial=36 rounds=[5,4,4,5,3,5,5,4]
t=1637.8 LAP_CAPTURE craft=Aircraft_10_nav_r5_26 route=5 return=222.8s lap=487.7s carrier_dist=200m t=1637.8
t=1642.8 ==== SUMMARY t=1642.8 ====
t=1642.8 route=1 laps=4 crashes=0 avg_out=152.3s avg_ret=162.3s avg_lap=328.4s best_lap=318.1
t=1642.8 route=2 laps=2 crashes=1 avg_out=182.2s avg_ret=254.8s avg_lap=459.6s best_lap=445.6
t=1642.8 route=3 laps=3 crashes=0 avg_out=214.5s avg_ret=253.7s avg_lap=480.3s best_lap=447.7
t=1642.9 route=4 laps=4 crashes=0 avg_out=173.4s avg_ret=153.8s avg_lap=339.3s best_lap=333.0
t=1642.9 route=5 laps=3 crashes=0 avg_out=254.4s avg_ret=228.8s avg_lap=495.2s best_lap=487.7
t=1642.9 route=6 laps=4 crashes=0 avg_out=147.2s avg_ret=141.9s avg_lap=301.9s best_lap=301.1
t=1642.9 route=7 laps=4 crashes=0 avg_out=169.4s avg_ret=148.5s avg_lap=329.9s best_lap=326.9
t=1642.9 route=8 laps=3 crashes=0 avg_out=176.4s avg_ret=176.5s avg_lap=363.1s best_lap=360.6
t=1642.9 TOTAL laps=27 crashes=1
t=1642.9 TUNER gen=0 results=28/64 pending=7 active=7 remaining=36 next_trial=36 rounds=[5,4,4,5,3,5,5,4]
t=1657.6 SPAWN craft=Aircraft_10_nav_r5_36 route=5 candidate=8 trial=36 t=1657.6
t=1672.9 ==== SUMMARY t=1672.9 ====
t=1672.9 route=1 laps=4 crashes=0 avg_out=152.3s avg_ret=162.3s avg_lap=328.4s best_lap=318.1
t=1672.9 route=2 laps=2 crashes=1 avg_out=182.2s avg_ret=254.8s avg_lap=459.6s best_lap=445.6
t=1673.0 route=3 laps=3 crashes=0 avg_out=214.5s avg_ret=253.7s avg_lap=480.3s best_lap=447.7
t=1673.0 route=4 laps=4 crashes=0 avg_out=173.4s avg_ret=153.8s avg_lap=339.3s best_lap=333.0
t=1673.0 route=5 laps=3 crashes=0 avg_out=254.4s avg_ret=228.8s avg_lap=495.2s best_lap=487.7
t=1673.0 route=6 laps=4 crashes=0 avg_out=147.2s avg_ret=141.9s avg_lap=301.9s best_lap=301.1
t=1673.0 route=7 laps=4 crashes=0 avg_out=169.4s avg_ret=148.5s avg_lap=329.9s best_lap=326.9
t=1673.0 route=8 laps=3 crashes=0 avg_out=176.4s avg_ret=176.5s avg_lap=363.1s best_lap=360.6
t=1673.0 TOTAL laps=27 crashes=1
t=1673.0 TUNER gen=0 results=28/64 pending=8 active=8 remaining=36 next_trial=37 rounds=[5,4,4,5,4,5,5,4]
t=1681.5 LAP_CAPTURE craft=Aircraft_10_nav_r2_29 route=2 return=239.4s lap=435.9s carrier_dist=200m t=1681.5
t=1697.8 SPAWN craft=Aircraft_10_nav_r2_37 route=2 candidate=6 trial=37 t=1697.8
t=1703.0 ==== SUMMARY t=1703.0 ====
t=1703.0 route=1 laps=4 crashes=0 avg_out=152.3s avg_ret=162.3s avg_lap=328.4s best_lap=318.1
t=1703.0 route=2 laps=3 crashes=1 avg_out=182.2s avg_ret=249.7s avg_lap=451.7s best_lap=435.9
t=1703.0 route=3 laps=3 crashes=0 avg_out=214.5s avg_ret=253.7s avg_lap=480.3s best_lap=447.7
t=1703.0 route=4 laps=4 crashes=0 avg_out=173.4s avg_ret=153.8s avg_lap=339.3s best_lap=333.0
t=1703.0 route=5 laps=3 crashes=0 avg_out=254.4s avg_ret=228.8s avg_lap=495.2s best_lap=487.7
t=1703.0 route=6 laps=4 crashes=0 avg_out=147.2s avg_ret=141.9s avg_lap=301.9s best_lap=301.1
t=1703.0 route=7 laps=4 crashes=0 avg_out=169.4s avg_ret=148.5s avg_lap=329.9s best_lap=326.9
t=1703.0 route=8 laps=3 crashes=0 avg_out=176.4s avg_ret=176.5s avg_lap=363.1s best_lap=360.6
t=1703.0 TOTAL laps=28 crashes=1
t=1703.1 TUNER gen=0 results=29/64 pending=8 active=8 remaining=35 next_trial=38 rounds=[5,5,4,5,4,5,5,4]
t=1712.7 LZ_REACHED craft=Aircraft_10_nav_r4_33 route=4 outbound=175.6s t=1712.7
t=1715.8 LAP_CAPTURE craft=Aircraft_10_nav_r8_30 route=8 return=185.9s lap=379.8s carrier_dist=200m t=1715.8
t=1733.0 SPAWN craft=Aircraft_10_nav_r8_38 route=8 candidate=4 trial=38 t=1733.0
t=1733.1 ==== SUMMARY t=1733.1 ====
t=1733.1 route=1 laps=4 crashes=0 avg_out=152.3s avg_ret=162.3s avg_lap=328.4s best_lap=318.1
t=1733.1 route=2 laps=3 crashes=1 avg_out=182.2s avg_ret=249.7s avg_lap=451.7s best_lap=435.9
t=1733.1 route=3 laps=3 crashes=0 avg_out=214.5s avg_ret=253.7s avg_lap=480.3s best_lap=447.7
t=1733.1 route=4 laps=4 crashes=0 avg_out=173.9s avg_ret=153.8s avg_lap=339.3s best_lap=333.0
t=1733.1 route=5 laps=3 crashes=0 avg_out=254.4s avg_ret=228.8s avg_lap=495.2s best_lap=487.7
t=1733.1 route=6 laps=4 crashes=0 avg_out=147.2s avg_ret=141.9s avg_lap=301.9s best_lap=301.1
t=1733.1 route=7 laps=4 crashes=0 avg_out=169.4s avg_ret=148.5s avg_lap=329.9s best_lap=326.9
t=1733.1 route=8 laps=4 crashes=0 avg_out=176.4s avg_ret=178.8s avg_lap=367.3s best_lap=360.6
t=1733.2 TOTAL laps=29 crashes=1
t=1733.2 TUNER gen=0 results=30/64 pending=8 active=8 remaining=34 next_trial=39 rounds=[5,5,4,5,4,5,5,5]
t=1744.2 LZ_REACHED craft=Aircraft_10_nav_r7_34 route=7 outbound=187.0s t=1744.2
t=1746.2 LAP_CAPTURE craft=Aircraft_10_nav_r6_31 route=6 return=148.4s lap=304.7s carrier_dist=200m t=1746.2
t=1763.2 ==== SUMMARY t=1763.2 ====
t=1763.2 route=1 laps=4 crashes=0 avg_out=152.3s avg_ret=162.3s avg_lap=328.4s best_lap=318.1
t=1763.2 route=2 laps=3 crashes=1 avg_out=182.2s avg_ret=249.7s avg_lap=451.7s best_lap=435.9
t=1763.2 route=3 laps=3 crashes=0 avg_out=214.5s avg_ret=253.7s avg_lap=480.3s best_lap=447.7
t=1763.2 route=4 laps=4 crashes=0 avg_out=173.9s avg_ret=153.8s avg_lap=339.3s best_lap=333.0
t=1763.2 route=5 laps=3 crashes=0 avg_out=254.4s avg_ret=228.8s avg_lap=495.2s best_lap=487.7
t=1763.2 route=6 laps=5 crashes=0 avg_out=147.2s avg_ret=143.2s avg_lap=302.4s best_lap=301.1
t=1763.2 route=7 laps=4 crashes=0 avg_out=172.9s avg_ret=148.5s avg_lap=329.9s best_lap=326.9
t=1763.2 route=8 laps=4 crashes=0 avg_out=176.4s avg_ret=178.8s avg_lap=367.3s best_lap=360.6
t=1763.2 TOTAL laps=30 crashes=1
t=1763.2 TUNER gen=0 results=31/64 pending=8 active=8 remaining=33 next_trial=40 rounds=[5,5,4,5,4,6,5,5]
t=1763.3 SPAWN craft=Aircraft_10_nav_r6_39 route=6 candidate=3 trial=39 t=1763.3
t=1782.1 LAP_CAPTURE craft=Aircraft_10_nav_r1_32 route=1 return=163.2s lap=320.5s carrier_dist=200m t=1782.1
t=1792.3 LZ_REACHED craft=Aircraft_10_nav_r3_35 route=3 outbound=214.9s t=1792.3
t=1793.2 ==== SUMMARY t=1793.2 ====
t=1793.2 route=1 laps=5 crashes=0 avg_out=152.3s avg_ret=162.5s avg_lap=326.8s best_lap=318.1
t=1793.2 route=2 laps=3 crashes=1 avg_out=182.2s avg_ret=249.7s avg_lap=451.7s best_lap=435.9
t=1793.2 route=3 laps=3 crashes=0 avg_out=214.6s avg_ret=253.7s avg_lap=480.3s best_lap=447.7
t=1793.2 route=4 laps=4 crashes=0 avg_out=173.9s avg_ret=153.8s avg_lap=339.3s best_lap=333.0
t=1793.2 route=5 laps=3 crashes=0 avg_out=254.4s avg_ret=228.8s avg_lap=495.2s best_lap=487.7
t=1793.2 route=6 laps=5 crashes=0 avg_out=147.2s avg_ret=143.2s avg_lap=302.4s best_lap=301.1
t=1793.2 route=7 laps=4 crashes=0 avg_out=172.9s avg_ret=148.5s avg_lap=329.9s best_lap=326.9
t=1793.2 route=8 laps=4 crashes=0 avg_out=176.4s avg_ret=178.8s avg_lap=367.3s best_lap=360.6
t=1793.2 TOTAL laps=31 crashes=1
t=1793.2 TUNER gen=0 results=32/64 pending=8 active=8 remaining=32 next_trial=41 rounds=[6,5,4,5,4,6,5,5]
t=1798.3 SPAWN craft=Aircraft_10_nav_r1_40 route=1 candidate=6 trial=40 t=1798.3
t=1823.2 ==== SUMMARY t=1823.2 ====
t=1823.3 route=1 laps=5 crashes=0 avg_out=152.3s avg_ret=162.5s avg_lap=326.8s best_lap=318.1
t=1823.3 route=2 laps=3 crashes=1 avg_out=182.2s avg_ret=249.7s avg_lap=451.7s best_lap=435.9
t=1823.3 route=3 laps=3 crashes=0 avg_out=214.6s avg_ret=253.7s avg_lap=480.3s best_lap=447.7
t=1823.3 route=4 laps=4 crashes=0 avg_out=173.9s avg_ret=153.8s avg_lap=339.3s best_lap=333.0
t=1823.3 route=5 laps=3 crashes=0 avg_out=254.4s avg_ret=228.8s avg_lap=495.2s best_lap=487.7
t=1823.3 route=6 laps=5 crashes=0 avg_out=147.2s avg_ret=143.2s avg_lap=302.4s best_lap=301.1
t=1823.3 route=7 laps=4 crashes=0 avg_out=172.9s avg_ret=148.5s avg_lap=329.9s best_lap=326.9
t=1823.3 route=8 laps=4 crashes=0 avg_out=176.4s avg_ret=178.8s avg_lap=367.3s best_lap=360.6
t=1823.3 TOTAL laps=31 crashes=1
t=1823.3 TUNER gen=0 results=32/64 pending=8 active=8 remaining=32 next_trial=41 rounds=[6,5,4,5,4,6,5,5]
t=1853.3 ==== SUMMARY t=1853.3 ====
t=1853.3 route=1 laps=5 crashes=0 avg_out=152.3s avg_ret=162.5s avg_lap=326.8s best_lap=318.1
t=1853.3 route=2 laps=3 crashes=1 avg_out=182.2s avg_ret=249.7s avg_lap=451.7s best_lap=435.9
t=1853.3 route=3 laps=3 crashes=0 avg_out=214.6s avg_ret=253.7s avg_lap=480.3s best_lap=447.7
t=1853.3 route=4 laps=4 crashes=0 avg_out=173.9s avg_ret=153.8s avg_lap=339.3s best_lap=333.0
t=1853.3 route=5 laps=3 crashes=0 avg_out=254.4s avg_ret=228.8s avg_lap=495.2s best_lap=487.7
t=1853.3 route=6 laps=5 crashes=0 avg_out=147.2s avg_ret=143.2s avg_lap=302.4s best_lap=301.1
t=1853.3 route=7 laps=4 crashes=0 avg_out=172.9s avg_ret=148.5s avg_lap=329.9s best_lap=326.9
t=1853.3 route=8 laps=4 crashes=0 avg_out=176.4s avg_ret=178.8s avg_lap=367.3s best_lap=360.6
t=1853.3 TOTAL laps=31 crashes=1
t=1853.3 TUNER gen=0 results=32/64 pending=8 active=8 remaining=32 next_trial=41 rounds=[6,5,4,5,4,6,5,5]
t=1878.4 LAP_CAPTURE craft=Aircraft_10_nav_r4_33 route=4 return=153.6s lap=341.3s carrier_dist=200m t=1878.4
t=1880.3 LZ_REACHED craft=Aircraft_10_nav_r2_37 route=2 outbound=182.5s t=1880.3
t=1883.3 ==== SUMMARY t=1883.3 ====
t=1883.3 route=1 laps=5 crashes=0 avg_out=152.3s avg_ret=162.5s avg_lap=326.8s best_lap=318.1
t=1883.3 route=2 laps=3 crashes=1 avg_out=182.3s avg_ret=249.7s avg_lap=451.7s best_lap=435.9
t=1883.3 route=3 laps=3 crashes=0 avg_out=214.6s avg_ret=253.7s avg_lap=480.3s best_lap=447.7
t=1883.3 route=4 laps=5 crashes=0 avg_out=173.9s avg_ret=153.8s avg_lap=339.7s best_lap=333.0
t=1883.3 route=5 laps=3 crashes=0 avg_out=254.4s avg_ret=228.8s avg_lap=495.2s best_lap=487.7
t=1883.3 route=6 laps=5 crashes=0 avg_out=147.2s avg_ret=143.2s avg_lap=302.4s best_lap=301.1
t=1883.3 route=7 laps=4 crashes=0 avg_out=172.9s avg_ret=148.5s avg_lap=329.9s best_lap=326.9
t=1883.3 route=8 laps=4 crashes=0 avg_out=176.4s avg_ret=178.8s avg_lap=367.3s best_lap=360.6
t=1883.4 TOTAL laps=32 crashes=1
t=1883.4 TUNER gen=0 results=33/64 pending=7 active=7 remaining=31 next_trial=41 rounds=[6,5,4,5,4,6,5,5]
t=1893.8 SPAWN craft=Aircraft_10_nav_r4_41 route=4 candidate=1 trial=41 t=1893.8
t=1897.1 LZ_REACHED craft=Aircraft_10_nav_r8_38 route=8 outbound=164.1s t=1897.1
t=1908.4 LZ_REACHED craft=Aircraft_10_nav_r5_36 route=5 outbound=250.8s t=1908.4
t=1910.9 LZ_REACHED craft=Aircraft_10_nav_r6_39 route=6 outbound=147.6s t=1910.9
t=1912.5 LAP_CAPTURE craft=Aircraft_10_nav_r7_34 route=7 return=156.4s lap=355.3s carrier_dist=200m t=1912.5
t=1913.3 ==== SUMMARY t=1913.3 ====
t=1913.3 route=1 laps=5 crashes=0 avg_out=152.3s avg_ret=162.5s avg_lap=326.8s best_lap=318.1
t=1913.3 route=2 laps=3 crashes=1 avg_out=182.3s avg_ret=249.7s avg_lap=451.7s best_lap=435.9
t=1913.4 route=3 laps=3 crashes=0 avg_out=214.6s avg_ret=253.7s avg_lap=480.3s best_lap=447.7
t=1913.4 route=4 laps=5 crashes=0 avg_out=173.9s avg_ret=153.8s avg_lap=339.7s best_lap=333.0
t=1913.4 route=5 laps=3 crashes=0 avg_out=253.5s avg_ret=228.8s avg_lap=495.2s best_lap=487.7
t=1913.4 route=6 laps=5 crashes=0 avg_out=147.3s avg_ret=143.2s avg_lap=302.4s best_lap=301.1
t=1913.4 route=7 laps=5 crashes=0 avg_out=172.9s avg_ret=150.1s avg_lap=335.0s best_lap=326.9
t=1913.4 route=8 laps=4 crashes=0 avg_out=173.9s avg_ret=178.8s avg_lap=367.3s best_lap=360.6
t=1913.4 TOTAL laps=33 crashes=1
t=1913.4 TUNER gen=0 results=34/64 pending=7 active=7 remaining=30 next_trial=42 rounds=[6,5,4,6,4,6,5,5]
t=1929.1 SPAWN craft=Aircraft_10_nav_r7_42 route=7 candidate=4 trial=42 t=1929.1
t=1943.6 ==== SUMMARY t=1943.6 ====
t=1943.6 route=1 laps=5 crashes=0 avg_out=152.3s avg_ret=162.5s avg_lap=326.8s best_lap=318.1
t=1943.6 route=2 laps=3 crashes=1 avg_out=182.3s avg_ret=249.7s avg_lap=451.7s best_lap=435.9
t=1943.6 route=3 laps=3 crashes=0 avg_out=214.6s avg_ret=253.7s avg_lap=480.3s best_lap=447.7
t=1943.6 route=4 laps=5 crashes=0 avg_out=173.9s avg_ret=153.8s avg_lap=339.7s best_lap=333.0
t=1943.6 route=5 laps=3 crashes=0 avg_out=253.5s avg_ret=228.8s avg_lap=495.2s best_lap=487.7
t=1943.6 route=6 laps=5 crashes=0 avg_out=147.3s avg_ret=143.2s avg_lap=302.4s best_lap=301.1
t=1943.6 route=7 laps=5 crashes=0 avg_out=172.9s avg_ret=150.1s avg_lap=335.0s best_lap=326.9
t=1943.6 route=8 laps=4 crashes=0 avg_out=173.9s avg_ret=178.8s avg_lap=367.3s best_lap=360.6
t=1943.6 TOTAL laps=33 crashes=1
t=1943.6 TUNER gen=0 results=34/64 pending=8 active=8 remaining=30 next_trial=43 rounds=[6,5,4,6,4,6,6,5]
t=1943.8 LZ_REACHED craft=Aircraft_10_nav_r1_40 route=1 outbound=145.5s t=1943.8
t=1973.6 ==== SUMMARY t=1973.6 ====
t=1973.6 route=1 laps=5 crashes=0 avg_out=151.2s avg_ret=162.5s avg_lap=326.8s best_lap=318.1
t=1973.6 route=2 laps=3 crashes=1 avg_out=182.3s avg_ret=249.7s avg_lap=451.7s best_lap=435.9
t=1973.6 route=3 laps=3 crashes=0 avg_out=214.6s avg_ret=253.7s avg_lap=480.3s best_lap=447.7
t=1973.6 route=4 laps=5 crashes=0 avg_out=173.9s avg_ret=153.8s avg_lap=339.7s best_lap=333.0
t=1973.6 route=5 laps=3 crashes=0 avg_out=253.5s avg_ret=228.8s avg_lap=495.2s best_lap=487.7
t=1973.7 route=6 laps=5 crashes=0 avg_out=147.3s avg_ret=143.2s avg_lap=302.4s best_lap=301.1
t=1973.7 route=7 laps=5 crashes=0 avg_out=172.9s avg_ret=150.1s avg_lap=335.0s best_lap=326.9
t=1973.7 route=8 laps=4 crashes=0 avg_out=173.9s avg_ret=178.8s avg_lap=367.3s best_lap=360.6
t=1973.7 TOTAL laps=33 crashes=1
t=1973.7 TUNER gen=0 results=34/64 pending=8 active=8 remaining=30 next_trial=43 rounds=[6,5,4,6,4,6,6,5]
t=2003.6 ==== SUMMARY t=2003.6 ====
t=2003.6 route=1 laps=5 crashes=0 avg_out=151.2s avg_ret=162.5s avg_lap=326.8s best_lap=318.1
t=2003.6 route=2 laps=3 crashes=1 avg_out=182.3s avg_ret=249.7s avg_lap=451.7s best_lap=435.9
t=2003.6 route=3 laps=3 crashes=0 avg_out=214.6s avg_ret=253.7s avg_lap=480.3s best_lap=447.7
t=2003.6 route=4 laps=5 crashes=0 avg_out=173.9s avg_ret=153.8s avg_lap=339.7s best_lap=333.0
t=2003.6 route=5 laps=3 crashes=0 avg_out=253.5s avg_ret=228.8s avg_lap=495.2s best_lap=487.7
t=2003.6 route=6 laps=5 crashes=0 avg_out=147.3s avg_ret=143.2s avg_lap=302.4s best_lap=301.1
t=2003.7 route=7 laps=5 crashes=0 avg_out=172.9s avg_ret=150.1s avg_lap=335.0s best_lap=326.9
t=2003.7 route=8 laps=4 crashes=0 avg_out=173.9s avg_ret=178.8s avg_lap=367.3s best_lap=360.6
t=2003.7 TOTAL laps=33 crashes=1
t=2003.7 TUNER gen=0 results=34/64 pending=8 active=8 remaining=30 next_trial=43 rounds=[6,5,4,6,4,6,6,5]
t=2033.7 ==== SUMMARY t=2033.7 ====
t=2033.7 route=1 laps=5 crashes=0 avg_out=151.2s avg_ret=162.5s avg_lap=326.8s best_lap=318.1
t=2033.7 route=2 laps=3 crashes=1 avg_out=182.3s avg_ret=249.7s avg_lap=451.7s best_lap=435.9
t=2033.7 route=3 laps=3 crashes=0 avg_out=214.6s avg_ret=253.7s avg_lap=480.3s best_lap=447.7
t=2033.7 route=4 laps=5 crashes=0 avg_out=173.9s avg_ret=153.8s avg_lap=339.7s best_lap=333.0
t=2033.7 route=5 laps=3 crashes=0 avg_out=253.5s avg_ret=228.8s avg_lap=495.2s best_lap=487.7
t=2033.7 route=6 laps=5 crashes=0 avg_out=147.3s avg_ret=143.2s avg_lap=302.4s best_lap=301.1
t=2033.7 route=7 laps=5 crashes=0 avg_out=172.9s avg_ret=150.1s avg_lap=335.0s best_lap=326.9
t=2033.7 route=8 laps=4 crashes=0 avg_out=173.9s avg_ret=178.8s avg_lap=367.3s best_lap=360.6
t=2033.7 TOTAL laps=33 crashes=1
t=2033.7 TUNER gen=0 results=34/64 pending=8 active=8 remaining=30 next_trial=43 rounds=[6,5,4,6,4,6,6,5]
t=2063.7 LZ_REACHED craft=Aircraft_10_nav_r4_41 route=4 outbound=169.9s t=2063.7
t=2063.7 ==== SUMMARY t=2063.7 ====
t=2063.7 route=1 laps=5 crashes=0 avg_out=151.2s avg_ret=162.5s avg_lap=326.8s best_lap=318.1
t=2063.7 route=2 laps=3 crashes=1 avg_out=182.3s avg_ret=249.7s avg_lap=451.7s best_lap=435.9
t=2063.7 route=3 laps=3 crashes=0 avg_out=214.6s avg_ret=253.7s avg_lap=480.3s best_lap=447.7
t=2063.7 route=4 laps=5 crashes=0 avg_out=173.2s avg_ret=153.8s avg_lap=339.7s best_lap=333.0
t=2063.7 route=5 laps=3 crashes=0 avg_out=253.5s avg_ret=228.8s avg_lap=495.2s best_lap=487.7
t=2063.7 route=6 laps=5 crashes=0 avg_out=147.3s avg_ret=143.2s avg_lap=302.4s best_lap=301.1
t=2063.7 route=7 laps=5 crashes=0 avg_out=172.9s avg_ret=150.1s avg_lap=335.0s best_lap=326.9
t=2063.7 route=8 laps=4 crashes=0 avg_out=173.9s avg_ret=178.8s avg_lap=367.3s best_lap=360.6
t=2063.7 TOTAL laps=33 crashes=1
t=2063.7 TUNER gen=0 results=34/64 pending=8 active=8 remaining=30 next_trial=43 rounds=[6,5,4,6,4,6,6,5]
t=2068.7 LAP_CAPTURE craft=Aircraft_10_nav_r6_39 route=6 return=145.9s lap=305.5s carrier_dist=200m t=2068.7
t=2071.4 LAP_CAPTURE craft=Aircraft_10_nav_r3_35 route=3 return=267.1s lap=494.0s carrier_dist=200m t=2071.4
t=2074.4 LAUNCH_BLOCKED reason=landing_or_storage_busy active=6 stored=1 no_active_s=0.0 state=IDLE tractor_cleanup=false elevator_transfer=false deck=Aircraft_10_nav_r7_42 pending=none clearance=Aircraft_10_nav_r8_38 queue=0
t=2084.4 LAP_CAPTURE craft=Aircraft_10_nav_r8_38 route=8 return=175.3s lap=351.4s carrier_dist=200m t=2084.4
t=2089.4 LAUNCH_BLOCKED reason=deck_busy active=6 stored=2 no_active_s=0.0 state=RETRIEVING_FROM_HANGAR tractor_cleanup=false elevator_transfer=false deck=Aircraft_10_nav_r6_43 pending=none clearance=none queue=0
t=2093.2 LZ_REACHED craft=Aircraft_10_nav_r7_42 route=7 outbound=164.1s t=2093.2
t=2093.7 ==== SUMMARY t=2093.7 ====
t=2093.8 route=1 laps=5 crashes=0 avg_out=151.2s avg_ret=162.5s avg_lap=326.8s best_lap=318.1
t=2093.8 route=2 laps=3 crashes=1 avg_out=182.3s avg_ret=249.7s avg_lap=451.7s best_lap=435.9
t=2093.8 route=3 laps=4 crashes=0 avg_out=214.6s avg_ret=257.1s avg_lap=483.7s best_lap=447.7
t=2093.8 route=4 laps=5 crashes=0 avg_out=173.2s avg_ret=153.8s avg_lap=339.7s best_lap=333.0
t=2093.8 route=5 laps=3 crashes=0 avg_out=253.5s avg_ret=228.8s avg_lap=495.2s best_lap=487.7
t=2093.8 route=6 laps=6 crashes=0 avg_out=147.3s avg_ret=143.7s avg_lap=302.9s best_lap=301.1
t=2093.8 route=7 laps=5 crashes=0 avg_out=171.4s avg_ret=150.1s avg_lap=335.0s best_lap=326.9
t=2093.8 route=8 laps=5 crashes=0 avg_out=173.9s avg_ret=178.1s avg_lap=364.1s best_lap=351.4
t=2093.8 TOTAL laps=36 crashes=1
t=2093.8 TUNER gen=0 results=37/64 pending=6 active=6 remaining=27 next_trial=44 rounds=[6,5,4,6,4,7,6,5]
t=2099.7 SPAWN craft=Aircraft_10_nav_r6_43 route=6 candidate=4 trial=43 t=2099.7
t=2104.5 LAUNCH_BLOCKED reason=landing_or_storage_busy active=6 stored=2 no_active_s=0.0 state=IDLE tractor_cleanup=false elevator_transfer=false deck=Aircraft_10_nav_r6_43 pending=none clearance=Aircraft_10_nav_r1_40 queue=0
t=2116.8 LAP_CAPTURE craft=Aircraft_10_nav_r1_40 route=1 return=161.0s lap=318.5s carrier_dist=200m t=2116.8
t=2119.5 LAUNCH_BLOCKED reason=cleared_unready_nav_deck_aircraft active=5 stored=2 no_active_s=0.0 state=IDLE tractor_cleanup=false elevator_transfer=false deck=Aircraft_10_nav_r6_43 pending=none clearance=none queue=0
t=2123.7 ==== SUMMARY t=2123.7 ====
t=2123.7 route=1 laps=6 crashes=0 avg_out=151.2s avg_ret=162.2s avg_lap=325.4s best_lap=318.1
t=2123.7 route=2 laps=3 crashes=1 avg_out=182.3s avg_ret=249.7s avg_lap=451.7s best_lap=435.9
t=2123.7 route=3 laps=4 crashes=0 avg_out=214.6s avg_ret=257.1s avg_lap=483.7s best_lap=447.7
t=2123.7 route=4 laps=5 crashes=0 avg_out=173.2s avg_ret=153.8s avg_lap=339.7s best_lap=333.0
t=2123.7 route=5 laps=3 crashes=0 avg_out=253.5s avg_ret=228.8s avg_lap=495.2s best_lap=487.7
t=2123.7 route=6 laps=6 crashes=0 avg_out=147.3s avg_ret=143.7s avg_lap=302.9s best_lap=301.1
t=2123.7 route=7 laps=5 crashes=0 avg_out=171.4s avg_ret=150.1s avg_lap=335.0s best_lap=326.9
t=2123.7 route=8 laps=5 crashes=0 avg_out=173.9s avg_ret=178.1s avg_lap=364.1s best_lap=351.4
t=2123.8 TOTAL laps=37 crashes=1
t=2123.8 TUNER gen=0 results=38/64 pending=5 active=5 remaining=26 next_trial=44 rounds=[6,5,4,6,4,7,6,5]
t=2130.8 LAP_CAPTURE craft=Aircraft_10_nav_r2_37 route=2 return=238.4s lap=432.9s carrier_dist=200m t=2130.8
t=2134.6 LAUNCH_BLOCKED reason=deck_busy active=5 stored=2 no_active_s=0.0 state=AIRCRAFT_ON_DECK tractor_cleanup=false elevator_transfer=false deck=Aircraft_10_nav_r3_44 pending=none clearance=none queue=0
t=2134.8 SPAWN craft=Aircraft_10_nav_r3_44 route=3 candidate=7 trial=44 t=2134.8
t=2146.8 LAP_CAPTURE craft=Aircraft_10_nav_r5_36 route=5 return=226.4s lap=489.2s carrier_dist=200m t=2146.8
t=2149.7 LAUNCH_BLOCKED reason=deck_busy active=5 stored=2 no_active_s=0.0 state=AIRCRAFT_ON_DECK tractor_cleanup=false elevator_transfer=true deck=Aircraft_10_nav_r8_45 pending=none clearance=none queue=0
t=2153.8 ==== SUMMARY t=2153.8 ====
t=2153.8 route=1 laps=6 crashes=0 avg_out=151.2s avg_ret=162.2s avg_lap=325.4s best_lap=318.1
t=2153.8 route=2 laps=4 crashes=1 avg_out=182.3s avg_ret=246.9s avg_lap=447.0s best_lap=432.9
t=2153.8 route=3 laps=4 crashes=0 avg_out=214.6s avg_ret=257.1s avg_lap=483.7s best_lap=447.7
t=2153.8 route=4 laps=5 crashes=0 avg_out=173.2s avg_ret=153.8s avg_lap=339.7s best_lap=333.0
t=2153.8 route=5 laps=4 crashes=0 avg_out=253.5s avg_ret=228.2s avg_lap=493.7s best_lap=487.7
t=2153.8 route=6 laps=6 crashes=0 avg_out=147.3s avg_ret=143.7s avg_lap=302.9s best_lap=301.1
t=2153.8 route=7 laps=5 crashes=0 avg_out=171.4s avg_ret=150.1s avg_lap=335.0s best_lap=326.9
t=2153.8 route=8 laps=5 crashes=0 avg_out=173.9s avg_ret=178.1s avg_lap=364.1s best_lap=351.4
t=2153.8 TOTAL laps=39 crashes=1
t=2153.8 TUNER gen=0 results=40/64 pending=5 active=5 remaining=24 next_trial=46 rounds=[6,5,5,6,4,7,6,6]
t=2154.9 SPAWN craft=Aircraft_10_nav_r8_45 route=8 candidate=5 trial=45 t=2154.9
t=2164.7 LAUNCH_BLOCKED reason=deck_busy active=6 stored=2 no_active_s=0.0 state=RETRIEVING_FROM_HANGAR tractor_cleanup=false elevator_transfer=false deck=Aircraft_10_nav_r1_46 pending=none clearance=none queue=0
t=2175.0 SPAWN craft=Aircraft_10_nav_r1_46 route=1 candidate=7 trial=46 t=2175.0
t=2179.7 LAUNCH_BLOCKED reason=cleared_unready_nav_deck_aircraft active=6 stored=2 no_active_s=0.0 state=IDLE tractor_cleanup=false elevator_transfer=false deck=Aircraft_10_nav_r1_46 pending=none clearance=none queue=0
t=2183.8 ==== SUMMARY t=2183.8 ====
t=2183.8 route=1 laps=6 crashes=0 avg_out=151.2s avg_ret=162.2s avg_lap=325.4s best_lap=318.1
t=2183.8 route=2 laps=4 crashes=1 avg_out=182.3s avg_ret=246.9s avg_lap=447.0s best_lap=432.9
t=2183.8 route=3 laps=4 crashes=0 avg_out=214.6s avg_ret=257.1s avg_lap=483.7s best_lap=447.7
t=2183.8 route=4 laps=5 crashes=0 avg_out=173.2s avg_ret=153.8s avg_lap=339.7s best_lap=333.0
t=2183.8 route=5 laps=4 crashes=0 avg_out=253.5s avg_ret=228.2s avg_lap=493.7s best_lap=487.7
t=2183.8 route=6 laps=6 crashes=0 avg_out=147.3s avg_ret=143.7s avg_lap=302.9s best_lap=301.1
t=2183.8 route=7 laps=5 crashes=0 avg_out=171.4s avg_ret=150.1s avg_lap=335.0s best_lap=326.9
t=2183.8 route=8 laps=5 crashes=0 avg_out=173.9s avg_ret=178.1s avg_lap=364.1s best_lap=351.4
t=2183.8 TOTAL laps=39 crashes=1
t=2183.8 TUNER gen=0 results=40/64 pending=6 active=6 remaining=24 next_trial=47 rounds=[7,5,5,6,4,7,6,6]
t=2194.8 LAUNCH_BLOCKED reason=deck_busy active=7 stored=1 no_active_s=0.0 state=AIRCRAFT_ON_DECK tractor_cleanup=false elevator_transfer=false deck=Aircraft_10_nav_r2_47 pending=none clearance=none queue=0
t=2195.0 SPAWN craft=Aircraft_10_nav_r2_47 route=2 candidate=7 trial=47 t=2195.0
t=2213.9 ==== SUMMARY t=2213.9 ====
t=2213.9 route=1 laps=6 crashes=0 avg_out=151.2s avg_ret=162.2s avg_lap=325.4s best_lap=318.1
t=2214.0 route=2 laps=4 crashes=1 avg_out=182.3s avg_ret=246.9s avg_lap=447.0s best_lap=432.9
t=2214.0 route=3 laps=4 crashes=0 avg_out=214.6s avg_ret=257.1s avg_lap=483.7s best_lap=447.7
t=2214.0 route=4 laps=5 crashes=0 avg_out=173.2s avg_ret=153.8s avg_lap=339.7s best_lap=333.0
t=2214.0 route=5 laps=4 crashes=0 avg_out=253.5s avg_ret=228.2s avg_lap=493.7s best_lap=487.7
t=2214.0 route=6 laps=6 crashes=0 avg_out=147.3s avg_ret=143.7s avg_lap=302.9s best_lap=301.1
t=2214.0 route=7 laps=5 crashes=0 avg_out=171.4s avg_ret=150.1s avg_lap=335.0s best_lap=326.9
t=2214.0 route=8 laps=5 crashes=0 avg_out=173.9s avg_ret=178.1s avg_lap=364.1s best_lap=351.4
t=2214.0 TOTAL laps=39 crashes=1
t=2214.0 TUNER gen=0 results=40/64 pending=8 active=8 remaining=24 next_trial=49 rounds=[7,6,5,6,5,7,6,6]
t=2215.2 SPAWN craft=Aircraft_10_nav_r5_48 route=5 candidate=1 trial=48 t=2215.2
t=2223.2 LZ_REACHED craft=Aircraft_10_nav_r6_43 route=6 outbound=123.5s t=2223.2
t=2230.8 LAP_CAPTURE craft=Aircraft_10_nav_r4_41 route=4 return=155.1s lap=337.0s carrier_dist=200m t=2230.8
t=2244.0 ==== SUMMARY t=2244.0 ====
t=2244.0 route=1 laps=6 crashes=0 avg_out=151.2s avg_ret=162.2s avg_lap=325.4s best_lap=318.1
t=2244.0 route=2 laps=4 crashes=1 avg_out=182.3s avg_ret=246.9s avg_lap=447.0s best_lap=432.9
t=2244.0 route=3 laps=4 crashes=0 avg_out=214.6s avg_ret=257.1s avg_lap=483.7s best_lap=447.7
t=2244.0 route=4 laps=6 crashes=0 avg_out=173.2s avg_ret=154.0s avg_lap=339.2s best_lap=333.0
t=2244.0 route=5 laps=4 crashes=0 avg_out=253.5s avg_ret=228.2s avg_lap=493.7s best_lap=487.7
t=2244.0 route=6 laps=6 crashes=0 avg_out=143.9s avg_ret=143.7s avg_lap=302.9s best_lap=301.1
t=2244.0 route=7 laps=5 crashes=0 avg_out=171.4s avg_ret=150.1s avg_lap=335.0s best_lap=326.9
t=2244.0 route=8 laps=5 crashes=0 avg_out=173.9s avg_ret=178.1s avg_lap=364.1s best_lap=351.4
t=2244.0 TOTAL laps=40 crashes=1
t=2244.0 TUNER gen=0 results=41/64 pending=8 active=8 remaining=23 next_trial=50 rounds=[7,6,5,7,5,7,6,6]
t=2244.5 LAP_CAPTURE craft=Aircraft_10_nav_r7_42 route=7 return=139.4s lap=315.4s carrier_dist=200m t=2244.5
t=2250.2 LAUNCH_BLOCKED reason=deck_busy active=7 stored=1 no_active_s=0.0 state=AIRCRAFT_ON_DECK tractor_cleanup=false elevator_transfer=false deck=Aircraft_10_nav_r4_49 pending=none clearance=none queue=0
t=2250.5 SPAWN craft=Aircraft_10_nav_r4_49 route=4 candidate=2 trial=49 t=2250.5
t=2270.5 SPAWN craft=Aircraft_10_nav_r7_50 route=7 candidate=5 trial=50 t=2270.5
t=2274.1 ==== SUMMARY t=2274.1 ====
t=2274.1 route=1 laps=6 crashes=0 avg_out=151.2s avg_ret=162.2s avg_lap=325.4s best_lap=318.1
t=2274.1 route=2 laps=4 crashes=1 avg_out=182.3s avg_ret=246.9s avg_lap=447.0s best_lap=432.9
t=2274.1 route=3 laps=4 crashes=0 avg_out=214.6s avg_ret=257.1s avg_lap=483.7s best_lap=447.7
t=2274.1 route=4 laps=6 crashes=0 avg_out=173.2s avg_ret=154.0s avg_lap=339.2s best_lap=333.0
t=2274.1 route=5 laps=4 crashes=0 avg_out=253.5s avg_ret=228.2s avg_lap=493.7s best_lap=487.7
t=2274.1 route=6 laps=6 crashes=0 avg_out=143.9s avg_ret=143.7s avg_lap=302.9s best_lap=301.1
t=2274.1 route=7 laps=6 crashes=0 avg_out=171.4s avg_ret=148.3s avg_lap=331.7s best_lap=315.4
t=2274.1 route=8 laps=5 crashes=0 avg_out=173.9s avg_ret=178.1s avg_lap=364.1s best_lap=351.4
t=2274.1 TOTAL laps=41 crashes=1
t=2274.1 TUNER gen=0 results=42/64 pending=8 active=8 remaining=22 next_trial=51 rounds=[7,6,5,7,5,7,7,6]
t=2304.1 ==== SUMMARY t=2304.1 ====
t=2304.1 route=1 laps=6 crashes=0 avg_out=151.2s avg_ret=162.2s avg_lap=325.4s best_lap=318.1
t=2304.1 route=2 laps=4 crashes=1 avg_out=182.3s avg_ret=246.9s avg_lap=447.0s best_lap=432.9
t=2304.1 route=3 laps=4 crashes=0 avg_out=214.6s avg_ret=257.1s avg_lap=483.7s best_lap=447.7
t=2304.1 route=4 laps=6 crashes=0 avg_out=173.2s avg_ret=154.0s avg_lap=339.2s best_lap=333.0
t=2304.1 route=5 laps=4 crashes=0 avg_out=253.5s avg_ret=228.2s avg_lap=493.7s best_lap=487.7
t=2304.1 route=6 laps=6 crashes=0 avg_out=143.9s avg_ret=143.7s avg_lap=302.9s best_lap=301.1
t=2304.1 route=7 laps=6 crashes=0 avg_out=171.4s avg_ret=148.3s avg_lap=331.7s best_lap=315.4
t=2304.1 route=8 laps=5 crashes=0 avg_out=173.9s avg_ret=178.1s avg_lap=364.1s best_lap=351.4
t=2304.1 TOTAL laps=41 crashes=1
t=2304.1 TUNER gen=0 results=42/64 pending=8 active=8 remaining=22 next_trial=51 rounds=[7,6,5,7,5,7,7,6]
t=2320.1 LZ_REACHED craft=Aircraft_10_nav_r1_46 route=1 outbound=145.1s t=2320.1
t=2327.9 LZ_REACHED craft=Aircraft_10_nav_r8_45 route=8 outbound=173.0s t=2327.9
t=2334.1 ==== SUMMARY t=2334.1 ====
t=2334.1 route=1 laps=6 crashes=0 avg_out=150.3s avg_ret=162.2s avg_lap=325.4s best_lap=318.1
t=2334.1 route=2 laps=4 crashes=1 avg_out=182.3s avg_ret=246.9s avg_lap=447.0s best_lap=432.9
t=2334.1 route=3 laps=4 crashes=0 avg_out=214.6s avg_ret=257.1s avg_lap=483.7s best_lap=447.7
t=2334.1 route=4 laps=6 crashes=0 avg_out=173.2s avg_ret=154.0s avg_lap=339.2s best_lap=333.0
t=2334.1 route=5 laps=4 crashes=0 avg_out=253.5s avg_ret=228.2s avg_lap=493.7s best_lap=487.7
t=2334.1 route=6 laps=6 crashes=0 avg_out=143.9s avg_ret=143.7s avg_lap=302.9s best_lap=301.1
t=2334.1 route=7 laps=6 crashes=0 avg_out=171.4s avg_ret=148.3s avg_lap=331.7s best_lap=315.4
t=2334.2 route=8 laps=5 crashes=0 avg_out=173.8s avg_ret=178.1s avg_lap=364.1s best_lap=351.4
t=2334.2 TOTAL laps=41 crashes=1
t=2334.2 TUNER gen=0 results=42/64 pending=8 active=8 remaining=22 next_trial=51 rounds=[7,6,5,7,5,7,7,6]
t=2348.8 LZ_REACHED craft=Aircraft_10_nav_r3_44 route=3 outbound=214.0s t=2348.8
t=2364.2 ==== SUMMARY t=2364.2 ====
t=2364.2 route=1 laps=6 crashes=0 avg_out=150.3s avg_ret=162.2s avg_lap=325.4s best_lap=318.1
t=2364.2 route=2 laps=4 crashes=1 avg_out=182.3s avg_ret=246.9s avg_lap=447.0s best_lap=432.9
t=2364.2 route=3 laps=4 crashes=0 avg_out=214.5s avg_ret=257.1s avg_lap=483.7s best_lap=447.7
t=2364.2 route=4 laps=6 crashes=0 avg_out=173.2s avg_ret=154.0s avg_lap=339.2s best_lap=333.0
t=2364.2 route=5 laps=4 crashes=0 avg_out=253.5s avg_ret=228.2s avg_lap=493.7s best_lap=487.7
t=2364.3 route=6 laps=6 crashes=0 avg_out=143.9s avg_ret=143.7s avg_lap=302.9s best_lap=301.1
t=2364.3 route=7 laps=6 crashes=0 avg_out=171.4s avg_ret=148.3s avg_lap=331.7s best_lap=315.4
t=2364.3 route=8 laps=5 crashes=0 avg_out=173.8s avg_ret=178.1s avg_lap=364.1s best_lap=351.4
t=2364.3 TOTAL laps=41 crashes=1
t=2364.3 TUNER gen=0 results=42/64 pending=8 active=8 remaining=22 next_trial=51 rounds=[7,6,5,7,5,7,7,6]
t=2373.3 LAP_CAPTURE craft=Aircraft_10_nav_r6_43 route=6 return=138.1s lap=273.6s carrier_dist=200m t=2373.3
t=2375.3 LZ_REACHED craft=Aircraft_10_nav_r2_47 route=2 outbound=180.3s t=2375.3
t=2391.1 SPAWN craft=Aircraft_10_nav_r6_51 route=6 candidate=5 trial=51 t=2391.1
t=2394.2 ==== SUMMARY t=2394.2 ====
t=2394.2 route=1 laps=6 crashes=0 avg_out=150.3s avg_ret=162.2s avg_lap=325.4s best_lap=318.1
t=2394.2 route=2 laps=4 crashes=1 avg_out=181.9s avg_ret=246.9s avg_lap=447.0s best_lap=432.9
t=2394.2 route=3 laps=4 crashes=0 avg_out=214.5s avg_ret=257.1s avg_lap=483.7s best_lap=447.7
t=2394.3 route=4 laps=6 crashes=0 avg_out=173.2s avg_ret=154.0s avg_lap=339.2s best_lap=333.0
t=2394.3 route=5 laps=4 crashes=0 avg_out=253.5s avg_ret=228.2s avg_lap=493.7s best_lap=487.7
t=2394.3 route=6 laps=7 crashes=0 avg_out=143.9s avg_ret=142.9s avg_lap=298.8s best_lap=273.6
t=2394.3 route=7 laps=6 crashes=0 avg_out=171.4s avg_ret=148.3s avg_lap=331.7s best_lap=315.4
t=2394.3 route=8 laps=5 crashes=0 avg_out=173.8s avg_ret=178.1s avg_lap=364.1s best_lap=351.4
t=2394.3 TOTAL laps=42 crashes=1
t=2394.3 TUNER gen=0 results=43/64 pending=8 active=8 remaining=21 next_trial=52 rounds=[7,6,5,7,5,8,7,6]
t=2418.7 LZ_REACHED craft=Aircraft_10_nav_r4_49 route=4 outbound=168.2s t=2418.7
t=2424.3 ==== SUMMARY t=2424.3 ====
t=2424.3 route=1 laps=6 crashes=0 avg_out=150.3s avg_ret=162.2s avg_lap=325.4s best_lap=318.1
t=2424.3 route=2 laps=4 crashes=1 avg_out=181.9s avg_ret=246.9s avg_lap=447.0s best_lap=432.9
t=2424.3 route=3 laps=4 crashes=0 avg_out=214.5s avg_ret=257.1s avg_lap=483.7s best_lap=447.7
t=2424.3 route=4 laps=6 crashes=0 avg_out=172.5s avg_ret=154.0s avg_lap=339.2s best_lap=333.0
t=2424.3 route=5 laps=4 crashes=0 avg_out=253.5s avg_ret=228.2s avg_lap=493.7s best_lap=487.7
t=2424.3 route=6 laps=7 crashes=0 avg_out=143.9s avg_ret=142.9s avg_lap=298.8s best_lap=273.6
t=2424.3 route=7 laps=6 crashes=0 avg_out=171.4s avg_ret=148.3s avg_lap=331.7s best_lap=315.4
t=2424.3 route=8 laps=5 crashes=0 avg_out=173.8s avg_ret=178.1s avg_lap=364.1s best_lap=351.4
t=2424.3 TOTAL laps=42 crashes=1
t=2424.3 TUNER gen=0 results=43/64 pending=8 active=8 remaining=21 next_trial=52 rounds=[7,6,5,7,5,8,7,6]
t=2438.5 LZ_REACHED craft=Aircraft_10_nav_r7_50 route=7 outbound=168.0s t=2438.5
t=2454.4 ==== SUMMARY t=2454.4 ====
t=2454.4 route=1 laps=6 crashes=0 avg_out=150.3s avg_ret=162.2s avg_lap=325.4s best_lap=318.1
t=2454.4 route=2 laps=4 crashes=1 avg_out=181.9s avg_ret=246.9s avg_lap=447.0s best_lap=432.9
t=2454.4 route=3 laps=4 crashes=0 avg_out=214.5s avg_ret=257.1s avg_lap=483.7s best_lap=447.7
t=2454.4 route=4 laps=6 crashes=0 avg_out=172.5s avg_ret=154.0s avg_lap=339.2s best_lap=333.0
t=2454.4 route=5 laps=4 crashes=0 avg_out=253.5s avg_ret=228.2s avg_lap=493.7s best_lap=487.7
t=2454.4 route=6 laps=7 crashes=0 avg_out=143.9s avg_ret=142.9s avg_lap=298.8s best_lap=273.6
t=2454.4 route=7 laps=6 crashes=0 avg_out=170.9s avg_ret=148.3s avg_lap=331.7s best_lap=315.4
t=2454.4 route=8 laps=5 crashes=0 avg_out=173.8s avg_ret=178.1s avg_lap=364.1s best_lap=351.4
t=2454.4 TOTAL laps=42 crashes=1
t=2454.4 TUNER gen=0 results=43/64 pending=8 active=8 remaining=21 next_trial=52 rounds=[7,6,5,7,5,8,7,6]
t=2465.0 LZ_REACHED craft=Aircraft_10_nav_r5_48 route=5 outbound=249.8s t=2465.0
t=2484.5 ==== SUMMARY t=2484.5 ====
t=2484.5 route=1 laps=6 crashes=0 avg_out=150.3s avg_ret=162.2s avg_lap=325.4s best_lap=318.1
t=2484.5 route=2 laps=4 crashes=1 avg_out=181.9s avg_ret=246.9s avg_lap=447.0s best_lap=432.9
t=2484.5 route=3 laps=4 crashes=0 avg_out=214.5s avg_ret=257.1s avg_lap=483.7s best_lap=447.7
t=2484.5 route=4 laps=6 crashes=0 avg_out=172.5s avg_ret=154.0s avg_lap=339.2s best_lap=333.0
t=2484.5 route=5 laps=4 crashes=0 avg_out=252.8s avg_ret=228.2s avg_lap=493.7s best_lap=487.7
t=2484.5 route=6 laps=7 crashes=0 avg_out=143.9s avg_ret=142.9s avg_lap=298.8s best_lap=273.6
t=2484.5 route=7 laps=6 crashes=0 avg_out=170.9s avg_ret=148.3s avg_lap=331.7s best_lap=315.4
t=2484.5 route=8 laps=5 crashes=0 avg_out=173.8s avg_ret=178.1s avg_lap=364.1s best_lap=351.4
t=2484.5 TOTAL laps=42 crashes=1
t=2484.5 TUNER gen=0 results=43/64 pending=8 active=8 remaining=21 next_trial=52 rounds=[7,6,5,7,5,8,7,6]
t=2492.8 LAP_CAPTURE craft=Aircraft_10_nav_r1_46 route=1 return=160.7s lap=317.8s carrier_dist=200m t=2492.8
t=2511.8 SPAWN craft=Aircraft_10_nav_r1_52 route=1 candidate=8 trial=52 t=2511.8
t=2514.6 ==== SUMMARY t=2514.6 ====
t=2514.6 route=1 laps=7 crashes=0 avg_out=150.3s avg_ret=162.0s avg_lap=324.3s best_lap=317.8
t=2514.6 route=2 laps=4 crashes=1 avg_out=181.9s avg_ret=246.9s avg_lap=447.0s best_lap=432.9
t=2514.6 route=3 laps=4 crashes=0 avg_out=214.5s avg_ret=257.1s avg_lap=483.7s best_lap=447.7
t=2514.6 route=4 laps=6 crashes=0 avg_out=172.5s avg_ret=154.0s avg_lap=339.2s best_lap=333.0
t=2514.6 route=5 laps=4 crashes=0 avg_out=252.8s avg_ret=228.2s avg_lap=493.7s best_lap=487.7
t=2514.6 route=6 laps=7 crashes=0 avg_out=143.9s avg_ret=142.9s avg_lap=298.8s best_lap=273.6
t=2514.6 route=7 laps=6 crashes=0 avg_out=170.9s avg_ret=148.3s avg_lap=331.7s best_lap=315.4
t=2514.6 route=8 laps=5 crashes=0 avg_out=173.8s avg_ret=178.1s avg_lap=364.1s best_lap=351.4
t=2514.6 TOTAL laps=43 crashes=1
t=2514.6 TUNER gen=0 results=44/64 pending=8 active=8 remaining=20 next_trial=53 rounds=[8,6,5,7,5,8,7,6]
t=2524.1 LAP_CAPTURE craft=Aircraft_10_nav_r8_45 route=8 return=184.2s lap=369.2s carrier_dist=200m t=2524.1
t=2538.6 LZ_REACHED craft=Aircraft_10_nav_r6_51 route=6 outbound=147.5s t=2538.6
t=2541.8 SPAWN craft=Aircraft_10_nav_r8_53 route=8 candidate=6 trial=53 t=2541.8
t=2544.6 ==== SUMMARY t=2544.6 ====
t=2544.6 route=1 laps=7 crashes=0 avg_out=150.3s avg_ret=162.0s avg_lap=324.3s best_lap=317.8
t=2544.6 route=2 laps=4 crashes=1 avg_out=181.9s avg_ret=246.9s avg_lap=447.0s best_lap=432.9
t=2544.7 route=3 laps=4 crashes=0 avg_out=214.5s avg_ret=257.1s avg_lap=483.7s best_lap=447.7
t=2544.7 route=4 laps=6 crashes=0 avg_out=172.5s avg_ret=154.0s avg_lap=339.2s best_lap=333.0
t=2544.7 route=5 laps=4 crashes=0 avg_out=252.8s avg_ret=228.2s avg_lap=493.7s best_lap=487.7
t=2544.7 route=6 laps=7 crashes=0 avg_out=144.3s avg_ret=142.9s avg_lap=298.8s best_lap=273.6
t=2544.7 route=7 laps=6 crashes=0 avg_out=170.9s avg_ret=148.3s avg_lap=331.7s best_lap=315.4
t=2544.7 route=8 laps=6 crashes=0 avg_out=173.8s avg_ret=179.1s avg_lap=364.9s best_lap=351.4
t=2544.7 TOTAL laps=44 crashes=1
t=2544.7 TUNER gen=0 results=45/64 pending=8 active=8 remaining=19 next_trial=54 rounds=[8,6,5,7,5,8,7,7]
t=2574.7 ==== SUMMARY t=2574.7 ====
t=2574.7 route=1 laps=7 crashes=0 avg_out=150.3s avg_ret=162.0s avg_lap=324.3s best_lap=317.8
t=2574.7 route=2 laps=4 crashes=1 avg_out=181.9s avg_ret=246.9s avg_lap=447.0s best_lap=432.9
t=2574.7 route=3 laps=4 crashes=0 avg_out=214.5s avg_ret=257.1s avg_lap=483.7s best_lap=447.7
t=2574.7 route=4 laps=6 crashes=0 avg_out=172.5s avg_ret=154.0s avg_lap=339.2s best_lap=333.0
t=2574.8 route=5 laps=4 crashes=0 avg_out=252.8s avg_ret=228.2s avg_lap=493.7s best_lap=487.7
t=2574.8 route=6 laps=7 crashes=0 avg_out=144.3s avg_ret=142.9s avg_lap=298.8s best_lap=273.6
t=2574.8 route=7 laps=6 crashes=0 avg_out=170.9s avg_ret=148.3s avg_lap=331.7s best_lap=315.4
t=2574.8 route=8 laps=6 crashes=0 avg_out=173.8s avg_ret=179.1s avg_lap=364.9s best_lap=351.4
t=2574.8 TOTAL laps=44 crashes=1
t=2574.8 TUNER gen=0 results=45/64 pending=8 active=8 remaining=19 next_trial=54 rounds=[8,6,5,7,5,8,7,7]
t=2589.4 LAP_CAPTURE craft=Aircraft_10_nav_r4_49 route=4 return=158.6s lap=338.9s carrier_dist=200m t=2589.4
t=2598.4 LAP_CAPTURE craft=Aircraft_10_nav_r7_50 route=7 return=147.9s lap=327.9s carrier_dist=200m t=2598.4
t=2604.7 ==== SUMMARY t=2604.7 ====
t=2604.7 route=1 laps=7 crashes=0 avg_out=150.3s avg_ret=162.0s avg_lap=324.3s best_lap=317.8
t=2604.7 route=2 laps=4 crashes=1 avg_out=181.9s avg_ret=246.9s avg_lap=447.0s best_lap=432.9
t=2604.7 route=3 laps=4 crashes=0 avg_out=214.5s avg_ret=257.1s avg_lap=483.7s best_lap=447.7
t=2604.7 route=4 laps=7 crashes=0 avg_out=172.5s avg_ret=154.6s avg_lap=339.2s best_lap=333.0
t=2604.8 route=5 laps=4 crashes=0 avg_out=252.8s avg_ret=228.2s avg_lap=493.7s best_lap=487.7
t=2604.8 route=6 laps=7 crashes=0 avg_out=144.3s avg_ret=142.9s avg_lap=298.8s best_lap=273.6
t=2604.8 route=7 laps=7 crashes=0 avg_out=170.9s avg_ret=148.2s avg_lap=331.2s best_lap=315.4
t=2604.8 route=8 laps=6 crashes=0 avg_out=173.8s avg_ret=179.1s avg_lap=364.9s best_lap=351.4
t=2604.8 TOTAL laps=46 crashes=1
t=2604.8 TUNER gen=0 results=47/64 pending=7 active=7 remaining=17 next_trial=55 rounds=[8,6,5,8,5,8,7,7]
t=2606.9 LAUNCH_BLOCKED reason=deck_busy active=7 stored=1 no_active_s=0.0 state=AIRCRAFT_ON_DECK tractor_cleanup=false elevator_transfer=false deck=Aircraft_10_nav_r4_54 pending=none clearance=none queue=0
t=2607.1 SPAWN craft=Aircraft_10_nav_r4_54 route=4 candidate=3 trial=54 t=2607.1
t=2614.9 LAP_CAPTURE craft=Aircraft_10_nav_r3_44 route=3 return=254.1s lap=480.0s carrier_dist=200m t=2614.9
t=2621.9 LAUNCH_BLOCKED reason=deck_busy active=7 stored=1 no_active_s=0.0 state=AIRCRAFT_ON_DECK tractor_cleanup=false elevator_transfer=true deck=Aircraft_10_nav_r7_55 pending=none clearance=none queue=0
t=2627.2 SPAWN craft=Aircraft_10_nav_r7_55 route=7 candidate=6 trial=55 t=2627.2
t=2629.3 LAP_CAPTURE craft=Aircraft_10_nav_r2_47 route=2 return=242.0s lap=434.3s carrier_dist=200m t=2629.3
t=2634.7 ==== SUMMARY t=2634.7 ====
t=2634.7 route=1 laps=7 crashes=0 avg_out=150.3s avg_ret=162.0s avg_lap=324.3s best_lap=317.8
t=2634.7 route=2 laps=5 crashes=1 avg_out=181.9s avg_ret=245.9s avg_lap=444.5s best_lap=432.9
t=2634.8 route=3 laps=5 crashes=0 avg_out=214.5s avg_ret=256.5s avg_lap=483.0s best_lap=447.7
t=2634.8 route=4 laps=7 crashes=0 avg_out=172.5s avg_ret=154.6s avg_lap=339.2s best_lap=333.0
t=2634.8 route=5 laps=4 crashes=0 avg_out=252.8s avg_ret=228.2s avg_lap=493.7s best_lap=487.7
t=2634.8 route=6 laps=7 crashes=0 avg_out=144.3s avg_ret=142.9s avg_lap=298.8s best_lap=273.6
t=2634.8 route=7 laps=7 crashes=0 avg_out=170.9s avg_ret=148.2s avg_lap=331.2s best_lap=315.4
t=2634.8 route=8 laps=6 crashes=0 avg_out=173.8s avg_ret=179.1s avg_lap=364.9s best_lap=351.4
t=2634.8 TOTAL laps=48 crashes=1
t=2634.8 TUNER gen=0 results=49/64 pending=6 active=6 remaining=15 next_trial=56 rounds=[8,6,5,8,5,8,8,7]
t=2637.0 LAUNCH_BLOCKED reason=deck_busy active=7 stored=1 no_active_s=0.0 state=RETRIEVING_FROM_HANGAR tractor_cleanup=false elevator_transfer=false deck=Aircraft_10_nav_r3_56 pending=none clearance=none queue=0
t=2647.4 SPAWN craft=Aircraft_10_nav_r3_56 route=3 candidate=8 trial=56 t=2647.4
t=2652.1 LAUNCH_BLOCKED reason=cleared_unready_nav_deck_aircraft active=7 stored=1 no_active_s=0.0 state=IDLE tractor_cleanup=false elevator_transfer=false deck=Aircraft_10_nav_r3_56 pending=none clearance=none queue=0
t=2660.7 LZ_REACHED craft=Aircraft_10_nav_r1_52 route=1 outbound=148.9s t=2660.7
t=2664.9 ==== SUMMARY t=2664.9 ====
t=2664.9 route=1 laps=7 crashes=0 avg_out=150.1s avg_ret=162.0s avg_lap=324.3s best_lap=317.8
t=2664.9 route=2 laps=5 crashes=1 avg_out=181.9s avg_ret=245.9s avg_lap=444.5s best_lap=432.9
t=2664.9 route=3 laps=5 crashes=0 avg_out=214.5s avg_ret=256.5s avg_lap=483.0s best_lap=447.7
t=2664.9 route=4 laps=7 crashes=0 avg_out=172.5s avg_ret=154.6s avg_lap=339.2s best_lap=333.0
t=2664.9 route=5 laps=4 crashes=0 avg_out=252.8s avg_ret=228.2s avg_lap=493.7s best_lap=487.7
t=2664.9 route=6 laps=7 crashes=0 avg_out=144.3s avg_ret=142.9s avg_lap=298.8s best_lap=273.6
t=2664.9 route=7 laps=7 crashes=0 avg_out=170.9s avg_ret=148.2s avg_lap=331.2s best_lap=315.4
t=2664.9 route=8 laps=6 crashes=0 avg_out=173.8s avg_ret=179.1s avg_lap=364.9s best_lap=351.4
t=2664.9 TOTAL laps=48 crashes=1
t=2664.9 TUNER gen=0 results=49/64 pending=8 active=8 remaining=15 next_trial=58 rounds=[8,7,6,8,5,8,8,7]
t=2667.4 SPAWN craft=Aircraft_10_nav_r2_57 route=2 candidate=8 trial=57 t=2667.4
t=2692.4 LAP_CAPTURE craft=Aircraft_10_nav_r6_51 route=6 return=141.7s lap=301.2s carrier_dist=200m t=2692.4
t=2694.9 ==== SUMMARY t=2694.9 ====
t=2694.9 route=1 laps=7 crashes=0 avg_out=150.1s avg_ret=162.0s avg_lap=324.3s best_lap=317.8
t=2694.9 route=2 laps=5 crashes=1 avg_out=181.9s avg_ret=245.9s avg_lap=444.5s best_lap=432.9
t=2694.9 route=3 laps=5 crashes=0 avg_out=214.5s avg_ret=256.5s avg_lap=483.0s best_lap=447.7
t=2694.9 route=4 laps=7 crashes=0 avg_out=172.5s avg_ret=154.6s avg_lap=339.2s best_lap=333.0
t=2694.9 route=5 laps=4 crashes=0 avg_out=252.8s avg_ret=228.2s avg_lap=493.7s best_lap=487.7
t=2695.0 route=6 laps=8 crashes=0 avg_out=144.3s avg_ret=142.7s avg_lap=299.1s best_lap=273.6
t=2695.0 route=7 laps=7 crashes=0 avg_out=170.9s avg_ret=148.2s avg_lap=331.2s best_lap=315.4
t=2695.0 route=8 laps=6 crashes=0 avg_out=173.8s avg_ret=179.1s avg_lap=364.9s best_lap=351.4
t=2695.0 TOTAL laps=49 crashes=1
t=2695.0 TUNER gen=0 results=50/64 pending=7 active=7 remaining=14 next_trial=58 rounds=[8,7,6,8,5,8,8,7]
t=2705.1 TUNING_REASSIGN craft=Aircraft_10_nav_r6_58 requested_route=6 assigned_route=5
t=2709.0 LAP_CAPTURE craft=Aircraft_10_nav_r5_48 route=5 return=232.0s lap=493.8s carrier_dist=200m t=2709.0
t=2712.6 SPAWN craft=Aircraft_10_nav_r6_58 route=5 candidate=2 trial=58 t=2712.6
t=2715.4 LZ_REACHED craft=Aircraft_10_nav_r8_53 route=8 outbound=173.7s t=2715.4
t=2717.4 LAUNCH_BLOCKED reason=cleared_unready_nav_deck_aircraft active=7 stored=1 no_active_s=0.0 state=IDLE tractor_cleanup=false elevator_transfer=false deck=Aircraft_10_nav_r6_58 pending=none clearance=none queue=0
t=2725.0 ==== SUMMARY t=2725.0 ====
t=2725.0 route=1 laps=7 crashes=0 avg_out=150.1s avg_ret=162.0s avg_lap=324.3s best_lap=317.8
t=2725.0 route=2 laps=5 crashes=1 avg_out=181.9s avg_ret=245.9s avg_lap=444.5s best_lap=432.9
t=2725.0 route=3 laps=5 crashes=0 avg_out=214.5s avg_ret=256.5s avg_lap=483.0s best_lap=447.7
t=2725.0 route=4 laps=7 crashes=0 avg_out=172.5s avg_ret=154.6s avg_lap=339.2s best_lap=333.0
t=2725.0 route=5 laps=5 crashes=0 avg_out=252.8s avg_ret=229.0s avg_lap=493.7s best_lap=487.7
t=2725.0 route=6 laps=8 crashes=0 avg_out=144.3s avg_ret=142.7s avg_lap=299.1s best_lap=273.6
t=2725.1 route=7 laps=7 crashes=0 avg_out=170.9s avg_ret=148.2s avg_lap=331.2s best_lap=315.4
t=2725.1 route=8 laps=6 crashes=0 avg_out=173.8s avg_ret=179.1s avg_lap=364.9s best_lap=351.4
t=2725.1 TOTAL laps=50 crashes=1
t=2725.1 TUNER gen=0 results=51/64 pending=7 active=7 remaining=13 next_trial=59 rounds=[8,7,6,8,6,8,8,7]
t=2725.4 TUNING_REASSIGN craft=Aircraft_10_nav_r6_59 requested_route=6 assigned_route=3
t=2733.1 SPAWN craft=Aircraft_10_nav_r6_59 route=3 candidate=1 trial=59 t=2733.1
t=2755.1 ==== SUMMARY t=2755.1 ====
t=2755.1 route=1 laps=7 crashes=0 avg_out=150.1s avg_ret=162.0s avg_lap=324.3s best_lap=317.8
t=2755.1 route=2 laps=5 crashes=1 avg_out=181.9s avg_ret=245.9s avg_lap=444.5s best_lap=432.9
t=2755.1 route=3 laps=5 crashes=0 avg_out=214.5s avg_ret=256.5s avg_lap=483.0s best_lap=447.7
t=2755.1 route=4 laps=7 crashes=0 avg_out=172.5s avg_ret=154.6s avg_lap=339.2s best_lap=333.0
t=2755.2 route=5 laps=5 crashes=0 avg_out=252.8s avg_ret=229.0s avg_lap=493.7s best_lap=487.7
t=2755.2 route=6 laps=8 crashes=0 avg_out=144.3s avg_ret=142.7s avg_lap=299.1s best_lap=273.6
t=2755.2 route=7 laps=7 crashes=0 avg_out=170.9s avg_ret=148.2s avg_lap=331.2s best_lap=315.4
t=2755.2 route=8 laps=6 crashes=0 avg_out=173.8s avg_ret=179.1s avg_lap=364.9s best_lap=351.4
t=2755.2 TOTAL laps=50 crashes=1
t=2755.2 TUNER gen=0 results=51/64 pending=8 active=8 remaining=13 next_trial=60 rounds=[8,7,7,8,6,8,8,7]
t=2782.0 LZ_REACHED craft=Aircraft_10_nav_r4_54 route=4 outbound=174.9s t=2782.0
t=2785.1 ==== SUMMARY t=2785.1 ====
t=2785.2 route=1 laps=7 crashes=0 avg_out=150.1s avg_ret=162.0s avg_lap=324.3s best_lap=317.8
t=2785.2 route=2 laps=5 crashes=1 avg_out=181.9s avg_ret=245.9s avg_lap=444.5s best_lap=432.9
t=2785.2 route=3 laps=5 crashes=0 avg_out=214.5s avg_ret=256.5s avg_lap=483.0s best_lap=447.7
t=2785.2 route=4 laps=7 crashes=0 avg_out=172.8s avg_ret=154.6s avg_lap=339.2s best_lap=333.0
t=2785.2 route=5 laps=5 crashes=0 avg_out=252.8s avg_ret=229.0s avg_lap=493.7s best_lap=487.7
t=2785.2 route=6 laps=8 crashes=0 avg_out=144.3s avg_ret=142.7s avg_lap=299.1s best_lap=273.6
t=2785.2 route=7 laps=7 crashes=0 avg_out=170.9s avg_ret=148.2s avg_lap=331.2s best_lap=315.4
t=2785.2 route=8 laps=6 crashes=0 avg_out=173.8s avg_ret=179.1s avg_lap=364.9s best_lap=351.4
t=2785.2 TOTAL laps=50 crashes=1
t=2785.2 TUNER gen=0 results=51/64 pending=8 active=8 remaining=13 next_trial=60 rounds=[8,7,7,8,6,8,8,7]
t=2793.9 LZ_REACHED craft=Aircraft_10_nav_r7_55 route=7 outbound=166.6s t=2793.9
t=2815.2 ==== SUMMARY t=2815.2 ====
t=2815.2 route=1 laps=7 crashes=0 avg_out=150.1s avg_ret=162.0s avg_lap=324.3s best_lap=317.8
t=2815.2 route=2 laps=5 crashes=1 avg_out=181.9s avg_ret=245.9s avg_lap=444.5s best_lap=432.9
t=2815.2 route=3 laps=5 crashes=0 avg_out=214.5s avg_ret=256.5s avg_lap=483.0s best_lap=447.7
t=2815.2 route=4 laps=7 crashes=0 avg_out=172.8s avg_ret=154.6s avg_lap=339.2s best_lap=333.0
t=2815.2 route=5 laps=5 crashes=0 avg_out=252.8s avg_ret=229.0s avg_lap=493.7s best_lap=487.7
t=2815.2 route=6 laps=8 crashes=0 avg_out=144.3s avg_ret=142.7s avg_lap=299.1s best_lap=273.6
t=2815.2 route=7 laps=7 crashes=0 avg_out=170.4s avg_ret=148.2s avg_lap=331.2s best_lap=315.4
t=2815.2 route=8 laps=6 crashes=0 avg_out=173.8s avg_ret=179.1s avg_lap=364.9s best_lap=351.4
t=2815.2 TOTAL laps=50 crashes=1
t=2815.2 TUNER gen=0 results=51/64 pending=8 active=8 remaining=13 next_trial=60 rounds=[8,7,7,8,6,8,8,7]
t=2835.4 LAP_CAPTURE craft=Aircraft_10_nav_r1_52 route=1 return=162.7s lap=323.7s carrier_dist=200m t=2835.4
t=2845.2 ==== SUMMARY t=2845.2 ====
t=2845.2 route=1 laps=8 crashes=0 avg_out=150.1s avg_ret=162.1s avg_lap=324.2s best_lap=317.8
t=2845.2 route=2 laps=5 crashes=1 avg_out=181.9s avg_ret=245.9s avg_lap=444.5s best_lap=432.9
t=2845.2 route=3 laps=5 crashes=0 avg_out=214.5s avg_ret=256.5s avg_lap=483.0s best_lap=447.7
t=2845.2 route=4 laps=7 crashes=0 avg_out=172.8s avg_ret=154.6s avg_lap=339.2s best_lap=333.0
t=2845.2 route=5 laps=5 crashes=0 avg_out=252.8s avg_ret=229.0s avg_lap=493.7s best_lap=487.7
t=2845.2 route=6 laps=8 crashes=0 avg_out=144.3s avg_ret=142.7s avg_lap=299.1s best_lap=273.6
t=2845.2 route=7 laps=7 crashes=0 avg_out=170.4s avg_ret=148.2s avg_lap=331.2s best_lap=315.4
t=2845.2 route=8 laps=6 crashes=0 avg_out=173.8s avg_ret=179.1s avg_lap=364.9s best_lap=351.4
t=2845.3 TOTAL laps=51 crashes=1
t=2845.3 TUNER gen=0 results=52/64 pending=7 active=7 remaining=12 next_trial=60 rounds=[8,7,7,8,6,8,8,7]
t=2845.7 TUNING_REASSIGN craft=Aircraft_10_nav_r1_60 requested_route=1 assigned_route=5
t=2848.1 LAUNCH_BLOCKED reason=tuner_capacity_full active=8 stored=1 no_active_s=0.0 state=AIRCRAFT_ON_DECK tractor_cleanup=false elevator_transfer=true deck=Aircraft_10_nav_r1_60 pending=none clearance=none queue=0
t=2848.1 LZ_REACHED craft=Aircraft_10_nav_r2_57 route=2 outbound=180.7s t=2848.1
t=2853.3 SPAWN craft=Aircraft_10_nav_r1_60 route=5 candidate=3 trial=60 t=2853.3
t=2863.2 LAUNCH_BLOCKED reason=tuner_capacity_full active=8 stored=1 no_active_s=0.0 state=IDLE tractor_cleanup=false elevator_transfer=false deck=Aircraft_10_nav_r1_60 pending=none clearance=none queue=0
t=2866.9 LZ_REACHED craft=Aircraft_10_nav_r3_56 route=3 outbound=219.5s t=2866.9
t=2875.3 ==== SUMMARY t=2875.3 ====
t=2875.3 route=1 laps=8 crashes=0 avg_out=150.1s avg_ret=162.1s avg_lap=324.2s best_lap=317.8
t=2875.3 route=2 laps=5 crashes=1 avg_out=181.8s avg_ret=245.9s avg_lap=444.5s best_lap=432.9
t=2875.3 route=3 laps=5 crashes=0 avg_out=215.3s avg_ret=256.5s avg_lap=483.0s best_lap=447.7
t=2875.3 route=4 laps=7 crashes=0 avg_out=172.8s avg_ret=154.6s avg_lap=339.2s best_lap=333.0
t=2875.3 route=5 laps=5 crashes=0 avg_out=252.8s avg_ret=229.0s avg_lap=493.7s best_lap=487.7
t=2875.3 route=6 laps=8 crashes=0 avg_out=144.3s avg_ret=142.7s avg_lap=299.1s best_lap=273.6
t=2875.3 route=7 laps=7 crashes=0 avg_out=170.4s avg_ret=148.2s avg_lap=331.2s best_lap=315.4
t=2875.3 route=8 laps=6 crashes=0 avg_out=173.8s avg_ret=179.1s avg_lap=364.9s best_lap=351.4
t=2875.3 TOTAL laps=51 crashes=1
t=2875.3 TUNER gen=0 results=52/64 pending=8 active=8 remaining=12 next_trial=61 rounds=[8,7,7,8,7,8,8,7]
t=2878.2 LAUNCH_BLOCKED reason=tuner_capacity_full active=8 stored=1 no_active_s=0.0 state=IDLE tractor_cleanup=false elevator_transfer=false deck=Aircraft_10_nav_r1_60 pending=none clearance=none queue=0
t=2893.3 LAUNCH_BLOCKED reason=tuner_capacity_full active=8 stored=1 no_active_s=0.0 state=IDLE tractor_cleanup=false elevator_transfer=false deck=Aircraft_10_nav_r1_60 pending=none clearance=Aircraft_10_nav_r8_53 queue=0
t=2900.9 LAP_CAPTURE craft=Aircraft_10_nav_r8_53 route=8 return=173.4s lap=359.1s carrier_dist=200m t=2900.9
t=2905.3 ==== SUMMARY t=2905.3 ====
t=2905.4 route=1 laps=8 crashes=0 avg_out=150.1s avg_ret=162.1s avg_lap=324.2s best_lap=317.8
t=2905.4 route=2 laps=5 crashes=1 avg_out=181.8s avg_ret=245.9s avg_lap=444.5s best_lap=432.9
t=2905.4 route=3 laps=5 crashes=0 avg_out=215.3s avg_ret=256.5s avg_lap=483.0s best_lap=447.7
t=2905.4 route=4 laps=7 crashes=0 avg_out=172.8s avg_ret=154.6s avg_lap=339.2s best_lap=333.0
t=2905.4 route=5 laps=5 crashes=0 avg_out=252.8s avg_ret=229.0s avg_lap=493.7s best_lap=487.7
t=2905.4 route=6 laps=8 crashes=0 avg_out=144.3s avg_ret=142.7s avg_lap=299.1s best_lap=273.6
t=2905.4 route=7 laps=7 crashes=0 avg_out=170.4s avg_ret=148.2s avg_lap=331.2s best_lap=315.4
t=2905.4 route=8 laps=7 crashes=0 avg_out=173.8s avg_ret=178.3s avg_lap=364.1s best_lap=351.4
t=2905.4 TOTAL laps=52 crashes=1
t=2905.4 TUNER gen=0 results=53/64 pending=7 active=7 remaining=11 next_trial=61 rounds=[8,7,7,8,7,8,8,7]
t=2911.2 TUNING_REASSIGN craft=Aircraft_10_nav_r6_61 requested_route=6 assigned_route=2
t=2913.4 LAUNCH_BLOCKED reason=tuner_capacity_full active=8 stored=1 no_active_s=0.0 state=AIRCRAFT_ON_DECK tractor_cleanup=false elevator_transfer=true deck=Aircraft_10_nav_r6_61 pending=none clearance=none queue=0
t=2918.7 SPAWN craft=Aircraft_10_nav_r6_61 route=2 candidate=1 trial=61 t=2918.7
t=2928.5 LAUNCH_BLOCKED reason=tuner_capacity_full active=8 stored=1 no_active_s=0.0 state=IDLE tractor_cleanup=false elevator_transfer=false deck=Aircraft_10_nav_r6_61 pending=none clearance=none queue=0
t=2935.4 ==== SUMMARY t=2935.4 ====
t=2935.4 route=1 laps=8 crashes=0 avg_out=150.1s avg_ret=162.1s avg_lap=324.2s best_lap=317.8
t=2935.4 route=2 laps=5 crashes=1 avg_out=181.8s avg_ret=245.9s avg_lap=444.5s best_lap=432.9
t=2935.4 route=3 laps=5 crashes=0 avg_out=215.3s avg_ret=256.5s avg_lap=483.0s best_lap=447.7
t=2935.4 route=4 laps=7 crashes=0 avg_out=172.8s avg_ret=154.6s avg_lap=339.2s best_lap=333.0
t=2935.4 route=5 laps=5 crashes=0 avg_out=252.8s avg_ret=229.0s avg_lap=493.7s best_lap=487.7
t=2935.4 route=6 laps=8 crashes=0 avg_out=144.3s avg_ret=142.7s avg_lap=299.1s best_lap=273.6
t=2935.5 route=7 laps=7 crashes=0 avg_out=170.4s avg_ret=148.2s avg_lap=331.2s best_lap=315.4
t=2935.5 route=8 laps=7 crashes=0 avg_out=173.8s avg_ret=178.3s avg_lap=364.1s best_lap=351.4
t=2935.5 TOTAL laps=52 crashes=1
t=2935.5 TUNER gen=0 results=53/64 pending=8 active=8 remaining=11 next_trial=62 rounds=[8,8,7,8,7,8,8,7]
t=2943.5 LAUNCH_BLOCKED reason=tuner_capacity_full active=8 stored=1 no_active_s=0.0 state=IDLE tractor_cleanup=false elevator_transfer=false deck=Aircraft_10_nav_r6_61 pending=none clearance=none queue=0
t=2946.7 LAP_CAPTURE craft=Aircraft_10_nav_r4_54 route=4 return=152.6s lap=339.6s carrier_dist=200m t=2946.7
t=2947.6 LZ_REACHED craft=Aircraft_10_nav_r6_59 route=3 outbound=214.5s t=2947.6
t=2953.0 LAP_CAPTURE craft=Aircraft_10_nav_r7_55 route=7 return=147.2s lap=325.8s carrier_dist=200m t=2953.0
t=2956.3 TUNING_REASSIGN craft=Aircraft_10_nav_r1_62 requested_route=1 assigned_route=3
t=2958.7 LAUNCH_BLOCKED reason=deck_busy active=7 stored=2 no_active_s=0.0 state=AIRCRAFT_ON_DECK tractor_cleanup=false elevator_transfer=true deck=Aircraft_10_nav_r1_62 pending=none clearance=none queue=0
t=2963.9 SPAWN craft=Aircraft_10_nav_r1_62 route=3 candidate=2 trial=62 t=2963.9
t=2965.5 ==== SUMMARY t=2965.5 ====
t=2965.5 route=1 laps=8 crashes=0 avg_out=150.1s avg_ret=162.1s avg_lap=324.2s best_lap=317.8
t=2965.5 route=2 laps=5 crashes=1 avg_out=181.8s avg_ret=245.9s avg_lap=444.5s best_lap=432.9
t=2965.5 route=3 laps=5 crashes=0 avg_out=215.2s avg_ret=256.5s avg_lap=483.0s best_lap=447.7
t=2965.5 route=4 laps=8 crashes=0 avg_out=172.8s avg_ret=154.4s avg_lap=339.2s best_lap=333.0
t=2965.6 route=5 laps=5 crashes=0 avg_out=252.8s avg_ret=229.0s avg_lap=493.7s best_lap=487.7
t=2965.6 route=6 laps=8 crashes=0 avg_out=144.3s avg_ret=142.7s avg_lap=299.1s best_lap=273.6
t=2965.6 route=7 laps=8 crashes=0 avg_out=170.4s avg_ret=148.1s avg_lap=330.5s best_lap=315.4
t=2965.6 route=8 laps=7 crashes=0 avg_out=173.8s avg_ret=178.3s avg_lap=364.1s best_lap=351.4
t=2965.6 TOTAL laps=54 crashes=1
t=2965.6 TUNER gen=0 results=55/64 pending=7 active=7 remaining=9 next_trial=63 rounds=[8,8,8,8,7,8,8,7]
t=2972.3 LZ_REACHED craft=Aircraft_10_nav_r6_58 route=5 outbound=259.8s t=2972.3
t=2973.7 LAUNCH_BLOCKED reason=deck_busy active=8 stored=1 no_active_s=0.0 state=RETRIEVING_FROM_HANGAR tractor_cleanup=false elevator_transfer=false deck=Aircraft_10_nav_r4_63 pending=none clearance=none queue=0
t=2976.4 TUNING_REASSIGN craft=Aircraft_10_nav_r4_63 requested_route=4 assigned_route=5
t=2984.0 SPAWN craft=Aircraft_10_nav_r4_63 route=5 candidate=4 trial=63 t=2984.0
t=2989.0 LAUNCH_BLOCKED reason=tuner_capacity_full active=8 stored=1 no_active_s=0.0 state=IDLE tractor_cleanup=false elevator_transfer=false deck=Aircraft_10_nav_r4_63 pending=none clearance=none queue=0
t=2995.7 ==== SUMMARY t=2995.7 ====
t=2995.7 route=1 laps=8 crashes=0 avg_out=150.1s avg_ret=162.1s avg_lap=324.2s best_lap=317.8
t=2995.8 route=2 laps=5 crashes=1 avg_out=181.8s avg_ret=245.9s avg_lap=444.5s best_lap=432.9
t=2995.8 route=3 laps=5 crashes=0 avg_out=215.2s avg_ret=256.5s avg_lap=483.0s best_lap=447.7
t=2995.8 route=4 laps=8 crashes=0 avg_out=172.8s avg_ret=154.4s avg_lap=339.2s best_lap=333.0
t=2995.8 route=5 laps=5 crashes=0 avg_out=253.9s avg_ret=229.0s avg_lap=493.7s best_lap=487.7
t=2995.8 route=6 laps=8 crashes=0 avg_out=144.3s avg_ret=142.7s avg_lap=299.1s best_lap=273.6
t=2995.8 route=7 laps=8 crashes=0 avg_out=170.4s avg_ret=148.1s avg_lap=330.5s best_lap=315.4
t=2995.8 route=8 laps=7 crashes=0 avg_out=173.8s avg_ret=178.3s avg_lap=364.1s best_lap=351.4
t=2995.8 TOTAL laps=54 crashes=1
t=2995.8 TUNER gen=0 results=55/64 pending=8 active=8 remaining=9 next_trial=64 rounds=[8,8,8,8,8,8,8,7]
t=3004.0 LAUNCH_BLOCKED reason=tuner_capacity_full active=8 stored=1 no_active_s=0.0 state=IDLE tractor_cleanup=false elevator_transfer=false deck=Aircraft_10_nav_r4_63 pending=none clearance=none queue=0
t=3019.1 LAUNCH_BLOCKED reason=tuner_capacity_full active=8 stored=1 no_active_s=0.0 state=IDLE tractor_cleanup=false elevator_transfer=false deck=Aircraft_10_nav_r4_63 pending=none clearance=none queue=0
t=3025.8 ==== SUMMARY t=3025.8 ====
t=3025.9 route=1 laps=8 crashes=0 avg_out=150.1s avg_ret=162.1s avg_lap=324.2s best_lap=317.8
t=3025.9 route=2 laps=5 crashes=1 avg_out=181.8s avg_ret=245.9s avg_lap=444.5s best_lap=432.9
t=3025.9 route=3 laps=5 crashes=0 avg_out=215.2s avg_ret=256.5s avg_lap=483.0s best_lap=447.7
t=3025.9 route=4 laps=8 crashes=0 avg_out=172.8s avg_ret=154.4s avg_lap=339.2s best_lap=333.0
t=3025.9 route=5 laps=5 crashes=0 avg_out=253.9s avg_ret=229.0s avg_lap=493.7s best_lap=487.7
t=3025.9 route=6 laps=8 crashes=0 avg_out=144.3s avg_ret=142.7s avg_lap=299.1s best_lap=273.6
t=3025.9 route=7 laps=8 crashes=0 avg_out=170.4s avg_ret=148.1s avg_lap=330.5s best_lap=315.4
t=3025.9 route=8 laps=7 crashes=0 avg_out=173.8s avg_ret=178.3s avg_lap=364.1s best_lap=351.4
t=3025.9 TOTAL laps=54 crashes=1
t=3025.9 TUNER gen=0 results=55/64 pending=8 active=8 remaining=9 next_trial=64 rounds=[8,8,8,8,8,8,8,7]
t=3034.2 LAUNCH_BLOCKED reason=tuner_capacity_full active=8 stored=1 no_active_s=0.0 state=IDLE tractor_cleanup=false elevator_transfer=false deck=Aircraft_10_nav_r4_63 pending=none clearance=none queue=0
t=3049.2 LAUNCH_BLOCKED reason=tuner_capacity_full active=8 stored=1 no_active_s=0.0 state=IDLE tractor_cleanup=false elevator_transfer=false deck=Aircraft_10_nav_r4_63 pending=none clearance=none queue=0
t=3055.9 ==== SUMMARY t=3055.9 ====
t=3055.9 route=1 laps=8 crashes=0 avg_out=150.1s avg_ret=162.1s avg_lap=324.2s best_lap=317.8
t=3055.9 route=2 laps=5 crashes=1 avg_out=181.8s avg_ret=245.9s avg_lap=444.5s best_lap=432.9
t=3056.0 route=3 laps=5 crashes=0 avg_out=215.2s avg_ret=256.5s avg_lap=483.0s best_lap=447.7
t=3056.0 route=4 laps=8 crashes=0 avg_out=172.8s avg_ret=154.4s avg_lap=339.2s best_lap=333.0
t=3056.0 route=5 laps=5 crashes=0 avg_out=253.9s avg_ret=229.0s avg_lap=493.7s best_lap=487.7
t=3056.0 route=6 laps=8 crashes=0 avg_out=144.3s avg_ret=142.7s avg_lap=299.1s best_lap=273.6
t=3056.0 route=7 laps=8 crashes=0 avg_out=170.4s avg_ret=148.1s avg_lap=330.5s best_lap=315.4
t=3056.0 route=8 laps=7 crashes=0 avg_out=173.8s avg_ret=178.3s avg_lap=364.1s best_lap=351.4
t=3056.0 TOTAL laps=54 crashes=1
t=3056.0 TUNER gen=0 results=55/64 pending=8 active=8 remaining=9 next_trial=64 rounds=[8,8,8,8,8,8,8,7]
t=3064.3 LAUNCH_BLOCKED reason=tuner_capacity_full active=8 stored=1 no_active_s=0.0 state=IDLE tractor_cleanup=false elevator_transfer=false deck=Aircraft_10_nav_r4_63 pending=none clearance=none queue=0
t=3079.4 LAUNCH_BLOCKED reason=tuner_capacity_full active=8 stored=1 no_active_s=0.0 state=IDLE tractor_cleanup=false elevator_transfer=false deck=Aircraft_10_nav_r4_63 pending=none clearance=none queue=0
t=3085.9 ==== SUMMARY t=3085.9 ====
t=3085.9 route=1 laps=8 crashes=0 avg_out=150.1s avg_ret=162.1s avg_lap=324.2s best_lap=317.8
t=3085.9 route=2 laps=5 crashes=1 avg_out=181.8s avg_ret=245.9s avg_lap=444.5s best_lap=432.9
t=3085.9 route=3 laps=5 crashes=0 avg_out=215.2s avg_ret=256.5s avg_lap=483.0s best_lap=447.7
t=3085.9 route=4 laps=8 crashes=0 avg_out=172.8s avg_ret=154.4s avg_lap=339.2s best_lap=333.0
t=3085.9 route=5 laps=5 crashes=0 avg_out=253.9s avg_ret=229.0s avg_lap=493.7s best_lap=487.7
t=3086.0 route=6 laps=8 crashes=0 avg_out=144.3s avg_ret=142.7s avg_lap=299.1s best_lap=273.6
t=3086.0 route=7 laps=8 crashes=0 avg_out=170.4s avg_ret=148.1s avg_lap=330.5s best_lap=315.4
t=3086.0 route=8 laps=7 crashes=0 avg_out=173.8s avg_ret=178.3s avg_lap=364.1s best_lap=351.4
t=3086.0 TOTAL laps=54 crashes=1
t=3086.0 TUNER gen=0 results=55/64 pending=8 active=8 remaining=9 next_trial=64 rounds=[8,8,8,8,8,8,8,7]
t=3094.4 LAUNCH_BLOCKED reason=tuner_capacity_full active=8 stored=1 no_active_s=0.0 state=IDLE tractor_cleanup=false elevator_transfer=false deck=Aircraft_10_nav_r4_63 pending=none clearance=none queue=0
t=3099.2 LZ_REACHED craft=Aircraft_10_nav_r6_61 route=2 outbound=180.5s t=3099.2
t=3099.6 LAP_CAPTURE craft=Aircraft_10_nav_r2_57 route=2 return=239.4s lap=432.2s carrier_dist=200m t=3099.6
t=3100.2 LZ_REACHED craft=Aircraft_10_nav_r1_60 route=5 outbound=246.9s t=3100.2
t=3112.2 TUNING_REASSIGN craft=Aircraft_10_nav_r6_64 requested_route=6 assigned_route=8
t=3114.6 LAUNCH_BLOCKED reason=tuner_capacity_full active=8 stored=1 no_active_s=0.0 state=AIRCRAFT_ON_DECK tractor_cleanup=false elevator_transfer=true deck=Aircraft_10_nav_r6_64 pending=none clearance=none queue=0
t=3116.1 ==== SUMMARY t=3116.1 ====
t=3116.1 route=1 laps=8 crashes=0 avg_out=150.1s avg_ret=162.1s avg_lap=324.2s best_lap=317.8
t=3116.1 route=2 laps=6 crashes=1 avg_out=181.6s avg_ret=244.8s avg_lap=442.4s best_lap=432.2
t=3116.1 route=3 laps=5 crashes=0 avg_out=215.2s avg_ret=256.5s avg_lap=483.0s best_lap=447.7
t=3116.1 route=4 laps=8 crashes=0 avg_out=172.8s avg_ret=154.4s avg_lap=339.2s best_lap=333.0
t=3116.1 route=5 laps=5 crashes=0 avg_out=252.9s avg_ret=229.0s avg_lap=493.7s best_lap=487.7
t=3116.1 route=6 laps=8 crashes=0 avg_out=144.3s avg_ret=142.7s avg_lap=299.1s best_lap=273.6
t=3116.1 route=7 laps=8 crashes=0 avg_out=170.4s avg_ret=148.1s avg_lap=330.5s best_lap=315.4
t=3116.1 route=8 laps=7 crashes=0 avg_out=173.8s avg_ret=178.3s avg_lap=364.1s best_lap=351.4
t=3116.1 TOTAL laps=55 crashes=1
t=3116.1 TUNER gen=0 results=56/64 pending=8 active=8 remaining=8 next_trial=65 rounds=[8,8,8,8,8,8,8,8]
t=3119.9 SPAWN craft=Aircraft_10_nav_r6_64 route=8 candidate=7 trial=64 t=3119.9
t=3129.7 LAUNCH_BLOCKED reason=tuner_capacity_full active=8 stored=1 no_active_s=0.0 state=IDLE tractor_cleanup=false elevator_transfer=false deck=Aircraft_10_nav_r6_64 pending=none clearance=none queue=0
t=3136.6 LAP_CAPTURE craft=Aircraft_10_nav_r3_56 route=3 return=257.8s lap=489.2s carrier_dist=200m t=3136.6
t=3144.8 LAUNCH_BLOCKED reason=tuner_capacity_full active=7 stored=1 no_active_s=0.0 state=IDLE tractor_cleanup=false elevator_transfer=false deck=Aircraft_10_nav_r6_64 pending=none clearance=none queue=0
t=3146.1 ==== SUMMARY t=3146.1 ====
t=3146.1 route=1 laps=8 crashes=0 avg_out=150.1s avg_ret=162.1s avg_lap=324.2s best_lap=317.8
t=3146.1 route=2 laps=6 crashes=1 avg_out=181.6s avg_ret=244.8s avg_lap=442.4s best_lap=432.2
t=3146.1 route=3 laps=6 crashes=0 avg_out=215.2s avg_ret=256.7s avg_lap=484.0s best_lap=447.7
t=3146.1 route=4 laps=8 crashes=0 avg_out=172.8s avg_ret=154.4s avg_lap=339.2s best_lap=333.0
t=3146.1 route=5 laps=5 crashes=0 avg_out=252.9s avg_ret=229.0s avg_lap=493.7s best_lap=487.7
t=3146.2 route=6 laps=8 crashes=0 avg_out=144.3s avg_ret=142.7s avg_lap=299.1s best_lap=273.6
t=3146.2 route=7 laps=8 crashes=0 avg_out=170.4s avg_ret=148.1s avg_lap=330.5s best_lap=315.4
t=3146.2 route=8 laps=7 crashes=0 avg_out=173.8s avg_ret=178.3s avg_lap=364.1s best_lap=351.4
t=3146.2 TOTAL laps=56 crashes=1
t=3146.2 TUNER gen=0 results=57/64 pending=7 active=7 remaining=7 next_trial=65 rounds=[8,8,8,8,8,8,8,8]
t=3159.8 LAUNCH_BLOCKED reason=tuner_capacity_full active=7 stored=1 no_active_s=0.0 state=IDLE tractor_cleanup=false elevator_transfer=false deck=Aircraft_10_nav_r6_64 pending=none clearance=none queue=0
t=3174.8 LAUNCH_BLOCKED reason=tuner_capacity_full active=7 stored=1 no_active_s=0.0 state=IDLE tractor_cleanup=false elevator_transfer=false deck=Aircraft_10_nav_r6_64 pending=none clearance=none queue=0
t=3176.2 ==== SUMMARY t=3176.1 ====
t=3176.2 route=1 laps=8 crashes=0 avg_out=150.1s avg_ret=162.1s avg_lap=324.2s best_lap=317.8
t=3176.2 route=2 laps=6 crashes=1 avg_out=181.6s avg_ret=244.8s avg_lap=442.4s best_lap=432.2
t=3176.2 route=3 laps=6 crashes=0 avg_out=215.2s avg_ret=256.7s avg_lap=484.0s best_lap=447.7
t=3176.2 route=4 laps=8 crashes=0 avg_out=172.8s avg_ret=154.4s avg_lap=339.2s best_lap=333.0
t=3176.2 route=5 laps=5 crashes=0 avg_out=252.9s avg_ret=229.0s avg_lap=493.7s best_lap=487.7
t=3176.2 route=6 laps=8 crashes=0 avg_out=144.3s avg_ret=142.7s avg_lap=299.1s best_lap=273.6
t=3176.2 route=7 laps=8 crashes=0 avg_out=170.4s avg_ret=148.1s avg_lap=330.5s best_lap=315.4
t=3176.2 route=8 laps=7 crashes=0 avg_out=173.8s avg_ret=178.3s avg_lap=364.1s best_lap=351.4
t=3176.2 TOTAL laps=56 crashes=1
t=3176.2 TUNER gen=0 results=57/64 pending=7 active=7 remaining=7 next_trial=65 rounds=[8,8,8,8,8,8,8,8]
t=3186.5 LZ_REACHED craft=Aircraft_10_nav_r1_62 route=3 outbound=222.6s t=3186.5
t=3189.9 LAUNCH_BLOCKED reason=tuner_capacity_full active=7 stored=1 no_active_s=0.0 state=IDLE tractor_cleanup=false elevator_transfer=false deck=Aircraft_10_nav_r6_64 pending=none clearance=none queue=0
t=3205.0 LAUNCH_BLOCKED reason=tuner_capacity_full active=7 stored=1 no_active_s=0.0 state=IDLE tractor_cleanup=false elevator_transfer=false deck=Aircraft_10_nav_r6_64 pending=none clearance=none queue=0
t=3206.2 ==== SUMMARY t=3206.2 ====
t=3206.2 route=1 laps=8 crashes=0 avg_out=150.1s avg_ret=162.1s avg_lap=324.2s best_lap=317.8
t=3206.2 route=2 laps=6 crashes=1 avg_out=181.6s avg_ret=244.8s avg_lap=442.4s best_lap=432.2
t=3206.2 route=3 laps=6 crashes=0 avg_out=216.1s avg_ret=256.7s avg_lap=484.0s best_lap=447.7
t=3206.2 route=4 laps=8 crashes=0 avg_out=172.8s avg_ret=154.4s avg_lap=339.2s best_lap=333.0
t=3206.2 route=5 laps=5 crashes=0 avg_out=252.9s avg_ret=229.0s avg_lap=493.7s best_lap=487.7
t=3206.2 route=6 laps=8 crashes=0 avg_out=144.3s avg_ret=142.7s avg_lap=299.1s best_lap=273.6
t=3206.2 route=7 laps=8 crashes=0 avg_out=170.4s avg_ret=148.1s avg_lap=330.5s best_lap=315.4
t=3206.2 route=8 laps=7 crashes=0 avg_out=173.8s avg_ret=178.3s avg_lap=364.1s best_lap=351.4
t=3206.2 TOTAL laps=56 crashes=1
t=3206.2 TUNER gen=0 results=57/64 pending=7 active=7 remaining=7 next_trial=65 rounds=[8,8,8,8,8,8,8,8]
t=3208.7 LAP_CAPTURE craft=Aircraft_10_nav_r6_59 route=3 return=249.0s lap=475.7s carrier_dist=200m t=3208.7
t=3220.1 LAUNCH_BLOCKED reason=tuner_capacity_full active=6 stored=1 no_active_s=0.0 state=IDLE tractor_cleanup=false elevator_transfer=false deck=Aircraft_10_nav_r6_64 pending=none clearance=none queue=0
t=3227.6 LAP_CAPTURE craft=Aircraft_10_nav_r6_58 route=5 return=243.1s lap=515.0s carrier_dist=200m t=3227.6
t=3235.1 LAUNCH_BLOCKED reason=tuner_capacity_full active=5 stored=1 no_active_s=0.0 state=IDLE tractor_cleanup=false elevator_transfer=false deck=Aircraft_10_nav_r6_64 pending=none clearance=none queue=0
t=3236.2 ==== SUMMARY t=3236.2 ====
t=3236.2 route=1 laps=8 crashes=0 avg_out=150.1s avg_ret=162.1s avg_lap=324.2s best_lap=317.8
t=3236.2 route=2 laps=6 crashes=1 avg_out=181.6s avg_ret=244.8s avg_lap=442.4s best_lap=432.2
t=3236.2 route=3 laps=7 crashes=0 avg_out=216.1s avg_ret=255.6s avg_lap=482.8s best_lap=447.7
t=3236.2 route=4 laps=8 crashes=0 avg_out=172.8s avg_ret=154.4s avg_lap=339.2s best_lap=333.0
t=3236.2 route=5 laps=6 crashes=0 avg_out=252.9s avg_ret=231.3s avg_lap=497.3s best_lap=487.7
t=3236.2 route=6 laps=8 crashes=0 avg_out=144.3s avg_ret=142.7s avg_lap=299.1s best_lap=273.6
t=3236.2 route=7 laps=8 crashes=0 avg_out=170.4s avg_ret=148.1s avg_lap=330.5s best_lap=315.4
t=3236.2 route=8 laps=7 crashes=0 avg_out=173.8s avg_ret=178.3s avg_lap=364.1s best_lap=351.4
t=3236.3 TOTAL laps=58 crashes=1
t=3236.3 TUNER gen=0 results=59/64 pending=5 active=5 remaining=5 next_trial=65 rounds=[8,8,8,8,8,8,8,8]
t=3242.7 LZ_REACHED craft=Aircraft_10_nav_r4_63 route=5 outbound=258.6s t=3242.7
t=3250.1 LAUNCH_BLOCKED reason=tuner_capacity_full active=5 stored=1 no_active_s=0.0 state=IDLE tractor_cleanup=false elevator_transfer=false deck=Aircraft_10_nav_r6_64 pending=none clearance=none queue=0
t=3265.2 LAUNCH_BLOCKED reason=tuner_capacity_full active=5 stored=1 no_active_s=0.0 state=IDLE tractor_cleanup=false elevator_transfer=false deck=Aircraft_10_nav_r6_64 pending=none clearance=none queue=0
t=3266.3 ==== SUMMARY t=3266.3 ====
t=3266.3 route=1 laps=8 crashes=0 avg_out=150.1s avg_ret=162.1s avg_lap=324.2s best_lap=317.8
t=3266.3 route=2 laps=6 crashes=1 avg_out=181.6s avg_ret=244.8s avg_lap=442.4s best_lap=432.2
t=3266.3 route=3 laps=7 crashes=0 avg_out=216.1s avg_ret=255.6s avg_lap=482.8s best_lap=447.7
t=3266.3 route=4 laps=8 crashes=0 avg_out=172.8s avg_ret=154.4s avg_lap=339.2s best_lap=333.0
t=3266.3 route=5 laps=6 crashes=0 avg_out=253.6s avg_ret=231.3s avg_lap=497.3s best_lap=487.7
t=3266.3 route=6 laps=8 crashes=0 avg_out=144.3s avg_ret=142.7s avg_lap=299.1s best_lap=273.6
t=3266.3 route=7 laps=8 crashes=0 avg_out=170.4s avg_ret=148.1s avg_lap=330.5s best_lap=315.4
t=3266.3 route=8 laps=7 crashes=0 avg_out=173.8s avg_ret=178.3s avg_lap=364.1s best_lap=351.4
t=3266.3 TOTAL laps=58 crashes=1
t=3266.3 TUNER gen=0 results=59/64 pending=5 active=5 remaining=5 next_trial=65 rounds=[8,8,8,8,8,8,8,8]
t=3280.3 LAUNCH_BLOCKED reason=tuner_capacity_full active=5 stored=1 no_active_s=0.0 state=IDLE tractor_cleanup=false elevator_transfer=false deck=Aircraft_10_nav_r6_64 pending=none clearance=none queue=0
t=3291.9 LZ_REACHED craft=Aircraft_10_nav_r6_64 route=8 outbound=172.0s t=3291.9
t=3295.3 LAUNCH_BLOCKED reason=tuner_capacity_full active=5 stored=1 no_active_s=0.0 state=IDLE tractor_cleanup=false elevator_transfer=false deck=Aircraft_10_nav_r6_64 pending=none clearance=none queue=0
t=3296.3 ==== SUMMARY t=3296.3 ====
t=3296.3 route=1 laps=8 crashes=0 avg_out=150.1s avg_ret=162.1s avg_lap=324.2s best_lap=317.8
t=3296.3 route=2 laps=6 crashes=1 avg_out=181.6s avg_ret=244.8s avg_lap=442.4s best_lap=432.2
t=3296.3 route=3 laps=7 crashes=0 avg_out=216.1s avg_ret=255.6s avg_lap=482.8s best_lap=447.7
t=3296.3 route=4 laps=8 crashes=0 avg_out=172.8s avg_ret=154.4s avg_lap=339.2s best_lap=333.0
t=3296.3 route=5 laps=6 crashes=0 avg_out=253.6s avg_ret=231.3s avg_lap=497.3s best_lap=487.7
t=3296.3 route=6 laps=8 crashes=0 avg_out=144.3s avg_ret=142.7s avg_lap=299.1s best_lap=273.6
t=3296.3 route=7 laps=8 crashes=0 avg_out=170.4s avg_ret=148.1s avg_lap=330.5s best_lap=315.4
t=3296.3 route=8 laps=7 crashes=0 avg_out=173.5s avg_ret=178.3s avg_lap=364.1s best_lap=351.4
t=3296.3 TOTAL laps=58 crashes=1
t=3296.3 TUNER gen=0 results=59/64 pending=5 active=5 remaining=5 next_trial=65 rounds=[8,8,8,8,8,8,8,8]
t=3310.4 LAUNCH_BLOCKED reason=tuner_capacity_full active=5 stored=1 no_active_s=0.0 state=IDLE tractor_cleanup=false elevator_transfer=false deck=Aircraft_10_nav_r6_64 pending=none clearance=none queue=0
t=3325.5 LAUNCH_BLOCKED reason=tuner_capacity_full active=5 stored=1 no_active_s=0.0 state=IDLE tractor_cleanup=false elevator_transfer=false deck=Aircraft_10_nav_r6_64 pending=none clearance=none queue=0
t=3326.3 ==== SUMMARY t=3326.3 ====
t=3326.3 route=1 laps=8 crashes=0 avg_out=150.1s avg_ret=162.1s avg_lap=324.2s best_lap=317.8
t=3326.3 route=2 laps=6 crashes=1 avg_out=181.6s avg_ret=244.8s avg_lap=442.4s best_lap=432.2
t=3326.3 route=3 laps=7 crashes=0 avg_out=216.1s avg_ret=255.6s avg_lap=482.8s best_lap=447.7
t=3326.3 route=4 laps=8 crashes=0 avg_out=172.8s avg_ret=154.4s avg_lap=339.2s best_lap=333.0
t=3326.3 route=5 laps=6 crashes=0 avg_out=253.6s avg_ret=231.3s avg_lap=497.3s best_lap=487.7
t=3326.4 route=6 laps=8 crashes=0 avg_out=144.3s avg_ret=142.7s avg_lap=299.1s best_lap=273.6
t=3326.4 route=7 laps=8 crashes=0 avg_out=170.4s avg_ret=148.1s avg_lap=330.5s best_lap=315.4
t=3326.4 route=8 laps=7 crashes=0 avg_out=173.5s avg_ret=178.3s avg_lap=364.1s best_lap=351.4
t=3326.4 TOTAL laps=58 crashes=1
t=3326.4 TUNER gen=0 results=59/64 pending=5 active=5 remaining=5 next_trial=65 rounds=[8,8,8,8,8,8,8,8]
t=3340.5 LAUNCH_BLOCKED reason=tuner_capacity_full active=5 stored=1 no_active_s=0.0 state=IDLE tractor_cleanup=false elevator_transfer=false deck=Aircraft_10_nav_r6_64 pending=none clearance=none queue=0
t=3348.9 LAP_CAPTURE craft=Aircraft_10_nav_r1_60 route=5 return=236.6s lap=495.6s carrier_dist=200m t=3348.9
t=3349.3 LAP_CAPTURE craft=Aircraft_10_nav_r6_61 route=2 return=238.1s lap=430.6s carrier_dist=200m t=3349.3
t=3355.5 LAUNCH_BLOCKED reason=tuner_capacity_full active=3 stored=1 no_active_s=0.0 state=IDLE tractor_cleanup=false elevator_transfer=false deck=Aircraft_10_nav_r6_64 pending=none clearance=none queue=0
t=3356.3 ==== SUMMARY t=3356.3 ====
t=3356.3 route=1 laps=8 crashes=0 avg_out=150.1s avg_ret=162.1s avg_lap=324.2s best_lap=317.8
t=3356.3 route=2 laps=7 crashes=1 avg_out=181.6s avg_ret=243.8s avg_lap=440.7s best_lap=430.6
t=3356.3 route=3 laps=7 crashes=0 avg_out=216.1s avg_ret=255.6s avg_lap=482.8s best_lap=447.7
t=3356.3 route=4 laps=8 crashes=0 avg_out=172.8s avg_ret=154.4s avg_lap=339.2s best_lap=333.0
t=3356.3 route=5 laps=7 crashes=0 avg_out=253.6s avg_ret=232.1s avg_lap=497.0s best_lap=487.7
t=3356.4 route=6 laps=8 crashes=0 avg_out=144.3s avg_ret=142.7s avg_lap=299.1s best_lap=273.6
t=3356.4 route=7 laps=8 crashes=0 avg_out=170.4s avg_ret=148.1s avg_lap=330.5s best_lap=315.4
t=3356.4 route=8 laps=7 crashes=0 avg_out=173.5s avg_ret=178.3s avg_lap=364.1s best_lap=351.4
t=3356.4 TOTAL laps=60 crashes=1
t=3356.4 TUNER gen=0 results=61/64 pending=3 active=3 remaining=3 next_trial=65 rounds=[8,8,8,8,8,8,8,8]
t=3370.6 LAUNCH_BLOCKED reason=tuner_capacity_full active=3 stored=1 no_active_s=0.0 state=IDLE tractor_cleanup=false elevator_transfer=false deck=Aircraft_10_nav_r6_64 pending=none clearance=none queue=0
t=3385.7 LAUNCH_BLOCKED reason=tuner_capacity_full active=3 stored=1 no_active_s=0.0 state=IDLE tractor_cleanup=false elevator_transfer=false deck=Aircraft_10_nav_r6_64 pending=none clearance=none queue=0
t=3386.3 ==== SUMMARY t=3386.3 ====
t=3386.3 route=1 laps=8 crashes=0 avg_out=150.1s avg_ret=162.1s avg_lap=324.2s best_lap=317.8
t=3386.4 route=2 laps=7 crashes=1 avg_out=181.6s avg_ret=243.8s avg_lap=440.7s best_lap=430.6
t=3386.4 route=3 laps=7 crashes=0 avg_out=216.1s avg_ret=255.6s avg_lap=482.8s best_lap=447.7
t=3386.4 route=4 laps=8 crashes=0 avg_out=172.8s avg_ret=154.4s avg_lap=339.2s best_lap=333.0
t=3386.4 route=5 laps=7 crashes=0 avg_out=253.6s avg_ret=232.1s avg_lap=497.0s best_lap=487.7
t=3386.4 route=6 laps=8 crashes=0 avg_out=144.3s avg_ret=142.7s avg_lap=299.1s best_lap=273.6
t=3386.4 route=7 laps=8 crashes=0 avg_out=170.4s avg_ret=148.1s avg_lap=330.5s best_lap=315.4
t=3386.4 route=8 laps=7 crashes=0 avg_out=173.5s avg_ret=178.3s avg_lap=364.1s best_lap=351.4
t=3386.4 TOTAL laps=60 crashes=1
t=3386.4 TUNER gen=0 results=61/64 pending=3 active=3 remaining=3 next_trial=65 rounds=[8,8,8,8,8,8,8,8]
t=3400.7 LAUNCH_BLOCKED reason=tuner_capacity_full active=3 stored=1 no_active_s=0.0 state=IDLE tractor_cleanup=false elevator_transfer=false deck=Aircraft_10_nav_r6_64 pending=none clearance=none queue=0
t=3415.8 LAUNCH_BLOCKED reason=tuner_capacity_full active=3 stored=1 no_active_s=0.0 state=IDLE tractor_cleanup=false elevator_transfer=false deck=Aircraft_10_nav_r6_64 pending=none clearance=none queue=0
t=3416.4 ==== SUMMARY t=3416.4 ====
t=3416.4 route=1 laps=8 crashes=0 avg_out=150.1s avg_ret=162.1s avg_lap=324.2s best_lap=317.8
t=3416.4 route=2 laps=7 crashes=1 avg_out=181.6s avg_ret=243.8s avg_lap=440.7s best_lap=430.6
t=3416.4 route=3 laps=7 crashes=0 avg_out=216.1s avg_ret=255.6s avg_lap=482.8s best_lap=447.7
t=3416.4 route=4 laps=8 crashes=0 avg_out=172.8s avg_ret=154.4s avg_lap=339.2s best_lap=333.0
t=3416.4 route=5 laps=7 crashes=0 avg_out=253.6s avg_ret=232.1s avg_lap=497.0s best_lap=487.7
t=3416.4 route=6 laps=8 crashes=0 avg_out=144.3s avg_ret=142.7s avg_lap=299.1s best_lap=273.6
t=3416.4 route=7 laps=8 crashes=0 avg_out=170.4s avg_ret=148.1s avg_lap=330.5s best_lap=315.4
t=3416.4 route=8 laps=7 crashes=0 avg_out=173.5s avg_ret=178.3s avg_lap=364.1s best_lap=351.4
t=3416.4 TOTAL laps=60 crashes=1
t=3416.4 TUNER gen=0 results=61/64 pending=3 active=3 remaining=3 next_trial=65 rounds=[8,8,8,8,8,8,8,8]
t=3430.8 LAUNCH_BLOCKED reason=tuner_capacity_full active=3 stored=1 no_active_s=0.0 state=IDLE tractor_cleanup=false elevator_transfer=false deck=Aircraft_10_nav_r6_64 pending=none clearance=none queue=0
t=3445.9 LAUNCH_BLOCKED reason=tuner_capacity_full active=3 stored=1 no_active_s=0.0 state=IDLE tractor_cleanup=false elevator_transfer=false deck=Aircraft_10_nav_r6_64 pending=none clearance=none queue=0
t=3446.4 ==== SUMMARY t=3446.4 ====
t=3446.4 route=1 laps=8 crashes=0 avg_out=150.1s avg_ret=162.1s avg_lap=324.2s best_lap=317.8
t=3446.4 route=2 laps=7 crashes=1 avg_out=181.6s avg_ret=243.8s avg_lap=440.7s best_lap=430.6
t=3446.4 route=3 laps=7 crashes=0 avg_out=216.1s avg_ret=255.6s avg_lap=482.8s best_lap=447.7
t=3446.4 route=4 laps=8 crashes=0 avg_out=172.8s avg_ret=154.4s avg_lap=339.2s best_lap=333.0
t=3446.4 route=5 laps=7 crashes=0 avg_out=253.6s avg_ret=232.1s avg_lap=497.0s best_lap=487.7
t=3446.4 route=6 laps=8 crashes=0 avg_out=144.3s avg_ret=142.7s avg_lap=299.1s best_lap=273.6
t=3446.4 route=7 laps=8 crashes=0 avg_out=170.4s avg_ret=148.1s avg_lap=330.5s best_lap=315.4
t=3446.4 route=8 laps=7 crashes=0 avg_out=173.5s avg_ret=178.3s avg_lap=364.1s best_lap=351.4
t=3446.4 TOTAL laps=60 crashes=1
t=3446.4 TUNER gen=0 results=61/64 pending=3 active=3 remaining=3 next_trial=65 rounds=[8,8,8,8,8,8,8,8]
t=3460.9 LAUNCH_BLOCKED reason=tuner_capacity_full active=3 stored=1 no_active_s=0.0 state=IDLE tractor_cleanup=false elevator_transfer=false deck=Aircraft_10_nav_r6_64 pending=none clearance=Aircraft_10_nav_r6_64 queue=0
t=3468.4 LAP_CAPTURE craft=Aircraft_10_nav_r1_62 route=3 return=269.9s lap=504.5s carrier_dist=200m t=3468.4
t=3476.0 LAUNCH_BLOCKED reason=tuner_capacity_full active=2 stored=1 no_active_s=0.0 state=IDLE tractor_cleanup=false elevator_transfer=false deck=Aircraft_10_nav_r6_64 pending=none clearance=Aircraft_10_nav_r6_64 queue=0
t=3476.4 ==== SUMMARY t=3476.4 ====
t=3476.4 route=1 laps=8 crashes=0 avg_out=150.1s avg_ret=162.1s avg_lap=324.2s best_lap=317.8
t=3476.4 route=2 laps=7 crashes=1 avg_out=181.6s avg_ret=243.8s avg_lap=440.7s best_lap=430.6
t=3476.4 route=3 laps=8 crashes=0 avg_out=216.1s avg_ret=257.4s avg_lap=485.5s best_lap=447.7
t=3476.4 route=4 laps=8 crashes=0 avg_out=172.8s avg_ret=154.4s avg_lap=339.2s best_lap=333.0
t=3476.4 route=5 laps=7 crashes=0 avg_out=253.6s avg_ret=232.1s avg_lap=497.0s best_lap=487.7
t=3476.4 route=6 laps=8 crashes=0 avg_out=144.3s avg_ret=142.7s avg_lap=299.1s best_lap=273.6
t=3476.4 route=7 laps=8 crashes=0 avg_out=170.4s avg_ret=148.1s avg_lap=330.5s best_lap=315.4
t=3476.4 route=8 laps=7 crashes=0 avg_out=173.5s avg_ret=178.3s avg_lap=364.1s best_lap=351.4
t=3476.5 TOTAL laps=61 crashes=1
t=3476.5 TUNER gen=0 results=62/64 pending=2 active=2 remaining=2 next_trial=65 rounds=[8,8,8,8,8,8,8,8]
t=3476.8 LAP_CAPTURE craft=Aircraft_10_nav_r4_63 route=5 return=222.1s lap=492.7s carrier_dist=200m t=3476.8
t=3479.3 LAP_CAPTURE craft=Aircraft_10_nav_r6_64 route=8 return=175.3s lap=359.3s carrier_dist=200m t=3479.2
t=3479.3 IDLE_TUNER_WAIT gen=1 results=0/64 remaining=64 active_nav=0 stored=1 state=IDLE next_trial=65
t=3491.0 LAUNCH_BLOCKED reason=deck_busy active=1 stored=7 no_active_s=0.0 state=AIRCRAFT_ON_DECK tractor_cleanup=false elevator_transfer=true deck=Aircraft_10_nav_r1_65 pending=none clearance=none queue=0
t=3496.3 SPAWN craft=Aircraft_10_nav_r1_65 route=1 candidate=1 trial=65 t=3496.3
t=3506.1 LAUNCH_BLOCKED reason=deck_busy active=2 stored=6 no_active_s=0.0 state=RETRIEVING_FROM_HANGAR tractor_cleanup=false elevator_transfer=false deck=Aircraft_10_nav_r2_66 pending=none clearance=none queue=0
t=3506.4 ==== SUMMARY t=3506.4 ====
t=3506.4 route=1 laps=8 crashes=0 avg_out=150.1s avg_ret=162.1s avg_lap=324.2s best_lap=317.8
t=3506.4 route=2 laps=7 crashes=1 avg_out=181.6s avg_ret=243.8s avg_lap=440.7s best_lap=430.6
t=3506.4 route=3 laps=8 crashes=0 avg_out=216.1s avg_ret=257.4s avg_lap=485.5s best_lap=447.7
t=3506.4 route=4 laps=8 crashes=0 avg_out=172.8s avg_ret=154.4s avg_lap=339.2s best_lap=333.0
t=3506.5 route=5 laps=8 crashes=0 avg_out=253.6s avg_ret=230.8s avg_lap=496.5s best_lap=487.7
t=3506.5 route=6 laps=8 crashes=0 avg_out=144.3s avg_ret=142.7s avg_lap=299.1s best_lap=273.6
t=3506.5 route=7 laps=8 crashes=0 avg_out=170.4s avg_ret=148.1s avg_lap=330.5s best_lap=315.4
t=3506.5 route=8 laps=8 crashes=0 avg_out=173.5s avg_ret=177.9s avg_lap=363.5s best_lap=351.4
t=3506.5 TOTAL laps=63 crashes=1
t=3506.5 TUNER gen=1 results=0/64 pending=1 active=1 remaining=64 next_trial=66 rounds=[1,0,0,0,0,0,0,0]
t=3516.3 SPAWN craft=Aircraft_10_nav_r2_66 route=2 candidate=2 trial=66 t=3516.3
t=3521.1 LAUNCH_BLOCKED reason=cleared_unready_nav_deck_aircraft active=2 stored=6 no_active_s=0.0 state=IDLE tractor_cleanup=false elevator_transfer=false deck=Aircraft_10_nav_r2_66 pending=none clearance=none queue=0
t=3536.2 LAUNCH_BLOCKED reason=deck_busy active=3 stored=5 no_active_s=0.0 state=AIRCRAFT_ON_DECK tractor_cleanup=false elevator_transfer=false deck=Aircraft_10_nav_r3_67 pending=none clearance=none queue=0
t=3536.5 SPAWN craft=Aircraft_10_nav_r3_67 route=3 candidate=3 trial=67 t=3536.5
t=3536.5 ==== SUMMARY t=3536.5 ====
t=3536.5 route=1 laps=8 crashes=0 avg_out=150.1s avg_ret=162.1s avg_lap=324.2s best_lap=317.8
t=3536.5 route=2 laps=7 crashes=1 avg_out=181.6s avg_ret=243.8s avg_lap=440.7s best_lap=430.6
t=3536.5 route=3 laps=8 crashes=0 avg_out=216.1s avg_ret=257.4s avg_lap=485.5s best_lap=447.7
t=3536.5 route=4 laps=8 crashes=0 avg_out=172.8s avg_ret=154.4s avg_lap=339.2s best_lap=333.0
t=3536.5 route=5 laps=8 crashes=0 avg_out=253.6s avg_ret=230.8s avg_lap=496.5s best_lap=487.7
t=3536.5 route=6 laps=8 crashes=0 avg_out=144.3s avg_ret=142.7s avg_lap=299.1s best_lap=273.6
t=3536.5 route=7 laps=8 crashes=0 avg_out=170.4s avg_ret=148.1s avg_lap=330.5s best_lap=315.4
t=3536.5 route=8 laps=8 crashes=0 avg_out=173.5s avg_ret=177.9s avg_lap=363.5s best_lap=351.4
t=3536.5 TOTAL laps=63 crashes=1
t=3536.5 TUNER gen=1 results=0/64 pending=3 active=3 remaining=64 next_trial=68 rounds=[1,1,1,0,0,0,0,0]
t=3551.3 LAUNCH_BLOCKED reason=deck_busy active=4 stored=4 no_active_s=0.0 state=AIRCRAFT_ON_DECK tractor_cleanup=false elevator_transfer=true deck=Aircraft_10_nav_r4_68 pending=none clearance=none queue=0
t=3556.5 SPAWN craft=Aircraft_10_nav_r4_68 route=4 candidate=4 trial=68 t=3556.5
t=3566.3 LAUNCH_BLOCKED reason=deck_busy active=5 stored=3 no_active_s=0.0 state=RETRIEVING_FROM_HANGAR tractor_cleanup=false elevator_transfer=false deck=Aircraft_10_nav_r5_69 pending=none clearance=none queue=0
t=3566.5 ==== SUMMARY t=3566.5 ====
t=3566.5 route=1 laps=8 crashes=0 avg_out=150.1s avg_ret=162.1s avg_lap=324.2s best_lap=317.8
t=3566.5 route=2 laps=7 crashes=1 avg_out=181.6s avg_ret=243.8s avg_lap=440.7s best_lap=430.6
t=3566.5 route=3 laps=8 crashes=0 avg_out=216.1s avg_ret=257.4s avg_lap=485.5s best_lap=447.7
t=3566.5 route=4 laps=8 crashes=0 avg_out=172.8s avg_ret=154.4s avg_lap=339.2s best_lap=333.0
t=3566.5 route=5 laps=8 crashes=0 avg_out=253.6s avg_ret=230.8s avg_lap=496.5s best_lap=487.7
t=3566.5 route=6 laps=8 crashes=0 avg_out=144.3s avg_ret=142.7s avg_lap=299.1s best_lap=273.6
t=3566.5 route=7 laps=8 crashes=0 avg_out=170.4s avg_ret=148.1s avg_lap=330.5s best_lap=315.4
t=3566.6 route=8 laps=8 crashes=0 avg_out=173.5s avg_ret=177.9s avg_lap=363.5s best_lap=351.4
t=3566.6 TOTAL laps=63 crashes=1
t=3566.6 TUNER gen=1 results=0/64 pending=4 active=4 remaining=64 next_trial=69 rounds=[1,1,1,1,0,0,0,0]
t=3576.7 SPAWN craft=Aircraft_10_nav_r5_69 route=5 candidate=5 trial=69 t=3576.7
t=3581.5 LAUNCH_BLOCKED reason=cleared_unready_nav_deck_aircraft active=5 stored=3 no_active_s=0.0 state=IDLE tractor_cleanup=false elevator_transfer=false deck=Aircraft_10_nav_r5_69 pending=none clearance=none queue=0
t=3596.5 LAUNCH_BLOCKED reason=deck_busy active=6 stored=2 no_active_s=0.0 state=AIRCRAFT_ON_DECK tractor_cleanup=false elevator_transfer=false deck=Aircraft_10_nav_r6_70 pending=none clearance=none queue=0
t=3596.6 ==== SUMMARY t=3596.6 ====
t=3596.6 route=1 laps=8 crashes=0 avg_out=150.1s avg_ret=162.1s avg_lap=324.2s best_lap=317.8
t=3596.6 route=2 laps=7 crashes=1 avg_out=181.6s avg_ret=243.8s avg_lap=440.7s best_lap=430.6
t=3596.6 route=3 laps=8 crashes=0 avg_out=216.1s avg_ret=257.4s avg_lap=485.5s best_lap=447.7
t=3596.7 route=4 laps=8 crashes=0 avg_out=172.8s avg_ret=154.4s avg_lap=339.2s best_lap=333.0
t=3596.7 route=5 laps=8 crashes=0 avg_out=253.6s avg_ret=230.8s avg_lap=496.5s best_lap=487.7
t=3596.7 route=6 laps=8 crashes=0 avg_out=144.3s avg_ret=142.7s avg_lap=299.1s best_lap=273.6
t=3596.7 route=7 laps=8 crashes=0 avg_out=170.4s avg_ret=148.1s avg_lap=330.5s best_lap=315.4
t=3596.7 route=8 laps=8 crashes=0 avg_out=173.5s avg_ret=177.9s avg_lap=363.5s best_lap=351.4
t=3596.7 TOTAL laps=63 crashes=1
t=3596.7 TUNER gen=1 results=0/64 pending=6 active=6 remaining=64 next_trial=71 rounds=[1,1,1,1,1,1,0,0]
t=3596.7 SPAWN craft=Aircraft_10_nav_r6_70 route=6 candidate=6 trial=70 t=3596.7
t=3611.6 LAUNCH_BLOCKED reason=deck_busy active=7 stored=1 no_active_s=0.0 state=AIRCRAFT_ON_DECK tractor_cleanup=false elevator_transfer=true deck=Aircraft_10_nav_r7_71 pending=none clearance=none queue=0
t=3616.8 SPAWN craft=Aircraft_10_nav_r7_71 route=7 candidate=7 trial=71 t=3616.8
t=3626.7 ==== SUMMARY t=3626.7 ====
t=3626.7 route=1 laps=8 crashes=0 avg_out=150.1s avg_ret=162.1s avg_lap=324.2s best_lap=317.8
t=3626.7 route=2 laps=7 crashes=1 avg_out=181.6s avg_ret=243.8s avg_lap=440.7s best_lap=430.6
t=3626.7 route=3 laps=8 crashes=0 avg_out=216.1s avg_ret=257.4s avg_lap=485.5s best_lap=447.7
t=3626.7 route=4 laps=8 crashes=0 avg_out=172.8s avg_ret=154.4s avg_lap=339.2s best_lap=333.0
t=3626.7 route=5 laps=8 crashes=0 avg_out=253.6s avg_ret=230.8s avg_lap=496.5s best_lap=487.7
t=3626.7 route=6 laps=8 crashes=0 avg_out=144.3s avg_ret=142.7s avg_lap=299.1s best_lap=273.6
t=3626.7 route=7 laps=8 crashes=0 avg_out=170.4s avg_ret=148.1s avg_lap=330.5s best_lap=315.4
t=3626.7 route=8 laps=8 crashes=0 avg_out=173.5s avg_ret=177.9s avg_lap=363.5s best_lap=351.4
t=3626.7 TOTAL laps=63 crashes=1
t=3626.8 TUNER gen=1 results=0/64 pending=7 active=7 remaining=64 next_trial=72 rounds=[1,1,1,1,1,1,1,0]
t=3637.0 SPAWN craft=Aircraft_10_nav_r8_72 route=8 candidate=8 trial=72 t=3637.0
t=3653.8 LZ_REACHED craft=Aircraft_10_nav_r1_65 route=1 outbound=157.6s t=3653.8
t=3656.7 ==== SUMMARY t=3656.7 ====
t=3656.7 route=1 laps=8 crashes=0 avg_out=150.9s avg_ret=162.1s avg_lap=324.2s best_lap=317.8
t=3656.7 route=2 laps=7 crashes=1 avg_out=181.6s avg_ret=243.8s avg_lap=440.7s best_lap=430.6
t=3656.7 route=3 laps=8 crashes=0 avg_out=216.1s avg_ret=257.4s avg_lap=485.5s best_lap=447.7
t=3656.7 route=4 laps=8 crashes=0 avg_out=172.8s avg_ret=154.4s avg_lap=339.2s best_lap=333.0
t=3656.7 route=5 laps=8 crashes=0 avg_out=253.6s avg_ret=230.8s avg_lap=496.5s best_lap=487.7
t=3656.7 route=6 laps=8 crashes=0 avg_out=144.3s avg_ret=142.7s avg_lap=299.1s best_lap=273.6
t=3656.7 route=7 laps=8 crashes=0 avg_out=170.4s avg_ret=148.1s avg_lap=330.5s best_lap=315.4
t=3656.8 route=8 laps=8 crashes=0 avg_out=173.5s avg_ret=177.9s avg_lap=363.5s best_lap=351.4
t=3656.8 TOTAL laps=63 crashes=1
t=3656.8 TUNER gen=1 results=0/64 pending=8 active=8 remaining=64 next_trial=73 rounds=[1,1,1,1,1,1,1,1]
t=3686.7 ==== SUMMARY t=3686.7 ====
t=3686.7 route=1 laps=8 crashes=0 avg_out=150.9s avg_ret=162.1s avg_lap=324.2s best_lap=317.8
t=3686.7 route=2 laps=7 crashes=1 avg_out=181.6s avg_ret=243.8s avg_lap=440.7s best_lap=430.6
t=3686.7 route=3 laps=8 crashes=0 avg_out=216.1s avg_ret=257.4s avg_lap=485.5s best_lap=447.7
t=3686.7 route=4 laps=8 crashes=0 avg_out=172.8s avg_ret=154.4s avg_lap=339.2s best_lap=333.0
t=3686.7 route=5 laps=8 crashes=0 avg_out=253.6s avg_ret=230.8s avg_lap=496.5s best_lap=487.7
t=3686.7 route=6 laps=8 crashes=0 avg_out=144.3s avg_ret=142.7s avg_lap=299.1s best_lap=273.6
t=3686.7 route=7 laps=8 crashes=0 avg_out=170.4s avg_ret=148.1s avg_lap=330.5s best_lap=315.4
t=3686.7 route=8 laps=8 crashes=0 avg_out=173.5s avg_ret=177.9s avg_lap=363.5s best_lap=351.4
t=3686.8 TOTAL laps=63 crashes=1
t=3686.8 TUNER gen=1 results=0/64 pending=8 active=8 remaining=64 next_trial=73 rounds=[1,1,1,1,1,1,1,1]
t=3697.3 LZ_REACHED craft=Aircraft_10_nav_r2_66 route=2 outbound=181.0s t=3697.3
t=3716.8 ==== SUMMARY t=3716.8 ====
t=3716.8 route=1 laps=8 crashes=0 avg_out=150.9s avg_ret=162.1s avg_lap=324.2s best_lap=317.8
t=3716.8 route=2 laps=7 crashes=1 avg_out=181.5s avg_ret=243.8s avg_lap=440.7s best_lap=430.6
t=3716.8 route=3 laps=8 crashes=0 avg_out=216.1s avg_ret=257.4s avg_lap=485.5s best_lap=447.7
t=3716.8 route=4 laps=8 crashes=0 avg_out=172.8s avg_ret=154.4s avg_lap=339.2s best_lap=333.0
t=3716.8 route=5 laps=8 crashes=0 avg_out=253.6s avg_ret=230.8s avg_lap=496.5s best_lap=487.7
t=3716.8 route=6 laps=8 crashes=0 avg_out=144.3s avg_ret=142.7s avg_lap=299.1s best_lap=273.6
t=3716.8 route=7 laps=8 crashes=0 avg_out=170.4s avg_ret=148.1s avg_lap=330.5s best_lap=315.4
t=3716.8 route=8 laps=8 crashes=0 avg_out=173.5s avg_ret=177.9s avg_lap=363.5s best_lap=351.4
t=3716.8 TOTAL laps=63 crashes=1
t=3716.8 TUNER gen=1 results=0/64 pending=8 active=8 remaining=64 next_trial=73 rounds=[1,1,1,1,1,1,1,1]
t=3737.2 LZ_REACHED craft=Aircraft_10_nav_r4_68 route=4 outbound=180.7s t=3737.2
t=3745.5 LZ_REACHED craft=Aircraft_10_nav_r6_70 route=6 outbound=148.7s t=3745.5
t=3746.8 ==== SUMMARY t=3746.8 ====
t=3746.8 route=1 laps=8 crashes=0 avg_out=150.9s avg_ret=162.1s avg_lap=324.2s best_lap=317.8
t=3746.8 route=2 laps=7 crashes=1 avg_out=181.5s avg_ret=243.8s avg_lap=440.7s best_lap=430.6
t=3746.8 route=3 laps=8 crashes=0 avg_out=216.1s avg_ret=257.4s avg_lap=485.5s best_lap=447.7
t=3746.8 route=4 laps=8 crashes=0 avg_out=173.7s avg_ret=154.4s avg_lap=339.2s best_lap=333.0
t=3746.8 route=5 laps=8 crashes=0 avg_out=253.6s avg_ret=230.8s avg_lap=496.5s best_lap=487.7
t=3746.8 route=6 laps=8 crashes=0 avg_out=144.8s avg_ret=142.7s avg_lap=299.1s best_lap=273.6
t=3746.8 route=7 laps=8 crashes=0 avg_out=170.4s avg_ret=148.1s avg_lap=330.5s best_lap=315.4
t=3746.8 route=8 laps=8 crashes=0 avg_out=173.5s avg_ret=177.9s avg_lap=363.5s best_lap=351.4
t=3746.8 TOTAL laps=63 crashes=1
t=3746.8 TUNER gen=1 results=0/64 pending=8 active=8 remaining=64 next_trial=73 rounds=[1,1,1,1,1,1,1,1]
t=3751.6 LZ_REACHED craft=Aircraft_10_nav_r3_67 route=3 outbound=215.1s t=3751.6
t=3776.9 ==== SUMMARY t=3776.9 ====
t=3776.9 route=1 laps=8 crashes=0 avg_out=150.9s avg_ret=162.1s avg_lap=324.2s best_lap=317.8
t=3776.9 route=2 laps=7 crashes=1 avg_out=181.5s avg_ret=243.8s avg_lap=440.7s best_lap=430.6
t=3776.9 route=3 laps=8 crashes=0 avg_out=216.0s avg_ret=257.4s avg_lap=485.5s best_lap=447.7
t=3776.9 route=4 laps=8 crashes=0 avg_out=173.7s avg_ret=154.4s avg_lap=339.2s best_lap=333.0
t=3776.9 route=5 laps=8 crashes=0 avg_out=253.6s avg_ret=230.8s avg_lap=496.5s best_lap=487.7
t=3776.9 route=6 laps=8 crashes=0 avg_out=144.8s avg_ret=142.7s avg_lap=299.1s best_lap=273.6
t=3776.9 route=7 laps=8 crashes=0 avg_out=170.4s avg_ret=148.1s avg_lap=330.5s best_lap=315.4
t=3776.9 route=8 laps=8 crashes=0 avg_out=173.5s avg_ret=177.9s avg_lap=363.5s best_lap=351.4
t=3776.9 TOTAL laps=63 crashes=1
t=3777.0 TUNER gen=1 results=0/64 pending=8 active=8 remaining=64 next_trial=73 rounds=[1,1,1,1,1,1,1,1]
t=3786.5 LZ_REACHED craft=Aircraft_10_nav_r7_71 route=7 outbound=169.7s t=3786.5
t=3806.9 ==== SUMMARY t=3806.9 ====
t=3806.9 route=1 laps=8 crashes=0 avg_out=150.9s avg_ret=162.1s avg_lap=324.2s best_lap=317.8
t=3806.9 route=2 laps=7 crashes=1 avg_out=181.5s avg_ret=243.8s avg_lap=440.7s best_lap=430.6
t=3806.9 route=3 laps=8 crashes=0 avg_out=216.0s avg_ret=257.4s avg_lap=485.5s best_lap=447.7
t=3806.9 route=4 laps=8 crashes=0 avg_out=173.7s avg_ret=154.4s avg_lap=339.2s best_lap=333.0
t=3806.9 route=5 laps=8 crashes=0 avg_out=253.6s avg_ret=230.8s avg_lap=496.5s best_lap=487.7
t=3806.9 route=6 laps=8 crashes=0 avg_out=144.8s avg_ret=142.7s avg_lap=299.1s best_lap=273.6
t=3807.0 route=7 laps=8 crashes=0 avg_out=170.3s avg_ret=148.1s avg_lap=330.5s best_lap=315.4
t=3807.0 route=8 laps=8 crashes=0 avg_out=173.5s avg_ret=177.9s avg_lap=363.5s best_lap=351.4
t=3807.0 TOTAL laps=63 crashes=1
t=3807.0 TUNER gen=1 results=0/64 pending=8 active=8 remaining=64 next_trial=73 rounds=[1,1,1,1,1,1,1,1]
t=3807.0 LZ_REACHED craft=Aircraft_10_nav_r8_72 route=8 outbound=170.0s t=3807.0
t=3822.2 LZ_REACHED craft=Aircraft_10_nav_r5_69 route=5 outbound=245.5s t=3822.2
t=3836.4 LAP_CAPTURE craft=Aircraft_10_nav_r1_65 route=1 return=170.6s lap=340.1s carrier_dist=200m t=3836.4
t=3837.1 ==== SUMMARY t=3837.1 ====
t=3837.1 route=1 laps=9 crashes=0 avg_out=150.9s avg_ret=163.1s avg_lap=326.0s best_lap=317.8
t=3837.1 route=2 laps=7 crashes=1 avg_out=181.5s avg_ret=243.8s avg_lap=440.7s best_lap=430.6
t=3837.1 route=3 laps=8 crashes=0 avg_out=216.0s avg_ret=257.4s avg_lap=485.5s best_lap=447.7
t=3837.1 route=4 laps=8 crashes=0 avg_out=173.7s avg_ret=154.4s avg_lap=339.2s best_lap=333.0
t=3837.1 route=5 laps=8 crashes=0 avg_out=252.7s avg_ret=230.8s avg_lap=496.5s best_lap=487.7
t=3837.1 route=6 laps=8 crashes=0 avg_out=144.8s avg_ret=142.7s avg_lap=299.1s best_lap=273.6
t=3837.1 route=7 laps=8 crashes=0 avg_out=170.3s avg_ret=148.1s avg_lap=330.5s best_lap=315.4
t=3837.1 route=8 laps=8 crashes=0 avg_out=173.2s avg_ret=177.9s avg_lap=363.5s best_lap=351.4
t=3837.1 TOTAL laps=64 crashes=1
t=3837.1 TUNER gen=1 results=1/64 pending=7 active=7 remaining=63 next_trial=73 rounds=[1,1,1,1,1,1,1,1]
t=3852.9 SPAWN craft=Aircraft_10_nav_r1_73 route=1 candidate=2 trial=73 t=3852.9
t=3867.1 ==== SUMMARY t=3867.1 ====
t=3867.1 route=1 laps=9 crashes=0 avg_out=150.9s avg_ret=163.1s avg_lap=326.0s best_lap=317.8
t=3867.1 route=2 laps=7 crashes=1 avg_out=181.5s avg_ret=243.8s avg_lap=440.7s best_lap=430.6
t=3867.1 route=3 laps=8 crashes=0 avg_out=216.0s avg_ret=257.4s avg_lap=485.5s best_lap=447.7
t=3867.1 route=4 laps=8 crashes=0 avg_out=173.7s avg_ret=154.4s avg_lap=339.2s best_lap=333.0
t=3867.1 route=5 laps=8 crashes=0 avg_out=252.7s avg_ret=230.8s avg_lap=496.5s best_lap=487.7
t=3867.1 route=6 laps=8 crashes=0 avg_out=144.8s avg_ret=142.7s avg_lap=299.1s best_lap=273.6
t=3867.1 route=7 laps=8 crashes=0 avg_out=170.3s avg_ret=148.1s avg_lap=330.5s best_lap=315.4
t=3867.1 route=8 laps=8 crashes=0 avg_out=173.2s avg_ret=177.9s avg_lap=363.5s best_lap=351.4
t=3867.1 TOTAL laps=64 crashes=1
t=3867.1 TUNER gen=1 results=1/64 pending=8 active=8 remaining=63 next_trial=74 rounds=[2,1,1,1,1,1,1,1]
t=3897.1 ==== SUMMARY t=3897.1 ====
t=3897.1 route=1 laps=9 crashes=0 avg_out=150.9s avg_ret=163.1s avg_lap=326.0s best_lap=317.8
t=3897.1 route=2 laps=7 crashes=1 avg_out=181.5s avg_ret=243.8s avg_lap=440.7s best_lap=430.6
t=3897.1 route=3 laps=8 crashes=0 avg_out=216.0s avg_ret=257.4s avg_lap=485.5s best_lap=447.7
t=3897.1 route=4 laps=8 crashes=0 avg_out=173.7s avg_ret=154.4s avg_lap=339.2s best_lap=333.0
t=3897.1 route=5 laps=8 crashes=0 avg_out=252.7s avg_ret=230.8s avg_lap=496.5s best_lap=487.7
t=3897.1 route=6 laps=8 crashes=0 avg_out=144.8s avg_ret=142.7s avg_lap=299.1s best_lap=273.6
t=3897.1 route=7 laps=8 crashes=0 avg_out=170.3s avg_ret=148.1s avg_lap=330.5s best_lap=315.4
t=3897.1 route=8 laps=8 crashes=0 avg_out=173.2s avg_ret=177.9s avg_lap=363.5s best_lap=351.4
t=3897.1 TOTAL laps=64 crashes=1
t=3897.1 TUNER gen=1 results=1/64 pending=8 active=8 remaining=63 next_trial=74 rounds=[2,1,1,1,1,1,1,1]
t=3902.9 LAP_CAPTURE craft=Aircraft_10_nav_r6_70 route=6 return=145.3s lap=306.1s carrier_dist=200m t=3902.8
t=3907.1 LAP_CAPTURE craft=Aircraft_10_nav_r4_68 route=4 return=157.9s lap=350.6s carrier_dist=200m t=3907.1
t=3912.9 LAUNCH_BLOCKED reason=deck_busy active=7 stored=1 no_active_s=0.0 state=RETRIEVING_FROM_HANGAR tractor_cleanup=false elevator_transfer=false deck=Aircraft_10_nav_r4_74 pending=none clearance=none queue=0
t=3923.2 SPAWN craft=Aircraft_10_nav_r4_74 route=4 candidate=5 trial=74 t=3923.2
t=3927.1 ==== SUMMARY t=3927.1 ====
t=3927.1 route=1 laps=9 crashes=0 avg_out=150.9s avg_ret=163.1s avg_lap=326.0s best_lap=317.8
t=3927.1 route=2 laps=7 crashes=1 avg_out=181.5s avg_ret=243.8s avg_lap=440.7s best_lap=430.6
t=3927.1 route=3 laps=8 crashes=0 avg_out=216.0s avg_ret=257.4s avg_lap=485.5s best_lap=447.7
t=3927.1 route=4 laps=9 crashes=0 avg_out=173.7s avg_ret=154.8s avg_lap=340.5s best_lap=333.0
t=3927.1 route=5 laps=8 crashes=0 avg_out=252.7s avg_ret=230.8s avg_lap=496.5s best_lap=487.7
t=3927.2 route=6 laps=9 crashes=0 avg_out=144.8s avg_ret=143.0s avg_lap=299.8s best_lap=273.6
t=3927.2 route=7 laps=8 crashes=0 avg_out=170.3s avg_ret=148.1s avg_lap=330.5s best_lap=315.4
t=3927.2 route=8 laps=8 crashes=0 avg_out=173.2s avg_ret=177.9s avg_lap=363.5s best_lap=351.4
t=3927.2 TOTAL laps=66 crashes=1
t=3927.2 TUNER gen=1 results=3/64 pending=7 active=7 remaining=61 next_trial=75 rounds=[2,1,1,2,1,1,1,1]
t=3927.9 LAUNCH_BLOCKED reason=cleared_unready_nav_deck_aircraft active=7 stored=1 no_active_s=0.0 state=IDLE tractor_cleanup=false elevator_transfer=false deck=Aircraft_10_nav_r4_74 pending=none clearance=none queue=0
t=3943.3 SPAWN craft=Aircraft_10_nav_r6_75 route=6 candidate=7 trial=75 t=3943.3
t=3946.4 LAP_CAPTURE craft=Aircraft_10_nav_r2_66 route=2 return=237.1s lap=430.1s carrier_dist=200m t=3946.4
t=3952.6 LAP_CAPTURE craft=Aircraft_10_nav_r7_71 route=7 return=154.0s lap=335.8s carrier_dist=200m t=3952.6
t=3957.2 ==== SUMMARY t=3957.2 ====
t=3957.2 route=1 laps=9 crashes=0 avg_out=150.9s avg_ret=163.1s avg_lap=326.0s best_lap=317.8
t=3957.2 route=2 laps=8 crashes=1 avg_out=181.5s avg_ret=243.0s avg_lap=439.4s best_lap=430.1
t=3957.2 route=3 laps=8 crashes=0 avg_out=216.0s avg_ret=257.4s avg_lap=485.5s best_lap=447.7
t=3957.2 route=4 laps=9 crashes=0 avg_out=173.7s avg_ret=154.8s avg_lap=340.5s best_lap=333.0
t=3957.2 route=5 laps=8 crashes=0 avg_out=252.7s avg_ret=230.8s avg_lap=496.5s best_lap=487.7
t=3957.2 route=6 laps=9 crashes=0 avg_out=144.8s avg_ret=143.0s avg_lap=299.8s best_lap=273.6
t=3957.2 route=7 laps=9 crashes=0 avg_out=170.3s avg_ret=148.8s avg_lap=331.1s best_lap=315.4
t=3957.2 route=8 laps=8 crashes=0 avg_out=173.2s avg_ret=177.9s avg_lap=363.5s best_lap=351.4
t=3957.2 TOTAL laps=68 crashes=1
t=3957.2 TUNER gen=1 results=5/64 pending=7 active=7 remaining=59 next_trial=77 rounds=[2,2,1,2,1,2,1,1]
t=3958.1 LAUNCH_BLOCKED reason=deck_busy active=7 stored=1 no_active_s=0.0 state=AIRCRAFT_ON_DECK tractor_cleanup=false elevator_transfer=true deck=Aircraft_10_nav_r2_76 pending=none clearance=none queue=0
t=3963.4 SPAWN craft=Aircraft_10_nav_r2_76 route=2 candidate=3 trial=76 t=3963.4
t=3983.5 SPAWN craft=Aircraft_10_nav_r7_77 route=7 candidate=8 trial=77 t=3983.5
t=3987.2 ==== SUMMARY t=3987.2 ====
t=3987.2 route=1 laps=9 crashes=0 avg_out=150.9s avg_ret=163.1s avg_lap=326.0s best_lap=317.8
t=3987.2 route=2 laps=8 crashes=1 avg_out=181.5s avg_ret=243.0s avg_lap=439.4s best_lap=430.1
t=3987.2 route=3 laps=8 crashes=0 avg_out=216.0s avg_ret=257.4s avg_lap=485.5s best_lap=447.7
t=3987.2 route=4 laps=9 crashes=0 avg_out=173.7s avg_ret=154.8s avg_lap=340.5s best_lap=333.0
t=3987.2 route=5 laps=8 crashes=0 avg_out=252.7s avg_ret=230.8s avg_lap=496.5s best_lap=487.7
t=3987.3 route=6 laps=9 crashes=0 avg_out=144.8s avg_ret=143.0s avg_lap=299.8s best_lap=273.6
t=3987.3 route=7 laps=9 crashes=0 avg_out=170.3s avg_ret=148.8s avg_lap=331.1s best_lap=315.4
t=3987.3 route=8 laps=8 crashes=0 avg_out=173.2s avg_ret=177.9s avg_lap=363.5s best_lap=351.4
t=3987.3 TOTAL laps=68 crashes=1
t=3987.3 TUNER gen=1 results=5/64 pending=8 active=8 remaining=59 next_trial=78 rounds=[2,2,1,2,1,2,2,1]
t=3996.7 LZ_REACHED craft=Aircraft_10_nav_r1_73 route=1 outbound=143.8s t=3996.7
t=3996.7 LAP_CAPTURE craft=Aircraft_10_nav_r8_72 route=8 return=177.7s lap=359.7s carrier_dist=200m t=3996.7
t=4013.6 SPAWN craft=Aircraft_10_nav_r8_78 route=8 candidate=1 trial=78 t=4013.6
t=4017.3 ==== SUMMARY t=4017.3 ====
t=4017.3 route=1 laps=9 crashes=0 avg_out=150.2s avg_ret=163.1s avg_lap=326.0s best_lap=317.8
t=4017.3 route=2 laps=8 crashes=1 avg_out=181.5s avg_ret=243.0s avg_lap=439.4s best_lap=430.1
t=4017.3 route=3 laps=8 crashes=0 avg_out=216.0s avg_ret=257.4s avg_lap=485.5s best_lap=447.7
t=4017.3 route=4 laps=9 crashes=0 avg_out=173.7s avg_ret=154.8s avg_lap=340.5s best_lap=333.0
t=4017.3 route=5 laps=8 crashes=0 avg_out=252.7s avg_ret=230.8s avg_lap=496.5s best_lap=487.7
t=4017.3 route=6 laps=9 crashes=0 avg_out=144.8s avg_ret=143.0s avg_lap=299.8s best_lap=273.6
t=4017.3 route=7 laps=9 crashes=0 avg_out=170.3s avg_ret=148.8s avg_lap=331.1s best_lap=315.4
t=4017.3 route=8 laps=9 crashes=0 avg_out=173.2s avg_ret=177.9s avg_lap=363.1s best_lap=351.4
t=4017.3 TOTAL laps=69 crashes=1
t=4017.3 TUNER gen=1 results=6/64 pending=8 active=8 remaining=58 next_trial=79 rounds=[2,2,1,2,1,2,2,2]
t=4023.8 LAP_CAPTURE craft=Aircraft_10_nav_r3_67 route=3 return=260.2s lap=487.3s carrier_dist=200m t=4023.8
t=4043.7 SPAWN craft=Aircraft_10_nav_r3_79 route=3 candidate=4 trial=79 t=4043.7
t=4047.4 ==== SUMMARY t=4047.4 ====
t=4047.4 route=1 laps=9 crashes=0 avg_out=150.2s avg_ret=163.1s avg_lap=326.0s best_lap=317.8
t=4047.4 route=2 laps=8 crashes=1 avg_out=181.5s avg_ret=243.0s avg_lap=439.4s best_lap=430.1
t=4047.4 route=3 laps=9 crashes=0 avg_out=216.0s avg_ret=257.7s avg_lap=485.7s best_lap=447.7
t=4047.4 route=4 laps=9 crashes=0 avg_out=173.7s avg_ret=154.8s avg_lap=340.5s best_lap=333.0
t=4047.4 route=5 laps=8 crashes=0 avg_out=252.7s avg_ret=230.8s avg_lap=496.5s best_lap=487.7
t=4047.4 route=6 laps=9 crashes=0 avg_out=144.8s avg_ret=143.0s avg_lap=299.8s best_lap=273.6
t=4047.4 route=7 laps=9 crashes=0 avg_out=170.3s avg_ret=148.8s avg_lap=331.1s best_lap=315.4
t=4047.4 route=8 laps=9 crashes=0 avg_out=173.2s avg_ret=177.9s avg_lap=363.1s best_lap=351.4
t=4047.4 TOTAL laps=70 crashes=1
t=4047.4 TUNER gen=1 results=7/64 pending=8 active=8 remaining=57 next_trial=80 rounds=[2,2,2,2,1,2,2,2]
t=4062.7 LAP_CAPTURE craft=Aircraft_10_nav_r5_69 route=5 return=228.5s lap=486.0s carrier_dist=200m t=4062.7
t=4070.4 LZ_REACHED craft=Aircraft_10_nav_r6_75 route=6 outbound=127.1s t=4070.4
t=4077.5 ==== SUMMARY t=4077.5 ====
t=4077.5 route=1 laps=9 crashes=0 avg_out=150.2s avg_ret=163.1s avg_lap=326.0s best_lap=317.8
t=4077.5 route=2 laps=8 crashes=1 avg_out=181.5s avg_ret=243.0s avg_lap=439.4s best_lap=430.1
t=4077.5 route=3 laps=9 crashes=0 avg_out=216.0s avg_ret=257.7s avg_lap=485.7s best_lap=447.7
t=4077.5 route=4 laps=9 crashes=0 avg_out=173.7s avg_ret=154.8s avg_lap=340.5s best_lap=333.0
t=4077.5 route=5 laps=9 crashes=0 avg_out=252.7s avg_ret=230.6s avg_lap=495.3s best_lap=486.0
t=4077.5 route=6 laps=9 crashes=0 avg_out=143.0s avg_ret=143.0s avg_lap=299.8s best_lap=273.6
t=4077.5 route=7 laps=9 crashes=0 avg_out=170.3s avg_ret=148.8s avg_lap=331.1s best_lap=315.4
t=4077.5 route=8 laps=9 crashes=0 avg_out=173.2s avg_ret=177.9s avg_lap=363.1s best_lap=351.4
t=4077.5 TOTAL laps=71 crashes=1
t=4077.5 TUNER gen=1 results=8/64 pending=8 active=8 remaining=56 next_trial=81 rounds=[2,2,2,2,2,2,2,2]
t=4078.9 SPAWN craft=Aircraft_10_nav_r5_80 route=5 candidate=6 trial=80 t=4078.9
t=4103.3 LZ_REACHED craft=Aircraft_10_nav_r4_74 route=4 outbound=180.1s t=4103.3
t=4107.5 ==== SUMMARY t=4107.5 ====
t=4107.5 route=1 laps=9 crashes=0 avg_out=150.2s avg_ret=163.1s avg_lap=326.0s best_lap=317.8
t=4107.5 route=2 laps=8 crashes=1 avg_out=181.5s avg_ret=243.0s avg_lap=439.4s best_lap=430.1
t=4107.5 route=3 laps=9 crashes=0 avg_out=216.0s avg_ret=257.7s avg_lap=485.7s best_lap=447.7
t=4107.5 route=4 laps=9 crashes=0 avg_out=174.3s avg_ret=154.8s avg_lap=340.5s best_lap=333.0
t=4107.6 route=5 laps=9 crashes=0 avg_out=252.7s avg_ret=230.6s avg_lap=495.3s best_lap=486.0
t=4107.6 route=6 laps=9 crashes=0 avg_out=143.0s avg_ret=143.0s avg_lap=299.8s best_lap=273.6
t=4107.6 route=7 laps=9 crashes=0 avg_out=170.3s avg_ret=148.8s avg_lap=331.1s best_lap=315.4
t=4107.6 route=8 laps=9 crashes=0 avg_out=173.2s avg_ret=177.9s avg_lap=363.1s best_lap=351.4
t=4107.6 TOTAL laps=71 crashes=1
t=4107.6 TUNER gen=1 results=8/64 pending=8 active=8 remaining=56 next_trial=81 rounds=[2,2,2,2,2,2,2,2]
t=4137.5 ==== SUMMARY t=4137.5 ====
t=4137.5 route=1 laps=9 crashes=0 avg_out=150.2s avg_ret=163.1s avg_lap=326.0s best_lap=317.8
t=4137.6 route=2 laps=8 crashes=1 avg_out=181.5s avg_ret=243.0s avg_lap=439.4s best_lap=430.1
t=4137.6 route=3 laps=9 crashes=0 avg_out=216.0s avg_ret=257.7s avg_lap=485.7s best_lap=447.7
t=4137.6 route=4 laps=9 crashes=0 avg_out=174.3s avg_ret=154.8s avg_lap=340.5s best_lap=333.0
t=4137.6 route=5 laps=9 crashes=0 avg_out=252.7s avg_ret=230.6s avg_lap=495.3s best_lap=486.0
t=4137.6 route=6 laps=9 crashes=0 avg_out=143.0s avg_ret=143.0s avg_lap=299.8s best_lap=273.6
t=4137.6 route=7 laps=9 crashes=0 avg_out=170.3s avg_ret=148.8s avg_lap=331.1s best_lap=315.4
t=4137.6 route=8 laps=9 crashes=0 avg_out=173.2s avg_ret=177.9s avg_lap=363.1s best_lap=351.4
t=4137.6 TOTAL laps=71 crashes=1
t=4137.6 TUNER gen=1 results=8/64 pending=8 active=8 remaining=56 next_trial=81 rounds=[2,2,2,2,2,2,2,2]
t=4146.7 LZ_REACHED craft=Aircraft_10_nav_r2_76 route=2 outbound=183.3s t=4146.7
t=4150.5 LZ_REACHED craft=Aircraft_10_nav_r7_77 route=7 outbound=167.0s t=4150.5
t=4167.6 ==== SUMMARY t=4167.6 ====
t=4167.6 route=1 laps=9 crashes=0 avg_out=150.2s avg_ret=163.1s avg_lap=326.0s best_lap=317.8
t=4167.6 route=2 laps=8 crashes=1 avg_out=181.7s avg_ret=243.0s avg_lap=439.4s best_lap=430.1
t=4167.6 route=3 laps=9 crashes=0 avg_out=216.0s avg_ret=257.7s avg_lap=485.7s best_lap=447.7
t=4167.6 route=4 laps=9 crashes=0 avg_out=174.3s avg_ret=154.8s avg_lap=340.5s best_lap=333.0
t=4167.6 route=5 laps=9 crashes=0 avg_out=252.7s avg_ret=230.6s avg_lap=495.3s best_lap=486.0
t=4167.6 route=6 laps=9 crashes=0 avg_out=143.0s avg_ret=143.0s avg_lap=299.8s best_lap=273.6
t=4167.6 route=7 laps=9 crashes=0 avg_out=170.0s avg_ret=148.8s avg_lap=331.1s best_lap=315.4
t=4167.6 route=8 laps=9 crashes=0 avg_out=173.2s avg_ret=177.9s avg_lap=363.1s best_lap=351.4
t=4167.6 TOTAL laps=71 crashes=1
t=4167.7 TUNER gen=1 results=8/64 pending=8 active=8 remaining=56 next_trial=81 rounds=[2,2,2,2,2,2,2,2]
t=4170.2 LAP_CAPTURE craft=Aircraft_10_nav_r1_73 route=1 return=161.4s lap=317.3s carrier_dist=200m t=4170.2
t=4187.8 LZ_REACHED craft=Aircraft_10_nav_r8_78 route=8 outbound=174.3s t=4187.8
t=4189.3 SPAWN craft=Aircraft_10_nav_r1_81 route=1 candidate=3 trial=81 t=4189.3
t=4197.7 ==== SUMMARY t=4197.7 ====
t=4197.7 route=1 laps=10 crashes=0 avg_out=150.2s avg_ret=162.9s avg_lap=325.1s best_lap=317.3
t=4197.7 route=2 laps=8 crashes=1 avg_out=181.7s avg_ret=243.0s avg_lap=439.4s best_lap=430.1
t=4197.8 route=3 laps=9 crashes=0 avg_out=216.0s avg_ret=257.7s avg_lap=485.7s best_lap=447.7
t=4197.8 route=4 laps=9 crashes=0 avg_out=174.3s avg_ret=154.8s avg_lap=340.5s best_lap=333.0
t=4197.8 route=5 laps=9 crashes=0 avg_out=252.7s avg_ret=230.6s avg_lap=495.3s best_lap=486.0
t=4197.8 route=6 laps=9 crashes=0 avg_out=143.0s avg_ret=143.0s avg_lap=299.8s best_lap=273.6
t=4197.8 route=7 laps=9 crashes=0 avg_out=170.0s avg_ret=148.8s avg_lap=331.1s best_lap=315.4
t=4197.8 route=8 laps=9 crashes=0 avg_out=173.3s avg_ret=177.9s avg_lap=363.1s best_lap=351.4
t=4197.8 TOTAL laps=72 crashes=1
t=4197.8 TUNER gen=1 results=9/64 pending=8 active=8 remaining=55 next_trial=82 rounds=[3,2,2,2,2,2,2,2]
t=4227.8 ==== SUMMARY t=4227.8 ====
t=4227.8 route=1 laps=10 crashes=0 avg_out=150.2s avg_ret=162.9s avg_lap=325.1s best_lap=317.3
t=4227.8 route=2 laps=8 crashes=1 avg_out=181.7s avg_ret=243.0s avg_lap=439.4s best_lap=430.1
t=4227.9 route=3 laps=9 crashes=0 avg_out=216.0s avg_ret=257.7s avg_lap=485.7s best_lap=447.7
t=4227.9 route=4 laps=9 crashes=0 avg_out=174.3s avg_ret=154.8s avg_lap=340.5s best_lap=333.0
t=4227.9 route=5 laps=9 crashes=0 avg_out=252.7s avg_ret=230.6s avg_lap=495.3s best_lap=486.0
t=4227.9 route=6 laps=9 crashes=0 avg_out=143.0s avg_ret=143.0s avg_lap=299.8s best_lap=273.6
t=4227.9 route=7 laps=9 crashes=0 avg_out=170.0s avg_ret=148.8s avg_lap=331.1s best_lap=315.4
t=4227.9 route=8 laps=9 crashes=0 avg_out=173.3s avg_ret=177.9s avg_lap=363.1s best_lap=351.4
t=4227.9 TOTAL laps=72 crashes=1
t=4227.9 TUNER gen=1 results=9/64 pending=8 active=8 remaining=55 next_trial=82 rounds=[3,2,2,2,2,2,2,2]
t=4231.7 LAP_CAPTURE craft=Aircraft_10_nav_r6_75 route=6 return=149.2s lap=288.4s carrier_dist=200m t=4231.7
t=4249.8 SPAWN craft=Aircraft_10_nav_r6_82 route=6 candidate=8 trial=82 t=4249.8
t=4257.9 ==== SUMMARY t=4257.9 ====
t=4257.9 route=1 laps=10 crashes=0 avg_out=150.2s avg_ret=162.9s avg_lap=325.1s best_lap=317.3
t=4257.9 route=2 laps=8 crashes=1 avg_out=181.7s avg_ret=243.0s avg_lap=439.4s best_lap=430.1
t=4257.9 route=3 laps=9 crashes=0 avg_out=216.0s avg_ret=257.7s avg_lap=485.7s best_lap=447.7
t=4257.9 route=4 laps=9 crashes=0 avg_out=174.3s avg_ret=154.8s avg_lap=340.5s best_lap=333.0
t=4257.9 route=5 laps=9 crashes=0 avg_out=252.7s avg_ret=230.6s avg_lap=495.3s best_lap=486.0
t=4257.9 route=6 laps=10 crashes=0 avg_out=143.0s avg_ret=143.6s avg_lap=298.7s best_lap=273.6
t=4257.9 route=7 laps=9 crashes=0 avg_out=170.0s avg_ret=148.8s avg_lap=331.1s best_lap=315.4
t=4257.9 route=8 laps=9 crashes=0 avg_out=173.3s avg_ret=177.9s avg_lap=363.1s best_lap=351.4
t=4258.0 TOTAL laps=73 crashes=1
t=4258.0 TUNER gen=1 results=10/64 pending=8 active=8 remaining=54 next_trial=83 rounds=[3,2,2,2,2,3,2,2]
t=4259.5 LZ_REACHED craft=Aircraft_10_nav_r3_79 route=3 outbound=215.8s t=4259.5
t=4271.1 LAP_CAPTURE craft=Aircraft_10_nav_r4_74 route=4 return=155.8s lap=347.9s carrier_dist=200m t=4271.1
t=4288.0 ==== SUMMARY t=4288.0 ====
t=4288.0 route=1 laps=10 crashes=0 avg_out=150.2s avg_ret=162.9s avg_lap=325.1s best_lap=317.3
t=4288.0 route=2 laps=8 crashes=1 avg_out=181.7s avg_ret=243.0s avg_lap=439.4s best_lap=430.1
t=4288.0 route=3 laps=9 crashes=0 avg_out=216.0s avg_ret=257.7s avg_lap=485.7s best_lap=447.7
t=4288.0 route=4 laps=10 crashes=0 avg_out=174.3s avg_ret=154.9s avg_lap=341.2s best_lap=333.0
t=4288.0 route=5 laps=9 crashes=0 avg_out=252.7s avg_ret=230.6s avg_lap=495.3s best_lap=486.0
t=4288.1 route=6 laps=10 crashes=0 avg_out=143.0s avg_ret=143.6s avg_lap=298.7s best_lap=273.6
t=4288.1 route=7 laps=9 crashes=0 avg_out=170.0s avg_ret=148.8s avg_lap=331.1s best_lap=315.4
t=4288.1 route=8 laps=9 crashes=0 avg_out=173.3s avg_ret=177.9s avg_lap=363.1s best_lap=351.4
t=4288.1 TOTAL laps=74 crashes=1
t=4288.1 TUNER gen=1 results=11/64 pending=8 active=8 remaining=53 next_trial=84 rounds=[3,2,2,3,2,3,2,2]
t=4290.1 SPAWN craft=Aircraft_10_nav_r4_83 route=4 candidate=6 trial=83 t=4290.1
t=4309.1 LAP_CAPTURE craft=Aircraft_10_nav_r7_77 route=7 return=146.6s lap=325.6s carrier_dist=200m t=4309.1
t=4318.1 ==== SUMMARY t=4318.1 ====
t=4318.1 route=1 laps=10 crashes=0 avg_out=150.2s avg_ret=162.9s avg_lap=325.1s best_lap=317.3
t=4318.1 route=2 laps=8 crashes=1 avg_out=181.7s avg_ret=243.0s avg_lap=439.4s best_lap=430.1
t=4318.1 route=3 laps=9 crashes=0 avg_out=216.0s avg_ret=257.7s avg_lap=485.7s best_lap=447.7
t=4318.1 route=4 laps=10 crashes=0 avg_out=174.3s avg_ret=154.9s avg_lap=341.2s best_lap=333.0
t=4318.1 route=5 laps=9 crashes=0 avg_out=252.7s avg_ret=230.6s avg_lap=495.3s best_lap=486.0
t=4318.1 route=6 laps=10 crashes=0 avg_out=143.0s avg_ret=143.6s avg_lap=298.7s best_lap=273.6
t=4318.1 route=7 laps=10 crashes=0 avg_out=170.0s avg_ret=148.5s avg_lap=330.5s best_lap=315.4
t=4318.1 route=8 laps=9 crashes=0 avg_out=173.3s avg_ret=177.9s avg_lap=363.1s best_lap=351.4
t=4318.1 TOTAL laps=75 crashes=1
t=4318.1 TUNER gen=1 results=12/64 pending=8 active=8 remaining=52 next_trial=85 rounds=[3,2,2,3,2,3,3,2]
t=4325.2 SPAWN craft=Aircraft_10_nav_r7_84 route=7 candidate=1 trial=84 t=4325.2
t=4336.7 LZ_REACHED craft=Aircraft_10_nav_r5_80 route=5 outbound=257.8s t=4336.7
t=4339.6 LZ_REACHED craft=Aircraft_10_nav_r1_81 route=1 outbound=150.2s t=4339.6
t=4348.1 ==== SUMMARY t=4348.1 ====
t=4348.1 route=1 laps=10 crashes=0 avg_out=150.2s avg_ret=162.9s avg_lap=325.1s best_lap=317.3
t=4348.1 route=2 laps=8 crashes=1 avg_out=181.7s avg_ret=243.0s avg_lap=439.4s best_lap=430.1
t=4348.1 route=3 laps=9 crashes=0 avg_out=216.0s avg_ret=257.7s avg_lap=485.7s best_lap=447.7
t=4348.1 route=4 laps=10 crashes=0 avg_out=174.3s avg_ret=154.9s avg_lap=341.2s best_lap=333.0
t=4348.2 route=5 laps=9 crashes=0 avg_out=253.3s avg_ret=230.6s avg_lap=495.3s best_lap=486.0
t=4348.2 route=6 laps=10 crashes=0 avg_out=143.0s avg_ret=143.6s avg_lap=298.7s best_lap=273.6
t=4348.2 route=7 laps=10 crashes=0 avg_out=170.0s avg_ret=148.5s avg_lap=330.5s best_lap=315.4
t=4348.2 route=8 laps=9 crashes=0 avg_out=173.3s avg_ret=177.9s avg_lap=363.1s best_lap=351.4
t=4348.2 TOTAL laps=75 crashes=1
t=4348.2 TUNER gen=1 results=12/64 pending=8 active=8 remaining=52 next_trial=85 rounds=[3,2,2,3,2,3,3,2]
t=4378.2 ==== SUMMARY t=4378.2 ====
t=4378.2 route=1 laps=10 crashes=0 avg_out=150.2s avg_ret=162.9s avg_lap=325.1s best_lap=317.3
t=4378.2 route=2 laps=8 crashes=1 avg_out=181.7s avg_ret=243.0s avg_lap=439.4s best_lap=430.1
t=4378.3 route=3 laps=9 crashes=0 avg_out=216.0s avg_ret=257.7s avg_lap=485.7s best_lap=447.7
t=4378.3 route=4 laps=10 crashes=0 avg_out=174.3s avg_ret=154.9s avg_lap=341.2s best_lap=333.0
t=4378.3 route=5 laps=9 crashes=0 avg_out=253.3s avg_ret=230.6s avg_lap=495.3s best_lap=486.0
t=4378.3 route=6 laps=10 crashes=0 avg_out=143.0s avg_ret=143.6s avg_lap=298.7s best_lap=273.6
t=4378.3 route=7 laps=10 crashes=0 avg_out=170.0s avg_ret=148.5s avg_lap=330.5s best_lap=315.4
t=4378.3 route=8 laps=9 crashes=0 avg_out=173.3s avg_ret=177.9s avg_lap=363.1s best_lap=351.4
t=4378.3 TOTAL laps=75 crashes=1
t=4378.3 TUNER gen=1 results=12/64 pending=8 active=8 remaining=52 next_trial=85 rounds=[3,2,2,3,2,3,3,2]
t=4378.3 LAP_CAPTURE craft=Aircraft_10_nav_r8_78 route=8 return=178.4s lap=364.7s carrier_dist=200m t=4378.3
t=4395.6 SPAWN craft=Aircraft_10_nav_r8_85 route=8 candidate=2 trial=85 t=4395.6
t=4396.3 LAP_CAPTURE craft=Aircraft_10_nav_r2_76 route=2 return=237.6s lap=433.0s carrier_dist=200m t=4396.3
t=4396.9 LZ_REACHED craft=Aircraft_10_nav_r6_82 route=6 outbound=147.2s t=4396.9
t=4408.3 ==== SUMMARY t=4408.3 ====
t=4408.3 route=1 laps=10 crashes=0 avg_out=150.2s avg_ret=162.9s avg_lap=325.1s best_lap=317.3
t=4408.3 route=2 laps=9 crashes=1 avg_out=181.7s avg_ret=242.4s avg_lap=438.7s best_lap=430.1
t=4408.3 route=3 laps=9 crashes=0 avg_out=216.0s avg_ret=257.7s avg_lap=485.7s best_lap=447.7
t=4408.3 route=4 laps=10 crashes=0 avg_out=174.3s avg_ret=154.9s avg_lap=341.2s best_lap=333.0
t=4408.4 route=5 laps=9 crashes=0 avg_out=253.3s avg_ret=230.6s avg_lap=495.3s best_lap=486.0
t=4408.4 route=6 laps=10 crashes=0 avg_out=143.4s avg_ret=143.6s avg_lap=298.7s best_lap=273.6
t=4408.4 route=7 laps=10 crashes=0 avg_out=170.0s avg_ret=148.5s avg_lap=330.5s best_lap=315.4
t=4408.4 route=8 laps=10 crashes=0 avg_out=173.3s avg_ret=178.0s avg_lap=363.3s best_lap=351.4
t=4408.4 TOTAL laps=77 crashes=1
t=4408.4 TUNER gen=1 results=14/64 pending=8 active=8 remaining=50 next_trial=87 rounds=[3,3,2,3,2,3,3,3]
t=4415.9 SPAWN craft=Aircraft_10_nav_r2_86 route=2 candidate=4 trial=86 t=4415.9
t=4438.5 ==== SUMMARY t=4438.5 ====
t=4438.6 route=1 laps=10 crashes=0 avg_out=150.2s avg_ret=162.9s avg_lap=325.1s best_lap=317.3
t=4438.6 route=2 laps=9 crashes=1 avg_out=181.7s avg_ret=242.4s avg_lap=438.7s best_lap=430.1
t=4438.6 route=3 laps=9 crashes=0 avg_out=216.0s avg_ret=257.7s avg_lap=485.7s best_lap=447.7
t=4438.6 route=4 laps=10 crashes=0 avg_out=174.3s avg_ret=154.9s avg_lap=341.2s best_lap=333.0
t=4438.6 route=5 laps=9 crashes=0 avg_out=253.3s avg_ret=230.6s avg_lap=495.3s best_lap=486.0
t=4438.6 route=6 laps=10 crashes=0 avg_out=143.4s avg_ret=143.6s avg_lap=298.7s best_lap=273.6
t=4438.6 route=7 laps=10 crashes=0 avg_out=170.0s avg_ret=148.5s avg_lap=330.5s best_lap=315.4
t=4438.6 route=8 laps=10 crashes=0 avg_out=173.3s avg_ret=178.0s avg_lap=363.3s best_lap=351.4
t=4438.6 TOTAL laps=77 crashes=1
t=4438.6 TUNER gen=1 results=14/64 pending=8 active=8 remaining=50 next_trial=87 rounds=[3,3,2,3,2,3,3,3]
t=4456.6 LZ_REACHED craft=Aircraft_10_nav_r4_83 route=4 outbound=166.5s t=4456.6
t=4468.6 ==== SUMMARY t=4468.6 ====
t=4468.6 route=1 laps=10 crashes=0 avg_out=150.2s avg_ret=162.9s avg_lap=325.1s best_lap=317.3
t=4468.6 route=2 laps=9 crashes=1 avg_out=181.7s avg_ret=242.4s avg_lap=438.7s best_lap=430.1
t=4468.6 route=3 laps=9 crashes=0 avg_out=216.0s avg_ret=257.7s avg_lap=485.7s best_lap=447.7
t=4468.6 route=4 laps=10 crashes=0 avg_out=173.6s avg_ret=154.9s avg_lap=341.2s best_lap=333.0
t=4468.6 route=5 laps=9 crashes=0 avg_out=253.3s avg_ret=230.6s avg_lap=495.3s best_lap=486.0
t=4468.6 route=6 laps=10 crashes=0 avg_out=143.4s avg_ret=143.6s avg_lap=298.7s best_lap=273.6
t=4468.6 route=7 laps=10 crashes=0 avg_out=170.0s avg_ret=148.5s avg_lap=330.5s best_lap=315.4
t=4468.6 route=8 laps=10 crashes=0 avg_out=173.3s avg_ret=178.0s avg_lap=363.3s best_lap=351.4
t=4468.6 TOTAL laps=77 crashes=1
t=4468.6 TUNER gen=1 results=14/64 pending=8 active=8 remaining=50 next_trial=87 rounds=[3,3,2,3,2,3,3,3]
t=4498.7 ==== SUMMARY t=4498.7 ====
t=4498.7 route=1 laps=10 crashes=0 avg_out=150.2s avg_ret=162.9s avg_lap=325.1s best_lap=317.3
t=4498.7 route=2 laps=9 crashes=1 avg_out=181.7s avg_ret=242.4s avg_lap=438.7s best_lap=430.1
t=4498.7 route=3 laps=9 crashes=0 avg_out=216.0s avg_ret=257.7s avg_lap=485.7s best_lap=447.7
t=4498.7 route=4 laps=10 crashes=0 avg_out=173.6s avg_ret=154.9s avg_lap=341.2s best_lap=333.0
t=4498.7 route=5 laps=9 crashes=0 avg_out=253.3s avg_ret=230.6s avg_lap=495.3s best_lap=486.0
t=4498.7 route=6 laps=10 crashes=0 avg_out=143.4s avg_ret=143.6s avg_lap=298.7s best_lap=273.6
t=4498.7 route=7 laps=10 crashes=0 avg_out=170.0s avg_ret=148.5s avg_lap=330.5s best_lap=315.4
t=4498.7 route=8 laps=10 crashes=0 avg_out=173.3s avg_ret=178.0s avg_lap=363.3s best_lap=351.4
t=4498.7 TOTAL laps=77 crashes=1
t=4498.7 TUNER gen=1 results=14/64 pending=8 active=8 remaining=50 next_trial=87 rounds=[3,3,2,3,2,3,3,3]
t=4506.2 LZ_REACHED craft=Aircraft_10_nav_r7_84 route=7 outbound=181.0s t=4506.2
t=4513.3 LAP_CAPTURE craft=Aircraft_10_nav_r1_81 route=1 return=161.6s lap=324.0s carrier_dist=200m t=4513.3
t=4521.3 LAP_CAPTURE craft=Aircraft_10_nav_r3_79 route=3 return=249.8s lap=477.6s carrier_dist=200m t=4521.3
t=4528.7 ==== SUMMARY t=4528.7 ====
t=4528.7 route=1 laps=11 crashes=0 avg_out=150.2s avg_ret=162.8s avg_lap=325.0s best_lap=317.3
t=4528.7 route=2 laps=9 crashes=1 avg_out=181.7s avg_ret=242.4s avg_lap=438.7s best_lap=430.1
t=4528.7 route=3 laps=10 crashes=0 avg_out=216.0s avg_ret=256.9s avg_lap=484.9s best_lap=447.7
t=4528.7 route=4 laps=10 crashes=0 avg_out=173.6s avg_ret=154.9s avg_lap=341.2s best_lap=333.0
t=4528.7 route=5 laps=9 crashes=0 avg_out=253.3s avg_ret=230.6s avg_lap=495.3s best_lap=486.0
t=4528.7 route=6 laps=10 crashes=0 avg_out=143.4s avg_ret=143.6s avg_lap=298.7s best_lap=273.6
t=4528.7 route=7 laps=10 crashes=0 avg_out=171.0s avg_ret=148.5s avg_lap=330.5s best_lap=315.4
t=4528.8 route=8 laps=10 crashes=0 avg_out=173.3s avg_ret=178.0s avg_lap=363.3s best_lap=351.4
t=4528.8 TOTAL laps=79 crashes=1
t=4528.8 TUNER gen=1 results=16/64 pending=7 active=7 remaining=48 next_trial=88 rounds=[4,3,2,3,2,3,3,3]
t=4531.1 LAUNCH_BLOCKED reason=deck_busy active=7 stored=1 no_active_s=0.0 state=AIRCRAFT_ON_DECK tractor_cleanup=false elevator_transfer=false deck=Aircraft_10_nav_r1_87 pending=none clearance=none queue=0
t=4531.3 SPAWN craft=Aircraft_10_nav_r1_87 route=1 candidate=4 trial=87 t=4531.3
t=4550.5 LAP_CAPTURE craft=Aircraft_10_nav_r6_82 route=6 return=141.5s lap=300.8s carrier_dist=200m t=4550.5
t=4551.5 SPAWN craft=Aircraft_10_nav_r3_88 route=3 candidate=5 trial=88 t=4551.5
t=4556.3 LAUNCH_BLOCKED reason=cleared_unready_nav_deck_aircraft active=7 stored=1 no_active_s=0.0 state=IDLE tractor_cleanup=false elevator_transfer=false deck=Aircraft_10_nav_r3_88 pending=none clearance=none queue=0
t=4558.8 ==== SUMMARY t=4558.8 ====
t=4558.8 route=1 laps=11 crashes=0 avg_out=150.2s avg_ret=162.8s avg_lap=325.0s best_lap=317.3
t=4558.8 route=2 laps=9 crashes=1 avg_out=181.7s avg_ret=242.4s avg_lap=438.7s best_lap=430.1
t=4558.8 route=3 laps=10 crashes=0 avg_out=216.0s avg_ret=256.9s avg_lap=484.9s best_lap=447.7
t=4558.8 route=4 laps=10 crashes=0 avg_out=173.6s avg_ret=154.9s avg_lap=341.2s best_lap=333.0
t=4558.8 route=5 laps=9 crashes=0 avg_out=253.3s avg_ret=230.6s avg_lap=495.3s best_lap=486.0
t=4558.8 route=6 laps=11 crashes=0 avg_out=143.4s avg_ret=143.4s avg_lap=298.9s best_lap=273.6
t=4558.8 route=7 laps=10 crashes=0 avg_out=171.0s avg_ret=148.5s avg_lap=330.5s best_lap=315.4
t=4558.8 route=8 laps=10 crashes=0 avg_out=173.3s avg_ret=178.0s avg_lap=363.3s best_lap=351.4
t=4558.8 TOTAL laps=80 crashes=1
t=4558.8 TUNER gen=1 results=17/64 pending=7 active=7 remaining=47 next_trial=89 rounds=[4,3,3,3,2,3,3,3]
t=4568.1 LZ_REACHED craft=Aircraft_10_nav_r8_85 route=8 outbound=172.5s t=4568.1
t=4571.6 SPAWN craft=Aircraft_10_nav_r6_89 route=6 candidate=1 trial=89 t=4571.6
t=4588.8 ==== SUMMARY t=4588.8 ====
t=4588.8 route=1 laps=11 crashes=0 avg_out=150.2s avg_ret=162.8s avg_lap=325.0s best_lap=317.3
t=4588.9 route=2 laps=9 crashes=1 avg_out=181.7s avg_ret=242.4s avg_lap=438.7s best_lap=430.1
t=4588.9 route=3 laps=10 crashes=0 avg_out=216.0s avg_ret=256.9s avg_lap=484.9s best_lap=447.7
t=4588.9 route=4 laps=10 crashes=0 avg_out=173.6s avg_ret=154.9s avg_lap=341.2s best_lap=333.0
t=4588.9 route=5 laps=9 crashes=0 avg_out=253.3s avg_ret=230.6s avg_lap=495.3s best_lap=486.0
t=4588.9 route=6 laps=11 crashes=0 avg_out=143.4s avg_ret=143.4s avg_lap=298.9s best_lap=273.6
t=4588.9 route=7 laps=10 crashes=0 avg_out=171.0s avg_ret=148.5s avg_lap=330.5s best_lap=315.4
t=4588.9 route=8 laps=10 crashes=0 avg_out=173.2s avg_ret=178.0s avg_lap=363.3s best_lap=351.4
t=4588.9 TOTAL laps=80 crashes=1
t=4588.9 TUNER gen=1 results=17/64 pending=8 active=8 remaining=47 next_trial=90 rounds=[4,3,3,3,2,4,3,3]
t=4590.9 LAP_CAPTURE craft=Aircraft_10_nav_r5_80 route=5 return=242.1s lap=512.0s carrier_dist=200m t=4590.9
t=4595.6 LZ_REACHED craft=Aircraft_10_nav_r2_86 route=2 outbound=179.8s t=4595.6
t=4606.9 SPAWN craft=Aircraft_10_nav_r5_90 route=5 candidate=7 trial=90 t=4606.9
t=4619.0 ==== SUMMARY t=4619.0 ====
t=4619.0 route=1 laps=11 crashes=0 avg_out=150.2s avg_ret=162.8s avg_lap=325.0s best_lap=317.3
t=4619.0 route=2 laps=9 crashes=1 avg_out=181.5s avg_ret=242.4s avg_lap=438.7s best_lap=430.1
t=4619.0 route=3 laps=10 crashes=0 avg_out=216.0s avg_ret=256.9s avg_lap=484.9s best_lap=447.7
t=4619.0 route=4 laps=10 crashes=0 avg_out=173.6s avg_ret=154.9s avg_lap=341.2s best_lap=333.0
t=4619.0 route=5 laps=10 crashes=0 avg_out=253.3s avg_ret=231.7s avg_lap=497.0s best_lap=486.0
t=4619.0 route=6 laps=11 crashes=0 avg_out=143.4s avg_ret=143.4s avg_lap=298.9s best_lap=273.6
t=4619.0 route=7 laps=10 crashes=0 avg_out=171.0s avg_ret=148.5s avg_lap=330.5s best_lap=315.4
t=4619.0 route=8 laps=10 crashes=0 avg_out=173.2s avg_ret=178.0s avg_lap=363.3s best_lap=351.4
t=4619.1 TOTAL laps=81 crashes=1
t=4619.1 TUNER gen=1 results=18/64 pending=8 active=8 remaining=46 next_trial=91 rounds=[4,3,3,3,3,4,3,3]
t=4622.9 LAP_CAPTURE craft=Aircraft_10_nav_r4_83 route=4 return=154.3s lap=332.8s carrier_dist=200m t=4622.9
t=4642.1 SPAWN craft=Aircraft_10_nav_r4_91 route=4 candidate=7 trial=91 t=4642.1
t=4649.1 ==== SUMMARY t=4649.1 ====
t=4649.1 route=1 laps=11 crashes=0 avg_out=150.2s avg_ret=162.8s avg_lap=325.0s best_lap=317.3
t=4649.1 route=2 laps=9 crashes=1 avg_out=181.5s avg_ret=242.4s avg_lap=438.7s best_lap=430.1
t=4649.1 route=3 laps=10 crashes=0 avg_out=216.0s avg_ret=256.9s avg_lap=484.9s best_lap=447.7
t=4649.2 route=4 laps=11 crashes=0 avg_out=173.6s avg_ret=154.8s avg_lap=340.5s best_lap=332.8
t=4649.2 route=5 laps=10 crashes=0 avg_out=253.3s avg_ret=231.7s avg_lap=497.0s best_lap=486.0
t=4649.2 route=6 laps=11 crashes=0 avg_out=143.4s avg_ret=143.4s avg_lap=298.9s best_lap=273.6
t=4649.2 route=7 laps=10 crashes=0 avg_out=171.0s avg_ret=148.5s avg_lap=330.5s best_lap=315.4
t=4649.2 route=8 laps=10 crashes=0 avg_out=173.2s avg_ret=178.0s avg_lap=363.3s best_lap=351.4
t=4649.2 TOTAL laps=82 crashes=1
t=4649.2 TUNER gen=1 results=19/64 pending=8 active=8 remaining=45 next_trial=92 rounds=[4,3,3,4,3,4,3,3]
t=4667.3 LAP_CAPTURE craft=Aircraft_10_nav_r7_84 route=7 return=149.1s lap=342.1s carrier_dist=200m t=4667.3
t=4679.1 ==== SUMMARY t=4679.1 ====
t=4679.1 route=1 laps=11 crashes=0 avg_out=150.2s avg_ret=162.8s avg_lap=325.0s best_lap=317.3
t=4679.1 route=2 laps=9 crashes=1 avg_out=181.5s avg_ret=242.4s avg_lap=438.7s best_lap=430.1
t=4679.1 route=3 laps=10 crashes=0 avg_out=216.0s avg_ret=256.9s avg_lap=484.9s best_lap=447.7
t=4679.1 route=4 laps=11 crashes=0 avg_out=173.6s avg_ret=154.8s avg_lap=340.5s best_lap=332.8
t=4679.2 route=5 laps=10 crashes=0 avg_out=253.3s avg_ret=231.7s avg_lap=497.0s best_lap=486.0
t=4679.2 route=6 laps=11 crashes=0 avg_out=143.4s avg_ret=143.4s avg_lap=298.9s best_lap=273.6
t=4679.2 route=7 laps=11 crashes=0 avg_out=171.0s avg_ret=148.6s avg_lap=331.6s best_lap=315.4
t=4679.2 route=8 laps=10 crashes=0 avg_out=173.2s avg_ret=178.0s avg_lap=363.3s best_lap=351.4
t=4679.2 TOTAL laps=83 crashes=1
t=4679.2 TUNER gen=1 results=20/64 pending=7 active=7 remaining=44 next_trial=92 rounds=[4,3,3,4,3,4,3,3]
t=4679.4 LZ_REACHED craft=Aircraft_10_nav_r1_87 route=1 outbound=148.1s t=4679.4
t=4687.3 SPAWN craft=Aircraft_10_nav_r7_92 route=7 candidate=2 trial=92 t=4687.3
t=4709.2 ==== SUMMARY t=4709.2 ====
t=4709.2 route=1 laps=11 crashes=0 avg_out=150.1s avg_ret=162.8s avg_lap=325.0s best_lap=317.3
t=4709.2 route=2 laps=9 crashes=1 avg_out=181.5s avg_ret=242.4s avg_lap=438.7s best_lap=430.1
t=4709.2 route=3 laps=10 crashes=0 avg_out=216.0s avg_ret=256.9s avg_lap=484.9s best_lap=447.7
t=4709.2 route=4 laps=11 crashes=0 avg_out=173.6s avg_ret=154.8s avg_lap=340.5s best_lap=332.8
t=4709.2 route=5 laps=10 crashes=0 avg_out=253.3s avg_ret=231.7s avg_lap=497.0s best_lap=486.0
t=4709.2 route=6 laps=11 crashes=0 avg_out=143.4s avg_ret=143.4s avg_lap=298.9s best_lap=273.6
t=4709.2 route=7 laps=11 crashes=0 avg_out=171.0s avg_ret=148.6s avg_lap=331.6s best_lap=315.4
t=4709.2 route=8 laps=10 crashes=0 avg_out=173.2s avg_ret=178.0s avg_lap=363.3s best_lap=351.4
t=4709.2 TOTAL laps=83 crashes=1
t=4709.2 TUNER gen=1 results=20/64 pending=8 active=8 remaining=44 next_trial=93 rounds=[4,3,3,4,3,4,4,3]
t=4723.6 LZ_REACHED craft=Aircraft_10_nav_r6_89 route=6 outbound=152.0s t=4723.6
t=4739.2 ==== SUMMARY t=4739.2 ====
t=4739.2 route=1 laps=11 crashes=0 avg_out=150.1s avg_ret=162.8s avg_lap=325.0s best_lap=317.3
t=4739.2 route=2 laps=9 crashes=1 avg_out=181.5s avg_ret=242.4s avg_lap=438.7s best_lap=430.1
t=4739.2 route=3 laps=10 crashes=0 avg_out=216.0s avg_ret=256.9s avg_lap=484.9s best_lap=447.7
t=4739.2 route=4 laps=11 crashes=0 avg_out=173.6s avg_ret=154.8s avg_lap=340.5s best_lap=332.8
t=4739.3 route=5 laps=10 crashes=0 avg_out=253.3s avg_ret=231.7s avg_lap=497.0s best_lap=486.0
t=4739.3 route=6 laps=11 crashes=0 avg_out=144.1s avg_ret=143.4s avg_lap=298.9s best_lap=273.6
t=4739.3 route=7 laps=11 crashes=0 avg_out=171.0s avg_ret=148.6s avg_lap=331.6s best_lap=315.4
t=4739.3 route=8 laps=10 crashes=0 avg_out=173.2s avg_ret=178.0s avg_lap=363.3s best_lap=351.4
t=4739.3 TOTAL laps=83 crashes=1
t=4739.3 TUNER gen=1 results=20/64 pending=8 active=8 remaining=44 next_trial=93 rounds=[4,3,3,4,3,4,4,3]
t=4759.9 LAP_CAPTURE craft=Aircraft_10_nav_r8_85 route=8 return=179.8s lap=364.3s carrier_dist=200m t=4759.9
t=4766.7 LZ_REACHED craft=Aircraft_10_nav_r3_88 route=3 outbound=215.3s t=4766.7
t=4769.3 ==== SUMMARY t=4769.3 ====
t=4769.3 route=1 laps=11 crashes=0 avg_out=150.1s avg_ret=162.8s avg_lap=325.0s best_lap=317.3
t=4769.3 route=2 laps=9 crashes=1 avg_out=181.5s avg_ret=242.4s avg_lap=438.7s best_lap=430.1
t=4769.3 route=3 laps=10 crashes=0 avg_out=215.9s avg_ret=256.9s avg_lap=484.9s best_lap=447.7
t=4769.3 route=4 laps=11 crashes=0 avg_out=173.6s avg_ret=154.8s avg_lap=340.5s best_lap=332.8
t=4769.3 route=5 laps=10 crashes=0 avg_out=253.3s avg_ret=231.7s avg_lap=497.0s best_lap=486.0
t=4769.3 route=6 laps=11 crashes=0 avg_out=144.1s avg_ret=143.4s avg_lap=298.9s best_lap=273.6
t=4769.3 route=7 laps=11 crashes=0 avg_out=171.0s avg_ret=148.6s avg_lap=331.6s best_lap=315.4
t=4769.3 route=8 laps=11 crashes=0 avg_out=173.2s avg_ret=178.1s avg_lap=363.3s best_lap=351.4
t=4769.3 TOTAL laps=84 crashes=1
t=4769.3 TUNER gen=1 results=21/64 pending=7 active=7 remaining=43 next_trial=93 rounds=[4,3,3,4,3,4,4,3]
t=4777.9 SPAWN craft=Aircraft_10_nav_r8_93 route=8 candidate=3 trial=93 t=4777.9
t=4799.4 ==== SUMMARY t=4799.4 ====
t=4799.4 route=1 laps=11 crashes=0 avg_out=150.1s avg_ret=162.8s avg_lap=325.0s best_lap=317.3
t=4799.4 route=2 laps=9 crashes=1 avg_out=181.5s avg_ret=242.4s avg_lap=438.7s best_lap=430.1
t=4799.4 route=3 laps=10 crashes=0 avg_out=215.9s avg_ret=256.9s avg_lap=484.9s best_lap=447.7
t=4799.4 route=4 laps=11 crashes=0 avg_out=173.6s avg_ret=154.8s avg_lap=340.5s best_lap=332.8
t=4799.4 route=5 laps=10 crashes=0 avg_out=253.3s avg_ret=231.7s avg_lap=497.0s best_lap=486.0
t=4799.4 route=6 laps=11 crashes=0 avg_out=144.1s avg_ret=143.4s avg_lap=298.9s best_lap=273.6
t=4799.4 route=7 laps=11 crashes=0 avg_out=171.0s avg_ret=148.6s avg_lap=331.6s best_lap=315.4
t=4799.4 route=8 laps=11 crashes=0 avg_out=173.2s avg_ret=178.1s avg_lap=363.3s best_lap=351.4
t=4799.4 TOTAL laps=84 crashes=1
t=4799.4 TUNER gen=1 results=21/64 pending=8 active=8 remaining=43 next_trial=94 rounds=[4,3,3,4,3,4,4,4]
t=4814.1 LZ_REACHED craft=Aircraft_10_nav_r4_91 route=4 outbound=172.0s t=4814.1
t=4829.4 ==== SUMMARY t=4829.4 ====
t=4829.4 route=1 laps=11 crashes=0 avg_out=150.1s avg_ret=162.8s avg_lap=325.0s best_lap=317.3
t=4829.5 route=2 laps=9 crashes=1 avg_out=181.5s avg_ret=242.4s avg_lap=438.7s best_lap=430.1
t=4829.5 route=3 laps=10 crashes=0 avg_out=215.9s avg_ret=256.9s avg_lap=484.9s best_lap=447.7
t=4829.5 route=4 laps=11 crashes=0 avg_out=173.5s avg_ret=154.8s avg_lap=340.5s best_lap=332.8
t=4829.5 route=5 laps=10 crashes=0 avg_out=253.3s avg_ret=231.7s avg_lap=497.0s best_lap=486.0
t=4829.5 route=6 laps=11 crashes=0 avg_out=144.1s avg_ret=143.4s avg_lap=298.9s best_lap=273.6
t=4829.5 route=7 laps=11 crashes=0 avg_out=171.0s avg_ret=148.6s avg_lap=331.6s best_lap=315.4
t=4829.5 route=8 laps=11 crashes=0 avg_out=173.2s avg_ret=178.1s avg_lap=363.3s best_lap=351.4
t=4829.5 TOTAL laps=84 crashes=1
t=4829.5 TUNER gen=1 results=21/64 pending=8 active=8 remaining=43 next_trial=94 rounds=[4,3,3,4,3,4,4,4]
t=4852.7 LAP_CAPTURE craft=Aircraft_10_nav_r2_86 route=2 return=245.0s lap=436.9s carrier_dist=200m t=4852.7
t=4853.9 LAP_CAPTURE craft=Aircraft_10_nav_r1_87 route=1 return=162.5s lap=322.5s carrier_dist=200m t=4853.9
t=4854.1 LZ_REACHED craft=Aircraft_10_nav_r7_92 route=7 outbound=166.8s t=4854.1
t=4857.8 LAUNCH_BLOCKED reason=cleared_unready_nav_deck_aircraft active=6 stored=1 no_active_s=0.0 state=IDLE tractor_cleanup=false elevator_transfer=false deck=Aircraft_10_nav_r8_93 pending=none clearance=none queue=0
t=4859.4 ==== SUMMARY t=4859.4 ====
t=4859.5 route=1 laps=12 crashes=0 avg_out=150.1s avg_ret=162.7s avg_lap=324.8s best_lap=317.3
t=4859.5 route=2 laps=10 crashes=1 avg_out=181.5s avg_ret=242.7s avg_lap=438.5s best_lap=430.1
t=4859.5 route=3 laps=10 crashes=0 avg_out=215.9s avg_ret=256.9s avg_lap=484.9s best_lap=447.7
t=4859.5 route=4 laps=11 crashes=0 avg_out=173.5s avg_ret=154.8s avg_lap=340.5s best_lap=332.8
t=4859.5 route=5 laps=10 crashes=0 avg_out=253.3s avg_ret=231.7s avg_lap=497.0s best_lap=486.0
t=4859.5 route=6 laps=11 crashes=0 avg_out=144.1s avg_ret=143.4s avg_lap=298.9s best_lap=273.6
t=4859.5 route=7 laps=11 crashes=0 avg_out=170.6s avg_ret=148.6s avg_lap=331.6s best_lap=315.4
t=4859.5 route=8 laps=11 crashes=0 avg_out=173.2s avg_ret=178.1s avg_lap=363.3s best_lap=351.4
t=4859.5 TOTAL laps=86 crashes=1
t=4859.5 TUNER gen=1 results=23/64 pending=6 active=6 remaining=41 next_trial=94 rounds=[4,3,3,4,3,4,4,4]
t=4866.1 LZ_REACHED craft=Aircraft_10_nav_r5_90 route=5 outbound=259.2s t=4866.1
t=4873.0 LAUNCH_BLOCKED reason=deck_busy active=7 stored=1 no_active_s=0.0 state=AIRCRAFT_ON_DECK tractor_cleanup=false elevator_transfer=false deck=Aircraft_10_nav_r2_94 pending=none clearance=none queue=0
t=4873.3 SPAWN craft=Aircraft_10_nav_r2_94 route=2 candidate=5 trial=94 t=4873.3
t=4881.2 LAP_CAPTURE craft=Aircraft_10_nav_r6_89 route=6 return=145.6s lap=309.6s carrier_dist=200m t=4881.2
t=4888.2 LAUNCH_BLOCKED reason=deck_busy active=7 stored=1 no_active_s=0.0 state=AIRCRAFT_ON_DECK tractor_cleanup=false elevator_transfer=true deck=Aircraft_10_nav_r1_95 pending=none clearance=none queue=0
t=4889.7 ==== SUMMARY t=4889.7 ====
t=4889.7 route=1 laps=12 crashes=0 avg_out=150.1s avg_ret=162.7s avg_lap=324.8s best_lap=317.3
t=4889.7 route=2 laps=10 crashes=1 avg_out=181.5s avg_ret=242.7s avg_lap=438.5s best_lap=430.1
t=4889.7 route=3 laps=10 crashes=0 avg_out=215.9s avg_ret=256.9s avg_lap=484.9s best_lap=447.7
t=4889.7 route=4 laps=11 crashes=0 avg_out=173.5s avg_ret=154.8s avg_lap=340.5s best_lap=332.8
t=4889.7 route=5 laps=10 crashes=0 avg_out=253.8s avg_ret=231.7s avg_lap=497.0s best_lap=486.0
t=4889.7 route=6 laps=12 crashes=0 avg_out=144.1s avg_ret=143.6s avg_lap=299.8s best_lap=273.6
t=4889.7 route=7 laps=11 crashes=0 avg_out=170.6s avg_ret=148.6s avg_lap=331.6s best_lap=315.4
t=4889.7 route=8 laps=11 crashes=0 avg_out=173.2s avg_ret=178.1s avg_lap=363.3s best_lap=351.4
t=4889.7 TOTAL laps=87 crashes=1
t=4889.7 TUNER gen=1 results=24/64 pending=7 active=7 remaining=40 next_trial=96 rounds=[5,4,3,4,3,4,4,4]
t=4893.4 SPAWN craft=Aircraft_10_nav_r1_95 route=1 candidate=5 trial=95 t=4893.4
t=4913.6 SPAWN craft=Aircraft_10_nav_r6_96 route=6 candidate=2 trial=96 t=4913.6
t=4919.7 ==== SUMMARY t=4919.7 ====
t=4919.7 route=1 laps=12 crashes=0 avg_out=150.1s avg_ret=162.7s avg_lap=324.8s best_lap=317.3
t=4919.7 route=2 laps=10 crashes=1 avg_out=181.5s avg_ret=242.7s avg_lap=438.5s best_lap=430.1
t=4919.7 route=3 laps=10 crashes=0 avg_out=215.9s avg_ret=256.9s avg_lap=484.9s best_lap=447.7
t=4919.7 route=4 laps=11 crashes=0 avg_out=173.5s avg_ret=154.8s avg_lap=340.5s best_lap=332.8
t=4919.7 route=5 laps=10 crashes=0 avg_out=253.8s avg_ret=231.7s avg_lap=497.0s best_lap=486.0
t=4919.8 route=6 laps=12 crashes=0 avg_out=144.1s avg_ret=143.6s avg_lap=299.8s best_lap=273.6
t=4919.8 route=7 laps=11 crashes=0 avg_out=170.6s avg_ret=148.6s avg_lap=331.6s best_lap=315.4
t=4919.8 route=8 laps=11 crashes=0 avg_out=173.2s avg_ret=178.1s avg_lap=363.3s best_lap=351.4
t=4919.8 TOTAL laps=87 crashes=1
t=4919.8 TUNER gen=1 results=24/64 pending=8 active=8 remaining=40 next_trial=97 rounds=[5,4,3,4,3,5,4,4]
t=4949.7 ==== SUMMARY t=4949.7 ====
t=4949.7 route=1 laps=12 crashes=0 avg_out=150.1s avg_ret=162.7s avg_lap=324.8s best_lap=317.3
t=4949.7 route=2 laps=10 crashes=1 avg_out=181.5s avg_ret=242.7s avg_lap=438.5s best_lap=430.1
t=4949.8 route=3 laps=10 crashes=0 avg_out=215.9s avg_ret=256.9s avg_lap=484.9s best_lap=447.7
t=4949.8 route=4 laps=11 crashes=0 avg_out=173.5s avg_ret=154.8s avg_lap=340.5s best_lap=332.8
t=4949.8 route=5 laps=10 crashes=0 avg_out=253.8s avg_ret=231.7s avg_lap=497.0s best_lap=486.0
t=4949.8 route=6 laps=12 crashes=0 avg_out=144.1s avg_ret=143.6s avg_lap=299.8s best_lap=273.6
t=4949.8 route=7 laps=11 crashes=0 avg_out=170.6s avg_ret=148.6s avg_lap=331.6s best_lap=315.4
t=4949.8 route=8 laps=11 crashes=0 avg_out=173.2s avg_ret=178.1s avg_lap=363.3s best_lap=351.4
t=4949.8 TOTAL laps=87 crashes=1
t=4949.8 TUNER gen=1 results=24/64 pending=8 active=8 remaining=40 next_trial=97 rounds=[5,4,3,4,3,5,4,4]
t=4952.3 LZ_REACHED craft=Aircraft_10_nav_r8_93 route=8 outbound=174.4s t=4952.3
t=4979.8 ==== SUMMARY t=4979.8 ====
t=4979.8 route=1 laps=12 crashes=0 avg_out=150.1s avg_ret=162.7s avg_lap=324.8s best_lap=317.3
t=4979.8 route=2 laps=10 crashes=1 avg_out=181.5s avg_ret=242.7s avg_lap=438.5s best_lap=430.1
t=4979.8 route=3 laps=10 crashes=0 avg_out=215.9s avg_ret=256.9s avg_lap=484.9s best_lap=447.7
t=4979.8 route=4 laps=11 crashes=0 avg_out=173.5s avg_ret=154.8s avg_lap=340.5s best_lap=332.8
t=4979.8 route=5 laps=10 crashes=0 avg_out=253.8s avg_ret=231.7s avg_lap=497.0s best_lap=486.0
t=4979.8 route=6 laps=12 crashes=0 avg_out=144.1s avg_ret=143.6s avg_lap=299.8s best_lap=273.6
t=4979.8 route=7 laps=11 crashes=0 avg_out=170.6s avg_ret=148.6s avg_lap=331.6s best_lap=315.4
t=4979.8 route=8 laps=11 crashes=0 avg_out=173.3s avg_ret=178.1s avg_lap=363.3s best_lap=351.4
t=4979.8 TOTAL laps=87 crashes=1
t=4979.9 TUNER gen=1 results=24/64 pending=8 active=8 remaining=40 next_trial=97 rounds=[5,4,3,4,3,5,4,4]
t=4981.3 LAP_CAPTURE craft=Aircraft_10_nav_r4_91 route=4 return=155.2s lap=339.2s carrier_dist=200m t=4981.3
t=4999.0 SPAWN craft=Aircraft_10_nav_r4_97 route=4 candidate=8 trial=97 t=4999.0
t=5009.8 ==== SUMMARY t=5009.8 ====
t=5009.8 route=1 laps=12 crashes=0 avg_out=150.1s avg_ret=162.7s avg_lap=324.8s best_lap=317.3
t=5009.8 route=2 laps=10 crashes=1 avg_out=181.5s avg_ret=242.7s avg_lap=438.5s best_lap=430.1
t=5009.8 route=3 laps=10 crashes=0 avg_out=215.9s avg_ret=256.9s avg_lap=484.9s best_lap=447.7
t=5009.8 route=4 laps=12 crashes=0 avg_out=173.5s avg_ret=154.9s avg_lap=340.4s best_lap=332.8
t=5009.8 route=5 laps=10 crashes=0 avg_out=253.8s avg_ret=231.7s avg_lap=497.0s best_lap=486.0
t=5009.8 route=6 laps=12 crashes=0 avg_out=144.1s avg_ret=143.6s avg_lap=299.8s best_lap=273.6
t=5009.8 route=7 laps=11 crashes=0 avg_out=170.6s avg_ret=148.6s avg_lap=331.6s best_lap=315.4
t=5009.8 route=8 laps=11 crashes=0 avg_out=173.3s avg_ret=178.1s avg_lap=363.3s best_lap=351.4
t=5009.8 TOTAL laps=88 crashes=1
t=5009.9 TUNER gen=1 results=25/64 pending=8 active=8 remaining=39 next_trial=98 rounds=[5,4,3,5,3,5,4,4]
t=5012.5 LAP_CAPTURE craft=Aircraft_10_nav_r7_92 route=7 return=146.4s lap=325.2s carrier_dist=200m t=5012.5
t=5029.0 SPAWN craft=Aircraft_10_nav_r7_98 route=7 candidate=3 trial=98 t=5029.0
t=5033.4 LAP_CAPTURE craft=Aircraft_10_nav_r3_88 route=3 return=254.6s lap=481.9s carrier_dist=200m t=5033.4
t=5039.5 LZ_REACHED craft=Aircraft_10_nav_r1_95 route=1 outbound=146.0s t=5039.5
t=5039.9 ==== SUMMARY t=5039.9 ====
t=5039.9 route=1 laps=12 crashes=0 avg_out=149.7s avg_ret=162.7s avg_lap=324.8s best_lap=317.3
t=5039.9 route=2 laps=10 crashes=1 avg_out=181.5s avg_ret=242.7s avg_lap=438.5s best_lap=430.1
t=5039.9 route=3 laps=11 crashes=0 avg_out=215.9s avg_ret=256.7s avg_lap=484.6s best_lap=447.7
t=5039.9 route=4 laps=12 crashes=0 avg_out=173.5s avg_ret=154.9s avg_lap=340.4s best_lap=332.8
t=5039.9 route=5 laps=10 crashes=0 avg_out=253.8s avg_ret=231.7s avg_lap=497.0s best_lap=486.0
t=5039.9 route=6 laps=12 crashes=0 avg_out=144.1s avg_ret=143.6s avg_lap=299.8s best_lap=273.6
t=5039.9 route=7 laps=12 crashes=0 avg_out=170.6s avg_ret=148.4s avg_lap=331.1s best_lap=315.4
t=5039.9 route=8 laps=11 crashes=0 avg_out=173.3s avg_ret=178.1s avg_lap=363.3s best_lap=351.4
t=5040.0 TOTAL laps=90 crashes=1
t=5040.0 TUNER gen=1 results=27/64 pending=7 active=7 remaining=37 next_trial=99 rounds=[5,4,3,5,3,5,5,4]
t=5049.1 SPAWN craft=Aircraft_10_nav_r3_99 route=3 candidate=6 trial=99 t=5049.1
t=5056.0 LZ_REACHED craft=Aircraft_10_nav_r2_94 route=2 outbound=182.7s t=5056.0
t=5059.7 LZ_REACHED craft=Aircraft_10_nav_r6_96 route=6 outbound=146.2s t=5059.7
t=5070.0 ==== SUMMARY t=5070.0 ====
t=5070.0 route=1 laps=12 crashes=0 avg_out=149.7s avg_ret=162.7s avg_lap=324.8s best_lap=317.3
t=5070.0 route=2 laps=10 crashes=1 avg_out=181.6s avg_ret=242.7s avg_lap=438.5s best_lap=430.1
t=5070.0 route=3 laps=11 crashes=0 avg_out=215.9s avg_ret=256.7s avg_lap=484.6s best_lap=447.7
t=5070.1 route=4 laps=12 crashes=0 avg_out=173.5s avg_ret=154.9s avg_lap=340.4s best_lap=332.8
t=5070.1 route=5 laps=10 crashes=0 avg_out=253.8s avg_ret=231.7s avg_lap=497.0s best_lap=486.0
t=5070.1 route=6 laps=12 crashes=0 avg_out=144.3s avg_ret=143.6s avg_lap=299.8s best_lap=273.6
t=5070.1 route=7 laps=12 crashes=0 avg_out=170.6s avg_ret=148.4s avg_lap=331.1s best_lap=315.4
t=5070.1 route=8 laps=11 crashes=0 avg_out=173.3s avg_ret=178.1s avg_lap=363.3s best_lap=351.4
t=5070.1 TOTAL laps=90 crashes=1
t=5070.1 TUNER gen=1 results=27/64 pending=8 active=8 remaining=37 next_trial=100 rounds=[5,4,4,5,3,5,5,4]
t=5100.1 ==== SUMMARY t=5100.1 ====
t=5100.1 route=1 laps=12 crashes=0 avg_out=149.7s avg_ret=162.7s avg_lap=324.8s best_lap=317.3
t=5100.1 route=2 laps=10 crashes=1 avg_out=181.6s avg_ret=242.7s avg_lap=438.5s best_lap=430.1
t=5100.1 route=3 laps=11 crashes=0 avg_out=215.9s avg_ret=256.7s avg_lap=484.6s best_lap=447.7
t=5100.1 route=4 laps=12 crashes=0 avg_out=173.5s avg_ret=154.9s avg_lap=340.4s best_lap=332.8
t=5100.1 route=5 laps=10 crashes=0 avg_out=253.8s avg_ret=231.7s avg_lap=497.0s best_lap=486.0
t=5100.2 route=6 laps=12 crashes=0 avg_out=144.3s avg_ret=143.6s avg_lap=299.8s best_lap=273.6
t=5100.2 route=7 laps=12 crashes=0 avg_out=170.6s avg_ret=148.4s avg_lap=331.1s best_lap=315.4
t=5100.2 route=8 laps=11 crashes=0 avg_out=173.3s avg_ret=178.1s avg_lap=363.3s best_lap=351.4
t=5100.2 TOTAL laps=90 crashes=1
t=5100.2 TUNER gen=1 results=27/64 pending=8 active=8 remaining=37 next_trial=100 rounds=[5,4,4,5,3,5,5,4]
t=5110.8 LAP_CAPTURE craft=Aircraft_10_nav_r5_90 route=5 return=232.6s lap=504.0s carrier_dist=200m t=5110.8
t=5129.6 SPAWN craft=Aircraft_10_nav_r5_100 route=5 candidate=8 trial=100 t=5129.6
t=5130.2 ==== SUMMARY t=5130.2 ====
t=5130.2 route=1 laps=12 crashes=0 avg_out=149.7s avg_ret=162.7s avg_lap=324.8s best_lap=317.3
t=5130.3 route=2 laps=10 crashes=1 avg_out=181.6s avg_ret=242.7s avg_lap=438.5s best_lap=430.1
t=5130.3 route=3 laps=11 crashes=0 avg_out=215.9s avg_ret=256.7s avg_lap=484.6s best_lap=447.7
t=5130.3 route=4 laps=12 crashes=0 avg_out=173.5s avg_ret=154.9s avg_lap=340.4s best_lap=332.8
t=5130.3 route=5 laps=11 crashes=0 avg_out=253.8s avg_ret=231.8s avg_lap=497.6s best_lap=486.0
t=5130.3 route=6 laps=12 crashes=0 avg_out=144.3s avg_ret=143.6s avg_lap=299.8s best_lap=273.6
t=5130.3 route=7 laps=12 crashes=0 avg_out=170.6s avg_ret=148.4s avg_lap=331.1s best_lap=315.4
t=5130.3 route=8 laps=11 crashes=0 avg_out=173.3s avg_ret=178.1s avg_lap=363.3s best_lap=351.4
t=5130.3 TOTAL laps=91 crashes=1
t=5130.3 TUNER gen=1 results=28/64 pending=8 active=8 remaining=36 next_trial=101 rounds=[5,4,4,5,4,5,5,4]
t=5140.9 LAP_CAPTURE craft=Aircraft_10_nav_r8_93 route=8 return=176.6s lap=363.0s carrier_dist=200m t=5140.9
t=5159.7 SPAWN craft=Aircraft_10_nav_r8_101 route=8 candidate=4 trial=101 t=5159.7
t=5160.3 ==== SUMMARY t=5160.3 ====
t=5160.3 route=1 laps=12 crashes=0 avg_out=149.7s avg_ret=162.7s avg_lap=324.8s best_lap=317.3
t=5160.3 route=2 laps=10 crashes=1 avg_out=181.6s avg_ret=242.7s avg_lap=438.5s best_lap=430.1
t=5160.3 route=3 laps=11 crashes=0 avg_out=215.9s avg_ret=256.7s avg_lap=484.6s best_lap=447.7
t=5160.3 route=4 laps=12 crashes=0 avg_out=173.5s avg_ret=154.9s avg_lap=340.4s best_lap=332.8
t=5160.3 route=5 laps=11 crashes=0 avg_out=253.8s avg_ret=231.8s avg_lap=497.6s best_lap=486.0
t=5160.3 route=6 laps=12 crashes=0 avg_out=144.3s avg_ret=143.6s avg_lap=299.8s best_lap=273.6
t=5160.3 route=7 laps=12 crashes=0 avg_out=170.6s avg_ret=148.4s avg_lap=331.1s best_lap=315.4
t=5160.4 route=8 laps=12 crashes=0 avg_out=173.3s avg_ret=178.0s avg_lap=363.3s best_lap=351.4
t=5160.4 TOTAL laps=92 crashes=1
t=5160.4 TUNER gen=1 results=29/64 pending=8 active=8 remaining=35 next_trial=102 rounds=[5,4,4,5,4,5,5,5]
t=5172.3 LZ_REACHED craft=Aircraft_10_nav_r4_97 route=4 outbound=173.3s t=5172.3
t=5190.3 ==== SUMMARY t=5190.3 ====
t=5190.3 route=1 laps=12 crashes=0 avg_out=149.7s avg_ret=162.7s avg_lap=324.8s best_lap=317.3
t=5190.4 route=2 laps=10 crashes=1 avg_out=181.6s avg_ret=242.7s avg_lap=438.5s best_lap=430.1
t=5190.4 route=3 laps=11 crashes=0 avg_out=215.9s avg_ret=256.7s avg_lap=484.6s best_lap=447.7
t=5190.4 route=4 laps=12 crashes=0 avg_out=173.5s avg_ret=154.9s avg_lap=340.4s best_lap=332.8
t=5190.4 route=5 laps=11 crashes=0 avg_out=253.8s avg_ret=231.8s avg_lap=497.6s best_lap=486.0
t=5190.4 route=6 laps=12 crashes=0 avg_out=144.3s avg_ret=143.6s avg_lap=299.8s best_lap=273.6
t=5190.4 route=7 laps=12 crashes=0 avg_out=170.6s avg_ret=148.4s avg_lap=331.1s best_lap=315.4
t=5190.4 route=8 laps=12 crashes=0 avg_out=173.3s avg_ret=178.0s avg_lap=363.3s best_lap=351.4
t=5190.4 TOTAL laps=92 crashes=1
t=5190.4 TUNER gen=1 results=29/64 pending=8 active=8 remaining=35 next_trial=102 rounds=[5,4,4,5,4,5,5,5]
t=5197.2 LZ_REACHED craft=Aircraft_10_nav_r7_98 route=7 outbound=168.2s t=5197.2
t=5213.2 LAP_CAPTURE craft=Aircraft_10_nav_r6_96 route=6 return=141.4s lap=299.6s carrier_dist=200m t=5213.2
t=5213.9 LAP_CAPTURE craft=Aircraft_10_nav_r1_95 route=1 return=162.4s lap=320.5s carrier_dist=200m t=5213.9
t=5219.7 LAUNCH_BLOCKED reason=deck_busy active=7 stored=1 no_active_s=0.0 state=RETRIEVING_FROM_HANGAR tractor_cleanup=false elevator_transfer=false deck=Aircraft_10_nav_r1_102 pending=none clearance=none queue=0
t=5220.4 ==== SUMMARY t=5220.4 ====
t=5220.4 route=1 laps=13 crashes=0 avg_out=149.7s avg_ret=162.7s avg_lap=324.5s best_lap=317.3
t=5220.4 route=2 laps=10 crashes=1 avg_out=181.6s avg_ret=242.7s avg_lap=438.5s best_lap=430.1
t=5220.4 route=3 laps=11 crashes=0 avg_out=215.9s avg_ret=256.7s avg_lap=484.6s best_lap=447.7
t=5220.4 route=4 laps=12 crashes=0 avg_out=173.5s avg_ret=154.9s avg_lap=340.4s best_lap=332.8
t=5220.4 route=5 laps=11 crashes=0 avg_out=253.8s avg_ret=231.8s avg_lap=497.6s best_lap=486.0
t=5220.4 route=6 laps=13 crashes=0 avg_out=144.3s avg_ret=143.4s avg_lap=299.8s best_lap=273.6
t=5220.4 route=7 laps=12 crashes=0 avg_out=170.5s avg_ret=148.4s avg_lap=331.1s best_lap=315.4
t=5220.4 route=8 laps=12 crashes=0 avg_out=173.3s avg_ret=178.0s avg_lap=363.3s best_lap=351.4
t=5220.4 TOTAL laps=94 crashes=1
t=5220.4 TUNER gen=1 results=31/64 pending=6 active=6 remaining=33 next_trial=102 rounds=[5,4,4,5,4,5,5,5]
t=5230.1 SPAWN craft=Aircraft_10_nav_r1_102 route=1 candidate=6 trial=102 t=5230.1
t=5234.8 LAUNCH_BLOCKED reason=cleared_unready_nav_deck_aircraft active=7 stored=1 no_active_s=0.0 state=IDLE tractor_cleanup=false elevator_transfer=false deck=Aircraft_10_nav_r1_102 pending=none clearance=none queue=0
t=5250.1 SPAWN craft=Aircraft_10_nav_r6_103 route=6 candidate=3 trial=103 t=5250.1
t=5250.4 ==== SUMMARY t=5250.4 ====
t=5250.4 route=1 laps=13 crashes=0 avg_out=149.7s avg_ret=162.7s avg_lap=324.5s best_lap=317.3
t=5250.4 route=2 laps=10 crashes=1 avg_out=181.6s avg_ret=242.7s avg_lap=438.5s best_lap=430.1
t=5250.4 route=3 laps=11 crashes=0 avg_out=215.9s avg_ret=256.7s avg_lap=484.6s best_lap=447.7
t=5250.4 route=4 laps=12 crashes=0 avg_out=173.5s avg_ret=154.9s avg_lap=340.4s best_lap=332.8
t=5250.4 route=5 laps=11 crashes=0 avg_out=253.8s avg_ret=231.8s avg_lap=497.6s best_lap=486.0
t=5250.4 route=6 laps=13 crashes=0 avg_out=144.3s avg_ret=143.4s avg_lap=299.8s best_lap=273.6
t=5250.4 route=7 laps=12 crashes=0 avg_out=170.5s avg_ret=148.4s avg_lap=331.1s best_lap=315.4
t=5250.4 route=8 laps=12 crashes=0 avg_out=173.3s avg_ret=178.0s avg_lap=363.3s best_lap=351.4
t=5250.4 TOTAL laps=94 crashes=1
t=5250.5 TUNER gen=1 results=31/64 pending=8 active=8 remaining=33 next_trial=104 rounds=[6,4,4,5,4,6,5,5]
t=5267.4 LZ_REACHED craft=Aircraft_10_nav_r3_99 route=3 outbound=218.3s t=5267.4
t=5280.4 ==== SUMMARY t=5280.4 ====
t=5280.4 route=1 laps=13 crashes=0 avg_out=149.7s avg_ret=162.7s avg_lap=324.5s best_lap=317.3
t=5280.4 route=2 laps=10 crashes=1 avg_out=181.6s avg_ret=242.7s avg_lap=438.5s best_lap=430.1
t=5280.4 route=3 laps=11 crashes=0 avg_out=216.1s avg_ret=256.7s avg_lap=484.6s best_lap=447.7
t=5280.4 route=4 laps=12 crashes=0 avg_out=173.5s avg_ret=154.9s avg_lap=340.4s best_lap=332.8
t=5280.4 route=5 laps=11 crashes=0 avg_out=253.8s avg_ret=231.8s avg_lap=497.6s best_lap=486.0
t=5280.5 route=6 laps=13 crashes=0 avg_out=144.3s avg_ret=143.4s avg_lap=299.8s best_lap=273.6
t=5280.5 route=7 laps=12 crashes=0 avg_out=170.5s avg_ret=148.4s avg_lap=331.1s best_lap=315.4
t=5280.5 route=8 laps=12 crashes=0 avg_out=173.3s avg_ret=178.0s avg_lap=363.3s best_lap=351.4
t=5280.5 TOTAL laps=94 crashes=1
t=5280.5 TUNER gen=1 results=31/64 pending=8 active=8 remaining=33 next_trial=104 rounds=[6,4,4,5,4,6,5,5]
t=5310.5 ==== SUMMARY t=5310.5 ====
t=5310.6 route=1 laps=13 crashes=0 avg_out=149.7s avg_ret=162.7s avg_lap=324.5s best_lap=317.3
t=5310.6 route=2 laps=10 crashes=1 avg_out=181.6s avg_ret=242.7s avg_lap=438.5s best_lap=430.1
t=5310.6 route=3 laps=11 crashes=0 avg_out=216.1s avg_ret=256.7s avg_lap=484.6s best_lap=447.7
t=5310.6 route=4 laps=12 crashes=0 avg_out=173.5s avg_ret=154.9s avg_lap=340.4s best_lap=332.8
t=5310.6 route=5 laps=11 crashes=0 avg_out=253.8s avg_ret=231.8s avg_lap=497.6s best_lap=486.0
t=5310.6 route=6 laps=13 crashes=0 avg_out=144.3s avg_ret=143.4s avg_lap=299.8s best_lap=273.6
t=5310.6 route=7 laps=12 crashes=0 avg_out=170.5s avg_ret=148.4s avg_lap=331.1s best_lap=315.4
t=5310.6 route=8 laps=12 crashes=0 avg_out=173.3s avg_ret=178.0s avg_lap=363.3s best_lap=351.4
t=5310.6 TOTAL laps=94 crashes=1
t=5310.6 TUNER gen=1 results=31/64 pending=8 active=8 remaining=33 next_trial=104 rounds=[6,4,4,5,4,6,5,5]
t=5313.9 LAP_CAPTURE craft=Aircraft_10_nav_r2_94 route=2 return=245.9s lap=440.6s carrier_dist=200m t=5313.9
t=5330.5 SPAWN craft=Aircraft_10_nav_r2_104 route=2 candidate=6 trial=104 t=5330.5
t=5333.7 LZ_REACHED craft=Aircraft_10_nav_r8_101 route=8 outbound=174.0s t=5333.7
t=5340.5 ==== SUMMARY t=5340.5 ====
t=5340.6 route=1 laps=13 crashes=0 avg_out=149.7s avg_ret=162.7s avg_lap=324.5s best_lap=317.3
t=5340.6 route=2 laps=11 crashes=1 avg_out=181.6s avg_ret=243.0s avg_lap=438.7s best_lap=430.1
t=5340.6 route=3 laps=11 crashes=0 avg_out=216.1s avg_ret=256.7s avg_lap=484.6s best_lap=447.7
t=5340.6 route=4 laps=12 crashes=0 avg_out=173.5s avg_ret=154.9s avg_lap=340.4s best_lap=332.8
t=5340.6 route=5 laps=11 crashes=0 avg_out=253.8s avg_ret=231.8s avg_lap=497.6s best_lap=486.0
t=5340.6 route=6 laps=13 crashes=0 avg_out=144.3s avg_ret=143.4s avg_lap=299.8s best_lap=273.6
t=5340.6 route=7 laps=12 crashes=0 avg_out=170.5s avg_ret=148.4s avg_lap=331.1s best_lap=315.4
t=5340.6 route=8 laps=12 crashes=0 avg_out=173.4s avg_ret=178.0s avg_lap=363.3s best_lap=351.4
t=5340.6 TOTAL laps=95 crashes=1
t=5340.6 TUNER gen=1 results=32/64 pending=8 active=8 remaining=32 next_trial=105 rounds=[6,5,4,5,4,6,5,5]
t=5340.9 LAP_CAPTURE craft=Aircraft_10_nav_r4_97 route=4 return=156.5s lap=341.9s carrier_dist=200m t=5340.9
t=5356.8 LAP_CAPTURE craft=Aircraft_10_nav_r7_98 route=7 return=147.6s lap=327.8s carrier_dist=200m t=5356.8
t=5360.5 SPAWN craft=Aircraft_10_nav_r4_105 route=4 candidate=1 trial=105 t=5360.5
t=5365.4 LAUNCH_BLOCKED reason=cleared_unready_nav_deck_aircraft active=7 stored=1 no_active_s=0.0 state=IDLE tractor_cleanup=false elevator_transfer=false deck=Aircraft_10_nav_r4_105 pending=none clearance=none queue=0
t=5370.6 ==== SUMMARY t=5370.6 ====
t=5370.6 route=1 laps=13 crashes=0 avg_out=149.7s avg_ret=162.7s avg_lap=324.5s best_lap=317.3
t=5370.6 route=2 laps=11 crashes=1 avg_out=181.6s avg_ret=243.0s avg_lap=438.7s best_lap=430.1
t=5370.6 route=3 laps=11 crashes=0 avg_out=216.1s avg_ret=256.7s avg_lap=484.6s best_lap=447.7
t=5370.6 route=4 laps=13 crashes=0 avg_out=173.5s avg_ret=155.0s avg_lap=340.5s best_lap=332.8
t=5370.6 route=5 laps=11 crashes=0 avg_out=253.8s avg_ret=231.8s avg_lap=497.6s best_lap=486.0
t=5370.6 route=6 laps=13 crashes=0 avg_out=144.3s avg_ret=143.4s avg_lap=299.8s best_lap=273.6
t=5370.6 route=7 laps=13 crashes=0 avg_out=170.5s avg_ret=148.4s avg_lap=330.8s best_lap=315.4
t=5370.6 route=8 laps=12 crashes=0 avg_out=173.4s avg_ret=178.0s avg_lap=363.3s best_lap=351.4
t=5370.6 TOTAL laps=97 crashes=1
t=5370.7 TUNER gen=1 results=34/64 pending=7 active=7 remaining=30 next_trial=106 rounds=[6,5,4,6,4,6,5,5]
t=5380.7 SPAWN craft=Aircraft_10_nav_r7_106 route=7 candidate=4 trial=106 t=5380.7
t=5381.2 LZ_REACHED craft=Aircraft_10_nav_r5_100 route=5 outbound=251.5s t=5381.2
t=5386.5 LZ_REACHED craft=Aircraft_10_nav_r1_102 route=1 outbound=156.4s t=5386.5
t=5397.3 LZ_REACHED craft=Aircraft_10_nav_r6_103 route=6 outbound=147.2s t=5397.3
t=5400.7 ==== SUMMARY t=5400.7 ====
t=5400.7 route=1 laps=13 crashes=0 avg_out=150.2s avg_ret=162.7s avg_lap=324.5s best_lap=317.3
t=5400.7 route=2 laps=11 crashes=1 avg_out=181.6s avg_ret=243.0s avg_lap=438.7s best_lap=430.1
t=5400.8 route=3 laps=11 crashes=0 avg_out=216.1s avg_ret=256.7s avg_lap=484.6s best_lap=447.7
t=5400.8 route=4 laps=13 crashes=0 avg_out=173.5s avg_ret=155.0s avg_lap=340.5s best_lap=332.8
t=5400.8 route=5 laps=11 crashes=0 avg_out=253.6s avg_ret=231.8s avg_lap=497.6s best_lap=486.0
t=5400.8 route=6 laps=13 crashes=0 avg_out=144.5s avg_ret=143.4s avg_lap=299.8s best_lap=273.6
t=5400.8 route=7 laps=13 crashes=0 avg_out=170.5s avg_ret=148.4s avg_lap=330.8s best_lap=315.4
t=5400.8 route=8 laps=12 crashes=0 avg_out=173.4s avg_ret=178.0s avg_lap=363.3s best_lap=351.4
t=5400.8 TOTAL laps=97 crashes=1
t=5400.8 TUNER gen=1 results=34/64 pending=8 active=8 remaining=30 next_trial=107 rounds=[6,5,4,6,4,6,6,5]
t=5430.8 ==== SUMMARY t=5430.8 ====
t=5430.8 route=1 laps=13 crashes=0 avg_out=150.2s avg_ret=162.7s avg_lap=324.5s best_lap=317.3
t=5430.8 route=2 laps=11 crashes=1 avg_out=181.6s avg_ret=243.0s avg_lap=438.7s best_lap=430.1
t=5430.8 route=3 laps=11 crashes=0 avg_out=216.1s avg_ret=256.7s avg_lap=484.6s best_lap=447.7
t=5430.8 route=4 laps=13 crashes=0 avg_out=173.5s avg_ret=155.0s avg_lap=340.5s best_lap=332.8
t=5430.9 route=5 laps=11 crashes=0 avg_out=253.6s avg_ret=231.8s avg_lap=497.6s best_lap=486.0
t=5430.9 route=6 laps=13 crashes=0 avg_out=144.5s avg_ret=143.4s avg_lap=299.8s best_lap=273.6
t=5430.9 route=7 laps=13 crashes=0 avg_out=170.5s avg_ret=148.4s avg_lap=330.8s best_lap=315.4
t=5430.9 route=8 laps=12 crashes=0 avg_out=173.4s avg_ret=178.0s avg_lap=363.3s best_lap=351.4
t=5430.9 TOTAL laps=97 crashes=1
t=5430.9 TUNER gen=1 results=34/64 pending=8 active=8 remaining=30 next_trial=107 rounds=[6,5,4,6,4,6,6,5]
t=5460.8 ==== SUMMARY t=5460.8 ====
t=5460.8 route=1 laps=13 crashes=0 avg_out=150.2s avg_ret=162.7s avg_lap=324.5s best_lap=317.3
t=5460.8 route=2 laps=11 crashes=1 avg_out=181.6s avg_ret=243.0s avg_lap=438.7s best_lap=430.1
t=5460.9 route=3 laps=11 crashes=0 avg_out=216.1s avg_ret=256.7s avg_lap=484.6s best_lap=447.7
t=5460.9 route=4 laps=13 crashes=0 avg_out=173.5s avg_ret=155.0s avg_lap=340.5s best_lap=332.8
t=5460.9 route=5 laps=11 crashes=0 avg_out=253.6s avg_ret=231.8s avg_lap=497.6s best_lap=486.0
t=5460.9 route=6 laps=13 crashes=0 avg_out=144.5s avg_ret=143.4s avg_lap=299.8s best_lap=273.6
t=5460.9 route=7 laps=13 crashes=0 avg_out=170.5s avg_ret=148.4s avg_lap=330.8s best_lap=315.4
t=5460.9 route=8 laps=12 crashes=0 avg_out=173.4s avg_ret=178.0s avg_lap=363.3s best_lap=351.4
t=5460.9 TOTAL laps=97 crashes=1
t=5460.9 TUNER gen=1 results=34/64 pending=8 active=8 remaining=30 next_trial=107 rounds=[6,5,4,6,4,6,6,5]
t=5490.8 ==== SUMMARY t=5490.8 ====
t=5490.9 route=1 laps=13 crashes=0 avg_out=150.2s avg_ret=162.7s avg_lap=324.5s best_lap=317.3
t=5490.9 route=2 laps=11 crashes=1 avg_out=181.6s avg_ret=243.0s avg_lap=438.7s best_lap=430.1
t=5490.9 route=3 laps=11 crashes=0 avg_out=216.1s avg_ret=256.7s avg_lap=484.6s best_lap=447.7
t=5490.9 route=4 laps=13 crashes=0 avg_out=173.5s avg_ret=155.0s avg_lap=340.5s best_lap=332.8
t=5490.9 route=5 laps=11 crashes=0 avg_out=253.6s avg_ret=231.8s avg_lap=497.6s best_lap=486.0
t=5490.9 route=6 laps=13 crashes=0 avg_out=144.5s avg_ret=143.4s avg_lap=299.8s best_lap=273.6
t=5490.9 route=7 laps=13 crashes=0 avg_out=170.5s avg_ret=148.4s avg_lap=330.8s best_lap=315.4
t=5490.9 route=8 laps=12 crashes=0 avg_out=173.4s avg_ret=178.0s avg_lap=363.3s best_lap=351.4
t=5490.9 TOTAL laps=97 crashes=1
t=5490.9 TUNER gen=1 results=34/64 pending=8 active=8 remaining=30 next_trial=107 rounds=[6,5,4,6,4,6,6,5]
t=5520.4 LZ_REACHED craft=Aircraft_10_nav_r2_104 route=2 outbound=190.0s t=5520.4
t=5520.9 ==== SUMMARY t=5520.9 ====
t=5520.9 route=1 laps=13 crashes=0 avg_out=150.2s avg_ret=162.7s avg_lap=324.5s best_lap=317.3
t=5520.9 route=2 laps=11 crashes=1 avg_out=182.3s avg_ret=243.0s avg_lap=438.7s best_lap=430.1
t=5520.9 route=3 laps=11 crashes=0 avg_out=216.1s avg_ret=256.7s avg_lap=484.6s best_lap=447.7
t=5520.9 route=4 laps=13 crashes=0 avg_out=173.5s avg_ret=155.0s avg_lap=340.5s best_lap=332.8
t=5520.9 route=5 laps=11 crashes=0 avg_out=253.6s avg_ret=231.8s avg_lap=497.6s best_lap=486.0
t=5520.9 route=6 laps=13 crashes=0 avg_out=144.5s avg_ret=143.4s avg_lap=299.8s best_lap=273.6
t=5520.9 route=7 laps=13 crashes=0 avg_out=170.5s avg_ret=148.4s avg_lap=330.8s best_lap=315.4
t=5520.9 route=8 laps=12 crashes=0 avg_out=173.4s avg_ret=178.0s avg_lap=363.3s best_lap=351.4
t=5520.9 TOTAL laps=97 crashes=1
t=5520.9 TUNER gen=1 results=34/64 pending=8 active=8 remaining=30 next_trial=107 rounds=[6,5,4,6,4,6,6,5]
t=5525.9 LAP_CAPTURE craft=Aircraft_10_nav_r8_101 route=8 return=180.2s lap=366.2s carrier_dist=200m t=5525.9
t=5530.8 LZ_REACHED craft=Aircraft_10_nav_r4_105 route=4 outbound=170.3s t=5530.8
t=5541.4 SPAWN craft=Aircraft_10_nav_r8_107 route=8 candidate=5 trial=107 t=5541.4
t=5548.3 LZ_REACHED craft=Aircraft_10_nav_r7_106 route=7 outbound=167.6s t=5548.3
t=5550.8 LAP_CAPTURE craft=Aircraft_10_nav_r6_103 route=6 return=141.5s lap=300.7s carrier_dist=200m t=5550.8
t=5550.9 ==== SUMMARY t=5550.9 ====
t=5550.9 route=1 laps=13 crashes=0 avg_out=150.2s avg_ret=162.7s avg_lap=324.5s best_lap=317.3
t=5551.0 route=2 laps=11 crashes=1 avg_out=182.3s avg_ret=243.0s avg_lap=438.7s best_lap=430.1
t=5551.0 route=3 laps=11 crashes=0 avg_out=216.1s avg_ret=256.7s avg_lap=484.6s best_lap=447.7
t=5551.0 route=4 laps=13 crashes=0 avg_out=173.2s avg_ret=155.0s avg_lap=340.5s best_lap=332.8
t=5551.0 route=5 laps=11 crashes=0 avg_out=253.6s avg_ret=231.8s avg_lap=497.6s best_lap=486.0
t=5551.0 route=6 laps=14 crashes=0 avg_out=144.5s avg_ret=143.3s avg_lap=299.8s best_lap=273.6
t=5551.0 route=7 laps=13 crashes=0 avg_out=170.3s avg_ret=148.4s avg_lap=330.8s best_lap=315.4
t=5551.0 route=8 laps=13 crashes=0 avg_out=173.4s avg_ret=178.2s avg_lap=363.5s best_lap=351.4
t=5551.0 TOTAL laps=99 crashes=1
t=5551.0 TUNER gen=1 results=36/64 pending=7 active=7 remaining=28 next_trial=108 rounds=[6,5,4,6,4,6,6,6]
t=5556.3 LAUNCH_BLOCKED reason=landing_or_storage_busy active=7 stored=1 no_active_s=0.0 state=IDLE tractor_cleanup=false elevator_transfer=false deck=Aircraft_10_nav_r8_107 pending=none clearance=Aircraft_10_nav_r1_102 queue=0
t=5562.2 LAP_CAPTURE craft=Aircraft_10_nav_r3_99 route=3 return=282.9s lap=513.1s carrier_dist=200m t=5562.2
t=5567.2 LAP_CAPTURE craft=Aircraft_10_nav_r1_102 route=1 return=168.6s lap=337.2s carrier_dist=200m t=5567.2
t=5571.3 LAUNCH_BLOCKED reason=cleared_unready_nav_deck_aircraft active=5 stored=2 no_active_s=0.0 state=IDLE tractor_cleanup=false elevator_transfer=false deck=Aircraft_10_nav_r8_107 pending=none clearance=none queue=0
t=5581.0 ==== SUMMARY t=5581.0 ====
t=5581.0 route=1 laps=14 crashes=0 avg_out=150.2s avg_ret=163.1s avg_lap=325.4s best_lap=317.3
t=5581.0 route=2 laps=11 crashes=1 avg_out=182.3s avg_ret=243.0s avg_lap=438.7s best_lap=430.1
t=5581.0 route=3 laps=12 crashes=0 avg_out=216.1s avg_ret=258.9s avg_lap=487.0s best_lap=447.7
t=5581.0 route=4 laps=13 crashes=0 avg_out=173.2s avg_ret=155.0s avg_lap=340.5s best_lap=332.8
t=5581.0 route=5 laps=11 crashes=0 avg_out=253.6s avg_ret=231.8s avg_lap=497.6s best_lap=486.0
t=5581.0 route=6 laps=14 crashes=0 avg_out=144.5s avg_ret=143.3s avg_lap=299.8s best_lap=273.6
t=5581.0 route=7 laps=13 crashes=0 avg_out=170.3s avg_ret=148.4s avg_lap=330.8s best_lap=315.4
t=5581.0 route=8 laps=13 crashes=0 avg_out=173.4s avg_ret=178.2s avg_lap=363.5s best_lap=351.4
t=5581.0 TOTAL laps=101 crashes=1
t=5581.0 TUNER gen=1 results=38/64 pending=6 active=6 remaining=26 next_trial=109 rounds=[6,5,4,6,4,7,6,6]
t=5586.4 LAUNCH_BLOCKED reason=deck_busy active=6 stored=2 no_active_s=0.0 state=AIRCRAFT_ON_DECK tractor_cleanup=false elevator_transfer=false deck=Aircraft_10_nav_r6_108 pending=none clearance=none queue=0
t=5586.6 SPAWN craft=Aircraft_10_nav_r6_108 route=6 candidate=4 trial=108 t=5586.6
t=5601.5 LAUNCH_BLOCKED reason=deck_busy active=7 stored=1 no_active_s=0.0 state=AIRCRAFT_ON_DECK tractor_cleanup=false elevator_transfer=true deck=Aircraft_10_nav_r3_109 pending=none clearance=none queue=0
t=5606.7 SPAWN craft=Aircraft_10_nav_r3_109 route=3 candidate=7 trial=109 t=5606.7
t=5611.0 ==== SUMMARY t=5611.0 ====
t=5611.0 route=1 laps=14 crashes=0 avg_out=150.2s avg_ret=163.1s avg_lap=325.4s best_lap=317.3
t=5611.0 route=2 laps=11 crashes=1 avg_out=182.3s avg_ret=243.0s avg_lap=438.7s best_lap=430.1
t=5611.0 route=3 laps=12 crashes=0 avg_out=216.1s avg_ret=258.9s avg_lap=487.0s best_lap=447.7
t=5611.0 route=4 laps=13 crashes=0 avg_out=173.2s avg_ret=155.0s avg_lap=340.5s best_lap=332.8
t=5611.1 route=5 laps=11 crashes=0 avg_out=253.6s avg_ret=231.8s avg_lap=497.6s best_lap=486.0
t=5611.1 route=6 laps=14 crashes=0 avg_out=144.5s avg_ret=143.3s avg_lap=299.8s best_lap=273.6
t=5611.1 route=7 laps=13 crashes=0 avg_out=170.3s avg_ret=148.4s avg_lap=330.8s best_lap=315.4
t=5611.1 route=8 laps=13 crashes=0 avg_out=173.4s avg_ret=178.2s avg_lap=363.5s best_lap=351.4
t=5611.1 TOTAL laps=101 crashes=1
t=5611.1 TUNER gen=1 results=38/64 pending=7 active=7 remaining=26 next_trial=110 rounds=[6,5,5,6,4,7,6,6]
t=5625.8 LAP_CAPTURE craft=Aircraft_10_nav_r5_100 route=5 return=232.6s lap=496.1s carrier_dist=200m t=5625.8
t=5626.9 SPAWN craft=Aircraft_10_nav_r1_110 route=1 candidate=7 trial=110 t=5626.9
t=5631.6 LAUNCH_BLOCKED reason=cleared_unready_nav_deck_aircraft active=7 stored=1 no_active_s=0.0 state=IDLE tractor_cleanup=false elevator_transfer=false deck=Aircraft_10_nav_r1_110 pending=none clearance=none queue=0
t=5641.1 ==== SUMMARY t=5641.1 ====
t=5641.1 route=1 laps=14 crashes=0 avg_out=150.2s avg_ret=163.1s avg_lap=325.4s best_lap=317.3
t=5641.1 route=2 laps=11 crashes=1 avg_out=182.3s avg_ret=243.0s avg_lap=438.7s best_lap=430.1
t=5641.1 route=3 laps=12 crashes=0 avg_out=216.1s avg_ret=258.9s avg_lap=487.0s best_lap=447.7
t=5641.1 route=4 laps=13 crashes=0 avg_out=173.2s avg_ret=155.0s avg_lap=340.5s best_lap=332.8
t=5641.1 route=5 laps=12 crashes=0 avg_out=253.6s avg_ret=231.9s avg_lap=497.5s best_lap=486.0
t=5641.1 route=6 laps=14 crashes=0 avg_out=144.5s avg_ret=143.3s avg_lap=299.8s best_lap=273.6
t=5641.1 route=7 laps=13 crashes=0 avg_out=170.3s avg_ret=148.4s avg_lap=330.8s best_lap=315.4
t=5641.1 route=8 laps=13 crashes=0 avg_out=173.4s avg_ret=178.2s avg_lap=363.5s best_lap=351.4
t=5641.1 TOTAL laps=102 crashes=1
t=5641.1 TUNER gen=1 results=39/64 pending=8 active=8 remaining=25 next_trial=112 rounds=[7,5,5,6,5,7,6,6]
t=5647.1 SPAWN craft=Aircraft_10_nav_r5_111 route=5 candidate=1 trial=111 t=5647.1
t=5671.2 ==== SUMMARY t=5671.2 ====
t=5671.2 route=1 laps=14 crashes=0 avg_out=150.2s avg_ret=163.1s avg_lap=325.4s best_lap=317.3
t=5671.2 route=2 laps=11 crashes=1 avg_out=182.3s avg_ret=243.0s avg_lap=438.7s best_lap=430.1
t=5671.2 route=3 laps=12 crashes=0 avg_out=216.1s avg_ret=258.9s avg_lap=487.0s best_lap=447.7
t=5671.3 route=4 laps=13 crashes=0 avg_out=173.2s avg_ret=155.0s avg_lap=340.5s best_lap=332.8
t=5671.3 route=5 laps=12 crashes=0 avg_out=253.6s avg_ret=231.9s avg_lap=497.5s best_lap=486.0
t=5671.3 route=6 laps=14 crashes=0 avg_out=144.5s avg_ret=143.3s avg_lap=299.8s best_lap=273.6
t=5671.3 route=7 laps=13 crashes=0 avg_out=170.3s avg_ret=148.4s avg_lap=330.8s best_lap=315.4
t=5671.3 route=8 laps=13 crashes=0 avg_out=173.4s avg_ret=178.2s avg_lap=363.5s best_lap=351.4
t=5671.3 TOTAL laps=102 crashes=1
t=5671.3 TUNER gen=1 results=39/64 pending=8 active=8 remaining=25 next_trial=112 rounds=[7,5,5,6,5,7,6,6]
t=5701.2 ==== SUMMARY t=5701.2 ====
t=5701.2 route=1 laps=14 crashes=0 avg_out=150.2s avg_ret=163.1s avg_lap=325.4s best_lap=317.3
t=5701.2 route=2 laps=11 crashes=1 avg_out=182.3s avg_ret=243.0s avg_lap=438.7s best_lap=430.1
t=5701.2 route=3 laps=12 crashes=0 avg_out=216.1s avg_ret=258.9s avg_lap=487.0s best_lap=447.7
t=5701.3 route=4 laps=13 crashes=0 avg_out=173.2s avg_ret=155.0s avg_lap=340.5s best_lap=332.8
t=5701.3 route=5 laps=12 crashes=0 avg_out=253.6s avg_ret=231.9s avg_lap=497.5s best_lap=486.0
t=5701.3 route=6 laps=14 crashes=0 avg_out=144.5s avg_ret=143.3s avg_lap=299.8s best_lap=273.6
t=5701.3 route=7 laps=13 crashes=0 avg_out=170.3s avg_ret=148.4s avg_lap=330.8s best_lap=315.4
t=5701.3 route=8 laps=13 crashes=0 avg_out=173.4s avg_ret=178.2s avg_lap=363.5s best_lap=351.4
t=5701.3 TOTAL laps=102 crashes=1
t=5701.3 TUNER gen=1 results=39/64 pending=8 active=8 remaining=25 next_trial=112 rounds=[7,5,5,6,5,7,6,6]
t=5702.7 LAP_CAPTURE craft=Aircraft_10_nav_r4_105 route=4 return=159.8s lap=342.2s carrier_dist=200m t=5702.7
t=5707.3 LAP_CAPTURE craft=Aircraft_10_nav_r7_106 route=7 return=147.0s lap=326.6s carrier_dist=200m t=5707.3
t=5717.0 LAUNCH_BLOCKED reason=deck_busy active=7 stored=1 no_active_s=0.0 state=AIRCRAFT_ON_DECK tractor_cleanup=false elevator_transfer=true deck=Aircraft_10_nav_r4_112 pending=none clearance=none queue=0
t=5717.8 LZ_REACHED craft=Aircraft_10_nav_r8_107 route=8 outbound=176.4s t=5717.8
t=5722.3 SPAWN craft=Aircraft_10_nav_r4_112 route=4 candidate=2 trial=112 t=5722.3
t=5731.3 ==== SUMMARY t=5731.3 ====
t=5731.3 route=1 laps=14 crashes=0 avg_out=150.2s avg_ret=163.1s avg_lap=325.4s best_lap=317.3
t=5731.3 route=2 laps=11 crashes=1 avg_out=182.3s avg_ret=243.0s avg_lap=438.7s best_lap=430.1
t=5731.3 route=3 laps=12 crashes=0 avg_out=216.1s avg_ret=258.9s avg_lap=487.0s best_lap=447.7
t=5731.3 route=4 laps=14 crashes=0 avg_out=173.2s avg_ret=155.3s avg_lap=340.6s best_lap=332.8
t=5731.3 route=5 laps=12 crashes=0 avg_out=253.6s avg_ret=231.9s avg_lap=497.5s best_lap=486.0
t=5731.4 route=6 laps=14 crashes=0 avg_out=144.5s avg_ret=143.3s avg_lap=299.8s best_lap=273.6
t=5731.4 route=7 laps=14 crashes=0 avg_out=170.3s avg_ret=148.3s avg_lap=330.5s best_lap=315.4
t=5731.4 route=8 laps=13 crashes=0 avg_out=173.6s avg_ret=178.2s avg_lap=363.5s best_lap=351.4
t=5731.4 TOTAL laps=104 crashes=1
t=5731.4 TUNER gen=1 results=41/64 pending=7 active=7 remaining=23 next_trial=113 rounds=[7,5,5,7,5,7,6,6]
t=5734.6 LZ_REACHED craft=Aircraft_10_nav_r6_108 route=6 outbound=148.0s t=5734.6
t=5742.4 SPAWN craft=Aircraft_10_nav_r7_113 route=7 candidate=5 trial=113 t=5742.4
t=5761.4 ==== SUMMARY t=5761.4 ====
t=5761.4 route=1 laps=14 crashes=0 avg_out=150.2s avg_ret=163.1s avg_lap=325.4s best_lap=317.3
t=5761.4 route=2 laps=11 crashes=1 avg_out=182.3s avg_ret=243.0s avg_lap=438.7s best_lap=430.1
t=5761.4 route=3 laps=12 crashes=0 avg_out=216.1s avg_ret=258.9s avg_lap=487.0s best_lap=447.7
t=5761.4 route=4 laps=14 crashes=0 avg_out=173.2s avg_ret=155.3s avg_lap=340.6s best_lap=332.8
t=5761.5 route=5 laps=12 crashes=0 avg_out=253.6s avg_ret=231.9s avg_lap=497.5s best_lap=486.0
t=5761.5 route=6 laps=14 crashes=0 avg_out=144.7s avg_ret=143.3s avg_lap=299.8s best_lap=273.6
t=5761.5 route=7 laps=14 crashes=0 avg_out=170.3s avg_ret=148.3s avg_lap=330.5s best_lap=315.4
t=5761.5 route=8 laps=13 crashes=0 avg_out=173.6s avg_ret=178.2s avg_lap=363.5s best_lap=351.4
t=5761.5 TOTAL laps=104 crashes=1
t=5761.5 TUNER gen=1 results=41/64 pending=8 active=8 remaining=23 next_trial=114 rounds=[7,5,5,7,5,7,7,6]
t=5776.5 LZ_REACHED craft=Aircraft_10_nav_r1_110 route=1 outbound=149.6s t=5776.5
t=5791.5 ==== SUMMARY t=5791.5 ====
t=5791.5 route=1 laps=14 crashes=0 avg_out=150.2s avg_ret=163.1s avg_lap=325.4s best_lap=317.3
t=5791.5 route=2 laps=11 crashes=1 avg_out=182.3s avg_ret=243.0s avg_lap=438.7s best_lap=430.1
t=5791.6 route=3 laps=12 crashes=0 avg_out=216.1s avg_ret=258.9s avg_lap=487.0s best_lap=447.7
t=5791.6 route=4 laps=14 crashes=0 avg_out=173.2s avg_ret=155.3s avg_lap=340.6s best_lap=332.8
t=5791.6 route=5 laps=12 crashes=0 avg_out=253.6s avg_ret=231.9s avg_lap=497.5s best_lap=486.0
t=5791.6 route=6 laps=14 crashes=0 avg_out=144.7s avg_ret=143.3s avg_lap=299.8s best_lap=273.6
t=5791.6 route=7 laps=14 crashes=0 avg_out=170.3s avg_ret=148.3s avg_lap=330.5s best_lap=315.4
t=5791.6 route=8 laps=13 crashes=0 avg_out=173.6s avg_ret=178.2s avg_lap=363.5s best_lap=351.4
t=5791.6 TOTAL laps=104 crashes=1
t=5791.6 TUNER gen=1 results=41/64 pending=8 active=8 remaining=23 next_trial=114 rounds=[7,5,5,7,5,7,7,6]
t=5800.7 LAP_CAPTURE craft=Aircraft_10_nav_r2_104 route=2 return=268.3s lap=470.2s carrier_dist=200m t=5800.7
t=5817.9 SPAWN craft=Aircraft_10_nav_r2_114 route=2 candidate=7 trial=114 t=5817.9
t=5821.6 ==== SUMMARY t=5821.6 ====
t=5821.6 route=1 laps=14 crashes=0 avg_out=150.2s avg_ret=163.1s avg_lap=325.4s best_lap=317.3
t=5821.7 route=2 laps=12 crashes=1 avg_out=182.3s avg_ret=245.1s avg_lap=441.3s best_lap=430.1
t=5821.7 route=3 laps=12 crashes=0 avg_out=216.1s avg_ret=258.9s avg_lap=487.0s best_lap=447.7
t=5821.7 route=4 laps=14 crashes=0 avg_out=173.2s avg_ret=155.3s avg_lap=340.6s best_lap=332.8
t=5821.7 route=5 laps=12 crashes=0 avg_out=253.6s avg_ret=231.9s avg_lap=497.5s best_lap=486.0
t=5821.7 route=6 laps=14 crashes=0 avg_out=144.7s avg_ret=143.3s avg_lap=299.8s best_lap=273.6
t=5821.7 route=7 laps=14 crashes=0 avg_out=170.3s avg_ret=148.3s avg_lap=330.5s best_lap=315.4
t=5821.7 route=8 laps=13 crashes=0 avg_out=173.6s avg_ret=178.2s avg_lap=363.5s best_lap=351.4
t=5821.7 TOTAL laps=105 crashes=1
t=5821.7 TUNER gen=1 results=42/64 pending=8 active=8 remaining=22 next_trial=115 rounds=[7,6,5,7,5,7,7,6]
t=5825.8 LZ_REACHED craft=Aircraft_10_nav_r3_109 route=3 outbound=219.1s t=5825.8
t=5851.7 ==== SUMMARY t=5851.7 ====
t=5851.7 route=1 laps=14 crashes=0 avg_out=150.2s avg_ret=163.1s avg_lap=325.4s best_lap=317.3
t=5851.7 route=2 laps=12 crashes=1 avg_out=182.3s avg_ret=245.1s avg_lap=441.3s best_lap=430.1
t=5851.7 route=3 laps=12 crashes=0 avg_out=216.3s avg_ret=258.9s avg_lap=487.0s best_lap=447.7
t=5851.7 route=4 laps=14 crashes=0 avg_out=173.2s avg_ret=155.3s avg_lap=340.6s best_lap=332.8
t=5851.7 route=5 laps=12 crashes=0 avg_out=253.6s avg_ret=231.9s avg_lap=497.5s best_lap=486.0
t=5851.7 route=6 laps=14 crashes=0 avg_out=144.7s avg_ret=143.3s avg_lap=299.8s best_lap=273.6
t=5851.7 route=7 laps=14 crashes=0 avg_out=170.3s avg_ret=148.3s avg_lap=330.5s best_lap=315.4
t=5851.8 route=8 laps=13 crashes=0 avg_out=173.6s avg_ret=178.2s avg_lap=363.5s best_lap=351.4
t=5851.8 TOTAL laps=105 crashes=1
t=5851.8 TUNER gen=1 results=42/64 pending=8 active=8 remaining=22 next_trial=115 rounds=[7,6,5,7,5,7,7,6]
t=5881.7 ==== SUMMARY t=5881.7 ====
t=5881.7 route=1 laps=14 crashes=0 avg_out=150.2s avg_ret=163.1s avg_lap=325.4s best_lap=317.3
t=5881.7 route=2 laps=12 crashes=1 avg_out=182.3s avg_ret=245.1s avg_lap=441.3s best_lap=430.1
t=5881.7 route=3 laps=12 crashes=0 avg_out=216.3s avg_ret=258.9s avg_lap=487.0s best_lap=447.7
t=5881.7 route=4 laps=14 crashes=0 avg_out=173.2s avg_ret=155.3s avg_lap=340.6s best_lap=332.8
t=5881.7 route=5 laps=12 crashes=0 avg_out=253.6s avg_ret=231.9s avg_lap=497.5s best_lap=486.0
t=5881.7 route=6 laps=14 crashes=0 avg_out=144.7s avg_ret=143.3s avg_lap=299.8s best_lap=273.6
t=5881.7 route=7 laps=14 crashes=0 avg_out=170.3s avg_ret=148.3s avg_lap=330.5s best_lap=315.4
t=5881.8 route=8 laps=13 crashes=0 avg_out=173.6s avg_ret=178.2s avg_lap=363.5s best_lap=351.4
t=5881.8 TOTAL laps=105 crashes=1
t=5881.8 TUNER gen=1 results=42/64 pending=8 active=8 remaining=22 next_trial=115 rounds=[7,6,5,7,5,7,7,6]
t=5888.8 LAP_CAPTURE craft=Aircraft_10_nav_r6_108 route=6 return=142.1s lap=302.2s carrier_dist=200m t=5888.8
t=5894.8 LZ_REACHED craft=Aircraft_10_nav_r4_112 route=4 outbound=172.5s t=5894.8
t=5898.0 LAUNCH_BLOCKED reason=landing_or_storage_busy active=7 stored=1 no_active_s=0.0 state=IDLE tractor_cleanup=false elevator_transfer=false deck=Aircraft_10_nav_r2_114 pending=none clearance=Aircraft_10_nav_r8_107 queue=0
t=5904.9 LZ_REACHED craft=Aircraft_10_nav_r5_111 route=5 outbound=257.8s t=5904.9
t=5907.9 LAP_CAPTURE craft=Aircraft_10_nav_r8_107 route=8 return=178.1s lap=366.5s carrier_dist=200m t=5907.9
t=5910.2 LZ_REACHED craft=Aircraft_10_nav_r7_113 route=7 outbound=167.8s t=5910.2
t=5911.8 ==== SUMMARY t=5911.8 ====
t=5911.8 route=1 laps=14 crashes=0 avg_out=150.2s avg_ret=163.1s avg_lap=325.4s best_lap=317.3
t=5911.8 route=2 laps=12 crashes=1 avg_out=182.3s avg_ret=245.1s avg_lap=441.3s best_lap=430.1
t=5911.8 route=3 laps=12 crashes=0 avg_out=216.3s avg_ret=258.9s avg_lap=487.0s best_lap=447.7
t=5911.8 route=4 laps=14 crashes=0 avg_out=173.2s avg_ret=155.3s avg_lap=340.6s best_lap=332.8
t=5911.8 route=5 laps=12 crashes=0 avg_out=253.9s avg_ret=231.9s avg_lap=497.5s best_lap=486.0
t=5911.8 route=6 laps=15 crashes=0 avg_out=144.7s avg_ret=143.2s avg_lap=300.0s best_lap=273.6
t=5911.8 route=7 laps=14 crashes=0 avg_out=170.1s avg_ret=148.3s avg_lap=330.5s best_lap=315.4
t=5911.8 route=8 laps=14 crashes=0 avg_out=173.6s avg_ret=178.2s avg_lap=363.8s best_lap=351.4
t=5911.8 TOTAL laps=107 crashes=1
t=5911.8 TUNER gen=1 results=44/64 pending=6 active=6 remaining=20 next_trial=115 rounds=[7,6,5,7,5,7,7,6]
t=5913.1 LAUNCH_BLOCKED reason=deck_busy active=7 stored=1 no_active_s=0.0 state=RETRIEVING_FROM_HANGAR tractor_cleanup=false elevator_transfer=false deck=Aircraft_10_nav_r6_115 pending=none clearance=none queue=0
t=5923.5 SPAWN craft=Aircraft_10_nav_r6_115 route=6 candidate=5 trial=115 t=5923.4
t=5928.2 LAUNCH_BLOCKED reason=cleared_unready_nav_deck_aircraft active=7 stored=1 no_active_s=0.0 state=IDLE tractor_cleanup=false elevator_transfer=false deck=Aircraft_10_nav_r6_115 pending=none clearance=none queue=0
t=5941.9 ==== SUMMARY t=5941.9 ====
t=5941.9 route=1 laps=14 crashes=0 avg_out=150.2s avg_ret=163.1s avg_lap=325.4s best_lap=317.3
t=5941.9 route=2 laps=12 crashes=1 avg_out=182.3s avg_ret=245.1s avg_lap=441.3s best_lap=430.1
t=5941.9 route=3 laps=12 crashes=0 avg_out=216.3s avg_ret=258.9s avg_lap=487.0s best_lap=447.7
t=5941.9 route=4 laps=14 crashes=0 avg_out=173.2s avg_ret=155.3s avg_lap=340.6s best_lap=332.8
t=5942.0 route=5 laps=12 crashes=0 avg_out=253.9s avg_ret=231.9s avg_lap=497.5s best_lap=486.0
t=5942.0 route=6 laps=15 crashes=0 avg_out=144.7s avg_ret=143.2s avg_lap=300.0s best_lap=273.6
t=5942.0 route=7 laps=14 crashes=0 avg_out=170.1s avg_ret=148.3s avg_lap=330.5s best_lap=315.4
t=5942.0 route=8 laps=14 crashes=0 avg_out=173.6s avg_ret=178.2s avg_lap=363.8s best_lap=351.4
t=5942.0 TOTAL laps=107 crashes=1
t=5942.0 TUNER gen=1 results=44/64 pending=8 active=8 remaining=20 next_trial=117 rounds=[7,6,5,7,5,8,7,7]
t=5943.6 SPAWN craft=Aircraft_10_nav_r8_116 route=8 candidate=6 trial=116 t=5943.6
t=5959.2 LAP_CAPTURE craft=Aircraft_10_nav_r1_110 route=1 return=170.6s lap=332.3s carrier_dist=200m t=5959.2
t=5972.1 ==== SUMMARY t=5972.1 ====
t=5972.1 route=1 laps=15 crashes=0 avg_out=150.2s avg_ret=163.6s avg_lap=325.8s best_lap=317.3
t=5972.1 route=2 laps=12 crashes=1 avg_out=182.3s avg_ret=245.1s avg_lap=441.3s best_lap=430.1
t=5972.1 route=3 laps=12 crashes=0 avg_out=216.3s avg_ret=258.9s avg_lap=487.0s best_lap=447.7
t=5972.1 route=4 laps=14 crashes=0 avg_out=173.2s avg_ret=155.3s avg_lap=340.6s best_lap=332.8
t=5972.1 route=5 laps=12 crashes=0 avg_out=253.9s avg_ret=231.9s avg_lap=497.5s best_lap=486.0
t=5972.1 route=6 laps=15 crashes=0 avg_out=144.7s avg_ret=143.2s avg_lap=300.0s best_lap=273.6
t=5972.1 route=7 laps=14 crashes=0 avg_out=170.1s avg_ret=148.3s avg_lap=330.5s best_lap=315.4
t=5972.1 route=8 laps=14 crashes=0 avg_out=173.6s avg_ret=178.2s avg_lap=363.8s best_lap=351.4
t=5972.1 TOTAL laps=108 crashes=1
t=5972.1 TUNER gen=1 results=45/64 pending=8 active=8 remaining=19 next_trial=118 rounds=[8,6,5,7,5,8,7,7]
t=5978.7 SPAWN craft=Aircraft_10_nav_r1_117 route=1 candidate=8 trial=117 t=5978.7
t=6002.0 ==== SUMMARY t=6002.0 ====
t=6002.1 route=1 laps=15 crashes=0 avg_out=150.2s avg_ret=163.6s avg_lap=325.8s best_lap=317.3
t=6002.1 route=2 laps=12 crashes=1 avg_out=182.3s avg_ret=245.1s avg_lap=441.3s best_lap=430.1
t=6002.1 route=3 laps=12 crashes=0 avg_out=216.3s avg_ret=258.9s avg_lap=487.0s best_lap=447.7
t=6002.1 route=4 laps=14 crashes=0 avg_out=173.2s avg_ret=155.3s avg_lap=340.6s best_lap=332.8
t=6002.1 route=5 laps=12 crashes=0 avg_out=253.9s avg_ret=231.9s avg_lap=497.5s best_lap=486.0
t=6002.1 route=6 laps=15 crashes=0 avg_out=144.7s avg_ret=143.2s avg_lap=300.0s best_lap=273.6
t=6002.1 route=7 laps=14 crashes=0 avg_out=170.1s avg_ret=148.3s avg_lap=330.5s best_lap=315.4
t=6002.1 route=8 laps=14 crashes=0 avg_out=173.6s avg_ret=178.2s avg_lap=363.8s best_lap=351.4
t=6002.1 TOTAL laps=108 crashes=1
t=6002.1 TUNER gen=1 results=45/64 pending=8 active=8 remaining=19 next_trial=118 rounds=[8,6,5,7,5,8,7,7]
t=6002.2 LZ_REACHED craft=Aircraft_10_nav_r2_114 route=2 outbound=184.3s t=6002.2
t=6032.1 ==== SUMMARY t=6032.1 ====
t=6032.1 route=1 laps=15 crashes=0 avg_out=150.2s avg_ret=163.6s avg_lap=325.8s best_lap=317.3
t=6032.1 route=2 laps=12 crashes=1 avg_out=182.4s avg_ret=245.1s avg_lap=441.3s best_lap=430.1
t=6032.1 route=3 laps=12 crashes=0 avg_out=216.3s avg_ret=258.9s avg_lap=487.0s best_lap=447.7
t=6032.1 route=4 laps=14 crashes=0 avg_out=173.2s avg_ret=155.3s avg_lap=340.6s best_lap=332.8
t=6032.1 route=5 laps=12 crashes=0 avg_out=253.9s avg_ret=231.9s avg_lap=497.5s best_lap=486.0
t=6032.1 route=6 laps=15 crashes=0 avg_out=144.7s avg_ret=143.2s avg_lap=300.0s best_lap=273.6
t=6032.1 route=7 laps=14 crashes=0 avg_out=170.1s avg_ret=148.3s avg_lap=330.5s best_lap=315.4
t=6032.1 route=8 laps=14 crashes=0 avg_out=173.6s avg_ret=178.2s avg_lap=363.8s best_lap=351.4
t=6032.1 TOTAL laps=108 crashes=1
t=6032.1 TUNER gen=1 results=45/64 pending=8 active=8 remaining=19 next_trial=118 rounds=[8,6,5,7,5,8,7,7]
t=6060.8 LAP_CAPTURE craft=Aircraft_10_nav_r4_112 route=4 return=154.0s lap=338.5s carrier_dist=200m t=6060.7
t=6062.1 ==== SUMMARY t=6062.1 ====
t=6062.1 route=1 laps=15 crashes=0 avg_out=150.2s avg_ret=163.6s avg_lap=325.8s best_lap=317.3
t=6062.1 route=2 laps=12 crashes=1 avg_out=182.4s avg_ret=245.1s avg_lap=441.3s best_lap=430.1
t=6062.1 route=3 laps=12 crashes=0 avg_out=216.3s avg_ret=258.9s avg_lap=487.0s best_lap=447.7
t=6062.1 route=4 laps=15 crashes=0 avg_out=173.2s avg_ret=155.2s avg_lap=340.4s best_lap=332.8
t=6062.1 route=5 laps=12 crashes=0 avg_out=253.9s avg_ret=231.9s avg_lap=497.5s best_lap=486.0
t=6062.1 route=6 laps=15 crashes=0 avg_out=144.7s avg_ret=143.2s avg_lap=300.0s best_lap=273.6
t=6062.1 route=7 laps=14 crashes=0 avg_out=170.1s avg_ret=148.3s avg_lap=330.5s best_lap=315.4
t=6062.1 route=8 laps=14 crashes=0 avg_out=173.6s avg_ret=178.2s avg_lap=363.8s best_lap=351.4
t=6062.1 TOTAL laps=109 crashes=1
t=6062.1 TUNER gen=1 results=46/64 pending=7 active=7 remaining=18 next_trial=118 rounds=[8,6,5,7,5,8,7,7]
t=6071.1 LAP_CAPTURE craft=Aircraft_10_nav_r7_113 route=7 return=148.7s lap=328.6s carrier_dist=200m t=6071.1
t=6071.3 LZ_REACHED craft=Aircraft_10_nav_r6_115 route=6 outbound=147.8s t=6071.3
t=6078.9 LAUNCH_BLOCKED reason=deck_busy active=7 stored=1 no_active_s=0.0 state=AIRCRAFT_ON_DECK tractor_cleanup=false elevator_transfer=false deck=Aircraft_10_nav_r4_118 pending=none clearance=none queue=0
t=6079.0 SPAWN craft=Aircraft_10_nav_r4_118 route=4 candidate=3 trial=118 t=6079.0
t=6092.2 ==== SUMMARY t=6092.2 ====
t=6092.2 route=1 laps=15 crashes=0 avg_out=150.2s avg_ret=163.6s avg_lap=325.8s best_lap=317.3
t=6092.2 route=2 laps=12 crashes=1 avg_out=182.4s avg_ret=245.1s avg_lap=441.3s best_lap=430.1
t=6092.2 route=3 laps=12 crashes=0 avg_out=216.3s avg_ret=258.9s avg_lap=487.0s best_lap=447.7
t=6092.2 route=4 laps=15 crashes=0 avg_out=173.2s avg_ret=155.2s avg_lap=340.4s best_lap=332.8
t=6092.2 route=5 laps=12 crashes=0 avg_out=253.9s avg_ret=231.9s avg_lap=497.5s best_lap=486.0
t=6092.2 route=6 laps=15 crashes=0 avg_out=144.9s avg_ret=143.2s avg_lap=300.0s best_lap=273.6
t=6092.2 route=7 laps=15 crashes=0 avg_out=170.1s avg_ret=148.3s avg_lap=330.4s best_lap=315.4
t=6092.2 route=8 laps=14 crashes=0 avg_out=173.6s avg_ret=178.2s avg_lap=363.8s best_lap=351.4
t=6092.2 TOTAL laps=110 crashes=1
t=6092.2 TUNER gen=1 results=47/64 pending=8 active=8 remaining=17 next_trial=120 rounds=[8,6,5,8,5,8,8,7]
t=6095.6 LAP_CAPTURE craft=Aircraft_10_nav_r3_109 route=3 return=257.8s lap=488.9s carrier_dist=200m t=6095.6
t=6099.2 SPAWN craft=Aircraft_10_nav_r7_119 route=7 candidate=6 trial=119 t=6099.2
t=6104.0 LAUNCH_BLOCKED reason=cleared_unready_nav_deck_aircraft active=7 stored=1 no_active_s=0.0 state=IDLE tractor_cleanup=false elevator_transfer=false deck=Aircraft_10_nav_r7_119 pending=none clearance=none queue=0
t=6115.9 LZ_REACHED craft=Aircraft_10_nav_r8_116 route=8 outbound=172.3s t=6115.9
t=6119.4 SPAWN craft=Aircraft_10_nav_r3_120 route=3 candidate=8 trial=120 t=6119.4
t=6122.0 LZ_REACHED craft=Aircraft_10_nav_r1_117 route=1 outbound=143.3s t=6122.0
t=6122.3 ==== SUMMARY t=6122.3 ====
t=6122.3 route=1 laps=15 crashes=0 avg_out=149.8s avg_ret=163.6s avg_lap=325.8s best_lap=317.3
t=6122.3 route=2 laps=12 crashes=1 avg_out=182.4s avg_ret=245.1s avg_lap=441.3s best_lap=430.1
t=6122.3 route=3 laps=13 crashes=0 avg_out=216.3s avg_ret=258.8s avg_lap=487.2s best_lap=447.7
t=6122.3 route=4 laps=15 crashes=0 avg_out=173.2s avg_ret=155.2s avg_lap=340.4s best_lap=332.8
t=6122.3 route=5 laps=12 crashes=0 avg_out=253.9s avg_ret=231.9s avg_lap=497.5s best_lap=486.0
t=6122.3 route=6 laps=15 crashes=0 avg_out=144.9s avg_ret=143.2s avg_lap=300.0s best_lap=273.6
t=6122.3 route=7 laps=15 crashes=0 avg_out=170.1s avg_ret=148.3s avg_lap=330.4s best_lap=315.4
t=6122.3 route=8 laps=14 crashes=0 avg_out=173.5s avg_ret=178.2s avg_lap=363.8s best_lap=351.4
t=6122.3 TOTAL laps=111 crashes=1
t=6122.3 TUNER gen=1 results=48/64 pending=8 active=8 remaining=16 next_trial=121 rounds=[8,6,6,8,5,8,8,7]
t=6152.4 ==== SUMMARY t=6152.4 ====
t=6152.4 route=1 laps=15 crashes=0 avg_out=149.8s avg_ret=163.6s avg_lap=325.8s best_lap=317.3
t=6152.4 route=2 laps=12 crashes=1 avg_out=182.4s avg_ret=245.1s avg_lap=441.3s best_lap=430.1
t=6152.4 route=3 laps=13 crashes=0 avg_out=216.3s avg_ret=258.8s avg_lap=487.2s best_lap=447.7
t=6152.4 route=4 laps=15 crashes=0 avg_out=173.2s avg_ret=155.2s avg_lap=340.4s best_lap=332.8
t=6152.4 route=5 laps=12 crashes=0 avg_out=253.9s avg_ret=231.9s avg_lap=497.5s best_lap=486.0
t=6152.4 route=6 laps=15 crashes=0 avg_out=144.9s avg_ret=143.2s avg_lap=300.0s best_lap=273.6
t=6152.4 route=7 laps=15 crashes=0 avg_out=170.1s avg_ret=148.3s avg_lap=330.4s best_lap=315.4
t=6152.4 route=8 laps=14 crashes=0 avg_out=173.5s avg_ret=178.2s avg_lap=363.8s best_lap=351.4
t=6152.5 TOTAL laps=111 crashes=1
t=6152.5 TUNER gen=1 results=48/64 pending=8 active=8 remaining=16 next_trial=121 rounds=[8,6,6,8,5,8,8,7]
t=6154.8 LAP_CAPTURE craft=Aircraft_10_nav_r5_111 route=5 return=237.8s lap=507.7s carrier_dist=200m t=6154.8
t=6174.8 SPAWN craft=Aircraft_10_nav_r5_121 route=5 candidate=2 trial=121 t=6174.8
t=6182.5 ==== SUMMARY t=6182.5 ====
t=6182.5 route=1 laps=15 crashes=0 avg_out=149.8s avg_ret=163.6s avg_lap=325.8s best_lap=317.3
t=6182.6 route=2 laps=12 crashes=1 avg_out=182.4s avg_ret=245.1s avg_lap=441.3s best_lap=430.1
t=6182.6 route=3 laps=13 crashes=0 avg_out=216.3s avg_ret=258.8s avg_lap=487.2s best_lap=447.7
t=6182.6 route=4 laps=15 crashes=0 avg_out=173.2s avg_ret=155.2s avg_lap=340.4s best_lap=332.8
t=6182.6 route=5 laps=13 crashes=0 avg_out=253.9s avg_ret=232.3s avg_lap=498.3s best_lap=486.0
t=6182.6 route=6 laps=15 crashes=0 avg_out=144.9s avg_ret=143.2s avg_lap=300.0s best_lap=273.6
t=6182.6 route=7 laps=15 crashes=0 avg_out=170.1s avg_ret=148.3s avg_lap=330.4s best_lap=315.4
t=6182.6 route=8 laps=14 crashes=0 avg_out=173.5s avg_ret=178.2s avg_lap=363.8s best_lap=351.4
t=6182.6 TOTAL laps=112 crashes=1
t=6182.6 TUNER gen=1 results=49/64 pending=8 active=8 remaining=15 next_trial=122 rounds=[8,6,6,8,6,8,8,7]
t=6212.6 ==== SUMMARY t=6212.6 ====
t=6212.6 route=1 laps=15 crashes=0 avg_out=149.8s avg_ret=163.6s avg_lap=325.8s best_lap=317.3
t=6212.6 route=2 laps=12 crashes=1 avg_out=182.4s avg_ret=245.1s avg_lap=441.3s best_lap=430.1
t=6212.6 route=3 laps=13 crashes=0 avg_out=216.3s avg_ret=258.8s avg_lap=487.2s best_lap=447.7
t=6212.6 route=4 laps=15 crashes=0 avg_out=173.2s avg_ret=155.2s avg_lap=340.4s best_lap=332.8
t=6212.6 route=5 laps=13 crashes=0 avg_out=253.9s avg_ret=232.3s avg_lap=498.3s best_lap=486.0
t=6212.6 route=6 laps=15 crashes=0 avg_out=144.9s avg_ret=143.2s avg_lap=300.0s best_lap=273.6
t=6212.6 route=7 laps=15 crashes=0 avg_out=170.1s avg_ret=148.3s avg_lap=330.4s best_lap=315.4
t=6212.6 route=8 laps=14 crashes=0 avg_out=173.5s avg_ret=178.2s avg_lap=363.8s best_lap=351.4
t=6212.6 TOTAL laps=112 crashes=1
t=6212.7 TUNER gen=1 results=49/64 pending=8 active=8 remaining=15 next_trial=122 rounds=[8,6,6,8,6,8,8,7]
t=6225.1 LAP_CAPTURE craft=Aircraft_10_nav_r6_115 route=6 return=141.8s lap=301.7s carrier_dist=200m t=6225.1
t=6237.5 TUNING_REASSIGN craft=Aircraft_10_nav_r6_122 requested_route=6 assigned_route=2
t=6242.6 ==== SUMMARY t=6242.6 ====
t=6242.6 route=1 laps=15 crashes=0 avg_out=149.8s avg_ret=163.6s avg_lap=325.8s best_lap=317.3
t=6242.6 route=2 laps=12 crashes=1 avg_out=182.4s avg_ret=245.1s avg_lap=441.3s best_lap=430.1
t=6242.6 route=3 laps=13 crashes=0 avg_out=216.3s avg_ret=258.8s avg_lap=487.2s best_lap=447.7
t=6242.6 route=4 laps=15 crashes=0 avg_out=173.2s avg_ret=155.2s avg_lap=340.4s best_lap=332.8
t=6242.6 route=5 laps=13 crashes=0 avg_out=253.9s avg_ret=232.3s avg_lap=498.3s best_lap=486.0
t=6242.6 route=6 laps=16 crashes=0 avg_out=144.9s avg_ret=143.1s avg_lap=300.1s best_lap=273.6
t=6242.6 route=7 laps=15 crashes=0 avg_out=170.1s avg_ret=148.3s avg_lap=330.4s best_lap=315.4
t=6242.6 route=8 laps=14 crashes=0 avg_out=173.5s avg_ret=178.2s avg_lap=363.8s best_lap=351.4
t=6242.6 TOTAL laps=113 crashes=1
t=6242.6 TUNER gen=1 results=50/64 pending=8 active=8 remaining=14 next_trial=123 rounds=[8,7,6,8,6,8,8,7]
t=6245.1 SPAWN craft=Aircraft_10_nav_r6_122 route=2 candidate=8 trial=122 t=6245.1
t=6254.9 LAP_CAPTURE craft=Aircraft_10_nav_r2_114 route=2 return=240.7s lap=437.0s carrier_dist=200m t=6254.9
t=6255.5 LZ_REACHED craft=Aircraft_10_nav_r4_118 route=4 outbound=176.5s t=6255.5
t=6267.7 TUNING_REASSIGN craft=Aircraft_10_nav_r6_123 requested_route=6 assigned_route=3
t=6272.7 ==== SUMMARY t=6272.7 ====
t=6272.7 route=1 laps=15 crashes=0 avg_out=149.8s avg_ret=163.6s avg_lap=325.8s best_lap=317.3
t=6272.7 route=2 laps=13 crashes=1 avg_out=182.4s avg_ret=244.7s avg_lap=441.0s best_lap=430.1
t=6272.7 route=3 laps=13 crashes=0 avg_out=216.3s avg_ret=258.8s avg_lap=487.2s best_lap=447.7
t=6272.7 route=4 laps=15 crashes=0 avg_out=173.4s avg_ret=155.2s avg_lap=340.4s best_lap=332.8
t=6272.7 route=5 laps=13 crashes=0 avg_out=253.9s avg_ret=232.3s avg_lap=498.3s best_lap=486.0
t=6272.7 route=6 laps=16 crashes=0 avg_out=144.9s avg_ret=143.1s avg_lap=300.1s best_lap=273.6
t=6272.7 route=7 laps=15 crashes=0 avg_out=170.1s avg_ret=148.3s avg_lap=330.4s best_lap=315.4
t=6272.7 route=8 laps=14 crashes=0 avg_out=173.5s avg_ret=178.2s avg_lap=363.8s best_lap=351.4
t=6272.7 TOTAL laps=114 crashes=1
t=6272.8 TUNER gen=1 results=51/64 pending=8 active=8 remaining=13 next_trial=124 rounds=[8,7,7,8,6,8,8,7]
t=6273.2 LZ_REACHED craft=Aircraft_10_nav_r7_119 route=7 outbound=174.0s t=6273.2
t=6275.2 SPAWN craft=Aircraft_10_nav_r6_123 route=3 candidate=1 trial=123 t=6275.2
t=6295.0 LAP_CAPTURE craft=Aircraft_10_nav_r1_117 route=1 return=160.9s lap=316.3s carrier_dist=200m t=6295.0
t=6300.1 LAUNCH_BLOCKED reason=landing_or_storage_busy active=7 stored=1 no_active_s=0.0 state=IDLE tractor_cleanup=false elevator_transfer=false deck=Aircraft_10_nav_r6_123 pending=none clearance=Aircraft_10_nav_r8_116 queue=0
t=6302.8 ==== SUMMARY t=6302.8 ====
t=6302.8 route=1 laps=16 crashes=0 avg_out=149.8s avg_ret=163.5s avg_lap=325.2s best_lap=316.3
t=6302.8 route=2 laps=13 crashes=1 avg_out=182.4s avg_ret=244.7s avg_lap=441.0s best_lap=430.1
t=6302.8 route=3 laps=13 crashes=0 avg_out=216.3s avg_ret=258.8s avg_lap=487.2s best_lap=447.7
t=6302.8 route=4 laps=15 crashes=0 avg_out=173.4s avg_ret=155.2s avg_lap=340.4s best_lap=332.8
t=6302.8 route=5 laps=13 crashes=0 avg_out=253.9s avg_ret=232.3s avg_lap=498.3s best_lap=486.0
t=6302.8 route=6 laps=16 crashes=0 avg_out=144.9s avg_ret=143.1s avg_lap=300.1s best_lap=273.6
t=6302.8 route=7 laps=15 crashes=0 avg_out=170.3s avg_ret=148.3s avg_lap=330.4s best_lap=315.4
t=6302.8 route=8 laps=14 crashes=0 avg_out=173.5s avg_ret=178.2s avg_lap=363.8s best_lap=351.4
t=6302.8 TOTAL laps=115 crashes=1
t=6302.8 TUNER gen=1 results=52/64 pending=7 active=7 remaining=12 next_trial=124 rounds=[8,7,7,8,6,8,8,7]
t=6313.7 LAP_CAPTURE craft=Aircraft_10_nav_r8_116 route=8 return=185.8s lap=370.1s carrier_dist=200m t=6313.7
t=6315.2 LAUNCH_BLOCKED reason=cleared_unready_nav_deck_aircraft active=6 stored=1 no_active_s=0.0 state=IDLE tractor_cleanup=false elevator_transfer=false deck=Aircraft_10_nav_r6_123 pending=none clearance=none queue=0
t=6323.0 TUNING_REASSIGN craft=Aircraft_10_nav_r1_124 requested_route=1 assigned_route=5
t=6330.3 LAUNCH_BLOCKED reason=deck_busy active=7 stored=2 no_active_s=0.0 state=AIRCRAFT_ON_DECK tractor_cleanup=false elevator_transfer=false deck=Aircraft_10_nav_r1_124 pending=none clearance=none queue=0
t=6330.5 SPAWN craft=Aircraft_10_nav_r1_124 route=5 candidate=3 trial=124 t=6330.5
t=6331.8 LZ_REACHED craft=Aircraft_10_nav_r3_120 route=3 outbound=212.4s t=6331.8
t=6332.8 ==== SUMMARY t=6332.8 ====
t=6332.9 route=1 laps=16 crashes=0 avg_out=149.8s avg_ret=163.5s avg_lap=325.2s best_lap=316.3
t=6332.9 route=2 laps=13 crashes=1 avg_out=182.4s avg_ret=244.7s avg_lap=441.0s best_lap=430.1
t=6332.9 route=3 laps=13 crashes=0 avg_out=216.1s avg_ret=258.8s avg_lap=487.2s best_lap=447.7
t=6332.9 route=4 laps=15 crashes=0 avg_out=173.4s avg_ret=155.2s avg_lap=340.4s best_lap=332.8
t=6332.9 route=5 laps=13 crashes=0 avg_out=253.9s avg_ret=232.3s avg_lap=498.3s best_lap=486.0
t=6332.9 route=6 laps=16 crashes=0 avg_out=144.9s avg_ret=143.1s avg_lap=300.1s best_lap=273.6
t=6332.9 route=7 laps=15 crashes=0 avg_out=170.3s avg_ret=148.3s avg_lap=330.4s best_lap=315.4
t=6332.9 route=8 laps=15 crashes=0 avg_out=173.5s avg_ret=178.7s avg_lap=364.2s best_lap=351.4
t=6332.9 TOTAL laps=116 crashes=1
t=6332.9 TUNER gen=1 results=53/64 pending=7 active=7 remaining=11 next_trial=125 rounds=[8,7,7,8,7,8,8,7]
t=6343.2 TUNING_REASSIGN craft=Aircraft_10_nav_r6_125 requested_route=6 assigned_route=2
t=6345.5 LAUNCH_BLOCKED reason=tuner_capacity_full active=8 stored=1 no_active_s=0.0 state=AIRCRAFT_ON_DECK tractor_cleanup=false elevator_transfer=true deck=Aircraft_10_nav_r6_125 pending=none clearance=none queue=0
t=6350.8 SPAWN craft=Aircraft_10_nav_r6_125 route=2 candidate=1 trial=125 t=6350.8
t=6360.5 LAUNCH_BLOCKED reason=tuner_capacity_full active=8 stored=1 no_active_s=0.0 state=IDLE tractor_cleanup=false elevator_transfer=false deck=Aircraft_10_nav_r6_125 pending=none clearance=none queue=0
t=6363.0 ==== SUMMARY t=6363.0 ====
t=6363.0 route=1 laps=16 crashes=0 avg_out=149.8s avg_ret=163.5s avg_lap=325.2s best_lap=316.3
t=6363.0 route=2 laps=13 crashes=1 avg_out=182.4s avg_ret=244.7s avg_lap=441.0s best_lap=430.1
t=6363.0 route=3 laps=13 crashes=0 avg_out=216.1s avg_ret=258.8s avg_lap=487.2s best_lap=447.7
t=6363.0 route=4 laps=15 crashes=0 avg_out=173.4s avg_ret=155.2s avg_lap=340.4s best_lap=332.8
t=6363.1 route=5 laps=13 crashes=0 avg_out=253.9s avg_ret=232.3s avg_lap=498.3s best_lap=486.0
t=6363.1 route=6 laps=16 crashes=0 avg_out=144.9s avg_ret=143.1s avg_lap=300.1s best_lap=273.6
t=6363.1 route=7 laps=15 crashes=0 avg_out=170.3s avg_ret=148.3s avg_lap=330.4s best_lap=315.4
t=6363.1 route=8 laps=15 crashes=0 avg_out=173.5s avg_ret=178.7s avg_lap=364.2s best_lap=351.4
t=6363.1 TOTAL laps=116 crashes=1
t=6363.1 TUNER gen=1 results=53/64 pending=8 active=8 remaining=11 next_trial=126 rounds=[8,8,7,8,7,8,8,7]
t=6375.6 LAUNCH_BLOCKED reason=tuner_capacity_full active=8 stored=1 no_active_s=0.0 state=IDLE tractor_cleanup=false elevator_transfer=false deck=Aircraft_10_nav_r6_125 pending=none clearance=none queue=0
t=6390.7 LAUNCH_BLOCKED reason=tuner_capacity_full active=8 stored=1 no_active_s=0.0 state=IDLE tractor_cleanup=false elevator_transfer=false deck=Aircraft_10_nav_r6_125 pending=none clearance=none queue=0
t=6393.1 ==== SUMMARY t=6393.1 ====
t=6393.1 route=1 laps=16 crashes=0 avg_out=149.8s avg_ret=163.5s avg_lap=325.2s best_lap=316.3
t=6393.1 route=2 laps=13 crashes=1 avg_out=182.4s avg_ret=244.7s avg_lap=441.0s best_lap=430.1
t=6393.1 route=3 laps=13 crashes=0 avg_out=216.1s avg_ret=258.8s avg_lap=487.2s best_lap=447.7
t=6393.1 route=4 laps=15 crashes=0 avg_out=173.4s avg_ret=155.2s avg_lap=340.4s best_lap=332.8
t=6393.1 route=5 laps=13 crashes=0 avg_out=253.9s avg_ret=232.3s avg_lap=498.3s best_lap=486.0
t=6393.1 route=6 laps=16 crashes=0 avg_out=144.9s avg_ret=143.1s avg_lap=300.1s best_lap=273.6
t=6393.1 route=7 laps=15 crashes=0 avg_out=170.3s avg_ret=148.3s avg_lap=330.4s best_lap=315.4
t=6393.1 route=8 laps=15 crashes=0 avg_out=173.5s avg_ret=178.7s avg_lap=364.2s best_lap=351.4
t=6393.1 TOTAL laps=116 crashes=1
t=6393.1 TUNER gen=1 results=53/64 pending=8 active=8 remaining=11 next_trial=126 rounds=[8,8,7,8,7,8,8,7]
t=6405.7 LAUNCH_BLOCKED reason=tuner_capacity_full active=8 stored=1 no_active_s=0.0 state=IDLE tractor_cleanup=false elevator_transfer=false deck=Aircraft_10_nav_r6_125 pending=none clearance=none queue=0
t=6420.8 LAUNCH_BLOCKED reason=tuner_capacity_full active=8 stored=1 no_active_s=0.0 state=IDLE tractor_cleanup=false elevator_transfer=false deck=Aircraft_10_nav_r6_125 pending=none clearance=none queue=0
t=6423.1 ==== SUMMARY t=6423.1 ====
t=6423.1 route=1 laps=16 crashes=0 avg_out=149.8s avg_ret=163.5s avg_lap=325.2s best_lap=316.3
t=6423.1 route=2 laps=13 crashes=1 avg_out=182.4s avg_ret=244.7s avg_lap=441.0s best_lap=430.1
t=6423.1 route=3 laps=13 crashes=0 avg_out=216.1s avg_ret=258.8s avg_lap=487.2s best_lap=447.7
t=6423.1 route=4 laps=15 crashes=0 avg_out=173.4s avg_ret=155.2s avg_lap=340.4s best_lap=332.8
t=6423.1 route=5 laps=13 crashes=0 avg_out=253.9s avg_ret=232.3s avg_lap=498.3s best_lap=486.0
t=6423.1 route=6 laps=16 crashes=0 avg_out=144.9s avg_ret=143.1s avg_lap=300.1s best_lap=273.6
t=6423.1 route=7 laps=15 crashes=0 avg_out=170.3s avg_ret=148.3s avg_lap=330.4s best_lap=315.4
t=6423.1 route=8 laps=15 crashes=0 avg_out=173.5s avg_ret=178.7s avg_lap=364.2s best_lap=351.4
t=6423.1 TOTAL laps=116 crashes=1
t=6423.1 TUNER gen=1 results=53/64 pending=8 active=8 remaining=11 next_trial=126 rounds=[8,8,7,8,7,8,8,7]
t=6424.3 LAP_CAPTURE craft=Aircraft_10_nav_r4_118 route=4 return=156.8s lap=345.3s carrier_dist=200m t=6424.3
t=6427.8 LZ_REACHED craft=Aircraft_10_nav_r6_122 route=2 outbound=182.8s t=6427.8
t=6430.6 LZ_REACHED craft=Aircraft_10_nav_r5_121 route=5 outbound=255.8s t=6430.6
t=6434.1 LAP_CAPTURE craft=Aircraft_10_nav_r7_119 route=7 return=148.9s lap=334.9s carrier_dist=200m t=6434.1
t=6435.8 LAUNCH_BLOCKED reason=deck_busy active=7 stored=1 no_active_s=0.0 state=AIRCRAFT_ON_DECK tractor_cleanup=false elevator_transfer=true deck=Aircraft_10_nav_r8_126 pending=none clearance=none queue=0
t=6441.0 SPAWN craft=Aircraft_10_nav_r8_126 route=8 candidate=7 trial=126 t=6441.0
t=6453.1 ==== SUMMARY t=6453.1 ====
t=6453.1 route=1 laps=16 crashes=0 avg_out=149.8s avg_ret=163.5s avg_lap=325.2s best_lap=316.3
t=6453.1 route=2 laps=13 crashes=1 avg_out=182.5s avg_ret=244.7s avg_lap=441.0s best_lap=430.1
t=6453.2 route=3 laps=13 crashes=0 avg_out=216.1s avg_ret=258.8s avg_lap=487.2s best_lap=447.7
t=6453.2 route=4 laps=16 crashes=0 avg_out=173.4s avg_ret=155.3s avg_lap=340.8s best_lap=332.8
t=6453.2 route=5 laps=13 crashes=0 avg_out=254.1s avg_ret=232.3s avg_lap=498.3s best_lap=486.0
t=6453.2 route=6 laps=16 crashes=0 avg_out=144.9s avg_ret=143.1s avg_lap=300.1s best_lap=273.6
t=6453.2 route=7 laps=16 crashes=0 avg_out=170.3s avg_ret=148.3s avg_lap=330.7s best_lap=315.4
t=6453.2 route=8 laps=15 crashes=0 avg_out=173.5s avg_ret=178.7s avg_lap=364.2s best_lap=351.4
t=6453.2 TOTAL laps=118 crashes=1
t=6453.2 TUNER gen=1 results=55/64 pending=7 active=7 remaining=9 next_trial=127 rounds=[8,8,7,8,7,8,8,8]
t=6453.6 TUNING_REASSIGN craft=Aircraft_10_nav_r1_127 requested_route=1 assigned_route=3
t=6455.9 LAUNCH_BLOCKED reason=tuner_capacity_full active=8 stored=1 no_active_s=0.0 state=AIRCRAFT_ON_DECK tractor_cleanup=false elevator_transfer=true deck=Aircraft_10_nav_r1_127 pending=none clearance=none queue=0
t=6461.2 SPAWN craft=Aircraft_10_nav_r1_127 route=3 candidate=2 trial=127 t=6461.2
t=6471.1 LAUNCH_BLOCKED reason=tuner_capacity_full active=8 stored=1 no_active_s=0.0 state=IDLE tractor_cleanup=false elevator_transfer=false deck=Aircraft_10_nav_r1_127 pending=none clearance=none queue=0
t=6483.2 ==== SUMMARY t=6483.2 ====
t=6483.2 route=1 laps=16 crashes=0 avg_out=149.8s avg_ret=163.5s avg_lap=325.2s best_lap=316.3
t=6483.3 route=2 laps=13 crashes=1 avg_out=182.5s avg_ret=244.7s avg_lap=441.0s best_lap=430.1
t=6483.3 route=3 laps=13 crashes=0 avg_out=216.1s avg_ret=258.8s avg_lap=487.2s best_lap=447.7
t=6483.3 route=4 laps=16 crashes=0 avg_out=173.4s avg_ret=155.3s avg_lap=340.8s best_lap=332.8
t=6483.3 route=5 laps=13 crashes=0 avg_out=254.1s avg_ret=232.3s avg_lap=498.3s best_lap=486.0
t=6483.3 route=6 laps=16 crashes=0 avg_out=144.9s avg_ret=143.1s avg_lap=300.1s best_lap=273.6
t=6483.3 route=7 laps=16 crashes=0 avg_out=170.3s avg_ret=148.3s avg_lap=330.7s best_lap=315.4
t=6483.3 route=8 laps=15 crashes=0 avg_out=173.5s avg_ret=178.7s avg_lap=364.2s best_lap=351.4
t=6483.3 TOTAL laps=118 crashes=1
t=6483.3 TUNER gen=1 results=55/64 pending=8 active=8 remaining=9 next_trial=128 rounds=[8,8,8,8,7,8,8,8]
t=6486.1 LAUNCH_BLOCKED reason=tuner_capacity_full active=8 stored=1 no_active_s=0.0 state=IDLE tractor_cleanup=false elevator_transfer=false deck=Aircraft_10_nav_r1_127 pending=none clearance=none queue=0
t=6497.3 LZ_REACHED craft=Aircraft_10_nav_r6_123 route=3 outbound=222.1s t=6497.3
t=6501.2 LAUNCH_BLOCKED reason=tuner_capacity_full active=8 stored=1 no_active_s=0.0 state=IDLE tractor_cleanup=false elevator_transfer=false deck=Aircraft_10_nav_r1_127 pending=none clearance=none queue=0
t=6513.4 ==== SUMMARY t=6513.4 ====
t=6513.4 route=1 laps=16 crashes=0 avg_out=149.8s avg_ret=163.5s avg_lap=325.2s best_lap=316.3
t=6513.4 route=2 laps=13 crashes=1 avg_out=182.5s avg_ret=244.7s avg_lap=441.0s best_lap=430.1
t=6513.4 route=3 laps=13 crashes=0 avg_out=216.5s avg_ret=258.8s avg_lap=487.2s best_lap=447.7
t=6513.4 route=4 laps=16 crashes=0 avg_out=173.4s avg_ret=155.3s avg_lap=340.8s best_lap=332.8
t=6513.4 route=5 laps=13 crashes=0 avg_out=254.1s avg_ret=232.3s avg_lap=498.3s best_lap=486.0
t=6513.4 route=6 laps=16 crashes=0 avg_out=144.9s avg_ret=143.1s avg_lap=300.1s best_lap=273.6
t=6513.4 route=7 laps=16 crashes=0 avg_out=170.3s avg_ret=148.3s avg_lap=330.7s best_lap=315.4
t=6513.4 route=8 laps=15 crashes=0 avg_out=173.5s avg_ret=178.7s avg_lap=364.2s best_lap=351.4
t=6513.4 TOTAL laps=118 crashes=1
t=6513.4 TUNER gen=1 results=55/64 pending=8 active=8 remaining=9 next_trial=128 rounds=[8,8,8,8,7,8,8,8]
t=6516.3 LAUNCH_BLOCKED reason=tuner_capacity_full active=8 stored=1 no_active_s=0.0 state=IDLE tractor_cleanup=false elevator_transfer=false deck=Aircraft_10_nav_r1_127 pending=none clearance=none queue=0
t=6531.4 LAUNCH_BLOCKED reason=tuner_capacity_full active=8 stored=1 no_active_s=0.0 state=IDLE tractor_cleanup=false elevator_transfer=false deck=Aircraft_10_nav_r1_127 pending=none clearance=none queue=0
t=6543.4 ==== SUMMARY t=6543.4 ====
t=6543.4 route=1 laps=16 crashes=0 avg_out=149.8s avg_ret=163.5s avg_lap=325.2s best_lap=316.3
t=6543.4 route=2 laps=13 crashes=1 avg_out=182.5s avg_ret=244.7s avg_lap=441.0s best_lap=430.1
t=6543.4 route=3 laps=13 crashes=0 avg_out=216.5s avg_ret=258.8s avg_lap=487.2s best_lap=447.7
t=6543.4 route=4 laps=16 crashes=0 avg_out=173.4s avg_ret=155.3s avg_lap=340.8s best_lap=332.8
t=6543.4 route=5 laps=13 crashes=0 avg_out=254.1s avg_ret=232.3s avg_lap=498.3s best_lap=486.0
t=6543.4 route=6 laps=16 crashes=0 avg_out=144.9s avg_ret=143.1s avg_lap=300.1s best_lap=273.6
t=6543.4 route=7 laps=16 crashes=0 avg_out=170.3s avg_ret=148.3s avg_lap=330.7s best_lap=315.4
t=6543.4 route=8 laps=15 crashes=0 avg_out=173.5s avg_ret=178.7s avg_lap=364.2s best_lap=351.4
t=6543.4 TOTAL laps=118 crashes=1
t=6543.4 TUNER gen=1 results=55/64 pending=8 active=8 remaining=9 next_trial=128 rounds=[8,8,8,8,7,8,8,8]
t=6543.9 LZ_REACHED craft=Aircraft_10_nav_r6_125 route=2 outbound=193.0s t=6543.9
t=6546.4 LAUNCH_BLOCKED reason=tuner_capacity_full active=8 stored=1 no_active_s=0.0 state=IDLE tractor_cleanup=false elevator_transfer=false deck=Aircraft_10_nav_r1_127 pending=none clearance=none queue=0
t=6561.5 LAUNCH_BLOCKED reason=tuner_capacity_full active=8 stored=1 no_active_s=0.0 state=IDLE tractor_cleanup=false elevator_transfer=false deck=Aircraft_10_nav_r1_127 pending=none clearance=none queue=0
t=6573.4 ==== SUMMARY t=6573.4 ====
t=6573.4 route=1 laps=16 crashes=0 avg_out=149.8s avg_ret=163.5s avg_lap=325.2s best_lap=316.3
t=6573.4 route=2 laps=13 crashes=1 avg_out=183.1s avg_ret=244.7s avg_lap=441.0s best_lap=430.1
t=6573.4 route=3 laps=13 crashes=0 avg_out=216.5s avg_ret=258.8s avg_lap=487.2s best_lap=447.7
t=6573.4 route=4 laps=16 crashes=0 avg_out=173.4s avg_ret=155.3s avg_lap=340.8s best_lap=332.8
t=6573.4 route=5 laps=13 crashes=0 avg_out=254.1s avg_ret=232.3s avg_lap=498.3s best_lap=486.0
t=6573.4 route=6 laps=16 crashes=0 avg_out=144.9s avg_ret=143.1s avg_lap=300.1s best_lap=273.6
t=6573.4 route=7 laps=16 crashes=0 avg_out=170.3s avg_ret=148.3s avg_lap=330.7s best_lap=315.4
t=6573.4 route=8 laps=15 crashes=0 avg_out=173.5s avg_ret=178.7s avg_lap=364.2s best_lap=351.4
t=6573.4 TOTAL laps=118 crashes=1
t=6573.4 TUNER gen=1 results=55/64 pending=8 active=8 remaining=9 next_trial=128 rounds=[8,8,8,8,7,8,8,8]
t=6576.5 LAUNCH_BLOCKED reason=tuner_capacity_full active=8 stored=1 no_active_s=0.0 state=IDLE tractor_cleanup=false elevator_transfer=false deck=Aircraft_10_nav_r1_127 pending=none clearance=none queue=0
t=6582.2 LZ_REACHED craft=Aircraft_10_nav_r1_124 route=5 outbound=251.6s t=6582.2
t=6591.6 LAUNCH_BLOCKED reason=tuner_capacity_full active=8 stored=1 no_active_s=0.0 state=IDLE tractor_cleanup=false elevator_transfer=false deck=Aircraft_10_nav_r1_127 pending=none clearance=none queue=0
t=6603.5 ==== SUMMARY t=6603.5 ====
t=6603.5 route=1 laps=16 crashes=0 avg_out=149.8s avg_ret=163.5s avg_lap=325.2s best_lap=316.3
t=6603.5 route=2 laps=13 crashes=1 avg_out=183.1s avg_ret=244.7s avg_lap=441.0s best_lap=430.1
t=6603.5 route=3 laps=13 crashes=0 avg_out=216.5s avg_ret=258.8s avg_lap=487.2s best_lap=447.7
t=6603.5 route=4 laps=16 crashes=0 avg_out=173.4s avg_ret=155.3s avg_lap=340.8s best_lap=332.8
t=6603.6 route=5 laps=13 crashes=0 avg_out=253.9s avg_ret=232.3s avg_lap=498.3s best_lap=486.0
t=6603.6 route=6 laps=16 crashes=0 avg_out=144.9s avg_ret=143.1s avg_lap=300.1s best_lap=273.6
t=6603.6 route=7 laps=16 crashes=0 avg_out=170.3s avg_ret=148.3s avg_lap=330.7s best_lap=315.4
t=6603.6 route=8 laps=15 crashes=0 avg_out=173.5s avg_ret=178.7s avg_lap=364.2s best_lap=351.4
t=6603.6 TOTAL laps=118 crashes=1
t=6603.6 TUNER gen=1 results=55/64 pending=8 active=8 remaining=9 next_trial=128 rounds=[8,8,8,8,7,8,8,8]
t=6604.7 LAP_CAPTURE craft=Aircraft_10_nav_r3_120 route=3 return=260.9s lap=485.3s carrier_dist=200m t=6604.7
t=6606.7 LAUNCH_BLOCKED reason=cleared_unready_nav_deck_aircraft active=7 stored=1 no_active_s=0.0 state=IDLE tractor_cleanup=false elevator_transfer=false deck=Aircraft_10_nav_r1_127 pending=none clearance=none queue=0
t=6614.4 TUNING_REASSIGN craft=Aircraft_10_nav_r4_128 requested_route=4 assigned_route=5
t=6618.5 LZ_REACHED craft=Aircraft_10_nav_r8_126 route=8 outbound=177.5s t=6618.5
t=6621.8 LAUNCH_BLOCKED reason=tuner_capacity_full active=8 stored=1 no_active_s=0.0 state=AIRCRAFT_ON_DECK tractor_cleanup=false elevator_transfer=false deck=Aircraft_10_nav_r4_128 pending=none clearance=none queue=0
t=6622.0 SPAWN craft=Aircraft_10_nav_r4_128 route=5 candidate=4 trial=128 t=6622.0
t=6633.7 ==== SUMMARY t=6633.7 ====
t=6633.7 route=1 laps=16 crashes=0 avg_out=149.8s avg_ret=163.5s avg_lap=325.2s best_lap=316.3
t=6633.7 route=2 laps=13 crashes=1 avg_out=183.1s avg_ret=244.7s avg_lap=441.0s best_lap=430.1
t=6633.7 route=3 laps=14 crashes=0 avg_out=216.5s avg_ret=258.9s avg_lap=487.0s best_lap=447.7
t=6633.7 route=4 laps=16 crashes=0 avg_out=173.4s avg_ret=155.3s avg_lap=340.8s best_lap=332.8
t=6633.7 route=5 laps=13 crashes=0 avg_out=253.9s avg_ret=232.3s avg_lap=498.3s best_lap=486.0
t=6633.7 route=6 laps=16 crashes=0 avg_out=144.9s avg_ret=143.1s avg_lap=300.1s best_lap=273.6
t=6633.7 route=7 laps=16 crashes=0 avg_out=170.3s avg_ret=148.3s avg_lap=330.7s best_lap=315.4
t=6633.7 route=8 laps=15 crashes=0 avg_out=173.7s avg_ret=178.7s avg_lap=364.2s best_lap=351.4
t=6633.8 TOTAL laps=119 crashes=1
t=6633.8 TUNER gen=1 results=56/64 pending=8 active=8 remaining=8 next_trial=129 rounds=[8,8,8,8,8,8,8,8]
t=6637.0 LAUNCH_BLOCKED reason=tuner_capacity_full active=8 stored=1 no_active_s=0.0 state=IDLE tractor_cleanup=false elevator_transfer=false deck=Aircraft_10_nav_r4_128 pending=none clearance=none queue=0
t=6652.0 LAUNCH_BLOCKED reason=tuner_capacity_full active=8 stored=1 no_active_s=0.0 state=IDLE tractor_cleanup=false elevator_transfer=false deck=Aircraft_10_nav_r4_128 pending=none clearance=none queue=0
t=6663.7 ==== SUMMARY t=6663.7 ====
t=6663.7 route=1 laps=16 crashes=0 avg_out=149.8s avg_ret=163.5s avg_lap=325.2s best_lap=316.3
t=6663.7 route=2 laps=13 crashes=1 avg_out=183.1s avg_ret=244.7s avg_lap=441.0s best_lap=430.1
t=6663.7 route=3 laps=14 crashes=0 avg_out=216.5s avg_ret=258.9s avg_lap=487.0s best_lap=447.7
t=6663.7 route=4 laps=16 crashes=0 avg_out=173.4s avg_ret=155.3s avg_lap=340.8s best_lap=332.8
t=6663.8 route=5 laps=13 crashes=0 avg_out=253.9s avg_ret=232.3s avg_lap=498.3s best_lap=486.0
t=6663.8 route=6 laps=16 crashes=0 avg_out=144.9s avg_ret=143.1s avg_lap=300.1s best_lap=273.6
t=6663.8 route=7 laps=16 crashes=0 avg_out=170.3s avg_ret=148.3s avg_lap=330.7s best_lap=315.4
t=6663.8 route=8 laps=15 crashes=0 avg_out=173.7s avg_ret=178.7s avg_lap=364.2s best_lap=351.4
t=6663.8 TOTAL laps=119 crashes=1
t=6663.8 TUNER gen=1 results=56/64 pending=8 active=8 remaining=8 next_trial=129 rounds=[8,8,8,8,8,8,8,8]
t=6667.1 LAUNCH_BLOCKED reason=tuner_capacity_full active=8 stored=1 no_active_s=0.0 state=IDLE tractor_cleanup=false elevator_transfer=false deck=Aircraft_10_nav_r4_128 pending=none clearance=none queue=0
t=6673.2 LAP_CAPTURE craft=Aircraft_10_nav_r5_121 route=5 return=230.6s lap=498.5s carrier_dist=200m t=6673.2
t=6674.6 LZ_REACHED craft=Aircraft_10_nav_r1_127 route=3 outbound=213.4s t=6674.6
t=6677.3 LAP_CAPTURE craft=Aircraft_10_nav_r6_122 route=2 return=237.5s lap=432.3s carrier_dist=200m t=6677.3
t=6682.1 LAUNCH_BLOCKED reason=tuner_capacity_full active=6 stored=1 no_active_s=0.0 state=IDLE tractor_cleanup=false elevator_transfer=false deck=Aircraft_10_nav_r4_128 pending=none clearance=none queue=0
t=6693.8 ==== SUMMARY t=6693.8 ====
t=6693.8 route=1 laps=16 crashes=0 avg_out=149.8s avg_ret=163.5s avg_lap=325.2s best_lap=316.3
t=6693.8 route=2 laps=14 crashes=1 avg_out=183.1s avg_ret=244.2s avg_lap=440.4s best_lap=430.1
t=6693.8 route=3 laps=14 crashes=0 avg_out=216.3s avg_ret=258.9s avg_lap=487.0s best_lap=447.7
t=6693.8 route=4 laps=16 crashes=0 avg_out=173.4s avg_ret=155.3s avg_lap=340.8s best_lap=332.8
t=6693.8 route=5 laps=14 crashes=0 avg_out=253.9s avg_ret=232.2s avg_lap=498.3s best_lap=486.0
t=6693.8 route=6 laps=16 crashes=0 avg_out=144.9s avg_ret=143.1s avg_lap=300.1s best_lap=273.6
t=6693.8 route=7 laps=16 crashes=0 avg_out=170.3s avg_ret=148.3s avg_lap=330.7s best_lap=315.4
t=6693.8 route=8 laps=15 crashes=0 avg_out=173.7s avg_ret=178.7s avg_lap=364.2s best_lap=351.4
t=6693.8 TOTAL laps=121 crashes=1
t=6693.8 TUNER gen=1 results=58/64 pending=6 active=6 remaining=6 next_trial=129 rounds=[8,8,8,8,8,8,8,8]
t=6697.2 LAUNCH_BLOCKED reason=tuner_capacity_full active=6 stored=1 no_active_s=0.0 state=IDLE tractor_cleanup=false elevator_transfer=false deck=Aircraft_10_nav_r4_128 pending=none clearance=none queue=0
t=6712.3 LAUNCH_BLOCKED reason=tuner_capacity_full active=6 stored=1 no_active_s=0.0 state=IDLE tractor_cleanup=false elevator_transfer=false deck=Aircraft_10_nav_r4_128 pending=none clearance=none queue=0
t=6723.8 ==== SUMMARY t=6723.8 ====
t=6723.8 route=1 laps=16 crashes=0 avg_out=149.8s avg_ret=163.5s avg_lap=325.2s best_lap=316.3
t=6723.8 route=2 laps=14 crashes=1 avg_out=183.1s avg_ret=244.2s avg_lap=440.4s best_lap=430.1
t=6723.8 route=3 laps=14 crashes=0 avg_out=216.3s avg_ret=258.9s avg_lap=487.0s best_lap=447.7
t=6723.8 route=4 laps=16 crashes=0 avg_out=173.4s avg_ret=155.3s avg_lap=340.8s best_lap=332.8
t=6723.8 route=5 laps=14 crashes=0 avg_out=253.9s avg_ret=232.2s avg_lap=498.3s best_lap=486.0
t=6723.8 route=6 laps=16 crashes=0 avg_out=144.9s avg_ret=143.1s avg_lap=300.1s best_lap=273.6
t=6723.8 route=7 laps=16 crashes=0 avg_out=170.3s avg_ret=148.3s avg_lap=330.7s best_lap=315.4
t=6723.8 route=8 laps=15 crashes=0 avg_out=173.7s avg_ret=178.7s avg_lap=364.2s best_lap=351.4
t=6723.8 TOTAL laps=121 crashes=1
t=6723.8 TUNER gen=1 results=58/64 pending=6 active=6 remaining=6 next_trial=129 rounds=[8,8,8,8,8,8,8,8]
t=6727.3 LAUNCH_BLOCKED reason=tuner_capacity_full active=6 stored=1 no_active_s=0.0 state=IDLE tractor_cleanup=false elevator_transfer=false deck=Aircraft_10_nav_r4_128 pending=none clearance=none queue=0
t=6742.4 LAUNCH_BLOCKED reason=tuner_capacity_full active=6 stored=1 no_active_s=0.0 state=IDLE tractor_cleanup=false elevator_transfer=false deck=Aircraft_10_nav_r4_128 pending=none clearance=none queue=0
t=6753.8 ==== SUMMARY t=6753.8 ====
t=6753.8 route=1 laps=16 crashes=0 avg_out=149.8s avg_ret=163.5s avg_lap=325.2s best_lap=316.3
t=6753.8 route=2 laps=14 crashes=1 avg_out=183.1s avg_ret=244.2s avg_lap=440.4s best_lap=430.1
t=6753.8 route=3 laps=14 crashes=0 avg_out=216.3s avg_ret=258.9s avg_lap=487.0s best_lap=447.7
t=6753.8 route=4 laps=16 crashes=0 avg_out=173.4s avg_ret=155.3s avg_lap=340.8s best_lap=332.8
t=6753.8 route=5 laps=14 crashes=0 avg_out=253.9s avg_ret=232.2s avg_lap=498.3s best_lap=486.0
t=6753.8 route=6 laps=16 crashes=0 avg_out=144.9s avg_ret=143.1s avg_lap=300.1s best_lap=273.6
t=6753.8 route=7 laps=16 crashes=0 avg_out=170.3s avg_ret=148.3s avg_lap=330.7s best_lap=315.4
t=6753.8 route=8 laps=15 crashes=0 avg_out=173.7s avg_ret=178.7s avg_lap=364.2s best_lap=351.4
t=6753.8 TOTAL laps=121 crashes=1
t=6753.8 TUNER gen=1 results=58/64 pending=6 active=6 remaining=6 next_trial=129 rounds=[8,8,8,8,8,8,8,8]
t=6757.4 LAUNCH_BLOCKED reason=tuner_capacity_full active=6 stored=1 no_active_s=0.0 state=IDLE tractor_cleanup=false elevator_transfer=false deck=Aircraft_10_nav_r4_128 pending=none clearance=none queue=0
t=6772.5 LAUNCH_BLOCKED reason=tuner_capacity_full active=6 stored=1 no_active_s=0.0 state=IDLE tractor_cleanup=false elevator_transfer=false deck=Aircraft_10_nav_r4_128 pending=none clearance=none queue=0
t=6783.8 ==== SUMMARY t=6783.8 ====
t=6783.8 route=1 laps=16 crashes=0 avg_out=149.8s avg_ret=163.5s avg_lap=325.2s best_lap=316.3
t=6783.8 route=2 laps=14 crashes=1 avg_out=183.1s avg_ret=244.2s avg_lap=440.4s best_lap=430.1
t=6783.8 route=3 laps=14 crashes=0 avg_out=216.3s avg_ret=258.9s avg_lap=487.0s best_lap=447.7
t=6783.8 route=4 laps=16 crashes=0 avg_out=173.4s avg_ret=155.3s avg_lap=340.8s best_lap=332.8
t=6783.8 route=5 laps=14 crashes=0 avg_out=253.9s avg_ret=232.2s avg_lap=498.3s best_lap=486.0
t=6783.9 route=6 laps=16 crashes=0 avg_out=144.9s avg_ret=143.1s avg_lap=300.1s best_lap=273.6
t=6783.9 route=7 laps=16 crashes=0 avg_out=170.3s avg_ret=148.3s avg_lap=330.7s best_lap=315.4
t=6783.9 route=8 laps=15 crashes=0 avg_out=173.7s avg_ret=178.7s avg_lap=364.2s best_lap=351.4
t=6783.9 TOTAL laps=121 crashes=1
t=6783.9 TUNER gen=1 results=58/64 pending=6 active=6 remaining=6 next_trial=129 rounds=[8,8,8,8,8,8,8,8]
t=6787.5 LAUNCH_BLOCKED reason=tuner_capacity_full active=6 stored=1 no_active_s=0.0 state=IDLE tractor_cleanup=false elevator_transfer=false deck=Aircraft_10_nav_r4_128 pending=none clearance=Aircraft_10_nav_r8_126 queue=0
t=6798.3 LAP_CAPTURE craft=Aircraft_10_nav_r6_123 route=3 return=288.9s lap=523.0s carrier_dist=200m t=6798.3
t=6802.6 LAUNCH_BLOCKED reason=tuner_capacity_full active=5 stored=1 no_active_s=0.0 state=IDLE tractor_cleanup=false elevator_transfer=false deck=Aircraft_10_nav_r4_128 pending=none clearance=Aircraft_10_nav_r8_126 queue=0
t=6810.3 LAP_CAPTURE craft=Aircraft_10_nav_r8_126 route=8 return=179.7s lap=369.3s carrier_dist=200m t=6810.3
t=6813.8 ==== SUMMARY t=6813.8 ====
t=6813.8 route=1 laps=16 crashes=0 avg_out=149.8s avg_ret=163.5s avg_lap=325.2s best_lap=316.3
t=6813.9 route=2 laps=14 crashes=1 avg_out=183.1s avg_ret=244.2s avg_lap=440.4s best_lap=430.1
t=6813.9 route=3 laps=15 crashes=0 avg_out=216.3s avg_ret=260.9s avg_lap=489.4s best_lap=447.7
t=6813.9 route=4 laps=16 crashes=0 avg_out=173.4s avg_ret=155.3s avg_lap=340.8s best_lap=332.8
t=6813.9 route=5 laps=14 crashes=0 avg_out=253.9s avg_ret=232.2s avg_lap=498.3s best_lap=486.0
t=6813.9 route=6 laps=16 crashes=0 avg_out=144.9s avg_ret=143.1s avg_lap=300.1s best_lap=273.6
t=6813.9 route=7 laps=16 crashes=0 avg_out=170.3s avg_ret=148.3s avg_lap=330.7s best_lap=315.4
t=6813.9 route=8 laps=16 crashes=0 avg_out=173.7s avg_ret=178.7s avg_lap=364.5s best_lap=351.4
t=6813.9 TOTAL laps=123 crashes=1
t=6813.9 TUNER gen=1 results=60/64 pending=4 active=4 remaining=4 next_trial=129 rounds=[8,8,8,8,8,8,8,8]
t=6817.6 LAUNCH_BLOCKED reason=tuner_capacity_full active=4 stored=1 no_active_s=0.0 state=IDLE tractor_cleanup=false elevator_transfer=false deck=Aircraft_10_nav_r4_128 pending=none clearance=none queue=0
t=6822.7 LAP_CAPTURE craft=Aircraft_10_nav_r6_125 route=2 return=266.8s lap=471.8s carrier_dist=200m t=6822.7
t=6829.1 LAP_CAPTURE craft=Aircraft_10_nav_r1_124 route=5 return=234.9s lap=498.6s carrier_dist=200m t=6829.1
t=6832.7 LAUNCH_BLOCKED reason=tuner_capacity_full active=2 stored=1 no_active_s=0.0 state=IDLE tractor_cleanup=false elevator_transfer=false deck=Aircraft_10_nav_r4_128 pending=none clearance=none queue=0
t=6843.8 ==== SUMMARY t=6843.8 ====
t=6843.8 route=1 laps=16 crashes=0 avg_out=149.8s avg_ret=163.5s avg_lap=325.2s best_lap=316.3
t=6843.9 route=2 laps=15 crashes=1 avg_out=183.1s avg_ret=245.7s avg_lap=442.5s best_lap=430.1
t=6843.9 route=3 laps=15 crashes=0 avg_out=216.3s avg_ret=260.9s avg_lap=489.4s best_lap=447.7
t=6843.9 route=4 laps=16 crashes=0 avg_out=173.4s avg_ret=155.3s avg_lap=340.8s best_lap=332.8
t=6843.9 route=5 laps=15 crashes=0 avg_out=253.9s avg_ret=232.4s avg_lap=498.3s best_lap=486.0
t=6843.9 route=6 laps=16 crashes=0 avg_out=144.9s avg_ret=143.1s avg_lap=300.1s best_lap=273.6
t=6843.9 route=7 laps=16 crashes=0 avg_out=170.3s avg_ret=148.3s avg_lap=330.7s best_lap=315.4
t=6843.9 route=8 laps=16 crashes=0 avg_out=173.7s avg_ret=178.7s avg_lap=364.5s best_lap=351.4
t=6843.9 TOTAL laps=125 crashes=1
t=6843.9 TUNER gen=1 results=62/64 pending=2 active=2 remaining=2 next_trial=129 rounds=[8,8,8,8,8,8,8,8]
t=6847.7 LAUNCH_BLOCKED reason=tuner_capacity_full active=2 stored=1 no_active_s=0.0 state=IDLE tractor_cleanup=false elevator_transfer=false deck=Aircraft_10_nav_r4_128 pending=none clearance=none queue=0
t=6862.8 LAUNCH_BLOCKED reason=tuner_capacity_full active=2 stored=1 no_active_s=0.0 state=IDLE tractor_cleanup=false elevator_transfer=false deck=Aircraft_10_nav_r4_128 pending=none clearance=none queue=0
t=6873.9 ==== SUMMARY t=6873.9 ====
t=6873.9 route=1 laps=16 crashes=0 avg_out=149.8s avg_ret=163.5s avg_lap=325.2s best_lap=316.3
t=6873.9 route=2 laps=15 crashes=1 avg_out=183.1s avg_ret=245.7s avg_lap=442.5s best_lap=430.1
t=6873.9 route=3 laps=15 crashes=0 avg_out=216.3s avg_ret=260.9s avg_lap=489.4s best_lap=447.7
t=6873.9 route=4 laps=16 crashes=0 avg_out=173.4s avg_ret=155.3s avg_lap=340.8s best_lap=332.8
t=6873.9 route=5 laps=15 crashes=0 avg_out=253.9s avg_ret=232.4s avg_lap=498.3s best_lap=486.0
t=6873.9 route=6 laps=16 crashes=0 avg_out=144.9s avg_ret=143.1s avg_lap=300.1s best_lap=273.6
t=6873.9 route=7 laps=16 crashes=0 avg_out=170.3s avg_ret=148.3s avg_lap=330.7s best_lap=315.4
t=6873.9 route=8 laps=16 crashes=0 avg_out=173.7s avg_ret=178.7s avg_lap=364.5s best_lap=351.4
t=6873.9 TOTAL laps=125 crashes=1
t=6873.9 TUNER gen=1 results=62/64 pending=2 active=2 remaining=2 next_trial=129 rounds=[8,8,8,8,8,8,8,8]
t=6874.0 LZ_REACHED craft=Aircraft_10_nav_r4_128 route=5 outbound=252.0s t=6874.0
t=6877.8 LAUNCH_BLOCKED reason=tuner_capacity_full active=2 stored=1 no_active_s=0.0 state=IDLE tractor_cleanup=false elevator_transfer=false deck=Aircraft_10_nav_r4_128 pending=none clearance=none queue=0
t=6892.9 LAUNCH_BLOCKED reason=tuner_capacity_full active=2 stored=1 no_active_s=0.0 state=IDLE tractor_cleanup=false elevator_transfer=false deck=Aircraft_10_nav_r4_128 pending=none clearance=none queue=0
t=6903.9 ==== SUMMARY t=6903.9 ====
t=6903.9 route=1 laps=16 crashes=0 avg_out=149.8s avg_ret=163.5s avg_lap=325.2s best_lap=316.3
t=6903.9 route=2 laps=15 crashes=1 avg_out=183.1s avg_ret=245.7s avg_lap=442.5s best_lap=430.1
t=6903.9 route=3 laps=15 crashes=0 avg_out=216.3s avg_ret=260.9s avg_lap=489.4s best_lap=447.7
t=6903.9 route=4 laps=16 crashes=0 avg_out=173.4s avg_ret=155.3s avg_lap=340.8s best_lap=332.8
t=6904.0 route=5 laps=15 crashes=0 avg_out=253.8s avg_ret=232.4s avg_lap=498.3s best_lap=486.0
t=6904.0 route=6 laps=16 crashes=0 avg_out=144.9s avg_ret=143.1s avg_lap=300.1s best_lap=273.6
t=6904.0 route=7 laps=16 crashes=0 avg_out=170.3s avg_ret=148.3s avg_lap=330.7s best_lap=315.4
t=6904.0 route=8 laps=16 crashes=0 avg_out=173.7s avg_ret=178.7s avg_lap=364.5s best_lap=351.4
t=6904.0 TOTAL laps=125 crashes=1
t=6904.0 TUNER gen=1 results=62/64 pending=2 active=2 remaining=2 next_trial=129 rounds=[8,8,8,8,8,8,8,8]
t=6908.0 LAUNCH_BLOCKED reason=tuner_capacity_full active=2 stored=1 no_active_s=0.0 state=IDLE tractor_cleanup=false elevator_transfer=false deck=Aircraft_10_nav_r4_128 pending=none clearance=none queue=0
t=6923.0 LAUNCH_BLOCKED reason=tuner_capacity_full active=2 stored=1 no_active_s=0.0 state=IDLE tractor_cleanup=false elevator_transfer=false deck=Aircraft_10_nav_r4_128 pending=none clearance=none queue=0
t=6933.9 ==== SUMMARY t=6933.9 ====
t=6934.0 route=1 laps=16 crashes=0 avg_out=149.8s avg_ret=163.5s avg_lap=325.2s best_lap=316.3
t=6934.0 route=2 laps=15 crashes=1 avg_out=183.1s avg_ret=245.7s avg_lap=442.5s best_lap=430.1
t=6934.0 route=3 laps=15 crashes=0 avg_out=216.3s avg_ret=260.9s avg_lap=489.4s best_lap=447.7
t=6934.0 route=4 laps=16 crashes=0 avg_out=173.4s avg_ret=155.3s avg_lap=340.8s best_lap=332.8
t=6934.0 route=5 laps=15 crashes=0 avg_out=253.8s avg_ret=232.4s avg_lap=498.3s best_lap=486.0
t=6934.0 route=6 laps=16 crashes=0 avg_out=144.9s avg_ret=143.1s avg_lap=300.1s best_lap=273.6
t=6934.0 route=7 laps=16 crashes=0 avg_out=170.3s avg_ret=148.3s avg_lap=330.7s best_lap=315.4
t=6934.0 route=8 laps=16 crashes=0 avg_out=173.7s avg_ret=178.7s avg_lap=364.5s best_lap=351.4
t=6934.0 TOTAL laps=125 crashes=1
t=6934.0 TUNER gen=1 results=62/64 pending=2 active=2 remaining=2 next_trial=129 rounds=[8,8,8,8,8,8,8,8]
t=6938.1 LAUNCH_BLOCKED reason=tuner_capacity_full active=2 stored=1 no_active_s=0.0 state=IDLE tractor_cleanup=false elevator_transfer=false deck=Aircraft_10_nav_r4_128 pending=none clearance=none queue=0
t=6942.3 LAP_CAPTURE craft=Aircraft_10_nav_r1_127 route=3 return=255.8s lap=481.1s carrier_dist=200m t=6942.3
t=6953.1 LAUNCH_BLOCKED reason=tuner_capacity_full active=1 stored=1 no_active_s=0.0 state=IDLE tractor_cleanup=false elevator_transfer=false deck=Aircraft_10_nav_r4_128 pending=none clearance=none queue=0
t=6963.9 ==== SUMMARY t=6963.9 ====
t=6964.0 route=1 laps=16 crashes=0 avg_out=149.8s avg_ret=163.5s avg_lap=325.2s best_lap=316.3
t=6964.0 route=2 laps=15 crashes=1 avg_out=183.1s avg_ret=245.7s avg_lap=442.5s best_lap=430.1
t=6964.0 route=3 laps=16 crashes=0 avg_out=216.3s avg_ret=260.6s avg_lap=488.9s best_lap=447.7
t=6964.0 route=4 laps=16 crashes=0 avg_out=173.4s avg_ret=155.3s avg_lap=340.8s best_lap=332.8
t=6964.0 route=5 laps=15 crashes=0 avg_out=253.8s avg_ret=232.4s avg_lap=498.3s best_lap=486.0
t=6964.0 route=6 laps=16 crashes=0 avg_out=144.9s avg_ret=143.1s avg_lap=300.1s best_lap=273.6
t=6964.0 route=7 laps=16 crashes=0 avg_out=170.3s avg_ret=148.3s avg_lap=330.7s best_lap=315.4
t=6964.0 route=8 laps=16 crashes=0 avg_out=173.7s avg_ret=178.7s avg_lap=364.5s best_lap=351.4
t=6964.0 TOTAL laps=126 crashes=1
t=6964.0 TUNER gen=1 results=63/64 pending=1 active=1 remaining=1 next_trial=129 rounds=[8,8,8,8,8,8,8,8]
t=6968.2 LAUNCH_BLOCKED reason=tuner_capacity_full active=1 stored=1 no_active_s=0.0 state=IDLE tractor_cleanup=false elevator_transfer=false deck=Aircraft_10_nav_r4_128 pending=none clearance=none queue=0
t=6983.2 LAUNCH_BLOCKED reason=tuner_capacity_full active=1 stored=1 no_active_s=0.0 state=IDLE tractor_cleanup=false elevator_transfer=false deck=Aircraft_10_nav_r4_128 pending=none clearance=none queue=0
t=6994.0 ==== SUMMARY t=6994.0 ====
t=6994.0 route=1 laps=16 crashes=0 avg_out=149.8s avg_ret=163.5s avg_lap=325.2s best_lap=316.3
t=6994.0 route=2 laps=15 crashes=1 avg_out=183.1s avg_ret=245.7s avg_lap=442.5s best_lap=430.1
t=6994.0 route=3 laps=16 crashes=0 avg_out=216.3s avg_ret=260.6s avg_lap=488.9s best_lap=447.7
t=6994.0 route=4 laps=16 crashes=0 avg_out=173.4s avg_ret=155.3s avg_lap=340.8s best_lap=332.8
t=6994.0 route=5 laps=15 crashes=0 avg_out=253.8s avg_ret=232.4s avg_lap=498.3s best_lap=486.0
t=6994.0 route=6 laps=16 crashes=0 avg_out=144.9s avg_ret=143.1s avg_lap=300.1s best_lap=273.6
t=6994.0 route=7 laps=16 crashes=0 avg_out=170.3s avg_ret=148.3s avg_lap=330.7s best_lap=315.4
t=6994.0 route=8 laps=16 crashes=0 avg_out=173.7s avg_ret=178.7s avg_lap=364.5s best_lap=351.4
t=6994.0 TOTAL laps=126 crashes=1
t=6994.1 TUNER gen=1 results=63/64 pending=1 active=1 remaining=1 next_trial=129 rounds=[8,8,8,8,8,8,8,8]
t=6998.3 LAUNCH_BLOCKED reason=tuner_capacity_full active=1 stored=1 no_active_s=0.0 state=IDLE tractor_cleanup=false elevator_transfer=false deck=Aircraft_10_nav_r4_128 pending=none clearance=none queue=0
t=7013.3 LAUNCH_BLOCKED reason=tuner_capacity_full active=1 stored=1 no_active_s=0.0 state=IDLE tractor_cleanup=false elevator_transfer=false deck=Aircraft_10_nav_r4_128 pending=none clearance=none queue=0
t=7024.0 ==== SUMMARY t=7024.0 ====
t=7024.0 route=1 laps=16 crashes=0 avg_out=149.8s avg_ret=163.5s avg_lap=325.2s best_lap=316.3
t=7024.0 route=2 laps=15 crashes=1 avg_out=183.1s avg_ret=245.7s avg_lap=442.5s best_lap=430.1
t=7024.0 route=3 laps=16 crashes=0 avg_out=216.3s avg_ret=260.6s avg_lap=488.9s best_lap=447.7
t=7024.0 route=4 laps=16 crashes=0 avg_out=173.4s avg_ret=155.3s avg_lap=340.8s best_lap=332.8
t=7024.0 route=5 laps=15 crashes=0 avg_out=253.8s avg_ret=232.4s avg_lap=498.3s best_lap=486.0
t=7024.0 route=6 laps=16 crashes=0 avg_out=144.9s avg_ret=143.1s avg_lap=300.1s best_lap=273.6
t=7024.0 route=7 laps=16 crashes=0 avg_out=170.3s avg_ret=148.3s avg_lap=330.7s best_lap=315.4
t=7024.0 route=8 laps=16 crashes=0 avg_out=173.7s avg_ret=178.7s avg_lap=364.5s best_lap=351.4
t=7024.0 TOTAL laps=126 crashes=1
t=7024.0 TUNER gen=1 results=63/64 pending=1 active=1 remaining=1 next_trial=129 rounds=[8,8,8,8,8,8,8,8]
t=7028.4 LAUNCH_BLOCKED reason=tuner_capacity_full active=1 stored=1 no_active_s=0.0 state=IDLE tractor_cleanup=false elevator_transfer=false deck=Aircraft_10_nav_r4_128 pending=none clearance=none queue=0
t=7043.4 LAUNCH_BLOCKED reason=tuner_capacity_full active=1 stored=1 no_active_s=0.0 state=IDLE tractor_cleanup=false elevator_transfer=false deck=Aircraft_10_nav_r4_128 pending=none clearance=none queue=0
t=7054.0 ==== SUMMARY t=7054.0 ====
t=7054.0 route=1 laps=16 crashes=0 avg_out=149.8s avg_ret=163.5s avg_lap=325.2s best_lap=316.3
t=7054.0 route=2 laps=15 crashes=1 avg_out=183.1s avg_ret=245.7s avg_lap=442.5s best_lap=430.1
t=7054.0 route=3 laps=16 crashes=0 avg_out=216.3s avg_ret=260.6s avg_lap=488.9s best_lap=447.7
t=7054.0 route=4 laps=16 crashes=0 avg_out=173.4s avg_ret=155.3s avg_lap=340.8s best_lap=332.8
t=7054.0 route=5 laps=15 crashes=0 avg_out=253.8s avg_ret=232.4s avg_lap=498.3s best_lap=486.0
t=7054.0 route=6 laps=16 crashes=0 avg_out=144.9s avg_ret=143.1s avg_lap=300.1s best_lap=273.6
t=7054.0 route=7 laps=16 crashes=0 avg_out=170.3s avg_ret=148.3s avg_lap=330.7s best_lap=315.4
t=7054.0 route=8 laps=16 crashes=0 avg_out=173.7s avg_ret=178.7s avg_lap=364.5s best_lap=351.4
t=7054.1 TOTAL laps=126 crashes=1
t=7054.1 TUNER gen=1 results=63/64 pending=1 active=1 remaining=1 next_trial=129 rounds=[8,8,8,8,8,8,8,8]
t=7058.5 LAUNCH_BLOCKED reason=tuner_capacity_full active=1 stored=1 no_active_s=0.0 state=IDLE tractor_cleanup=false elevator_transfer=false deck=Aircraft_10_nav_r4_128 pending=none clearance=none queue=0
t=7073.5 LAUNCH_BLOCKED reason=tuner_capacity_full active=1 stored=1 no_active_s=0.0 state=IDLE tractor_cleanup=false elevator_transfer=false deck=Aircraft_10_nav_r4_128 pending=none clearance=none queue=0
t=7084.0 ==== SUMMARY t=7084.0 ====
t=7084.0 route=1 laps=16 crashes=0 avg_out=149.8s avg_ret=163.5s avg_lap=325.2s best_lap=316.3
t=7084.0 route=2 laps=15 crashes=1 avg_out=183.1s avg_ret=245.7s avg_lap=442.5s best_lap=430.1
t=7084.0 route=3 laps=16 crashes=0 avg_out=216.3s avg_ret=260.6s avg_lap=488.9s best_lap=447.7
t=7084.1 route=4 laps=16 crashes=0 avg_out=173.4s avg_ret=155.3s avg_lap=340.8s best_lap=332.8
t=7084.1 route=5 laps=15 crashes=0 avg_out=253.8s avg_ret=232.4s avg_lap=498.3s best_lap=486.0
t=7084.1 route=6 laps=16 crashes=0 avg_out=144.9s avg_ret=143.1s avg_lap=300.1s best_lap=273.6
t=7084.1 route=7 laps=16 crashes=0 avg_out=170.3s avg_ret=148.3s avg_lap=330.7s best_lap=315.4
t=7084.1 route=8 laps=16 crashes=0 avg_out=173.7s avg_ret=178.7s avg_lap=364.5s best_lap=351.4
t=7084.1 TOTAL laps=126 crashes=1
t=7084.1 TUNER gen=1 results=63/64 pending=1 active=1 remaining=1 next_trial=129 rounds=[8,8,8,8,8,8,8,8]
t=7088.6 LAUNCH_BLOCKED reason=tuner_capacity_full active=1 stored=1 no_active_s=0.0 state=IDLE tractor_cleanup=false elevator_transfer=false deck=Aircraft_10_nav_r4_128 pending=none clearance=none queue=0
t=7103.6 LAUNCH_BLOCKED reason=tuner_capacity_full active=1 stored=1 no_active_s=0.0 state=IDLE tractor_cleanup=false elevator_transfer=false deck=Aircraft_10_nav_r4_128 pending=none clearance=none queue=0
t=7114.1 ==== SUMMARY t=7114.1 ====
t=7114.1 route=1 laps=16 crashes=0 avg_out=149.8s avg_ret=163.5s avg_lap=325.2s best_lap=316.3
t=7114.1 route=2 laps=15 crashes=1 avg_out=183.1s avg_ret=245.7s avg_lap=442.5s best_lap=430.1
t=7114.1 route=3 laps=16 crashes=0 avg_out=216.3s avg_ret=260.6s avg_lap=488.9s best_lap=447.7
t=7114.1 route=4 laps=16 crashes=0 avg_out=173.4s avg_ret=155.3s avg_lap=340.8s best_lap=332.8
t=7114.1 route=5 laps=15 crashes=0 avg_out=253.8s avg_ret=232.4s avg_lap=498.3s best_lap=486.0
t=7114.1 route=6 laps=16 crashes=0 avg_out=144.9s avg_ret=143.1s avg_lap=300.1s best_lap=273.6
t=7114.1 route=7 laps=16 crashes=0 avg_out=170.3s avg_ret=148.3s avg_lap=330.7s best_lap=315.4
t=7114.1 route=8 laps=16 crashes=0 avg_out=173.7s avg_ret=178.7s avg_lap=364.5s best_lap=351.4
t=7114.1 TOTAL laps=126 crashes=1
t=7114.1 TUNER gen=1 results=63/64 pending=1 active=1 remaining=1 next_trial=129 rounds=[8,8,8,8,8,8,8,8]
t=7118.7 LAUNCH_BLOCKED reason=tuner_capacity_full active=1 stored=1 no_active_s=0.0 state=IDLE tractor_cleanup=false elevator_transfer=false deck=Aircraft_10_nav_r4_128 pending=none clearance=none queue=0
t=7119.5 LAP_CAPTURE craft=Aircraft_10_nav_r4_128 route=5 return=233.4s lap=497.4s carrier_dist=200m t=7119.4
t=7119.5 IDLE_TUNER_WAIT gen=2 results=0/64 remaining=64 active_nav=0 stored=1 state=IDLE next_trial=129
t=7133.7 LAUNCH_BLOCKED reason=deck_busy active=1 stored=7 no_active_s=0.0 state=AIRCRAFT_ON_DECK tractor_cleanup=false elevator_transfer=true deck=Aircraft_10_nav_r1_129 pending=none clearance=none queue=0
t=7138.9 SPAWN craft=Aircraft_10_nav_r1_129 route=1 candidate=1 trial=129 t=7138.9
t=7144.1 ==== SUMMARY t=7144.1 ====
t=7144.1 route=1 laps=16 crashes=0 avg_out=149.8s avg_ret=163.5s avg_lap=325.2s best_lap=316.3
t=7144.1 route=2 laps=15 crashes=1 avg_out=183.1s avg_ret=245.7s avg_lap=442.5s best_lap=430.1
t=7144.1 route=3 laps=16 crashes=0 avg_out=216.3s avg_ret=260.6s avg_lap=488.9s best_lap=447.7
t=7144.1 route=4 laps=16 crashes=0 avg_out=173.4s avg_ret=155.3s avg_lap=340.8s best_lap=332.8
t=7144.1 route=5 laps=16 crashes=0 avg_out=253.8s avg_ret=232.5s avg_lap=498.3s best_lap=486.0
t=7144.1 route=6 laps=16 crashes=0 avg_out=144.9s avg_ret=143.1s avg_lap=300.1s best_lap=273.6
t=7144.1 route=7 laps=16 crashes=0 avg_out=170.3s avg_ret=148.3s avg_lap=330.7s best_lap=315.4
t=7144.1 route=8 laps=16 crashes=0 avg_out=173.7s avg_ret=178.7s avg_lap=364.5s best_lap=351.4
t=7144.1 TOTAL laps=127 crashes=1
t=7144.1 TUNER gen=2 results=0/64 pending=1 active=1 remaining=64 next_trial=130 rounds=[1,0,0,0,0,0,0,0]
t=7148.8 LAUNCH_BLOCKED reason=deck_busy active=2 stored=6 no_active_s=0.0 state=RETRIEVING_FROM_HANGAR tractor_cleanup=false elevator_transfer=false deck=Aircraft_10_nav_r2_130 pending=none clearance=none queue=0
t=7159.0 SPAWN craft=Aircraft_10_nav_r2_130 route=2 candidate=2 trial=130 t=7159.0
t=7163.8 LAUNCH_BLOCKED reason=cleared_unready_nav_deck_aircraft active=2 stored=6 no_active_s=0.0 state=IDLE tractor_cleanup=false elevator_transfer=false deck=Aircraft_10_nav_r2_130 pending=none clearance=none queue=0
t=7174.1 ==== SUMMARY t=7174.1 ====
t=7174.1 route=1 laps=16 crashes=0 avg_out=149.8s avg_ret=163.5s avg_lap=325.2s best_lap=316.3
t=7174.1 route=2 laps=15 crashes=1 avg_out=183.1s avg_ret=245.7s avg_lap=442.5s best_lap=430.1
t=7174.1 route=3 laps=16 crashes=0 avg_out=216.3s avg_ret=260.6s avg_lap=488.9s best_lap=447.7
t=7174.1 route=4 laps=16 crashes=0 avg_out=173.4s avg_ret=155.3s avg_lap=340.8s best_lap=332.8
t=7174.1 route=5 laps=16 crashes=0 avg_out=253.8s avg_ret=232.5s avg_lap=498.3s best_lap=486.0
t=7174.1 route=6 laps=16 crashes=0 avg_out=144.9s avg_ret=143.1s avg_lap=300.1s best_lap=273.6
t=7174.2 route=7 laps=16 crashes=0 avg_out=170.3s avg_ret=148.3s avg_lap=330.7s best_lap=315.4
t=7174.2 route=8 laps=16 crashes=0 avg_out=173.7s avg_ret=178.7s avg_lap=364.5s best_lap=351.4
t=7174.2 TOTAL laps=127 crashes=1
t=7174.2 TUNER gen=2 results=0/64 pending=3 active=3 remaining=64 next_trial=132 rounds=[1,1,1,0,0,0,0,0]
t=7178.9 LAUNCH_BLOCKED reason=deck_busy active=3 stored=5 no_active_s=0.0 state=AIRCRAFT_ON_DECK tractor_cleanup=false elevator_transfer=false deck=Aircraft_10_nav_r3_131 pending=none clearance=none queue=0
t=7179.1 SPAWN craft=Aircraft_10_nav_r3_131 route=3 candidate=3 trial=131 t=7179.1
t=7194.0 LAUNCH_BLOCKED reason=deck_busy active=4 stored=4 no_active_s=0.0 state=AIRCRAFT_ON_DECK tractor_cleanup=false elevator_transfer=true deck=Aircraft_10_nav_r4_132 pending=none clearance=none queue=0
t=7199.2 SPAWN craft=Aircraft_10_nav_r4_132 route=4 candidate=4 trial=132 t=7199.2
t=7204.2 ==== SUMMARY t=7204.2 ====
t=7204.2 route=1 laps=16 crashes=0 avg_out=149.8s avg_ret=163.5s avg_lap=325.2s best_lap=316.3
t=7204.2 route=2 laps=15 crashes=1 avg_out=183.1s avg_ret=245.7s avg_lap=442.5s best_lap=430.1
t=7204.2 route=3 laps=16 crashes=0 avg_out=216.3s avg_ret=260.6s avg_lap=488.9s best_lap=447.7
t=7204.2 route=4 laps=16 crashes=0 avg_out=173.4s avg_ret=155.3s avg_lap=340.8s best_lap=332.8
t=7204.2 route=5 laps=16 crashes=0 avg_out=253.8s avg_ret=232.5s avg_lap=498.3s best_lap=486.0
t=7204.2 route=6 laps=16 crashes=0 avg_out=144.9s avg_ret=143.1s avg_lap=300.1s best_lap=273.6
t=7204.2 route=7 laps=16 crashes=0 avg_out=170.3s avg_ret=148.3s avg_lap=330.7s best_lap=315.4
t=7204.2 route=8 laps=16 crashes=0 avg_out=173.7s avg_ret=178.7s avg_lap=364.5s best_lap=351.4
t=7204.2 TOTAL laps=127 crashes=1
t=7204.2 TUNER gen=2 results=0/64 pending=4 active=4 remaining=64 next_trial=133 rounds=[1,1,1,1,0,0,0,0]
t=7209.0 LAUNCH_BLOCKED reason=deck_busy active=5 stored=3 no_active_s=0.0 state=RETRIEVING_FROM_HANGAR tractor_cleanup=false elevator_transfer=false deck=Aircraft_10_nav_r5_133 pending=none clearance=none queue=0
t=7219.3 SPAWN craft=Aircraft_10_nav_r5_133 route=5 candidate=5 trial=133 t=7219.3
t=7224.1 LAUNCH_BLOCKED reason=cleared_unready_nav_deck_aircraft active=5 stored=3 no_active_s=0.0 state=IDLE tractor_cleanup=false elevator_transfer=false deck=Aircraft_10_nav_r5_133 pending=none clearance=none queue=0
t=7234.2 ==== SUMMARY t=7234.2 ====
t=7234.2 route=1 laps=16 crashes=0 avg_out=149.8s avg_ret=163.5s avg_lap=325.2s best_lap=316.3
t=7234.2 route=2 laps=15 crashes=1 avg_out=183.1s avg_ret=245.7s avg_lap=442.5s best_lap=430.1
t=7234.3 route=3 laps=16 crashes=0 avg_out=216.3s avg_ret=260.6s avg_lap=488.9s best_lap=447.7
t=7234.3 route=4 laps=16 crashes=0 avg_out=173.4s avg_ret=155.3s avg_lap=340.8s best_lap=332.8
t=7234.3 route=5 laps=16 crashes=0 avg_out=253.8s avg_ret=232.5s avg_lap=498.3s best_lap=486.0
t=7234.3 route=6 laps=16 crashes=0 avg_out=144.9s avg_ret=143.1s avg_lap=300.1s best_lap=273.6
t=7234.3 route=7 laps=16 crashes=0 avg_out=170.3s avg_ret=148.3s avg_lap=330.7s best_lap=315.4
t=7234.3 route=8 laps=16 crashes=0 avg_out=173.7s avg_ret=178.7s avg_lap=364.5s best_lap=351.4
t=7234.3 TOTAL laps=127 crashes=1
t=7234.3 TUNER gen=2 results=0/64 pending=6 active=6 remaining=64 next_trial=135 rounds=[1,1,1,1,1,1,0,0]
t=7239.2 LAUNCH_BLOCKED reason=deck_busy active=6 stored=2 no_active_s=0.0 state=AIRCRAFT_ON_DECK tractor_cleanup=false elevator_transfer=false deck=Aircraft_10_nav_r6_134 pending=none clearance=none queue=0
t=7239.4 SPAWN craft=Aircraft_10_nav_r6_134 route=6 candidate=6 trial=134 t=7239.4
t=7254.2 LAUNCH_BLOCKED reason=deck_busy active=7 stored=1 no_active_s=0.0 state=AIRCRAFT_ON_DECK tractor_cleanup=false elevator_transfer=true deck=Aircraft_10_nav_r7_135 pending=none clearance=none queue=0
t=7259.5 SPAWN craft=Aircraft_10_nav_r7_135 route=7 candidate=7 trial=135 t=7259.5
t=7264.3 ==== SUMMARY t=7264.3 ====
t=7264.3 route=1 laps=16 crashes=0 avg_out=149.8s avg_ret=163.5s avg_lap=325.2s best_lap=316.3
t=7264.3 route=2 laps=15 crashes=1 avg_out=183.1s avg_ret=245.7s avg_lap=442.5s best_lap=430.1
t=7264.3 route=3 laps=16 crashes=0 avg_out=216.3s avg_ret=260.6s avg_lap=488.9s best_lap=447.7
t=7264.3 route=4 laps=16 crashes=0 avg_out=173.4s avg_ret=155.3s avg_lap=340.8s best_lap=332.8
t=7264.3 route=5 laps=16 crashes=0 avg_out=253.8s avg_ret=232.5s avg_lap=498.3s best_lap=486.0
t=7264.3 route=6 laps=16 crashes=0 avg_out=144.9s avg_ret=143.1s avg_lap=300.1s best_lap=273.6
t=7264.3 route=7 laps=16 crashes=0 avg_out=170.3s avg_ret=148.3s avg_lap=330.7s best_lap=315.4
t=7264.3 route=8 laps=16 crashes=0 avg_out=173.7s avg_ret=178.7s avg_lap=364.5s best_lap=351.4
t=7264.3 TOTAL laps=127 crashes=1
t=7264.3 TUNER gen=2 results=0/64 pending=7 active=7 remaining=64 next_trial=136 rounds=[1,1,1,1,1,1,1,0]
t=7279.7 SPAWN craft=Aircraft_10_nav_r8_136 route=8 candidate=8 trial=136 t=7279.7
t=7284.6 LZ_REACHED craft=Aircraft_10_nav_r1_129 route=1 outbound=145.6s t=7284.6
t=7294.3 ==== SUMMARY t=7294.3 ====
t=7294.3 route=1 laps=16 crashes=0 avg_out=149.5s avg_ret=163.5s avg_lap=325.2s best_lap=316.3
t=7294.4 route=2 laps=15 crashes=1 avg_out=183.1s avg_ret=245.7s avg_lap=442.5s best_lap=430.1
t=7294.4 route=3 laps=16 crashes=0 avg_out=216.3s avg_ret=260.6s avg_lap=488.9s best_lap=447.7
t=7294.4 route=4 laps=16 crashes=0 avg_out=173.4s avg_ret=155.3s avg_lap=340.8s best_lap=332.8
t=7294.4 route=5 laps=16 crashes=0 avg_out=253.8s avg_ret=232.5s avg_lap=498.3s best_lap=486.0
t=7294.4 route=6 laps=16 crashes=0 avg_out=144.9s avg_ret=143.1s avg_lap=300.1s best_lap=273.6
t=7294.4 route=7 laps=16 crashes=0 avg_out=170.3s avg_ret=148.3s avg_lap=330.7s best_lap=315.4
t=7294.4 route=8 laps=16 crashes=0 avg_out=173.7s avg_ret=178.7s avg_lap=364.5s best_lap=351.4
t=7294.4 TOTAL laps=127 crashes=1
t=7294.4 TUNER gen=2 results=0/64 pending=8 active=8 remaining=64 next_trial=137 rounds=[1,1,1,1,1,1,1,1]
t=7324.4 ==== SUMMARY t=7324.4 ====
t=7324.4 route=1 laps=16 crashes=0 avg_out=149.5s avg_ret=163.5s avg_lap=325.2s best_lap=316.3
t=7324.4 route=2 laps=15 crashes=1 avg_out=183.1s avg_ret=245.7s avg_lap=442.5s best_lap=430.1
t=7324.4 route=3 laps=16 crashes=0 avg_out=216.3s avg_ret=260.6s avg_lap=488.9s best_lap=447.7
t=7324.4 route=4 laps=16 crashes=0 avg_out=173.4s avg_ret=155.3s avg_lap=340.8s best_lap=332.8
t=7324.4 route=5 laps=16 crashes=0 avg_out=253.8s avg_ret=232.5s avg_lap=498.3s best_lap=486.0
t=7324.4 route=6 laps=16 crashes=0 avg_out=144.9s avg_ret=143.1s avg_lap=300.1s best_lap=273.6
t=7324.4 route=7 laps=16 crashes=0 avg_out=170.3s avg_ret=148.3s avg_lap=330.7s best_lap=315.4
t=7324.4 route=8 laps=16 crashes=0 avg_out=173.7s avg_ret=178.7s avg_lap=364.5s best_lap=351.4
t=7324.4 TOTAL laps=127 crashes=1
t=7324.4 TUNER gen=2 results=0/64 pending=8 active=8 remaining=64 next_trial=137 rounds=[1,1,1,1,1,1,1,1]
t=7340.2 LZ_REACHED craft=Aircraft_10_nav_r2_130 route=2 outbound=181.1s t=7340.2
t=7354.4 ==== SUMMARY t=7354.4 ====
t=7354.5 route=1 laps=16 crashes=0 avg_out=149.5s avg_ret=163.5s avg_lap=325.2s best_lap=316.3
t=7354.5 route=2 laps=15 crashes=1 avg_out=183.0s avg_ret=245.7s avg_lap=442.5s best_lap=430.1
t=7354.5 route=3 laps=16 crashes=0 avg_out=216.3s avg_ret=260.6s avg_lap=488.9s best_lap=447.7
t=7354.5 route=4 laps=16 crashes=0 avg_out=173.4s avg_ret=155.3s avg_lap=340.8s best_lap=332.8
t=7354.5 route=5 laps=16 crashes=0 avg_out=253.8s avg_ret=232.5s avg_lap=498.3s best_lap=486.0
t=7354.5 route=6 laps=16 crashes=0 avg_out=144.9s avg_ret=143.1s avg_lap=300.1s best_lap=273.6
t=7354.5 route=7 laps=16 crashes=0 avg_out=170.3s avg_ret=148.3s avg_lap=330.7s best_lap=315.4
t=7354.5 route=8 laps=16 crashes=0 avg_out=173.7s avg_ret=178.7s avg_lap=364.5s best_lap=351.4
t=7354.5 TOTAL laps=127 crashes=1
t=7354.5 TUNER gen=2 results=0/64 pending=8 active=8 remaining=64 next_trial=137 rounds=[1,1,1,1,1,1,1,1]
t=7370.4 LZ_REACHED craft=Aircraft_10_nav_r4_132 route=4 outbound=171.2s t=7370.4
t=7384.4 ==== SUMMARY t=7384.4 ====
t=7384.5 route=1 laps=16 crashes=0 avg_out=149.5s avg_ret=163.5s avg_lap=325.2s best_lap=316.3
t=7384.5 route=2 laps=15 crashes=1 avg_out=183.0s avg_ret=245.7s avg_lap=442.5s best_lap=430.1
t=7384.5 route=3 laps=16 crashes=0 avg_out=216.3s avg_ret=260.6s avg_lap=488.9s best_lap=447.7
t=7384.5 route=4 laps=16 crashes=0 avg_out=173.3s avg_ret=155.3s avg_lap=340.8s best_lap=332.8
t=7384.5 route=5 laps=16 crashes=0 avg_out=253.8s avg_ret=232.5s avg_lap=498.3s best_lap=486.0
t=7384.5 route=6 laps=16 crashes=0 avg_out=144.9s avg_ret=143.1s avg_lap=300.1s best_lap=273.6
t=7384.5 route=7 laps=16 crashes=0 avg_out=170.3s avg_ret=148.3s avg_lap=330.7s best_lap=315.4
t=7384.5 route=8 laps=16 crashes=0 avg_out=173.7s avg_ret=178.7s avg_lap=364.5s best_lap=351.4
t=7384.5 TOTAL laps=127 crashes=1
t=7384.5 TUNER gen=2 results=0/64 pending=8 active=8 remaining=64 next_trial=137 rounds=[1,1,1,1,1,1,1,1]
t=7390.8 LZ_REACHED craft=Aircraft_10_nav_r6_134 route=6 outbound=151.4s t=7390.8
t=7394.3 LZ_REACHED craft=Aircraft_10_nav_r3_131 route=3 outbound=215.2s t=7394.3
t=7414.6 ==== SUMMARY t=7414.6 ====
t=7414.6 route=1 laps=16 crashes=0 avg_out=149.5s avg_ret=163.5s avg_lap=325.2s best_lap=316.3
t=7414.6 route=2 laps=15 crashes=1 avg_out=183.0s avg_ret=245.7s avg_lap=442.5s best_lap=430.1
t=7414.6 route=3 laps=16 crashes=0 avg_out=216.2s avg_ret=260.6s avg_lap=488.9s best_lap=447.7
t=7414.6 route=4 laps=16 crashes=0 avg_out=173.3s avg_ret=155.3s avg_lap=340.8s best_lap=332.8
t=7414.6 route=5 laps=16 crashes=0 avg_out=253.8s avg_ret=232.5s avg_lap=498.3s best_lap=486.0
t=7414.6 route=6 laps=16 crashes=0 avg_out=145.3s avg_ret=143.1s avg_lap=300.1s best_lap=273.6
t=7414.6 route=7 laps=16 crashes=0 avg_out=170.3s avg_ret=148.3s avg_lap=330.7s best_lap=315.4
t=7414.6 route=8 laps=16 crashes=0 avg_out=173.7s avg_ret=178.7s avg_lap=364.5s best_lap=351.4
t=7414.7 TOTAL laps=127 crashes=1
t=7414.7 TUNER gen=2 results=0/64 pending=8 active=8 remaining=64 next_trial=137 rounds=[1,1,1,1,1,1,1,1]
t=7426.5 LZ_REACHED craft=Aircraft_10_nav_r7_135 route=7 outbound=167.0s t=7426.5
t=7444.6 ==== SUMMARY t=7444.6 ====
t=7444.6 route=1 laps=16 crashes=0 avg_out=149.5s avg_ret=163.5s avg_lap=325.2s best_lap=316.3
t=7444.6 route=2 laps=15 crashes=1 avg_out=183.0s avg_ret=245.7s avg_lap=442.5s best_lap=430.1
t=7444.6 route=3 laps=16 crashes=0 avg_out=216.2s avg_ret=260.6s avg_lap=488.9s best_lap=447.7
t=7444.6 route=4 laps=16 crashes=0 avg_out=173.3s avg_ret=155.3s avg_lap=340.8s best_lap=332.8
t=7444.6 route=5 laps=16 crashes=0 avg_out=253.8s avg_ret=232.5s avg_lap=498.3s best_lap=486.0
t=7444.7 route=6 laps=16 crashes=0 avg_out=145.3s avg_ret=143.1s avg_lap=300.1s best_lap=273.6
t=7444.7 route=7 laps=16 crashes=0 avg_out=170.1s avg_ret=148.3s avg_lap=330.7s best_lap=315.4
t=7444.7 route=8 laps=16 crashes=0 avg_out=173.7s avg_ret=178.7s avg_lap=364.5s best_lap=351.4
t=7444.7 TOTAL laps=127 crashes=1
t=7444.7 TUNER gen=2 results=0/64 pending=8 active=8 remaining=64 next_trial=137 rounds=[1,1,1,1,1,1,1,1]
t=7453.7 LZ_REACHED craft=Aircraft_10_nav_r8_136 route=8 outbound=174.1s t=7453.7
t=7458.6 LAP_CAPTURE craft=Aircraft_10_nav_r1_129 route=1 return=162.0s lap=319.7s carrier_dist=200m t=7458.6
t=7473.1 LZ_REACHED craft=Aircraft_10_nav_r5_133 route=5 outbound=253.8s t=7473.1
t=7474.6 ==== SUMMARY t=7474.6 ====
t=7474.6 route=1 laps=17 crashes=0 avg_out=149.5s avg_ret=163.4s avg_lap=324.9s best_lap=316.3
t=7474.7 route=2 laps=15 crashes=1 avg_out=183.0s avg_ret=245.7s avg_lap=442.5s best_lap=430.1
t=7474.7 route=3 laps=16 crashes=0 avg_out=216.2s avg_ret=260.6s avg_lap=488.9s best_lap=447.7
t=7474.7 route=4 laps=16 crashes=0 avg_out=173.3s avg_ret=155.3s avg_lap=340.8s best_lap=332.8
t=7474.7 route=5 laps=16 crashes=0 avg_out=253.8s avg_ret=232.5s avg_lap=498.3s best_lap=486.0
t=7474.7 route=6 laps=16 crashes=0 avg_out=145.3s avg_ret=143.1s avg_lap=300.1s best_lap=273.6
t=7474.7 route=7 laps=16 crashes=0 avg_out=170.1s avg_ret=148.3s avg_lap=330.7s best_lap=315.4
t=7474.7 route=8 laps=16 crashes=0 avg_out=173.8s avg_ret=178.7s avg_lap=364.5s best_lap=351.4
t=7474.7 TOTAL laps=128 crashes=1
t=7474.7 TUNER gen=2 results=1/64 pending=8 active=8 remaining=63 next_trial=138 rounds=[2,1,1,1,1,1,1,1]
t=7475.5 SPAWN craft=Aircraft_10_nav_r1_137 route=1 candidate=2 trial=137 t=7475.5
t=7504.8 ==== SUMMARY t=7504.8 ====
t=7504.8 route=1 laps=17 crashes=0 avg_out=149.5s avg_ret=163.4s avg_lap=324.9s best_lap=316.3
t=7504.8 route=2 laps=15 crashes=1 avg_out=183.0s avg_ret=245.7s avg_lap=442.5s best_lap=430.1
t=7504.8 route=3 laps=16 crashes=0 avg_out=216.2s avg_ret=260.6s avg_lap=488.9s best_lap=447.7
t=7504.8 route=4 laps=16 crashes=0 avg_out=173.3s avg_ret=155.3s avg_lap=340.8s best_lap=332.8
t=7504.8 route=5 laps=16 crashes=0 avg_out=253.8s avg_ret=232.5s avg_lap=498.3s best_lap=486.0
t=7504.8 route=6 laps=16 crashes=0 avg_out=145.3s avg_ret=143.1s avg_lap=300.1s best_lap=273.6
t=7504.8 route=7 laps=16 crashes=0 avg_out=170.1s avg_ret=148.3s avg_lap=330.7s best_lap=315.4
t=7504.8 route=8 laps=16 crashes=0 avg_out=173.8s avg_ret=178.7s avg_lap=364.5s best_lap=351.4
t=7504.8 TOTAL laps=128 crashes=1
t=7504.8 TUNER gen=2 results=1/64 pending=8 active=8 remaining=63 next_trial=138 rounds=[2,1,1,1,1,1,1,1]
t=7534.8 ==== SUMMARY t=7534.8 ====
t=7534.8 route=1 laps=17 crashes=0 avg_out=149.5s avg_ret=163.4s avg_lap=324.9s best_lap=316.3
t=7534.8 route=2 laps=15 crashes=1 avg_out=183.0s avg_ret=245.7s avg_lap=442.5s best_lap=430.1
t=7534.8 route=3 laps=16 crashes=0 avg_out=216.2s avg_ret=260.6s avg_lap=488.9s best_lap=447.7
t=7534.8 route=4 laps=16 crashes=0 avg_out=173.3s avg_ret=155.3s avg_lap=340.8s best_lap=332.8
t=7534.8 route=5 laps=16 crashes=0 avg_out=253.8s avg_ret=232.5s avg_lap=498.3s best_lap=486.0
t=7534.8 route=6 laps=16 crashes=0 avg_out=145.3s avg_ret=143.1s avg_lap=300.1s best_lap=273.6
t=7534.8 route=7 laps=16 crashes=0 avg_out=170.1s avg_ret=148.3s avg_lap=330.7s best_lap=315.4
t=7534.8 route=8 laps=16 crashes=0 avg_out=173.8s avg_ret=178.7s avg_lap=364.5s best_lap=351.4
t=7534.8 TOTAL laps=128 crashes=1
t=7534.8 TUNER gen=2 results=1/64 pending=8 active=8 remaining=63 next_trial=138 rounds=[2,1,1,1,1,1,1,1]
t=7545.9 LAP_CAPTURE craft=Aircraft_10_nav_r4_132 route=4 return=163.4s lap=346.6s carrier_dist=200m t=7545.9
t=7546.1 LAP_CAPTURE craft=Aircraft_10_nav_r6_134 route=6 return=143.3s lap=306.7s carrier_dist=200m t=7546.1
t=7555.6 LAUNCH_BLOCKED reason=deck_busy active=7 stored=1 no_active_s=0.0 state=RETRIEVING_FROM_HANGAR tractor_cleanup=false elevator_transfer=false deck=Aircraft_10_nav_r4_138 pending=none clearance=none queue=0
t=7564.8 ==== SUMMARY t=7564.8 ====
t=7564.8 route=1 laps=17 crashes=0 avg_out=149.5s avg_ret=163.4s avg_lap=324.9s best_lap=316.3
t=7564.9 route=2 laps=15 crashes=1 avg_out=183.0s avg_ret=245.7s avg_lap=442.5s best_lap=430.1
t=7564.9 route=3 laps=16 crashes=0 avg_out=216.2s avg_ret=260.6s avg_lap=488.9s best_lap=447.7
t=7564.9 route=4 laps=17 crashes=0 avg_out=173.3s avg_ret=155.8s avg_lap=341.1s best_lap=332.8
t=7564.9 route=5 laps=16 crashes=0 avg_out=253.8s avg_ret=232.5s avg_lap=498.3s best_lap=486.0
t=7564.9 route=6 laps=17 crashes=0 avg_out=145.3s avg_ret=143.1s avg_lap=300.5s best_lap=273.6
t=7564.9 route=7 laps=16 crashes=0 avg_out=170.1s avg_ret=148.3s avg_lap=330.7s best_lap=315.4
t=7564.9 route=8 laps=16 crashes=0 avg_out=173.8s avg_ret=178.7s avg_lap=364.5s best_lap=351.4
t=7564.9 TOTAL laps=130 crashes=1
t=7564.9 TUNER gen=2 results=3/64 pending=7 active=7 remaining=61 next_trial=139 rounds=[2,1,1,2,1,1,1,1]
t=7565.9 SPAWN craft=Aircraft_10_nav_r4_138 route=4 candidate=5 trial=138 t=7565.9
t=7570.7 LAUNCH_BLOCKED reason=cleared_unready_nav_deck_aircraft active=7 stored=1 no_active_s=0.0 state=IDLE tractor_cleanup=false elevator_transfer=false deck=Aircraft_10_nav_r4_138 pending=none clearance=none queue=0
t=7586.0 SPAWN craft=Aircraft_10_nav_r6_139 route=6 candidate=7 trial=139 t=7586.0
t=7586.5 LAP_CAPTURE craft=Aircraft_10_nav_r7_135 route=7 return=148.0s lap=327.0s carrier_dist=200m t=7586.5
t=7590.6 LAP_CAPTURE craft=Aircraft_10_nav_r2_130 route=2 return=238.5s lap=431.6s carrier_dist=200m t=7590.6
t=7594.9 ==== SUMMARY t=7594.9 ====
t=7594.9 route=1 laps=17 crashes=0 avg_out=149.5s avg_ret=163.4s avg_lap=324.9s best_lap=316.3
t=7594.9 route=2 laps=16 crashes=1 avg_out=183.0s avg_ret=245.3s avg_lap=441.8s best_lap=430.1
t=7594.9 route=3 laps=16 crashes=0 avg_out=216.2s avg_ret=260.6s avg_lap=488.9s best_lap=447.7
t=7594.9 route=4 laps=17 crashes=0 avg_out=173.3s avg_ret=155.8s avg_lap=341.1s best_lap=332.8
t=7594.9 route=5 laps=16 crashes=0 avg_out=253.8s avg_ret=232.5s avg_lap=498.3s best_lap=486.0
t=7594.9 route=6 laps=17 crashes=0 avg_out=145.3s avg_ret=143.1s avg_lap=300.5s best_lap=273.6
t=7594.9 route=7 laps=17 crashes=0 avg_out=170.1s avg_ret=148.3s avg_lap=330.5s best_lap=315.4
t=7595.0 route=8 laps=16 crashes=0 avg_out=173.8s avg_ret=178.7s avg_lap=364.5s best_lap=351.4
t=7595.0 TOTAL laps=132 crashes=1
t=7595.0 TUNER gen=2 results=5/64 pending=6 active=6 remaining=59 next_trial=140 rounds=[2,1,1,2,1,2,1,1]
t=7595.9 LAUNCH_BLOCKED reason=deck_busy active=7 stored=1 no_active_s=0.0 state=RETRIEVING_FROM_HANGAR tractor_cleanup=false elevator_transfer=false deck=Aircraft_10_nav_r2_140 pending=none clearance=none queue=0
t=7606.1 SPAWN craft=Aircraft_10_nav_r2_140 route=2 candidate=3 trial=140 t=7606.1
t=7610.9 LAUNCH_BLOCKED reason=cleared_unready_nav_deck_aircraft active=7 stored=1 no_active_s=0.0 state=IDLE tractor_cleanup=false elevator_transfer=false deck=Aircraft_10_nav_r2_140 pending=none clearance=none queue=0
t=7625.0 ==== SUMMARY t=7625.0 ====
t=7625.0 route=1 laps=17 crashes=0 avg_out=149.5s avg_ret=163.4s avg_lap=324.9s best_lap=316.3
t=7625.0 route=2 laps=16 crashes=1 avg_out=183.0s avg_ret=245.3s avg_lap=441.8s best_lap=430.1
t=7625.0 route=3 laps=16 crashes=0 avg_out=216.2s avg_ret=260.6s avg_lap=488.9s best_lap=447.7
t=7625.0 route=4 laps=17 crashes=0 avg_out=173.3s avg_ret=155.8s avg_lap=341.1s best_lap=332.8
t=7625.0 route=5 laps=16 crashes=0 avg_out=253.8s avg_ret=232.5s avg_lap=498.3s best_lap=486.0
t=7625.0 route=6 laps=17 crashes=0 avg_out=145.3s avg_ret=143.1s avg_lap=300.5s best_lap=273.6
t=7625.0 route=7 laps=17 crashes=0 avg_out=170.1s avg_ret=148.3s avg_lap=330.5s best_lap=315.4
t=7625.0 route=8 laps=16 crashes=0 avg_out=173.8s avg_ret=178.7s avg_lap=364.5s best_lap=351.4
t=7625.0 TOTAL laps=132 crashes=1
t=7625.0 TUNER gen=2 results=5/64 pending=8 active=8 remaining=59 next_trial=142 rounds=[2,2,1,2,1,2,2,1]
t=7626.3 SPAWN craft=Aircraft_10_nav_r7_141 route=7 candidate=8 trial=141 t=7626.3
t=7632.0 LZ_REACHED craft=Aircraft_10_nav_r1_137 route=1 outbound=156.5s t=7632.0
t=7652.9 LAP_CAPTURE craft=Aircraft_10_nav_r8_136 route=8 return=187.2s lap=373.2s carrier_dist=200m t=7652.9
t=7655.0 ==== SUMMARY t=7655.0 ====
t=7655.0 route=1 laps=17 crashes=0 avg_out=149.9s avg_ret=163.4s avg_lap=324.9s best_lap=316.3
t=7655.0 route=2 laps=16 crashes=1 avg_out=183.0s avg_ret=245.3s avg_lap=441.8s best_lap=430.1
t=7655.0 route=3 laps=16 crashes=0 avg_out=216.2s avg_ret=260.6s avg_lap=488.9s best_lap=447.7
t=7655.0 route=4 laps=17 crashes=0 avg_out=173.3s avg_ret=155.8s avg_lap=341.1s best_lap=332.8
t=7655.0 route=5 laps=16 crashes=0 avg_out=253.8s avg_ret=232.5s avg_lap=498.3s best_lap=486.0
t=7655.0 route=6 laps=17 crashes=0 avg_out=145.3s avg_ret=143.1s avg_lap=300.5s best_lap=273.6
t=7655.0 route=7 laps=17 crashes=0 avg_out=170.1s avg_ret=148.3s avg_lap=330.5s best_lap=315.4
t=7655.0 route=8 laps=17 crashes=0 avg_out=173.8s avg_ret=179.2s avg_lap=365.0s best_lap=351.4
t=7655.0 TOTAL laps=133 crashes=1
t=7655.0 TUNER gen=2 results=6/64 pending=7 active=7 remaining=58 next_trial=142 rounds=[2,2,1,2,1,2,2,1]
t=7671.5 SPAWN craft=Aircraft_10_nav_r8_142 route=8 candidate=1 trial=142 t=7671.5
t=7685.1 ==== SUMMARY t=7685.1 ====
t=7685.1 route=1 laps=17 crashes=0 avg_out=149.9s avg_ret=163.4s avg_lap=324.9s best_lap=316.3
t=7685.1 route=2 laps=16 crashes=1 avg_out=183.0s avg_ret=245.3s avg_lap=441.8s best_lap=430.1
t=7685.1 route=3 laps=16 crashes=0 avg_out=216.2s avg_ret=260.6s avg_lap=488.9s best_lap=447.7
t=7685.1 route=4 laps=17 crashes=0 avg_out=173.3s avg_ret=155.8s avg_lap=341.1s best_lap=332.8
t=7685.2 route=5 laps=16 crashes=0 avg_out=253.8s avg_ret=232.5s avg_lap=498.3s best_lap=486.0
t=7685.2 route=6 laps=17 crashes=0 avg_out=145.3s avg_ret=143.1s avg_lap=300.5s best_lap=273.6
t=7685.2 route=7 laps=17 crashes=0 avg_out=170.1s avg_ret=148.3s avg_lap=330.5s best_lap=315.4
t=7685.2 route=8 laps=17 crashes=0 avg_out=173.8s avg_ret=179.2s avg_lap=365.0s best_lap=351.4
t=7685.2 TOTAL laps=133 crashes=1
t=7685.2 TUNER gen=2 results=6/64 pending=8 active=8 remaining=58 next_trial=143 rounds=[2,2,1,2,1,2,2,2]
t=7689.3 LAP_CAPTURE craft=Aircraft_10_nav_r3_131 route=3 return=283.0s lap=510.2s carrier_dist=200m t=7689.3
t=7706.6 SPAWN craft=Aircraft_10_nav_r3_143 route=3 candidate=4 trial=143 t=7706.6
t=7715.2 ==== SUMMARY t=7715.2 ====
t=7715.2 route=1 laps=17 crashes=0 avg_out=149.9s avg_ret=163.4s avg_lap=324.9s best_lap=316.3
t=7715.2 route=2 laps=16 crashes=1 avg_out=183.0s avg_ret=245.3s avg_lap=441.8s best_lap=430.1
t=7715.2 route=3 laps=17 crashes=0 avg_out=216.2s avg_ret=261.9s avg_lap=490.2s best_lap=447.7
t=7715.2 route=4 laps=17 crashes=0 avg_out=173.3s avg_ret=155.8s avg_lap=341.1s best_lap=332.8
t=7715.2 route=5 laps=16 crashes=0 avg_out=253.8s avg_ret=232.5s avg_lap=498.3s best_lap=486.0
t=7715.2 route=6 laps=17 crashes=0 avg_out=145.3s avg_ret=143.1s avg_lap=300.5s best_lap=273.6
t=7715.2 route=7 laps=17 crashes=0 avg_out=170.1s avg_ret=148.3s avg_lap=330.5s best_lap=315.4
t=7715.2 route=8 laps=17 crashes=0 avg_out=173.8s avg_ret=179.2s avg_lap=365.0s best_lap=351.4
t=7715.2 TOTAL laps=134 crashes=1
t=7715.2 TUNER gen=2 results=7/64 pending=8 active=8 remaining=57 next_trial=144 rounds=[2,2,2,2,1,2,2,2]
t=7721.8 LAP_CAPTURE craft=Aircraft_10_nav_r5_133 route=5 return=236.8s lap=502.5s carrier_dist=200m t=7721.8
t=7732.7 LZ_REACHED craft=Aircraft_10_nav_r6_139 route=6 outbound=146.7s t=7732.7
t=7738.3 LZ_REACHED craft=Aircraft_10_nav_r4_138 route=4 outbound=172.4s t=7738.3
t=7741.9 SPAWN craft=Aircraft_10_nav_r5_144 route=5 candidate=6 trial=144 t=7741.8
t=7745.2 ==== SUMMARY t=7745.2 ====
t=7745.3 route=1 laps=17 crashes=0 avg_out=149.9s avg_ret=163.4s avg_lap=324.9s best_lap=316.3
t=7745.3 route=2 laps=16 crashes=1 avg_out=183.0s avg_ret=245.3s avg_lap=441.8s best_lap=430.1
t=7745.3 route=3 laps=17 crashes=0 avg_out=216.2s avg_ret=261.9s avg_lap=490.2s best_lap=447.7
t=7745.3 route=4 laps=17 crashes=0 avg_out=173.2s avg_ret=155.8s avg_lap=341.1s best_lap=332.8
t=7745.3 route=5 laps=17 crashes=0 avg_out=253.8s avg_ret=232.7s avg_lap=498.5s best_lap=486.0
t=7745.3 route=6 laps=17 crashes=0 avg_out=145.4s avg_ret=143.1s avg_lap=300.5s best_lap=273.6
t=7745.3 route=7 laps=17 crashes=0 avg_out=170.1s avg_ret=148.3s avg_lap=330.5s best_lap=315.4
t=7745.3 route=8 laps=17 crashes=0 avg_out=173.8s avg_ret=179.2s avg_lap=365.0s best_lap=351.4
t=7745.3 TOTAL laps=135 crashes=1
t=7745.3 TUNER gen=2 results=8/64 pending=8 active=8 remaining=56 next_trial=145 rounds=[2,2,2,2,2,2,2,2]
t=7775.3 ==== SUMMARY t=7775.3 ====
t=7775.3 route=1 laps=17 crashes=0 avg_out=149.9s avg_ret=163.4s avg_lap=324.9s best_lap=316.3
t=7775.3 route=2 laps=16 crashes=1 avg_out=183.0s avg_ret=245.3s avg_lap=441.8s best_lap=430.1
t=7775.3 route=3 laps=17 crashes=0 avg_out=216.2s avg_ret=261.9s avg_lap=490.2s best_lap=447.7
t=7775.3 route=4 laps=17 crashes=0 avg_out=173.2s avg_ret=155.8s avg_lap=341.1s best_lap=332.8
t=7775.4 route=5 laps=17 crashes=0 avg_out=253.8s avg_ret=232.7s avg_lap=498.5s best_lap=486.0
t=7775.4 route=6 laps=17 crashes=0 avg_out=145.4s avg_ret=143.1s avg_lap=300.5s best_lap=273.6
t=7775.4 route=7 laps=17 crashes=0 avg_out=170.1s avg_ret=148.3s avg_lap=330.5s best_lap=315.4
t=7775.4 route=8 laps=17 crashes=0 avg_out=173.8s avg_ret=179.2s avg_lap=365.0s best_lap=351.4
t=7775.4 TOTAL laps=135 crashes=1
t=7775.4 TUNER gen=2 results=8/64 pending=8 active=8 remaining=56 next_trial=145 rounds=[2,2,2,2,2,2,2,2]
t=7793.8 LZ_REACHED craft=Aircraft_10_nav_r2_140 route=2 outbound=187.7s t=7793.8
t=7805.0 LAP_CAPTURE craft=Aircraft_10_nav_r1_137 route=1 return=161.0s lap=329.5s carrier_dist=200m t=7805.0
t=7805.2 LZ_REACHED craft=Aircraft_10_nav_r7_141 route=7 outbound=178.9s t=7805.2
t=7805.3 ==== SUMMARY t=7805.3 ====
t=7805.3 route=1 laps=18 crashes=0 avg_out=149.9s avg_ret=163.3s avg_lap=325.2s best_lap=316.3
t=7805.3 route=2 laps=16 crashes=1 avg_out=183.3s avg_ret=245.3s avg_lap=441.8s best_lap=430.1
t=7805.4 route=3 laps=17 crashes=0 avg_out=216.2s avg_ret=261.9s avg_lap=490.2s best_lap=447.7
t=7805.4 route=4 laps=17 crashes=0 avg_out=173.2s avg_ret=155.8s avg_lap=341.1s best_lap=332.8
t=7805.4 route=5 laps=17 crashes=0 avg_out=253.8s avg_ret=232.7s avg_lap=498.5s best_lap=486.0
t=7805.4 route=6 laps=17 crashes=0 avg_out=145.4s avg_ret=143.1s avg_lap=300.5s best_lap=273.6
t=7805.4 route=7 laps=17 crashes=0 avg_out=170.6s avg_ret=148.3s avg_lap=330.5s best_lap=315.4
t=7805.4 route=8 laps=17 crashes=0 avg_out=173.8s avg_ret=179.2s avg_lap=365.0s best_lap=351.4
t=7805.4 TOTAL laps=136 crashes=1
t=7805.4 TUNER gen=2 results=9/64 pending=7 active=7 remaining=55 next_trial=145 rounds=[2,2,2,2,2,2,2,2]
t=7822.2 SPAWN craft=Aircraft_10_nav_r1_145 route=1 candidate=3 trial=145 t=7822.2
t=7835.5 ==== SUMMARY t=7835.5 ====
t=7835.5 route=1 laps=18 crashes=0 avg_out=149.9s avg_ret=163.3s avg_lap=325.2s best_lap=316.3
t=7835.5 route=2 laps=16 crashes=1 avg_out=183.3s avg_ret=245.3s avg_lap=441.8s best_lap=430.1
t=7835.5 route=3 laps=17 crashes=0 avg_out=216.2s avg_ret=261.9s avg_lap=490.2s best_lap=447.7
t=7835.5 route=4 laps=17 crashes=0 avg_out=173.2s avg_ret=155.8s avg_lap=341.1s best_lap=332.8
t=7835.5 route=5 laps=17 crashes=0 avg_out=253.8s avg_ret=232.7s avg_lap=498.5s best_lap=486.0
t=7835.5 route=6 laps=17 crashes=0 avg_out=145.4s avg_ret=143.1s avg_lap=300.5s best_lap=273.6
t=7835.5 route=7 laps=17 crashes=0 avg_out=170.6s avg_ret=148.3s avg_lap=330.5s best_lap=315.4
t=7835.5 route=8 laps=17 crashes=0 avg_out=173.8s avg_ret=179.2s avg_lap=365.0s best_lap=351.4
t=7835.5 TOTAL laps=136 crashes=1
t=7835.5 TUNER gen=2 results=9/64 pending=8 active=8 remaining=55 next_trial=146 rounds=[3,2,2,2,2,2,2,2]
t=7845.5 LZ_REACHED craft=Aircraft_10_nav_r8_142 route=8 outbound=173.9s t=7845.5
t=7865.5 ==== SUMMARY t=7865.5 ====
t=7865.5 route=1 laps=18 crashes=0 avg_out=149.9s avg_ret=163.3s avg_lap=325.2s best_lap=316.3
t=7865.5 route=2 laps=16 crashes=1 avg_out=183.3s avg_ret=245.3s avg_lap=441.8s best_lap=430.1
t=7865.5 route=3 laps=17 crashes=0 avg_out=216.2s avg_ret=261.9s avg_lap=490.2s best_lap=447.7
t=7865.5 route=4 laps=17 crashes=0 avg_out=173.2s avg_ret=155.8s avg_lap=341.1s best_lap=332.8
t=7865.5 route=5 laps=17 crashes=0 avg_out=253.8s avg_ret=232.7s avg_lap=498.5s best_lap=486.0
t=7865.5 route=6 laps=17 crashes=0 avg_out=145.4s avg_ret=143.1s avg_lap=300.5s best_lap=273.6
t=7865.5 route=7 laps=17 crashes=0 avg_out=170.6s avg_ret=148.3s avg_lap=330.5s best_lap=315.4
t=7865.5 route=8 laps=17 crashes=0 avg_out=173.8s avg_ret=179.2s avg_lap=365.0s best_lap=351.4
t=7865.5 TOTAL laps=136 crashes=1
t=7865.5 TUNER gen=2 results=9/64 pending=8 active=8 remaining=55 next_trial=146 rounds=[3,2,2,2,2,2,2,2]
t=7886.2 LAP_CAPTURE craft=Aircraft_10_nav_r6_139 route=6 return=141.4s lap=300.2s carrier_dist=200m t=7886.2
t=7895.5 ==== SUMMARY t=7895.5 ====
t=7895.5 route=1 laps=18 crashes=0 avg_out=149.9s avg_ret=163.3s avg_lap=325.2s best_lap=316.3
t=7895.5 route=2 laps=16 crashes=1 avg_out=183.3s avg_ret=245.3s avg_lap=441.8s best_lap=430.1
t=7895.5 route=3 laps=17 crashes=0 avg_out=216.2s avg_ret=261.9s avg_lap=490.2s best_lap=447.7
t=7895.5 route=4 laps=17 crashes=0 avg_out=173.2s avg_ret=155.8s avg_lap=341.1s best_lap=332.8
t=7895.5 route=5 laps=17 crashes=0 avg_out=253.8s avg_ret=232.7s avg_lap=498.5s best_lap=486.0
t=7895.5 route=6 laps=18 crashes=0 avg_out=145.4s avg_ret=143.1s avg_lap=300.5s best_lap=273.6
t=7895.5 route=7 laps=17 crashes=0 avg_out=170.6s avg_ret=148.3s avg_lap=330.5s best_lap=315.4
t=7895.5 route=8 laps=17 crashes=0 avg_out=173.8s avg_ret=179.2s avg_lap=365.0s best_lap=351.4
t=7895.5 TOTAL laps=137 crashes=1
t=7895.6 TUNER gen=2 results=10/64 pending=8 active=8 remaining=54 next_trial=147 rounds=[3,2,2,2,2,3,2,2]
t=7902.6 SPAWN craft=Aircraft_10_nav_r6_146 route=6 candidate=8 trial=146 t=7902.6
t=7906.4 LAP_CAPTURE craft=Aircraft_10_nav_r4_138 route=4 return=156.0s lap=340.5s carrier_dist=200m t=7906.4
t=7922.7 SPAWN craft=Aircraft_10_nav_r4_147 route=4 candidate=6 trial=147 t=7922.7
t=7925.6 ==== SUMMARY t=7925.6 ====
t=7925.6 route=1 laps=18 crashes=0 avg_out=149.9s avg_ret=163.3s avg_lap=325.2s best_lap=316.3
t=7925.6 route=2 laps=16 crashes=1 avg_out=183.3s avg_ret=245.3s avg_lap=441.8s best_lap=430.1
t=7925.6 route=3 laps=17 crashes=0 avg_out=216.2s avg_ret=261.9s avg_lap=490.2s best_lap=447.7
t=7925.6 route=4 laps=18 crashes=0 avg_out=173.2s avg_ret=155.8s avg_lap=341.1s best_lap=332.8
t=7925.6 route=5 laps=17 crashes=0 avg_out=253.8s avg_ret=232.7s avg_lap=498.5s best_lap=486.0
t=7925.6 route=6 laps=18 crashes=0 avg_out=145.4s avg_ret=143.1s avg_lap=300.5s best_lap=273.6
t=7925.6 route=7 laps=17 crashes=0 avg_out=170.6s avg_ret=148.3s avg_lap=330.5s best_lap=315.4
t=7925.6 route=8 laps=17 crashes=0 avg_out=173.8s avg_ret=179.2s avg_lap=365.0s best_lap=351.4
t=7925.6 TOTAL laps=138 crashes=1
t=7925.6 TUNER gen=2 results=11/64 pending=8 active=8 remaining=53 next_trial=148 rounds=[3,2,2,3,2,3,2,2]
t=7932.7 LZ_REACHED craft=Aircraft_10_nav_r3_143 route=3 outbound=226.1s t=7932.7
t=7955.6 ==== SUMMARY t=7955.6 ====
t=7955.6 route=1 laps=18 crashes=0 avg_out=149.9s avg_ret=163.3s avg_lap=325.2s best_lap=316.3
t=7955.7 route=2 laps=16 crashes=1 avg_out=183.3s avg_ret=245.3s avg_lap=441.8s best_lap=430.1
t=7955.7 route=3 laps=17 crashes=0 avg_out=216.8s avg_ret=261.9s avg_lap=490.2s best_lap=447.7
t=7955.7 route=4 laps=18 crashes=0 avg_out=173.2s avg_ret=155.8s avg_lap=341.1s best_lap=332.8
t=7955.7 route=5 laps=17 crashes=0 avg_out=253.8s avg_ret=232.7s avg_lap=498.5s best_lap=486.0
t=7955.7 route=6 laps=18 crashes=0 avg_out=145.4s avg_ret=143.1s avg_lap=300.5s best_lap=273.6
t=7955.7 route=7 laps=17 crashes=0 avg_out=170.6s avg_ret=148.3s avg_lap=330.5s best_lap=315.4
t=7955.7 route=8 laps=17 crashes=0 avg_out=173.8s avg_ret=179.2s avg_lap=365.0s best_lap=351.4
t=7955.7 TOTAL laps=138 crashes=1
t=7955.7 TUNER gen=2 results=11/64 pending=8 active=8 remaining=53 next_trial=148 rounds=[3,2,2,3,2,3,2,2]
t=7967.6 LAP_CAPTURE craft=Aircraft_10_nav_r7_141 route=7 return=150.4s lap=341.3s carrier_dist=200m t=7967.6
t=7976.2 LZ_REACHED craft=Aircraft_10_nav_r1_145 route=1 outbound=154.0s t=7976.2
t=7983.0 SPAWN craft=Aircraft_10_nav_r7_148 route=7 candidate=1 trial=148 t=7983.0
t=7985.7 ==== SUMMARY t=7985.7 ====
t=7985.7 route=1 laps=18 crashes=0 avg_out=150.1s avg_ret=163.3s avg_lap=325.2s best_lap=316.3
t=7985.7 route=2 laps=16 crashes=1 avg_out=183.3s avg_ret=245.3s avg_lap=441.8s best_lap=430.1
t=7985.7 route=3 laps=17 crashes=0 avg_out=216.8s avg_ret=261.9s avg_lap=490.2s best_lap=447.7
t=7985.7 route=4 laps=18 crashes=0 avg_out=173.2s avg_ret=155.8s avg_lap=341.1s best_lap=332.8
t=7985.7 route=5 laps=17 crashes=0 avg_out=253.8s avg_ret=232.7s avg_lap=498.5s best_lap=486.0
t=7985.7 route=6 laps=18 crashes=0 avg_out=145.4s avg_ret=143.1s avg_lap=300.5s best_lap=273.6
t=7985.7 route=7 laps=18 crashes=0 avg_out=170.6s avg_ret=148.4s avg_lap=331.1s best_lap=315.4
t=7985.7 route=8 laps=17 crashes=0 avg_out=173.8s avg_ret=179.2s avg_lap=365.0s best_lap=351.4
t=7985.7 TOTAL laps=139 crashes=1
t=7985.8 TUNER gen=2 results=12/64 pending=8 active=8 remaining=52 next_trial=149 rounds=[3,2,2,3,2,3,3,2]
t=7999.8 LZ_REACHED craft=Aircraft_10_nav_r5_144 route=5 outbound=257.9s t=7999.8
t=8015.8 ==== SUMMARY t=8015.8 ====
t=8015.9 route=1 laps=18 crashes=0 avg_out=150.1s avg_ret=163.3s avg_lap=325.2s best_lap=316.3
t=8015.9 route=2 laps=16 crashes=1 avg_out=183.3s avg_ret=245.3s avg_lap=441.8s best_lap=430.1
t=8015.9 route=3 laps=17 crashes=0 avg_out=216.8s avg_ret=261.9s avg_lap=490.2s best_lap=447.7
t=8015.9 route=4 laps=18 crashes=0 avg_out=173.2s avg_ret=155.8s avg_lap=341.1s best_lap=332.8
t=8015.9 route=5 laps=17 crashes=0 avg_out=254.0s avg_ret=232.7s avg_lap=498.5s best_lap=486.0
t=8015.9 route=6 laps=18 crashes=0 avg_out=145.4s avg_ret=143.1s avg_lap=300.5s best_lap=273.6
t=8015.9 route=7 laps=18 crashes=0 avg_out=170.6s avg_ret=148.4s avg_lap=331.1s best_lap=315.4
t=8015.9 route=8 laps=17 crashes=0 avg_out=173.8s avg_ret=179.2s avg_lap=365.0s best_lap=351.4
t=8015.9 TOTAL laps=139 crashes=1
t=8015.9 TUNER gen=2 results=12/64 pending=8 active=8 remaining=52 next_trial=149 rounds=[3,2,2,3,2,3,3,2]
t=8035.6 LAP_CAPTURE craft=Aircraft_10_nav_r8_142 route=8 return=178.1s lap=364.1s carrier_dist=200m t=8035.6
t=8045.9 ==== SUMMARY t=8045.9 ====
t=8045.9 route=1 laps=18 crashes=0 avg_out=150.1s avg_ret=163.3s avg_lap=325.2s best_lap=316.3
t=8045.9 route=2 laps=16 crashes=1 avg_out=183.3s avg_ret=245.3s avg_lap=441.8s best_lap=430.1
t=8045.9 route=3 laps=17 crashes=0 avg_out=216.8s avg_ret=261.9s avg_lap=490.2s best_lap=447.7
t=8045.9 route=4 laps=18 crashes=0 avg_out=173.2s avg_ret=155.8s avg_lap=341.1s best_lap=332.8
t=8045.9 route=5 laps=17 crashes=0 avg_out=254.0s avg_ret=232.7s avg_lap=498.5s best_lap=486.0
t=8045.9 route=6 laps=18 crashes=0 avg_out=145.4s avg_ret=143.1s avg_lap=300.5s best_lap=273.6
t=8045.9 route=7 laps=18 crashes=0 avg_out=170.6s avg_ret=148.4s avg_lap=331.1s best_lap=315.4
t=8045.9 route=8 laps=18 crashes=0 avg_out=173.8s avg_ret=179.2s avg_lap=365.0s best_lap=351.4
t=8045.9 TOTAL laps=140 crashes=1
t=8045.9 TUNER gen=2 results=13/64 pending=8 active=8 remaining=51 next_trial=150 rounds=[3,2,2,3,2,3,3,3]
t=8053.2 SPAWN craft=Aircraft_10_nav_r8_149 route=8 candidate=2 trial=149 t=8053.2
t=8056.7 LZ_REACHED craft=Aircraft_10_nav_r6_146 route=6 outbound=154.1s t=8056.7
t=8064.5 LAP_CAPTURE craft=Aircraft_10_nav_r2_140 route=2 return=258.7s lap=458.4s carrier_dist=200m t=8064.5
t=8075.9 ==== SUMMARY t=8075.9 ====
t=8076.0 route=1 laps=18 crashes=0 avg_out=150.1s avg_ret=163.3s avg_lap=325.2s best_lap=316.3
t=8076.0 route=2 laps=17 crashes=1 avg_out=183.3s avg_ret=246.1s avg_lap=442.8s best_lap=430.1
t=8076.0 route=3 laps=17 crashes=0 avg_out=216.8s avg_ret=261.9s avg_lap=490.2s best_lap=447.7
t=8076.0 route=4 laps=18 crashes=0 avg_out=173.2s avg_ret=155.8s avg_lap=341.1s best_lap=332.8
t=8076.0 route=5 laps=17 crashes=0 avg_out=254.0s avg_ret=232.7s avg_lap=498.5s best_lap=486.0
t=8076.0 route=6 laps=18 crashes=0 avg_out=145.8s avg_ret=143.1s avg_lap=300.5s best_lap=273.6
t=8076.0 route=7 laps=18 crashes=0 avg_out=170.6s avg_ret=148.4s avg_lap=331.1s best_lap=315.4
t=8076.0 route=8 laps=18 crashes=0 avg_out=173.8s avg_ret=179.2s avg_lap=365.0s best_lap=351.4
t=8076.0 TOTAL laps=141 crashes=1
t=8076.0 TUNER gen=2 results=14/64 pending=8 active=8 remaining=50 next_trial=151 rounds=[3,3,2,3,2,3,3,3]
t=8083.5 SPAWN craft=Aircraft_10_nav_r2_150 route=2 candidate=4 trial=150 t=8083.5
t=8090.7 LZ_REACHED craft=Aircraft_10_nav_r4_147 route=4 outbound=168.0s t=8090.7
t=8106.6 ==== SUMMARY t=8106.6 ====
t=8106.7 route=1 laps=18 crashes=0 avg_out=150.1s avg_ret=163.3s avg_lap=325.2s best_lap=316.3
t=8106.7 route=2 laps=17 crashes=1 avg_out=183.3s avg_ret=246.1s avg_lap=442.8s best_lap=430.1
t=8106.7 route=3 laps=17 crashes=0 avg_out=216.8s avg_ret=261.9s avg_lap=490.2s best_lap=447.7
t=8106.7 route=4 laps=18 crashes=0 avg_out=173.0s avg_ret=155.8s avg_lap=341.1s best_lap=332.8
t=8106.7 route=5 laps=17 crashes=0 avg_out=254.0s avg_ret=232.7s avg_lap=498.5s best_lap=486.0
t=8106.7 route=6 laps=18 crashes=0 avg_out=145.8s avg_ret=143.1s avg_lap=300.5s best_lap=273.6
t=8106.7 route=7 laps=18 crashes=0 avg_out=170.6s avg_ret=148.4s avg_lap=331.1s best_lap=315.4
t=8106.7 route=8 laps=18 crashes=0 avg_out=173.8s avg_ret=179.2s avg_lap=365.0s best_lap=351.4
t=8106.7 TOTAL laps=141 crashes=1
t=8106.7 TUNER gen=2 results=14/64 pending=8 active=8 remaining=50 next_trial=151 rounds=[3,3,2,3,2,3,3,3]
t=8136.8 ==== SUMMARY t=8136.8 ====
t=8136.8 route=1 laps=18 crashes=0 avg_out=150.1s avg_ret=163.3s avg_lap=325.2s best_lap=316.3
t=8136.8 route=2 laps=17 crashes=1 avg_out=183.3s avg_ret=246.1s avg_lap=442.8s best_lap=430.1
t=8136.8 route=3 laps=17 crashes=0 avg_out=216.8s avg_ret=261.9s avg_lap=490.2s best_lap=447.7
t=8136.8 route=4 laps=18 crashes=0 avg_out=173.0s avg_ret=155.8s avg_lap=341.1s best_lap=332.8
t=8136.8 route=5 laps=17 crashes=0 avg_out=254.0s avg_ret=232.7s avg_lap=498.5s best_lap=486.0
t=8136.8 route=6 laps=18 crashes=0 avg_out=145.8s avg_ret=143.1s avg_lap=300.5s best_lap=273.6
t=8136.8 route=7 laps=18 crashes=0 avg_out=170.6s avg_ret=148.4s avg_lap=331.1s best_lap=315.4
t=8136.8 route=8 laps=18 crashes=0 avg_out=173.8s avg_ret=179.2s avg_lap=365.0s best_lap=351.4
t=8136.8 TOTAL laps=141 crashes=1
t=8136.8 TUNER gen=2 results=14/64 pending=8 active=8 remaining=50 next_trial=151 rounds=[3,3,2,3,2,3,3,3]
t=8152.0 LZ_REACHED craft=Aircraft_10_nav_r7_148 route=7 outbound=169.1s t=8152.0
t=8154.2 LAP_CAPTURE craft=Aircraft_10_nav_r1_145 route=1 return=165.9s lap=332.0s carrier_dist=200m t=8154.2
t=8166.9 ==== SUMMARY t=8166.9 ====
t=8166.9 route=1 laps=19 crashes=0 avg_out=150.1s avg_ret=163.4s avg_lap=325.5s best_lap=316.3
t=8166.9 route=2 laps=17 crashes=1 avg_out=183.3s avg_ret=246.1s avg_lap=442.8s best_lap=430.1
t=8166.9 route=3 laps=17 crashes=0 avg_out=216.8s avg_ret=261.9s avg_lap=490.2s best_lap=447.7
t=8166.9 route=4 laps=18 crashes=0 avg_out=173.0s avg_ret=155.8s avg_lap=341.1s best_lap=332.8
t=8166.9 route=5 laps=17 crashes=0 avg_out=254.0s avg_ret=232.7s avg_lap=498.5s best_lap=486.0
t=8166.9 route=6 laps=18 crashes=0 avg_out=145.8s avg_ret=143.1s avg_lap=300.5s best_lap=273.6
t=8166.9 route=7 laps=18 crashes=0 avg_out=170.5s avg_ret=148.4s avg_lap=331.1s best_lap=315.4
t=8166.9 route=8 laps=18 crashes=0 avg_out=173.8s avg_ret=179.2s avg_lap=365.0s best_lap=351.4
t=8166.9 TOTAL laps=142 crashes=1
t=8166.9 TUNER gen=2 results=15/64 pending=8 active=8 remaining=49 next_trial=152 rounds=[4,3,2,3,2,3,3,3]
t=8169.7 SPAWN craft=Aircraft_10_nav_r1_151 route=1 candidate=4 trial=151 t=8169.7
t=8197.0 ==== SUMMARY t=8197.0 ====
t=8197.0 route=1 laps=19 crashes=0 avg_out=150.1s avg_ret=163.4s avg_lap=325.5s best_lap=316.3
t=8197.0 route=2 laps=17 crashes=1 avg_out=183.3s avg_ret=246.1s avg_lap=442.8s best_lap=430.1
t=8197.0 route=3 laps=17 crashes=0 avg_out=216.8s avg_ret=261.9s avg_lap=490.2s best_lap=447.7
t=8197.0 route=4 laps=18 crashes=0 avg_out=173.0s avg_ret=155.8s avg_lap=341.1s best_lap=332.8
t=8197.0 route=5 laps=17 crashes=0 avg_out=254.0s avg_ret=232.7s avg_lap=498.5s best_lap=486.0
t=8197.0 route=6 laps=18 crashes=0 avg_out=145.8s avg_ret=143.1s avg_lap=300.5s best_lap=273.6
t=8197.0 route=7 laps=18 crashes=0 avg_out=170.5s avg_ret=148.4s avg_lap=331.1s best_lap=315.4
t=8197.1 route=8 laps=18 crashes=0 avg_out=173.8s avg_ret=179.2s avg_lap=365.0s best_lap=351.4
t=8197.1 TOTAL laps=142 crashes=1
t=8197.1 TUNER gen=2 results=15/64 pending=8 active=8 remaining=49 next_trial=152 rounds=[4,3,2,3,2,3,3,3]
t=8215.3 LAP_CAPTURE craft=Aircraft_10_nav_r6_146 route=6 return=146.5s lap=312.7s carrier_dist=200m t=8215.3
t=8224.2 LAP_CAPTURE craft=Aircraft_10_nav_r3_143 route=3 return=279.5s lap=517.6s carrier_dist=200m t=8224.2
t=8226.8 LZ_REACHED craft=Aircraft_10_nav_r8_149 route=8 outbound=173.6s t=8226.8
t=8227.0 ==== SUMMARY t=8227.0 ====
t=8227.0 route=1 laps=19 crashes=0 avg_out=150.1s avg_ret=163.4s avg_lap=325.5s best_lap=316.3
t=8227.0 route=2 laps=17 crashes=1 avg_out=183.3s avg_ret=246.1s avg_lap=442.8s best_lap=430.1
t=8227.0 route=3 laps=18 crashes=0 avg_out=216.8s avg_ret=262.9s avg_lap=491.7s best_lap=447.7
t=8227.0 route=4 laps=18 crashes=0 avg_out=173.0s avg_ret=155.8s avg_lap=341.1s best_lap=332.8
t=8227.0 route=5 laps=17 crashes=0 avg_out=254.0s avg_ret=232.7s avg_lap=498.5s best_lap=486.0
t=8227.0 route=6 laps=19 crashes=0 avg_out=145.8s avg_ret=143.2s avg_lap=301.1s best_lap=273.6
t=8227.1 route=7 laps=18 crashes=0 avg_out=170.5s avg_ret=148.4s avg_lap=331.1s best_lap=315.4
t=8227.1 route=8 laps=18 crashes=0 avg_out=173.8s avg_ret=179.2s avg_lap=365.0s best_lap=351.4
t=8227.1 TOTAL laps=144 crashes=1
t=8227.1 TUNER gen=2 results=17/64 pending=6 active=6 remaining=47 next_trial=152 rounds=[4,3,2,3,2,3,3,3]
t=8230.3 LAUNCH_BLOCKED reason=deck_busy active=7 stored=1 no_active_s=0.0 state=AIRCRAFT_ON_DECK tractor_cleanup=false elevator_transfer=true deck=Aircraft_10_nav_r6_152 pending=none clearance=none queue=0
t=8235.6 SPAWN craft=Aircraft_10_nav_r6_152 route=6 candidate=1 trial=152 t=8235.6
t=8251.2 LAP_CAPTURE craft=Aircraft_10_nav_r5_144 route=5 return=239.4s lap=509.3s carrier_dist=200m t=8251.2
t=8255.7 SPAWN craft=Aircraft_10_nav_r3_153 route=3 candidate=5 trial=153 t=8255.7
t=8257.7 ==== SUMMARY t=8257.7 ====
t=8257.7 route=1 laps=19 crashes=0 avg_out=150.1s avg_ret=163.4s avg_lap=325.5s best_lap=316.3
t=8257.7 route=2 laps=17 crashes=1 avg_out=183.3s avg_ret=246.1s avg_lap=442.8s best_lap=430.1
t=8257.7 route=3 laps=18 crashes=0 avg_out=216.8s avg_ret=262.9s avg_lap=491.7s best_lap=447.7
t=8257.7 route=4 laps=18 crashes=0 avg_out=173.0s avg_ret=155.8s avg_lap=341.1s best_lap=332.8
t=8257.7 route=5 laps=18 crashes=0 avg_out=254.0s avg_ret=233.1s avg_lap=499.1s best_lap=486.0
t=8257.7 route=6 laps=19 crashes=0 avg_out=145.8s avg_ret=143.2s avg_lap=301.1s best_lap=273.6
t=8257.7 route=7 laps=18 crashes=0 avg_out=170.5s avg_ret=148.4s avg_lap=331.1s best_lap=315.4
t=8257.7 route=8 laps=18 crashes=0 avg_out=173.8s avg_ret=179.2s avg_lap=365.0s best_lap=351.4
t=8257.7 TOTAL laps=145 crashes=1
t=8257.7 TUNER gen=2 results=18/64 pending=7 active=7 remaining=46 next_trial=154 rounds=[4,3,3,3,2,4,3,3]
t=8260.4 LAUNCH_BLOCKED reason=cleared_unready_nav_deck_aircraft active=7 stored=1 no_active_s=0.0 state=IDLE tractor_cleanup=false elevator_transfer=false deck=Aircraft_10_nav_r3_153 pending=none clearance=none queue=0
t=8260.6 LAP_CAPTURE craft=Aircraft_10_nav_r4_147 route=4 return=157.4s lap=337.9s carrier_dist=200m t=8260.6
t=8275.6 LAUNCH_BLOCKED reason=deck_busy active=7 stored=1 no_active_s=0.0 state=AIRCRAFT_ON_DECK tractor_cleanup=false elevator_transfer=false deck=Aircraft_10_nav_r5_154 pending=none clearance=none queue=0
t=8275.8 SPAWN craft=Aircraft_10_nav_r5_154 route=5 candidate=7 trial=154 t=8275.8
t=8280.4 LZ_REACHED craft=Aircraft_10_nav_r2_150 route=2 outbound=196.9s t=8280.4
t=8287.7 ==== SUMMARY t=8287.7 ====
t=8287.8 route=1 laps=19 crashes=0 avg_out=150.1s avg_ret=163.4s avg_lap=325.5s best_lap=316.3
t=8287.8 route=2 laps=17 crashes=1 avg_out=184.0s avg_ret=246.1s avg_lap=442.8s best_lap=430.1
t=8287.8 route=3 laps=18 crashes=0 avg_out=216.8s avg_ret=262.9s avg_lap=491.7s best_lap=447.7
t=8287.8 route=4 laps=19 crashes=0 avg_out=173.0s avg_ret=155.9s avg_lap=340.9s best_lap=332.8
t=8287.8 route=5 laps=18 crashes=0 avg_out=254.0s avg_ret=233.1s avg_lap=499.1s best_lap=486.0
t=8287.8 route=6 laps=19 crashes=0 avg_out=145.8s avg_ret=143.2s avg_lap=301.1s best_lap=273.6
t=8287.8 route=7 laps=18 crashes=0 avg_out=170.5s avg_ret=148.4s avg_lap=331.1s best_lap=315.4
t=8287.8 route=8 laps=18 crashes=0 avg_out=173.8s avg_ret=179.2s avg_lap=365.0s best_lap=351.4
t=8287.8 TOTAL laps=146 crashes=1
t=8287.8 TUNER gen=2 results=19/64 pending=7 active=7 remaining=45 next_trial=155 rounds=[4,3,3,3,3,4,3,3]
t=8295.9 SPAWN craft=Aircraft_10_nav_r4_155 route=4 candidate=7 trial=155 t=8295.9
t=8313.1 LAP_CAPTURE craft=Aircraft_10_nav_r7_148 route=7 return=149.0s lap=330.1s carrier_dist=200m t=8313.1
t=8317.8 ==== SUMMARY t=8317.8 ====
t=8317.8 route=1 laps=19 crashes=0 avg_out=150.1s avg_ret=163.4s avg_lap=325.5s best_lap=316.3
t=8317.8 route=2 laps=17 crashes=1 avg_out=184.0s avg_ret=246.1s avg_lap=442.8s best_lap=430.1
t=8317.8 route=3 laps=18 crashes=0 avg_out=216.8s avg_ret=262.9s avg_lap=491.7s best_lap=447.7
t=8317.8 route=4 laps=19 crashes=0 avg_out=173.0s avg_ret=155.9s avg_lap=340.9s best_lap=332.8
t=8317.8 route=5 laps=18 crashes=0 avg_out=254.0s avg_ret=233.1s avg_lap=499.1s best_lap=486.0
t=8317.8 route=6 laps=19 crashes=0 avg_out=145.8s avg_ret=143.2s avg_lap=301.1s best_lap=273.6
t=8317.8 route=7 laps=19 crashes=0 avg_out=170.5s avg_ret=148.5s avg_lap=331.0s best_lap=315.4
t=8317.8 route=8 laps=18 crashes=0 avg_out=173.8s avg_ret=179.2s avg_lap=365.0s best_lap=351.4
t=8317.8 TOTAL laps=147 crashes=1
t=8317.8 TUNER gen=2 results=20/64 pending=7 active=7 remaining=44 next_trial=156 rounds=[4,3,3,4,3,4,3,3]
t=8329.4 LZ_REACHED craft=Aircraft_10_nav_r1_151 route=1 outbound=159.7s t=8329.4
t=8331.0 SPAWN craft=Aircraft_10_nav_r7_156 route=7 candidate=2 trial=156 t=8331.0
t=8347.8 ==== SUMMARY t=8347.8 ====
t=8347.8 route=1 laps=19 crashes=0 avg_out=150.6s avg_ret=163.4s avg_lap=325.5s best_lap=316.3
t=8347.8 route=2 laps=17 crashes=1 avg_out=184.0s avg_ret=246.1s avg_lap=442.8s best_lap=430.1
t=8347.8 route=3 laps=18 crashes=0 avg_out=216.8s avg_ret=262.9s avg_lap=491.7s best_lap=447.7
t=8347.8 route=4 laps=19 crashes=0 avg_out=173.0s avg_ret=155.9s avg_lap=340.9s best_lap=332.8
t=8347.8 route=5 laps=18 crashes=0 avg_out=254.0s avg_ret=233.1s avg_lap=499.1s best_lap=486.0
t=8347.9 route=6 laps=19 crashes=0 avg_out=145.8s avg_ret=143.2s avg_lap=301.1s best_lap=273.6
t=8347.9 route=7 laps=19 crashes=0 avg_out=170.5s avg_ret=148.5s avg_lap=331.0s best_lap=315.4
t=8347.9 route=8 laps=18 crashes=0 avg_out=173.8s avg_ret=179.2s avg_lap=365.0s best_lap=351.4
t=8347.9 TOTAL laps=147 crashes=1
t=8347.9 TUNER gen=2 results=20/64 pending=8 active=8 remaining=44 next_trial=157 rounds=[4,3,3,4,3,4,4,3]
t=8377.8 ==== SUMMARY t=8377.8 ====
t=8377.8 route=1 laps=19 crashes=0 avg_out=150.6s avg_ret=163.4s avg_lap=325.5s best_lap=316.3
t=8377.8 route=2 laps=17 crashes=1 avg_out=184.0s avg_ret=246.1s avg_lap=442.8s best_lap=430.1
t=8377.9 route=3 laps=18 crashes=0 avg_out=216.8s avg_ret=262.9s avg_lap=491.7s best_lap=447.7
t=8377.9 route=4 laps=19 crashes=0 avg_out=173.0s avg_ret=155.9s avg_lap=340.9s best_lap=332.8
t=8377.9 route=5 laps=18 crashes=0 avg_out=254.0s avg_ret=233.1s avg_lap=499.1s best_lap=486.0
t=8377.9 route=6 laps=19 crashes=0 avg_out=145.8s avg_ret=143.2s avg_lap=301.1s best_lap=273.6
t=8377.9 route=7 laps=19 crashes=0 avg_out=170.5s avg_ret=148.5s avg_lap=331.0s best_lap=315.4
t=8377.9 route=8 laps=18 crashes=0 avg_out=173.8s avg_ret=179.2s avg_lap=365.0s best_lap=351.4
t=8377.9 TOTAL laps=147 crashes=1
t=8377.9 TUNER gen=2 results=20/64 pending=8 active=8 remaining=44 next_trial=157 rounds=[4,3,3,4,3,4,4,3]
t=8407.8 ==== SUMMARY t=8407.8 ====
t=8407.8 route=1 laps=19 crashes=0 avg_out=150.6s avg_ret=163.4s avg_lap=325.5s best_lap=316.3
t=8407.8 route=2 laps=17 crashes=1 avg_out=184.0s avg_ret=246.1s avg_lap=442.8s best_lap=430.1
t=8407.9 route=3 laps=18 crashes=0 avg_out=216.8s avg_ret=262.9s avg_lap=491.7s best_lap=447.7
t=8407.9 route=4 laps=19 crashes=0 avg_out=173.0s avg_ret=155.9s avg_lap=340.9s best_lap=332.8
t=8407.9 route=5 laps=18 crashes=0 avg_out=254.0s avg_ret=233.1s avg_lap=499.1s best_lap=486.0
t=8407.9 route=6 laps=19 crashes=0 avg_out=145.8s avg_ret=143.2s avg_lap=301.1s best_lap=273.6
t=8407.9 route=7 laps=19 crashes=0 avg_out=170.5s avg_ret=148.5s avg_lap=331.0s best_lap=315.4
t=8407.9 route=8 laps=18 crashes=0 avg_out=173.8s avg_ret=179.2s avg_lap=365.0s best_lap=351.4
t=8407.9 TOTAL laps=147 crashes=1
t=8407.9 TUNER gen=2 results=20/64 pending=8 active=8 remaining=44 next_trial=157 rounds=[4,3,3,4,3,4,4,3]
t=8414.6 LAP_CAPTURE craft=Aircraft_10_nav_r8_149 route=8 return=175.2s lap=361.4s carrier_dist=200m t=8414.6
t=8431.3 SPAWN craft=Aircraft_10_nav_r8_157 route=8 candidate=3 trial=157 t=8431.3
t=8437.9 ==== SUMMARY t=8437.9 ====
t=8437.9 route=1 laps=19 crashes=0 avg_out=150.6s avg_ret=163.4s avg_lap=325.5s best_lap=316.3
t=8437.9 route=2 laps=17 crashes=1 avg_out=184.0s avg_ret=246.1s avg_lap=442.8s best_lap=430.1
t=8437.9 route=3 laps=18 crashes=0 avg_out=216.8s avg_ret=262.9s avg_lap=491.7s best_lap=447.7
t=8437.9 route=4 laps=19 crashes=0 avg_out=173.0s avg_ret=155.9s avg_lap=340.9s best_lap=332.8
t=8437.9 route=5 laps=18 crashes=0 avg_out=254.0s avg_ret=233.1s avg_lap=499.1s best_lap=486.0
t=8437.9 route=6 laps=19 crashes=0 avg_out=145.8s avg_ret=143.2s avg_lap=301.1s best_lap=273.6
t=8437.9 route=7 laps=19 crashes=0 avg_out=170.5s avg_ret=148.5s avg_lap=331.0s best_lap=315.4
t=8437.9 route=8 laps=19 crashes=0 avg_out=173.8s avg_ret=179.0s avg_lap=364.8s best_lap=351.4
t=8437.9 TOTAL laps=148 crashes=1
t=8437.9 TUNER gen=2 results=21/64 pending=8 active=8 remaining=43 next_trial=158 rounds=[4,3,3,4,3,4,4,4]
t=8465.0 LZ_REACHED craft=Aircraft_10_nav_r4_155 route=4 outbound=169.1s t=8465.0
t=8467.2 LZ_REACHED craft=Aircraft_10_nav_r3_153 route=3 outbound=211.5s t=8467.2
t=8467.9 ==== SUMMARY t=8467.9 ====
t=8467.9 route=1 laps=19 crashes=0 avg_out=150.6s avg_ret=163.4s avg_lap=325.5s best_lap=316.3
t=8467.9 route=2 laps=17 crashes=1 avg_out=184.0s avg_ret=246.1s avg_lap=442.8s best_lap=430.1
t=8467.9 route=3 laps=18 crashes=0 avg_out=216.5s avg_ret=262.9s avg_lap=491.7s best_lap=447.7
t=8467.9 route=4 laps=19 crashes=0 avg_out=172.8s avg_ret=155.9s avg_lap=340.9s best_lap=332.8
t=8467.9 route=5 laps=18 crashes=0 avg_out=254.0s avg_ret=233.1s avg_lap=499.1s best_lap=486.0
t=8467.9 route=6 laps=19 crashes=0 avg_out=145.8s avg_ret=143.2s avg_lap=301.1s best_lap=273.6
t=8467.9 route=7 laps=19 crashes=0 avg_out=170.5s avg_ret=148.5s avg_lap=331.0s best_lap=315.4
t=8467.9 route=8 laps=19 crashes=0 avg_out=173.8s avg_ret=179.0s avg_lap=364.8s best_lap=351.4
t=8467.9 TOTAL laps=148 crashes=1
t=8468.0 TUNER gen=2 results=21/64 pending=8 active=8 remaining=43 next_trial=158 rounds=[4,3,3,4,3,4,4,4]
t=8497.0 LZ_REACHED craft=Aircraft_10_nav_r7_156 route=7 outbound=166.0s t=8497.0
t=8498.0 ==== SUMMARY t=8497.9 ====
t=8498.0 route=1 laps=19 crashes=0 avg_out=150.6s avg_ret=163.4s avg_lap=325.5s best_lap=316.3
t=8498.0 route=2 laps=17 crashes=1 avg_out=184.0s avg_ret=246.1s avg_lap=442.8s best_lap=430.1
t=8498.0 route=3 laps=18 crashes=0 avg_out=216.5s avg_ret=262.9s avg_lap=491.7s best_lap=447.7
t=8498.0 route=4 laps=19 crashes=0 avg_out=172.8s avg_ret=155.9s avg_lap=340.9s best_lap=332.8
t=8498.0 route=5 laps=18 crashes=0 avg_out=254.0s avg_ret=233.1s avg_lap=499.1s best_lap=486.0
t=8498.0 route=6 laps=19 crashes=0 avg_out=145.8s avg_ret=143.2s avg_lap=301.1s best_lap=273.6
t=8498.0 route=7 laps=19 crashes=0 avg_out=170.3s avg_ret=148.5s avg_lap=331.0s best_lap=315.4
t=8498.0 route=8 laps=19 crashes=0 avg_out=173.8s avg_ret=179.0s avg_lap=364.8s best_lap=351.4
t=8498.0 TOTAL laps=148 crashes=1
t=8498.0 TUNER gen=2 results=21/64 pending=8 active=8 remaining=43 next_trial=158 rounds=[4,3,3,4,3,4,4,4]
t=8510.3 LAP_CAPTURE craft=Aircraft_10_nav_r1_151 route=1 return=168.8s lap=340.5s carrier_dist=200m t=8510.3
t=8526.7 SPAWN craft=Aircraft_10_nav_r1_158 route=1 candidate=5 trial=158 t=8526.7
t=8528.0 ==== SUMMARY t=8528.0 ====
t=8528.0 route=1 laps=20 crashes=0 avg_out=150.6s avg_ret=163.7s avg_lap=326.3s best_lap=316.3
t=8528.0 route=2 laps=17 crashes=1 avg_out=184.0s avg_ret=246.1s avg_lap=442.8s best_lap=430.1
t=8528.0 route=3 laps=18 crashes=0 avg_out=216.5s avg_ret=262.9s avg_lap=491.7s best_lap=447.7
t=8528.0 route=4 laps=19 crashes=0 avg_out=172.8s avg_ret=155.9s avg_lap=340.9s best_lap=332.8
t=8528.0 route=5 laps=18 crashes=0 avg_out=254.0s avg_ret=233.1s avg_lap=499.1s best_lap=486.0
t=8528.0 route=6 laps=19 crashes=0 avg_out=145.8s avg_ret=143.2s avg_lap=301.1s best_lap=273.6
t=8528.0 route=7 laps=19 crashes=0 avg_out=170.3s avg_ret=148.5s avg_lap=331.0s best_lap=315.4
t=8528.0 route=8 laps=19 crashes=0 avg_out=173.8s avg_ret=179.0s avg_lap=364.8s best_lap=351.4
t=8528.0 TOTAL laps=149 crashes=1
t=8528.0 TUNER gen=2 results=22/64 pending=8 active=8 remaining=42 next_trial=159 rounds=[5,3,3,4,3,4,4,4]
t=8528.6 LZ_REACHED craft=Aircraft_10_nav_r5_154 route=5 outbound=252.8s t=8528.6
t=8557.7 LAP_CAPTURE craft=Aircraft_10_nav_r2_150 route=2 return=265.2s lap=474.2s carrier_dist=200m t=8557.7
t=8558.1 ==== SUMMARY t=8558.1 ====
t=8558.1 route=1 laps=20 crashes=0 avg_out=150.6s avg_ret=163.7s avg_lap=326.3s best_lap=316.3
t=8558.1 route=2 laps=18 crashes=1 avg_out=184.0s avg_ret=247.1s avg_lap=444.5s best_lap=430.1
t=8558.1 route=3 laps=18 crashes=0 avg_out=216.5s avg_ret=262.9s avg_lap=491.7s best_lap=447.7
t=8558.1 route=4 laps=19 crashes=0 avg_out=172.8s avg_ret=155.9s avg_lap=340.9s best_lap=332.8
t=8558.1 route=5 laps=18 crashes=0 avg_out=254.0s avg_ret=233.1s avg_lap=499.1s best_lap=486.0
t=8558.1 route=6 laps=19 crashes=0 avg_out=145.8s avg_ret=143.2s avg_lap=301.1s best_lap=273.6
t=8558.1 route=7 laps=19 crashes=0 avg_out=170.3s avg_ret=148.5s avg_lap=331.0s best_lap=315.4
t=8558.1 route=8 laps=19 crashes=0 avg_out=173.8s avg_ret=179.0s avg_lap=364.8s best_lap=351.4
t=8558.1 TOTAL laps=150 crashes=1
t=8558.1 TUNER gen=2 results=23/64 pending=7 active=7 remaining=41 next_trial=159 rounds=[5,3,3,4,3,4,4,4]
t=8577.0 SPAWN craft=Aircraft_10_nav_r2_159 route=2 candidate=5 trial=159 t=8577.0
t=8588.1 ==== SUMMARY t=8588.1 ====
t=8588.2 route=1 laps=20 crashes=0 avg_out=150.6s avg_ret=163.7s avg_lap=326.3s best_lap=316.3
t=8588.2 route=2 laps=18 crashes=1 avg_out=184.0s avg_ret=247.1s avg_lap=444.5s best_lap=430.1
t=8588.2 route=3 laps=18 crashes=0 avg_out=216.5s avg_ret=262.9s avg_lap=491.7s best_lap=447.7
t=8588.2 route=4 laps=19 crashes=0 avg_out=172.8s avg_ret=155.9s avg_lap=340.9s best_lap=332.8
t=8588.2 route=5 laps=18 crashes=0 avg_out=254.0s avg_ret=233.1s avg_lap=499.1s best_lap=486.0
t=8588.2 route=6 laps=19 crashes=0 avg_out=145.8s avg_ret=143.2s avg_lap=301.1s best_lap=273.6
t=8588.2 route=7 laps=19 crashes=0 avg_out=170.3s avg_ret=148.5s avg_lap=331.0s best_lap=315.4
t=8588.2 route=8 laps=19 crashes=0 avg_out=173.8s avg_ret=179.0s avg_lap=364.8s best_lap=351.4
t=8588.2 TOTAL laps=150 crashes=1
t=8588.2 TUNER gen=2 results=23/64 pending=8 active=8 remaining=41 next_trial=160 rounds=[5,4,3,4,3,4,4,4]
t=8604.1 LZ_REACHED craft=Aircraft_10_nav_r8_157 route=8 outbound=172.7s t=8604.1
t=8618.1 ==== SUMMARY t=8618.1 ====
t=8618.2 route=1 laps=20 crashes=0 avg_out=150.6s avg_ret=163.7s avg_lap=326.3s best_lap=316.3
t=8618.2 route=2 laps=18 crashes=1 avg_out=184.0s avg_ret=247.1s avg_lap=444.5s best_lap=430.1
t=8618.2 route=3 laps=18 crashes=0 avg_out=216.5s avg_ret=262.9s avg_lap=491.7s best_lap=447.7
t=8618.2 route=4 laps=19 crashes=0 avg_out=172.8s avg_ret=155.9s avg_lap=340.9s best_lap=332.8
t=8618.2 route=5 laps=18 crashes=0 avg_out=254.0s avg_ret=233.1s avg_lap=499.1s best_lap=486.0
t=8618.2 route=6 laps=19 crashes=0 avg_out=145.8s avg_ret=143.2s avg_lap=301.1s best_lap=273.6
t=8618.2 route=7 laps=19 crashes=0 avg_out=170.3s avg_ret=148.5s avg_lap=331.0s best_lap=315.4
t=8618.2 route=8 laps=19 crashes=0 avg_out=173.7s avg_ret=179.0s avg_lap=364.8s best_lap=351.4
t=8618.2 TOTAL laps=150 crashes=1
t=8618.2 TUNER gen=2 results=23/64 pending=8 active=8 remaining=41 next_trial=160 rounds=[5,4,3,4,3,4,4,4]
t=8628.5 LAP_CAPTURE craft=Aircraft_10_nav_r4_155 route=4 return=151.6s lap=332.6s carrier_dist=200m t=8628.5
t=8647.3 SPAWN craft=Aircraft_10_nav_r4_160 route=4 candidate=8 trial=160 t=8647.3
t=8648.2 ==== SUMMARY t=8648.2 ====
t=8648.2 route=1 laps=20 crashes=0 avg_out=150.6s avg_ret=163.7s avg_lap=326.3s best_lap=316.3
t=8648.2 route=2 laps=18 crashes=1 avg_out=184.0s avg_ret=247.1s avg_lap=444.5s best_lap=430.1
t=8648.2 route=3 laps=18 crashes=0 avg_out=216.5s avg_ret=262.9s avg_lap=491.7s best_lap=447.7
t=8648.2 route=4 laps=20 crashes=0 avg_out=172.8s avg_ret=155.7s avg_lap=340.5s best_lap=332.6
t=8648.2 route=5 laps=18 crashes=0 avg_out=254.0s avg_ret=233.1s avg_lap=499.1s best_lap=486.0
t=8648.2 route=6 laps=19 crashes=0 avg_out=145.8s avg_ret=143.2s avg_lap=301.1s best_lap=273.6
t=8648.2 route=7 laps=19 crashes=0 avg_out=170.3s avg_ret=148.5s avg_lap=331.0s best_lap=315.4
t=8648.2 route=8 laps=19 crashes=0 avg_out=173.7s avg_ret=179.0s avg_lap=364.8s best_lap=351.4
t=8648.3 TOTAL laps=151 crashes=1
t=8648.3 TUNER gen=2 results=24/64 pending=8 active=8 remaining=40 next_trial=161 rounds=[5,4,3,5,3,4,4,4]
t=8655.5 LAP_CAPTURE craft=Aircraft_10_nav_r7_156 route=7 return=146.5s lap=324.5s carrier_dist=200m t=8655.5
t=8672.4 SPAWN craft=Aircraft_10_nav_r7_161 route=7 candidate=3 trial=161 t=8672.4
t=8678.2 ==== SUMMARY t=8678.2 ====
t=8678.2 route=1 laps=20 crashes=0 avg_out=150.6s avg_ret=163.7s avg_lap=326.3s best_lap=316.3
t=8678.2 route=2 laps=18 crashes=1 avg_out=184.0s avg_ret=247.1s avg_lap=444.5s best_lap=430.1
t=8678.2 route=3 laps=18 crashes=0 avg_out=216.5s avg_ret=262.9s avg_lap=491.7s best_lap=447.7
t=8678.2 route=4 laps=20 crashes=0 avg_out=172.8s avg_ret=155.7s avg_lap=340.5s best_lap=332.6
t=8678.3 route=5 laps=18 crashes=0 avg_out=254.0s avg_ret=233.1s avg_lap=499.1s best_lap=486.0
t=8678.3 route=6 laps=19 crashes=0 avg_out=145.8s avg_ret=143.2s avg_lap=301.1s best_lap=273.6
t=8678.3 route=7 laps=20 crashes=0 avg_out=170.3s avg_ret=148.4s avg_lap=330.7s best_lap=315.4
t=8678.3 route=8 laps=19 crashes=0 avg_out=173.7s avg_ret=179.0s avg_lap=364.8s best_lap=351.4
t=8678.3 TOTAL laps=152 crashes=1
t=8678.3 TUNER gen=2 results=25/64 pending=8 active=8 remaining=39 next_trial=162 rounds=[5,4,3,5,3,4,5,4]
t=8680.5 LZ_REACHED craft=Aircraft_10_nav_r1_158 route=1 outbound=153.7s t=8680.5
t=8708.2 ==== SUMMARY t=8708.2 ====
t=8708.2 route=1 laps=20 crashes=0 avg_out=150.7s avg_ret=163.7s avg_lap=326.3s best_lap=316.3
t=8708.2 route=2 laps=18 crashes=1 avg_out=184.0s avg_ret=247.1s avg_lap=444.5s best_lap=430.1
t=8708.3 route=3 laps=18 crashes=0 avg_out=216.5s avg_ret=262.9s avg_lap=491.7s best_lap=447.7
t=8708.3 route=4 laps=20 crashes=0 avg_out=172.8s avg_ret=155.7s avg_lap=340.5s best_lap=332.6
t=8708.3 route=5 laps=18 crashes=0 avg_out=254.0s avg_ret=233.1s avg_lap=499.1s best_lap=486.0
t=8708.3 route=6 laps=19 crashes=0 avg_out=145.8s avg_ret=143.2s avg_lap=301.1s best_lap=273.6
t=8708.3 route=7 laps=20 crashes=0 avg_out=170.3s avg_ret=148.4s avg_lap=330.7s best_lap=315.4
t=8708.3 route=8 laps=19 crashes=0 avg_out=173.7s avg_ret=179.0s avg_lap=364.8s best_lap=351.4
t=8708.3 TOTAL laps=152 crashes=1
t=8708.3 TUNER gen=2 results=25/64 pending=8 active=8 remaining=39 next_trial=162 rounds=[5,4,3,5,3,4,5,4]
t=8738.3 ==== SUMMARY t=8738.3 ====
t=8738.3 route=1 laps=20 crashes=0 avg_out=150.7s avg_ret=163.7s avg_lap=326.3s best_lap=316.3
t=8738.3 route=2 laps=18 crashes=1 avg_out=184.0s avg_ret=247.1s avg_lap=444.5s best_lap=430.1
t=8738.3 route=3 laps=18 crashes=0 avg_out=216.5s avg_ret=262.9s avg_lap=491.7s best_lap=447.7
t=8738.3 route=4 laps=20 crashes=0 avg_out=172.8s avg_ret=155.7s avg_lap=340.5s best_lap=332.6
t=8738.3 route=5 laps=18 crashes=0 avg_out=254.0s avg_ret=233.1s avg_lap=499.1s best_lap=486.0
t=8738.3 route=6 laps=19 crashes=0 avg_out=145.8s avg_ret=143.2s avg_lap=301.1s best_lap=273.6
t=8738.3 route=7 laps=20 crashes=0 avg_out=170.3s avg_ret=148.4s avg_lap=330.7s best_lap=315.4
t=8738.3 route=8 laps=19 crashes=0 avg_out=173.7s avg_ret=179.0s avg_lap=364.8s best_lap=351.4
t=8738.3 TOTAL laps=152 crashes=1
t=8738.3 TUNER gen=2 results=25/64 pending=8 active=8 remaining=39 next_trial=162 rounds=[5,4,3,5,3,4,5,4]
t=8761.9 LAP_CAPTURE craft=Aircraft_10_nav_r3_153 route=3 return=282.7s lap=506.2s carrier_dist=200m t=8761.9
t=8768.3 ==== SUMMARY t=8768.3 ====
t=8768.3 route=1 laps=20 crashes=0 avg_out=150.7s avg_ret=163.7s avg_lap=326.3s best_lap=316.3
t=8768.3 route=2 laps=18 crashes=1 avg_out=184.0s avg_ret=247.1s avg_lap=444.5s best_lap=430.1
t=8768.3 route=3 laps=19 crashes=0 avg_out=216.5s avg_ret=264.0s avg_lap=492.5s best_lap=447.7
t=8768.3 route=4 laps=20 crashes=0 avg_out=172.8s avg_ret=155.7s avg_lap=340.5s best_lap=332.6
t=8768.3 route=5 laps=18 crashes=0 avg_out=254.0s avg_ret=233.1s avg_lap=499.1s best_lap=486.0
t=8768.3 route=6 laps=19 crashes=0 avg_out=145.8s avg_ret=143.2s avg_lap=301.1s best_lap=273.6
t=8768.3 route=7 laps=20 crashes=0 avg_out=170.3s avg_ret=148.4s avg_lap=330.7s best_lap=315.4
t=8768.3 route=8 laps=19 crashes=0 avg_out=173.7s avg_ret=179.0s avg_lap=364.8s best_lap=351.4
t=8768.3 TOTAL laps=153 crashes=1
t=8768.3 TUNER gen=2 results=26/64 pending=7 active=7 remaining=38 next_trial=162 rounds=[5,4,3,5,3,4,5,4]
t=8769.9 LZ_REACHED craft=Aircraft_10_nav_r2_159 route=2 outbound=192.9s t=8769.9
t=8770.5 LAP_CAPTURE craft=Aircraft_10_nav_r5_154 route=5 return=229.9s lap=494.7s carrier_dist=200m t=8770.5
t=8777.5 LAUNCH_BLOCKED reason=deck_busy active=7 stored=1 no_active_s=0.0 state=AIRCRAFT_ON_DECK tractor_cleanup=false elevator_transfer=false deck=Aircraft_10_nav_r3_162 pending=none clearance=none queue=1
t=8777.8 SPAWN craft=Aircraft_10_nav_r3_162 route=3 candidate=6 trial=162 t=8777.8
t=8792.6 LAUNCH_BLOCKED reason=landing_or_storage_busy active=7 stored=1 no_active_s=0.0 state=IDLE tractor_cleanup=false elevator_transfer=false deck=Aircraft_10_nav_r3_162 pending=none clearance=Aircraft_10_nav_r8_157 queue=0
t=8797.7 LAP_CAPTURE craft=Aircraft_10_nav_r8_157 route=8 return=181.6s lap=366.4s carrier_dist=200m t=8797.7
t=8798.3 ==== SUMMARY t=8798.3 ====
t=8798.3 route=1 laps=20 crashes=0 avg_out=150.7s avg_ret=163.7s avg_lap=326.3s best_lap=316.3
t=8798.3 route=2 laps=18 crashes=1 avg_out=184.4s avg_ret=247.1s avg_lap=444.5s best_lap=430.1
t=8798.3 route=3 laps=19 crashes=0 avg_out=216.5s avg_ret=264.0s avg_lap=492.5s best_lap=447.7
t=8798.4 route=4 laps=20 crashes=0 avg_out=172.8s avg_ret=155.7s avg_lap=340.5s best_lap=332.6
t=8798.4 route=5 laps=19 crashes=0 avg_out=254.0s avg_ret=232.9s avg_lap=498.9s best_lap=486.0
t=8798.4 route=6 laps=19 crashes=0 avg_out=145.8s avg_ret=143.2s avg_lap=301.1s best_lap=273.6
t=8798.4 route=7 laps=20 crashes=0 avg_out=170.3s avg_ret=148.4s avg_lap=330.7s best_lap=315.4
t=8798.4 route=8 laps=20 crashes=0 avg_out=173.7s avg_ret=179.1s avg_lap=364.8s best_lap=351.4
t=8798.4 TOTAL laps=155 crashes=1
t=8798.4 TUNER gen=2 results=28/64 pending=6 active=6 remaining=36 next_trial=163 rounds=[5,4,4,5,3,4,5,4]
t=8807.6 LAUNCH_BLOCKED reason=deck_busy active=7 stored=1 no_active_s=0.0 state=RETRIEVING_FROM_HANGAR tractor_cleanup=false elevator_transfer=false deck=Aircraft_10_nav_r5_163 pending=none clearance=none queue=0
t=8818.0 SPAWN craft=Aircraft_10_nav_r5_163 route=5 candidate=8 trial=163 t=8818.0
t=8822.8 LAUNCH_BLOCKED reason=cleared_unready_nav_deck_aircraft active=7 stored=1 no_active_s=0.0 state=IDLE tractor_cleanup=false elevator_transfer=false deck=Aircraft_10_nav_r5_163 pending=none clearance=none queue=0
t=8826.1 LZ_REACHED craft=Aircraft_10_nav_r4_160 route=4 outbound=178.8s t=8826.1
t=8828.5 ==== SUMMARY t=8828.5 ====
t=8828.5 route=1 laps=20 crashes=0 avg_out=150.7s avg_ret=163.7s avg_lap=326.3s best_lap=316.3
t=8828.5 route=2 laps=18 crashes=1 avg_out=184.4s avg_ret=247.1s avg_lap=444.5s best_lap=430.1
t=8828.5 route=3 laps=19 crashes=0 avg_out=216.5s avg_ret=264.0s avg_lap=492.5s best_lap=447.7
t=8828.5 route=4 laps=20 crashes=0 avg_out=173.0s avg_ret=155.7s avg_lap=340.5s best_lap=332.6
t=8828.5 route=5 laps=19 crashes=0 avg_out=254.0s avg_ret=232.9s avg_lap=498.9s best_lap=486.0
t=8828.5 route=6 laps=19 crashes=0 avg_out=145.8s avg_ret=143.2s avg_lap=301.1s best_lap=273.6
t=8828.5 route=7 laps=20 crashes=0 avg_out=170.3s avg_ret=148.4s avg_lap=330.7s best_lap=315.4
t=8828.5 route=8 laps=20 crashes=0 avg_out=173.7s avg_ret=179.1s avg_lap=364.8s best_lap=351.4
t=8828.5 TOTAL laps=155 crashes=1
t=8828.5 TUNER gen=2 results=28/64 pending=7 active=7 remaining=36 next_trial=164 rounds=[5,4,4,5,4,4,5,4]
t=8838.1 SPAWN craft=Aircraft_10_nav_r8_164 route=8 candidate=4 trial=164 t=8838.1
t=8844.5 LZ_REACHED craft=Aircraft_10_nav_r7_161 route=7 outbound=172.1s t=8844.5
t=8856.9 LAP_CAPTURE craft=Aircraft_10_nav_r1_158 route=1 return=164.4s lap=330.2s carrier_dist=200m t=8856.9
t=8858.6 ==== SUMMARY t=8858.6 ====
t=8858.6 route=1 laps=21 crashes=0 avg_out=150.7s avg_ret=163.7s avg_lap=326.5s best_lap=316.3
t=8858.6 route=2 laps=18 crashes=1 avg_out=184.4s avg_ret=247.1s avg_lap=444.5s best_lap=430.1
t=8858.6 route=3 laps=19 crashes=0 avg_out=216.5s avg_ret=264.0s avg_lap=492.5s best_lap=447.7
t=8858.6 route=4 laps=20 crashes=0 avg_out=173.0s avg_ret=155.7s avg_lap=340.5s best_lap=332.6
t=8858.6 route=5 laps=19 crashes=0 avg_out=254.0s avg_ret=232.9s avg_lap=498.9s best_lap=486.0
t=8858.6 route=6 laps=19 crashes=0 avg_out=145.8s avg_ret=143.2s avg_lap=301.1s best_lap=273.6
t=8858.6 route=7 laps=20 crashes=0 avg_out=170.4s avg_ret=148.4s avg_lap=330.7s best_lap=315.4
t=8858.6 route=8 laps=20 crashes=0 avg_out=173.7s avg_ret=179.1s avg_lap=364.8s best_lap=351.4
t=8858.7 TOTAL laps=156 crashes=1
t=8858.7 TUNER gen=2 results=29/64 pending=7 active=7 remaining=35 next_trial=165 rounds=[5,4,4,5,4,4,5,5]
t=8873.4 SPAWN craft=Aircraft_10_nav_r1_165 route=1 candidate=6 trial=165 t=8873.4
t=8888.7 ==== SUMMARY t=8888.7 ====
t=8888.7 route=1 laps=21 crashes=0 avg_out=150.7s avg_ret=163.7s avg_lap=326.5s best_lap=316.3
t=8888.7 route=2 laps=18 crashes=1 avg_out=184.4s avg_ret=247.1s avg_lap=444.5s best_lap=430.1
t=8888.7 route=3 laps=19 crashes=0 avg_out=216.5s avg_ret=264.0s avg_lap=492.5s best_lap=447.7
t=8888.7 route=4 laps=20 crashes=0 avg_out=173.0s avg_ret=155.7s avg_lap=340.5s best_lap=332.6
t=8888.7 route=5 laps=19 crashes=0 avg_out=254.0s avg_ret=232.9s avg_lap=498.9s best_lap=486.0
t=8888.7 route=6 laps=19 crashes=0 avg_out=145.8s avg_ret=143.2s avg_lap=301.1s best_lap=273.6
t=8888.7 route=7 laps=20 crashes=0 avg_out=170.4s avg_ret=148.4s avg_lap=330.7s best_lap=315.4
t=8888.7 route=8 laps=20 crashes=0 avg_out=173.7s avg_ret=179.1s avg_lap=364.8s best_lap=351.4
t=8888.7 TOTAL laps=156 crashes=1
t=8888.7 TUNER gen=2 results=29/64 pending=8 active=8 remaining=35 next_trial=166 rounds=[6,4,4,5,4,4,5,5]
t=8918.7 ==== SUMMARY t=8918.7 ====
t=8918.7 route=1 laps=21 crashes=0 avg_out=150.7s avg_ret=163.7s avg_lap=326.5s best_lap=316.3
t=8918.7 route=2 laps=18 crashes=1 avg_out=184.4s avg_ret=247.1s avg_lap=444.5s best_lap=430.1
t=8918.7 route=3 laps=19 crashes=0 avg_out=216.5s avg_ret=264.0s avg_lap=492.5s best_lap=447.7
t=8918.7 route=4 laps=20 crashes=0 avg_out=173.0s avg_ret=155.7s avg_lap=340.5s best_lap=332.6
t=8918.7 route=5 laps=19 crashes=0 avg_out=254.0s avg_ret=232.9s avg_lap=498.9s best_lap=486.0
t=8918.7 route=6 laps=19 crashes=0 avg_out=145.8s avg_ret=143.2s avg_lap=301.1s best_lap=273.6
t=8918.8 route=7 laps=20 crashes=0 avg_out=170.4s avg_ret=148.4s avg_lap=330.7s best_lap=315.4
t=8918.8 route=8 laps=20 crashes=0 avg_out=173.7s avg_ret=179.1s avg_lap=364.8s best_lap=351.4
t=8918.8 TOTAL laps=156 crashes=1
t=8918.8 TUNER gen=2 results=29/64 pending=8 active=8 remaining=35 next_trial=166 rounds=[6,4,4,5,4,4,5,5]
t=8948.7 ==== SUMMARY t=8948.7 ====
t=8948.7 route=1 laps=21 crashes=0 avg_out=150.7s avg_ret=163.7s avg_lap=326.5s best_lap=316.3
t=8948.7 route=2 laps=18 crashes=1 avg_out=184.4s avg_ret=247.1s avg_lap=444.5s best_lap=430.1
t=8948.7 route=3 laps=19 crashes=0 avg_out=216.5s avg_ret=264.0s avg_lap=492.5s best_lap=447.7
t=8948.7 route=4 laps=20 crashes=0 avg_out=173.0s avg_ret=155.7s avg_lap=340.5s best_lap=332.6
t=8948.7 route=5 laps=19 crashes=0 avg_out=254.0s avg_ret=232.9s avg_lap=498.9s best_lap=486.0
t=8948.8 route=6 laps=19 crashes=0 avg_out=145.8s avg_ret=143.2s avg_lap=301.1s best_lap=273.6
t=8948.8 route=7 laps=20 crashes=0 avg_out=170.4s avg_ret=148.4s avg_lap=330.7s best_lap=315.4
t=8948.8 route=8 laps=20 crashes=0 avg_out=173.7s avg_ret=179.1s avg_lap=364.8s best_lap=351.4
t=8948.8 TOTAL laps=156 crashes=1
t=8948.8 TUNER gen=2 results=29/64 pending=8 active=8 remaining=35 next_trial=166 rounds=[6,4,4,5,4,4,5,5]
t=8978.7 ==== SUMMARY t=8978.7 ====
t=8978.7 route=1 laps=21 crashes=0 avg_out=150.7s avg_ret=163.7s avg_lap=326.5s best_lap=316.3
t=8978.7 route=2 laps=18 crashes=1 avg_out=184.4s avg_ret=247.1s avg_lap=444.5s best_lap=430.1
t=8978.7 route=3 laps=19 crashes=0 avg_out=216.5s avg_ret=264.0s avg_lap=492.5s best_lap=447.7
t=8978.7 route=4 laps=20 crashes=0 avg_out=173.0s avg_ret=155.7s avg_lap=340.5s best_lap=332.6
t=8978.8 route=5 laps=19 crashes=0 avg_out=254.0s avg_ret=232.9s avg_lap=498.9s best_lap=486.0
t=8978.8 route=6 laps=19 crashes=0 avg_out=145.8s avg_ret=143.2s avg_lap=301.1s best_lap=273.6
t=8978.8 route=7 laps=20 crashes=0 avg_out=170.4s avg_ret=148.4s avg_lap=330.7s best_lap=315.4
t=8978.8 route=8 laps=20 crashes=0 avg_out=173.7s avg_ret=179.1s avg_lap=364.8s best_lap=351.4
t=8978.8 TOTAL laps=156 crashes=1
t=8978.8 TUNER gen=2 results=29/64 pending=8 active=8 remaining=35 next_trial=166 rounds=[6,4,4,5,4,4,5,5]
t=8995.5 LAP_CAPTURE craft=Aircraft_10_nav_r4_160 route=4 return=157.3s lap=348.2s carrier_dist=200m t=8995.5
t=9003.1 LZ_REACHED craft=Aircraft_10_nav_r3_162 route=3 outbound=225.4s t=9003.1
t=9008.8 ==== SUMMARY t=9008.8 ====
t=9008.8 route=1 laps=21 crashes=0 avg_out=150.7s avg_ret=163.7s avg_lap=326.5s best_lap=316.3
t=9008.8 route=2 laps=18 crashes=1 avg_out=184.4s avg_ret=247.1s avg_lap=444.5s best_lap=430.1
t=9008.8 route=3 laps=19 crashes=0 avg_out=216.9s avg_ret=264.0s avg_lap=492.5s best_lap=447.7
t=9008.8 route=4 laps=21 crashes=0 avg_out=173.0s avg_ret=155.8s avg_lap=340.8s best_lap=332.6
t=9008.8 route=5 laps=19 crashes=0 avg_out=254.0s avg_ret=232.9s avg_lap=498.9s best_lap=486.0
t=9008.8 route=6 laps=19 crashes=0 avg_out=145.8s avg_ret=143.2s avg_lap=301.1s best_lap=273.6
t=9008.8 route=7 laps=20 crashes=0 avg_out=170.4s avg_ret=148.4s avg_lap=330.7s best_lap=315.4
t=9008.8 route=8 laps=20 crashes=0 avg_out=173.7s avg_ret=179.1s avg_lap=364.8s best_lap=351.4
t=9008.8 TOTAL laps=157 crashes=1
t=9008.8 TUNER gen=2 results=30/64 pending=8 active=8 remaining=34 next_trial=167 rounds=[6,4,4,6,4,4,5,5]
t=9010.0 LAP_CAPTURE craft=Aircraft_10_nav_r7_161 route=7 return=153.5s lap=337.6s carrier_dist=200m t=9010.0
t=9010.1 LZ_REACHED craft=Aircraft_10_nav_r8_164 route=8 outbound=171.9s t=9010.1
t=9013.9 SPAWN craft=Aircraft_10_nav_r4_166 route=4 candidate=1 trial=166 t=9013.9
t=9018.7 LAUNCH_BLOCKED reason=landing_or_storage_busy active=7 stored=1 no_active_s=0.0 state=IDLE tractor_cleanup=false elevator_transfer=false deck=Aircraft_10_nav_r4_166 pending=none clearance=Aircraft_10_nav_r2_159 queue=0
t=9030.0 LZ_REACHED craft=Aircraft_10_nav_r1_165 route=1 outbound=156.6s t=9030.0
t=9033.7 LAUNCH_BLOCKED reason=landing_or_storage_busy active=7 stored=1 no_active_s=0.0 state=IDLE tractor_cleanup=false elevator_transfer=false deck=Aircraft_10_nav_r4_166 pending=none clearance=Aircraft_10_nav_r2_159 queue=0
t=9038.8 ==== SUMMARY t=9038.8 ====
t=9038.8 route=1 laps=21 crashes=0 avg_out=151.0s avg_ret=163.7s avg_lap=326.5s best_lap=316.3
t=9038.8 route=2 laps=18 crashes=1 avg_out=184.4s avg_ret=247.1s avg_lap=444.5s best_lap=430.1
t=9038.8 route=3 laps=19 crashes=0 avg_out=216.9s avg_ret=264.0s avg_lap=492.5s best_lap=447.7
t=9038.8 route=4 laps=21 crashes=0 avg_out=173.0s avg_ret=155.8s avg_lap=340.8s best_lap=332.6
t=9038.9 route=5 laps=19 crashes=0 avg_out=254.0s avg_ret=232.9s avg_lap=498.9s best_lap=486.0
t=9038.9 route=6 laps=19 crashes=0 avg_out=145.8s avg_ret=143.2s avg_lap=301.1s best_lap=273.6
t=9038.9 route=7 laps=21 crashes=0 avg_out=170.4s avg_ret=148.6s avg_lap=331.0s best_lap=315.4
t=9038.9 route=8 laps=20 crashes=0 avg_out=173.6s avg_ret=179.1s avg_lap=364.8s best_lap=351.4
t=9038.9 TOTAL laps=158 crashes=1
t=9038.9 TUNER gen=2 results=31/64 pending=7 active=7 remaining=33 next_trial=167 rounds=[6,4,4,6,4,4,5,5]
t=9042.1 LAP_CAPTURE craft=Aircraft_10_nav_r2_159 route=2 return=260.2s lap=465.1s carrier_dist=200m t=9042.1
t=9048.8 LAUNCH_BLOCKED reason=deck_busy active=7 stored=1 no_active_s=0.0 state=RETRIEVING_FROM_HANGAR tractor_cleanup=false elevator_transfer=false deck=Aircraft_10_nav_r7_167 pending=none clearance=none queue=0
t=9059.0 SPAWN craft=Aircraft_10_nav_r7_167 route=7 candidate=4 trial=167 t=9059.0
t=9063.8 LAUNCH_BLOCKED reason=cleared_unready_nav_deck_aircraft active=7 stored=1 no_active_s=0.0 state=IDLE tractor_cleanup=false elevator_transfer=false deck=Aircraft_10_nav_r7_167 pending=none clearance=none queue=0
t=9068.9 ==== SUMMARY t=9068.9 ====
t=9068.9 route=1 laps=21 crashes=0 avg_out=151.0s avg_ret=163.7s avg_lap=326.5s best_lap=316.3
t=9068.9 route=2 laps=19 crashes=1 avg_out=184.4s avg_ret=247.8s avg_lap=445.6s best_lap=430.1
t=9068.9 route=3 laps=19 crashes=0 avg_out=216.9s avg_ret=264.0s avg_lap=492.5s best_lap=447.7
t=9068.9 route=4 laps=21 crashes=0 avg_out=173.0s avg_ret=155.8s avg_lap=340.8s best_lap=332.6
t=9068.9 route=5 laps=19 crashes=0 avg_out=254.0s avg_ret=232.9s avg_lap=498.9s best_lap=486.0
t=9068.9 route=6 laps=19 crashes=0 avg_out=145.8s avg_ret=143.2s avg_lap=301.1s best_lap=273.6
t=9068.9 route=7 laps=21 crashes=0 avg_out=170.4s avg_ret=148.6s avg_lap=331.0s best_lap=315.4
t=9068.9 route=8 laps=20 crashes=0 avg_out=173.6s avg_ret=179.1s avg_lap=364.8s best_lap=351.4
t=9068.9 TOTAL laps=159 crashes=1
t=9068.9 TUNER gen=2 results=32/64 pending=7 active=7 remaining=32 next_trial=168 rounds=[6,4,4,6,4,4,6,5]
t=9079.1 SPAWN craft=Aircraft_10_nav_r2_168 route=2 candidate=6 trial=168 t=9079.1
t=9082.7 LZ_REACHED craft=Aircraft_10_nav_r5_163 route=5 outbound=264.7s t=9082.7
t=9099.0 ==== SUMMARY t=9099.0 ====
t=9099.0 route=1 laps=21 crashes=0 avg_out=151.0s avg_ret=163.7s avg_lap=326.5s best_lap=316.3
t=9099.0 route=2 laps=19 crashes=1 avg_out=184.4s avg_ret=247.8s avg_lap=445.6s best_lap=430.1
t=9099.0 route=3 laps=19 crashes=0 avg_out=216.9s avg_ret=264.0s avg_lap=492.5s best_lap=447.7
t=9099.0 route=4 laps=21 crashes=0 avg_out=173.0s avg_ret=155.8s avg_lap=340.8s best_lap=332.6
t=9099.0 route=5 laps=19 crashes=0 avg_out=254.5s avg_ret=232.9s avg_lap=498.9s best_lap=486.0
t=9099.0 route=6 laps=19 crashes=0 avg_out=145.8s avg_ret=143.2s avg_lap=301.1s best_lap=273.6
t=9099.0 route=7 laps=21 crashes=0 avg_out=170.4s avg_ret=148.6s avg_lap=331.0s best_lap=315.4
t=9099.0 route=8 laps=20 crashes=0 avg_out=173.6s avg_ret=179.1s avg_lap=364.8s best_lap=351.4
t=9099.0 TOTAL laps=159 crashes=1
t=9099.0 TUNER gen=2 results=32/64 pending=8 active=8 remaining=32 next_trial=169 rounds=[6,5,4,6,4,4,6,5]
t=9127.6 TUNING_TIMEOUT craft=Aircraft_10_nav_r6_152 route=6 trial=152
t=9127.7 CRASH craft=Aircraft_10_nav_r6_152 route=6 phase=0 t=9127.7
t=9129.0 ==== SUMMARY t=9129.0 ====
t=9129.0 route=1 laps=21 crashes=0 avg_out=151.0s avg_ret=163.7s avg_lap=326.5s best_lap=316.3
t=9129.0 route=2 laps=19 crashes=1 avg_out=184.4s avg_ret=247.8s avg_lap=445.6s best_lap=430.1
t=9129.0 route=3 laps=19 crashes=0 avg_out=216.9s avg_ret=264.0s avg_lap=492.5s best_lap=447.7
t=9129.0 route=4 laps=21 crashes=0 avg_out=173.0s avg_ret=155.8s avg_lap=340.8s best_lap=332.6
t=9129.0 route=5 laps=19 crashes=0 avg_out=254.5s avg_ret=232.9s avg_lap=498.9s best_lap=486.0
t=9129.0 route=6 laps=19 crashes=1 avg_out=145.8s avg_ret=143.2s avg_lap=301.1s best_lap=273.6
t=9129.0 route=7 laps=21 crashes=0 avg_out=170.4s avg_ret=148.6s avg_lap=331.0s best_lap=315.4
t=9129.0 route=8 laps=20 crashes=0 avg_out=173.6s avg_ret=179.1s avg_lap=364.8s best_lap=351.4
t=9129.0 TOTAL laps=159 crashes=2
t=9129.0 TUNER gen=2 results=33/64 pending=7 active=7 remaining=31 next_trial=169 rounds=[6,5,4,6,4,4,6,5]
t=9144.5 SPAWN craft=Aircraft_10_nav_r6_169 route=6 candidate=2 trial=169 t=9144.5
t=9159.1 ==== SUMMARY t=9159.1 ====
t=9159.1 route=1 laps=21 crashes=0 avg_out=151.0s avg_ret=163.7s avg_lap=326.5s best_lap=316.3
t=9159.1 route=2 laps=19 crashes=1 avg_out=184.4s avg_ret=247.8s avg_lap=445.6s best_lap=430.1
t=9159.1 route=3 laps=19 crashes=0 avg_out=216.9s avg_ret=264.0s avg_lap=492.5s best_lap=447.7
t=9159.1 route=4 laps=21 crashes=0 avg_out=173.0s avg_ret=155.8s avg_lap=340.8s best_lap=332.6
t=9159.1 route=5 laps=19 crashes=0 avg_out=254.5s avg_ret=232.9s avg_lap=498.9s best_lap=486.0
t=9159.1 route=6 laps=19 crashes=1 avg_out=145.8s avg_ret=143.2s avg_lap=301.1s best_lap=273.6
t=9159.1 route=7 laps=21 crashes=0 avg_out=170.4s avg_ret=148.6s avg_lap=331.0s best_lap=315.4
t=9159.1 route=8 laps=20 crashes=0 avg_out=173.6s avg_ret=179.1s avg_lap=364.8s best_lap=351.4
t=9159.1 TOTAL laps=159 crashes=2
t=9159.1 TUNER gen=2 results=33/64 pending=8 active=8 remaining=31 next_trial=170 rounds=[6,5,4,6,4,5,6,5]
t=9188.1 LZ_REACHED craft=Aircraft_10_nav_r4_166 route=4 outbound=174.2s t=9188.1
t=9189.1 ==== SUMMARY t=9189.1 ====
t=9189.1 route=1 laps=21 crashes=0 avg_out=151.0s avg_ret=163.7s avg_lap=326.5s best_lap=316.3
t=9189.1 route=2 laps=19 crashes=1 avg_out=184.4s avg_ret=247.8s avg_lap=445.6s best_lap=430.1
t=9189.1 route=3 laps=19 crashes=0 avg_out=216.9s avg_ret=264.0s avg_lap=492.5s best_lap=447.7
t=9189.1 route=4 laps=21 crashes=0 avg_out=173.1s avg_ret=155.8s avg_lap=340.8s best_lap=332.6
t=9189.1 route=5 laps=19 crashes=0 avg_out=254.5s avg_ret=232.9s avg_lap=498.9s best_lap=486.0
t=9189.1 route=6 laps=19 crashes=1 avg_out=145.8s avg_ret=143.2s avg_lap=301.1s best_lap=273.6
t=9189.1 route=7 laps=21 crashes=0 avg_out=170.4s avg_ret=148.6s avg_lap=331.0s best_lap=315.4
t=9189.1 route=8 laps=20 crashes=0 avg_out=173.6s avg_ret=179.1s avg_lap=364.8s best_lap=351.4
t=9189.1 TOTAL laps=159 crashes=2
t=9189.1 TUNER gen=2 results=33/64 pending=8 active=8 remaining=31 next_trial=170 rounds=[6,5,4,6,4,5,6,5]
t=9200.2 LAP_CAPTURE craft=Aircraft_10_nav_r8_164 route=8 return=178.1s lap=362.0s carrier_dist=200m t=9200.2
t=9209.5 LAUNCH_BLOCKED reason=landing_or_storage_busy active=7 stored=1 no_active_s=0.0 state=IDLE tractor_cleanup=false elevator_transfer=false deck=Aircraft_10_nav_r6_169 pending=none clearance=Aircraft_10_nav_r1_165 queue=0
t=9219.1 ==== SUMMARY t=9219.1 ====
t=9219.1 route=1 laps=21 crashes=0 avg_out=151.0s avg_ret=163.7s avg_lap=326.5s best_lap=316.3
t=9219.1 route=2 laps=19 crashes=1 avg_out=184.4s avg_ret=247.8s avg_lap=445.6s best_lap=430.1
t=9219.1 route=3 laps=19 crashes=0 avg_out=216.9s avg_ret=264.0s avg_lap=492.5s best_lap=447.7
t=9219.1 route=4 laps=21 crashes=0 avg_out=173.1s avg_ret=155.8s avg_lap=340.8s best_lap=332.6
t=9219.1 route=5 laps=19 crashes=0 avg_out=254.5s avg_ret=232.9s avg_lap=498.9s best_lap=486.0
t=9219.2 route=6 laps=19 crashes=1 avg_out=145.8s avg_ret=143.2s avg_lap=301.1s best_lap=273.6
t=9219.2 route=7 laps=21 crashes=0 avg_out=170.4s avg_ret=148.6s avg_lap=331.0s best_lap=315.4
t=9219.2 route=8 laps=21 crashes=0 avg_out=173.6s avg_ret=179.1s avg_lap=364.7s best_lap=351.4
t=9219.2 TOTAL laps=160 crashes=2
t=9219.2 TUNER gen=2 results=34/64 pending=7 active=7 remaining=30 next_trial=170 rounds=[6,5,4,6,4,5,6,5]
t=9224.6 LAUNCH_BLOCKED reason=landing_or_storage_busy active=7 stored=1 no_active_s=0.0 state=IDLE tractor_cleanup=false elevator_transfer=false deck=Aircraft_10_nav_r6_169 pending=none clearance=Aircraft_10_nav_r1_165 queue=0
t=9237.0 LZ_REACHED craft=Aircraft_10_nav_r7_167 route=7 outbound=178.0s t=9237.0
t=9239.6 LAUNCH_BLOCKED reason=landing_or_storage_busy active=7 stored=1 no_active_s=0.0 state=IDLE tractor_cleanup=false elevator_transfer=false deck=Aircraft_10_nav_r6_169 pending=none clearance=Aircraft_10_nav_r1_165 queue=0
t=9249.1 ==== SUMMARY t=9249.1 ====
t=9249.1 route=1 laps=21 crashes=0 avg_out=151.0s avg_ret=163.7s avg_lap=326.5s best_lap=316.3
t=9249.2 route=2 laps=19 crashes=1 avg_out=184.4s avg_ret=247.8s avg_lap=445.6s best_lap=430.1
t=9249.2 route=3 laps=19 crashes=0 avg_out=216.9s avg_ret=264.0s avg_lap=492.5s best_lap=447.7
t=9249.2 route=4 laps=21 crashes=0 avg_out=173.1s avg_ret=155.8s avg_lap=340.8s best_lap=332.6
t=9249.2 route=5 laps=19 crashes=0 avg_out=254.5s avg_ret=232.9s avg_lap=498.9s best_lap=486.0
t=9249.2 route=6 laps=19 crashes=1 avg_out=145.8s avg_ret=143.2s avg_lap=301.1s best_lap=273.6
t=9249.2 route=7 laps=21 crashes=0 avg_out=170.7s avg_ret=148.6s avg_lap=331.0s best_lap=315.4
t=9249.2 route=8 laps=21 crashes=0 avg_out=173.6s avg_ret=179.1s avg_lap=364.7s best_lap=351.4
t=9249.2 TOTAL laps=160 crashes=2
t=9249.2 TUNER gen=2 results=34/64 pending=7 active=7 remaining=30 next_trial=170 rounds=[6,5,4,6,4,5,6,5]
t=9254.7 LAUNCH_BLOCKED reason=landing_or_storage_busy active=7 stored=1 no_active_s=0.0 state=IDLE tractor_cleanup=false elevator_transfer=false deck=Aircraft_10_nav_r6_169 pending=none clearance=Aircraft_10_nav_r1_165 queue=0
t=9266.9 LZ_REACHED craft=Aircraft_10_nav_r6_169 route=6 outbound=122.4s t=9266.9
t=9269.7 LAUNCH_BLOCKED reason=landing_or_storage_busy active=7 stored=1 no_active_s=0.0 state=IDLE tractor_cleanup=false elevator_transfer=false deck=Aircraft_10_nav_r6_169 pending=none clearance=Aircraft_10_nav_r1_165 queue=0
t=9273.0 LZ_REACHED craft=Aircraft_10_nav_r2_168 route=2 outbound=193.9s t=9273.0
t=9279.1 ==== SUMMARY t=9279.1 ====
t=9279.2 route=1 laps=21 crashes=0 avg_out=151.0s avg_ret=163.7s avg_lap=326.5s best_lap=316.3
t=9279.2 route=2 laps=19 crashes=1 avg_out=184.9s avg_ret=247.8s avg_lap=445.6s best_lap=430.1
t=9279.2 route=3 laps=19 crashes=0 avg_out=216.9s avg_ret=264.0s avg_lap=492.5s best_lap=447.7
t=9279.2 route=4 laps=21 crashes=0 avg_out=173.1s avg_ret=155.8s avg_lap=340.8s best_lap=332.6
t=9279.2 route=5 laps=19 crashes=0 avg_out=254.5s avg_ret=232.9s avg_lap=498.9s best_lap=486.0
t=9279.2 route=6 laps=19 crashes=1 avg_out=144.7s avg_ret=143.2s avg_lap=301.1s best_lap=273.6
t=9279.2 route=7 laps=21 crashes=0 avg_out=170.7s avg_ret=148.6s avg_lap=331.0s best_lap=315.4
t=9279.2 route=8 laps=21 crashes=0 avg_out=173.6s avg_ret=179.1s avg_lap=364.7s best_lap=351.4
t=9279.2 TOTAL laps=160 crashes=2
t=9279.2 TUNER gen=2 results=34/64 pending=7 active=7 remaining=30 next_trial=170 rounds=[6,5,4,6,4,5,6,5]
t=9284.8 LAUNCH_BLOCKED reason=landing_or_storage_busy active=7 stored=1 no_active_s=0.0 state=IDLE tractor_cleanup=false elevator_transfer=false deck=Aircraft_10_nav_r6_169 pending=none clearance=Aircraft_10_nav_r1_165 queue=0
t=9299.9 LAUNCH_BLOCKED reason=landing_or_storage_busy active=7 stored=1 no_active_s=0.0 state=IDLE tractor_cleanup=false elevator_transfer=false deck=Aircraft_10_nav_r6_169 pending=none clearance=Aircraft_10_nav_r1_165 queue=0
t=9305.1 LAP_CAPTURE craft=Aircraft_10_nav_r3_162 route=3 return=289.9s lap=527.3s carrier_dist=200m t=9305.1
t=9309.2 ==== SUMMARY t=9309.2 ====
t=9309.2 route=1 laps=21 crashes=0 avg_out=151.0s avg_ret=163.7s avg_lap=326.5s best_lap=316.3
t=9309.2 route=2 laps=19 crashes=1 avg_out=184.9s avg_ret=247.8s avg_lap=445.6s best_lap=430.1
t=9309.3 route=3 laps=20 crashes=0 avg_out=216.9s avg_ret=265.3s avg_lap=494.2s best_lap=447.7
t=9309.3 route=4 laps=21 crashes=0 avg_out=173.1s avg_ret=155.8s avg_lap=340.8s best_lap=332.6
t=9309.3 route=5 laps=19 crashes=0 avg_out=254.5s avg_ret=232.9s avg_lap=498.9s best_lap=486.0
t=9309.3 route=6 laps=19 crashes=1 avg_out=144.7s avg_ret=143.2s avg_lap=301.1s best_lap=273.6
t=9309.3 route=7 laps=21 crashes=0 avg_out=170.7s avg_ret=148.6s avg_lap=331.0s best_lap=315.4
t=9309.3 route=8 laps=21 crashes=0 avg_out=173.6s avg_ret=179.1s avg_lap=364.7s best_lap=351.4
t=9309.3 TOTAL laps=161 crashes=2
t=9309.3 TUNER gen=2 results=35/64 pending=6 active=6 remaining=29 next_trial=170 rounds=[6,5,4,6,4,5,6,5]
t=9314.9 LAUNCH_BLOCKED reason=landing_or_storage_busy active=6 stored=2 no_active_s=0.0 state=IDLE tractor_cleanup=false elevator_transfer=false deck=Aircraft_10_nav_r6_169 pending=none clearance=Aircraft_10_nav_r1_165 queue=0
t=9322.0 CRASH craft=Aircraft_10_nav_r2_168 route=2 phase=2 t=9322.0
t=9330.0 LAUNCH_BLOCKED reason=landing_or_storage_busy active=5 stored=3 no_active_s=0.0 state=IDLE tractor_cleanup=false elevator_transfer=false deck=Aircraft_10_nav_r6_169 pending=none clearance=Aircraft_10_nav_r1_165 queue=0
t=9334.2 LAP_CAPTURE craft=Aircraft_10_nav_r5_163 route=5 return=239.5s lap=516.3s carrier_dist=200m t=9334.2
t=9339.3 ==== SUMMARY t=9339.3 ====
t=9339.3 route=1 laps=21 crashes=0 avg_out=151.0s avg_ret=163.7s avg_lap=326.5s best_lap=316.3
t=9339.3 route=2 laps=19 crashes=2 avg_out=184.9s avg_ret=247.8s avg_lap=445.6s best_lap=430.1
t=9339.3 route=3 laps=20 crashes=0 avg_out=216.9s avg_ret=265.3s avg_lap=494.2s best_lap=447.7
t=9339.3 route=4 laps=21 crashes=0 avg_out=173.1s avg_ret=155.8s avg_lap=340.8s best_lap=332.6
t=9339.3 route=5 laps=20 crashes=0 avg_out=254.5s avg_ret=233.2s avg_lap=499.8s best_lap=486.0
t=9339.3 route=6 laps=19 crashes=1 avg_out=144.7s avg_ret=143.2s avg_lap=301.1s best_lap=273.6
t=9339.3 route=7 laps=21 crashes=0 avg_out=170.7s avg_ret=148.6s avg_lap=331.0s best_lap=315.4
t=9339.3 route=8 laps=21 crashes=0 avg_out=173.6s avg_ret=179.1s avg_lap=364.7s best_lap=351.4
t=9339.3 TOTAL laps=162 crashes=3
t=9339.3 TUNER gen=2 results=37/64 pending=4 active=4 remaining=27 next_trial=170 rounds=[6,5,4,6,4,5,6,5]
t=9345.0 LAUNCH_BLOCKED reason=landing_or_storage_busy active=4 stored=4 no_active_s=0.0 state=IDLE tractor_cleanup=false elevator_transfer=false deck=Aircraft_10_nav_r6_169 pending=none clearance=Aircraft_10_nav_r1_165 queue=0
t=9355.3 LAP_CAPTURE craft=Aircraft_10_nav_r4_166 route=4 return=155.3s lap=341.5s carrier_dist=200m t=9355.3
t=9360.1 LAUNCH_BLOCKED reason=landing_or_storage_busy active=3 stored=4 no_active_s=0.0 state=IDLE tractor_cleanup=false elevator_transfer=false deck=Aircraft_10_nav_r6_169 pending=none clearance=Aircraft_10_nav_r1_165 queue=0
t=9369.3 ==== SUMMARY t=9369.3 ====
t=9369.3 route=1 laps=21 crashes=0 avg_out=151.0s avg_ret=163.7s avg_lap=326.5s best_lap=316.3
t=9369.3 route=2 laps=19 crashes=2 avg_out=184.9s avg_ret=247.8s avg_lap=445.6s best_lap=430.1
t=9369.3 route=3 laps=20 crashes=0 avg_out=216.9s avg_ret=265.3s avg_lap=494.2s best_lap=447.7
t=9369.3 route=4 laps=22 crashes=0 avg_out=173.1s avg_ret=155.7s avg_lap=340.9s best_lap=332.6
t=9369.3 route=5 laps=20 crashes=0 avg_out=254.5s avg_ret=233.2s avg_lap=499.8s best_lap=486.0
t=9369.3 route=6 laps=19 crashes=1 avg_out=144.7s avg_ret=143.2s avg_lap=301.1s best_lap=273.6
t=9369.3 route=7 laps=21 crashes=0 avg_out=170.7s avg_ret=148.6s avg_lap=331.0s best_lap=315.4
t=9369.3 route=8 laps=21 crashes=0 avg_out=173.6s avg_ret=179.1s avg_lap=364.7s best_lap=351.4
t=9369.3 TOTAL laps=163 crashes=3
t=9369.3 TUNER gen=2 results=38/64 pending=3 active=3 remaining=26 next_trial=170 rounds=[6,5,4,6,4,5,6,5]
t=9375.1 LAUNCH_BLOCKED reason=landing_or_storage_busy active=3 stored=5 no_active_s=0.0 state=IDLE tractor_cleanup=false elevator_transfer=false deck=Aircraft_10_nav_r6_169 pending=none clearance=Aircraft_10_nav_r1_165 queue=0
t=9390.2 LAUNCH_BLOCKED reason=landing_or_storage_busy active=3 stored=5 no_active_s=0.0 state=IDLE tractor_cleanup=false elevator_transfer=false deck=Aircraft_10_nav_r6_169 pending=none clearance=Aircraft_10_nav_r1_165 queue=0
t=9399.3 ==== SUMMARY t=9399.3 ====
t=9399.3 route=1 laps=21 crashes=0 avg_out=151.0s avg_ret=163.7s avg_lap=326.5s best_lap=316.3
t=9399.3 route=2 laps=19 crashes=2 avg_out=184.9s avg_ret=247.8s avg_lap=445.6s best_lap=430.1
t=9399.3 route=3 laps=20 crashes=0 avg_out=216.9s avg_ret=265.3s avg_lap=494.2s best_lap=447.7
t=9399.3 route=4 laps=22 crashes=0 avg_out=173.1s avg_ret=155.7s avg_lap=340.9s best_lap=332.6
t=9399.3 route=5 laps=20 crashes=0 avg_out=254.5s avg_ret=233.2s avg_lap=499.8s best_lap=486.0
t=9399.3 route=6 laps=19 crashes=1 avg_out=144.7s avg_ret=143.2s avg_lap=301.1s best_lap=273.6
t=9399.3 route=7 laps=21 crashes=0 avg_out=170.7s avg_ret=148.6s avg_lap=331.0s best_lap=315.4
t=9399.3 route=8 laps=21 crashes=0 avg_out=173.6s avg_ret=179.1s avg_lap=364.7s best_lap=351.4
t=9399.3 TOTAL laps=163 crashes=3
t=9399.3 TUNER gen=2 results=38/64 pending=3 active=3 remaining=26 next_trial=170 rounds=[6,5,4,6,4,5,6,5]
t=9400.4 LAP_CAPTURE craft=Aircraft_10_nav_r7_167 route=7 return=151.4s lap=341.4s carrier_dist=200m t=9400.4
t=9405.2 LAUNCH_BLOCKED reason=landing_or_storage_busy active=2 stored=5 no_active_s=0.0 state=IDLE tractor_cleanup=false elevator_transfer=false deck=Aircraft_10_nav_r6_169 pending=none clearance=Aircraft_10_nav_r1_165 queue=0
t=9420.3 LAUNCH_BLOCKED reason=landing_or_storage_busy active=2 stored=6 no_active_s=0.0 state=IDLE tractor_cleanup=false elevator_transfer=false deck=Aircraft_10_nav_r6_169 pending=none clearance=Aircraft_10_nav_r1_165 queue=0
t=9426.1 LAP_CAPTURE craft=Aircraft_10_nav_r6_169 route=6 return=147.1s lap=281.5s carrier_dist=200m t=9426.1
t=9429.3 ==== SUMMARY t=9429.3 ====
t=9429.3 route=1 laps=21 crashes=0 avg_out=151.0s avg_ret=163.7s avg_lap=326.5s best_lap=316.3
t=9429.3 route=2 laps=19 crashes=2 avg_out=184.9s avg_ret=247.8s avg_lap=445.6s best_lap=430.1
t=9429.3 route=3 laps=20 crashes=0 avg_out=216.9s avg_ret=265.3s avg_lap=494.2s best_lap=447.7
t=9429.3 route=4 laps=22 crashes=0 avg_out=173.1s avg_ret=155.7s avg_lap=340.9s best_lap=332.6
t=9429.3 route=5 laps=20 crashes=0 avg_out=254.5s avg_ret=233.2s avg_lap=499.8s best_lap=486.0
t=9429.3 route=6 laps=20 crashes=1 avg_out=144.7s avg_ret=143.4s avg_lap=300.1s best_lap=273.6
t=9429.3 route=7 laps=22 crashes=0 avg_out=170.7s avg_ret=148.7s avg_lap=331.5s best_lap=315.4
t=9429.4 route=8 laps=21 crashes=0 avg_out=173.6s avg_ret=179.1s avg_lap=364.7s best_lap=351.4
t=9429.4 TOTAL laps=165 crashes=3
t=9429.4 TUNER gen=2 results=40/64 pending=1 active=1 remaining=24 next_trial=170 rounds=[6,5,4,6,4,5,6,5]
t=9435.3 LAUNCH_BLOCKED reason=landing_or_storage_busy active=1 stored=7 no_active_s=0.0 state=IDLE tractor_cleanup=false elevator_transfer=false deck=none pending=none clearance=Aircraft_10_nav_r1_165 queue=0
t=9450.4 LAUNCH_BLOCKED reason=landing_or_storage_busy active=1 stored=7 no_active_s=0.0 state=IDLE tractor_cleanup=false elevator_transfer=false deck=none pending=none clearance=Aircraft_10_nav_r1_165 queue=0
t=9459.3 ==== SUMMARY t=9459.3 ====
t=9459.3 route=1 laps=21 crashes=0 avg_out=151.0s avg_ret=163.7s avg_lap=326.5s best_lap=316.3
t=9459.3 route=2 laps=19 crashes=2 avg_out=184.9s avg_ret=247.8s avg_lap=445.6s best_lap=430.1
t=9459.3 route=3 laps=20 crashes=0 avg_out=216.9s avg_ret=265.3s avg_lap=494.2s best_lap=447.7
t=9459.3 route=4 laps=22 crashes=0 avg_out=173.1s avg_ret=155.7s avg_lap=340.9s best_lap=332.6
t=9459.3 route=5 laps=20 crashes=0 avg_out=254.5s avg_ret=233.2s avg_lap=499.8s best_lap=486.0
t=9459.3 route=6 laps=20 crashes=1 avg_out=144.7s avg_ret=143.4s avg_lap=300.1s best_lap=273.6
t=9459.3 route=7 laps=22 crashes=0 avg_out=170.7s avg_ret=148.7s avg_lap=331.5s best_lap=315.4
t=9459.4 route=8 laps=21 crashes=0 avg_out=173.6s avg_ret=179.1s avg_lap=364.7s best_lap=351.4
t=9459.4 TOTAL laps=165 crashes=3
t=9459.4 TUNER gen=2 results=40/64 pending=1 active=1 remaining=24 next_trial=170 rounds=[6,5,4,6,4,5,6,5]
t=9465.4 LAUNCH_BLOCKED reason=landing_or_storage_busy active=1 stored=7 no_active_s=0.0 state=IDLE tractor_cleanup=false elevator_transfer=false deck=none pending=none clearance=Aircraft_10_nav_r1_165 queue=0
t=9480.5 LAUNCH_BLOCKED reason=landing_or_storage_busy active=1 stored=7 no_active_s=0.0 state=IDLE tractor_cleanup=false elevator_transfer=false deck=none pending=none clearance=Aircraft_10_nav_r1_165 queue=0
t=9489.3 ==== SUMMARY t=9489.3 ====
t=9489.3 route=1 laps=21 crashes=0 avg_out=151.0s avg_ret=163.7s avg_lap=326.5s best_lap=316.3
t=9489.3 route=2 laps=19 crashes=2 avg_out=184.9s avg_ret=247.8s avg_lap=445.6s best_lap=430.1
t=9489.4 route=3 laps=20 crashes=0 avg_out=216.9s avg_ret=265.3s avg_lap=494.2s best_lap=447.7
t=9489.4 route=4 laps=22 crashes=0 avg_out=173.1s avg_ret=155.7s avg_lap=340.9s best_lap=332.6
t=9489.4 route=5 laps=20 crashes=0 avg_out=254.5s avg_ret=233.2s avg_lap=499.8s best_lap=486.0
t=9489.4 route=6 laps=20 crashes=1 avg_out=144.7s avg_ret=143.4s avg_lap=300.1s best_lap=273.6
t=9489.4 route=7 laps=22 crashes=0 avg_out=170.7s avg_ret=148.7s avg_lap=331.5s best_lap=315.4
t=9489.4 route=8 laps=21 crashes=0 avg_out=173.6s avg_ret=179.1s avg_lap=364.7s best_lap=351.4
t=9489.4 TOTAL laps=165 crashes=3
t=9489.4 TUNER gen=2 results=40/64 pending=1 active=1 remaining=24 next_trial=170 rounds=[6,5,4,6,4,5,6,5]
t=9495.5 LAUNCH_BLOCKED reason=landing_or_storage_busy active=1 stored=7 no_active_s=0.0 state=IDLE tractor_cleanup=false elevator_transfer=false deck=none pending=none clearance=Aircraft_10_nav_r1_165 queue=0
t=9510.6 LAUNCH_BLOCKED reason=landing_or_storage_busy active=1 stored=7 no_active_s=0.0 state=IDLE tractor_cleanup=false elevator_transfer=false deck=none pending=none clearance=Aircraft_10_nav_r1_165 queue=0
t=9519.4 ==== SUMMARY t=9519.4 ====
t=9519.4 route=1 laps=21 crashes=0 avg_out=151.0s avg_ret=163.7s avg_lap=326.5s best_lap=316.3
t=9519.4 route=2 laps=19 crashes=2 avg_out=184.9s avg_ret=247.8s avg_lap=445.6s best_lap=430.1
t=9519.4 route=3 laps=20 crashes=0 avg_out=216.9s avg_ret=265.3s avg_lap=494.2s best_lap=447.7
t=9519.4 route=4 laps=22 crashes=0 avg_out=173.1s avg_ret=155.7s avg_lap=340.9s best_lap=332.6
t=9519.4 route=5 laps=20 crashes=0 avg_out=254.5s avg_ret=233.2s avg_lap=499.8s best_lap=486.0
t=9519.4 route=6 laps=20 crashes=1 avg_out=144.7s avg_ret=143.4s avg_lap=300.1s best_lap=273.6
t=9519.4 route=7 laps=22 crashes=0 avg_out=170.7s avg_ret=148.7s avg_lap=331.5s best_lap=315.4
t=9519.4 route=8 laps=21 crashes=0 avg_out=173.6s avg_ret=179.1s avg_lap=364.7s best_lap=351.4
t=9519.4 TOTAL laps=165 crashes=3
t=9519.4 TUNER gen=2 results=40/64 pending=1 active=1 remaining=24 next_trial=170 rounds=[6,5,4,6,4,5,6,5]
t=9525.6 LAUNCH_BLOCKED reason=landing_or_storage_busy active=1 stored=7 no_active_s=0.0 state=IDLE tractor_cleanup=false elevator_transfer=false deck=none pending=none clearance=Aircraft_10_nav_r1_165 queue=0
t=9540.7 LAUNCH_BLOCKED reason=landing_or_storage_busy active=1 stored=7 no_active_s=0.0 state=IDLE tractor_cleanup=false elevator_transfer=false deck=none pending=none clearance=Aircraft_10_nav_r1_165 queue=0
t=9549.4 ==== SUMMARY t=9549.4 ====
t=9549.4 route=1 laps=21 crashes=0 avg_out=151.0s avg_ret=163.7s avg_lap=326.5s best_lap=316.3
t=9549.4 route=2 laps=19 crashes=2 avg_out=184.9s avg_ret=247.8s avg_lap=445.6s best_lap=430.1
t=9549.4 route=3 laps=20 crashes=0 avg_out=216.9s avg_ret=265.3s avg_lap=494.2s best_lap=447.7
t=9549.4 route=4 laps=22 crashes=0 avg_out=173.1s avg_ret=155.7s avg_lap=340.9s best_lap=332.6
t=9549.4 route=5 laps=20 crashes=0 avg_out=254.5s avg_ret=233.2s avg_lap=499.8s best_lap=486.0
t=9549.4 route=6 laps=20 crashes=1 avg_out=144.7s avg_ret=143.4s avg_lap=300.1s best_lap=273.6
t=9549.4 route=7 laps=22 crashes=0 avg_out=170.7s avg_ret=148.7s avg_lap=331.5s best_lap=315.4
t=9549.4 route=8 laps=21 crashes=0 avg_out=173.6s avg_ret=179.1s avg_lap=364.7s best_lap=351.4
t=9549.4 TOTAL laps=165 crashes=3
t=9549.4 TUNER gen=2 results=40/64 pending=1 active=1 remaining=24 next_trial=170 rounds=[6,5,4,6,4,5,6,5]
t=9555.7 LAUNCH_BLOCKED reason=landing_or_storage_busy active=1 stored=7 no_active_s=0.0 state=IDLE tractor_cleanup=false elevator_transfer=false deck=none pending=none clearance=Aircraft_10_nav_r1_165 queue=0
t=9570.8 LAUNCH_BLOCKED reason=landing_or_storage_busy active=1 stored=7 no_active_s=0.0 state=IDLE tractor_cleanup=false elevator_transfer=false deck=none pending=none clearance=Aircraft_10_nav_r1_165 queue=0
t=9579.4 ==== SUMMARY t=9579.4 ====
t=9579.4 route=1 laps=21 crashes=0 avg_out=151.0s avg_ret=163.7s avg_lap=326.5s best_lap=316.3
t=9579.4 route=2 laps=19 crashes=2 avg_out=184.9s avg_ret=247.8s avg_lap=445.6s best_lap=430.1
t=9579.4 route=3 laps=20 crashes=0 avg_out=216.9s avg_ret=265.3s avg_lap=494.2s best_lap=447.7
t=9579.4 route=4 laps=22 crashes=0 avg_out=173.1s avg_ret=155.7s avg_lap=340.9s best_lap=332.6
t=9579.4 route=5 laps=20 crashes=0 avg_out=254.5s avg_ret=233.2s avg_lap=499.8s best_lap=486.0
t=9579.4 route=6 laps=20 crashes=1 avg_out=144.7s avg_ret=143.4s avg_lap=300.1s best_lap=273.6
t=9579.4 route=7 laps=22 crashes=0 avg_out=170.7s avg_ret=148.7s avg_lap=331.5s best_lap=315.4
t=9579.4 route=8 laps=21 crashes=0 avg_out=173.6s avg_ret=179.1s avg_lap=364.7s best_lap=351.4
t=9579.4 TOTAL laps=165 crashes=3
t=9579.4 TUNER gen=2 results=40/64 pending=1 active=1 remaining=24 next_trial=170 rounds=[6,5,4,6,4,5,6,5]
t=9585.8 LAUNCH_BLOCKED reason=landing_or_storage_busy active=1 stored=7 no_active_s=0.0 state=IDLE tractor_cleanup=false elevator_transfer=false deck=none pending=none clearance=Aircraft_10_nav_r1_165 queue=0
t=9600.9 LAUNCH_BLOCKED reason=landing_or_storage_busy active=1 stored=7 no_active_s=0.0 state=IDLE tractor_cleanup=false elevator_transfer=false deck=none pending=none clearance=Aircraft_10_nav_r1_165 queue=0
t=9609.4 ==== SUMMARY t=9609.4 ====
t=9609.4 route=1 laps=21 crashes=0 avg_out=151.0s avg_ret=163.7s avg_lap=326.5s best_lap=316.3
t=9609.4 route=2 laps=19 crashes=2 avg_out=184.9s avg_ret=247.8s avg_lap=445.6s best_lap=430.1
t=9609.4 route=3 laps=20 crashes=0 avg_out=216.9s avg_ret=265.3s avg_lap=494.2s best_lap=447.7
t=9609.4 route=4 laps=22 crashes=0 avg_out=173.1s avg_ret=155.7s avg_lap=340.9s best_lap=332.6
t=9609.4 route=5 laps=20 crashes=0 avg_out=254.5s avg_ret=233.2s avg_lap=499.8s best_lap=486.0
t=9609.4 route=6 laps=20 crashes=1 avg_out=144.7s avg_ret=143.4s avg_lap=300.1s best_lap=273.6
t=9609.4 route=7 laps=22 crashes=0 avg_out=170.7s avg_ret=148.7s avg_lap=331.5s best_lap=315.4
t=9609.5 route=8 laps=21 crashes=0 avg_out=173.6s avg_ret=179.1s avg_lap=364.7s best_lap=351.4
t=9609.5 TOTAL laps=165 crashes=3
t=9609.5 TUNER gen=2 results=40/64 pending=1 active=1 remaining=24 next_trial=170 rounds=[6,5,4,6,4,5,6,5]
t=9615.9 LAUNCH_BLOCKED reason=landing_or_storage_busy active=1 stored=7 no_active_s=0.0 state=IDLE tractor_cleanup=false elevator_transfer=false deck=none pending=none clearance=Aircraft_10_nav_r1_165 queue=0
t=9631.0 LAUNCH_BLOCKED reason=landing_or_storage_busy active=1 stored=7 no_active_s=0.0 state=IDLE tractor_cleanup=false elevator_transfer=false deck=none pending=none clearance=Aircraft_10_nav_r1_165 queue=0
t=9639.4 ==== SUMMARY t=9639.4 ====
t=9639.4 route=1 laps=21 crashes=0 avg_out=151.0s avg_ret=163.7s avg_lap=326.5s best_lap=316.3
t=9639.4 route=2 laps=19 crashes=2 avg_out=184.9s avg_ret=247.8s avg_lap=445.6s best_lap=430.1
t=9639.4 route=3 laps=20 crashes=0 avg_out=216.9s avg_ret=265.3s avg_lap=494.2s best_lap=447.7
t=9639.4 route=4 laps=22 crashes=0 avg_out=173.1s avg_ret=155.7s avg_lap=340.9s best_lap=332.6
t=9639.4 route=5 laps=20 crashes=0 avg_out=254.5s avg_ret=233.2s avg_lap=499.8s best_lap=486.0
t=9639.4 route=6 laps=20 crashes=1 avg_out=144.7s avg_ret=143.4s avg_lap=300.1s best_lap=273.6
t=9639.4 route=7 laps=22 crashes=0 avg_out=170.7s avg_ret=148.7s avg_lap=331.5s best_lap=315.4
t=9639.5 route=8 laps=21 crashes=0 avg_out=173.6s avg_ret=179.1s avg_lap=364.7s best_lap=351.4
t=9639.5 TOTAL laps=165 crashes=3
t=9639.5 TUNER gen=2 results=40/64 pending=1 active=1 remaining=24 next_trial=170 rounds=[6,5,4,6,4,5,6,5]
t=9646.1 LAUNCH_BLOCKED reason=landing_or_storage_busy active=1 stored=7 no_active_s=0.0 state=IDLE tractor_cleanup=false elevator_transfer=false deck=none pending=none clearance=Aircraft_10_nav_r1_165 queue=0
t=9661.1 LAUNCH_BLOCKED reason=landing_or_storage_busy active=1 stored=7 no_active_s=0.0 state=IDLE tractor_cleanup=false elevator_transfer=false deck=none pending=none clearance=Aircraft_10_nav_r1_165 queue=0
t=9669.4 ==== SUMMARY t=9669.4 ====
t=9669.4 route=1 laps=21 crashes=0 avg_out=151.0s avg_ret=163.7s avg_lap=326.5s best_lap=316.3
t=9669.4 route=2 laps=19 crashes=2 avg_out=184.9s avg_ret=247.8s avg_lap=445.6s best_lap=430.1
t=9669.5 route=3 laps=20 crashes=0 avg_out=216.9s avg_ret=265.3s avg_lap=494.2s best_lap=447.7
t=9669.5 route=4 laps=22 crashes=0 avg_out=173.1s avg_ret=155.7s avg_lap=340.9s best_lap=332.6
t=9669.5 route=5 laps=20 crashes=0 avg_out=254.5s avg_ret=233.2s avg_lap=499.8s best_lap=486.0
t=9669.5 route=6 laps=20 crashes=1 avg_out=144.7s avg_ret=143.4s avg_lap=300.1s best_lap=273.6
t=9669.5 route=7 laps=22 crashes=0 avg_out=170.7s avg_ret=148.7s avg_lap=331.5s best_lap=315.4
t=9669.5 route=8 laps=21 crashes=0 avg_out=173.6s avg_ret=179.1s avg_lap=364.7s best_lap=351.4
t=9669.5 TOTAL laps=165 crashes=3
t=9669.5 TUNER gen=2 results=40/64 pending=1 active=1 remaining=24 next_trial=170 rounds=[6,5,4,6,4,5,6,5]
t=9676.1 LAUNCH_BLOCKED reason=landing_or_storage_busy active=1 stored=7 no_active_s=0.0 state=IDLE tractor_cleanup=false elevator_transfer=false deck=none pending=none clearance=Aircraft_10_nav_r1_165 queue=0
t=9691.2 LAUNCH_BLOCKED reason=landing_or_storage_busy active=1 stored=7 no_active_s=0.0 state=IDLE tractor_cleanup=false elevator_transfer=false deck=none pending=none clearance=Aircraft_10_nav_r1_165 queue=0
t=9699.5 ==== SUMMARY t=9699.5 ====
t=9699.5 route=1 laps=21 crashes=0 avg_out=151.0s avg_ret=163.7s avg_lap=326.5s best_lap=316.3
t=9699.5 route=2 laps=19 crashes=2 avg_out=184.9s avg_ret=247.8s avg_lap=445.6s best_lap=430.1
t=9699.5 route=3 laps=20 crashes=0 avg_out=216.9s avg_ret=265.3s avg_lap=494.2s best_lap=447.7
t=9699.5 route=4 laps=22 crashes=0 avg_out=173.1s avg_ret=155.7s avg_lap=340.9s best_lap=332.6
t=9699.5 route=5 laps=20 crashes=0 avg_out=254.5s avg_ret=233.2s avg_lap=499.8s best_lap=486.0
t=9699.5 route=6 laps=20 crashes=1 avg_out=144.7s avg_ret=143.4s avg_lap=300.1s best_lap=273.6
t=9699.5 route=7 laps=22 crashes=0 avg_out=170.7s avg_ret=148.7s avg_lap=331.5s best_lap=315.4
t=9699.5 route=8 laps=21 crashes=0 avg_out=173.6s avg_ret=179.1s avg_lap=364.7s best_lap=351.4
t=9699.5 TOTAL laps=165 crashes=3
t=9699.5 TUNER gen=2 results=40/64 pending=1 active=1 remaining=24 next_trial=170 rounds=[6,5,4,6,4,5,6,5]
t=9706.2 LAUNCH_BLOCKED reason=landing_or_storage_busy active=1 stored=7 no_active_s=0.0 state=IDLE tractor_cleanup=false elevator_transfer=false deck=none pending=none clearance=Aircraft_10_nav_r1_165 queue=0
t=9721.3 LAUNCH_BLOCKED reason=landing_or_storage_busy active=1 stored=7 no_active_s=0.0 state=IDLE tractor_cleanup=false elevator_transfer=false deck=none pending=none clearance=Aircraft_10_nav_r1_165 queue=0
t=9729.5 ==== SUMMARY t=9729.5 ====
t=9729.5 route=1 laps=21 crashes=0 avg_out=151.0s avg_ret=163.7s avg_lap=326.5s best_lap=316.3
t=9729.5 route=2 laps=19 crashes=2 avg_out=184.9s avg_ret=247.8s avg_lap=445.6s best_lap=430.1
t=9729.5 route=3 laps=20 crashes=0 avg_out=216.9s avg_ret=265.3s avg_lap=494.2s best_lap=447.7
t=9729.5 route=4 laps=22 crashes=0 avg_out=173.1s avg_ret=155.7s avg_lap=340.9s best_lap=332.6
t=9729.5 route=5 laps=20 crashes=0 avg_out=254.5s avg_ret=233.2s avg_lap=499.8s best_lap=486.0
t=9729.5 route=6 laps=20 crashes=1 avg_out=144.7s avg_ret=143.4s avg_lap=300.1s best_lap=273.6
t=9729.5 route=7 laps=22 crashes=0 avg_out=170.7s avg_ret=148.7s avg_lap=331.5s best_lap=315.4
t=9729.5 route=8 laps=21 crashes=0 avg_out=173.6s avg_ret=179.1s avg_lap=364.7s best_lap=351.4
t=9729.5 TOTAL laps=165 crashes=3
t=9729.5 TUNER gen=2 results=40/64 pending=1 active=1 remaining=24 next_trial=170 rounds=[6,5,4,6,4,5,6,5]
t=9736.3 LAUNCH_BLOCKED reason=landing_or_storage_busy active=1 stored=7 no_active_s=0.0 state=IDLE tractor_cleanup=false elevator_transfer=false deck=none pending=none clearance=Aircraft_10_nav_r1_165 queue=0
t=9751.4 LAUNCH_BLOCKED reason=landing_or_storage_busy active=1 stored=7 no_active_s=0.0 state=IDLE tractor_cleanup=false elevator_transfer=false deck=none pending=none clearance=Aircraft_10_nav_r1_165 queue=0
t=9759.5 ==== SUMMARY t=9759.5 ====
t=9759.5 route=1 laps=21 crashes=0 avg_out=151.0s avg_ret=163.7s avg_lap=326.5s best_lap=316.3
t=9759.5 route=2 laps=19 crashes=2 avg_out=184.9s avg_ret=247.8s avg_lap=445.6s best_lap=430.1
t=9759.5 route=3 laps=20 crashes=0 avg_out=216.9s avg_ret=265.3s avg_lap=494.2s best_lap=447.7
t=9759.5 route=4 laps=22 crashes=0 avg_out=173.1s avg_ret=155.7s avg_lap=340.9s best_lap=332.6
t=9759.5 route=5 laps=20 crashes=0 avg_out=254.5s avg_ret=233.2s avg_lap=499.8s best_lap=486.0
t=9759.5 route=6 laps=20 crashes=1 avg_out=144.7s avg_ret=143.4s avg_lap=300.1s best_lap=273.6
t=9759.5 route=7 laps=22 crashes=0 avg_out=170.7s avg_ret=148.7s avg_lap=331.5s best_lap=315.4
t=9759.5 route=8 laps=21 crashes=0 avg_out=173.6s avg_ret=179.1s avg_lap=364.7s best_lap=351.4
t=9759.5 TOTAL laps=165 crashes=3
t=9759.5 TUNER gen=2 results=40/64 pending=1 active=1 remaining=24 next_trial=170 rounds=[6,5,4,6,4,5,6,5]
t=9766.0 TUNING_TIMEOUT craft=Aircraft_10_nav_r1_165 route=1 trial=165
t=9766.0 IDLE_TUNER_WAIT gen=2 results=41/64 remaining=23 active_nav=0 stored=7 state=IDLE next_trial=170
t=9766.0 CRASH craft=Aircraft_10_nav_r1_165 route=1 phase=2 t=9766.0
t=9766.4 LAUNCH_BLOCKED reason=waiting_no_active_grace active=0 stored=7 no_active_s=0.0 state=IDLE tractor_cleanup=false elevator_transfer=false deck=none pending=none clearance=none queue=0
t=9781.5 LAUNCH_BLOCKED reason=deck_busy active=1 stored=7 no_active_s=0.0 state=AIRCRAFT_ON_DECK tractor_cleanup=false elevator_transfer=false deck=Aircraft_10_nav_r8_170 pending=none clearance=none queue=0
t=9781.7 SPAWN craft=Aircraft_10_nav_r8_170 route=8 candidate=5 trial=170 t=9781.7
t=9789.5 ==== SUMMARY t=9789.5 ====
t=9789.5 route=1 laps=21 crashes=1 avg_out=151.0s avg_ret=163.7s avg_lap=326.5s best_lap=316.3
t=9789.5 route=2 laps=19 crashes=2 avg_out=184.9s avg_ret=247.8s avg_lap=445.6s best_lap=430.1
t=9789.5 route=3 laps=20 crashes=0 avg_out=216.9s avg_ret=265.3s avg_lap=494.2s best_lap=447.7
t=9789.5 route=4 laps=22 crashes=0 avg_out=173.1s avg_ret=155.7s avg_lap=340.9s best_lap=332.6
t=9789.5 route=5 laps=20 crashes=0 avg_out=254.5s avg_ret=233.2s avg_lap=499.8s best_lap=486.0
t=9789.5 route=6 laps=20 crashes=1 avg_out=144.7s avg_ret=143.4s avg_lap=300.1s best_lap=273.6
t=9789.6 route=7 laps=22 crashes=0 avg_out=170.7s avg_ret=148.7s avg_lap=331.5s best_lap=315.4
t=9789.6 route=8 laps=21 crashes=0 avg_out=173.6s avg_ret=179.1s avg_lap=364.7s best_lap=351.4
t=9789.6 TOTAL laps=165 crashes=4
t=9789.6 TUNER gen=2 results=41/64 pending=1 active=1 remaining=23 next_trial=171 rounds=[6,5,4,6,4,5,6,6]
t=9796.6 LAUNCH_BLOCKED reason=deck_busy active=2 stored=6 no_active_s=0.0 state=AIRCRAFT_ON_DECK tractor_cleanup=false elevator_transfer=true deck=Aircraft_10_nav_r3_171 pending=none clearance=none queue=0
t=9801.8 SPAWN craft=Aircraft_10_nav_r3_171 route=3 candidate=7 trial=171 t=9801.8
t=9816.6 LAUNCH_BLOCKED reason=deck_busy active=3 stored=5 no_active_s=0.0 state=AIRCRAFT_ON_DECK tractor_cleanup=false elevator_transfer=true deck=Aircraft_10_nav_r2_172 pending=none clearance=none queue=0
t=9819.5 ==== SUMMARY t=9819.5 ====
t=9819.5 route=1 laps=21 crashes=1 avg_out=151.0s avg_ret=163.7s avg_lap=326.5s best_lap=316.3
t=9819.6 route=2 laps=19 crashes=2 avg_out=184.9s avg_ret=247.8s avg_lap=445.6s best_lap=430.1
t=9819.6 route=3 laps=20 crashes=0 avg_out=216.9s avg_ret=265.3s avg_lap=494.2s best_lap=447.7
t=9819.6 route=4 laps=22 crashes=0 avg_out=173.1s avg_ret=155.7s avg_lap=340.9s best_lap=332.6
t=9819.6 route=5 laps=20 crashes=0 avg_out=254.5s avg_ret=233.2s avg_lap=499.8s best_lap=486.0
t=9819.6 route=6 laps=20 crashes=1 avg_out=144.7s avg_ret=143.4s avg_lap=300.1s best_lap=273.6
t=9819.6 route=7 laps=22 crashes=0 avg_out=170.7s avg_ret=148.7s avg_lap=331.5s best_lap=315.4
t=9819.6 route=8 laps=21 crashes=0 avg_out=173.6s avg_ret=179.1s avg_lap=364.7s best_lap=351.4
t=9819.6 TOTAL laps=165 crashes=4
t=9819.6 TUNER gen=2 results=41/64 pending=3 active=3 remaining=23 next_trial=173 rounds=[6,6,5,6,4,5,6,6]
t=9821.9 SPAWN craft=Aircraft_10_nav_r2_172 route=2 candidate=7 trial=172 t=9821.9
t=9831.7 LAUNCH_BLOCKED reason=deck_busy active=4 stored=4 no_active_s=0.0 state=RETRIEVING_FROM_HANGAR tractor_cleanup=false elevator_transfer=false deck=Aircraft_10_nav_r5_173 pending=none clearance=none queue=0
t=9842.0 SPAWN craft=Aircraft_10_nav_r5_173 route=5 candidate=1 trial=173 t=9842.0
t=9846.8 LAUNCH_BLOCKED reason=cleared_unready_nav_deck_aircraft active=4 stored=4 no_active_s=0.0 state=IDLE tractor_cleanup=false elevator_transfer=false deck=Aircraft_10_nav_r5_173 pending=none clearance=none queue=0
t=9849.6 ==== SUMMARY t=9849.6 ====
t=9849.6 route=1 laps=21 crashes=1 avg_out=151.0s avg_ret=163.7s avg_lap=326.5s best_lap=316.3
t=9849.7 route=2 laps=19 crashes=2 avg_out=184.9s avg_ret=247.8s avg_lap=445.6s best_lap=430.1
t=9849.7 route=3 laps=20 crashes=0 avg_out=216.9s avg_ret=265.3s avg_lap=494.2s best_lap=447.7
t=9849.7 route=4 laps=22 crashes=0 avg_out=173.1s avg_ret=155.7s avg_lap=340.9s best_lap=332.6
t=9849.7 route=5 laps=20 crashes=0 avg_out=254.5s avg_ret=233.2s avg_lap=499.8s best_lap=486.0
t=9849.7 route=6 laps=20 crashes=1 avg_out=144.7s avg_ret=143.4s avg_lap=300.1s best_lap=273.6
t=9849.7 route=7 laps=22 crashes=0 avg_out=170.7s avg_ret=148.7s avg_lap=331.5s best_lap=315.4
t=9849.7 route=8 laps=21 crashes=0 avg_out=173.6s avg_ret=179.1s avg_lap=364.7s best_lap=351.4
t=9849.7 TOTAL laps=165 crashes=4
t=9849.7 TUNER gen=2 results=41/64 pending=4 active=4 remaining=23 next_trial=174 rounds=[6,6,5,6,5,5,6,6]
t=9861.9 LAUNCH_BLOCKED reason=deck_busy active=5 stored=3 no_active_s=0.0 state=AIRCRAFT_ON_DECK tractor_cleanup=false elevator_transfer=false deck=Aircraft_10_nav_r4_174 pending=none clearance=none queue=0
t=9862.1 SPAWN craft=Aircraft_10_nav_r4_174 route=4 candidate=2 trial=174 t=9862.1
t=9877.0 LAUNCH_BLOCKED reason=deck_busy active=6 stored=2 no_active_s=0.0 state=AIRCRAFT_ON_DECK tractor_cleanup=false elevator_transfer=true deck=Aircraft_10_nav_r7_175 pending=none clearance=none queue=0
t=9879.7 ==== SUMMARY t=9879.7 ====
t=9879.7 route=1 laps=21 crashes=1 avg_out=151.0s avg_ret=163.7s avg_lap=326.5s best_lap=316.3
t=9879.7 route=2 laps=19 crashes=2 avg_out=184.9s avg_ret=247.8s avg_lap=445.6s best_lap=430.1
t=9879.7 route=3 laps=20 crashes=0 avg_out=216.9s avg_ret=265.3s avg_lap=494.2s best_lap=447.7
t=9879.8 route=4 laps=22 crashes=0 avg_out=173.1s avg_ret=155.7s avg_lap=340.9s best_lap=332.6
t=9879.8 route=5 laps=20 crashes=0 avg_out=254.5s avg_ret=233.2s avg_lap=499.8s best_lap=486.0
t=9879.8 route=6 laps=20 crashes=1 avg_out=144.7s avg_ret=143.4s avg_lap=300.1s best_lap=273.6
t=9879.8 route=7 laps=22 crashes=0 avg_out=170.7s avg_ret=148.7s avg_lap=331.5s best_lap=315.4
t=9879.8 route=8 laps=21 crashes=0 avg_out=173.6s avg_ret=179.1s avg_lap=364.7s best_lap=351.4
t=9879.8 TOTAL laps=165 crashes=4
t=9879.8 TUNER gen=2 results=41/64 pending=6 active=6 remaining=23 next_trial=176 rounds=[6,6,5,7,5,5,7,6]
t=9882.3 SPAWN craft=Aircraft_10_nav_r7_175 route=7 candidate=5 trial=175 t=9882.3
t=9892.0 LAUNCH_BLOCKED reason=deck_busy active=7 stored=1 no_active_s=0.0 state=RETRIEVING_FROM_HANGAR tractor_cleanup=false elevator_transfer=false deck=Aircraft_10_nav_r6_176 pending=none clearance=none queue=0
t=9902.3 SPAWN craft=Aircraft_10_nav_r6_176 route=6 candidate=3 trial=176 t=9902.3
t=9907.1 LAUNCH_BLOCKED reason=cleared_unready_nav_deck_aircraft active=7 stored=1 no_active_s=0.0 state=IDLE tractor_cleanup=false elevator_transfer=false deck=Aircraft_10_nav_r6_176 pending=none clearance=none queue=0
t=9909.8 ==== SUMMARY t=9909.8 ====
t=9909.8 route=1 laps=21 crashes=1 avg_out=151.0s avg_ret=163.7s avg_lap=326.5s best_lap=316.3
t=9909.8 route=2 laps=19 crashes=2 avg_out=184.9s avg_ret=247.8s avg_lap=445.6s best_lap=430.1
t=9909.8 route=3 laps=20 crashes=0 avg_out=216.9s avg_ret=265.3s avg_lap=494.2s best_lap=447.7
t=9909.8 route=4 laps=22 crashes=0 avg_out=173.1s avg_ret=155.7s avg_lap=340.9s best_lap=332.6
t=9909.8 route=5 laps=20 crashes=0 avg_out=254.5s avg_ret=233.2s avg_lap=499.8s best_lap=486.0
t=9909.8 route=6 laps=20 crashes=1 avg_out=144.7s avg_ret=143.4s avg_lap=300.1s best_lap=273.6
t=9909.8 route=7 laps=22 crashes=0 avg_out=170.7s avg_ret=148.7s avg_lap=331.5s best_lap=315.4
t=9909.8 route=8 laps=21 crashes=0 avg_out=173.6s avg_ret=179.1s avg_lap=364.7s best_lap=351.4
t=9909.8 TOTAL laps=165 crashes=4
t=9909.8 TUNER gen=2 results=41/64 pending=7 active=7 remaining=23 next_trial=177 rounds=[6,6,5,7,5,6,7,6]
t=9922.3 SPAWN craft=Aircraft_10_nav_r1_177 route=1 candidate=7 trial=177 t=9922.3
t=9939.8 ==== SUMMARY t=9939.8 ====
t=9939.8 route=1 laps=21 crashes=1 avg_out=151.0s avg_ret=163.7s avg_lap=326.5s best_lap=316.3
t=9939.8 route=2 laps=19 crashes=2 avg_out=184.9s avg_ret=247.8s avg_lap=445.6s best_lap=430.1
t=9939.8 route=3 laps=20 crashes=0 avg_out=216.9s avg_ret=265.3s avg_lap=494.2s best_lap=447.7
t=9939.8 route=4 laps=22 crashes=0 avg_out=173.1s avg_ret=155.7s avg_lap=340.9s best_lap=332.6
t=9939.8 route=5 laps=20 crashes=0 avg_out=254.5s avg_ret=233.2s avg_lap=499.8s best_lap=486.0
t=9939.9 route=6 laps=20 crashes=1 avg_out=144.7s avg_ret=143.4s avg_lap=300.1s best_lap=273.6
t=9939.9 route=7 laps=22 crashes=0 avg_out=170.7s avg_ret=148.7s avg_lap=331.5s best_lap=315.4
t=9939.9 route=8 laps=21 crashes=0 avg_out=173.6s avg_ret=179.1s avg_lap=364.7s best_lap=351.4
t=9939.9 TOTAL laps=165 crashes=4
t=9939.9 TUNER gen=2 results=41/64 pending=8 active=8 remaining=23 next_trial=178 rounds=[7,6,5,7,5,6,7,6]
t=9953.0 LZ_REACHED craft=Aircraft_10_nav_r8_170 route=8 outbound=171.3s t=9953.0
t=9969.8 ==== SUMMARY t=9969.8 ====
t=9969.8 route=1 laps=21 crashes=1 avg_out=151.0s avg_ret=163.7s avg_lap=326.5s best_lap=316.3
t=9969.8 route=2 laps=19 crashes=2 avg_out=184.9s avg_ret=247.8s avg_lap=445.6s best_lap=430.1
t=9969.8 route=3 laps=20 crashes=0 avg_out=216.9s avg_ret=265.3s avg_lap=494.2s best_lap=447.7
t=9969.8 route=4 laps=22 crashes=0 avg_out=173.1s avg_ret=155.7s avg_lap=340.9s best_lap=332.6
t=9969.8 route=5 laps=20 crashes=0 avg_out=254.5s avg_ret=233.2s avg_lap=499.8s best_lap=486.0
t=9969.9 route=6 laps=20 crashes=1 avg_out=144.7s avg_ret=143.4s avg_lap=300.1s best_lap=273.6
t=9969.9 route=7 laps=22 crashes=0 avg_out=170.7s avg_ret=148.7s avg_lap=331.5s best_lap=315.4
t=9969.9 route=8 laps=21 crashes=0 avg_out=173.5s avg_ret=179.1s avg_lap=364.7s best_lap=351.4
t=9969.9 TOTAL laps=165 crashes=4
t=9969.9 TUNER gen=2 results=41/64 pending=8 active=8 remaining=23 next_trial=178 rounds=[7,6,5,7,5,6,7,6]
t=9999.9 ==== SUMMARY t=9999.9 ====
t=9999.9 route=1 laps=21 crashes=1 avg_out=151.0s avg_ret=163.7s avg_lap=326.5s best_lap=316.3
t=9999.9 route=2 laps=19 crashes=2 avg_out=184.9s avg_ret=247.8s avg_lap=445.6s best_lap=430.1
t=9999.9 route=3 laps=20 crashes=0 avg_out=216.9s avg_ret=265.3s avg_lap=494.2s best_lap=447.7
t=9999.9 route=4 laps=22 crashes=0 avg_out=173.1s avg_ret=155.7s avg_lap=340.9s best_lap=332.6
t=9999.9 route=5 laps=20 crashes=0 avg_out=254.5s avg_ret=233.2s avg_lap=499.8s best_lap=486.0
t=9999.9 route=6 laps=20 crashes=1 avg_out=144.7s avg_ret=143.4s avg_lap=300.1s best_lap=273.6
t=9999.9 route=7 laps=22 crashes=0 avg_out=170.7s avg_ret=148.7s avg_lap=331.5s best_lap=315.4
t=9999.9 route=8 laps=21 crashes=0 avg_out=173.5s avg_ret=179.1s avg_lap=364.7s best_lap=351.4
t=9999.9 TOTAL laps=165 crashes=4
t=9999.9 TUNER gen=2 results=41/64 pending=8 active=8 remaining=23 next_trial=178 rounds=[7,6,5,7,5,6,7,6]
t=10002.6 LZ_REACHED craft=Aircraft_10_nav_r2_172 route=2 outbound=180.7s t=10002.6
t=10020.2 LZ_REACHED craft=Aircraft_10_nav_r3_171 route=3 outbound=218.4s t=10020.2
t=10029.9 ==== SUMMARY t=10029.9 ====
t=10029.9 route=1 laps=21 crashes=1 avg_out=151.0s avg_ret=163.7s avg_lap=326.5s best_lap=316.3
t=10029.9 route=2 laps=19 crashes=2 avg_out=184.7s avg_ret=247.8s avg_lap=445.6s best_lap=430.1
t=10029.9 route=3 laps=20 crashes=0 avg_out=217.0s avg_ret=265.3s avg_lap=494.2s best_lap=447.7
t=10029.9 route=4 laps=22 crashes=0 avg_out=173.1s avg_ret=155.7s avg_lap=340.9s best_lap=332.6
t=10029.9 route=5 laps=20 crashes=0 avg_out=254.5s avg_ret=233.2s avg_lap=499.8s best_lap=486.0
t=10029.9 route=6 laps=20 crashes=1 avg_out=144.7s avg_ret=143.4s avg_lap=300.1s best_lap=273.6
t=10029.9 route=7 laps=22 crashes=0 avg_out=170.7s avg_ret=148.7s avg_lap=331.5s best_lap=315.4
t=10029.9 route=8 laps=21 crashes=0 avg_out=173.5s avg_ret=179.1s avg_lap=364.7s best_lap=351.4
t=10029.9 TOTAL laps=165 crashes=4
t=10029.9 TUNER gen=2 results=41/64 pending=8 active=8 remaining=23 next_trial=178 rounds=[7,6,5,7,5,6,7,6]
t=10030.8 LZ_REACHED craft=Aircraft_10_nav_r4_174 route=4 outbound=168.7s t=10030.8
t=10053.2 LZ_REACHED craft=Aircraft_10_nav_r6_176 route=6 outbound=150.9s t=10053.2
t=10055.9 LZ_REACHED craft=Aircraft_10_nav_r7_175 route=7 outbound=173.6s t=10055.9
t=10059.9 ==== SUMMARY t=10059.9 ====
t=10060.0 route=1 laps=21 crashes=1 avg_out=151.0s avg_ret=163.7s avg_lap=326.5s best_lap=316.3
t=10060.0 route=2 laps=19 crashes=2 avg_out=184.7s avg_ret=247.8s avg_lap=445.6s best_lap=430.1
t=10060.0 route=3 laps=20 crashes=0 avg_out=217.0s avg_ret=265.3s avg_lap=494.2s best_lap=447.7
t=10060.0 route=4 laps=22 crashes=0 avg_out=172.9s avg_ret=155.7s avg_lap=340.9s best_lap=332.6
t=10060.0 route=5 laps=20 crashes=0 avg_out=254.5s avg_ret=233.2s avg_lap=499.8s best_lap=486.0
t=10060.0 route=6 laps=20 crashes=1 avg_out=145.0s avg_ret=143.4s avg_lap=300.1s best_lap=273.6
t=10060.0 route=7 laps=22 crashes=0 avg_out=170.9s avg_ret=148.7s avg_lap=331.5s best_lap=315.4
t=10060.0 route=8 laps=21 crashes=0 avg_out=173.5s avg_ret=179.1s avg_lap=364.7s best_lap=351.4
t=10060.0 TOTAL laps=165 crashes=4
t=10060.0 TUNER gen=2 results=41/64 pending=8 active=8 remaining=23 next_trial=178 rounds=[7,6,5,7,5,6,7,6]
t=10067.2 LZ_REACHED craft=Aircraft_10_nav_r1_177 route=1 outbound=144.9s t=10067.2
t=10090.1 ==== SUMMARY t=10090.1 ====
t=10090.1 route=1 laps=21 crashes=1 avg_out=150.7s avg_ret=163.7s avg_lap=326.5s best_lap=316.3
t=10090.1 route=2 laps=19 crashes=2 avg_out=184.7s avg_ret=247.8s avg_lap=445.6s best_lap=430.1
t=10090.1 route=3 laps=20 crashes=0 avg_out=217.0s avg_ret=265.3s avg_lap=494.2s best_lap=447.7
t=10090.1 route=4 laps=22 crashes=0 avg_out=172.9s avg_ret=155.7s avg_lap=340.9s best_lap=332.6
t=10090.1 route=5 laps=20 crashes=0 avg_out=254.5s avg_ret=233.2s avg_lap=499.8s best_lap=486.0
t=10090.1 route=6 laps=20 crashes=1 avg_out=145.0s avg_ret=143.4s avg_lap=300.1s best_lap=273.6
t=10090.1 route=7 laps=22 crashes=0 avg_out=170.9s avg_ret=148.7s avg_lap=331.5s best_lap=315.4
t=10090.1 route=8 laps=21 crashes=0 avg_out=173.5s avg_ret=179.1s avg_lap=364.7s best_lap=351.4
t=10090.1 TOTAL laps=165 crashes=4
t=10090.1 TUNER gen=2 results=41/64 pending=8 active=8 remaining=23 next_trial=178 rounds=[7,6,5,7,5,6,7,6]
t=10096.2 LZ_REACHED craft=Aircraft_10_nav_r5_173 route=5 outbound=254.2s t=10096.2
t=10120.2 ==== SUMMARY t=10120.2 ====
t=10120.2 route=1 laps=21 crashes=1 avg_out=150.7s avg_ret=163.7s avg_lap=326.5s best_lap=316.3
t=10120.2 route=2 laps=19 crashes=2 avg_out=184.7s avg_ret=247.8s avg_lap=445.6s best_lap=430.1
t=10120.2 route=3 laps=20 crashes=0 avg_out=217.0s avg_ret=265.3s avg_lap=494.2s best_lap=447.7
t=10120.2 route=4 laps=22 crashes=0 avg_out=172.9s avg_ret=155.7s avg_lap=340.9s best_lap=332.6
t=10120.2 route=5 laps=20 crashes=0 avg_out=254.5s avg_ret=233.2s avg_lap=499.8s best_lap=486.0
t=10120.2 route=6 laps=20 crashes=1 avg_out=145.0s avg_ret=143.4s avg_lap=300.1s best_lap=273.6
t=10120.2 route=7 laps=22 crashes=0 avg_out=170.9s avg_ret=148.7s avg_lap=331.5s best_lap=315.4
t=10120.2 route=8 laps=21 crashes=0 avg_out=173.5s avg_ret=179.1s avg_lap=364.7s best_lap=351.4
t=10120.2 TOTAL laps=165 crashes=4
t=10120.2 TUNER gen=2 results=41/64 pending=8 active=8 remaining=23 next_trial=178 rounds=[7,6,5,7,5,6,7,6]
t=10148.1 LAP_CAPTURE craft=Aircraft_10_nav_r8_170 route=8 return=183.1s lap=366.4s carrier_dist=200m t=10148.1
t=10150.2 ==== SUMMARY t=10150.2 ====
t=10150.2 route=1 laps=21 crashes=1 avg_out=150.7s avg_ret=163.7s avg_lap=326.5s best_lap=316.3
t=10150.2 route=2 laps=19 crashes=2 avg_out=184.7s avg_ret=247.8s avg_lap=445.6s best_lap=430.1
t=10150.2 route=3 laps=20 crashes=0 avg_out=217.0s avg_ret=265.3s avg_lap=494.2s best_lap=447.7
t=10150.2 route=4 laps=22 crashes=0 avg_out=172.9s avg_ret=155.7s avg_lap=340.9s best_lap=332.6
t=10150.2 route=5 laps=20 crashes=0 avg_out=254.5s avg_ret=233.2s avg_lap=499.8s best_lap=486.0
t=10150.3 route=6 laps=20 crashes=1 avg_out=145.0s avg_ret=143.4s avg_lap=300.1s best_lap=273.6
t=10150.3 route=7 laps=22 crashes=0 avg_out=170.9s avg_ret=148.7s avg_lap=331.5s best_lap=315.4
t=10150.3 route=8 laps=22 crashes=0 avg_out=173.5s avg_ret=179.2s avg_lap=364.8s best_lap=351.4
t=10150.3 TOTAL laps=166 crashes=4
t=10150.3 TUNER gen=2 results=42/64 pending=7 active=7 remaining=22 next_trial=178 rounds=[7,6,5,7,5,6,7,6]
t=10163.7 SPAWN craft=Aircraft_10_nav_r8_178 route=8 candidate=6 trial=178 t=10163.7
t=10180.3 ==== SUMMARY t=10180.3 ====
t=10180.3 route=1 laps=21 crashes=1 avg_out=150.7s avg_ret=163.7s avg_lap=326.5s best_lap=316.3
t=10180.3 route=2 laps=19 crashes=2 avg_out=184.7s avg_ret=247.8s avg_lap=445.6s best_lap=430.1
t=10180.3 route=3 laps=20 crashes=0 avg_out=217.0s avg_ret=265.3s avg_lap=494.2s best_lap=447.7
t=10180.3 route=4 laps=22 crashes=0 avg_out=172.9s avg_ret=155.7s avg_lap=340.9s best_lap=332.6
t=10180.4 route=5 laps=20 crashes=0 avg_out=254.5s avg_ret=233.2s avg_lap=499.8s best_lap=486.0
t=10180.4 route=6 laps=20 crashes=1 avg_out=145.0s avg_ret=143.4s avg_lap=300.1s best_lap=273.6
t=10180.4 route=7 laps=22 crashes=0 avg_out=170.9s avg_ret=148.7s avg_lap=331.5s best_lap=315.4
t=10180.4 route=8 laps=22 crashes=0 avg_out=173.5s avg_ret=179.2s avg_lap=364.8s best_lap=351.4
t=10180.4 TOTAL laps=166 crashes=4
t=10180.4 TUNER gen=2 results=42/64 pending=8 active=8 remaining=22 next_trial=179 rounds=[7,6,5,7,5,6,7,7]
t=10196.8 LAP_CAPTURE craft=Aircraft_10_nav_r4_174 route=4 return=153.9s lap=334.7s carrier_dist=200m t=10196.8
t=10210.3 LAP_CAPTURE craft=Aircraft_10_nav_r6_176 route=6 return=145.1s lap=308.0s carrier_dist=200m t=10210.3
t=10210.4 ==== SUMMARY t=10210.4 ====
t=10210.4 route=1 laps=21 crashes=1 avg_out=150.7s avg_ret=163.7s avg_lap=326.5s best_lap=316.3
t=10210.4 route=2 laps=19 crashes=2 avg_out=184.7s avg_ret=247.8s avg_lap=445.6s best_lap=430.1
t=10210.4 route=3 laps=20 crashes=0 avg_out=217.0s avg_ret=265.3s avg_lap=494.2s best_lap=447.7
t=10210.4 route=4 laps=23 crashes=0 avg_out=172.9s avg_ret=155.7s avg_lap=340.6s best_lap=332.6
t=10210.4 route=5 laps=20 crashes=0 avg_out=254.5s avg_ret=233.2s avg_lap=499.8s best_lap=486.0
t=10210.4 route=6 laps=21 crashes=1 avg_out=145.0s avg_ret=143.5s avg_lap=300.5s best_lap=273.6
t=10210.4 route=7 laps=22 crashes=0 avg_out=170.9s avg_ret=148.7s avg_lap=331.5s best_lap=315.4
t=10210.4 route=8 laps=22 crashes=0 avg_out=173.5s avg_ret=179.2s avg_lap=364.8s best_lap=351.4
t=10210.4 TOTAL laps=168 crashes=4
t=10210.4 TUNER gen=2 results=44/64 pending=7 active=7 remaining=20 next_trial=180 rounds=[7,6,5,8,5,6,7,7]
t=10213.7 SPAWN craft=Aircraft_10_nav_r4_179 route=4 candidate=3 trial=179 t=10213.7
t=10214.0 LAP_CAPTURE craft=Aircraft_10_nav_r7_175 route=7 return=146.1s lap=331.8s carrier_dist=200m t=10214.0
t=10218.6 LAUNCH_BLOCKED reason=landing_or_storage_busy active=6 stored=1 no_active_s=0.0 state=IDLE tractor_cleanup=false elevator_transfer=false deck=Aircraft_10_nav_r4_179 pending=none clearance=Aircraft_10_nav_r1_177 queue=0
t=10233.6 LAUNCH_BLOCKED reason=landing_or_storage_busy active=6 stored=2 no_active_s=0.0 state=IDLE tractor_cleanup=false elevator_transfer=false deck=Aircraft_10_nav_r4_179 pending=none clearance=Aircraft_10_nav_r1_177 queue=0
t=10238.4 LAP_CAPTURE craft=Aircraft_10_nav_r1_177 route=1 return=159.2s lap=316.0s carrier_dist=200m t=10238.4
t=10240.4 ==== SUMMARY t=10240.4 ====
t=10240.4 route=1 laps=22 crashes=1 avg_out=150.7s avg_ret=163.5s avg_lap=326.0s best_lap=316.0
t=10240.4 route=2 laps=19 crashes=2 avg_out=184.7s avg_ret=247.8s avg_lap=445.6s best_lap=430.1
t=10240.4 route=3 laps=20 crashes=0 avg_out=217.0s avg_ret=265.3s avg_lap=494.2s best_lap=447.7
t=10240.4 route=4 laps=23 crashes=0 avg_out=172.9s avg_ret=155.7s avg_lap=340.6s best_lap=332.6
t=10240.4 route=5 laps=20 crashes=0 avg_out=254.5s avg_ret=233.2s avg_lap=499.8s best_lap=486.0
t=10240.4 route=6 laps=21 crashes=1 avg_out=145.0s avg_ret=143.5s avg_lap=300.5s best_lap=273.6
t=10240.4 route=7 laps=23 crashes=0 avg_out=170.9s avg_ret=148.6s avg_lap=331.5s best_lap=315.4
t=10240.4 route=8 laps=22 crashes=0 avg_out=173.5s avg_ret=179.2s avg_lap=364.8s best_lap=351.4
t=10240.4 TOTAL laps=170 crashes=4
t=10240.4 TUNER gen=2 results=46/64 pending=5 active=5 remaining=18 next_trial=180 rounds=[7,6,5,8,5,6,7,7]
t=10248.7 LAUNCH_BLOCKED reason=landing_or_storage_busy active=5 stored=3 no_active_s=0.0 state=IDLE tractor_cleanup=false elevator_transfer=false deck=Aircraft_10_nav_r4_179 pending=none clearance=Aircraft_10_nav_r2_172 queue=0
t=10263.7 LAUNCH_BLOCKED reason=landing_or_storage_busy active=5 stored=3 no_active_s=0.0 state=IDLE tractor_cleanup=false elevator_transfer=false deck=Aircraft_10_nav_r4_179 pending=none clearance=Aircraft_10_nav_r2_172 queue=0
t=10267.4 LAP_CAPTURE craft=Aircraft_10_nav_r2_172 route=2 return=252.8s lap=445.5s carrier_dist=200m t=10267.4
t=10270.4 ==== SUMMARY t=10270.4 ====
t=10270.4 route=1 laps=22 crashes=1 avg_out=150.7s avg_ret=163.5s avg_lap=326.0s best_lap=316.0
t=10270.4 route=2 laps=20 crashes=2 avg_out=184.7s avg_ret=248.1s avg_lap=445.6s best_lap=430.1
t=10270.4 route=3 laps=20 crashes=0 avg_out=217.0s avg_ret=265.3s avg_lap=494.2s best_lap=447.7
t=10270.4 route=4 laps=23 crashes=0 avg_out=172.9s avg_ret=155.7s avg_lap=340.6s best_lap=332.6
t=10270.4 route=5 laps=20 crashes=0 avg_out=254.5s avg_ret=233.2s avg_lap=499.8s best_lap=486.0
t=10270.4 route=6 laps=21 crashes=1 avg_out=145.0s avg_ret=143.5s avg_lap=300.5s best_lap=273.6
t=10270.4 route=7 laps=23 crashes=0 avg_out=170.9s avg_ret=148.6s avg_lap=331.5s best_lap=315.4
t=10270.4 route=8 laps=22 crashes=0 avg_out=173.5s avg_ret=179.2s avg_lap=364.8s best_lap=351.4
t=10270.4 TOTAL laps=171 crashes=4
t=10270.4 TUNER gen=2 results=47/64 pending=4 active=4 remaining=17 next_trial=180 rounds=[7,6,5,8,5,6,7,7]
t=10278.7 LAUNCH_BLOCKED reason=deck_busy active=5 stored=3 no_active_s=0.0 state=AIRCRAFT_ON_DECK tractor_cleanup=false elevator_transfer=true deck=Aircraft_10_nav_r6_180 pending=none clearance=none queue=0
t=10284.0 SPAWN craft=Aircraft_10_nav_r6_180 route=6 candidate=4 trial=180 t=10284.0
t=10286.7 LAP_CAPTURE craft=Aircraft_10_nav_r3_171 route=3 return=254.5s lap=484.9s carrier_dist=200m t=10286.7
t=10293.8 LAUNCH_BLOCKED reason=deck_busy active=5 stored=3 no_active_s=0.0 state=RETRIEVING_FROM_HANGAR tractor_cleanup=false elevator_transfer=false deck=Aircraft_10_nav_r7_181 pending=none clearance=none queue=0
t=10300.4 ==== SUMMARY t=10300.4 ====
t=10300.4 route=1 laps=22 crashes=1 avg_out=150.7s avg_ret=163.5s avg_lap=326.0s best_lap=316.0
t=10300.4 route=2 laps=20 crashes=2 avg_out=184.7s avg_ret=248.1s avg_lap=445.6s best_lap=430.1
t=10300.4 route=3 laps=21 crashes=0 avg_out=217.0s avg_ret=264.7s avg_lap=493.7s best_lap=447.7
t=10300.4 route=4 laps=23 crashes=0 avg_out=172.9s avg_ret=155.7s avg_lap=340.6s best_lap=332.6
t=10300.4 route=5 laps=20 crashes=0 avg_out=254.5s avg_ret=233.2s avg_lap=499.8s best_lap=486.0
t=10300.4 route=6 laps=21 crashes=1 avg_out=145.0s avg_ret=143.5s avg_lap=300.5s best_lap=273.6
t=10300.4 route=7 laps=23 crashes=0 avg_out=170.9s avg_ret=148.6s avg_lap=331.5s best_lap=315.4
t=10300.4 route=8 laps=22 crashes=0 avg_out=173.5s avg_ret=179.2s avg_lap=364.8s best_lap=351.4
t=10300.4 TOTAL laps=172 crashes=4
t=10300.4 TUNER gen=2 results=48/64 pending=5 active=5 remaining=16 next_trial=182 rounds=[7,6,5,8,5,7,8,7]
t=10304.1 SPAWN craft=Aircraft_10_nav_r7_181 route=7 candidate=6 trial=181 t=10304.1
t=10308.8 LAUNCH_BLOCKED reason=cleared_unready_nav_deck_aircraft active=5 stored=3 no_active_s=0.0 state=IDLE tractor_cleanup=false elevator_transfer=false deck=Aircraft_10_nav_r7_181 pending=none clearance=none queue=0
t=10323.9 LAUNCH_BLOCKED reason=deck_busy active=6 stored=2 no_active_s=0.0 state=AIRCRAFT_ON_DECK tractor_cleanup=false elevator_transfer=false deck=Aircraft_10_nav_r1_182 pending=none clearance=none queue=0
t=10324.1 SPAWN craft=Aircraft_10_nav_r1_182 route=1 candidate=8 trial=182 t=10324.1
t=10330.4 ==== SUMMARY t=10330.4 ====
t=10330.4 route=1 laps=22 crashes=1 avg_out=150.7s avg_ret=163.5s avg_lap=326.0s best_lap=316.0
t=10330.4 route=2 laps=20 crashes=2 avg_out=184.7s avg_ret=248.1s avg_lap=445.6s best_lap=430.1
t=10330.4 route=3 laps=21 crashes=0 avg_out=217.0s avg_ret=264.7s avg_lap=493.7s best_lap=447.7
t=10330.4 route=4 laps=23 crashes=0 avg_out=172.9s avg_ret=155.7s avg_lap=340.6s best_lap=332.6
t=10330.5 route=5 laps=20 crashes=0 avg_out=254.5s avg_ret=233.2s avg_lap=499.8s best_lap=486.0
t=10330.5 route=6 laps=21 crashes=1 avg_out=145.0s avg_ret=143.5s avg_lap=300.5s best_lap=273.6
t=10330.5 route=7 laps=23 crashes=0 avg_out=170.9s avg_ret=148.6s avg_lap=331.5s best_lap=315.4
t=10330.5 route=8 laps=22 crashes=0 avg_out=173.5s avg_ret=179.2s avg_lap=364.8s best_lap=351.4
t=10330.5 TOTAL laps=172 crashes=4
t=10330.5 TUNER gen=2 results=48/64 pending=6 active=6 remaining=16 next_trial=183 rounds=[8,6,5,8,5,7,8,7]
t=10334.6 LZ_REACHED craft=Aircraft_10_nav_r8_178 route=8 outbound=171.0s t=10334.6
t=10335.4 LAP_CAPTURE craft=Aircraft_10_nav_r5_173 route=5 return=227.2s lap=493.4s carrier_dist=200m t=10335.4
t=10339.0 LAUNCH_BLOCKED reason=deck_busy active=6 stored=1 no_active_s=0.0 state=AIRCRAFT_ON_DECK tractor_cleanup=false elevator_transfer=true deck=Aircraft_10_nav_r2_183 pending=none clearance=none queue=0
t=10344.2 SPAWN craft=Aircraft_10_nav_r2_183 route=2 candidate=8 trial=183 t=10344.2
t=10354.0 LAUNCH_BLOCKED reason=deck_busy active=7 stored=1 no_active_s=0.0 state=RETRIEVING_FROM_HANGAR tractor_cleanup=false elevator_transfer=false deck=Aircraft_10_nav_r3_184 pending=none clearance=none queue=0
t=10360.5 ==== SUMMARY t=10360.5 ====
t=10360.5 route=1 laps=22 crashes=1 avg_out=150.7s avg_ret=163.5s avg_lap=326.0s best_lap=316.0
t=10360.5 route=2 laps=20 crashes=2 avg_out=184.7s avg_ret=248.1s avg_lap=445.6s best_lap=430.1
t=10360.5 route=3 laps=21 crashes=0 avg_out=217.0s avg_ret=264.7s avg_lap=493.7s best_lap=447.7
t=10360.5 route=4 laps=23 crashes=0 avg_out=172.9s avg_ret=155.7s avg_lap=340.6s best_lap=332.6
t=10360.5 route=5 laps=21 crashes=0 avg_out=254.5s avg_ret=233.0s avg_lap=499.5s best_lap=486.0
t=10360.5 route=6 laps=21 crashes=1 avg_out=145.0s avg_ret=143.5s avg_lap=300.5s best_lap=273.6
t=10360.5 route=7 laps=23 crashes=0 avg_out=170.9s avg_ret=148.6s avg_lap=331.5s best_lap=315.4
t=10360.5 route=8 laps=22 crashes=0 avg_out=173.4s avg_ret=179.2s avg_lap=364.8s best_lap=351.4
t=10360.5 TOTAL laps=173 crashes=4
t=10360.5 TUNER gen=2 results=49/64 pending=7 active=7 remaining=15 next_trial=185 rounds=[8,7,6,8,5,7,8,7]
t=10364.3 SPAWN craft=Aircraft_10_nav_r3_184 route=3 candidate=8 trial=184 t=10364.3
t=10369.1 LAUNCH_BLOCKED reason=cleared_unready_nav_deck_aircraft active=7 stored=1 no_active_s=0.0 state=IDLE tractor_cleanup=false elevator_transfer=false deck=Aircraft_10_nav_r3_184 pending=none clearance=none queue=0
t=10379.1 LZ_REACHED craft=Aircraft_10_nav_r4_179 route=4 outbound=165.3s t=10379.1
t=10384.4 SPAWN craft=Aircraft_10_nav_r5_185 route=5 candidate=2 trial=185 t=10384.4
t=10390.6 ==== SUMMARY t=10390.6 ====
t=10390.6 route=1 laps=22 crashes=1 avg_out=150.7s avg_ret=163.5s avg_lap=326.0s best_lap=316.0
t=10390.6 route=2 laps=20 crashes=2 avg_out=184.7s avg_ret=248.1s avg_lap=445.6s best_lap=430.1
t=10390.6 route=3 laps=21 crashes=0 avg_out=217.0s avg_ret=264.7s avg_lap=493.7s best_lap=447.7
t=10390.6 route=4 laps=23 crashes=0 avg_out=172.6s avg_ret=155.7s avg_lap=340.6s best_lap=332.6
t=10390.6 route=5 laps=21 crashes=0 avg_out=254.5s avg_ret=233.0s avg_lap=499.5s best_lap=486.0
t=10390.6 route=6 laps=21 crashes=1 avg_out=145.0s avg_ret=143.5s avg_lap=300.5s best_lap=273.6
t=10390.6 route=7 laps=23 crashes=0 avg_out=170.9s avg_ret=148.6s avg_lap=331.5s best_lap=315.4
t=10390.6 route=8 laps=22 crashes=0 avg_out=173.4s avg_ret=179.2s avg_lap=364.8s best_lap=351.4
t=10390.6 TOTAL laps=173 crashes=4
t=10390.6 TUNER gen=2 results=49/64 pending=8 active=8 remaining=15 next_trial=186 rounds=[8,7,6,8,6,7,8,7]
t=10412.4 LZ_REACHED craft=Aircraft_10_nav_r6_180 route=6 outbound=128.4s t=10412.4
t=10420.6 ==== SUMMARY t=10420.6 ====
t=10420.6 route=1 laps=22 crashes=1 avg_out=150.7s avg_ret=163.5s avg_lap=326.0s best_lap=316.0
t=10420.7 route=2 laps=20 crashes=2 avg_out=184.7s avg_ret=248.1s avg_lap=445.6s best_lap=430.1
t=10420.7 route=3 laps=21 crashes=0 avg_out=217.0s avg_ret=264.7s avg_lap=493.7s best_lap=447.7
t=10420.7 route=4 laps=23 crashes=0 avg_out=172.6s avg_ret=155.7s avg_lap=340.6s best_lap=332.6
t=10420.7 route=5 laps=21 crashes=0 avg_out=254.5s avg_ret=233.0s avg_lap=499.5s best_lap=486.0
t=10420.7 route=6 laps=21 crashes=1 avg_out=144.2s avg_ret=143.5s avg_lap=300.5s best_lap=273.6
t=10420.7 route=7 laps=23 crashes=0 avg_out=170.9s avg_ret=148.6s avg_lap=331.5s best_lap=315.4
t=10420.7 route=8 laps=22 crashes=0 avg_out=173.4s avg_ret=179.2s avg_lap=364.8s best_lap=351.4
t=10420.7 TOTAL laps=173 crashes=4
t=10420.7 TUNER gen=2 results=49/64 pending=8 active=8 remaining=15 next_trial=186 rounds=[8,7,6,8,6,7,8,7]
t=10450.7 ==== SUMMARY t=10450.7 ====
t=10450.7 route=1 laps=22 crashes=1 avg_out=150.7s avg_ret=163.5s avg_lap=326.0s best_lap=316.0
t=10450.8 route=2 laps=20 crashes=2 avg_out=184.7s avg_ret=248.1s avg_lap=445.6s best_lap=430.1
t=10450.8 route=3 laps=21 crashes=0 avg_out=217.0s avg_ret=264.7s avg_lap=493.7s best_lap=447.7
t=10450.8 route=4 laps=23 crashes=0 avg_out=172.6s avg_ret=155.7s avg_lap=340.6s best_lap=332.6
t=10450.8 route=5 laps=21 crashes=0 avg_out=254.5s avg_ret=233.0s avg_lap=499.5s best_lap=486.0
t=10450.8 route=6 laps=21 crashes=1 avg_out=144.2s avg_ret=143.5s avg_lap=300.5s best_lap=273.6
t=10450.8 route=7 laps=23 crashes=0 avg_out=170.9s avg_ret=148.6s avg_lap=331.5s best_lap=315.4
t=10450.8 route=8 laps=22 crashes=0 avg_out=173.4s avg_ret=179.2s avg_lap=364.8s best_lap=351.4
t=10450.8 TOTAL laps=173 crashes=4
t=10450.8 TUNER gen=2 results=49/64 pending=8 active=8 remaining=15 next_trial=186 rounds=[8,7,6,8,6,7,8,7]
t=10477.0 LZ_REACHED craft=Aircraft_10_nav_r7_181 route=7 outbound=172.9s t=10477.0
t=10480.7 ==== SUMMARY t=10480.7 ====
t=10480.8 route=1 laps=22 crashes=1 avg_out=150.7s avg_ret=163.5s avg_lap=326.0s best_lap=316.0
t=10480.8 route=2 laps=20 crashes=2 avg_out=184.7s avg_ret=248.1s avg_lap=445.6s best_lap=430.1
t=10480.8 route=3 laps=21 crashes=0 avg_out=217.0s avg_ret=264.7s avg_lap=493.7s best_lap=447.7
t=10480.8 route=4 laps=23 crashes=0 avg_out=172.6s avg_ret=155.7s avg_lap=340.6s best_lap=332.6
t=10480.8 route=5 laps=21 crashes=0 avg_out=254.5s avg_ret=233.0s avg_lap=499.5s best_lap=486.0
t=10480.8 route=6 laps=21 crashes=1 avg_out=144.2s avg_ret=143.5s avg_lap=300.5s best_lap=273.6
t=10480.8 route=7 laps=23 crashes=0 avg_out=171.0s avg_ret=148.6s avg_lap=331.5s best_lap=315.4
t=10480.8 route=8 laps=22 crashes=0 avg_out=173.4s avg_ret=179.2s avg_lap=364.8s best_lap=351.4
t=10480.8 TOTAL laps=173 crashes=4
t=10480.8 TUNER gen=2 results=49/64 pending=8 active=8 remaining=15 next_trial=186 rounds=[8,7,6,8,6,7,8,7]
t=10484.8 LZ_REACHED craft=Aircraft_10_nav_r1_182 route=1 outbound=160.7s t=10484.8
t=10510.8 ==== SUMMARY t=10510.8 ====
t=10510.8 route=1 laps=22 crashes=1 avg_out=151.2s avg_ret=163.5s avg_lap=326.0s best_lap=316.0
t=10510.8 route=2 laps=20 crashes=2 avg_out=184.7s avg_ret=248.1s avg_lap=445.6s best_lap=430.1
t=10510.8 route=3 laps=21 crashes=0 avg_out=217.0s avg_ret=264.7s avg_lap=493.7s best_lap=447.7
t=10510.8 route=4 laps=23 crashes=0 avg_out=172.6s avg_ret=155.7s avg_lap=340.6s best_lap=332.6
t=10510.8 route=5 laps=21 crashes=0 avg_out=254.5s avg_ret=233.0s avg_lap=499.5s best_lap=486.0
t=10510.8 route=6 laps=21 crashes=1 avg_out=144.2s avg_ret=143.5s avg_lap=300.5s best_lap=273.6
t=10510.8 route=7 laps=23 crashes=0 avg_out=171.0s avg_ret=148.6s avg_lap=331.5s best_lap=315.4
t=10510.8 route=8 laps=22 crashes=0 avg_out=173.4s avg_ret=179.2s avg_lap=364.8s best_lap=351.4
t=10510.8 TOTAL laps=173 crashes=4
t=10510.8 TUNER gen=2 results=49/64 pending=8 active=8 remaining=15 next_trial=186 rounds=[8,7,6,8,6,7,8,7]
t=10526.5 LAP_CAPTURE craft=Aircraft_10_nav_r8_178 route=8 return=179.9s lap=362.9s carrier_dist=200m t=10526.5
t=10540.5 LZ_REACHED craft=Aircraft_10_nav_r2_183 route=2 outbound=196.3s t=10540.5
t=10540.8 ==== SUMMARY t=10540.8 ====
t=10540.8 route=1 laps=22 crashes=1 avg_out=151.2s avg_ret=163.5s avg_lap=326.0s best_lap=316.0
t=10540.8 route=2 laps=20 crashes=2 avg_out=185.2s avg_ret=248.1s avg_lap=445.6s best_lap=430.1
t=10540.8 route=3 laps=21 crashes=0 avg_out=217.0s avg_ret=264.7s avg_lap=493.7s best_lap=447.7
t=10540.8 route=4 laps=23 crashes=0 avg_out=172.6s avg_ret=155.7s avg_lap=340.6s best_lap=332.6
t=10540.8 route=5 laps=21 crashes=0 avg_out=254.5s avg_ret=233.0s avg_lap=499.5s best_lap=486.0
t=10540.8 route=6 laps=21 crashes=1 avg_out=144.2s avg_ret=143.5s avg_lap=300.5s best_lap=273.6
t=10540.8 route=7 laps=23 crashes=0 avg_out=171.0s avg_ret=148.6s avg_lap=331.5s best_lap=315.4
t=10540.8 route=8 laps=23 crashes=0 avg_out=173.4s avg_ret=179.3s avg_lap=364.7s best_lap=351.4
t=10540.8 TOTAL laps=174 crashes=4
t=10540.8 TUNER gen=2 results=50/64 pending=8 active=8 remaining=14 next_trial=187 rounds=[8,7,6,8,6,7,8,8]
t=10545.1 SPAWN craft=Aircraft_10_nav_r8_186 route=8 candidate=7 trial=186 t=10545.1
t=10548.2 LAP_CAPTURE craft=Aircraft_10_nav_r4_179 route=4 return=157.0s lap=334.4s carrier_dist=200m t=10548.2
t=10557.7 TUNING_REASSIGN craft=Aircraft_10_nav_r4_187 requested_route=4 assigned_route=3
t=10565.2 SPAWN craft=Aircraft_10_nav_r4_187 route=3 candidate=1 trial=187 t=10565.2
t=10570.4 LAP_CAPTURE craft=Aircraft_10_nav_r6_180 route=6 return=146.0s lap=286.4s carrier_dist=200m t=10570.4
t=10570.9 ==== SUMMARY t=10570.9 ====
t=10570.9 route=1 laps=22 crashes=1 avg_out=151.2s avg_ret=163.5s avg_lap=326.0s best_lap=316.0
t=10570.9 route=2 laps=20 crashes=2 avg_out=185.2s avg_ret=248.1s avg_lap=445.6s best_lap=430.1
t=10570.9 route=3 laps=21 crashes=0 avg_out=217.0s avg_ret=264.7s avg_lap=493.7s best_lap=447.7
t=10570.9 route=4 laps=24 crashes=0 avg_out=172.6s avg_ret=155.7s avg_lap=340.4s best_lap=332.6
t=10570.9 route=5 laps=21 crashes=0 avg_out=254.5s avg_ret=233.0s avg_lap=499.5s best_lap=486.0
t=10570.9 route=6 laps=22 crashes=1 avg_out=144.2s avg_ret=143.6s avg_lap=299.9s best_lap=273.6
t=10570.9 route=7 laps=23 crashes=0 avg_out=171.0s avg_ret=148.6s avg_lap=331.5s best_lap=315.4
t=10570.9 route=8 laps=23 crashes=0 avg_out=173.4s avg_ret=179.3s avg_lap=364.7s best_lap=351.4
t=10570.9 TOTAL laps=176 crashes=4
t=10570.9 TUNER gen=2 results=52/64 pending=7 active=7 remaining=12 next_trial=188 rounds=[8,7,7,8,6,7,8,8]
t=10582.9 TUNING_REASSIGN craft=Aircraft_10_nav_r4_188 requested_route=4 assigned_route=5
t=10585.1 LAUNCH_BLOCKED reason=tuner_capacity_full active=8 stored=1 no_active_s=0.0 state=AIRCRAFT_ON_DECK tractor_cleanup=false elevator_transfer=true deck=Aircraft_10_nav_r4_188 pending=none clearance=none queue=0
t=10590.5 SPAWN craft=Aircraft_10_nav_r4_188 route=5 candidate=3 trial=188 t=10590.5
t=10593.8 LZ_REACHED craft=Aircraft_10_nav_r3_184 route=3 outbound=229.5s t=10593.8
t=10600.3 LAUNCH_BLOCKED reason=tuner_capacity_full active=8 stored=1 no_active_s=0.0 state=IDLE tractor_cleanup=false elevator_transfer=false deck=Aircraft_10_nav_r4_188 pending=none clearance=none queue=0
t=10601.0 ==== SUMMARY t=10601.0 ====
t=10601.0 route=1 laps=22 crashes=1 avg_out=151.2s avg_ret=163.5s avg_lap=326.0s best_lap=316.0
t=10601.0 route=2 laps=20 crashes=2 avg_out=185.2s avg_ret=248.1s avg_lap=445.6s best_lap=430.1
t=10601.0 route=3 laps=21 crashes=0 avg_out=217.6s avg_ret=264.7s avg_lap=493.7s best_lap=447.7
t=10601.0 route=4 laps=24 crashes=0 avg_out=172.6s avg_ret=155.7s avg_lap=340.4s best_lap=332.6
t=10601.0 route=5 laps=21 crashes=0 avg_out=254.5s avg_ret=233.0s avg_lap=499.5s best_lap=486.0
t=10601.0 route=6 laps=22 crashes=1 avg_out=144.2s avg_ret=143.6s avg_lap=299.9s best_lap=273.6
t=10601.0 route=7 laps=23 crashes=0 avg_out=171.0s avg_ret=148.6s avg_lap=331.5s best_lap=315.4
t=10601.1 route=8 laps=23 crashes=0 avg_out=173.4s avg_ret=179.3s avg_lap=364.7s best_lap=351.4
t=10601.1 TOTAL laps=176 crashes=4
t=10601.1 TUNER gen=2 results=52/64 pending=8 active=8 remaining=12 next_trial=189 rounds=[8,7,7,8,7,7,8,8]
t=10615.4 LAUNCH_BLOCKED reason=tuner_capacity_full active=8 stored=1 no_active_s=0.0 state=IDLE tractor_cleanup=false elevator_transfer=false deck=Aircraft_10_nav_r4_188 pending=none clearance=none queue=0
t=10630.4 LAUNCH_BLOCKED reason=tuner_capacity_full active=8 stored=1 no_active_s=0.0 state=IDLE tractor_cleanup=false elevator_transfer=false deck=Aircraft_10_nav_r4_188 pending=none clearance=none queue=0
t=10631.1 ==== SUMMARY t=10631.1 ====
t=10631.1 route=1 laps=22 crashes=1 avg_out=151.2s avg_ret=163.5s avg_lap=326.0s best_lap=316.0
t=10631.1 route=2 laps=20 crashes=2 avg_out=185.2s avg_ret=248.1s avg_lap=445.6s best_lap=430.1
t=10631.1 route=3 laps=21 crashes=0 avg_out=217.6s avg_ret=264.7s avg_lap=493.7s best_lap=447.7
t=10631.1 route=4 laps=24 crashes=0 avg_out=172.6s avg_ret=155.7s avg_lap=340.4s best_lap=332.6
t=10631.1 route=5 laps=21 crashes=0 avg_out=254.5s avg_ret=233.0s avg_lap=499.5s best_lap=486.0
t=10631.1 route=6 laps=22 crashes=1 avg_out=144.2s avg_ret=143.6s avg_lap=299.9s best_lap=273.6
t=10631.1 route=7 laps=23 crashes=0 avg_out=171.0s avg_ret=148.6s avg_lap=331.5s best_lap=315.4
t=10631.1 route=8 laps=23 crashes=0 avg_out=173.4s avg_ret=179.3s avg_lap=364.7s best_lap=351.4
t=10631.1 TOTAL laps=176 crashes=4
t=10631.1 TUNER gen=2 results=52/64 pending=8 active=8 remaining=12 next_trial=189 rounds=[8,7,7,8,7,7,8,8]
t=10634.3 LZ_REACHED craft=Aircraft_10_nav_r5_185 route=5 outbound=249.9s t=10634.3
t=10638.5 LAP_CAPTURE craft=Aircraft_10_nav_r7_181 route=7 return=149.5s lap=334.4s carrier_dist=200m t=10638.5
t=10650.5 LAUNCH_BLOCKED reason=tuner_capacity_full active=8 stored=1 no_active_s=0.0 state=AIRCRAFT_ON_DECK tractor_cleanup=false elevator_transfer=true deck=Aircraft_10_nav_r6_189 pending=none clearance=none queue=1
t=10655.8 SPAWN craft=Aircraft_10_nav_r6_189 route=6 candidate=5 trial=189 t=10655.7
t=10661.2 ==== SUMMARY t=10661.1 ====
t=10661.2 route=1 laps=22 crashes=1 avg_out=151.2s avg_ret=163.5s avg_lap=326.0s best_lap=316.0
t=10661.2 route=2 laps=20 crashes=2 avg_out=185.2s avg_ret=248.1s avg_lap=445.6s best_lap=430.1
t=10661.2 route=3 laps=21 crashes=0 avg_out=217.6s avg_ret=264.7s avg_lap=493.7s best_lap=447.7
t=10661.2 route=4 laps=24 crashes=0 avg_out=172.6s avg_ret=155.7s avg_lap=340.4s best_lap=332.6
t=10661.2 route=5 laps=21 crashes=0 avg_out=254.3s avg_ret=233.0s avg_lap=499.5s best_lap=486.0
t=10661.2 route=6 laps=22 crashes=1 avg_out=144.2s avg_ret=143.6s avg_lap=299.9s best_lap=273.6
t=10661.2 route=7 laps=24 crashes=0 avg_out=171.0s avg_ret=148.7s avg_lap=331.6s best_lap=315.4
t=10661.2 route=8 laps=23 crashes=0 avg_out=173.4s avg_ret=179.3s avg_lap=364.7s best_lap=351.4
t=10661.2 TOTAL laps=177 crashes=4
t=10661.2 TUNER gen=2 results=53/64 pending=8 active=8 remaining=11 next_trial=190 rounds=[8,7,7,8,7,8,8,8]
t=10665.6 LAUNCH_BLOCKED reason=tuner_capacity_full active=8 stored=1 no_active_s=0.0 state=IDLE tractor_cleanup=false elevator_transfer=false deck=Aircraft_10_nav_r6_189 pending=none clearance=Aircraft_10_nav_r1_182 queue=0
t=10668.7 LAP_CAPTURE craft=Aircraft_10_nav_r1_182 route=1 return=171.9s lap=344.5s carrier_dist=200m t=10668.7
t=10678.4 TUNING_REASSIGN craft=Aircraft_10_nav_r4_190 requested_route=4 assigned_route=2
t=10680.7 LAUNCH_BLOCKED reason=tuner_capacity_full active=8 stored=1 no_active_s=0.0 state=AIRCRAFT_ON_DECK tractor_cleanup=false elevator_transfer=true deck=Aircraft_10_nav_r4_190 pending=none clearance=none queue=0
t=10685.9 SPAWN craft=Aircraft_10_nav_r4_190 route=2 candidate=1 trial=190 t=10685.9
t=10691.2 ==== SUMMARY t=10691.2 ====
t=10691.2 route=1 laps=23 crashes=1 avg_out=151.2s avg_ret=163.9s avg_lap=326.8s best_lap=316.0
t=10691.2 route=2 laps=20 crashes=2 avg_out=185.2s avg_ret=248.1s avg_lap=445.6s best_lap=430.1
t=10691.2 route=3 laps=21 crashes=0 avg_out=217.6s avg_ret=264.7s avg_lap=493.7s best_lap=447.7
t=10691.2 route=4 laps=24 crashes=0 avg_out=172.6s avg_ret=155.7s avg_lap=340.4s best_lap=332.6
t=10691.2 route=5 laps=21 crashes=0 avg_out=254.3s avg_ret=233.0s avg_lap=499.5s best_lap=486.0
t=10691.2 route=6 laps=22 crashes=1 avg_out=144.2s avg_ret=143.6s avg_lap=299.9s best_lap=273.6
t=10691.2 route=7 laps=24 crashes=0 avg_out=171.0s avg_ret=148.7s avg_lap=331.6s best_lap=315.4
t=10691.2 route=8 laps=23 crashes=0 avg_out=173.4s avg_ret=179.3s avg_lap=364.7s best_lap=351.4
t=10691.2 TOTAL laps=178 crashes=4
t=10691.2 TUNER gen=2 results=54/64 pending=8 active=8 remaining=10 next_trial=191 rounds=[8,8,7,8,7,8,8,8]
t=10695.7 LAUNCH_BLOCKED reason=tuner_capacity_full active=8 stored=1 no_active_s=0.0 state=IDLE tractor_cleanup=false elevator_transfer=false deck=Aircraft_10_nav_r4_190 pending=none clearance=none queue=0
t=10710.8 LAUNCH_BLOCKED reason=tuner_capacity_full active=8 stored=1 no_active_s=0.0 state=IDLE tractor_cleanup=false elevator_transfer=false deck=Aircraft_10_nav_r4_190 pending=none clearance=none queue=0
t=10717.4 LZ_REACHED craft=Aircraft_10_nav_r8_186 route=8 outbound=172.2s t=10717.4
t=10721.2 ==== SUMMARY t=10721.2 ====
t=10721.2 route=1 laps=23 crashes=1 avg_out=151.2s avg_ret=163.9s avg_lap=326.8s best_lap=316.0
t=10721.2 route=2 laps=20 crashes=2 avg_out=185.2s avg_ret=248.1s avg_lap=445.6s best_lap=430.1
t=10721.2 route=3 laps=21 crashes=0 avg_out=217.6s avg_ret=264.7s avg_lap=493.7s best_lap=447.7
t=10721.2 route=4 laps=24 crashes=0 avg_out=172.6s avg_ret=155.7s avg_lap=340.4s best_lap=332.6
t=10721.2 route=5 laps=21 crashes=0 avg_out=254.3s avg_ret=233.0s avg_lap=499.5s best_lap=486.0
t=10721.3 route=6 laps=22 crashes=1 avg_out=144.2s avg_ret=143.6s avg_lap=299.9s best_lap=273.6
t=10721.3 route=7 laps=24 crashes=0 avg_out=171.0s avg_ret=148.7s avg_lap=331.6s best_lap=315.4
t=10721.3 route=8 laps=23 crashes=0 avg_out=173.4s avg_ret=179.3s avg_lap=364.7s best_lap=351.4
t=10721.3 TOTAL laps=178 crashes=4
t=10721.3 TUNER gen=2 results=54/64 pending=8 active=8 remaining=10 next_trial=191 rounds=[8,8,7,8,7,8,8,8]
t=10725.8 LAUNCH_BLOCKED reason=tuner_capacity_full active=8 stored=1 no_active_s=0.0 state=IDLE tractor_cleanup=false elevator_transfer=false deck=Aircraft_10_nav_r4_190 pending=none clearance=none queue=0
t=10740.9 LAUNCH_BLOCKED reason=tuner_capacity_full active=8 stored=1 no_active_s=0.0 state=IDLE tractor_cleanup=false elevator_transfer=false deck=Aircraft_10_nav_r4_190 pending=none clearance=none queue=0
t=10751.2 ==== SUMMARY t=10751.2 ====
t=10751.2 route=1 laps=23 crashes=1 avg_out=151.2s avg_ret=163.9s avg_lap=326.8s best_lap=316.0
t=10751.2 route=2 laps=20 crashes=2 avg_out=185.2s avg_ret=248.1s avg_lap=445.6s best_lap=430.1
t=10751.3 route=3 laps=21 crashes=0 avg_out=217.6s avg_ret=264.7s avg_lap=493.7s best_lap=447.7
t=10751.3 route=4 laps=24 crashes=0 avg_out=172.6s avg_ret=155.7s avg_lap=340.4s best_lap=332.6
t=10751.3 route=5 laps=21 crashes=0 avg_out=254.3s avg_ret=233.0s avg_lap=499.5s best_lap=486.0
t=10751.3 route=6 laps=22 crashes=1 avg_out=144.2s avg_ret=143.6s avg_lap=299.9s best_lap=273.6
t=10751.3 route=7 laps=24 crashes=0 avg_out=171.0s avg_ret=148.7s avg_lap=331.6s best_lap=315.4
t=10751.3 route=8 laps=23 crashes=0 avg_out=173.4s avg_ret=179.3s avg_lap=364.7s best_lap=351.4
t=10751.3 TOTAL laps=178 crashes=4
t=10751.3 TUNER gen=2 results=54/64 pending=8 active=8 remaining=10 next_trial=191 rounds=[8,8,7,8,7,8,8,8]
t=10755.9 LAUNCH_BLOCKED reason=tuner_capacity_full active=8 stored=1 no_active_s=0.0 state=IDLE tractor_cleanup=false elevator_transfer=false deck=Aircraft_10_nav_r4_190 pending=none clearance=none queue=0
t=10771.0 LAUNCH_BLOCKED reason=tuner_capacity_full active=8 stored=1 no_active_s=0.0 state=IDLE tractor_cleanup=false elevator_transfer=false deck=Aircraft_10_nav_r4_190 pending=none clearance=none queue=0
t=10780.4 LZ_REACHED craft=Aircraft_10_nav_r6_189 route=6 outbound=124.7s t=10780.4
t=10781.2 ==== SUMMARY t=10781.2 ====
t=10781.2 route=1 laps=23 crashes=1 avg_out=151.2s avg_ret=163.9s avg_lap=326.8s best_lap=316.0
t=10781.3 route=2 laps=20 crashes=2 avg_out=185.2s avg_ret=248.1s avg_lap=445.6s best_lap=430.1
t=10781.3 route=3 laps=21 crashes=0 avg_out=217.6s avg_ret=264.7s avg_lap=493.7s best_lap=447.7
t=10781.3 route=4 laps=24 crashes=0 avg_out=172.6s avg_ret=155.7s avg_lap=340.4s best_lap=332.6
t=10781.3 route=5 laps=21 crashes=0 avg_out=254.3s avg_ret=233.0s avg_lap=499.5s best_lap=486.0
t=10781.3 route=6 laps=22 crashes=1 avg_out=143.4s avg_ret=143.6s avg_lap=299.9s best_lap=273.6
t=10781.3 route=7 laps=24 crashes=0 avg_out=171.0s avg_ret=148.7s avg_lap=331.6s best_lap=315.4
t=10781.3 route=8 laps=23 crashes=0 avg_out=173.4s avg_ret=179.3s avg_lap=364.7s best_lap=351.4
t=10781.3 TOTAL laps=178 crashes=4
t=10781.3 TUNER gen=2 results=54/64 pending=8 active=8 remaining=10 next_trial=191 rounds=[8,8,7,8,7,8,8,8]
t=10785.1 LZ_REACHED craft=Aircraft_10_nav_r4_187 route=3 outbound=219.9s t=10785.1
t=10786.0 LAUNCH_BLOCKED reason=tuner_capacity_full active=8 stored=1 no_active_s=0.0 state=IDLE tractor_cleanup=false elevator_transfer=false deck=Aircraft_10_nav_r4_190 pending=none clearance=Aircraft_10_nav_r2_183 queue=0
t=10801.1 LAUNCH_BLOCKED reason=tuner_capacity_full active=8 stored=1 no_active_s=0.0 state=IDLE tractor_cleanup=false elevator_transfer=false deck=Aircraft_10_nav_r4_190 pending=none clearance=Aircraft_10_nav_r2_183 queue=0
t=10811.3 ==== SUMMARY t=10811.3 ====
t=10811.3 route=1 laps=23 crashes=1 avg_out=151.2s avg_ret=163.9s avg_lap=326.8s best_lap=316.0
t=10811.3 route=2 laps=20 crashes=2 avg_out=185.2s avg_ret=248.1s avg_lap=445.6s best_lap=430.1
t=10811.3 route=3 laps=21 crashes=0 avg_out=217.7s avg_ret=264.7s avg_lap=493.7s best_lap=447.7
t=10811.3 route=4 laps=24 crashes=0 avg_out=172.6s avg_ret=155.7s avg_lap=340.4s best_lap=332.6
t=10811.3 route=5 laps=21 crashes=0 avg_out=254.3s avg_ret=233.0s avg_lap=499.5s best_lap=486.0
t=10811.3 route=6 laps=22 crashes=1 avg_out=143.4s avg_ret=143.6s avg_lap=299.9s best_lap=273.6
t=10811.3 route=7 laps=24 crashes=0 avg_out=171.0s avg_ret=148.7s avg_lap=331.6s best_lap=315.4
t=10811.3 route=8 laps=23 crashes=0 avg_out=173.4s avg_ret=179.3s avg_lap=364.7s best_lap=351.4
t=10811.3 TOTAL laps=178 crashes=4
t=10811.3 TUNER gen=2 results=54/64 pending=8 active=8 remaining=10 next_trial=191 rounds=[8,8,7,8,7,8,8,8]
t=10814.3 LAP_CAPTURE craft=Aircraft_10_nav_r2_183 route=2 return=261.9s lap=470.2s carrier_dist=200m t=10814.3
t=10816.1 LAUNCH_BLOCKED reason=cleared_unready_nav_deck_aircraft active=7 stored=1 no_active_s=0.0 state=IDLE tractor_cleanup=false elevator_transfer=false deck=Aircraft_10_nav_r4_190 pending=none clearance=none queue=0
t=10823.9 TUNING_REASSIGN craft=Aircraft_10_nav_r1_191 requested_route=1 assigned_route=3
t=10831.2 LAUNCH_BLOCKED reason=tuner_capacity_full active=8 stored=1 no_active_s=0.0 state=AIRCRAFT_ON_DECK tractor_cleanup=false elevator_transfer=false deck=Aircraft_10_nav_r1_191 pending=none clearance=none queue=0
t=10831.4 SPAWN craft=Aircraft_10_nav_r1_191 route=3 candidate=2 trial=191 t=10831.4
t=10841.4 ==== SUMMARY t=10841.4 ====
t=10841.4 route=1 laps=23 crashes=1 avg_out=151.2s avg_ret=163.9s avg_lap=326.8s best_lap=316.0
t=10841.4 route=2 laps=21 crashes=2 avg_out=185.2s avg_ret=248.7s avg_lap=446.8s best_lap=430.1
t=10841.4 route=3 laps=21 crashes=0 avg_out=217.7s avg_ret=264.7s avg_lap=493.7s best_lap=447.7
t=10841.4 route=4 laps=24 crashes=0 avg_out=172.6s avg_ret=155.7s avg_lap=340.4s best_lap=332.6
t=10841.4 route=5 laps=21 crashes=0 avg_out=254.3s avg_ret=233.0s avg_lap=499.5s best_lap=486.0
t=10841.4 route=6 laps=22 crashes=1 avg_out=143.4s avg_ret=143.6s avg_lap=299.9s best_lap=273.6
t=10841.4 route=7 laps=24 crashes=0 avg_out=171.0s avg_ret=148.7s avg_lap=331.6s best_lap=315.4
t=10841.4 route=8 laps=23 crashes=0 avg_out=173.4s avg_ret=179.3s avg_lap=364.7s best_lap=351.4
t=10841.4 TOTAL laps=179 crashes=4
t=10841.4 TUNER gen=2 results=55/64 pending=8 active=8 remaining=9 next_trial=192 rounds=[8,8,8,8,7,8,8,8]
t=10843.7 LZ_REACHED craft=Aircraft_10_nav_r4_188 route=5 outbound=253.2s t=10843.7
t=10846.3 LAUNCH_BLOCKED reason=tuner_capacity_full active=8 stored=1 no_active_s=0.0 state=IDLE tractor_cleanup=false elevator_transfer=false deck=Aircraft_10_nav_r1_191 pending=none clearance=none queue=0
t=10861.4 LAUNCH_BLOCKED reason=tuner_capacity_full active=8 stored=1 no_active_s=0.0 state=IDLE tractor_cleanup=false elevator_transfer=false deck=Aircraft_10_nav_r1_191 pending=none clearance=none queue=0
t=10869.5 LZ_REACHED craft=Aircraft_10_nav_r4_190 route=2 outbound=183.6s t=10869.5
t=10871.4 ==== SUMMARY t=10871.4 ====
t=10871.4 route=1 laps=23 crashes=1 avg_out=151.2s avg_ret=163.9s avg_lap=326.8s best_lap=316.0
t=10871.4 route=2 laps=21 crashes=2 avg_out=185.1s avg_ret=248.7s avg_lap=446.8s best_lap=430.1
t=10871.4 route=3 laps=21 crashes=0 avg_out=217.7s avg_ret=264.7s avg_lap=493.7s best_lap=447.7
t=10871.4 route=4 laps=24 crashes=0 avg_out=172.6s avg_ret=155.7s avg_lap=340.4s best_lap=332.6
t=10871.4 route=5 laps=21 crashes=0 avg_out=254.2s avg_ret=233.0s avg_lap=499.5s best_lap=486.0
t=10871.5 route=6 laps=22 crashes=1 avg_out=143.4s avg_ret=143.6s avg_lap=299.9s best_lap=273.6
t=10871.5 route=7 laps=24 crashes=0 avg_out=171.0s avg_ret=148.7s avg_lap=331.6s best_lap=315.4
t=10871.5 route=8 laps=23 crashes=0 avg_out=173.4s avg_ret=179.3s avg_lap=364.7s best_lap=351.4
t=10871.5 TOTAL laps=179 crashes=4
t=10871.5 TUNER gen=2 results=55/64 pending=8 active=8 remaining=9 next_trial=192 rounds=[8,8,8,8,7,8,8,8]
t=10876.2 LAP_CAPTURE craft=Aircraft_10_nav_r5_185 route=5 return=229.9s lap=491.8s carrier_dist=200m t=10876.2
t=10876.4 LAUNCH_BLOCKED reason=cleared_unready_nav_deck_aircraft active=7 stored=1 no_active_s=0.0 state=IDLE tractor_cleanup=false elevator_transfer=false deck=Aircraft_10_nav_r1_191 pending=none clearance=none queue=0
t=10884.2 TUNING_REASSIGN craft=Aircraft_10_nav_r4_192 requested_route=4 assigned_route=5
t=10891.6 LAUNCH_BLOCKED reason=tuner_capacity_full active=8 stored=1 no_active_s=0.0 state=AIRCRAFT_ON_DECK tractor_cleanup=false elevator_transfer=false deck=Aircraft_10_nav_r4_192 pending=none clearance=none queue=1
t=10891.7 SPAWN craft=Aircraft_10_nav_r4_192 route=5 candidate=4 trial=192 t=10891.7
t=10896.1 LAP_CAPTURE craft=Aircraft_10_nav_r3_184 route=3 return=290.3s lap=531.8s carrier_dist=200m t=10896.1
t=10901.5 ==== SUMMARY t=10901.5 ====
t=10901.5 route=1 laps=23 crashes=1 avg_out=151.2s avg_ret=163.9s avg_lap=326.8s best_lap=316.0
t=10901.5 route=2 laps=21 crashes=2 avg_out=185.1s avg_ret=248.7s avg_lap=446.8s best_lap=430.1
t=10901.5 route=3 laps=22 crashes=0 avg_out=217.7s avg_ret=265.9s avg_lap=495.5s best_lap=447.7
t=10901.5 route=4 laps=24 crashes=0 avg_out=172.6s avg_ret=155.7s avg_lap=340.4s best_lap=332.6
t=10901.5 route=5 laps=22 crashes=0 avg_out=254.2s avg_ret=232.8s avg_lap=499.1s best_lap=486.0
t=10901.6 route=6 laps=22 crashes=1 avg_out=143.4s avg_ret=143.6s avg_lap=299.9s best_lap=273.6
t=10901.6 route=7 laps=24 crashes=0 avg_out=171.0s avg_ret=148.7s avg_lap=331.6s best_lap=315.4
t=10901.6 route=8 laps=23 crashes=0 avg_out=173.4s avg_ret=179.3s avg_lap=364.7s best_lap=351.4
t=10901.6 TOTAL laps=181 crashes=4
t=10901.6 TUNER gen=2 results=57/64 pending=7 active=7 remaining=7 next_trial=193 rounds=[8,8,8,8,8,8,8,8]
t=10906.6 LAUNCH_BLOCKED reason=tuner_capacity_full active=7 stored=1 no_active_s=0.0 state=IDLE tractor_cleanup=false elevator_transfer=false deck=Aircraft_10_nav_r4_192 pending=none clearance=Aircraft_10_nav_r8_186 queue=0
t=10907.7 LAP_CAPTURE craft=Aircraft_10_nav_r8_186 route=8 return=178.4s lap=362.6s carrier_dist=200m t=10907.7
t=10921.7 LAUNCH_BLOCKED reason=tuner_capacity_full active=6 stored=1 no_active_s=0.0 state=IDLE tractor_cleanup=false elevator_transfer=false deck=Aircraft_10_nav_r4_192 pending=none clearance=none queue=0
t=10931.5 ==== SUMMARY t=10931.5 ====
t=10931.5 route=1 laps=23 crashes=1 avg_out=151.2s avg_ret=163.9s avg_lap=326.8s best_lap=316.0
t=10931.6 route=2 laps=21 crashes=2 avg_out=185.1s avg_ret=248.7s avg_lap=446.8s best_lap=430.1
t=10931.6 route=3 laps=22 crashes=0 avg_out=217.7s avg_ret=265.9s avg_lap=495.5s best_lap=447.7
t=10931.6 route=4 laps=24 crashes=0 avg_out=172.6s avg_ret=155.7s avg_lap=340.4s best_lap=332.6
t=10931.6 route=5 laps=22 crashes=0 avg_out=254.2s avg_ret=232.8s avg_lap=499.1s best_lap=486.0
t=10931.6 route=6 laps=22 crashes=1 avg_out=143.4s avg_ret=143.6s avg_lap=299.9s best_lap=273.6
t=10931.6 route=7 laps=24 crashes=0 avg_out=171.0s avg_ret=148.7s avg_lap=331.6s best_lap=315.4
t=10931.6 route=8 laps=24 crashes=0 avg_out=173.4s avg_ret=179.2s avg_lap=364.6s best_lap=351.4
t=10931.6 TOTAL laps=182 crashes=4
t=10931.6 TUNER gen=2 results=58/64 pending=6 active=6 remaining=6 next_trial=193 rounds=[8,8,8,8,8,8,8,8]
t=10936.7 LAUNCH_BLOCKED reason=tuner_capacity_full active=6 stored=1 no_active_s=0.0 state=IDLE tractor_cleanup=false elevator_transfer=false deck=Aircraft_10_nav_r4_192 pending=none clearance=none queue=0
t=10940.8 LAP_CAPTURE craft=Aircraft_10_nav_r6_189 route=6 return=148.3s lap=285.0s carrier_dist=200m t=10940.8
t=10951.8 LAUNCH_BLOCKED reason=tuner_capacity_full active=5 stored=1 no_active_s=0.0 state=IDLE tractor_cleanup=false elevator_transfer=false deck=Aircraft_10_nav_r4_192 pending=none clearance=none queue=0
t=10961.5 ==== SUMMARY t=10961.5 ====
t=10961.6 route=1 laps=23 crashes=1 avg_out=151.2s avg_ret=163.9s avg_lap=326.8s best_lap=316.0
t=10961.6 route=2 laps=21 crashes=2 avg_out=185.1s avg_ret=248.7s avg_lap=446.8s best_lap=430.1
t=10961.6 route=3 laps=22 crashes=0 avg_out=217.7s avg_ret=265.9s avg_lap=495.5s best_lap=447.7
t=10961.6 route=4 laps=24 crashes=0 avg_out=172.6s avg_ret=155.7s avg_lap=340.4s best_lap=332.6
t=10961.6 route=5 laps=22 crashes=0 avg_out=254.2s avg_ret=232.8s avg_lap=499.1s best_lap=486.0
t=10961.6 route=6 laps=23 crashes=1 avg_out=143.4s avg_ret=143.8s avg_lap=299.2s best_lap=273.6
t=10961.6 route=7 laps=24 crashes=0 avg_out=171.0s avg_ret=148.7s avg_lap=331.6s best_lap=315.4
t=10961.6 route=8 laps=24 crashes=0 avg_out=173.4s avg_ret=179.2s avg_lap=364.6s best_lap=351.4
t=10961.6 TOTAL laps=183 crashes=4
t=10961.6 TUNER gen=2 results=59/64 pending=5 active=5 remaining=5 next_trial=193 rounds=[8,8,8,8,8,8,8,8]
t=10966.8 LAUNCH_BLOCKED reason=tuner_capacity_full active=5 stored=1 no_active_s=0.0 state=IDLE tractor_cleanup=false elevator_transfer=false deck=Aircraft_10_nav_r4_192 pending=none clearance=none queue=0
t=10981.9 LAUNCH_BLOCKED reason=tuner_capacity_full active=5 stored=1 no_active_s=0.0 state=IDLE tractor_cleanup=false elevator_transfer=false deck=Aircraft_10_nav_r4_192 pending=none clearance=none queue=0
t=10991.6 ==== SUMMARY t=10991.6 ====
t=10991.6 route=1 laps=23 crashes=1 avg_out=151.2s avg_ret=163.9s avg_lap=326.8s best_lap=316.0
t=10991.6 route=2 laps=21 crashes=2 avg_out=185.1s avg_ret=248.7s avg_lap=446.8s best_lap=430.1
t=10991.6 route=3 laps=22 crashes=0 avg_out=217.7s avg_ret=265.9s avg_lap=495.5s best_lap=447.7
t=10991.6 route=4 laps=24 crashes=0 avg_out=172.6s avg_ret=155.7s avg_lap=340.4s best_lap=332.6
t=10991.6 route=5 laps=22 crashes=0 avg_out=254.2s avg_ret=232.8s avg_lap=499.1s best_lap=486.0
t=10991.6 route=6 laps=23 crashes=1 avg_out=143.4s avg_ret=143.8s avg_lap=299.2s best_lap=273.6
t=10991.6 route=7 laps=24 crashes=0 avg_out=171.0s avg_ret=148.7s avg_lap=331.6s best_lap=315.4
t=10991.6 route=8 laps=24 crashes=0 avg_out=173.4s avg_ret=179.2s avg_lap=364.6s best_lap=351.4
t=10991.6 TOTAL laps=183 crashes=4
t=10991.6 TUNER gen=2 results=59/64 pending=5 active=5 remaining=5 next_trial=193 rounds=[8,8,8,8,8,8,8,8]
t=10996.9 LAUNCH_BLOCKED reason=tuner_capacity_full active=5 stored=1 no_active_s=0.0 state=IDLE tractor_cleanup=false elevator_transfer=false deck=Aircraft_10_nav_r4_192 pending=none clearance=none queue=0
t=11012.0 LAUNCH_BLOCKED reason=tuner_capacity_full active=5 stored=1 no_active_s=0.0 state=IDLE tractor_cleanup=false elevator_transfer=false deck=Aircraft_10_nav_r4_192 pending=none clearance=none queue=0
t=11021.6 ==== SUMMARY t=11021.6 ====
t=11021.6 route=1 laps=23 crashes=1 avg_out=151.2s avg_ret=163.9s avg_lap=326.8s best_lap=316.0
t=11021.6 route=2 laps=21 crashes=2 avg_out=185.1s avg_ret=248.7s avg_lap=446.8s best_lap=430.1
t=11021.6 route=3 laps=22 crashes=0 avg_out=217.7s avg_ret=265.9s avg_lap=495.5s best_lap=447.7
t=11021.6 route=4 laps=24 crashes=0 avg_out=172.6s avg_ret=155.7s avg_lap=340.4s best_lap=332.6
t=11021.6 route=5 laps=22 crashes=0 avg_out=254.2s avg_ret=232.8s avg_lap=499.1s best_lap=486.0
t=11021.6 route=6 laps=23 crashes=1 avg_out=143.4s avg_ret=143.8s avg_lap=299.2s best_lap=273.6
t=11021.6 route=7 laps=24 crashes=0 avg_out=171.0s avg_ret=148.7s avg_lap=331.6s best_lap=315.4
t=11021.6 route=8 laps=24 crashes=0 avg_out=173.4s avg_ret=179.2s avg_lap=364.6s best_lap=351.4
t=11021.6 TOTAL laps=183 crashes=4
t=11021.6 TUNER gen=2 results=59/64 pending=5 active=5 remaining=5 next_trial=193 rounds=[8,8,8,8,8,8,8,8]
t=11027.0 LAUNCH_BLOCKED reason=tuner_capacity_full active=5 stored=1 no_active_s=0.0 state=IDLE tractor_cleanup=false elevator_transfer=false deck=Aircraft_10_nav_r4_192 pending=none clearance=none queue=0
t=11042.1 LAUNCH_BLOCKED reason=tuner_capacity_full active=5 stored=1 no_active_s=0.0 state=IDLE tractor_cleanup=false elevator_transfer=false deck=Aircraft_10_nav_r4_192 pending=none clearance=none queue=0
t=11047.9 LAP_CAPTURE craft=Aircraft_10_nav_r4_187 route=3 return=250.9s lap=482.8s carrier_dist=200m t=11047.9
t=11051.6 ==== SUMMARY t=11051.6 ====
t=11051.6 route=1 laps=23 crashes=1 avg_out=151.2s avg_ret=163.9s avg_lap=326.8s best_lap=316.0
t=11051.6 route=2 laps=21 crashes=2 avg_out=185.1s avg_ret=248.7s avg_lap=446.8s best_lap=430.1
t=11051.6 route=3 laps=23 crashes=0 avg_out=217.7s avg_ret=265.2s avg_lap=494.9s best_lap=447.7
t=11051.6 route=4 laps=24 crashes=0 avg_out=172.6s avg_ret=155.7s avg_lap=340.4s best_lap=332.6
t=11051.6 route=5 laps=22 crashes=0 avg_out=254.2s avg_ret=232.8s avg_lap=499.1s best_lap=486.0
t=11051.6 route=6 laps=23 crashes=1 avg_out=143.4s avg_ret=143.8s avg_lap=299.2s best_lap=273.6
t=11051.6 route=7 laps=24 crashes=0 avg_out=171.0s avg_ret=148.7s avg_lap=331.6s best_lap=315.4
t=11051.6 route=8 laps=24 crashes=0 avg_out=173.4s avg_ret=179.2s avg_lap=364.6s best_lap=351.4
t=11051.6 TOTAL laps=184 crashes=4
t=11051.6 TUNER gen=2 results=60/64 pending=4 active=4 remaining=4 next_trial=193 rounds=[8,8,8,8,8,8,8,8]
t=11053.7 LZ_REACHED craft=Aircraft_10_nav_r1_191 route=3 outbound=222.2s t=11053.7
t=11057.1 LAUNCH_BLOCKED reason=tuner_capacity_full active=4 stored=1 no_active_s=0.0 state=IDLE tractor_cleanup=false elevator_transfer=false deck=Aircraft_10_nav_r4_192 pending=none clearance=none queue=0
t=11072.2 LAUNCH_BLOCKED reason=tuner_capacity_full active=4 stored=1 no_active_s=0.0 state=IDLE tractor_cleanup=false elevator_transfer=false deck=Aircraft_10_nav_r4_192 pending=none clearance=none queue=0
t=11081.6 ==== SUMMARY t=11081.6 ====
t=11081.7 route=1 laps=23 crashes=1 avg_out=151.2s avg_ret=163.9s avg_lap=326.8s best_lap=316.0
t=11081.7 route=2 laps=21 crashes=2 avg_out=185.1s avg_ret=248.7s avg_lap=446.8s best_lap=430.1
t=11081.7 route=3 laps=23 crashes=0 avg_out=217.9s avg_ret=265.2s avg_lap=494.9s best_lap=447.7
t=11081.7 route=4 laps=24 crashes=0 avg_out=172.6s avg_ret=155.7s avg_lap=340.4s best_lap=332.6
t=11081.7 route=5 laps=22 crashes=0 avg_out=254.2s avg_ret=232.8s avg_lap=499.1s best_lap=486.0
t=11081.7 route=6 laps=23 crashes=1 avg_out=143.4s avg_ret=143.8s avg_lap=299.2s best_lap=273.6
t=11081.7 route=7 laps=24 crashes=0 avg_out=171.0s avg_ret=148.7s avg_lap=331.6s best_lap=315.4
t=11081.7 route=8 laps=24 crashes=0 avg_out=173.4s avg_ret=179.2s avg_lap=364.6s best_lap=351.4
t=11081.7 TOTAL laps=184 crashes=4
t=11081.7 TUNER gen=2 results=60/64 pending=4 active=4 remaining=4 next_trial=193 rounds=[8,8,8,8,8,8,8,8]
t=11087.2 LAUNCH_BLOCKED reason=tuner_capacity_full active=4 stored=1 no_active_s=0.0 state=IDLE tractor_cleanup=false elevator_transfer=false deck=Aircraft_10_nav_r4_192 pending=none clearance=none queue=0
t=11092.4 LAP_CAPTURE craft=Aircraft_10_nav_r4_188 route=5 return=236.7s lap=501.9s carrier_dist=200m t=11092.4
t=11102.3 LAUNCH_BLOCKED reason=tuner_capacity_full active=3 stored=1 no_active_s=0.0 state=IDLE tractor_cleanup=false elevator_transfer=false deck=Aircraft_10_nav_r4_192 pending=none clearance=none queue=0
t=11111.6 ==== SUMMARY t=11111.6 ====
t=11111.7 route=1 laps=23 crashes=1 avg_out=151.2s avg_ret=163.9s avg_lap=326.8s best_lap=316.0
t=11111.7 route=2 laps=21 crashes=2 avg_out=185.1s avg_ret=248.7s avg_lap=446.8s best_lap=430.1
t=11111.7 route=3 laps=23 crashes=0 avg_out=217.9s avg_ret=265.2s avg_lap=494.9s best_lap=447.7
t=11111.7 route=4 laps=24 crashes=0 avg_out=172.6s avg_ret=155.7s avg_lap=340.4s best_lap=332.6
t=11111.7 route=5 laps=23 crashes=0 avg_out=254.2s avg_ret=233.0s avg_lap=499.2s best_lap=486.0
t=11111.7 route=6 laps=23 crashes=1 avg_out=143.4s avg_ret=143.8s avg_lap=299.2s best_lap=273.6
t=11111.7 route=7 laps=24 crashes=0 avg_out=171.0s avg_ret=148.7s avg_lap=331.6s best_lap=315.4
t=11111.7 route=8 laps=24 crashes=0 avg_out=173.4s avg_ret=179.2s avg_lap=364.6s best_lap=351.4
t=11111.7 TOTAL laps=185 crashes=4
t=11111.7 TUNER gen=2 results=61/64 pending=3 active=3 remaining=3 next_trial=193 rounds=[8,8,8,8,8,8,8,8]
t=11117.3 LAUNCH_BLOCKED reason=tuner_capacity_full active=3 stored=1 no_active_s=0.0 state=IDLE tractor_cleanup=false elevator_transfer=false deck=Aircraft_10_nav_r4_192 pending=none clearance=Aircraft_10_nav_r4_190 queue=0
t=11132.4 LAUNCH_BLOCKED reason=tuner_capacity_full active=3 stored=1 no_active_s=0.0 state=IDLE tractor_cleanup=false elevator_transfer=false deck=Aircraft_10_nav_r4_192 pending=none clearance=Aircraft_10_nav_r4_190 queue=0
t=11135.8 LAP_CAPTURE craft=Aircraft_10_nav_r4_190 route=2 return=254.3s lap=449.9s carrier_dist=200m t=11135.8
t=11141.7 ==== SUMMARY t=11141.7 ====
t=11141.7 route=1 laps=23 crashes=1 avg_out=151.2s avg_ret=163.9s avg_lap=326.8s best_lap=316.0
t=11141.7 route=2 laps=22 crashes=2 avg_out=185.1s avg_ret=249.0s avg_lap=446.9s best_lap=430.1
t=11141.7 route=3 laps=23 crashes=0 avg_out=217.9s avg_ret=265.2s avg_lap=494.9s best_lap=447.7
t=11141.7 route=4 laps=24 crashes=0 avg_out=172.6s avg_ret=155.7s avg_lap=340.4s best_lap=332.6
t=11141.7 route=5 laps=23 crashes=0 avg_out=254.2s avg_ret=233.0s avg_lap=499.2s best_lap=486.0
t=11141.7 route=6 laps=23 crashes=1 avg_out=143.4s avg_ret=143.8s avg_lap=299.2s best_lap=273.6
t=11141.7 route=7 laps=24 crashes=0 avg_out=171.0s avg_ret=148.7s avg_lap=331.6s best_lap=315.4
t=11141.7 route=8 laps=24 crashes=0 avg_out=173.4s avg_ret=179.2s avg_lap=364.6s best_lap=351.4
t=11141.7 TOTAL laps=186 crashes=4
t=11141.7 TUNER gen=2 results=62/64 pending=2 active=2 remaining=2 next_trial=193 rounds=[8,8,8,8,8,8,8,8]
t=11147.4 LAUNCH_BLOCKED reason=tuner_capacity_full active=2 stored=1 no_active_s=0.0 state=IDLE tractor_cleanup=false elevator_transfer=false deck=Aircraft_10_nav_r4_192 pending=none clearance=none queue=0
t=11157.5 LZ_REACHED craft=Aircraft_10_nav_r4_192 route=5 outbound=265.7s t=11157.5
t=11162.5 LAUNCH_BLOCKED reason=tuner_capacity_full active=2 stored=1 no_active_s=0.0 state=IDLE tractor_cleanup=false elevator_transfer=false deck=Aircraft_10_nav_r4_192 pending=none clearance=none queue=0
t=11171.7 ==== SUMMARY t=11171.7 ====
t=11171.7 route=1 laps=23 crashes=1 avg_out=151.2s avg_ret=163.9s avg_lap=326.8s best_lap=316.0
t=11171.7 route=2 laps=22 crashes=2 avg_out=185.1s avg_ret=249.0s avg_lap=446.9s best_lap=430.1
t=11171.7 route=3 laps=23 crashes=0 avg_out=217.9s avg_ret=265.2s avg_lap=494.9s best_lap=447.7
t=11171.7 route=4 laps=24 crashes=0 avg_out=172.6s avg_ret=155.7s avg_lap=340.4s best_lap=332.6
t=11171.7 route=5 laps=23 crashes=0 avg_out=254.7s avg_ret=233.0s avg_lap=499.2s best_lap=486.0
t=11171.7 route=6 laps=23 crashes=1 avg_out=143.4s avg_ret=143.8s avg_lap=299.2s best_lap=273.6
t=11171.7 route=7 laps=24 crashes=0 avg_out=171.0s avg_ret=148.7s avg_lap=331.6s best_lap=315.4
t=11171.8 route=8 laps=24 crashes=0 avg_out=173.4s avg_ret=179.2s avg_lap=364.6s best_lap=351.4
t=11171.8 TOTAL laps=186 crashes=4
t=11171.8 TUNER gen=2 results=62/64 pending=2 active=2 remaining=2 next_trial=193 rounds=[8,8,8,8,8,8,8,8]
t=11177.7 LAUNCH_BLOCKED reason=tuner_capacity_full active=2 stored=1 no_active_s=0.0 state=IDLE tractor_cleanup=false elevator_transfer=false deck=Aircraft_10_nav_r4_192 pending=none clearance=none queue=0
t=11192.7 LAUNCH_BLOCKED reason=tuner_capacity_full active=2 stored=1 no_active_s=0.0 state=IDLE tractor_cleanup=false elevator_transfer=false deck=Aircraft_10_nav_r4_192 pending=none clearance=none queue=0
t=11201.9 ==== SUMMARY t=11201.9 ====
t=11201.9 route=1 laps=23 crashes=1 avg_out=151.2s avg_ret=163.9s avg_lap=326.8s best_lap=316.0
t=11201.9 route=2 laps=22 crashes=2 avg_out=185.1s avg_ret=249.0s avg_lap=446.9s best_lap=430.1
t=11201.9 route=3 laps=23 crashes=0 avg_out=217.9s avg_ret=265.2s avg_lap=494.9s best_lap=447.7
t=11201.9 route=4 laps=24 crashes=0 avg_out=172.6s avg_ret=155.7s avg_lap=340.4s best_lap=332.6
t=11201.9 route=5 laps=23 crashes=0 avg_out=254.7s avg_ret=233.0s avg_lap=499.2s best_lap=486.0
t=11201.9 route=6 laps=23 crashes=1 avg_out=143.4s avg_ret=143.8s avg_lap=299.2s best_lap=273.6
t=11201.9 route=7 laps=24 crashes=0 avg_out=171.0s avg_ret=148.7s avg_lap=331.6s best_lap=315.4
t=11201.9 route=8 laps=24 crashes=0 avg_out=173.4s avg_ret=179.2s avg_lap=364.6s best_lap=351.4
t=11201.9 TOTAL laps=186 crashes=4
t=11201.9 TUNER gen=2 results=62/64 pending=2 active=2 remaining=2 next_trial=193 rounds=[8,8,8,8,8,8,8,8]
t=11207.8 LAUNCH_BLOCKED reason=tuner_capacity_full active=2 stored=1 no_active_s=0.0 state=IDLE tractor_cleanup=false elevator_transfer=false deck=Aircraft_10_nav_r4_192 pending=none clearance=none queue=0
t=11222.8 LAUNCH_BLOCKED reason=tuner_capacity_full active=2 stored=1 no_active_s=0.0 state=IDLE tractor_cleanup=false elevator_transfer=false deck=Aircraft_10_nav_r4_192 pending=none clearance=none queue=0
t=11231.9 ==== SUMMARY t=11231.9 ====
t=11231.9 route=1 laps=23 crashes=1 avg_out=151.2s avg_ret=163.9s avg_lap=326.8s best_lap=316.0
t=11231.9 route=2 laps=22 crashes=2 avg_out=185.1s avg_ret=249.0s avg_lap=446.9s best_lap=430.1
t=11231.9 route=3 laps=23 crashes=0 avg_out=217.9s avg_ret=265.2s avg_lap=494.9s best_lap=447.7
t=11231.9 route=4 laps=24 crashes=0 avg_out=172.6s avg_ret=155.7s avg_lap=340.4s best_lap=332.6
t=11231.9 route=5 laps=23 crashes=0 avg_out=254.7s avg_ret=233.0s avg_lap=499.2s best_lap=486.0
t=11231.9 route=6 laps=23 crashes=1 avg_out=143.4s avg_ret=143.8s avg_lap=299.2s best_lap=273.6
t=11231.9 route=7 laps=24 crashes=0 avg_out=171.0s avg_ret=148.7s avg_lap=331.6s best_lap=315.4
t=11231.9 route=8 laps=24 crashes=0 avg_out=173.4s avg_ret=179.2s avg_lap=364.6s best_lap=351.4
t=11231.9 TOTAL laps=186 crashes=4
t=11231.9 TUNER gen=2 results=62/64 pending=2 active=2 remaining=2 next_trial=193 rounds=[8,8,8,8,8,8,8,8]
t=11237.9 LAUNCH_BLOCKED reason=tuner_capacity_full active=2 stored=1 no_active_s=0.0 state=IDLE tractor_cleanup=false elevator_transfer=false deck=Aircraft_10_nav_r4_192 pending=none clearance=none queue=0
t=11252.9 LAUNCH_BLOCKED reason=tuner_capacity_full active=2 stored=1 no_active_s=0.0 state=IDLE tractor_cleanup=false elevator_transfer=false deck=Aircraft_10_nav_r4_192 pending=none clearance=none queue=0
t=11261.9 ==== SUMMARY t=11261.9 ====
t=11261.9 route=1 laps=23 crashes=1 avg_out=151.2s avg_ret=163.9s avg_lap=326.8s best_lap=316.0
t=11261.9 route=2 laps=22 crashes=2 avg_out=185.1s avg_ret=249.0s avg_lap=446.9s best_lap=430.1
t=11261.9 route=3 laps=23 crashes=0 avg_out=217.9s avg_ret=265.2s avg_lap=494.9s best_lap=447.7
t=11261.9 route=4 laps=24 crashes=0 avg_out=172.6s avg_ret=155.7s avg_lap=340.4s best_lap=332.6
t=11261.9 route=5 laps=23 crashes=0 avg_out=254.7s avg_ret=233.0s avg_lap=499.2s best_lap=486.0
t=11261.9 route=6 laps=23 crashes=1 avg_out=143.4s avg_ret=143.8s avg_lap=299.2s best_lap=273.6
t=11261.9 route=7 laps=24 crashes=0 avg_out=171.0s avg_ret=148.7s avg_lap=331.6s best_lap=315.4
t=11261.9 route=8 laps=24 crashes=0 avg_out=173.4s avg_ret=179.2s avg_lap=364.6s best_lap=351.4
t=11261.9 TOTAL laps=186 crashes=4
t=11261.9 TUNER gen=2 results=62/64 pending=2 active=2 remaining=2 next_trial=193 rounds=[8,8,8,8,8,8,8,8]
t=11268.0 LAUNCH_BLOCKED reason=tuner_capacity_full active=2 stored=1 no_active_s=0.0 state=IDLE tractor_cleanup=false elevator_transfer=false deck=Aircraft_10_nav_r4_192 pending=none clearance=none queue=0
t=11283.0 LAUNCH_BLOCKED reason=tuner_capacity_full active=2 stored=1 no_active_s=0.0 state=IDLE tractor_cleanup=false elevator_transfer=false deck=Aircraft_10_nav_r4_192 pending=none clearance=none queue=0
t=11291.9 ==== SUMMARY t=11291.9 ====
t=11291.9 route=1 laps=23 crashes=1 avg_out=151.2s avg_ret=163.9s avg_lap=326.8s best_lap=316.0
t=11291.9 route=2 laps=22 crashes=2 avg_out=185.1s avg_ret=249.0s avg_lap=446.9s best_lap=430.1
t=11291.9 route=3 laps=23 crashes=0 avg_out=217.9s avg_ret=265.2s avg_lap=494.9s best_lap=447.7
t=11291.9 route=4 laps=24 crashes=0 avg_out=172.6s avg_ret=155.7s avg_lap=340.4s best_lap=332.6
t=11291.9 route=5 laps=23 crashes=0 avg_out=254.7s avg_ret=233.0s avg_lap=499.2s best_lap=486.0
t=11291.9 route=6 laps=23 crashes=1 avg_out=143.4s avg_ret=143.8s avg_lap=299.2s best_lap=273.6
t=11291.9 route=7 laps=24 crashes=0 avg_out=171.0s avg_ret=148.7s avg_lap=331.6s best_lap=315.4
t=11292.0 route=8 laps=24 crashes=0 avg_out=173.4s avg_ret=179.2s avg_lap=364.6s best_lap=351.4
t=11292.0 TOTAL laps=186 crashes=4
t=11292.0 TUNER gen=2 results=62/64 pending=2 active=2 remaining=2 next_trial=193 rounds=[8,8,8,8,8,8,8,8]
t=11298.1 LAUNCH_BLOCKED reason=tuner_capacity_full active=2 stored=1 no_active_s=0.0 state=IDLE tractor_cleanup=false elevator_transfer=false deck=Aircraft_10_nav_r4_192 pending=none clearance=none queue=0
t=11313.1 LAUNCH_BLOCKED reason=tuner_capacity_full active=2 stored=1 no_active_s=0.0 state=IDLE tractor_cleanup=false elevator_transfer=false deck=Aircraft_10_nav_r4_192 pending=none clearance=none queue=0
t=11321.9 ==== SUMMARY t=11321.9 ====
t=11321.9 route=1 laps=23 crashes=1 avg_out=151.2s avg_ret=163.9s avg_lap=326.8s best_lap=316.0
t=11321.9 route=2 laps=22 crashes=2 avg_out=185.1s avg_ret=249.0s avg_lap=446.9s best_lap=430.1
t=11321.9 route=3 laps=23 crashes=0 avg_out=217.9s avg_ret=265.2s avg_lap=494.9s best_lap=447.7
t=11321.9 route=4 laps=24 crashes=0 avg_out=172.6s avg_ret=155.7s avg_lap=340.4s best_lap=332.6
t=11321.9 route=5 laps=23 crashes=0 avg_out=254.7s avg_ret=233.0s avg_lap=499.2s best_lap=486.0
t=11321.9 route=6 laps=23 crashes=1 avg_out=143.4s avg_ret=143.8s avg_lap=299.2s best_lap=273.6
t=11321.9 route=7 laps=24 crashes=0 avg_out=171.0s avg_ret=148.7s avg_lap=331.6s best_lap=315.4
t=11322.0 route=8 laps=24 crashes=0 avg_out=173.4s avg_ret=179.2s avg_lap=364.6s best_lap=351.4
t=11322.0 TOTAL laps=186 crashes=4
t=11322.0 TUNER gen=2 results=62/64 pending=2 active=2 remaining=2 next_trial=193 rounds=[8,8,8,8,8,8,8,8]
t=11325.2 LAP_CAPTURE craft=Aircraft_10_nav_r1_191 route=3 return=259.5s lap=493.7s carrier_dist=200m t=11325.2
t=11328.2 LAUNCH_BLOCKED reason=tuner_capacity_full active=1 stored=1 no_active_s=0.0 state=IDLE tractor_cleanup=false elevator_transfer=false deck=Aircraft_10_nav_r4_192 pending=none clearance=none queue=0
t=11343.2 LAUNCH_BLOCKED reason=tuner_capacity_full active=1 stored=1 no_active_s=0.0 state=IDLE tractor_cleanup=false elevator_transfer=false deck=Aircraft_10_nav_r4_192 pending=none clearance=none queue=0
t=11351.9 ==== SUMMARY t=11351.9 ====
t=11351.9 route=1 laps=23 crashes=1 avg_out=151.2s avg_ret=163.9s avg_lap=326.8s best_lap=316.0
t=11351.9 route=2 laps=22 crashes=2 avg_out=185.1s avg_ret=249.0s avg_lap=446.9s best_lap=430.1
t=11352.0 route=3 laps=24 crashes=0 avg_out=217.9s avg_ret=265.0s avg_lap=494.9s best_lap=447.7
t=11352.0 route=4 laps=24 crashes=0 avg_out=172.6s avg_ret=155.7s avg_lap=340.4s best_lap=332.6
t=11352.0 route=5 laps=23 crashes=0 avg_out=254.7s avg_ret=233.0s avg_lap=499.2s best_lap=486.0
t=11352.0 route=6 laps=23 crashes=1 avg_out=143.4s avg_ret=143.8s avg_lap=299.2s best_lap=273.6
t=11352.0 route=7 laps=24 crashes=0 avg_out=171.0s avg_ret=148.7s avg_lap=331.6s best_lap=315.4
t=11352.0 route=8 laps=24 crashes=0 avg_out=173.4s avg_ret=179.2s avg_lap=364.6s best_lap=351.4
t=11352.0 TOTAL laps=187 crashes=4
t=11352.0 TUNER gen=2 results=63/64 pending=1 active=1 remaining=1 next_trial=193 rounds=[8,8,8,8,8,8,8,8]
t=11358.3 LAUNCH_BLOCKED reason=tuner_capacity_full active=1 stored=1 no_active_s=0.0 state=IDLE tractor_cleanup=false elevator_transfer=false deck=Aircraft_10_nav_r4_192 pending=none clearance=none queue=0
t=11373.3 LAUNCH_BLOCKED reason=tuner_capacity_full active=1 stored=1 no_active_s=0.0 state=IDLE tractor_cleanup=false elevator_transfer=false deck=Aircraft_10_nav_r4_192 pending=none clearance=none queue=0
t=11382.0 ==== SUMMARY t=11382.0 ====
t=11382.0 route=1 laps=23 crashes=1 avg_out=151.2s avg_ret=163.9s avg_lap=326.8s best_lap=316.0
t=11382.0 route=2 laps=22 crashes=2 avg_out=185.1s avg_ret=249.0s avg_lap=446.9s best_lap=430.1
t=11382.0 route=3 laps=24 crashes=0 avg_out=217.9s avg_ret=265.0s avg_lap=494.9s best_lap=447.7
t=11382.0 route=4 laps=24 crashes=0 avg_out=172.6s avg_ret=155.7s avg_lap=340.4s best_lap=332.6
t=11382.0 route=5 laps=23 crashes=0 avg_out=254.7s avg_ret=233.0s avg_lap=499.2s best_lap=486.0
t=11382.0 route=6 laps=23 crashes=1 avg_out=143.4s avg_ret=143.8s avg_lap=299.2s best_lap=273.6
t=11382.0 route=7 laps=24 crashes=0 avg_out=171.0s avg_ret=148.7s avg_lap=331.6s best_lap=315.4
t=11382.0 route=8 laps=24 crashes=0 avg_out=173.4s avg_ret=179.2s avg_lap=364.6s best_lap=351.4
t=11382.0 TOTAL laps=187 crashes=4
t=11382.0 TUNER gen=2 results=63/64 pending=1 active=1 remaining=1 next_trial=193 rounds=[8,8,8,8,8,8,8,8]
t=11388.4 LAUNCH_BLOCKED reason=tuner_capacity_full active=1 stored=1 no_active_s=0.0 state=IDLE tractor_cleanup=false elevator_transfer=false deck=Aircraft_10_nav_r4_192 pending=none clearance=none queue=0
t=11403.4 LAUNCH_BLOCKED reason=tuner_capacity_full active=1 stored=1 no_active_s=0.0 state=IDLE tractor_cleanup=false elevator_transfer=false deck=Aircraft_10_nav_r4_192 pending=none clearance=none queue=0
t=11408.8 LAP_CAPTURE craft=Aircraft_10_nav_r4_192 route=5 return=239.3s lap=517.0s carrier_dist=200m t=11408.7
t=11408.8 IDLE_TUNER_WAIT gen=3 results=0/64 remaining=64 active_nav=0 stored=1 state=IDLE next_trial=193
t=11412.0 ==== SUMMARY t=11412.0 ====
t=11412.0 route=1 laps=23 crashes=1 avg_out=151.2s avg_ret=163.9s avg_lap=326.8s best_lap=316.0
t=11412.0 route=2 laps=22 crashes=2 avg_out=185.1s avg_ret=249.0s avg_lap=446.9s best_lap=430.1
t=11412.0 route=3 laps=24 crashes=0 avg_out=217.9s avg_ret=265.0s avg_lap=494.9s best_lap=447.7
t=11412.0 route=4 laps=24 crashes=0 avg_out=172.6s avg_ret=155.7s avg_lap=340.4s best_lap=332.6
t=11412.0 route=5 laps=24 crashes=0 avg_out=254.7s avg_ret=233.2s avg_lap=500.0s best_lap=486.0
t=11412.0 route=6 laps=23 crashes=1 avg_out=143.4s avg_ret=143.8s avg_lap=299.2s best_lap=273.6
t=11412.0 route=7 laps=24 crashes=0 avg_out=171.0s avg_ret=148.7s avg_lap=331.6s best_lap=315.4
t=11412.0 route=8 laps=24 crashes=0 avg_out=173.4s avg_ret=179.2s avg_lap=364.6s best_lap=351.4
t=11412.0 TOTAL laps=188 crashes=4
t=11412.0 TUNER gen=3 results=0/64 pending=0 active=0 remaining=64 next_trial=193 rounds=[0,0,0,0,0,0,0,0]
t=11418.5 LAUNCH_BLOCKED reason=deck_busy active=1 stored=7 no_active_s=0.0 state=RETRIEVING_FROM_HANGAR tractor_cleanup=false elevator_transfer=false deck=Aircraft_10_nav_r1_193 pending=none clearance=none queue=0
t=11428.7 SPAWN craft=Aircraft_10_nav_r1_193 route=1 candidate=1 trial=193 t=11428.7
t=11433.5 LAUNCH_BLOCKED reason=cleared_unready_nav_deck_aircraft active=1 stored=7 no_active_s=0.0 state=IDLE tractor_cleanup=false elevator_transfer=false deck=Aircraft_10_nav_r1_193 pending=none clearance=none queue=0
t=11442.0 ==== SUMMARY t=11442.0 ====
t=11442.0 route=1 laps=23 crashes=1 avg_out=151.2s avg_ret=163.9s avg_lap=326.8s best_lap=316.0
t=11442.0 route=2 laps=22 crashes=2 avg_out=185.1s avg_ret=249.0s avg_lap=446.9s best_lap=430.1
t=11442.0 route=3 laps=24 crashes=0 avg_out=217.9s avg_ret=265.0s avg_lap=494.9s best_lap=447.7
t=11442.0 route=4 laps=24 crashes=0 avg_out=172.6s avg_ret=155.7s avg_lap=340.4s best_lap=332.6
t=11442.0 route=5 laps=24 crashes=0 avg_out=254.7s avg_ret=233.2s avg_lap=500.0s best_lap=486.0
t=11442.0 route=6 laps=23 crashes=1 avg_out=143.4s avg_ret=143.8s avg_lap=299.2s best_lap=273.6
t=11442.0 route=7 laps=24 crashes=0 avg_out=171.0s avg_ret=148.7s avg_lap=331.6s best_lap=315.4
t=11442.0 route=8 laps=24 crashes=0 avg_out=173.4s avg_ret=179.2s avg_lap=364.6s best_lap=351.4
t=11442.0 TOTAL laps=188 crashes=4
t=11442.1 TUNER gen=3 results=0/64 pending=2 active=2 remaining=64 next_trial=195 rounds=[1,1,0,0,0,0,0,0]
t=11448.6 LAUNCH_BLOCKED reason=deck_busy active=2 stored=6 no_active_s=0.0 state=AIRCRAFT_ON_DECK tractor_cleanup=false elevator_transfer=false deck=Aircraft_10_nav_r2_194 pending=none clearance=none queue=0
t=11448.8 SPAWN craft=Aircraft_10_nav_r2_194 route=2 candidate=2 trial=194 t=11448.8
t=11463.8 LAUNCH_BLOCKED reason=deck_busy active=3 stored=5 no_active_s=0.0 state=AIRCRAFT_ON_DECK tractor_cleanup=false elevator_transfer=true deck=Aircraft_10_nav_r3_195 pending=none clearance=none queue=0
t=11468.9 SPAWN craft=Aircraft_10_nav_r3_195 route=3 candidate=3 trial=195 t=11468.9
t=11472.0 ==== SUMMARY t=11472.0 ====
t=11472.0 route=1 laps=23 crashes=1 avg_out=151.2s avg_ret=163.9s avg_lap=326.8s best_lap=316.0
t=11472.0 route=2 laps=22 crashes=2 avg_out=185.1s avg_ret=249.0s avg_lap=446.9s best_lap=430.1
t=11472.0 route=3 laps=24 crashes=0 avg_out=217.9s avg_ret=265.0s avg_lap=494.9s best_lap=447.7
t=11472.0 route=4 laps=24 crashes=0 avg_out=172.6s avg_ret=155.7s avg_lap=340.4s best_lap=332.6
t=11472.0 route=5 laps=24 crashes=0 avg_out=254.7s avg_ret=233.2s avg_lap=500.0s best_lap=486.0
t=11472.1 route=6 laps=23 crashes=1 avg_out=143.4s avg_ret=143.8s avg_lap=299.2s best_lap=273.6
t=11472.1 route=7 laps=24 crashes=0 avg_out=171.0s avg_ret=148.7s avg_lap=331.6s best_lap=315.4
t=11472.1 route=8 laps=24 crashes=0 avg_out=173.4s avg_ret=179.2s avg_lap=364.6s best_lap=351.4
t=11472.1 TOTAL laps=188 crashes=4
t=11472.1 TUNER gen=3 results=0/64 pending=3 active=3 remaining=64 next_trial=196 rounds=[1,1,1,0,0,0,0,0]
t=11483.7 LAUNCH_BLOCKED reason=deck_busy active=4 stored=4 no_active_s=0.0 state=AIRCRAFT_ON_DECK tractor_cleanup=false elevator_transfer=true deck=Aircraft_10_nav_r4_196 pending=none clearance=none queue=0
t=11488.9 SPAWN craft=Aircraft_10_nav_r4_196 route=4 candidate=4 trial=196 t=11488.9
t=11498.8 LAUNCH_BLOCKED reason=deck_busy active=5 stored=3 no_active_s=0.0 state=RETRIEVING_FROM_HANGAR tractor_cleanup=false elevator_transfer=false deck=Aircraft_10_nav_r5_197 pending=none clearance=none queue=0
t=11502.0 ==== SUMMARY t=11502.0 ====
t=11502.1 route=1 laps=23 crashes=1 avg_out=151.2s avg_ret=163.9s avg_lap=326.8s best_lap=316.0
t=11502.1 route=2 laps=22 crashes=2 avg_out=185.1s avg_ret=249.0s avg_lap=446.9s best_lap=430.1
t=11502.1 route=3 laps=24 crashes=0 avg_out=217.9s avg_ret=265.0s avg_lap=494.9s best_lap=447.7
t=11502.1 route=4 laps=24 crashes=0 avg_out=172.6s avg_ret=155.7s avg_lap=340.4s best_lap=332.6
t=11502.1 route=5 laps=24 crashes=0 avg_out=254.7s avg_ret=233.2s avg_lap=500.0s best_lap=486.0
t=11502.1 route=6 laps=23 crashes=1 avg_out=143.4s avg_ret=143.8s avg_lap=299.2s best_lap=273.6
t=11502.1 route=7 laps=24 crashes=0 avg_out=171.0s avg_ret=148.7s avg_lap=331.6s best_lap=315.4
t=11502.1 route=8 laps=24 crashes=0 avg_out=173.4s avg_ret=179.2s avg_lap=364.6s best_lap=351.4
t=11502.1 TOTAL laps=188 crashes=4
t=11502.1 TUNER gen=3 results=0/64 pending=5 active=5 remaining=64 next_trial=198 rounds=[1,1,1,1,1,0,0,0]
t=11509.1 SPAWN craft=Aircraft_10_nav_r5_197 route=5 candidate=5 trial=197 t=11509.1
t=11513.9 LAUNCH_BLOCKED reason=cleared_unready_nav_deck_aircraft active=5 stored=3 no_active_s=0.0 state=IDLE tractor_cleanup=false elevator_transfer=false deck=Aircraft_10_nav_r5_197 pending=none clearance=none queue=0
t=11529.0 LAUNCH_BLOCKED reason=deck_busy active=6 stored=2 no_active_s=0.0 state=AIRCRAFT_ON_DECK tractor_cleanup=false elevator_transfer=false deck=Aircraft_10_nav_r6_198 pending=none clearance=none queue=0
t=11529.2 SPAWN craft=Aircraft_10_nav_r6_198 route=6 candidate=6 trial=198 t=11529.2
t=11532.1 ==== SUMMARY t=11532.1 ====
t=11532.1 route=1 laps=23 crashes=1 avg_out=151.2s avg_ret=163.9s avg_lap=326.8s best_lap=316.0
t=11532.2 route=2 laps=22 crashes=2 avg_out=185.1s avg_ret=249.0s avg_lap=446.9s best_lap=430.1
t=11532.2 route=3 laps=24 crashes=0 avg_out=217.9s avg_ret=265.0s avg_lap=494.9s best_lap=447.7
t=11532.2 route=4 laps=24 crashes=0 avg_out=172.6s avg_ret=155.7s avg_lap=340.4s best_lap=332.6
t=11532.2 route=5 laps=24 crashes=0 avg_out=254.7s avg_ret=233.2s avg_lap=500.0s best_lap=486.0
t=11532.2 route=6 laps=23 crashes=1 avg_out=143.4s avg_ret=143.8s avg_lap=299.2s best_lap=273.6
t=11532.2 route=7 laps=24 crashes=0 avg_out=171.0s avg_ret=148.7s avg_lap=331.6s best_lap=315.4
t=11532.2 route=8 laps=24 crashes=0 avg_out=173.4s avg_ret=179.2s avg_lap=364.6s best_lap=351.4
t=11532.2 TOTAL laps=188 crashes=4
t=11532.2 TUNER gen=3 results=0/64 pending=6 active=6 remaining=64 next_trial=199 rounds=[1,1,1,1,1,1,0,0]
t=11544.0 LAUNCH_BLOCKED reason=deck_busy active=7 stored=1 no_active_s=0.0 state=AIRCRAFT_ON_DECK tractor_cleanup=false elevator_transfer=true deck=Aircraft_10_nav_r7_199 pending=none clearance=none queue=0
t=11549.3 SPAWN craft=Aircraft_10_nav_r7_199 route=7 candidate=7 trial=199 t=11549.3
t=11562.2 ==== SUMMARY t=11562.2 ====
t=11562.2 route=1 laps=23 crashes=1 avg_out=151.2s avg_ret=163.9s avg_lap=326.8s best_lap=316.0
t=11562.2 route=2 laps=22 crashes=2 avg_out=185.1s avg_ret=249.0s avg_lap=446.9s best_lap=430.1
t=11562.2 route=3 laps=24 crashes=0 avg_out=217.9s avg_ret=265.0s avg_lap=494.9s best_lap=447.7
t=11562.2 route=4 laps=24 crashes=0 avg_out=172.6s avg_ret=155.7s avg_lap=340.4s best_lap=332.6
t=11562.2 route=5 laps=24 crashes=0 avg_out=254.7s avg_ret=233.2s avg_lap=500.0s best_lap=486.0
t=11562.2 route=6 laps=23 crashes=1 avg_out=143.4s avg_ret=143.8s avg_lap=299.2s best_lap=273.6
t=11562.2 route=7 laps=24 crashes=0 avg_out=171.0s avg_ret=148.7s avg_lap=331.6s best_lap=315.4
t=11562.2 route=8 laps=24 crashes=0 avg_out=173.4s avg_ret=179.2s avg_lap=364.6s best_lap=351.4
t=11562.2 TOTAL laps=188 crashes=4
t=11562.2 TUNER gen=3 results=0/64 pending=8 active=8 remaining=64 next_trial=201 rounds=[1,1,1,1,1,1,1,1]
t=11569.4 SPAWN craft=Aircraft_10_nav_r8_200 route=8 candidate=8 trial=200 t=11569.4
t=11574.3 LZ_REACHED craft=Aircraft_10_nav_r1_193 route=1 outbound=145.6s t=11574.3
t=11592.2 ==== SUMMARY t=11592.2 ====
t=11592.2 route=1 laps=23 crashes=1 avg_out=150.9s avg_ret=163.9s avg_lap=326.8s best_lap=316.0
t=11592.2 route=2 laps=22 crashes=2 avg_out=185.1s avg_ret=249.0s avg_lap=446.9s best_lap=430.1
t=11592.2 route=3 laps=24 crashes=0 avg_out=217.9s avg_ret=265.0s avg_lap=494.9s best_lap=447.7
t=11592.2 route=4 laps=24 crashes=0 avg_out=172.6s avg_ret=155.7s avg_lap=340.4s best_lap=332.6
t=11592.2 route=5 laps=24 crashes=0 avg_out=254.7s avg_ret=233.2s avg_lap=500.0s best_lap=486.0
t=11592.2 route=6 laps=23 crashes=1 avg_out=143.4s avg_ret=143.8s avg_lap=299.2s best_lap=273.6
t=11592.2 route=7 laps=24 crashes=0 avg_out=171.0s avg_ret=148.7s avg_lap=331.6s best_lap=315.4
t=11592.2 route=8 laps=24 crashes=0 avg_out=173.4s avg_ret=179.2s avg_lap=364.6s best_lap=351.4
t=11592.2 TOTAL laps=188 crashes=4
t=11592.2 TUNER gen=3 results=0/64 pending=8 active=8 remaining=64 next_trial=201 rounds=[1,1,1,1,1,1,1,1]
t=11622.2 ==== SUMMARY t=11622.2 ====
t=11622.2 route=1 laps=23 crashes=1 avg_out=150.9s avg_ret=163.9s avg_lap=326.8s best_lap=316.0
t=11622.2 route=2 laps=22 crashes=2 avg_out=185.1s avg_ret=249.0s avg_lap=446.9s best_lap=430.1
t=11622.2 route=3 laps=24 crashes=0 avg_out=217.9s avg_ret=265.0s avg_lap=494.9s best_lap=447.7
t=11622.2 route=4 laps=24 crashes=0 avg_out=172.6s avg_ret=155.7s avg_lap=340.4s best_lap=332.6
t=11622.2 route=5 laps=24 crashes=0 avg_out=254.7s avg_ret=233.2s avg_lap=500.0s best_lap=486.0
t=11622.2 route=6 laps=23 crashes=1 avg_out=143.4s avg_ret=143.8s avg_lap=299.2s best_lap=273.6
t=11622.2 route=7 laps=24 crashes=0 avg_out=171.0s avg_ret=148.7s avg_lap=331.6s best_lap=315.4
t=11622.2 route=8 laps=24 crashes=0 avg_out=173.4s avg_ret=179.2s avg_lap=364.6s best_lap=351.4
t=11622.3 TOTAL laps=188 crashes=4
t=11622.3 TUNER gen=3 results=0/64 pending=8 active=8 remaining=64 next_trial=201 rounds=[1,1,1,1,1,1,1,1]
t=11630.0 LZ_REACHED craft=Aircraft_10_nav_r2_194 route=2 outbound=181.2s t=11630.0
t=11652.2 ==== SUMMARY t=11652.2 ====
t=11652.2 route=1 laps=23 crashes=1 avg_out=150.9s avg_ret=163.9s avg_lap=326.8s best_lap=316.0
t=11652.3 route=2 laps=22 crashes=2 avg_out=185.0s avg_ret=249.0s avg_lap=446.9s best_lap=430.1
t=11652.3 route=3 laps=24 crashes=0 avg_out=217.9s avg_ret=265.0s avg_lap=494.9s best_lap=447.7
t=11652.3 route=4 laps=24 crashes=0 avg_out=172.6s avg_ret=155.7s avg_lap=340.4s best_lap=332.6
t=11652.3 route=5 laps=24 crashes=0 avg_out=254.7s avg_ret=233.2s avg_lap=500.0s best_lap=486.0
t=11652.3 route=6 laps=23 crashes=1 avg_out=143.4s avg_ret=143.8s avg_lap=299.2s best_lap=273.6
t=11652.3 route=7 laps=24 crashes=0 avg_out=171.0s avg_ret=148.7s avg_lap=331.6s best_lap=315.4
t=11652.3 route=8 laps=24 crashes=0 avg_out=173.4s avg_ret=179.2s avg_lap=364.6s best_lap=351.4
t=11652.3 TOTAL laps=188 crashes=4
t=11652.3 TUNER gen=3 results=0/64 pending=8 active=8 remaining=64 next_trial=201 rounds=[1,1,1,1,1,1,1,1]
t=11662.1 LZ_REACHED craft=Aircraft_10_nav_r4_196 route=4 outbound=173.2s t=11662.1
t=11668.8 LZ_REACHED craft=Aircraft_10_nav_r6_198 route=6 outbound=139.5s t=11668.8
t=11682.3 ==== SUMMARY t=11682.3 ====
t=11682.3 route=1 laps=23 crashes=1 avg_out=150.9s avg_ret=163.9s avg_lap=326.8s best_lap=316.0
t=11682.3 route=2 laps=22 crashes=2 avg_out=185.0s avg_ret=249.0s avg_lap=446.9s best_lap=430.1
t=11682.3 route=3 laps=24 crashes=0 avg_out=217.9s avg_ret=265.0s avg_lap=494.9s best_lap=447.7
t=11682.3 route=4 laps=24 crashes=0 avg_out=172.6s avg_ret=155.7s avg_lap=340.4s best_lap=332.6
t=11682.3 route=5 laps=24 crashes=0 avg_out=254.7s avg_ret=233.2s avg_lap=500.0s best_lap=486.0
t=11682.4 route=6 laps=23 crashes=1 avg_out=143.2s avg_ret=143.8s avg_lap=299.2s best_lap=273.6
t=11682.4 route=7 laps=24 crashes=0 avg_out=171.0s avg_ret=148.7s avg_lap=331.6s best_lap=315.4
t=11682.4 route=8 laps=24 crashes=0 avg_out=173.4s avg_ret=179.2s avg_lap=364.6s best_lap=351.4
t=11682.4 TOTAL laps=188 crashes=4
t=11682.4 TUNER gen=3 results=0/64 pending=8 active=8 remaining=64 next_trial=201 rounds=[1,1,1,1,1,1,1,1]
t=11703.8 LZ_REACHED craft=Aircraft_10_nav_r3_195 route=3 outbound=234.9s t=11703.8
t=11712.3 ==== SUMMARY t=11712.3 ====
t=11712.3 route=1 laps=23 crashes=1 avg_out=150.9s avg_ret=163.9s avg_lap=326.8s best_lap=316.0
t=11712.3 route=2 laps=22 crashes=2 avg_out=185.0s avg_ret=249.0s avg_lap=446.9s best_lap=430.1
t=11712.3 route=3 laps=24 crashes=0 avg_out=218.5s avg_ret=265.0s avg_lap=494.9s best_lap=447.7
t=11712.3 route=4 laps=24 crashes=0 avg_out=172.6s avg_ret=155.7s avg_lap=340.4s best_lap=332.6
t=11712.3 route=5 laps=24 crashes=0 avg_out=254.7s avg_ret=233.2s avg_lap=500.0s best_lap=486.0
t=11712.3 route=6 laps=23 crashes=1 avg_out=143.2s avg_ret=143.8s avg_lap=299.2s best_lap=273.6
t=11712.3 route=7 laps=24 crashes=0 avg_out=171.0s avg_ret=148.7s avg_lap=331.6s best_lap=315.4
t=11712.3 route=8 laps=24 crashes=0 avg_out=173.4s avg_ret=179.2s avg_lap=364.6s best_lap=351.4
t=11712.3 TOTAL laps=188 crashes=4
t=11712.4 TUNER gen=3 results=0/64 pending=8 active=8 remaining=64 next_trial=201 rounds=[1,1,1,1,1,1,1,1]
t=11719.7 LZ_REACHED craft=Aircraft_10_nav_r7_199 route=7 outbound=170.4s t=11719.7
t=11742.4 ==== SUMMARY t=11742.4 ====
t=11742.4 route=1 laps=23 crashes=1 avg_out=150.9s avg_ret=163.9s avg_lap=326.8s best_lap=316.0
t=11742.4 route=2 laps=22 crashes=2 avg_out=185.0s avg_ret=249.0s avg_lap=446.9s best_lap=430.1
t=11742.4 route=3 laps=24 crashes=0 avg_out=218.5s avg_ret=265.0s avg_lap=494.9s best_lap=447.7
t=11742.4 route=4 laps=24 crashes=0 avg_out=172.6s avg_ret=155.7s avg_lap=340.4s best_lap=332.6
t=11742.4 route=5 laps=24 crashes=0 avg_out=254.7s avg_ret=233.2s avg_lap=500.0s best_lap=486.0
t=11742.4 route=6 laps=23 crashes=1 avg_out=143.2s avg_ret=143.8s avg_lap=299.2s best_lap=273.6
t=11742.4 route=7 laps=24 crashes=0 avg_out=170.9s avg_ret=148.7s avg_lap=331.6s best_lap=315.4
t=11742.4 route=8 laps=24 crashes=0 avg_out=173.4s avg_ret=179.2s avg_lap=364.6s best_lap=351.4
t=11742.4 TOTAL laps=188 crashes=4
t=11742.4 TUNER gen=3 results=0/64 pending=8 active=8 remaining=64 next_trial=201 rounds=[1,1,1,1,1,1,1,1]
t=11746.0 LZ_REACHED craft=Aircraft_10_nav_r8_200 route=8 outbound=176.6s t=11746.0
t=11747.4 LAP_CAPTURE craft=Aircraft_10_nav_r1_193 route=1 return=161.0s lap=318.6s carrier_dist=200m t=11747.4
t=11756.7 LZ_REACHED craft=Aircraft_10_nav_r5_197 route=5 outbound=247.6s t=11756.7
t=11765.1 SPAWN craft=Aircraft_10_nav_r1_201 route=1 candidate=2 trial=201 t=11765.1
t=11772.5 ==== SUMMARY t=11772.5 ====
t=11772.5 route=1 laps=24 crashes=1 avg_out=150.9s avg_ret=163.7s avg_lap=326.5s best_lap=316.0
t=11772.5 route=2 laps=22 crashes=2 avg_out=185.0s avg_ret=249.0s avg_lap=446.9s best_lap=430.1
t=11772.5 route=3 laps=24 crashes=0 avg_out=218.5s avg_ret=265.0s avg_lap=494.9s best_lap=447.7
t=11772.5 route=4 laps=24 crashes=0 avg_out=172.6s avg_ret=155.7s avg_lap=340.4s best_lap=332.6
t=11772.5 route=5 laps=24 crashes=0 avg_out=254.4s avg_ret=233.2s avg_lap=500.0s best_lap=486.0
t=11772.5 route=6 laps=23 crashes=1 avg_out=143.2s avg_ret=143.8s avg_lap=299.2s best_lap=273.6
t=11772.5 route=7 laps=24 crashes=0 avg_out=170.9s avg_ret=148.7s avg_lap=331.6s best_lap=315.4
t=11772.5 route=8 laps=24 crashes=0 avg_out=173.5s avg_ret=179.2s avg_lap=364.6s best_lap=351.4
t=11772.5 TOTAL laps=189 crashes=4
t=11772.5 TUNER gen=3 results=1/64 pending=8 active=8 remaining=63 next_trial=202 rounds=[2,1,1,1,1,1,1,1]
t=11802.5 ==== SUMMARY t=11802.5 ====
t=11802.5 route=1 laps=24 crashes=1 avg_out=150.9s avg_ret=163.7s avg_lap=326.5s best_lap=316.0
t=11802.5 route=2 laps=22 crashes=2 avg_out=185.0s avg_ret=249.0s avg_lap=446.9s best_lap=430.1
t=11802.5 route=3 laps=24 crashes=0 avg_out=218.5s avg_ret=265.0s avg_lap=494.9s best_lap=447.7
t=11802.5 route=4 laps=24 crashes=0 avg_out=172.6s avg_ret=155.7s avg_lap=340.4s best_lap=332.6
t=11802.5 route=5 laps=24 crashes=0 avg_out=254.4s avg_ret=233.2s avg_lap=500.0s best_lap=486.0
t=11802.5 route=6 laps=23 crashes=1 avg_out=143.2s avg_ret=143.8s avg_lap=299.2s best_lap=273.6
t=11802.6 route=7 laps=24 crashes=0 avg_out=170.9s avg_ret=148.7s avg_lap=331.6s best_lap=315.4
t=11802.6 route=8 laps=24 crashes=0 avg_out=173.5s avg_ret=179.2s avg_lap=364.6s best_lap=351.4
t=11802.6 TOTAL laps=189 crashes=4
t=11802.6 TUNER gen=3 results=1/64 pending=8 active=8 remaining=63 next_trial=202 rounds=[2,1,1,1,1,1,1,1]
t=11821.2 LAP_CAPTURE craft=Aircraft_10_nav_r6_198 route=6 return=140.5s lap=292.0s carrier_dist=200m t=11821.2
t=11829.1 LAP_CAPTURE craft=Aircraft_10_nav_r4_196 route=4 return=155.0s lap=340.2s carrier_dist=200m t=11829.1
t=11832.5 ==== SUMMARY t=11832.5 ====
t=11832.5 route=1 laps=24 crashes=1 avg_out=150.9s avg_ret=163.7s avg_lap=326.5s best_lap=316.0
t=11832.5 route=2 laps=22 crashes=2 avg_out=185.0s avg_ret=249.0s avg_lap=446.9s best_lap=430.1
t=11832.5 route=3 laps=24 crashes=0 avg_out=218.5s avg_ret=265.0s avg_lap=494.9s best_lap=447.7
t=11832.5 route=4 laps=25 crashes=0 avg_out=172.6s avg_ret=155.7s avg_lap=340.3s best_lap=332.6
t=11832.6 route=5 laps=24 crashes=0 avg_out=254.4s avg_ret=233.2s avg_lap=500.0s best_lap=486.0
t=11832.6 route=6 laps=24 crashes=1 avg_out=143.2s avg_ret=143.7s avg_lap=298.9s best_lap=273.6
t=11832.6 route=7 laps=24 crashes=0 avg_out=170.9s avg_ret=148.7s avg_lap=331.6s best_lap=315.4
t=11832.6 route=8 laps=24 crashes=0 avg_out=173.5s avg_ret=179.2s avg_lap=364.6s best_lap=351.4
t=11832.6 TOTAL laps=191 crashes=4
t=11832.6 TUNER gen=3 results=3/64 pending=6 active=6 remaining=61 next_trial=202 rounds=[2,1,1,1,1,1,1,1]
t=11835.3 LAUNCH_BLOCKED reason=deck_busy active=7 stored=1 no_active_s=0.0 state=AIRCRAFT_ON_DECK tractor_cleanup=false elevator_transfer=true deck=Aircraft_10_nav_r6_202 pending=none clearance=none queue=0
t=11840.5 SPAWN craft=Aircraft_10_nav_r6_202 route=6 candidate=7 trial=202 t=11840.5
t=11860.7 SPAWN craft=Aircraft_10_nav_r4_203 route=4 candidate=5 trial=203 t=11860.7
t=11862.7 ==== SUMMARY t=11862.7 ====
t=11862.7 route=1 laps=24 crashes=1 avg_out=150.9s avg_ret=163.7s avg_lap=326.5s best_lap=316.0
t=11862.7 route=2 laps=22 crashes=2 avg_out=185.0s avg_ret=249.0s avg_lap=446.9s best_lap=430.1
t=11862.7 route=3 laps=24 crashes=0 avg_out=218.5s avg_ret=265.0s avg_lap=494.9s best_lap=447.7
t=11862.7 route=4 laps=25 crashes=0 avg_out=172.6s avg_ret=155.7s avg_lap=340.3s best_lap=332.6
t=11862.7 route=5 laps=24 crashes=0 avg_out=254.4s avg_ret=233.2s avg_lap=500.0s best_lap=486.0
t=11862.7 route=6 laps=24 crashes=1 avg_out=143.2s avg_ret=143.7s avg_lap=298.9s best_lap=273.6
t=11862.7 route=7 laps=24 crashes=0 avg_out=170.9s avg_ret=148.7s avg_lap=331.6s best_lap=315.4
t=11862.7 route=8 laps=24 crashes=0 avg_out=173.5s avg_ret=179.2s avg_lap=364.6s best_lap=351.4
t=11862.7 TOTAL laps=191 crashes=4
t=11862.7 TUNER gen=3 results=3/64 pending=8 active=8 remaining=61 next_trial=204 rounds=[2,1,1,2,1,2,1,1]
t=11880.2 LAP_CAPTURE craft=Aircraft_10_nav_r7_199 route=7 return=148.6s lap=330.9s carrier_dist=200m t=11880.2
t=11885.5 LAUNCH_BLOCKED reason=landing_or_storage_busy active=7 stored=1 no_active_s=0.0 state=IDLE tractor_cleanup=false elevator_transfer=false deck=Aircraft_10_nav_r4_203 pending=none clearance=Aircraft_10_nav_r2_194 queue=0
t=11892.7 ==== SUMMARY t=11892.7 ====
t=11892.7 route=1 laps=24 crashes=1 avg_out=150.9s avg_ret=163.7s avg_lap=326.5s best_lap=316.0
t=11892.7 route=2 laps=22 crashes=2 avg_out=185.0s avg_ret=249.0s avg_lap=446.9s best_lap=430.1
t=11892.7 route=3 laps=24 crashes=0 avg_out=218.5s avg_ret=265.0s avg_lap=494.9s best_lap=447.7
t=11892.7 route=4 laps=25 crashes=0 avg_out=172.6s avg_ret=155.7s avg_lap=340.3s best_lap=332.6
t=11892.7 route=5 laps=24 crashes=0 avg_out=254.4s avg_ret=233.2s avg_lap=500.0s best_lap=486.0
t=11892.7 route=6 laps=24 crashes=1 avg_out=143.2s avg_ret=143.7s avg_lap=298.9s best_lap=273.6
t=11892.8 route=7 laps=25 crashes=0 avg_out=170.9s avg_ret=148.6s avg_lap=331.6s best_lap=315.4
t=11892.8 route=8 laps=24 crashes=0 avg_out=173.5s avg_ret=179.2s avg_lap=364.6s best_lap=351.4
t=11892.8 TOTAL laps=192 crashes=4
t=11892.8 TUNER gen=3 results=4/64 pending=7 active=7 remaining=60 next_trial=204 rounds=[2,1,1,2,1,2,1,1]
t=11895.5 LAP_CAPTURE craft=Aircraft_10_nav_r2_194 route=2 return=253.5s lap=446.7s carrier_dist=200m t=11895.5
t=11900.6 LAUNCH_BLOCKED reason=deck_busy active=7 stored=1 no_active_s=0.0 state=RETRIEVING_FROM_HANGAR tractor_cleanup=false elevator_transfer=false deck=Aircraft_10_nav_r7_204 pending=none clearance=none queue=0
t=11910.9 SPAWN craft=Aircraft_10_nav_r7_204 route=7 candidate=8 trial=204 t=11910.9
t=11915.7 LAUNCH_BLOCKED reason=landing_or_storage_busy active=7 stored=1 no_active_s=0.0 state=IDLE tractor_cleanup=false elevator_transfer=false deck=Aircraft_10_nav_r7_204 pending=none clearance=Aircraft_10_nav_r8_200 queue=0
t=11918.5 LZ_REACHED craft=Aircraft_10_nav_r1_201 route=1 outbound=153.4s t=11918.5
t=11922.8 ==== SUMMARY t=11922.8 ====
t=11922.8 route=1 laps=24 crashes=1 avg_out=151.0s avg_ret=163.7s avg_lap=326.5s best_lap=316.0
t=11922.8 route=2 laps=23 crashes=2 avg_out=185.0s avg_ret=249.2s avg_lap=446.9s best_lap=430.1
t=11922.8 route=3 laps=24 crashes=0 avg_out=218.5s avg_ret=265.0s avg_lap=494.9s best_lap=447.7
t=11922.8 route=4 laps=25 crashes=0 avg_out=172.6s avg_ret=155.7s avg_lap=340.3s best_lap=332.6
t=11922.8 route=5 laps=24 crashes=0 avg_out=254.4s avg_ret=233.2s avg_lap=500.0s best_lap=486.0
t=11922.8 route=6 laps=24 crashes=1 avg_out=143.2s avg_ret=143.7s avg_lap=298.9s best_lap=273.6
t=11922.8 route=7 laps=25 crashes=0 avg_out=170.9s avg_ret=148.6s avg_lap=331.6s best_lap=315.4
t=11922.8 route=8 laps=24 crashes=0 avg_out=173.5s avg_ret=179.2s avg_lap=364.6s best_lap=351.4
t=11922.8 TOTAL laps=193 crashes=4
t=11922.8 TUNER gen=3 results=5/64 pending=7 active=7 remaining=59 next_trial=205 rounds=[2,1,1,2,1,2,2,1]
t=11930.7 LAUNCH_BLOCKED reason=landing_or_storage_busy active=7 stored=1 no_active_s=0.0 state=IDLE tractor_cleanup=false elevator_transfer=false deck=Aircraft_10_nav_r7_204 pending=none clearance=Aircraft_10_nav_r8_200 queue=0
t=11937.8 LAP_CAPTURE craft=Aircraft_10_nav_r8_200 route=8 return=179.8s lap=368.5s carrier_dist=200m t=11937.8
t=11945.8 LAUNCH_BLOCKED reason=deck_busy active=7 stored=1 no_active_s=0.0 state=RETRIEVING_FROM_HANGAR tractor_cleanup=false elevator_transfer=false deck=Aircraft_10_nav_r2_205 pending=none clearance=none queue=0
t=11952.8 ==== SUMMARY t=11952.8 ====
t=11952.8 route=1 laps=24 crashes=1 avg_out=151.0s avg_ret=163.7s avg_lap=326.5s best_lap=316.0
t=11952.8 route=2 laps=23 crashes=2 avg_out=185.0s avg_ret=249.2s avg_lap=446.9s best_lap=430.1
t=11952.9 route=3 laps=24 crashes=0 avg_out=218.5s avg_ret=265.0s avg_lap=494.9s best_lap=447.7
t=11952.9 route=4 laps=25 crashes=0 avg_out=172.6s avg_ret=155.7s avg_lap=340.3s best_lap=332.6
t=11952.9 route=5 laps=24 crashes=0 avg_out=254.4s avg_ret=233.2s avg_lap=500.0s best_lap=486.0
t=11952.9 route=6 laps=24 crashes=1 avg_out=143.2s avg_ret=143.7s avg_lap=298.9s best_lap=273.6
t=11952.9 route=7 laps=25 crashes=0 avg_out=170.9s avg_ret=148.6s avg_lap=331.6s best_lap=315.4
t=11952.9 route=8 laps=25 crashes=0 avg_out=173.5s avg_ret=179.3s avg_lap=364.8s best_lap=351.4
t=11952.9 TOTAL laps=194 crashes=4
t=11952.9 TUNER gen=3 results=6/64 pending=7 active=7 remaining=58 next_trial=206 rounds=[2,2,1,2,1,2,2,1]
t=11956.1 SPAWN craft=Aircraft_10_nav_r2_205 route=2 candidate=3 trial=205 t=11956.1
t=11960.9 LAUNCH_BLOCKED reason=cleared_unready_nav_deck_aircraft active=7 stored=1 no_active_s=0.0 state=IDLE tractor_cleanup=false elevator_transfer=false deck=Aircraft_10_nav_r2_205 pending=none clearance=none queue=0
t=11966.6 LZ_REACHED craft=Aircraft_10_nav_r6_202 route=6 outbound=126.1s t=11966.6
t=11976.2 SPAWN craft=Aircraft_10_nav_r8_206 route=8 candidate=1 trial=206 t=11976.2
t=11982.9 ==== SUMMARY t=11982.9 ====
t=11982.9 route=1 laps=24 crashes=1 avg_out=151.0s avg_ret=163.7s avg_lap=326.5s best_lap=316.0
t=11982.9 route=2 laps=23 crashes=2 avg_out=185.0s avg_ret=249.2s avg_lap=446.9s best_lap=430.1
t=11982.9 route=3 laps=24 crashes=0 avg_out=218.5s avg_ret=265.0s avg_lap=494.9s best_lap=447.7
t=11982.9 route=4 laps=25 crashes=0 avg_out=172.6s avg_ret=155.7s avg_lap=340.3s best_lap=332.6
t=11983.0 route=5 laps=24 crashes=0 avg_out=254.4s avg_ret=233.2s avg_lap=500.0s best_lap=486.0
t=11983.0 route=6 laps=24 crashes=1 avg_out=142.5s avg_ret=143.7s avg_lap=298.9s best_lap=273.6
t=11983.0 route=7 laps=25 crashes=0 avg_out=170.9s avg_ret=148.6s avg_lap=331.6s best_lap=315.4
t=11983.0 route=8 laps=25 crashes=0 avg_out=173.5s avg_ret=179.3s avg_lap=364.8s best_lap=351.4
t=11983.0 TOTAL laps=194 crashes=4
t=11983.0 TUNER gen=3 results=6/64 pending=8 active=8 remaining=58 next_trial=207 rounds=[2,2,1,2,1,2,2,2]
t=11997.4 LAP_CAPTURE craft=Aircraft_10_nav_r3_195 route=3 return=281.6s lap=528.5s carrier_dist=200m t=11997.4
t=12007.8 LAP_CAPTURE craft=Aircraft_10_nav_r5_197 route=5 return=239.1s lap=498.7s carrier_dist=200m t=12007.8
t=12013.0 ==== SUMMARY t=12013.0 ====
t=12013.0 route=1 laps=24 crashes=1 avg_out=151.0s avg_ret=163.7s avg_lap=326.5s best_lap=316.0
t=12013.0 route=2 laps=23 crashes=2 avg_out=185.0s avg_ret=249.2s avg_lap=446.9s best_lap=430.1
t=12013.0 route=3 laps=25 crashes=0 avg_out=218.5s avg_ret=265.7s avg_lap=496.2s best_lap=447.7
t=12013.0 route=4 laps=25 crashes=0 avg_out=172.6s avg_ret=155.7s avg_lap=340.3s best_lap=332.6
t=12013.0 route=5 laps=25 crashes=0 avg_out=254.4s avg_ret=233.5s avg_lap=499.9s best_lap=486.0
t=12013.0 route=6 laps=24 crashes=1 avg_out=142.5s avg_ret=143.7s avg_lap=298.9s best_lap=273.6
t=12013.0 route=7 laps=25 crashes=0 avg_out=170.9s avg_ret=148.6s avg_lap=331.6s best_lap=315.4
t=12013.0 route=8 laps=25 crashes=0 avg_out=173.5s avg_ret=179.3s avg_lap=364.8s best_lap=351.4
t=12013.1 TOTAL laps=196 crashes=4
t=12013.1 TUNER gen=3 results=8/64 pending=7 active=7 remaining=56 next_trial=208 rounds=[2,2,2,2,1,2,2,2]
t=12016.2 LAUNCH_BLOCKED reason=deck_busy active=7 stored=1 no_active_s=0.0 state=AIRCRAFT_ON_DECK tractor_cleanup=false elevator_transfer=false deck=Aircraft_10_nav_r3_207 pending=none clearance=none queue=0
t=12016.4 SPAWN craft=Aircraft_10_nav_r3_207 route=3 candidate=4 trial=207 t=12016.4
t=12025.7 LZ_REACHED craft=Aircraft_10_nav_r4_203 route=4 outbound=165.0s t=12025.7
t=12036.8 SPAWN craft=Aircraft_10_nav_r5_208 route=5 candidate=6 trial=208 t=12036.8
t=12043.3 ==== SUMMARY t=12043.3 ====
t=12043.3 route=1 laps=24 crashes=1 avg_out=151.0s avg_ret=163.7s avg_lap=326.5s best_lap=316.0
t=12043.3 route=2 laps=23 crashes=2 avg_out=185.0s avg_ret=249.2s avg_lap=446.9s best_lap=430.1
t=12043.4 route=3 laps=25 crashes=0 avg_out=218.5s avg_ret=265.7s avg_lap=496.2s best_lap=447.7
t=12043.4 route=4 laps=25 crashes=0 avg_out=172.3s avg_ret=155.7s avg_lap=340.3s best_lap=332.6
t=12043.4 route=5 laps=25 crashes=0 avg_out=254.4s avg_ret=233.5s avg_lap=499.9s best_lap=486.0
t=12043.4 route=6 laps=24 crashes=1 avg_out=142.5s avg_ret=143.7s avg_lap=298.9s best_lap=273.6
t=12043.4 route=7 laps=25 crashes=0 avg_out=170.9s avg_ret=148.6s avg_lap=331.6s best_lap=315.4
t=12043.4 route=8 laps=25 crashes=0 avg_out=173.5s avg_ret=179.3s avg_lap=364.8s best_lap=351.4
t=12043.4 TOTAL laps=196 crashes=4
t=12043.4 TUNER gen=3 results=8/64 pending=8 active=8 remaining=56 next_trial=209 rounds=[2,2,2,2,2,2,2,2]
t=12073.3 ==== SUMMARY t=12073.3 ====
t=12073.3 route=1 laps=24 crashes=1 avg_out=151.0s avg_ret=163.7s avg_lap=326.5s best_lap=316.0
t=12073.4 route=2 laps=23 crashes=2 avg_out=185.0s avg_ret=249.2s avg_lap=446.9s best_lap=430.1
t=12073.4 route=3 laps=25 crashes=0 avg_out=218.5s avg_ret=265.7s avg_lap=496.2s best_lap=447.7
t=12073.4 route=4 laps=25 crashes=0 avg_out=172.3s avg_ret=155.7s avg_lap=340.3s best_lap=332.6
t=12073.4 route=5 laps=25 crashes=0 avg_out=254.4s avg_ret=233.5s avg_lap=499.9s best_lap=486.0
t=12073.4 route=6 laps=24 crashes=1 avg_out=142.5s avg_ret=143.7s avg_lap=298.9s best_lap=273.6
t=12073.4 route=7 laps=25 crashes=0 avg_out=170.9s avg_ret=148.6s avg_lap=331.6s best_lap=315.4
t=12073.4 route=8 laps=25 crashes=0 avg_out=173.5s avg_ret=179.3s avg_lap=364.8s best_lap=351.4
t=12073.4 TOTAL laps=196 crashes=4
t=12073.4 TUNER gen=3 results=8/64 pending=8 active=8 remaining=56 next_trial=209 rounds=[2,2,2,2,2,2,2,2]
t=12089.0 LZ_REACHED craft=Aircraft_10_nav_r7_204 route=7 outbound=178.1s t=12089.0
t=12091.4 LAP_CAPTURE craft=Aircraft_10_nav_r1_201 route=1 return=160.9s lap=326.3s carrier_dist=200m t=12091.4
t=12103.3 ==== SUMMARY t=12103.3 ====
t=12103.4 route=1 laps=25 crashes=1 avg_out=151.0s avg_ret=163.6s avg_lap=326.5s best_lap=316.0
t=12103.4 route=2 laps=23 crashes=2 avg_out=185.0s avg_ret=249.2s avg_lap=446.9s best_lap=430.1
t=12103.4 route=3 laps=25 crashes=0 avg_out=218.5s avg_ret=265.7s avg_lap=496.2s best_lap=447.7
t=12103.4 route=4 laps=25 crashes=0 avg_out=172.3s avg_ret=155.7s avg_lap=340.3s best_lap=332.6
t=12103.4 route=5 laps=25 crashes=0 avg_out=254.4s avg_ret=233.5s avg_lap=499.9s best_lap=486.0
t=12103.4 route=6 laps=24 crashes=1 avg_out=142.5s avg_ret=143.7s avg_lap=298.9s best_lap=273.6
t=12103.4 route=7 laps=25 crashes=0 avg_out=171.2s avg_ret=148.6s avg_lap=331.6s best_lap=315.4
t=12103.4 route=8 laps=25 crashes=0 avg_out=173.5s avg_ret=179.3s avg_lap=364.8s best_lap=351.4
t=12103.4 TOTAL laps=197 crashes=4
t=12103.4 TUNER gen=3 results=9/64 pending=8 active=8 remaining=55 next_trial=210 rounds=[3,2,2,2,2,2,2,2]
t=12107.0 SPAWN craft=Aircraft_10_nav_r1_209 route=1 candidate=3 trial=209 t=12107.0
t=12128.5 LAP_CAPTURE craft=Aircraft_10_nav_r6_202 route=6 return=149.9s lap=288.0s carrier_dist=200m t=12128.5
t=12133.3 ==== SUMMARY t=12133.3 ====
t=12133.4 route=1 laps=25 crashes=1 avg_out=151.0s avg_ret=163.6s avg_lap=326.5s best_lap=316.0
t=12133.4 route=2 laps=23 crashes=2 avg_out=185.0s avg_ret=249.2s avg_lap=446.9s best_lap=430.1
t=12133.4 route=3 laps=25 crashes=0 avg_out=218.5s avg_ret=265.7s avg_lap=496.2s best_lap=447.7
t=12133.4 route=4 laps=25 crashes=0 avg_out=172.3s avg_ret=155.7s avg_lap=340.3s best_lap=332.6
t=12133.4 route=5 laps=25 crashes=0 avg_out=254.4s avg_ret=233.5s avg_lap=499.9s best_lap=486.0
t=12133.4 route=6 laps=25 crashes=1 avg_out=142.5s avg_ret=143.9s avg_lap=298.5s best_lap=273.6
t=12133.4 route=7 laps=25 crashes=0 avg_out=171.2s avg_ret=148.6s avg_lap=331.6s best_lap=315.4
t=12133.4 route=8 laps=25 crashes=0 avg_out=173.5s avg_ret=179.3s avg_lap=364.8s best_lap=351.4
t=12133.4 TOTAL laps=198 crashes=4
t=12133.4 TUNER gen=3 results=10/64 pending=7 active=7 remaining=54 next_trial=210 rounds=[3,2,2,2,2,2,2,2]
t=12147.1 SPAWN craft=Aircraft_10_nav_r6_210 route=6 candidate=8 trial=210 t=12147.1
t=12148.6 LZ_REACHED craft=Aircraft_10_nav_r8_206 route=8 outbound=172.4s t=12148.6
t=12155.6 LZ_REACHED craft=Aircraft_10_nav_r2_205 route=2 outbound=199.5s t=12155.6
t=12163.4 ==== SUMMARY t=12163.4 ====
t=12163.4 route=1 laps=25 crashes=1 avg_out=151.0s avg_ret=163.6s avg_lap=326.5s best_lap=316.0
t=12163.4 route=2 laps=23 crashes=2 avg_out=185.5s avg_ret=249.2s avg_lap=446.9s best_lap=430.1
t=12163.4 route=3 laps=25 crashes=0 avg_out=218.5s avg_ret=265.7s avg_lap=496.2s best_lap=447.7
t=12163.4 route=4 laps=25 crashes=0 avg_out=172.3s avg_ret=155.7s avg_lap=340.3s best_lap=332.6
t=12163.4 route=5 laps=25 crashes=0 avg_out=254.4s avg_ret=233.5s avg_lap=499.9s best_lap=486.0
t=12163.4 route=6 laps=25 crashes=1 avg_out=142.5s avg_ret=143.9s avg_lap=298.5s best_lap=273.6
t=12163.4 route=7 laps=25 crashes=0 avg_out=171.2s avg_ret=148.6s avg_lap=331.6s best_lap=315.4
t=12163.4 route=8 laps=25 crashes=0 avg_out=173.4s avg_ret=179.3s avg_lap=364.8s best_lap=351.4
t=12163.4 TOTAL laps=198 crashes=4
t=12163.4 TUNER gen=3 results=10/64 pending=8 active=8 remaining=54 next_trial=211 rounds=[3,2,2,2,2,3,2,2]
t=12174.6 CRASH craft=Aircraft_10_nav_r5_208 route=5 phase=0 t=12174.6
t=12191.0 LAP_CAPTURE craft=Aircraft_10_nav_r4_203 route=4 return=153.1s lap=330.3s carrier_dist=200m t=12191.0
t=12192.3 SPAWN craft=Aircraft_10_nav_r5_211 route=5 candidate=7 trial=211 t=12192.3
t=12193.5 ==== SUMMARY t=12193.5 ====
t=12193.5 route=1 laps=25 crashes=1 avg_out=151.0s avg_ret=163.6s avg_lap=326.5s best_lap=316.0
t=12193.5 route=2 laps=23 crashes=2 avg_out=185.5s avg_ret=249.2s avg_lap=446.9s best_lap=430.1
t=12193.5 route=3 laps=25 crashes=0 avg_out=218.5s avg_ret=265.7s avg_lap=496.2s best_lap=447.7
t=12193.5 route=4 laps=26 crashes=0 avg_out=172.3s avg_ret=155.6s avg_lap=340.0s best_lap=330.3
t=12193.5 route=5 laps=25 crashes=1 avg_out=254.4s avg_ret=233.5s avg_lap=499.9s best_lap=486.0
t=12193.5 route=6 laps=25 crashes=1 avg_out=142.5s avg_ret=143.9s avg_lap=298.5s best_lap=273.6
t=12193.5 route=7 laps=25 crashes=0 avg_out=171.2s avg_ret=148.6s avg_lap=331.6s best_lap=315.4
t=12193.5 route=8 laps=25 crashes=0 avg_out=173.4s avg_ret=179.3s avg_lap=364.8s best_lap=351.4
t=12193.5 TOTAL laps=199 crashes=5
t=12193.5 TUNER gen=3 results=12/64 pending=7 active=7 remaining=52 next_trial=212 rounds=[3,2,2,2,3,3,2,2]
t=12197.1 LAUNCH_BLOCKED reason=cleared_unready_nav_deck_aircraft active=7 stored=1 no_active_s=0.0 state=IDLE tractor_cleanup=false elevator_transfer=false deck=Aircraft_10_nav_r5_211 pending=none clearance=none queue=0
t=12212.5 SPAWN craft=Aircraft_10_nav_r4_212 route=4 candidate=6 trial=212 t=12212.5
t=12223.6 ==== SUMMARY t=12223.6 ====
t=12223.6 route=1 laps=25 crashes=1 avg_out=151.0s avg_ret=163.6s avg_lap=326.5s best_lap=316.0
t=12223.6 route=2 laps=23 crashes=2 avg_out=185.5s avg_ret=249.2s avg_lap=446.9s best_lap=430.1
t=12223.6 route=3 laps=25 crashes=0 avg_out=218.5s avg_ret=265.7s avg_lap=496.2s best_lap=447.7
t=12223.6 route=4 laps=26 crashes=0 avg_out=172.3s avg_ret=155.6s avg_lap=340.0s best_lap=330.3
t=12223.6 route=5 laps=25 crashes=1 avg_out=254.4s avg_ret=233.5s avg_lap=499.9s best_lap=486.0
t=12223.6 route=6 laps=25 crashes=1 avg_out=142.5s avg_ret=143.9s avg_lap=298.5s best_lap=273.6
t=12223.6 route=7 laps=25 crashes=0 avg_out=171.2s avg_ret=148.6s avg_lap=331.6s best_lap=315.4
t=12223.6 route=8 laps=25 crashes=0 avg_out=173.4s avg_ret=179.3s avg_lap=364.8s best_lap=351.4
t=12223.6 TOTAL laps=199 crashes=5
t=12223.6 TUNER gen=3 results=12/64 pending=8 active=8 remaining=52 next_trial=213 rounds=[3,2,2,3,3,3,2,2]
t=12237.5 LZ_REACHED craft=Aircraft_10_nav_r3_207 route=3 outbound=221.1s t=12237.5
t=12252.9 LAP_CAPTURE craft=Aircraft_10_nav_r7_204 route=7 return=151.9s lap=341.9s carrier_dist=200m t=12252.9
t=12253.6 ==== SUMMARY t=12253.6 ====
t=12253.6 route=1 laps=25 crashes=1 avg_out=151.0s avg_ret=163.6s avg_lap=326.5s best_lap=316.0
t=12253.6 route=2 laps=23 crashes=2 avg_out=185.5s avg_ret=249.2s avg_lap=446.9s best_lap=430.1
t=12253.6 route=3 laps=25 crashes=0 avg_out=218.6s avg_ret=265.7s avg_lap=496.2s best_lap=447.7
t=12253.7 route=4 laps=26 crashes=0 avg_out=172.3s avg_ret=155.6s avg_lap=340.0s best_lap=330.3
t=12253.7 route=5 laps=25 crashes=1 avg_out=254.4s avg_ret=233.5s avg_lap=499.9s best_lap=486.0
t=12253.7 route=6 laps=25 crashes=1 avg_out=142.5s avg_ret=143.9s avg_lap=298.5s best_lap=273.6
t=12253.7 route=7 laps=26 crashes=0 avg_out=171.2s avg_ret=148.8s avg_lap=332.0s best_lap=315.4
t=12253.7 route=8 laps=25 crashes=0 avg_out=173.4s avg_ret=179.3s avg_lap=364.8s best_lap=351.4
t=12253.7 TOTAL laps=200 crashes=5
t=12253.7 TUNER gen=3 results=13/64 pending=7 active=7 remaining=51 next_trial=213 rounds=[3,2,2,3,3,3,2,2]
t=12266.6 LZ_REACHED craft=Aircraft_10_nav_r1_209 route=1 outbound=159.6s t=12266.6
t=12272.8 SPAWN craft=Aircraft_10_nav_r7_213 route=7 candidate=1 trial=213 t=12272.8
t=12275.4 LZ_REACHED craft=Aircraft_10_nav_r6_210 route=6 outbound=128.2s t=12275.4
t=12283.7 ==== SUMMARY t=12283.7 ====
t=12283.7 route=1 laps=25 crashes=1 avg_out=151.3s avg_ret=163.6s avg_lap=326.5s best_lap=316.0
t=12283.7 route=2 laps=23 crashes=2 avg_out=185.5s avg_ret=249.2s avg_lap=446.9s best_lap=430.1
t=12283.7 route=3 laps=25 crashes=0 avg_out=218.6s avg_ret=265.7s avg_lap=496.2s best_lap=447.7
t=12283.7 route=4 laps=26 crashes=0 avg_out=172.3s avg_ret=155.6s avg_lap=340.0s best_lap=330.3
t=12283.7 route=5 laps=25 crashes=1 avg_out=254.4s avg_ret=233.5s avg_lap=499.9s best_lap=486.0
t=12283.7 route=6 laps=25 crashes=1 avg_out=142.0s avg_ret=143.9s avg_lap=298.5s best_lap=273.6
t=12283.7 route=7 laps=26 crashes=0 avg_out=171.2s avg_ret=148.8s avg_lap=332.0s best_lap=315.4
t=12283.7 route=8 laps=25 crashes=0 avg_out=173.4s avg_ret=179.3s avg_lap=364.8s best_lap=351.4
t=12283.7 TOTAL laps=200 crashes=5
t=12283.7 TUNER gen=3 results=13/64 pending=8 active=8 remaining=51 next_trial=214 rounds=[3,2,2,3,3,3,3,2]
t=12313.7 ==== SUMMARY t=12313.7 ====
t=12313.7 route=1 laps=25 crashes=1 avg_out=151.3s avg_ret=163.6s avg_lap=326.5s best_lap=316.0
t=12313.7 route=2 laps=23 crashes=2 avg_out=185.5s avg_ret=249.2s avg_lap=446.9s best_lap=430.1
t=12313.7 route=3 laps=25 crashes=0 avg_out=218.6s avg_ret=265.7s avg_lap=496.2s best_lap=447.7
t=12313.7 route=4 laps=26 crashes=0 avg_out=172.3s avg_ret=155.6s avg_lap=340.0s best_lap=330.3
t=12313.7 route=5 laps=25 crashes=1 avg_out=254.4s avg_ret=233.5s avg_lap=499.9s best_lap=486.0
t=12313.8 route=6 laps=25 crashes=1 avg_out=142.0s avg_ret=143.9s avg_lap=298.5s best_lap=273.6
t=12313.8 route=7 laps=26 crashes=0 avg_out=171.2s avg_ret=148.8s avg_lap=332.0s best_lap=315.4
t=12313.8 route=8 laps=25 crashes=0 avg_out=173.4s avg_ret=179.3s avg_lap=364.8s best_lap=351.4
t=12313.8 TOTAL laps=200 crashes=5
t=12313.8 TUNER gen=3 results=13/64 pending=8 active=8 remaining=51 next_trial=214 rounds=[3,2,2,3,3,3,3,2]
t=12336.7 LAP_CAPTURE craft=Aircraft_10_nav_r8_206 route=8 return=176.1s lap=360.5s carrier_dist=200m t=12336.7
t=12343.7 ==== SUMMARY t=12343.7 ====
t=12343.8 route=1 laps=25 crashes=1 avg_out=151.3s avg_ret=163.6s avg_lap=326.5s best_lap=316.0
t=12343.8 route=2 laps=23 crashes=2 avg_out=185.5s avg_ret=249.2s avg_lap=446.9s best_lap=430.1
t=12343.8 route=3 laps=25 crashes=0 avg_out=218.6s avg_ret=265.7s avg_lap=496.2s best_lap=447.7
t=12343.8 route=4 laps=26 crashes=0 avg_out=172.3s avg_ret=155.6s avg_lap=340.0s best_lap=330.3
t=12343.8 route=5 laps=25 crashes=1 avg_out=254.4s avg_ret=233.5s avg_lap=499.9s best_lap=486.0
t=12343.8 route=6 laps=25 crashes=1 avg_out=142.0s avg_ret=143.9s avg_lap=298.5s best_lap=273.6
t=12343.8 route=7 laps=26 crashes=0 avg_out=171.2s avg_ret=148.8s avg_lap=332.0s best_lap=315.4
t=12343.8 route=8 laps=26 crashes=0 avg_out=173.4s avg_ret=179.1s avg_lap=364.6s best_lap=351.4
t=12343.8 TOTAL laps=201 crashes=5
t=12343.8 TUNER gen=3 results=14/64 pending=7 active=7 remaining=50 next_trial=214 rounds=[3,2,2,3,3,3,3,2]
t=12353.0 SPAWN craft=Aircraft_10_nav_r8_214 route=8 candidate=2 trial=214 t=12353.0
t=12373.8 ==== SUMMARY t=12373.8 ====
t=12373.8 route=1 laps=25 crashes=1 avg_out=151.3s avg_ret=163.6s avg_lap=326.5s best_lap=316.0
t=12373.8 route=2 laps=23 crashes=2 avg_out=185.5s avg_ret=249.2s avg_lap=446.9s best_lap=430.1
t=12373.8 route=3 laps=25 crashes=0 avg_out=218.6s avg_ret=265.7s avg_lap=496.2s best_lap=447.7
t=12373.8 route=4 laps=26 crashes=0 avg_out=172.3s avg_ret=155.6s avg_lap=340.0s best_lap=330.3
t=12373.8 route=5 laps=25 crashes=1 avg_out=254.4s avg_ret=233.5s avg_lap=499.9s best_lap=486.0
t=12373.8 route=6 laps=25 crashes=1 avg_out=142.0s avg_ret=143.9s avg_lap=298.5s best_lap=273.6
t=12373.8 route=7 laps=26 crashes=0 avg_out=171.2s avg_ret=148.8s avg_lap=332.0s best_lap=315.4
t=12373.9 route=8 laps=26 crashes=0 avg_out=173.4s avg_ret=179.1s avg_lap=364.6s best_lap=351.4
t=12373.9 TOTAL laps=201 crashes=5
t=12373.9 TUNER gen=3 results=14/64 pending=8 active=8 remaining=50 next_trial=215 rounds=[3,2,2,3,3,3,3,3]
t=12384.7 LZ_REACHED craft=Aircraft_10_nav_r4_212 route=4 outbound=172.2s t=12384.7
t=12403.8 ==== SUMMARY t=12403.8 ====
t=12403.8 route=1 laps=25 crashes=1 avg_out=151.3s avg_ret=163.6s avg_lap=326.5s best_lap=316.0
t=12403.8 route=2 laps=23 crashes=2 avg_out=185.5s avg_ret=249.2s avg_lap=446.9s best_lap=430.1
t=12403.8 route=3 laps=25 crashes=0 avg_out=218.6s avg_ret=265.7s avg_lap=496.2s best_lap=447.7
t=12403.8 route=4 laps=26 crashes=0 avg_out=172.3s avg_ret=155.6s avg_lap=340.0s best_lap=330.3
t=12403.8 route=5 laps=25 crashes=1 avg_out=254.4s avg_ret=233.5s avg_lap=499.9s best_lap=486.0
t=12403.8 route=6 laps=25 crashes=1 avg_out=142.0s avg_ret=143.9s avg_lap=298.5s best_lap=273.6
t=12403.9 route=7 laps=26 crashes=0 avg_out=171.2s avg_ret=148.8s avg_lap=332.0s best_lap=315.4
t=12403.9 route=8 laps=26 crashes=0 avg_out=173.4s avg_ret=179.1s avg_lap=364.6s best_lap=351.4
t=12403.9 TOTAL laps=201 crashes=5
t=12403.9 TUNER gen=3 results=14/64 pending=8 active=8 remaining=50 next_trial=215 rounds=[3,2,2,3,3,3,3,3]
t=12430.4 LAP_CAPTURE craft=Aircraft_10_nav_r2_205 route=2 return=262.8s lap=474.3s carrier_dist=200m t=12430.4
