[Aircraft_9_1] START THREADED PATH JOB: start=(-9.3, 522.5, -114.0) -> goal=(-2427.7, 476.0, -5989.3)
[Aircraft_9_1] PATH COMMIT SUCCESS. Goal: (-2427.7, 476.0, -5989.3). Points: 19. Duration: 1352 ms (thread: 1345 ms). Source: aerial_async. Reason: Success (threaded)
  Waypoint [0]: (-67.7, 529.0, -189.3)
  Waypoint [1]: (-147.7, 529.0, -549.3)
  Waypoint [2]: (252.3, 532.0, -1069.3)
  Waypoint [3]: (612.3, 532.0, -1549.3)
  Waypoint [4]: (252.3, 532.0, -2029.3)
  Waypoint [5]: (172.3, 535.0, -2509.3)
  Waypoint [6]: (-387.7, 535.0, -3069.3)
  Waypoint [7]: (-747.7, 535.0, -3509.3)
  Waypoint [8]: (-747.7, 532.0, -4189.3)
  Waypoint [9]: (-587.7, 532.0, -4469.3)
  Waypoint [10]: (-587.7, 533.3, -4509.3)
  Waypoint [11]: (-627.7, 535.0, -4549.3)
  Waypoint [12]: (-747.7, 535.0, -5229.3)
  Waypoint [13]: (-867.7, 536.7, -5389.3)
  Waypoint [14]: (-907.7, 538.0, -5429.3)
  Waypoint [15]: (-1067.7, 538.0, -5589.3)
  Waypoint [16]: (-1547.7, 529.0, -5789.3)
  Waypoint [17]: (-2027.7, 529.0, -5869.3)
  Waypoint [18]: (-2427.7, 526.0, -5989.3)
[Aircraft_9_3] START THREADED PATH JOB: start=(-130.4, 523.1, -561.6) -> goal=(-1924.2, 602.0, 4726.8)
[Aircraft_9_3] START THREADED PATH JOB: start=(-392.6, 524.1, -176.9) -> goal=(4693.2, 473.0, -1627.2)
[Aircraft_9_3] PATH COMMIT SUCCESS. Goal: (4693.2, 473.0, -1627.2). Points: 18. Duration: 1006 ms (thread: 998 ms). Source: aerial_async. Reason: Success (threaded)
  Waypoint [0]: (-386.8, 532.0, -147.2)
  Waypoint [1]: (93.2, 532.0, -147.2)
  Waypoint [2]: (933.2, 526.0, 132.8)
  Waypoint [3]: (1133.2, 526.0, 132.8)
  Waypoint [4]: (1173.2, 528.3, 92.8)
  Waypoint [5]: (1213.2, 529.0, 52.8)
  Waypoint [6]: (1293.2, 531.0, 12.8)
  Waypoint [7]: (1333.2, 532.0, 12.8)
  Waypoint [8]: (1373.2, 532.0, 52.8)
  Waypoint [9]: (1413.2, 535.0, 92.8)
  Waypoint [10]: (1973.2, 538.0, 12.8)
  Waypoint [11]: (2653.2, 538.0, -547.2)
  Waypoint [12]: (3013.2, 535.0, -707.2)
  Waypoint [13]: (3093.2, 535.0, -787.2)
  Waypoint [14]: (3493.2, 532.0, -1067.2)
  Waypoint [15]: (3813.2, 526.0, -987.2)
  Waypoint [16]: (4373.2, 526.0, -1387.2)
  Waypoint [17]: (4693.2, 523.0, -1627.2)
[Aircraft_10_4] START THREADED PATH JOB: start=(-680.2, 525.8, -125.1) -> goal=(3493.2, 479.0, -3587.2)
[Aircraft_10_4] PATH COMMIT SUCCESS. Goal: (3493.2, 479.0, -3587.2). Points: 27. Duration: 2283 ms (thread: 2273 ms). Source: aerial_async. Reason: Success (threaded)
  Waypoint [0]: (-666.8, 535.0, -187.2)
  Waypoint [1]: (-546.8, 535.0, -107.2)
  Waypoint [2]: (93.2, 532.0, -147.2)
  Waypoint [3]: (933.2, 526.0, 132.8)
  Waypoint [4]: (1133.2, 526.0, 132.8)
  Waypoint [5]: (1173.2, 528.3, 92.8)
  Waypoint [6]: (1213.2, 529.0, 52.8)
  Waypoint [7]: (1293.2, 531.0, 12.8)
  Waypoint [8]: (1333.2, 532.0, 12.8)
  Waypoint [9]: (1373.2, 532.0, 52.8)
  Waypoint [10]: (1413.2, 535.0, 92.8)
  Waypoint [11]: (1933.2, 535.7, 12.8)
  Waypoint [12]: (1973.2, 538.0, -27.2)
  Waypoint [13]: (2613.2, 538.0, -547.2)
  Waypoint [14]: (2653.2, 538.0, -547.2)
  Waypoint [15]: (3013.2, 535.0, -707.2)
  Waypoint [16]: (3093.2, 535.0, -787.2)
  Waypoint [17]: (3493.2, 532.0, -1067.2)
  Waypoint [18]: (3813.2, 526.0, -987.2)
  Waypoint [19]: (4253.2, 526.0, -1427.2)
  Waypoint [20]: (4413.2, 526.0, -1707.2)
  Waypoint [21]: (4693.2, 523.0, -1907.2)
  Waypoint [22]: (4693.2, 523.0, -2427.2)
  Waypoint [23]: (4453.2, 523.0, -2787.2)
  Waypoint [24]: (4333.2, 529.0, -3267.2)
  Waypoint [25]: (4013.2, 529.0, -3547.2)
  Waypoint [26]: (3493.2, 529.0, -3587.2)
[Aircraft_11_5] START THREADED PATH JOB: start=(-976.6, 529.8, -111.4) -> goal=(3813.2, 482.0, -4227.2)
[Aircraft_11_5] PATH COMMIT SUCCESS. Goal: (3813.2, 482.0, -4227.2). Points: 30. Duration: 3079 ms (thread: 3071 ms). Source: aerial_async. Reason: Success (threaded)
  Waypoint [0]: (-946.8, 538.0, -107.2)
  Waypoint [1]: (-786.8, 538.0, -187.2)
  Waypoint [2]: (-226.8, 532.0, -107.2)
  Waypoint [3]: (93.2, 532.0, -147.2)
  Waypoint [4]: (893.2, 526.0, 132.8)
  Waypoint [5]: (1133.2, 526.0, 132.8)
  Waypoint [6]: (1173.2, 528.3, 92.8)
  Waypoint [7]: (1213.2, 529.0, 52.8)
  Waypoint [8]: (1293.2, 531.0, 12.8)
  Waypoint [9]: (1333.2, 532.0, 12.8)
  Waypoint [10]: (1373.2, 532.0, 52.8)
  Waypoint [11]: (1413.2, 535.0, 92.8)
  Waypoint [12]: (1933.2, 535.7, 12.8)
  Waypoint [13]: (1973.2, 538.0, -27.2)
  Waypoint [14]: (2613.2, 538.0, -547.2)
  Waypoint [15]: (2653.2, 538.0, -547.2)
  Waypoint [16]: (3013.2, 535.0, -707.2)
  Waypoint [17]: (3093.2, 535.0, -787.2)
  Waypoint [18]: (3493.2, 532.0, -1067.2)
  Waypoint [19]: (3813.2, 526.0, -987.2)
  Waypoint [20]: (4253.2, 526.0, -1427.2)
  Waypoint [21]: (4413.2, 526.0, -1707.2)
  Waypoint [22]: (4693.2, 523.0, -1907.2)
  Waypoint [23]: (4693.2, 523.0, -2427.2)
  Waypoint [24]: (4573.2, 523.0, -2787.2)
  Waypoint [25]: (4613.2, 529.0, -3227.2)
  Waypoint [26]: (4573.2, 529.0, -3587.2)
  Waypoint [27]: (4533.2, 529.3, -3627.2)
  Waypoint [28]: (4493.2, 532.0, -3667.2)
  Waypoint [29]: (3813.2, 532.0, -4227.2)
[Aircraft_9_6] START THREADED PATH JOB: start=(-1271.2, 532.8, -167.5) -> goal=(3853.2, 482.0, 1492.8)
[Aircraft_9_6] PATH COMMIT SUCCESS. Goal: (3853.2, 482.0, 1492.8). Points: 18. Duration: 1982 ms (thread: 1965 ms). Source: aerial_async. Reason: Success (threaded)
  Waypoint [0]: (-1026.8, 541.0, -67.2)
  Waypoint [1]: (-786.8, 538.0, -187.2)
  Waypoint [2]: (-66.8, 532.0, -67.2)
  Waypoint [3]: (93.2, 532.0, -107.2)
  Waypoint [4]: (493.2, 529.0, -67.2)
  Waypoint [5]: (853.2, 526.0, 172.8)
  Waypoint [6]: (1173.2, 528.0, 172.8)
  Waypoint [7]: (1213.2, 529.0, 132.8)
  Waypoint [8]: (1293.2, 531.0, 52.8)
  Waypoint [9]: (1333.2, 532.0, 12.8)
  Waypoint [10]: (1373.2, 532.0, 52.8)
  Waypoint [11]: (1413.2, 535.0, 92.8)
  Waypoint [12]: (1733.2, 535.0, 252.8)
  Waypoint [13]: (1973.2, 535.0, 332.8)
  Waypoint [14]: (2493.2, 532.0, 532.8)
  Waypoint [15]: (2813.2, 526.0, 332.8)
  Waypoint [16]: (3613.2, 532.0, 1052.8)
  Waypoint [17]: (3853.2, 532.0, 1492.8)
[Aircraft_10_7] START THREADED PATH JOB: start=(-1542.2, 529.3, -283.8) -> goal=(-5986.8, 482.0, -2187.2)
[Aircraft_10_7] PATH COMMIT SUCCESS. Goal: (-5986.8, 482.0, -2187.2). Points: 13. Duration: 1536 ms (thread: 1515 ms). Source: aerial_async. Reason: Success (threaded)
  Waypoint [0]: (-1586.8, 535.0, -347.2)
  Waypoint [1]: (-2266.8, 529.0, -1027.2)
  Waypoint [2]: (-2346.8, 529.0, -1467.2)
  Waypoint [3]: (-2786.8, 529.0, -1707.2)
  Waypoint [4]: (-2826.8, 529.0, -1787.2)
  Waypoint [5]: (-2866.8, 532.0, -1827.2)
  Waypoint [6]: (-3106.8, 532.0, -2787.2)
  Waypoint [7]: (-3146.8, 535.0, -2827.2)
  Waypoint [8]: (-3466.8, 535.0, -3067.2)
  Waypoint [9]: (-3826.8, 538.0, -2987.2)
  Waypoint [10]: (-4426.8, 538.0, -3107.2)
  Waypoint [11]: (-5466.8, 532.0, -2667.2)
  Waypoint [12]: (-5986.8, 532.0, -2187.2)
[Aircraft_9_3] START THREADED PATH JOB: start=(861.1, 475.6, -528.5) -> goal=(-6101.9, 539.1, 231.2)
[Aircraft_9_3] PATH COMMIT SUCCESS. Goal: (-6101.9, 539.1, 231.2). Points: 29. Duration: 2120 ms (thread: 2118 ms). Source: aerial_async. Reason: Success (threaded)
  Waypoint [0]: (805.9, 523.0, -490.9)
  Waypoint [1]: (525.9, 523.0, -290.9)
  Waypoint [2]: (485.9, 526.0, -290.9)
  Waypoint [3]: (-154.1, 526.0, 109.1)
  Waypoint [4]: (-194.1, 526.0, 69.1)
  Waypoint [5]: (-234.1, 529.0, 29.1)
  Waypoint [6]: (-354.1, 529.7, 29.1)
  Waypoint [7]: (-394.1, 532.0, 69.1)
  Waypoint [8]: (-714.1, 532.0, 309.1)
  Waypoint [9]: (-754.1, 533.0, 309.1)
  Waypoint [10]: (-794.1, 535.0, 349.1)
  Waypoint [11]: (-954.1, 535.0, 469.1)
  Waypoint [12]: (-1194.1, 537.0, 549.1)
  Waypoint [13]: (-1234.1, 538.0, 549.1)
  Waypoint [14]: (-1914.1, 538.0, 1109.1)
  Waypoint [15]: (-2434.1, 535.0, 1189.1)
  Waypoint [16]: (-2474.1, 535.0, 1149.1)
  Waypoint [17]: (-3034.1, 526.0, 1229.1)
  Waypoint [18]: (-3394.1, 526.0, 1069.1)
  Waypoint [19]: (-3434.1, 527.0, 1069.1)
  Waypoint [20]: (-3474.1, 529.0, 1029.1)
  Waypoint [21]: (-3794.1, 532.0, 949.1)
  Waypoint [22]: (-4354.1, 535.0, 869.1)
  Waypoint [23]: (-4754.1, 535.0, 629.1)
  Waypoint [24]: (-4794.1, 537.3, 629.1)
  Waypoint [25]: (-4834.1, 538.0, 629.1)
  Waypoint [26]: (-5234.1, 538.0, 509.1)
  Waypoint [27]: (-5554.1, 535.0, 469.1)
  Waypoint [28]: (-6114.1, 529.0, 229.1)
[Aircraft_10_4] START THREADED PATH JOB: start=(-378.5, 481.0, -2492.4) -> goal=(-6187.4, 536.6, 142.0)
[Aircraft_10_4] PATH COMMIT SUCCESS. Goal: (-6187.4, 536.6, 142.0). Points: 18. Duration: 2029 ms (thread: 2022 ms). Source: aerial_async. Reason: Success (threaded)
  Waypoint [0]: (-434.1, 529.0, -2530.9)
  Waypoint [1]: (-954.1, 532.0, -2450.9)
  Waypoint [2]: (-1274.1, 532.0, -2250.9)
  Waypoint [3]: (-1674.1, 532.0, -2250.9)
  Waypoint [4]: (-2634.1, 532.0, -2530.9)
  Waypoint [5]: (-2674.1, 533.7, -2530.9)
  Waypoint [6]: (-2714.1, 535.0, -2530.9)
  Waypoint [7]: (-3074.1, 535.0, -2730.9)
  Waypoint [8]: (-3234.1, 532.0, -3010.9)
  Waypoint [9]: (-3874.1, 529.0, -3250.9)
  Waypoint [10]: (-4354.1, 532.0, -2970.9)
  Waypoint [11]: (-4834.1, 535.0, -2490.9)
  Waypoint [12]: (-5554.1, 535.0, -1930.9)
  Waypoint [13]: (-6354.1, 532.0, -1370.9)
  Waypoint [14]: (-6274.1, 532.0, -490.9)
  Waypoint [15]: (-6274.1, 526.0, 29.1)
  Waypoint [16]: (-6234.1, 527.0, 69.1)
  Waypoint [17]: (-6194.1, 529.0, 109.1)
[Aircraft_10_7] START THREADED PATH JOB: start=(-9857.3, 484.0, -1078.3) -> goal=(-6377.0, 536.5, -156.0)
[Aircraft_10_7] PATH COMMIT SUCCESS. Goal: (-6377.0, 536.5, -156.0). Points: 10. Duration: 798 ms (thread: 786 ms). Source: aerial_async. Reason: Success (threaded)
  Waypoint [0]: (-8754.101, 532.0, -1890.9)
  Waypoint [1]: (-8394.101, 535.0, -1890.9)
  Waypoint [2]: (-8274.101, 538.0, -2010.9)
  Waypoint [3]: (-7674.1, 538.0, -1890.9)
  Waypoint [4]: (-7194.1, 535.0, -1930.9)
  Waypoint [5]: (-6954.1, 535.0, -1690.9)
  Waypoint [6]: (-6714.1, 532.0, -730.9)
  Waypoint [7]: (-6674.1, 532.0, -690.9)
  Waypoint [8]: (-6394.1, 529.0, -330.9)
  Waypoint [9]: (-6394.1, 526.0, -170.9)
[Aircraft_11_5] START THREADED PATH JOB: start=(-51.6, 484.2, -3147.8) -> goal=(-6467.0, 538.6, -356.3)
[Aircraft_11_5] PATH COMMIT SUCCESS. Goal: (-6467.0, 538.6, -356.3). Points: 19. Duration: 1858 ms (thread: 1841 ms). Source: aerial_async. Reason: Success (threaded)
  Waypoint [0]: (-194.1, 532.0, -2970.9)
  Waypoint [1]: (-834.1, 529.0, -2450.9)
  Waypoint [2]: (-914.1, 529.0, -2450.9)
  Waypoint [3]: (-954.1, 532.0, -2450.9)
  Waypoint [4]: (-1274.1, 532.0, -2250.9)
  Waypoint [5]: (-1674.1, 532.0, -2250.9)
  Waypoint [6]: (-2634.1, 532.0, -2530.9)
  Waypoint [7]: (-2674.1, 533.7, -2530.9)
  Waypoint [8]: (-2714.1, 535.0, -2530.9)
  Waypoint [9]: (-3074.1, 535.0, -2730.9)
  Waypoint [10]: (-3234.1, 532.0, -3010.9)
  Waypoint [11]: (-3874.1, 529.0, -3250.9)
  Waypoint [12]: (-4354.1, 532.0, -2970.9)
  Waypoint [13]: (-4834.1, 535.0, -2490.9)
  Waypoint [14]: (-5554.1, 535.0, -1930.9)
  Waypoint [15]: (-6354.1, 532.0, -1370.9)
  Waypoint [16]: (-6354.1, 532.0, -610.9)
  Waypoint [17]: (-6434.1, 532.0, -530.9)
  Waypoint [18]: (-6474.1, 529.0, -370.9)
[Aircraft_9_6] START THREADED PATH JOB: start=(11.5, 484.6, 2618.9) -> goal=(-6542.3, 538.6, -635.1)
[Aircraft_9_6] PATH COMMIT SUCCESS. Goal: (-6542.3, 538.6, -635.1). Points: 21. Duration: 1963 ms (thread: 1958 ms). Source: aerial_async. Reason: Success (threaded)
  Waypoint [0]: (-34.1, 532.0, 2549.1)
  Waypoint [1]: (-274.1, 532.0, 2109.1)
  Waypoint [2]: (-1154.1, 526.0, 1429.1)
  Waypoint [3]: (-1354.1, 532.0, 1589.1)
  Waypoint [4]: (-1874.1, 532.0, 1429.1)
  Waypoint [5]: (-1914.1, 535.0, 1389.1)
  Waypoint [6]: (-2234.1, 535.0, 1229.1)
  Waypoint [7]: (-2474.1, 535.0, 1149.1)
  Waypoint [8]: (-3034.1, 526.0, 1229.1)
  Waypoint [9]: (-3394.1, 526.0, 1069.1)
  Waypoint [10]: (-3434.1, 527.0, 1069.1)
  Waypoint [11]: (-3474.1, 529.0, 1029.1)
  Waypoint [12]: (-3794.1, 532.0, 949.1)
  Waypoint [13]: (-4314.1, 532.0, 1109.1)
  Waypoint [14]: (-4474.1, 533.0, 1269.1)
  Waypoint [15]: (-4514.1, 535.0, 1269.1)
  Waypoint [16]: (-4914.1, 535.0, 1429.1)
  Waypoint [17]: (-5434.1, 535.0, 1229.1)
  Waypoint [18]: (-5514.1, 535.0, 1149.1)
  Waypoint [19]: (-6594.1, 529.0, -610.9)
  Waypoint [20]: (-6554.1, 529.0, -650.9)
[Aircraft_9_3] START THREADED PATH JOB: start=(-2865.8, 764.2, 1033.0) -> goal=(-6561.4, 539.0, -809.9)
[Aircraft_9_3] PATH COMMIT SUCCESS. Goal: (-6561.4, 539.0, -809.9). Points: 16. Duration: 867 ms (thread: 860 ms). Source: aerial_async. Reason: Success (threaded)
  Waypoint [0]: (-2914.1, 529.0, 1069.1)
  Waypoint [1]: (-3194.1, 526.0, 1229.1)
  Waypoint [2]: (-3394.1, 526.0, 1069.1)
  Waypoint [3]: (-3434.1, 527.0, 1069.1)
  Waypoint [4]: (-3474.1, 529.0, 1029.1)
  Waypoint [5]: (-3794.1, 532.0, 949.1)
  Waypoint [6]: (-4314.1, 532.0, 1109.1)
  Waypoint [7]: (-4474.1, 533.0, 1269.1)
  Waypoint [8]: (-4514.1, 535.0, 1269.1)
  Waypoint [9]: (-4914.1, 535.0, 1429.1)
  Waypoint [10]: (-5434.1, 535.0, 1229.1)
  Waypoint [11]: (-5514.1, 535.0, 1149.1)
  Waypoint [12]: (-6114.1, 529.0, 69.1)
  Waypoint [13]: (-6194.1, 529.0, -370.9)
  Waypoint [14]: (-6594.1, 529.0, -610.9)
  Waypoint [15]: (-6594.1, 529.0, -810.9)
[Aircraft_9_6] START THREADED PATH JOB: start=(797.9, 612.2, 29.1) -> goal=(-2180.0, 541.3, -2823.7)
[Aircraft_9_6] PATH COMMIT SUCCESS. Goal: (-2180.0, 541.3, -2823.7). Points: 16. Duration: 960 ms (thread: 944 ms). Source: aerial_async. Reason: Success (threaded)
  Waypoint [0]: (745.3, 529.0, -23.3)
  Waypoint [1]: (265.3, 529.0, -143.3)
  Waypoint [2]: (65.3, 529.0, -143.3)
  Waypoint [3]: (25.3, 532.0, -103.3)
  Waypoint [4]: (-454.7, 532.0, 56.7)
  Waypoint [5]: (-614.7, 533.0, 216.7)
  Waypoint [6]: (-654.7, 535.0, 216.7)
  Waypoint [7]: (-1054.7, 535.0, 376.7)
  Waypoint [8]: (-1574.7, 535.0, 176.7)
  Waypoint [9]: (-1654.7, 535.0, 96.7)
  Waypoint [10]: (-2254.7, 529.0, -1063.3)
  Waypoint [11]: (-2334.7, 529.0, -1423.3)
  Waypoint [12]: (-2454.7, 532.0, -1583.3)
  Waypoint [13]: (-2414.7, 532.0, -2503.3)
  Waypoint [14]: (-2254.7, 532.0, -2663.3)
  Waypoint [15]: (-2214.7, 529.0, -2863.3)
[Aircraft_9_3] START THREADED PATH JOB: start=(-1875.2, 600.6, -3175.2) -> goal=(-1784.8, 548.6, -3325.2)
[Aircraft_9_3] PATH COMMIT SUCCESS. Goal: (-1784.8, 548.6, -3325.2). Points: 2. Duration: 22 ms (thread: 2 ms). Source: aerial_async. Reason: Success (threaded)
  Waypoint [0]: (-1854.7, 538.0, -3223.3)
  Waypoint [1]: (-1814.7, 538.0, -3343.3)
[Aircraft_11_5_8] START THREADED PATH JOB: start=(-1630.3, 530.8, -3618.4) -> goal=(-1654.7, 488.0, 2216.7)
[Aircraft_11_5_8] PATH COMMIT SUCCESS. Goal: (-1654.7, 488.0, 2216.7). Points: 10. Duration: 1715 ms (thread: 1698 ms). Source: aerial_async. Reason: Success (threaded)
  Waypoint [0]: (-1614.7, 538.0, -3583.3)
  Waypoint [1]: (-1534.7, 538.0, -3503.3)
  Waypoint [2]: (-1574.7, 535.0, -3183.3)
  Waypoint [3]: (-1774.7, 535.0, -2983.3)
  Waypoint [4]: (-2494.7, 532.0, -2383.3)
  Waypoint [5]: (-2414.7, 532.0, -1543.3)
  Waypoint [6]: (-1814.7, 529.0, 56.7)
  Waypoint [7]: (-1694.7, 532.0, 896.7)
  Waypoint [8]: (-1534.7, 538.0, 1736.7)
  Waypoint [9]: (-1654.7, 538.0, 2216.7)
[Aircraft_9_6] START THREADED PATH JOB: start=(1.3, 554.9, 48.9) -> goal=(122.7, 547.6, -195.2)
[Aircraft_9_6] PATH COMMIT SUCCESS. Goal: (122.7, 547.6, -195.2). Points: 3. Duration: 17 ms (thread: 5 ms). Source: aerial_async. Reason: Success (threaded)
  Waypoint [0]: (29.4, 538.0, -16.7)
  Waypoint [1]: (69.4, 538.0, -256.7)
  Waypoint [2]: (109.4, 538.0, -216.7)
[Aircraft_9_3_9] START THREADED PATH JOB: start=(461.0, 527.5, -888.4) -> goal=(-5130.6, 485.0, 303.3)
[Aircraft_9_3_9] PATH COMMIT SUCCESS. Goal: (-5130.6, 485.0, 303.3). Points: 19. Duration: 2033 ms (thread: 2027 ms). Source: aerial_async. Reason: Success (threaded)
  Waypoint [0]: (429.4, 535.0, -856.7)
  Waypoint [1]: (389.4, 535.0, -416.7)
  Waypoint [2]: (429.4, 538.0, -376.7)
  Waypoint [3]: (389.4, 538.0, -56.7)
  Waypoint [4]: (309.4, 538.0, 23.3)
  Waypoint [5]: (-130.6, 535.0, 663.3)
  Waypoint [6]: (-970.6, 532.0, 1183.3)
  Waypoint [7]: (-1210.6, 532.0, 903.3)
  Waypoint [8]: (-1490.6, 535.0, 863.3)
  Waypoint [9]: (-1850.6, 535.0, 623.3)
  Waypoint [10]: (-2170.6, 538.0, 663.3)
  Waypoint [11]: (-2610.6, 538.0, 623.3)
  Waypoint [12]: (-2810.6, 538.0, 583.3)
  Waypoint [13]: (-3570.6, 532.0, 743.3)
  Waypoint [14]: (-3610.6, 535.0, 703.3)
  Waypoint [15]: (-4610.6, 537.0, 463.3)
  Waypoint [16]: (-4650.6, 538.0, 423.3)
  Waypoint [17]: (-4850.6, 538.0, 343.3)
  Waypoint [18]: (-5130.6, 535.0, 303.3)
[Aircraft_11_5_8] START THREADED PATH JOB: start=(-11.0, 490.2, 5887.2) -> goal=(485.6, 542.4, -938.9)
[Aircraft_11_5_8] PATH COMMIT SUCCESS. Goal: (485.6, 542.4, -938.9). Points: 14. Duration: 2245 ms (thread: 2232 ms). Source: aerial_async. Reason: Success (threaded)
  Waypoint [0]: (-50.6, 538.0, 5823.3)
  Waypoint [1]: (-10.6, 538.0, 5343.3)
  Waypoint [2]: (69.4, 535.0, 5143.3)
  Waypoint [3]: (-250.6, 529.0, 3303.3)
  Waypoint [4]: (-610.6, 529.0, 2663.3)
  Waypoint [5]: (-650.6, 529.0, 2263.3)
  Waypoint [6]: (-770.6, 532.0, 2063.3)
  Waypoint [7]: (-770.6, 532.0, 1143.3)
  Waypoint [8]: (-90.6, 535.0, 623.3)
  Waypoint [9]: (349.4, 538.0, -16.7)
  Waypoint [10]: (469.4, 538.0, -336.7)
  Waypoint [11]: (389.4, 538.0, -416.7)
  Waypoint [12]: (429.4, 535.0, -936.7)
  Waypoint [13]: (469.4, 532.0, -976.7)
[Aircraft_9_6_10] START THREADED PATH JOB: start=(594.8, 524.5, -1158.4) -> goal=(-4490.6, 485.0, 903.3)
[Aircraft_9_6_10] PATH COMMIT SUCCESS. Goal: (-4490.6, 485.0, 903.3). Points: 17. Duration: 1390 ms (thread: 1382 ms). Source: aerial_async. Reason: Success (threaded)
  Waypoint [0]: (549.4, 532.0, -1136.7)
  Waypoint [1]: (429.4, 532.0, -936.7)
  Waypoint [2]: (389.4, 535.0, -896.7)
  Waypoint [3]: (389.4, 535.0, -416.7)
  Waypoint [4]: (429.4, 538.0, -376.7)
  Waypoint [5]: (389.4, 538.0, -56.7)
  Waypoint [6]: (309.4, 538.0, 23.3)
  Waypoint [7]: (-130.6, 535.0, 663.3)
  Waypoint [8]: (-970.6, 532.0, 1183.3)
  Waypoint [9]: (-1210.6, 532.0, 903.3)
  Waypoint [10]: (-1490.6, 535.0, 863.3)
  Waypoint [11]: (-1850.6, 535.0, 623.3)
  Waypoint [12]: (-2170.6, 538.0, 663.3)
  Waypoint [13]: (-2610.6, 538.0, 623.3)
  Waypoint [14]: (-2810.6, 538.0, 583.3)
  Waypoint [15]: (-3810.6, 535.0, 863.3)
  Waypoint [16]: (-4490.6, 535.0, 903.3)
[Aircraft_11_11] START THREADED PATH JOB: start=(729.0, 524.5, -1425.9) -> goal=(3989.4, 482.0, -5856.7)
[Aircraft_11_11] PATH COMMIT SUCCESS. Goal: (3989.4, 482.0, -5856.7). Points: 21. Duration: 1900 ms (thread: 1885 ms). Source: aerial_async. Reason: Success (threaded)
  Waypoint [0]: (749.4, 535.0, -1496.7)
  Waypoint [1]: (749.4, 535.0, -1536.7)
  Waypoint [2]: (789.4, 536.3, -1576.7)
  Waypoint [3]: (829.4, 538.0, -1616.7)
  Waypoint [4]: (1069.4, 538.0, -1896.7)
  Waypoint [5]: (1109.4, 538.0, -2936.7)
  Waypoint [6]: (829.4, 538.0, -3216.7)
  Waypoint [7]: (789.4, 538.0, -3256.7)
  Waypoint [8]: (749.4, 538.0, -3296.7)
  Waypoint [9]: (589.4, 538.0, -3736.7)
  Waypoint [10]: (829.4, 535.0, -4176.7)
  Waypoint [11]: (789.4, 535.0, -4376.7)
  Waypoint [12]: (829.4, 538.0, -4416.7)
  Waypoint [13]: (989.4, 538.0, -4976.7)
  Waypoint [14]: (1429.4, 538.0, -5456.7)
  Waypoint [15]: (1709.4, 541.0, -5696.7)
  Waypoint [16]: (1869.4, 541.0, -5856.7)
  Waypoint [17]: (2709.4, 532.0, -6136.7)
  Waypoint [18]: (3229.4, 532.0, -5816.7)
  Waypoint [19]: (3909.4, 532.0, -5816.7)
  Waypoint [20]: (3989.4, 532.0, -5856.7)
[Aircraft_9_12] START THREADED PATH JOB: start=(864.6, 529.1, -1694.9) -> goal=(-3930.6, 485.0, 783.3)
[Aircraft_9_12] PATH COMMIT SUCCESS. Goal: (-3930.6, 485.0, 783.3). Points: 20. Duration: 1787 ms (thread: 1779 ms). Source: aerial_async. Reason: Success (threaded)
  Waypoint [0]: (789.4, 538.0, -1656.7)
  Waypoint [1]: (749.4, 538.0, -1616.7)
  Waypoint [2]: (469.4, 532.0, -1176.7)
  Waypoint [3]: (429.4, 532.0, -936.7)
  Waypoint [4]: (389.4, 535.0, -896.7)
  Waypoint [5]: (389.4, 535.0, -416.7)
  Waypoint [6]: (429.4, 538.0, -376.7)
  Waypoint [7]: (389.4, 538.0, -56.7)
  Waypoint [8]: (309.4, 538.0, 23.3)
  Waypoint [9]: (-130.6, 535.0, 663.3)
  Waypoint [10]: (-970.6, 532.0, 1183.3)
  Waypoint [11]: (-1210.6, 532.0, 903.3)
  Waypoint [12]: (-1490.6, 535.0, 863.3)
  Waypoint [13]: (-1850.6, 535.0, 623.3)
  Waypoint [14]: (-2170.6, 538.0, 663.3)
  Waypoint [15]: (-2610.6, 538.0, 623.3)
  Waypoint [16]: (-2810.6, 538.0, 583.3)
  Waypoint [17]: (-3730.6, 532.0, 863.3)
  Waypoint [18]: (-3770.6, 535.0, 823.3)
  Waypoint [19]: (-3930.6, 535.0, 783.3)
[Aircraft_10_13] START THREADED PATH JOB: start=(998.9, 529.5, -1961.4) -> goal=(989.4, 482.0, -7456.7)
[Aircraft_10_13] PATH COMMIT SUCCESS. Goal: (989.4, 482.0, -7456.7). Points: 17. Duration: 1730 ms (thread: 1726 ms). Source: aerial_async. Reason: Success (threaded)
  Waypoint [0]: (1029.4, 538.0, -2016.7)
  Waypoint [1]: (1149.4, 538.0, -2896.7)
  Waypoint [2]: (829.4, 538.0, -3216.7)
  Waypoint [3]: (789.4, 538.0, -3256.7)
  Waypoint [4]: (749.4, 538.0, -3296.7)
  Waypoint [5]: (589.4, 538.0, -3736.7)
  Waypoint [6]: (669.4, 535.0, -3976.7)
  Waypoint [7]: (829.4, 535.0, -4096.7)
  Waypoint [8]: (789.4, 535.0, -4376.7)
  Waypoint [9]: (829.4, 538.0, -4416.7)
  Waypoint [10]: (949.4, 538.0, -4936.7)
  Waypoint [11]: (1589.4, 538.0, -5696.7)
  Waypoint [12]: (1629.4, 541.0, -5736.7)
  Waypoint [13]: (1509.4, 541.0, -6056.7)
  Waypoint [14]: (949.4, 541.0, -6856.7)
  Waypoint [15]: (909.4, 538.0, -7136.7)
  Waypoint [16]: (989.4, 532.0, -7456.7)
[Aircraft_10_13] START THREADED PATH JOB: start=(537.1, 484.0, -3512.8) -> goal=(774.0, 547.6, 965.9)
[Aircraft_10_13] PATH COMMIT SUCCESS. Goal: (774.0, 547.6, 965.9). Points: 17. Duration: 863 ms (thread: 852 ms). Source: aerial_async. Reason: Success (threaded)
  Waypoint [0]: (522.0, 532.0, -3483.6)
  Waypoint [1]: (482.0, 535.0, -3283.6)
  Waypoint [2]: (442.0, 537.0, -3163.6)
  Waypoint [3]: (442.0, 538.0, -3123.6)
  Waypoint [4]: (442.0, 538.0, -2923.6)
  Waypoint [5]: (482.0, 538.3, -2883.6)
  Waypoint [6]: (522.0, 541.0, -2843.6)
  Waypoint [7]: (722.0, 541.0, -2403.6)
  Waypoint [8]: (1202.0, 541.0, -1803.6)
  Waypoint [9]: (1122.0, 541.0, -1723.6)
  Waypoint [10]: (402.0, 538.0, -763.6)
  Waypoint [11]: (482.0, 538.0, -363.6)
  Waypoint [12]: (762.0, 532.0, 556.4)
  Waypoint [13]: (722.0, 534.3, 596.4)
  Waypoint [14]: (682.0, 535.0, 636.4)
  Waypoint [15]: (602.0, 538.0, 716.4)
  Waypoint [16]: (762.0, 538.0, 956.4)
[Aircraft_9_6_10] START THREADED PATH JOB: start=(-4984.5, 487.5, 4897.5) -> goal=(774.0, 547.6, 965.9)
[Aircraft_9_6_10] PATH COMMIT SUCCESS. Goal: (774.0, 547.6, 965.9). Points: 20. Duration: 3579 ms (thread: 3562 ms). Source: aerial_async. Reason: Success (threaded)
  Waypoint [0]: (-4958.0, 535.0, 4836.4)
  Waypoint [1]: (-4238.0, 535.0, 4876.4)
  Waypoint [2]: (-3278.0, 535.0, 4556.4)
  Waypoint [3]: (-3238.0, 538.0, 4516.4)
  Waypoint [4]: (-2638.0, 538.0, 4636.4)
  Waypoint [5]: (-2078.0, 535.0, 4676.4)
  Waypoint [6]: (-1918.0, 535.0, 4716.4)
  Waypoint [7]: (-1558.0, 532.0, 4916.4)
  Waypoint [8]: (-1358.0, 532.0, 5156.4)
  Waypoint [9]: (-558.0, 535.0, 4596.4)
  Waypoint [10]: (-118.0, 535.0, 4036.4)
  Waypoint [11]: (-118.0, 535.0, 3996.4)
  Waypoint [12]: (-118.0, 538.0, 3956.4)
  Waypoint [13]: (2.0, 538.0, 3636.4)
  Waypoint [14]: (-78.0, 538.0, 3556.4)
  Waypoint [15]: (-38.0, 535.0, 3036.4)
  Waypoint [16]: (242.0, 536.0, 2316.4)
  Waypoint [17]: (282.0, 538.0, 2276.4)
  Waypoint [18]: (562.0, 538.0, 1996.4)
  Waypoint [19]: (762.0, 538.0, 956.4)
[Aircraft_11_5_8_14] START THREADED PATH JOB: start=(670.7, 529.8, 733.5) -> goal=(6122.0, 485.0, 1796.4)
[Aircraft_11_5_8_14] PATH COMMIT SUCCESS. Goal: (6122.0, 485.0, 1796.4). Points: 17. Duration: 2164 ms (thread: 2151 ms). Source: aerial_async. Reason: Success (threaded)
  Waypoint [0]: (602.0, 538.0, 756.4)
  Waypoint [1]: (962.0, 538.0, 1276.4)
  Waypoint [2]: (2162.0, 532.0, 1556.4)
  Waypoint [3]: (2202.0, 535.0, 1596.4)
  Waypoint [4]: (2242.0, 535.0, 1636.4)
  Waypoint [5]: (2282.0, 535.3, 1676.4)
  Waypoint [6]: (2322.0, 538.0, 1716.4)
  Waypoint [7]: (2562.0, 538.0, 1636.4)
  Waypoint [8]: (3082.0, 529.0, 1316.4)
  Waypoint [9]: (3762.0, 529.0, 1116.4)
  Waypoint [10]: (3922.0, 529.0, 1196.4)
  Waypoint [11]: (4642.0, 529.0, 596.4)
  Waypoint [12]: (5362.0, 529.0, 316.4)
  Waypoint [13]: (6122.0, 532.0, 1076.4)
  Waypoint [14]: (6122.0, 532.7, 1196.4)
  Waypoint [15]: (6082.0, 535.0, 1236.4)
  Waypoint [16]: (6122.0, 535.0, 1796.4)
[Aircraft_9_12] START THREADED PATH JOB: start=(-4414.4, 487.6, 4745.2) -> goal=(512.5, 545.4, 468.8)
[Aircraft_9_12] PATH COMMIT SUCCESS. Goal: (512.5, 545.4, 468.8). Points: 21. Duration: 4145 ms (thread: 4136 ms). Source: aerial_async. Reason: Success (threaded)
  Waypoint [0]: (-4398.0, 535.0, 4716.4)
  Waypoint [1]: (-4198.0, 535.0, 4796.4)
  Waypoint [2]: (-3278.0, 535.0, 4556.4)
  Waypoint [3]: (-3238.0, 538.0, 4516.4)
  Waypoint [4]: (-2638.0, 538.0, 4636.4)
  Waypoint [5]: (-2078.0, 535.0, 4676.4)
  Waypoint [6]: (-1918.0, 535.0, 4716.4)
  Waypoint [7]: (-1558.0, 532.0, 4916.4)
  Waypoint [8]: (-1358.0, 532.0, 5156.4)
  Waypoint [9]: (-558.0, 535.0, 4596.4)
  Waypoint [10]: (-118.0, 538.0, 3956.4)
  Waypoint [11]: (2.0, 538.0, 3636.4)
  Waypoint [12]: (-78.0, 538.0, 3556.4)
  Waypoint [13]: (-38.0, 535.0, 3036.4)
  Waypoint [14]: (162.0, 535.0, 2396.4)
  Waypoint [15]: (242.0, 536.0, 2316.4)
  Waypoint [16]: (282.0, 538.0, 2276.4)
  Waypoint [17]: (562.0, 538.0, 1996.4)
  Waypoint [18]: (682.0, 538.0, 1076.4)
  Waypoint [19]: (522.0, 538.0, 476.4)
  Waypoint [20]: (482.0, 536.3, 436.4)
[Aircraft_11_15] START THREADED PATH JOB: start=(396.3, 527.5, -298.6) -> goal=(-678.0, 479.0, 5076.4)
[Aircraft_11_15] PATH COMMIT SUCCESS. Goal: (-678.0, 479.0, 5076.4). Points: 19. Duration: 1258 ms (thread: 1235 ms). Source: aerial_async. Reason: Success (threaded)
  Waypoint [0]: (362.0, 535.0, -283.6)
  Waypoint [1]: (282.0, 535.0, 36.4)
  Waypoint [2]: (82.0, 535.0, 196.4)
  Waypoint [3]: (122.0, 535.3, 236.4)
  Waypoint [4]: (162.0, 538.0, 276.4)
  Waypoint [5]: (282.0, 538.0, 676.4)
  Waypoint [6]: (322.0, 538.0, 716.4)
  Waypoint [7]: (682.0, 538.0, 1316.4)
  Waypoint [8]: (482.0, 538.0, 2076.4)
  Waypoint [9]: (242.0, 538.0, 2316.4)
  Waypoint [10]: (2.0, 532.0, 2836.4)
  Waypoint [11]: (-38.0, 532.0, 3036.4)
  Waypoint [12]: (-78.0, 535.0, 3076.4)
  Waypoint [13]: (-78.0, 535.0, 3556.4)
  Waypoint [14]: (-38.0, 538.0, 3596.4)
  Waypoint [15]: (-78.0, 538.0, 3916.4)
  Waypoint [16]: (-158.0, 538.0, 3996.4)
  Waypoint [17]: (-558.0, 535.0, 4636.4)
  Waypoint [18]: (-678.0, 529.0, 5076.4)
[Aircraft_9_16] START THREADED PATH JOB: start=(-5692.8, 529.8, -2331.1) -> goal=(-8810.2, 482.0, -6563.7)
[Aircraft_9_16] PATH COMMIT SUCCESS. Goal: (-8810.2, 482.0, -6563.7). Points: 29. Duration: 4770 ms (thread: 4752 ms). Source: aerial_async. Reason: Success (threaded)
  Waypoint [0]: (-5730.2, 538.0, -2323.7)
  Waypoint [1]: (-5850.2, 538.0, -2203.7)
  Waypoint [2]: (-6410.2, 532.0, -1723.7)
  Waypoint [3]: (-6690.2, 532.0, -1683.7)
  Waypoint [4]: (-7770.2, 526.0, -1243.7)
  Waypoint [5]: (-7970.2, 529.0, -1243.7)
  Waypoint [6]: (-9210.2, 529.0, -1483.7)
  Waypoint [7]: (-9290.2, 532.0, -1563.7)
  Waypoint [8]: (-9370.2, 532.0, -1643.7)
  Waypoint [9]: (-9410.2, 535.0, -1683.7)
  Waypoint [10]: (-9970.2, 535.0, -1723.7)
  Waypoint [11]: (-10130.2, 535.0, -1963.7)
  Waypoint [12]: (-10130.2, 535.0, -2003.7)
  Waypoint [13]: (-10090.2, 538.0, -2043.7)
  Waypoint [14]: (-10210.2, 538.0, -2923.7)
  Waypoint [15]: (-10690.2, 538.0, -3403.7)
  Waypoint [16]: (-10690.2, 538.0, -3483.7)
  Waypoint [17]: (-10690.2, 539.0, -3523.7)
  Waypoint [18]: (-10730.2, 541.0, -3563.7)
  Waypoint [19]: (-10850.2, 541.0, -3843.7)
  Waypoint [20]: (-10810.2, 541.0, -3883.7)
  Waypoint [21]: (-10730.2, 535.0, -4443.7)
  Waypoint [22]: (-10650.2, 523.0, -5443.7)
  Waypoint [23]: (-10810.2, 526.0, -5603.7)
  Waypoint [24]: (-10930.2, 526.0, -5923.7)
  Waypoint [25]: (-10770.2, 526.0, -6243.7)
  Waypoint [26]: (-9370.2, 531.0, -6363.7)
  Waypoint [27]: (-9330.2, 532.0, -6363.7)
  Waypoint [28]: (-8810.2, 532.0, -6563.7)
[Aircraft_10_17] START THREADED PATH JOB: start=(-152.0, 529.5, -1870.9) -> goal=(-4391.3, 476.0, -5406.7)
[Aircraft_10_17] PATH COMMIT SUCCESS. Goal: (-4391.3, 476.0, -5406.7). Points: 30. Duration: 4914 ms (thread: 4901 ms). Source: aerial_async. Reason: Success (threaded)
  Waypoint [0]: (-231.3, 538.0, -1846.7)
  Waypoint [1]: (-311.3, 538.0, -1766.7)
  Waypoint [2]: (-791.3, 532.0, -966.7)
  Waypoint [3]: (-1151.3, 532.0, -966.7)
  Waypoint [4]: (-2231.3, 526.0, -486.7)
  Waypoint [5]: (-2431.3, 529.0, -486.7)
  Waypoint [6]: (-3671.3, 529.0, -726.7)
  Waypoint [7]: (-3751.3, 532.0, -806.7)
  Waypoint [8]: (-3831.3, 532.0, -886.7)
  Waypoint [9]: (-3871.3, 535.0, -926.7)
  Waypoint [10]: (-4431.3, 535.0, -966.7)
  Waypoint [11]: (-4591.3, 535.0, -1206.7)
  Waypoint [12]: (-4591.3, 535.0, -1246.7)
  Waypoint [13]: (-4591.3, 538.0, -1286.7)
  Waypoint [14]: (-4671.3, 538.0, -2166.7)
  Waypoint [15]: (-5151.3, 538.0, -2646.7)
  Waypoint [16]: (-5151.3, 539.0, -2766.7)
  Waypoint [17]: (-5191.3, 541.0, -2806.7)
  Waypoint [18]: (-5351.3, 541.0, -3126.7)
  Waypoint [19]: (-5311.3, 538.0, -3486.7)
  Waypoint [20]: (-5391.3, 535.0, -3686.7)
  Waypoint [21]: (-5111.3, 529.0, -4166.7)
  Waypoint [22]: (-5151.3, 523.0, -4566.7)
  Waypoint [23]: (-5391.3, 523.0, -4806.7)
  Waypoint [24]: (-5431.3, 523.0, -4846.7)
  Waypoint [25]: (-5471.3, 524.0, -4886.7)
  Waypoint [26]: (-5591.3, 523.0, -5206.7)
  Waypoint [27]: (-5471.3, 526.0, -5326.7)
  Waypoint [28]: (-5271.3, 526.0, -5486.7)
  Waypoint [29]: (-4391.3, 526.0, -5406.7)
[Aircraft_11_5_8_14] START THREADED PATH JOB: start=(5572.6, 487.2, 1017.1) -> goal=(-152.0, 547.6, -1878.2)
[Aircraft_11_5_8_14] PATH COMMIT SUCCESS. Goal: (-152.0, 547.6, -1878.2). Points: 25. Duration: 3759 ms (thread: 3748 ms). Source: aerial_async. Reason: Success (threaded)
  Waypoint [0]: (5568.7, 535.0, 953.3)
  Waypoint [1]: (5568.7, 535.0, 393.3)
  Waypoint [2]: (4968.7, 526.0, -406.7)
  Waypoint [3]: (4808.7, 527.7, -486.7)
  Waypoint [4]: (4768.7, 529.0, -486.7)
  Waypoint [5]: (4568.7, 529.0, -406.7)
  Waypoint [6]: (4208.7, 526.0, -326.7)
  Waypoint [7]: (4128.7, 526.0, -246.7)
  Waypoint [8]: (4088.7, 527.0, -206.7)
  Waypoint [9]: (4048.7, 529.0, -166.7)
  Waypoint [10]: (3568.7, 529.0, 313.3)
  Waypoint [11]: (2848.7, 529.0, 393.3)
  Waypoint [12]: (2208.7, 529.0, 633.3)
  Waypoint [13]: (2168.7, 532.0, 673.3)
  Waypoint [14]: (1968.7, 538.0, 873.3)
  Waypoint [15]: (1728.7, 538.0, 873.3)
  Waypoint [16]: (1288.7, 532.0, 633.3)
  Waypoint [17]: (1088.7, 532.0, 633.3)
  Waypoint [18]: (728.7, 529.0, 553.3)
  Waypoint [19]: (688.7, 529.0, 113.3)
  Waypoint [20]: (408.7, 531.0, -166.7)
  Waypoint [21]: (368.7, 532.0, -206.7)
  Waypoint [22]: (-111.3, 537.0, -1166.7)
  Waypoint [23]: (-111.3, 538.0, -1206.7)
  Waypoint [24]: (-191.3, 538.0, -1886.7)
[Aircraft_9_12] START THREADED PATH JOB: start=(-394.6, 536.9, -2013.8) -> goal=(40.5, 545.4, -2604.4)
[Aircraft_9_12] PATH COMMIT SUCCESS. Goal: (40.5, 545.4, -2604.4). Points: 2. Duration: 34 ms (thread: 20 ms). Source: aerial_async. Reason: Success (threaded)
  Waypoint [0]: (-431.3, 538.0, -2086.7)
  Waypoint [1]: (8.7, 535.0, -2606.7)
[Aircraft_11_15] START THREADED PATH JOB: start=(-1240.1, 481.2, 4296.0) -> goal=(80.5, 545.5, -2683.5)
[Aircraft_11_15] PATH COMMIT SUCCESS. Goal: (80.5, 545.5, -2683.5). Points: 26. Duration: 3223 ms (thread: 3219 ms). Source: aerial_async. Reason: Success (threaded)
  Waypoint [0]: (-1271.3, 529.0, 4233.3)
  Waypoint [1]: (-1271.3, 530.0, 3953.3)
  Waypoint [2]: (-1231.3, 532.0, 3913.3)
  Waypoint [3]: (-1111.3, 535.0, 3793.3)
  Waypoint [4]: (-671.3, 535.0, 3233.3)
  Waypoint [5]: (-671.3, 535.0, 3193.3)
  Waypoint [6]: (-671.3, 538.0, 3153.3)
  Waypoint [7]: (-551.3, 538.0, 2833.3)
  Waypoint [8]: (-631.3, 538.0, 2753.3)
  Waypoint [9]: (-591.3, 535.0, 2233.3)
  Waypoint [10]: (-391.3, 535.0, 1593.3)
  Waypoint [11]: (-311.3, 536.0, 1513.3)
  Waypoint [12]: (-271.3, 538.0, 1473.3)
  Waypoint [13]: (8.7, 538.0, 1193.3)
  Waypoint [14]: (128.7, 538.0, 273.3)
  Waypoint [15]: (-191.3, 538.0, -46.7)
  Waypoint [16]: (-231.3, 538.0, -86.7)
  Waypoint [17]: (-271.3, 538.0, -126.7)
  Waypoint [18]: (-431.3, 538.0, -566.7)
  Waypoint [19]: (-351.3, 535.0, -806.7)
  Waypoint [20]: (-191.3, 535.0, -926.7)
  Waypoint [21]: (-231.3, 535.0, -1206.7)
  Waypoint [22]: (-191.3, 538.0, -1246.7)
  Waypoint [23]: (-71.3, 538.0, -2166.7)
  Waypoint [24]: (48.7, 538.0, -2286.7)
  Waypoint [25]: (48.7, 535.0, -2686.7)
[Aircraft_9_4] START THREADED PATH JOB: start=(419.3, 521.5, -31.4) -> goal=(-4817.1, 491.0, -1618.9)
[Aircraft_9_4] PATH COMMIT SUCCESS. Goal: (-4817.1, 491.0, -1618.9). Points: 30. Duration: 3277 ms (thread: 3257 ms). Source: aerial_async. Reason: Success (threaded)
  Waypoint [0]: (382.9, 529.0, -98.9)
  Waypoint [1]: (422.9, 532.0, -138.9)
  Waypoint [2]: (862.9, 532.0, -498.9)
  Waypoint [3]: (1422.9, 535.0, -618.9)
  Waypoint [4]: (2142.9, 535.7, -1338.9)
  Waypoint [5]: (2182.9, 538.0, -1378.9)
  Waypoint [6]: (2502.9, 538.0, -1738.9)
  Waypoint [7]: (2582.9, 535.0, -2378.9)
  Waypoint [8]: (2662.9, 535.0, -2458.9)
  Waypoint [9]: (2622.9, 535.0, -2498.9)
  Waypoint [10]: (2582.9, 652.0, -2538.9)
  Waypoint [11]: (1982.9, 652.0, -3098.9)
  Waypoint [12]: (1622.9, 652.0, -3298.9)
  Waypoint [13]: (1582.9, 652.0, -3458.9)
  Waypoint [14]: (1622.9, 624.3, -3498.9)
  Waypoint [15]: (1542.9, 538.0, -3738.9)
  Waypoint [16]: (942.9, 538.0, -3738.9)
  Waypoint [17]: (-57.1, 535.0, -3058.9)
  Waypoint [18]: (-137.1, 535.0, -3058.9)
  Waypoint [19]: (-537.1, 532.0, -2778.9)
  Waypoint [20]: (-1977.1, 529.0, -2778.9)
  Waypoint [21]: (-2697.1, 526.0, -2898.9)
  Waypoint [22]: (-2737.1, 529.0, -2858.9)
  Waypoint [23]: (-3337.1, 529.0, -2658.9)
  Waypoint [24]: (-3377.1, 530.0, -2618.9)
  Waypoint [25]: (-3417.1, 532.0, -2578.9)
  Waypoint [26]: (-3457.1, 532.0, -2538.9)
  Waypoint [27]: (-3497.1, 535.0, -2498.9)
  Waypoint [28]: (-4337.1, 541.0, -1898.9)
  Waypoint [29]: (-4817.1, 541.0, -1618.9)
[Aircraft_9_5] START THREADED PATH JOB: start=(782.9, 520.7, -192.7) -> goal=(4982.9, 482.0, -3778.9)
[Aircraft_9_5] PATH COMMIT SUCCESS. Goal: (4982.9, 482.0, -3778.9). Points: 14. Duration: 1432 ms (thread: 1429 ms). Source: aerial_async. Reason: Success (threaded)
  Waypoint [0]: (742.9, 529.0, -258.9)
  Waypoint [1]: (702.9, 532.0, -298.9)
  Waypoint [2]: (902.9, 532.0, -538.9)
  Waypoint [3]: (1382.9, 532.0, -618.9)
  Waypoint [4]: (1422.9, 535.0, -658.9)
  Waypoint [5]: (2182.9, 535.0, -1258.9)
  Waypoint [6]: (2222.9, 535.0, -1258.9)
  Waypoint [7]: (2262.9, 538.0, -1298.9)
  Waypoint [8]: (2702.9, 538.0, -1738.9)
  Waypoint [9]: (3902.9, 535.0, -2098.9)
  Waypoint [10]: (4622.9, 535.0, -2778.9)
  Waypoint [11]: (4622.9, 535.0, -3498.9)
  Waypoint [12]: (4982.9, 532.0, -3738.9)
  Waypoint [13]: (4982.9, 532.0, -3778.9)
[Aircraft_10_6] START THREADED PATH JOB: start=(1052.4, 518.6, -308.6) -> goal=(-2588.4, 479.0, -3575.2)
[Aircraft_10_6] PATH COMMIT SUCCESS. Goal: (-2588.4, 479.0, -3575.2). Points: 31. Duration: 2168 ms (thread: 2163 ms). Source: aerial_async. Reason: Success (threaded)
  Waypoint [0]: (1062.9, 529.0, -378.9)
  Waypoint [1]: (1102.9, 529.0, -418.9)
  Waypoint [2]: (1142.9, 532.0, -458.9)
  Waypoint [3]: (1382.9, 532.0, -618.9)
  Waypoint [4]: (1422.9, 535.0, -658.9)
  Waypoint [5]: (2142.9, 535.7, -1338.9)
  Waypoint [6]: (2182.9, 538.0, -1378.9)
  Waypoint [7]: (2502.9, 538.0, -1738.9)
  Waypoint [8]: (2582.9, 535.0, -2378.9)
  Waypoint [9]: (2662.9, 535.0, -2458.9)
  Waypoint [10]: (2622.9, 535.0, -2498.9)
  Waypoint [11]: (2582.9, 652.0, -2538.9)
  Waypoint [12]: (1982.9, 652.0, -3098.9)
  Waypoint [13]: (1622.9, 652.0, -3298.9)
  Waypoint [14]: (1582.9, 652.0, -3458.9)
  Waypoint [15]: (1622.9, 624.3, -3498.9)
  Waypoint [16]: (1542.9, 538.0, -3738.9)
  Waypoint [17]: (942.9, 538.0, -3738.9)
  Waypoint [18]: (-17.1, 535.0, -3098.9)
  Waypoint [19]: (-137.1, 535.0, -3098.9)
  Waypoint [20]: (-537.1, 532.0, -2778.9)
  Waypoint [21]: (-1297.1, 529.0, -2778.9)
  Waypoint [22]: (-1737.1, 529.0, -2898.9)
  Waypoint [23]: (-2377.1, 523.0, -3138.9)
  Waypoint [24]: (-2417.1, 523.0, -3218.9)
  Waypoint [25]: (-2417.1, 523.3, -3258.9)
  Waypoint [26]: (-2457.1, 526.0, -3298.9)
  Waypoint [27]: (-2497.1, 526.0, -3338.9)
  Waypoint [28]: (-2537.1, 526.3, -3378.9)
  Waypoint [29]: (-2577.1, 529.0, -3418.9)
  Waypoint [30]: (-2617.1, 529.0, -3578.9)
[Aircraft_11_7] START THREADED PATH JOB: start=(1348.3, 521.0, -356.1) -> goal=(542.9, 479.0, -5778.9)
[Aircraft_11_7] PATH COMMIT SUCCESS. Goal: (542.9, 479.0, -5778.9). Points: 20. Duration: 2100 ms (thread: 2092 ms). Source: aerial_async. Reason: Success (threaded)
  Waypoint [0]: (1382.9, 532.0, -418.9)
  Waypoint [1]: (1422.9, 533.3, -458.9)
  Waypoint [2]: (1462.9, 535.0, -498.9)
  Waypoint [3]: (2062.9, 535.0, -1258.9)
  Waypoint [4]: (2142.9, 535.7, -1338.9)
  Waypoint [5]: (2182.9, 538.0, -1378.9)
  Waypoint [6]: (2502.9, 538.0, -1738.9)
  Waypoint [7]: (2582.9, 535.0, -2378.9)
  Waypoint [8]: (2662.9, 535.0, -2458.9)
  Waypoint [9]: (2622.9, 535.0, -2498.9)
  Waypoint [10]: (2582.9, 652.0, -2538.9)
  Waypoint [11]: (1902.9, 652.0, -3178.9)
  Waypoint [12]: (1542.9, 652.0, -3418.9)
  Waypoint [13]: (1582.9, 652.0, -3458.9)
  Waypoint [14]: (1622.9, 624.3, -3498.9)
  Waypoint [15]: (1382.9, 535.0, -4178.9)
  Waypoint [16]: (1462.9, 535.0, -5058.9)
  Waypoint [17]: (1422.9, 535.0, -5098.9)
  Waypoint [18]: (822.9, 532.0, -5658.9)
  Waypoint [19]: (542.9, 529.0, -5778.9)
[Aircraft_9_8] START THREADED PATH JOB: start=(1640.4, 523.8, -418.0) -> goal=(-1497.1, 485.0, -4258.9)
[Aircraft_9_8] PATH COMMIT SUCCESS. Goal: (-1497.1, 485.0, -4258.9). Points: 30. Duration: 2437 ms (thread: 2418 ms). Source: aerial_async. Reason: Success (threaded)
  Waypoint [0]: (1662.9, 535.0, -458.9)
  Waypoint [1]: (1782.9, 535.0, -978.9)
  Waypoint [2]: (2142.9, 535.7, -1338.9)
  Waypoint [3]: (2182.9, 538.0, -1378.9)
  Waypoint [4]: (2502.9, 538.0, -1738.9)
  Waypoint [5]: (2582.9, 535.0, -2378.9)
  Waypoint [6]: (2662.9, 535.0, -2458.9)
  Waypoint [7]: (2622.9, 535.0, -2498.9)
  Waypoint [8]: (2582.9, 652.0, -2538.9)
  Waypoint [9]: (1902.9, 652.0, -3178.9)
  Waypoint [10]: (1542.9, 652.0, -3418.9)
  Waypoint [11]: (1582.9, 652.0, -3458.9)
  Waypoint [12]: (1622.9, 624.3, -3498.9)
  Waypoint [13]: (1542.9, 538.0, -3738.9)
  Waypoint [14]: (942.9, 538.0, -3738.9)
  Waypoint [15]: (-17.1, 535.0, -3098.9)
  Waypoint [16]: (-137.1, 535.0, -3098.9)
  Waypoint [17]: (-537.1, 532.0, -2778.9)
  Waypoint [18]: (-1297.1, 529.0, -2778.9)
  Waypoint [19]: (-1657.1, 529.0, -3018.9)
  Waypoint [20]: (-2097.1, 523.0, -3538.9)
  Waypoint [21]: (-2057.1, 524.0, -3618.9)
  Waypoint [22]: (-2017.1, 526.0, -3658.9)
  Waypoint [23]: (-2017.1, 527.0, -3858.9)
  Waypoint [24]: (-1977.1, 529.0, -3898.9)
  Waypoint [25]: (-1777.1, 530.0, -4138.9)
  Waypoint [26]: (-1737.1, 532.0, -4178.9)
  Waypoint [27]: (-1617.1, 532.0, -4258.9)
  Waypoint [28]: (-1577.1, 535.0, -4298.9)
  Waypoint [29]: (-1497.1, 535.0, -4258.9)
[Aircraft_10_9] START THREADED PATH JOB: start=(1930.5, 526.4, -479.7) -> goal=(4782.9, 485.0, -4378.9)
[Aircraft_10_9] PATH COMMIT SUCCESS. Goal: (4782.9, 485.0, -4378.9). Points: 10. Duration: 1235 ms (thread: 1226 ms). Source: aerial_async. Reason: Success (threaded)
  Waypoint [0]: (1902.9, 535.0, -538.9)
  Waypoint [1]: (1942.9, 535.0, -1138.9)
  Waypoint [2]: (2182.9, 535.7, -1298.9)
  Waypoint [3]: (2222.9, 538.0, -1338.9)
  Waypoint [4]: (2662.9, 538.0, -1778.9)
  Waypoint [5]: (3902.9, 535.0, -2098.9)
  Waypoint [6]: (4622.9, 535.0, -2778.9)
  Waypoint [7]: (4862.9, 535.0, -3218.9)
  Waypoint [8]: (4982.9, 535.0, -4138.9)
  Waypoint [9]: (4782.9, 535.0, -4378.9)
[Aircraft_10_6] START THREADED PATH JOB: start=(-24.9, 481.0, -38.4) -> goal=(5358.8, 544.6, 2925.7)
[Aircraft_9_5] START THREADED PATH JOB: start=(7556.7, 484.8, -241.6) -> goal=(5369.8, 544.6, 2920.9)
[Aircraft_9_5] PATH COMMIT SUCCESS. Goal: (5369.8, 544.6, 2920.9). Points: 21. Duration: 862 ms (thread: 848 ms). Source: aerial_async. Reason: Success (threaded)
  Waypoint [0]: (7520.4, 532.0, -210.2)
  Waypoint [1]: (7600.4, 532.0, 229.8)
  Waypoint [2]: (7640.4, 532.0, 269.8)
  Waypoint [3]: (7680.4, 532.0, 309.8)
  Waypoint [4]: (7680.4, 532.0, 349.8)
  Waypoint [5]: (7680.4, 532.0, 389.8)
  Waypoint [6]: (7480.4, 533.7, 909.8)
  Waypoint [7]: (7440.4, 535.0, 949.8)
  Waypoint [8]: (7400.4, 535.0, 989.8)
  Waypoint [9]: (7360.4, 538.0, 1029.8)
  Waypoint [10]: (6920.4, 538.0, 1629.8)
  Waypoint [11]: (6800.4, 538.0, 1709.8)
  Waypoint [12]: (6160.4, 535.0, 1829.8)
  Waypoint [13]: (6120.4, 535.0, 2029.8)
  Waypoint [14]: (6040.4, 538.0, 2109.8)
  Waypoint [15]: (5960.4, 538.0, 2189.8)
  Waypoint [16]: (5920.4, 539.0, 2229.8)
  Waypoint [17]: (5880.4, 541.0, 2269.8)
  Waypoint [18]: (5840.4, 541.0, 2309.8)
  Waypoint [19]: (5400.4, 538.0, 2709.8)
  Waypoint [20]: (5360.4, 535.0, 2909.8)
[Aircraft_10_6] PATH COMMIT SUCCESS. Goal: (5358.8, 544.6, 2925.7). Points: 25. Duration: 4258 ms (thread: 4242 ms). Source: aerial_async. Reason: Success (threaded)
  Waypoint [0]: (-39.6, 529.0, -10.2)
  Waypoint [1]: (40.4, 529.0, 149.8)
  Waypoint [2]: (400.4, 523.0, 509.8)
  Waypoint [3]: (520.4, 523.0, 549.8)
  Waypoint [4]: (560.4, 523.3, 549.8)
  Waypoint [5]: (600.4, 526.0, 589.8)
  Waypoint [6]: (840.4, 526.0, 629.8)
  Waypoint [7]: (880.4, 529.0, 669.8)
  Waypoint [8]: (1240.4, 529.0, 789.8)
  Waypoint [9]: (2040.4, 529.0, 749.8)
  Waypoint [10]: (2080.4, 532.0, 709.8)
  Waypoint [11]: (2480.4, 535.0, 469.8)
  Waypoint [12]: (2760.4, 535.0, 349.8)
  Waypoint [13]: (3520.4, 535.7, -210.2)
  Waypoint [14]: (3560.4, 538.0, -250.2)
  Waypoint [15]: (4200.4, 538.0, -170.2)
  Waypoint [16]: (4560.4, 538.0, 189.8)
  Waypoint [17]: (4520.4, 538.0, 229.8)
  Waypoint [18]: (4480.4, 632.7, 269.8)
  Waypoint [19]: (4480.4, 652.0, 309.8)
  Waypoint [20]: (4760.4, 652.0, 629.8)
  Waypoint [21]: (4960.4, 652.0, 1109.8)
  Waypoint [22]: (5040.4, 538.0, 2309.8)
  Waypoint [23]: (4920.4, 538.0, 2429.8)
  Waypoint [24]: (5320.4, 535.0, 2909.8)
[Aircraft_11_7] START THREADED PATH JOB: start=(3098.9, 481.2, -2264.7) -> goal=(5497.7, 544.6, 2864.5)
[Aircraft_11_7] PATH COMMIT SUCCESS. Goal: (5497.7, 544.6, 2864.5). Points: 16. Duration: 2076 ms (thread: 2066 ms). Source: aerial_async. Reason: Success (threaded)
  Waypoint [0]: (3400.4, 529.0, -2050.2)
  Waypoint [1]: (3440.4, 532.0, -2010.2)
  Waypoint [2]: (4000.4, 534.0, -1570.2)
  Waypoint [3]: (4040.4, 535.0, -1530.2)
  Waypoint [4]: (3960.4, 535.0, -450.2)
  Waypoint [5]: (4000.4, 538.0, -410.2)
  Waypoint [6]: (4560.4, 538.0, 189.8)
  Waypoint [7]: (4520.4, 538.0, 229.8)
  Waypoint [8]: (4480.4, 632.7, 269.8)
  Waypoint [9]: (4480.4, 652.0, 309.8)
  Waypoint [10]: (4920.4, 652.0, 829.8)
  Waypoint [11]: (4960.4, 652.0, 1109.8)
  Waypoint [12]: (5080.4, 538.0, 1949.8)
  Waypoint [13]: (5080.4, 538.0, 2509.8)
  Waypoint [14]: (5320.4, 535.0, 2829.8)
  Waypoint [15]: (5480.4, 535.0, 2829.8)
[Aircraft_10_9] START THREADED PATH JOB: start=(7351.8, 487.0, -875.1) -> goal=(5757.9, 546.9, 2728.7)
[Aircraft_10_9] PATH COMMIT SUCCESS. Goal: (5757.9, 546.9, 2728.7). Points: 17. Duration: 920 ms (thread: 918 ms). Source: aerial_async. Reason: Success (threaded)
  Waypoint [0]: (7320.4, 535.0, -850.2)
  Waypoint [1]: (7360.4, 535.0, -610.2)
  Waypoint [2]: (7560.4, 532.0, 189.8)
  Waypoint [3]: (7600.4, 532.0, 229.8)
  Waypoint [4]: (7640.4, 532.0, 269.8)
  Waypoint [5]: (7680.4, 532.0, 309.8)
  Waypoint [6]: (7680.4, 532.0, 349.8)
  Waypoint [7]: (7680.4, 532.0, 389.8)
  Waypoint [8]: (7480.4, 533.7, 909.8)
  Waypoint [9]: (7440.4, 535.0, 949.8)
  Waypoint [10]: (7400.4, 535.0, 989.8)
  Waypoint [11]: (7360.4, 538.0, 1029.8)
  Waypoint [12]: (6880.4, 538.0, 1709.8)
  Waypoint [13]: (6720.4, 534.0, 2069.8)
  Waypoint [14]: (6120.4, 538.0, 2589.8)
  Waypoint [15]: (5840.4, 538.0, 2669.8)
  Waypoint [16]: (5720.4, 535.0, 2709.8)
[Aircraft_9_8] START THREADED PATH JOB: start=(-3146.8, 487.8, -374.0) -> goal=(2223.0, 542.9, 2430.7)
[Aircraft_9_8] PATH COMMIT SUCCESS. Goal: (2223.0, 542.9, 2430.7). Points: 28. Duration: 3364 ms (thread: 3354 ms). Source: aerial_async. Reason: Success (threaded)
  Waypoint [0]: (-3225.6, 535.0, -362.7)
  Waypoint [1]: (-3665.6, 529.0, 37.3)
  Waypoint [2]: (-3705.6, 523.0, 477.3)
  Waypoint [3]: (-3465.6, 525.0, 877.3)
  Waypoint [4]: (-3425.6, 526.0, 917.3)
  Waypoint [5]: (-3385.6, 526.0, 957.3)
  Waypoint [6]: (-3345.6, 529.0, 997.3)
  Waypoint [7]: (-2585.6, 529.0, 1157.3)
  Waypoint [8]: (-2185.6, 529.0, 1117.3)
  Waypoint [9]: (-2145.6, 532.0, 1077.3)
  Waypoint [10]: (-1745.6, 535.0, 837.3)
  Waypoint [11]: (-1465.6, 535.0, 717.3)
  Waypoint [12]: (-705.6, 535.7, 157.3)
  Waypoint [13]: (-665.6, 538.0, 117.3)
  Waypoint [14]: (-25.6, 538.0, 197.3)
  Waypoint [15]: (14.4, 538.0, 357.3)
  Waypoint [16]: (-25.6, 538.0, 397.3)
  Waypoint [17]: (-65.6, 624.3, 437.3)
  Waypoint [18]: (-65.6, 652.0, 477.3)
  Waypoint [19]: (334.4, 652.0, 837.3)
  Waypoint [20]: (654.4, 652.0, 1077.3)
  Waypoint [21]: (854.4, 652.0, 1397.3)
  Waypoint [22]: (1414.4, 532.0, 1837.3)
  Waypoint [23]: (1654.4, 532.0, 1877.3)
  Waypoint [24]: (1694.4, 535.0, 1917.3)
  Waypoint [25]: (2294.4, 535.0, 2237.3)
  Waypoint [26]: (2294.4, 535.0, 2317.3)
  Waypoint [27]: (2214.4, 532.0, 2397.3)
[Aircraft_10_6] START THREADED PATH JOB: start=(2538.4, 789.7, 2221.6) -> goal=(2553.3, 547.6, 2081.9)
[Aircraft_10_6] PATH COMMIT SUCCESS. Goal: (2553.3, 547.6, 2081.9). Points: 2. Duration: 48 ms (thread: 1 ms). Source: aerial_async. Reason: Success (threaded)
  Waypoint [0]: (2534.4, 535.0, 2157.3)
  Waypoint [1]: (2534.4, 535.0, 2077.3)
[Aircraft_10_9] START THREADED PATH JOB: start=(2635.1, 529.6, 1981.7) -> goal=(2637.0, 527.6, 1979.2)
[Aircraft_10_9] PATH COMMIT FAILED. Goal: (2637.0, 527.6, 1979.2). Reason: Success (start == end)
[Aircraft_9_5_10] START THREADED PATH JOB: start=(2740.7, 529.8, 1850.4) -> goal=(5414.4, 482.0, -3962.7)
[Aircraft_9_5_10] PATH COMMIT SUCCESS. Goal: (5414.4, 482.0, -3962.7). Points: 17. Duration: 1349 ms (thread: 1344 ms). Source: aerial_async. Reason: Success (threaded)
  Waypoint [0]: (2774.4, 538.0, 1837.3)
  Waypoint [1]: (3054.4, 538.0, 1597.3)
  Waypoint [2]: (3134.4, 538.0, 1317.3)
  Waypoint [3]: (3454.4, 532.0, 837.3)
  Waypoint [4]: (3454.4, 532.0, 597.3)
  Waypoint [5]: (3294.4, 532.0, -42.7)
  Waypoint [6]: (3294.4, 532.3, -82.7)
  Waypoint [7]: (3334.4, 535.0, -122.7)
  Waypoint [8]: (3174.4, 535.0, -602.7)
  Waypoint [9]: (3414.4, 535.0, -1082.7)
  Waypoint [10]: (3534.4, 535.0, -1962.7)
  Waypoint [11]: (4654.4, 535.0, -2842.7)
  Waypoint [12]: (4694.4, 535.0, -2882.7)
  Waypoint [13]: (4734.4, 538.0, -2922.7)
  Waypoint [14]: (4894.4, 538.0, -3362.7)
  Waypoint [15]: (5294.4, 532.0, -3962.7)
  Waypoint [16]: (5374.4, 532.0, -4002.7)
[Aircraft_11_7_11] START THREADED PATH JOB: start=(3057.1, 529.8, 1492.2) -> goal=(8694.4, 485.0, 2277.3)
[Aircraft_11_7_11] PATH COMMIT SUCCESS. Goal: (8694.4, 485.0, 2277.3). Points: 14. Duration: 1142 ms (thread: 1129 ms). Source: aerial_async. Reason: Success (threaded)
  Waypoint [0]: (3174.4, 538.0, 1717.3)
  Waypoint [1]: (4254.4, 529.0, 2437.3)
  Waypoint [2]: (5094.4, 529.0, 2397.3)
  Waypoint [3]: (5134.4, 532.0, 2437.3)
  Waypoint [4]: (5414.4, 532.0, 2437.3)
  Waypoint [5]: (5734.4, 532.0, 2397.3)
  Waypoint [6]: (5774.4, 532.0, 2397.3)
  Waypoint [7]: (5814.4, 535.0, 2357.3)
  Waypoint [8]: (7654.4, 535.0, 2357.3)
  Waypoint [9]: (7814.4, 535.0, 2477.3)
  Waypoint [10]: (7854.4, 535.0, 2477.3)
  Waypoint [11]: (7894.4, 538.0, 2437.3)
  Waypoint [12]: (8414.4, 538.0, 2277.3)
  Waypoint [13]: (8654.4, 535.0, 2237.3)
[Aircraft_10_9_12] START THREADED PATH JOB: start=(3207.0, 528.9, 1306.2) -> goal=(2654.4, 482.0, -4402.7)
[Aircraft_10_9_12] PATH COMMIT SUCCESS. Goal: (2654.4, 482.0, -4402.7). Points: 29. Duration: 2522 ms (thread: 2509 ms). Source: aerial_async. Reason: Success (threaded)
  Waypoint [0]: (3214.4, 535.0, 1237.3)
  Waypoint [1]: (3454.4, 532.0, 757.3)
  Waypoint [2]: (3454.4, 532.0, 597.3)
  Waypoint [3]: (3294.4, 532.0, 277.3)
  Waypoint [4]: (3254.4, 532.0, -42.7)
  Waypoint [5]: (3294.4, 532.3, -82.7)
  Waypoint [6]: (3334.4, 535.0, -122.7)
  Waypoint [7]: (3174.4, 535.0, -602.7)
  Waypoint [8]: (3334.4, 535.0, -1082.7)
  Waypoint [9]: (3494.4, 535.0, -1922.7)
  Waypoint [10]: (4614.4, 535.0, -2842.7)
  Waypoint [11]: (4654.4, 535.0, -2882.7)
  Waypoint [12]: (4694.4, 538.0, -2922.7)
  Waypoint [13]: (4854.4, 538.0, -3162.7)
  Waypoint [14]: (4854.4, 538.0, -3362.7)
  Waypoint [15]: (4934.4, 535.0, -3802.7)
  Waypoint [16]: (4854.4, 535.0, -4082.7)
  Waypoint [17]: (4774.4, 529.0, -4682.7)
  Waypoint [18]: (4654.4, 529.0, -4842.7)
  Waypoint [19]: (4654.4, 530.0, -4882.7)
  Waypoint [20]: (4614.4, 532.0, -4922.7)
  Waypoint [21]: (4494.4, 534.0, -5082.7)
  Waypoint [22]: (4454.4, 535.0, -5122.7)
  Waypoint [23]: (4414.4, 535.0, -5162.7)
  Waypoint [24]: (4374.4, 538.0, -5202.7)
  Waypoint [25]: (3934.4, 538.0, -5322.7)
  Waypoint [26]: (3174.4, 538.0, -4762.7)
  Waypoint [27]: (2694.4, 532.0, -4442.7)
  Waypoint [28]: (2654.4, 532.0, -4442.7)
[Aircraft_10_6_13] START THREADED PATH JOB: start=(3306.0, 524.1, 1035.4) -> goal=(5654.4, 482.0, -3842.7)
[Aircraft_10_6_13] PATH COMMIT SUCCESS. Goal: (5654.4, 482.0, -3842.7). Points: 16. Duration: 807 ms (thread: 785 ms). Source: aerial_async. Reason: Success (threaded)
  Waypoint [0]: (3334.4, 532.0, 957.3)
  Waypoint [1]: (3454.4, 532.0, 757.3)
  Waypoint [2]: (3454.4, 532.0, 597.3)
  Waypoint [3]: (3294.4, 532.0, -42.7)
  Waypoint [4]: (3294.4, 532.3, -82.7)
  Waypoint [5]: (3334.4, 535.0, -122.7)
  Waypoint [6]: (3174.4, 535.0, -602.7)
  Waypoint [7]: (3414.4, 535.0, -1082.7)
  Waypoint [8]: (3534.4, 535.0, -1962.7)
  Waypoint [9]: (4654.4, 535.0, -2842.7)
  Waypoint [10]: (4694.4, 535.0, -2882.7)
  Waypoint [11]: (4734.4, 538.0, -2922.7)
  Waypoint [12]: (4894.4, 538.0, -3362.7)
  Waypoint [13]: (5094.4, 535.0, -3642.7)
  Waypoint [14]: (5574.4, 532.0, -3762.7)
  Waypoint [15]: (5614.4, 532.0, -3882.7)
[Aircraft_11_14] START THREADED PATH JOB: start=(3267.1, 525.8, 742.8) -> goal=(2094.4, 479.0, -4682.7)
[Aircraft_11_14] PATH COMMIT SUCCESS. Goal: (2094.4, 479.0, -4682.7). Points: 25. Duration: 1809 ms (thread: 1804 ms). Source: aerial_async. Reason: Success (threaded)
  Waypoint [0]: (3254.4, 535.0, 677.3)
  Waypoint [1]: (3334.4, 535.0, -242.7)
  Waypoint [2]: (3174.4, 535.0, -522.7)
  Waypoint [3]: (3534.4, 535.0, -1962.7)
  Waypoint [4]: (4614.4, 535.0, -2842.7)
  Waypoint [5]: (4654.4, 535.0, -2882.7)
  Waypoint [6]: (4694.4, 538.0, -2922.7)
  Waypoint [7]: (4854.4, 538.0, -3162.7)
  Waypoint [8]: (4854.4, 538.0, -3362.7)
  Waypoint [9]: (4934.4, 535.0, -3802.7)
  Waypoint [10]: (4854.4, 535.0, -4082.7)
  Waypoint [11]: (4774.4, 529.0, -4682.7)
  Waypoint [12]: (4654.4, 529.0, -4842.7)
  Waypoint [13]: (4654.4, 530.0, -4882.7)
  Waypoint [14]: (4614.4, 532.0, -4922.7)
  Waypoint [15]: (4494.4, 534.0, -5082.7)
  Waypoint [16]: (4454.4, 535.0, -5122.7)
  Waypoint [17]: (4414.4, 535.0, -5162.7)
  Waypoint [18]: (4374.4, 538.0, -5202.7)
  Waypoint [19]: (3934.4, 538.0, -5322.7)
  Waypoint [20]: (3894.4, 538.0, -5282.7)
  Waypoint [21]: (3054.4, 535.0, -5042.7)
  Waypoint [22]: (2734.4, 532.0, -4602.7)
  Waypoint [23]: (2334.4, 532.0, -4602.7)
  Waypoint [24]: (2094.4, 529.0, -4722.7)
[Aircraft_11_7_11] START THREADED PATH JOB: start=(8717.8, 487.2, 2270.1) -> goal=(3135.0, 540.2, 344.6)
[Aircraft_11_7_11] PATH COMMIT SUCCESS. Goal: (3135.0, 540.2, 344.6). Points: 16. Duration: 1414 ms (thread: 1399 ms). Source: aerial_async. Reason: Success (threaded)
  Waypoint [0]: (8654.4, 535.0, 2237.3)
  Waypoint [1]: (8374.4, 538.0, 2237.3)
  Waypoint [2]: (7854.4, 538.0, 2477.3)
  Waypoint [3]: (7334.4, 535.0, 2277.3)
  Waypoint [4]: (7014.4, 535.0, 2357.3)
  Waypoint [5]: (5774.4, 535.0, 2397.3)
  Waypoint [6]: (5174.4, 532.0, 2477.3)
  Waypoint [7]: (5094.4, 532.0, 2397.3)
  Waypoint [8]: (4054.4, 529.0, 2357.3)
  Waypoint [9]: (3814.4, 529.0, 2077.3)
  Waypoint [10]: (3774.4, 532.0, 2037.3)
  Waypoint [11]: (3454.4, 532.0, 1477.3)
  Waypoint [12]: (3414.4, 532.0, 757.3)
  Waypoint [13]: (3374.4, 535.0, 717.3)
  Waypoint [14]: (3294.4, 535.0, 637.3)
  Waypoint [15]: (3134.4, 532.0, 317.3)
[Aircraft_9_5_10] START THREADED PATH JOB: start=(5398.5, 484.9, -3980.0) -> goal=(3092.4, 542.1, -76.8)
[Aircraft_9_5_10] PATH COMMIT SUCCESS. Goal: (3092.4, 542.1, -76.8). Points: 12. Duration: 601 ms (thread: 566 ms). Source: aerial_async. Reason: Success (threaded)
  Waypoint [0]: (5334.4, 532.0, -3962.7)
  Waypoint [1]: (5094.4, 534.3, -3762.7)
  Waypoint [2]: (5054.4, 535.0, -3722.7)
  Waypoint [3]: (4854.4, 535.0, -3402.7)
  Waypoint [4]: (4854.4, 537.0, -3362.7)
  Waypoint [5]: (4814.4, 538.0, -3322.7)
  Waypoint [6]: (4814.4, 538.0, -3042.7)
  Waypoint [7]: (4654.4, 538.0, -2882.7)
  Waypoint [8]: (3454.4, 535.0, -1842.7)
  Waypoint [9]: (3294.4, 535.0, -802.7)
  Waypoint [10]: (3094.4, 535.0, -242.7)
  Waypoint [11]: (3054.4, 532.0, -82.7)
[Aircraft_10_6_13] START THREADED PATH JOB: start=(5656.4, 484.0, -3867.5) -> goal=(3093.4, 544.6, -377.7)
[Aircraft_10_6_13] PATH COMMIT SUCCESS. Goal: (3093.4, 544.6, -377.7). Points: 10. Duration: 461 ms (thread: 438 ms). Source: aerial_async. Reason: Success (threaded)
  Waypoint [0]: (5614.4, 532.0, -3842.7)
  Waypoint [1]: (5294.4, 532.0, -3562.7)
  Waypoint [2]: (5014.4, 535.0, -3402.7)
  Waypoint [3]: (4934.4, 535.7, -3322.7)
  Waypoint [4]: (4894.4, 538.0, -3282.7)
  Waypoint [5]: (4694.4, 538.0, -2922.7)
  Waypoint [6]: (4654.4, 538.0, -2882.7)
  Waypoint [7]: (3454.4, 535.0, -1842.7)
  Waypoint [8]: (3254.4, 535.0, -762.7)
  Waypoint [9]: (3054.4, 535.0, -402.7)
[Aircraft_10_9_12] START THREADED PATH JOB: start=(2626.9, 484.0, -4402.3) -> goal=(3171.9, 544.6, -586.4)
[Aircraft_10_9_12] PATH COMMIT SUCCESS. Goal: (3171.9, 544.6, -586.4). Points: 23. Duration: 1294 ms (thread: 1276 ms). Source: aerial_async. Reason: Success (threaded)
  Waypoint [0]: (2654.4, 532.0, -4442.7)
  Waypoint [1]: (3014.4, 532.0, -5002.7)
  Waypoint [2]: (3054.4, 533.0, -5042.7)
  Waypoint [3]: (3094.4, 535.0, -5042.7)
  Waypoint [4]: (3454.4, 535.0, -5202.7)
  Waypoint [5]: (3854.4, 535.0, -5242.7)
  Waypoint [6]: (3894.4, 535.0, -5282.7)
  Waypoint [7]: (3934.4, 538.0, -5322.7)
  Waypoint [8]: (4414.4, 538.0, -5162.7)
  Waypoint [9]: (4814.4, 529.0, -4522.7)
  Waypoint [10]: (4814.4, 531.0, -4282.7)
  Waypoint [11]: (4814.4, 532.0, -4242.7)
  Waypoint [12]: (4854.4, 532.0, -4082.7)
  Waypoint [13]: (4894.4, 535.0, -4042.7)
  Waypoint [14]: (4934.4, 535.0, -3562.7)
  Waypoint [15]: (4854.4, 535.0, -3402.7)
  Waypoint [16]: (4854.4, 537.0, -3362.7)
  Waypoint [17]: (4814.4, 538.0, -3322.7)
  Waypoint [18]: (4814.4, 538.0, -3042.7)
  Waypoint [19]: (4654.4, 538.0, -2882.7)
  Waypoint [20]: (3454.4, 535.0, -1842.7)
  Waypoint [21]: (3254.4, 535.0, -762.7)
  Waypoint [22]: (3134.4, 535.0, -602.7)
[Aircraft_9_3] START THREADED PATH JOB: start=(10.9, 526.8, -221.0) -> goal=(-742.9, 473.0, -5141.1)
[Aircraft_9_3] PATH COMMIT SUCCESS. Goal: (-742.9, 473.0, -5141.1). Points: 25. Duration: 1052 ms (thread: 1043 ms). Source: aerial_async. Reason: Success (threaded)
  Waypoint [0]: (-22.9, 535.0, -261.1)
  Waypoint [1]: (297.1, 538.0, -541.1)
  Waypoint [2]: (817.1, 538.0, -1261.1)
  Waypoint [3]: (1217.1, 535.0, -1541.1)
  Waypoint [4]: (1497.1, 523.0, -2141.1)
  Waypoint [5]: (1817.1, 523.0, -2381.1)
  Waypoint [6]: (1817.1, 523.0, -2461.1)
  Waypoint [7]: (1777.1, 524.0, -2501.1)
  Waypoint [8]: (1737.1, 526.0, -2541.1)
  Waypoint [9]: (1617.1, 526.0, -2661.1)
  Waypoint [10]: (1577.1, 527.3, -2661.1)
  Waypoint [11]: (1537.1, 529.0, -2701.1)
  Waypoint [12]: (1377.1, 529.0, -2861.1)
  Waypoint [13]: (1337.1, 530.3, -2901.1)
  Waypoint [14]: (1297.1, 532.0, -2941.1)
  Waypoint [15]: (1217.1, 532.0, -3381.1)
  Waypoint [16]: (1177.1, 535.0, -3421.1)
  Waypoint [17]: (1097.1, 535.0, -4101.1)
  Waypoint [18]: (377.1, 535.0, -4701.1)
  Waypoint [19]: (137.1, 532.0, -4941.1)
  Waypoint [20]: (-262.9, 529.0, -5021.1)
  Waypoint [21]: (-502.9, 529.0, -4861.1)
  Waypoint [22]: (-542.9, 529.0, -4901.1)
  Waypoint [23]: (-702.9, 526.0, -5061.1)
  Waypoint [24]: (-742.9, 523.0, -5141.1)
[Aircraft_10_4] START THREADED PATH JOB: start=(199.9, 526.4, -446.6) -> goal=(5617.1, 485.0, 458.9)
[Aircraft_10_4] PATH COMMIT SUCCESS. Goal: (5617.1, 485.0, 458.9). Points: 15. Duration: 832 ms (thread: 822 ms). Source: aerial_async. Reason: Success (threaded)
  Waypoint [0]: (297.1, 538.0, -541.1)
  Waypoint [1]: (817.1, 538.0, -1261.1)
  Waypoint [2]: (1217.1, 535.0, -1541.1)
  Waypoint [3]: (1817.1, 535.0, -1541.1)
  Waypoint [4]: (2417.1, 535.0, -981.1)
  Waypoint [5]: (2497.1, 535.0, -981.1)
  Waypoint [6]: (3697.1, 532.0, -461.1)
  Waypoint [7]: (3977.1, 532.0, -261.1)
  Waypoint [8]: (4017.1, 532.0, -261.1)
  Waypoint [9]: (4057.1, 535.0, -261.1)
  Waypoint [10]: (4697.1, 535.0, 258.9)
  Waypoint [11]: (4737.1, 536.0, 298.9)
  Waypoint [12]: (4777.1, 538.0, 298.9)
  Waypoint [13]: (5377.1, 538.0, 418.9)
  Waypoint [14]: (5617.1, 535.0, 458.9)
[Aircraft_11_5] START THREADED PATH JOB: start=(355.5, 530.2, -696.9) -> goal=(-982.9, 482.0, -6021.1)
[Aircraft_11_5] PATH COMMIT SUCCESS. Goal: (-982.9, 482.0, -6021.1). Points: 25. Duration: 1422 ms (thread: 1407 ms). Source: aerial_async. Reason: Success (threaded)
  Waypoint [0]: (377.1, 541.0, -741.1)
  Waypoint [1]: (417.1, 541.0, -781.1)
  Waypoint [2]: (1217.1, 535.0, -1541.1)
  Waypoint [3]: (1497.1, 523.0, -2141.1)
  Waypoint [4]: (1817.1, 523.0, -2381.1)
  Waypoint [5]: (1817.1, 523.0, -2461.1)
  Waypoint [6]: (1777.1, 524.0, -2501.1)
  Waypoint [7]: (1737.1, 526.0, -2541.1)
  Waypoint [8]: (1617.1, 526.0, -2661.1)
  Waypoint [9]: (1577.1, 527.3, -2661.1)
  Waypoint [10]: (1537.1, 529.0, -2701.1)
  Waypoint [11]: (1377.1, 529.0, -2861.1)
  Waypoint [12]: (1337.1, 530.3, -2901.1)
  Waypoint [13]: (1297.1, 532.0, -2941.1)
  Waypoint [14]: (1217.1, 532.0, -3381.1)
  Waypoint [15]: (1177.1, 535.0, -3421.1)
  Waypoint [16]: (1097.1, 535.0, -4101.1)
  Waypoint [17]: (377.1, 535.0, -4701.1)
  Waypoint [18]: (137.1, 532.0, -4941.1)
  Waypoint [19]: (-222.9, 529.0, -5061.1)
  Waypoint [20]: (-502.9, 529.0, -4861.1)
  Waypoint [21]: (-982.9, 529.0, -5541.1)
  Waypoint [22]: (-942.9, 529.0, -5661.1)
  Waypoint [23]: (-982.9, 532.0, -5701.1)
  Waypoint [24]: (-982.9, 532.0, -6021.1)
[Aircraft_9_6] START THREADED PATH JOB: start=(497.7, 530.5, -963.2) -> goal=(-1542.9, 488.0, -5741.1)
[Aircraft_9_6] PATH COMMIT SUCCESS. Goal: (-1542.9, 488.0, -5741.1). Points: 24. Duration: 1238 ms (thread: 1224 ms). Source: aerial_async. Reason: Success (threaded)
  Waypoint [0]: (497.1, 538.0, -1021.1)
  Waypoint [1]: (577.1, 535.0, -1221.1)
  Waypoint [2]: (1217.1, 535.0, -1541.1)
  Waypoint [3]: (1497.1, 523.0, -2141.1)
  Waypoint [4]: (1817.1, 523.0, -2381.1)
  Waypoint [5]: (1817.1, 523.0, -2461.1)
  Waypoint [6]: (1777.1, 524.0, -2501.1)
  Waypoint [7]: (1737.1, 526.0, -2541.1)
  Waypoint [8]: (1617.1, 526.0, -2661.1)
  Waypoint [9]: (1577.1, 527.3, -2661.1)
  Waypoint [10]: (1537.1, 529.0, -2701.1)
  Waypoint [11]: (1377.1, 529.0, -2861.1)
  Waypoint [12]: (1337.1, 530.3, -2901.1)
  Waypoint [13]: (1297.1, 532.0, -2941.1)
  Waypoint [14]: (1217.1, 532.0, -3381.1)
  Waypoint [15]: (1177.1, 535.0, -3421.1)
  Waypoint [16]: (1097.1, 535.0, -4101.1)
  Waypoint [17]: (377.1, 535.0, -4701.1)
  Waypoint [18]: (137.1, 532.0, -4941.1)
  Waypoint [19]: (-222.9, 529.0, -5061.1)
  Waypoint [20]: (-502.9, 529.0, -4861.1)
  Waypoint [21]: (-1422.9, 535.7, -5581.1)
  Waypoint [22]: (-1462.9, 538.0, -5621.1)
  Waypoint [23]: (-1542.9, 538.0, -5741.1)
[Aircraft_10_7] START THREADED PATH JOB: start=(657.6, 527.7, -1209.2) -> goal=(3417.1, 479.0, -5661.1)
[Aircraft_10_7] PATH COMMIT SUCCESS. Goal: (3417.1, 479.0, -5661.1). Points: 22. Duration: 1118 ms (thread: 1107 ms). Source: aerial_async. Reason: Success (threaded)
  Waypoint [0]: (697.1, 535.0, -1261.1)
  Waypoint [1]: (1217.1, 535.0, -1541.1)
  Waypoint [2]: (1417.1, 529.0, -1861.1)
  Waypoint [3]: (1457.1, 523.0, -2141.1)
  Waypoint [4]: (1697.1, 523.0, -2221.1)
  Waypoint [5]: (1817.1, 523.0, -2461.1)
  Waypoint [6]: (1777.1, 524.0, -2501.1)
  Waypoint [7]: (1737.1, 526.0, -2541.1)
  Waypoint [8]: (1617.1, 526.0, -2661.1)
  Waypoint [9]: (1577.1, 527.3, -2661.1)
  Waypoint [10]: (1537.1, 529.0, -2701.1)
  Waypoint [11]: (1377.1, 529.0, -2861.1)
  Waypoint [12]: (1337.1, 530.3, -2901.1)
  Waypoint [13]: (1297.1, 532.0, -2941.1)
  Waypoint [14]: (1417.1, 537.7, -3621.1)
  Waypoint [15]: (1457.1, 538.0, -3661.1)
  Waypoint [16]: (1737.1, 538.0, -4061.1)
  Waypoint [17]: (1817.1, 538.0, -4541.1)
  Waypoint [18]: (2697.1, 526.0, -5261.1)
  Waypoint [19]: (3137.1, 526.0, -5421.1)
  Waypoint [20]: (3177.1, 529.0, -5461.1)
  Waypoint [21]: (3417.1, 529.0, -5661.1)
[Aircraft_10_4] START THREADED PATH JOB: start=(4810.8, 487.0, 4363.5) -> goal=(288.3, 540.1, 2331.4)
[Aircraft_10_4] PATH COMMIT SUCCESS. Goal: (288.3, 540.1, 2331.4). Points: 12. Duration: 1022 ms (thread: 1018 ms). Source: aerial_async. Reason: Success (threaded)
  Waypoint [0]: (4746.1, 535.0, 4331.8)
  Waypoint [1]: (4586.1, 535.0, 4331.8)
  Waypoint [2]: (4546.1, 535.3, 4331.8)
  Waypoint [3]: (4506.1, 538.0, 4291.8)
  Waypoint [4]: (3906.1, 538.0, 4211.8)
  Waypoint [5]: (2466.1, 532.0, 3171.8)
  Waypoint [6]: (1666.1, 535.0, 2851.8)
  Waypoint [7]: (1106.1, 535.0, 2571.8)
  Waypoint [8]: (946.1, 535.0, 2331.8)
  Waypoint [9]: (546.1, 529.0, 2171.8)
  Waypoint [10]: (306.1, 529.0, 2251.8)
  Waypoint [11]: (266.1, 532.0, 2291.8)
[Aircraft_9_3] START THREADED PATH JOB: start=(-1562.4, 475.8, -1219.3) -> goal=(802.5, 533.4, 1907.1)
[Aircraft_9_3] PATH COMMIT SUCCESS. Goal: (802.5, 533.4, 1907.1). Points: 17. Duration: 719 ms (thread: 714 ms). Source: aerial_async. Reason: Success (threaded)
  Waypoint [0]: (-1573.9, 523.0, -1188.2)
  Waypoint [1]: (-1493.9, 526.0, -1108.2)
  Waypoint [2]: (-1373.9, 526.0, -988.2)
  Waypoint [3]: (-1333.9, 529.0, -948.2)
  Waypoint [4]: (-973.9, 529.0, -1148.2)
  Waypoint [5]: (-693.9, 530.7, -1028.2)
  Waypoint [6]: (-653.9, 532.0, -988.2)
  Waypoint [7]: (-493.9, 532.0, -828.2)
  Waypoint [8]: (-453.9, 532.3, -788.2)
  Waypoint [9]: (-413.9, 535.0, -748.2)
  Waypoint [10]: (346.1, 535.0, -28.2)
  Waypoint [11]: (386.1, 535.0, 531.8)
  Waypoint [12]: (506.1, 532.0, 1011.8)
  Waypoint [13]: (746.1, 529.0, 1251.8)
  Waypoint [14]: (946.1, 526.0, 1411.8)
  Waypoint [15]: (946.1, 523.0, 1571.8)
  Waypoint [16]: (786.1, 526.0, 1891.8)
[Aircraft_11_5] START THREADED PATH JOB: start=(-1822.8, 484.2, -2129.3) -> goal=(890.4, 533.4, 1854.6)
[Aircraft_11_5] PATH COMMIT SUCCESS. Goal: (890.4, 533.4, 1854.6). Points: 19. Duration: 1231 ms (thread: 1224 ms). Source: aerial_async. Reason: Success (threaded)
  Waypoint [0]: (-1853.9, 532.0, -2108.2)
  Waypoint [1]: (-1813.9, 532.0, -1788.2)
  Waypoint [2]: (-1773.9, 532.0, -1748.2)
  Waypoint [3]: (-1773.9, 529.0, -1508.2)
  Waypoint [4]: (-1253.9, 529.0, -948.2)
  Waypoint [5]: (-973.9, 529.0, -1148.2)
  Waypoint [6]: (-693.9, 530.7, -1028.2)
  Waypoint [7]: (-653.9, 532.0, -988.2)
  Waypoint [8]: (-493.9, 532.0, -828.2)
  Waypoint [9]: (-453.9, 532.3, -788.2)
  Waypoint [10]: (-413.9, 535.0, -748.2)
  Waypoint [11]: (346.1, 535.0, -28.2)
  Waypoint [12]: (426.1, 535.0, 531.8)
  Waypoint [13]: (506.1, 532.0, 1011.8)
  Waypoint [14]: (746.1, 529.0, 1251.8)
  Waypoint [15]: (946.1, 526.0, 1411.8)
  Waypoint [16]: (946.1, 523.0, 1571.8)
  Waypoint [17]: (866.1, 523.0, 1811.8)
  Waypoint [18]: (866.1, 524.0, 1851.8)
[Aircraft_10_7] START THREADED PATH JOB: start=(2606.7, 481.0, -1762.6) -> goal=(903.4, 533.4, 1831.9)
[Aircraft_10_7] PATH COMMIT SUCCESS. Goal: (903.4, 533.4, 1831.9). Points: 11. Duration: 815 ms (thread: 810 ms). Source: aerial_async. Reason: Success (threaded)
  Waypoint [0]: (2546.1, 529.0, -1748.2)
  Waypoint [1]: (1066.1, 535.0, -708.2)
  Waypoint [2]: (986.1, 537.0, -628.2)
  Waypoint [3]: (946.1, 538.0, -588.2)
  Waypoint [4]: (826.1, 538.0, -68.2)
  Waypoint [5]: (466.1, 538.0, 291.8)
  Waypoint [6]: (506.1, 532.0, 1011.8)
  Waypoint [7]: (746.1, 529.0, 1251.8)
  Waypoint [8]: (946.1, 526.0, 1411.8)
  Waypoint [9]: (946.1, 523.0, 1571.8)
  Waypoint [10]: (866.1, 523.0, 1811.8)
[Aircraft_9_6] START THREADED PATH JOB: start=(-2372.3, 490.8, -1828.8) -> goal=(788.9, 540.5, 1177.0)
[Aircraft_9_6] PATH COMMIT SUCCESS. Goal: (788.9, 540.5, 1177.0). Points: 14. Duration: 1080 ms (thread: 1077 ms). Source: aerial_async. Reason: Success (threaded)
  Waypoint [0]: (-2253.9, 538.0, -1668.2)
  Waypoint [1]: (-1293.9, 529.0, -908.2)
  Waypoint [2]: (-973.9, 529.0, -1148.2)
  Waypoint [3]: (-693.9, 530.7, -1028.2)
  Waypoint [4]: (-653.9, 532.0, -988.2)
  Waypoint [5]: (-493.9, 532.0, -828.2)
  Waypoint [6]: (-453.9, 532.3, -788.2)
  Waypoint [7]: (-413.9, 535.0, -748.2)
  Waypoint [8]: (386.1, 535.0, 11.8)
  Waypoint [9]: (466.1, 535.0, 411.8)
  Waypoint [10]: (546.1, 535.0, 491.8)
  Waypoint [11]: (746.1, 532.0, 1011.8)
  Waypoint [12]: (786.1, 532.0, 1051.8)
  Waypoint [13]: (786.1, 529.0, 1171.8)
[Aircraft_11_5] START THREADED PATH JOB: start=(574.2, 524.1, 641.4) -> goal=(572.7, 521.6, 640.3)
[Aircraft_11_5] PATH COMMIT FAILED. Goal: (572.7, 521.6, 640.3). Reason: Success (start == end)
[Aircraft_10_4_8] START THREADED PATH JOB: start=(555.4, 523.4, 476.4) -> goal=(5786.1, 485.0, 2451.8)
[Aircraft_10_4_8] PATH COMMIT SUCCESS. Goal: (5786.1, 485.0, 2451.8). Points: 18. Duration: 1920 ms (thread: 1914 ms). Source: aerial_async. Reason: Success (threaded)
  Waypoint [0]: (466.1, 532.0, 971.8)
  Waypoint [1]: (506.1, 532.0, 1011.8)
  Waypoint [2]: (1146.1, 526.0, 1731.8)
  Waypoint [3]: (1386.1, 535.0, 2091.8)
  Waypoint [4]: (1386.1, 535.0, 2171.8)
  Waypoint [5]: (1386.1, 536.0, 2211.8)
  Waypoint [6]: (1426.1, 538.0, 2251.8)
  Waypoint [7]: (2186.1, 538.0, 2531.8)
  Waypoint [8]: (3506.1, 538.0, 2371.8)
  Waypoint [9]: (3946.1, 538.0, 2011.8)
  Waypoint [10]: (4386.1, 535.0, 1811.8)
  Waypoint [11]: (4706.1, 535.0, 1611.8)
  Waypoint [12]: (4906.1, 535.0, 1731.8)
  Waypoint [13]: (4946.1, 536.0, 1771.8)
  Waypoint [14]: (4986.1, 538.0, 1811.8)
  Waypoint [15]: (5386.1, 538.0, 2291.8)
  Waypoint [16]: (5626.1, 538.0, 2371.8)
  Waypoint [17]: (5786.1, 535.0, 2451.8)
[Aircraft_9_6] START THREADED PATH JOB: start=(284.6, 574.0, 382.5) -> goal=(554.5, 544.7, 519.1)
[Aircraft_9_6] PATH COMMIT SUCCESS. Goal: (554.5, 544.7, 519.1). Points: 1. Duration: 16 ms (thread: 4 ms). Source: aerial_async. Reason: Success (threaded)
  Waypoint [0]: (546.1, 535.0, 491.8)
[Aircraft_11_5_9] START THREADED PATH JOB: start=(586.1, 529.8, -186.4) -> goal=(-3533.9, 485.0, -3748.2)
[Aircraft_11_5_9] PATH COMMIT SUCCESS. Goal: (-3533.9, 485.0, -3748.2). Points: 15. Duration: 1671 ms (thread: 1661 ms). Source: aerial_async. Reason: Success (threaded)
  Waypoint [0]: (506.1, 538.0, -228.2)
  Waypoint [1]: (346.1, 538.0, -628.2)
  Waypoint [2]: (66.1, 535.0, -988.2)
  Waypoint [3]: (-373.9, 535.0, -988.2)
  Waypoint [4]: (-1053.9, 529.0, -1148.2)
  Waypoint [5]: (-1333.9, 529.0, -948.2)
  Waypoint [6]: (-2213.9, 535.0, -1588.2)
  Waypoint [7]: (-2253.9, 535.0, -1628.2)
  Waypoint [8]: (-2293.9, 536.0, -1668.2)
  Waypoint [9]: (-2333.9, 538.0, -1708.2)
  Waypoint [10]: (-2813.9, 538.0, -2308.2)
  Waypoint [11]: (-2933.9, 538.0, -2668.2)
  Waypoint [12]: (-2973.9, 541.0, -2708.2)
  Waypoint [13]: (-3093.9, 541.0, -3228.2)
  Waypoint [14]: (-3533.9, 535.0, -3748.2)
[Aircraft_10_7_10] START THREADED PATH JOB: start=(791.4, 529.4, -600.4) -> goal=(1266.1, 473.0, -6108.2)
[Aircraft_10_7_10] PATH COMMIT SUCCESS. Goal: (1266.1, 473.0, -6108.2). Points: 14. Duration: 1854 ms (thread: 1852 ms). Source: aerial_async. Reason: Success (threaded)
  Waypoint [0]: (826.1, 538.0, -668.2)
  Waypoint [1]: (1706.1, 526.0, -1348.2)
  Waypoint [2]: (2026.1, 526.0, -1428.2)
  Waypoint [3]: (2066.1, 526.0, -1828.2)
  Waypoint [4]: (1866.1, 532.0, -2388.2)
  Waypoint [5]: (1826.1, 532.0, -2428.2)
  Waypoint [6]: (1786.1, 535.0, -2468.2)
  Waypoint [7]: (1546.1, 538.0, -3188.2)
  Waypoint [8]: (1266.1, 538.0, -4228.2)
  Waypoint [9]: (946.1, 538.0, -4548.2)
  Waypoint [10]: (706.1, 532.0, -4948.2)
  Waypoint [11]: (1186.1, 526.0, -5788.2)
  Waypoint [12]: (1226.1, 526.0, -5988.2)
  Waypoint [13]: (1266.1, 523.0, -6108.2)
[Aircraft_10_4_8] START THREADED PATH JOB: start=(5809.2, 487.0, 2464.4) -> goal=(772.4, 546.1, -572.6)
[Aircraft_10_4_8] PATH COMMIT SUCCESS. Goal: (772.4, 546.1, -572.6). Points: 19. Duration: 1779 ms (thread: 1768 ms). Source: aerial_async. Reason: Success (threaded)
  Waypoint [0]: (5746.1, 535.0, 2451.8)
  Waypoint [1]: (5586.1, 536.0, 2411.8)
  Waypoint [2]: (5546.1, 538.0, 2371.8)
  Waypoint [3]: (5026.1, 538.0, 1931.8)
  Waypoint [4]: (4946.1, 538.0, 1771.8)
  Waypoint [5]: (4266.1, 529.0, 1011.8)
  Waypoint [6]: (3946.1, 529.0, 971.8)
  Waypoint [7]: (3426.1, 529.0, -68.2)
  Waypoint [8]: (3226.1, 530.0, -268.2)
  Waypoint [9]: (3186.1, 532.0, -308.2)
  Waypoint [10]: (3066.1, 534.0, -548.2)
  Waypoint [11]: (3026.1, 535.0, -588.2)
  Waypoint [12]: (2786.1, 535.0, -948.2)
  Waypoint [13]: (2186.1, 526.0, -1388.2)
  Waypoint [14]: (1506.1, 526.0, -1108.2)
  Waypoint [15]: (1466.1, 529.0, -1068.2)
  Waypoint [16]: (986.1, 537.0, -628.2)
  Waypoint [17]: (946.1, 538.0, -588.2)
  Waypoint [18]: (746.1, 538.0, -588.2)
[Aircraft_9_3_11] START THREADED PATH JOB: start=(913.0, 528.0, -785.8) -> goal=(-1373.9, 485.0, 4011.8)
[Aircraft_9_3_11] PATH COMMIT SUCCESS. Goal: (-1373.9, 485.0, 4011.8). Points: 22. Duration: 1298 ms (thread: 1294 ms). Source: aerial_async. Reason: Success (threaded)
  Waypoint [0]: (866.1, 533.8, -828.2)
  Waypoint [1]: (706.1, 532.0, -828.2)
  Waypoint [2]: (666.1, 535.0, -788.2)
  Waypoint [3]: (226.1, 535.0, -588.2)
  Waypoint [4]: (386.1, 535.0, 531.8)
  Waypoint [5]: (506.1, 532.0, 1011.8)
  Waypoint [6]: (746.1, 529.0, 1251.8)
  Waypoint [7]: (946.1, 526.0, 1411.8)
  Waypoint [8]: (946.1, 523.0, 1571.8)
  Waypoint [9]: (586.1, 523.0, 1851.8)
  Waypoint [10]: (586.1, 523.0, 1891.8)
  Waypoint [11]: (586.1, 526.0, 1931.8)
  Waypoint [12]: (586.1, 529.0, 2091.8)
  Waypoint [13]: (466.1, 529.0, 2251.8)
  Waypoint [14]: (426.1, 532.0, 2291.8)
  Waypoint [15]: (386.1, 532.0, 2371.8)
  Waypoint [16]: (346.1, 535.0, 2411.8)
  Waypoint [17]: (-53.9, 538.0, 2691.8)
  Waypoint [18]: (-493.9, 538.0, 3331.8)
  Waypoint [19]: (-573.9, 538.0, 3411.8)
  Waypoint [20]: (-1333.9, 535.0, 4011.8)
  Waypoint [21]: (-1373.9, 535.0, 4011.8)
[Aircraft_9_6_12] START THREADED PATH JOB: start=(1089.2, 522.1, -1030.7) -> goal=(-2133.9, 479.0, -5308.2)
[Aircraft_9_6_12] PATH COMMIT SUCCESS. Goal: (-2133.9, 479.0, -5308.2). Points: 15. Duration: 1300 ms (thread: 1278 ms). Source: aerial_async. Reason: Success (threaded)
  Waypoint [0]: (1106.1, 529.0, -1108.2)
  Waypoint [1]: (1946.1, 529.0, -2108.2)
  Waypoint [2]: (1866.1, 532.0, -2388.2)
  Waypoint [3]: (1826.1, 532.0, -2428.2)
  Waypoint [4]: (1786.1, 535.0, -2468.2)
  Waypoint [5]: (1466.1, 535.0, -2948.2)
  Waypoint [6]: (1426.1, 538.0, -3188.2)
  Waypoint [7]: (1226.1, 538.0, -3628.2)
  Waypoint [8]: (746.1, 538.0, -4188.2)
  Waypoint [9]: (386.1, 532.0, -4428.2)
  Waypoint [10]: (-133.9, 532.0, -4268.2)
  Waypoint [11]: (-453.9, 532.0, -4428.2)
  Waypoint [12]: (-1533.9, 529.0, -5148.2)
  Waypoint [13]: (-2013.9, 529.0, -5068.2)
  Waypoint [14]: (-2133.9, 529.0, -5308.2)
[Aircraft_11_5_9] START THREADED PATH JOB: start=(-3549.4, 487.2, -3766.3) -> goal=(1177.6, 536.4, -1137.7)
[Aircraft_11_5_9] PATH COMMIT SUCCESS. Goal: (1177.6, 536.4, -1137.7). Points: 14. Duration: 1078 ms (thread: 1064 ms). Source: aerial_async. Reason: Success (threaded)
  Waypoint [0]: (-3213.9, 535.7, -3468.2)
  Waypoint [1]: (-3173.9, 538.0, -3428.2)
  Waypoint [2]: (-3053.9, 538.0, -3268.2)
  Waypoint [3]: (-3053.9, 538.0, -3228.2)
  Waypoint [4]: (-3013.9, 541.0, -3188.2)
  Waypoint [5]: (-2933.9, 541.0, -2668.2)
  Waypoint [6]: (-2573.9, 538.0, -1948.2)
  Waypoint [7]: (-2293.9, 538.0, -1668.2)
  Waypoint [8]: (-1293.9, 529.0, -908.2)
  Waypoint [9]: (-933.9, 529.0, -1148.2)
  Waypoint [10]: (-333.9, 535.0, -988.2)
  Waypoint [11]: (586.1, 535.0, -908.2)
  Waypoint [12]: (866.1, 532.0, -988.2)
  Waypoint [13]: (1146.1, 526.0, -1148.2)
[Aircraft_10_7_10] START THREADED PATH JOB: start=(1274.1, 475.0, -6132.4) -> goal=(1507.7, 533.4, -1500.8)
[Aircraft_10_7_10] PATH COMMIT SUCCESS. Goal: (1507.7, 533.4, -1500.8). Points: 15. Duration: 1307 ms (thread: 1283 ms). Source: aerial_async. Reason: Success (threaded)
  Waypoint [0]: (1226.1, 526.0, -5948.2)
  Waypoint [1]: (946.1, 529.0, -5348.2)
  Waypoint [2]: (666.1, 529.0, -4988.2)
  Waypoint [3]: (706.1, 529.0, -4948.2)
  Waypoint [4]: (746.1, 532.0, -4908.2)
  Waypoint [5]: (986.1, 538.0, -4508.2)
  Waypoint [6]: (1106.1, 538.0, -3788.2)
  Waypoint [7]: (1386.1, 538.0, -3348.2)
  Waypoint [8]: (1466.1, 538.0, -3148.2)
  Waypoint [9]: (1586.1, 535.0, -2668.2)
  Waypoint [10]: (1826.1, 535.0, -2428.2)
  Waypoint [11]: (1906.1, 529.0, -2268.2)
  Waypoint [12]: (1706.1, 529.0, -2028.2)
  Waypoint [13]: (1506.1, 523.0, -1548.2)
  Waypoint [14]: (1506.1, 524.0, -1508.2)
[Aircraft_10_4_8_13] START THREADED PATH JOB: start=(1909.3, 521.2, -2451.0) -> goal=(4266.1, 485.0, 2051.8)
[Aircraft_10_4_8_13] PATH COMMIT SUCCESS. Goal: (4266.1, 485.0, 2051.8). Points: 10. Duration: 1047 ms (thread: 1024 ms). Source: aerial_async. Reason: Success (threaded)
  Waypoint [0]: (1946.1, 532.0, -2428.2)
  Waypoint [1]: (2986.1, 532.0, -1308.2)
  Waypoint [2]: (3066.1, 532.0, -948.2)
  Waypoint [3]: (3026.1, 535.0, -908.2)
  Waypoint [4]: (3066.1, 535.0, -548.2)
  Waypoint [5]: (3746.1, 529.0, 331.8)
  Waypoint [6]: (4066.1, 534.3, 1491.8)
  Waypoint [7]: (4106.1, 535.0, 1531.8)
  Waypoint [8]: (4266.1, 535.0, 2011.8)
  Waypoint [9]: (4266.1, 535.0, 2051.8)
[Aircraft_9_3_11] START THREADED PATH JOB: start=(-1392.8, 487.6, 4012.6) -> goal=(1919.1, 541.8, -2344.3)
[Aircraft_9_3_11] PATH COMMIT SUCCESS. Goal: (1919.1, 541.8, -2344.3). Points: 26. Duration: 1844 ms (thread: 1839 ms). Source: aerial_async. Reason: Success (threaded)
  Waypoint [0]: (-1373.9, 535.0, 3971.8)
  Waypoint [1]: (-533.9, 538.0, 3371.8)
  Waypoint [2]: (-13.9, 538.0, 2651.8)
  Waypoint [3]: (386.1, 535.0, 2371.8)
  Waypoint [4]: (586.1, 529.0, 2051.8)
  Waypoint [5]: (626.1, 523.0, 1771.8)
  Waypoint [6]: (826.1, 523.0, 1691.8)
  Waypoint [7]: (986.1, 523.0, 1451.8)
  Waypoint [8]: (946.1, 524.0, 1411.8)
  Waypoint [9]: (906.1, 526.0, 1371.8)
  Waypoint [10]: (786.1, 526.0, 1251.8)
  Waypoint [11]: (746.1, 527.3, 1251.8)
  Waypoint [12]: (706.1, 529.0, 1211.8)
  Waypoint [13]: (546.1, 529.0, 1051.8)
  Waypoint [14]: (506.1, 530.3, 1011.8)
  Waypoint [15]: (466.1, 532.0, 971.8)
  Waypoint [16]: (586.1, 537.7, 291.8)
  Waypoint [17]: (626.1, 538.0, 251.8)
  Waypoint [18]: (906.1, 538.0, -148.2)
  Waypoint [19]: (986.1, 538.0, -628.2)
  Waypoint [20]: (1826.1, 526.0, -1348.2)
  Waypoint [21]: (2066.1, 526.0, -1548.2)
  Waypoint [22]: (1986.1, 526.0, -1948.2)
  Waypoint [23]: (1946.1, 526.0, -2068.2)
  Waypoint [24]: (1946.1, 529.0, -2108.2)
  Waypoint [25]: (1906.1, 529.0, -2348.2)
[Aircraft_9_6_12] START THREADED PATH JOB: start=(-2116.3, 481.9, -5298.7) -> goal=(1862.7, 544.6, -2703.0)
[Aircraft_9_6_12] PATH COMMIT SUCCESS. Goal: (1862.7, 544.6, -2703.0). Points: 9. Duration: 699 ms (thread: 662 ms). Source: aerial_async. Reason: Success (threaded)
  Waypoint [0]: (-2133.9, 529.0, -5268.2)
  Waypoint [1]: (-1933.9, 529.0, -5028.2)
  Waypoint [2]: (-773.9, 529.0, -4668.2)
  Waypoint [3]: (-413.9, 531.0, -4268.2)
  Waypoint [4]: (-373.9, 532.0, -4228.2)
  Waypoint [5]: (786.1, 538.0, -4108.2)
  Waypoint [6]: (1506.1, 538.0, -3348.2)
  Waypoint [7]: (1586.1, 538.0, -3148.2)
  Waypoint [8]: (1826.1, 535.0, -2708.2)
[Aircraft_10_7_10_14] START THREADED PATH JOB: start=(1830.1, 526.4, -3056.8) -> goal=(7266.1, 482.0, -2388.2)
[Aircraft_10_7_10_14] PATH COMMIT SUCCESS. Goal: (7266.1, 482.0, -2388.2). Points: 14. Duration: 2070 ms (thread: 2056 ms). Source: aerial_async. Reason: Success (threaded)
  Waypoint [0]: (1866.1, 535.0, -3108.2)
  Waypoint [1]: (2426.1, 535.0, -3548.2)
  Waypoint [2]: (3026.1, 535.0, -3428.2)
  Waypoint [3]: (3586.1, 532.0, -3228.2)
  Waypoint [4]: (3746.1, 535.0, -3268.2)
  Waypoint [5]: (4226.1, 535.0, -3228.2)
  Waypoint [6]: (4266.1, 535.0, -3228.2)
  Waypoint [7]: (4306.1, 538.0, -3188.2)
  Waypoint [8]: (4906.1, 538.0, -2708.2)
  Waypoint [9]: (5506.1, 538.0, -2788.2)
  Waypoint [10]: (5906.1, 535.0, -2428.2)
  Waypoint [11]: (5986.1, 535.0, -2068.2)
  Waypoint [12]: (6786.1, 535.0, -2228.2)
  Waypoint [13]: (7266.1, 532.0, -2388.2)
[Aircraft_10_4_8_13] START THREADED PATH JOB: start=(4265.0, 486.8, 2083.3) -> goal=(1790.7, 545.3, -3233.8)
[Aircraft_10_4_8_13] PATH COMMIT SUCCESS. Goal: (1790.7, 545.3, -3233.8). Points: 17. Duration: 1390 ms (thread: 1377 ms). Source: aerial_async. Reason: Success (threaded)
  Waypoint [0]: (4226.1, 535.0, 2011.8)
  Waypoint [1]: (4146.1, 535.0, 1531.8)
  Waypoint [2]: (4066.1, 535.0, 1451.8)
  Waypoint [3]: (3506.1, 529.0, 11.8)
  Waypoint [4]: (3266.1, 531.7, -308.2)
  Waypoint [5]: (3226.1, 532.0, -348.2)
  Waypoint [6]: (3066.1, 534.0, -548.2)
  Waypoint [7]: (3026.1, 535.0, -588.2)
  Waypoint [8]: (3066.1, 535.0, -948.2)
  Waypoint [9]: (2746.1, 532.0, -1588.2)
  Waypoint [10]: (2586.1, 529.0, -1908.2)
  Waypoint [11]: (2626.1, 529.0, -2188.2)
  Waypoint [12]: (2586.1, 532.0, -2228.2)
  Waypoint [13]: (2386.1, 532.0, -2628.2)
  Waypoint [14]: (2106.1, 535.0, -2788.2)
  Waypoint [15]: (1786.1, 535.0, -3228.2)
  Waypoint [16]: (1786.1, 535.0, -3268.2)
[Aircraft_9_3_11] START THREADED PATH JOB: start=(896.1, 566.7, 324.8) -> goal=(1731.9, 546.1, -3355.5)
[Aircraft_9_3_11] PATH COMMIT SUCCESS. Goal: (1731.9, 546.1, -3355.5). Points: 13. Duration: 777 ms (thread: 768 ms). Source: aerial_async. Reason: Success (threaded)
  Waypoint [0]: (866.1, 538.0, 251.8)
  Waypoint [1]: (946.1, 538.0, -588.2)
  Waypoint [2]: (986.1, 538.0, -628.2)
  Waypoint [3]: (1826.1, 526.0, -1348.2)
  Waypoint [4]: (2066.1, 526.0, -1548.2)
  Waypoint [5]: (2026.1, 526.0, -1868.2)
  Waypoint [6]: (1946.1, 529.0, -2108.2)
  Waypoint [7]: (2026.1, 529.0, -2468.2)
  Waypoint [8]: (1986.1, 532.0, -2508.2)
  Waypoint [9]: (1906.1, 532.7, -2588.2)
  Waypoint [10]: (1866.1, 535.0, -2628.2)
  Waypoint [11]: (1746.1, 535.0, -3308.2)
  Waypoint [12]: (1706.1, 535.0, -3388.2)
[Aircraft_9_6_12] START THREADED PATH JOB: start=(966.1, 540.1, -4000.0) -> goal=(1667.9, 547.1, -3464.3)
[Aircraft_9_6_12] PATH COMMIT SUCCESS. Goal: (1667.9, 547.1, -3464.3). Points: 2. Duration: 36 ms (thread: 23 ms). Source: aerial_async. Reason: Success (threaded)
  Waypoint [0]: (1626.1, 538.0, -3468.2)
  Waypoint [1]: (1666.1, 538.0, -3468.2)
[Aircraft_11_5_9_15] START THREADED PATH JOB: start=(1527.9, 529.5, -3679.9) -> goal=(4506.1, 485.0, -8948.2)
[Aircraft_10_7_10_14] START THREADED PATH JOB: start=(5741.8, 483.8, 1297.2) -> goal=(-214.6, 547.6, -244.1)
[Aircraft_10_7_10_14] PATH COMMIT SUCCESS. Goal: (-214.6, 547.6, -244.1). Points: 18. Duration: 1276 ms (thread: 1269 ms). Source: aerial_async. Reason: Success (threaded)
  Waypoint [0]: (5668.6, 532.0, 1296.3)
  Waypoint [1]: (5188.6, 532.0, 1336.3)
  Waypoint [2]: (5148.6, 532.3, 1336.3)
  Waypoint [3]: (5108.6, 535.0, 1376.3)
  Waypoint [4]: (4388.6, 535.0, 1616.3)
  Waypoint [5]: (4148.6, 535.0, 1016.3)
  Waypoint [6]: (3948.6, 538.0, 936.3)
  Waypoint [7]: (3148.6, 538.0, 896.3)
  Waypoint [8]: (2708.6, 538.0, 576.3)
  Waypoint [9]: (1708.6, 532.0, -143.7)
  Waypoint [10]: (1588.6, 532.0, -143.7)
  Waypoint [11]: (1548.6, 532.3, -103.7)
  Waypoint [12]: (1508.6, 535.0, -63.7)
  Waypoint [13]: (748.6, 535.0, 136.3)
  Waypoint [14]: (-51.4, 535.0, -223.7)
  Waypoint [15]: (-91.4, 536.3, -223.7)
  Waypoint [16]: (-131.4, 538.0, -263.7)
  Waypoint [17]: (-251.4, 538.0, -263.7)
[Aircraft_10_4_8_13] START THREADED PATH JOB: start=(-23.5, 543.2, 57.3) -> goal=(-260.9, 547.6, -319.7)
[Aircraft_10_4_8_13] PATH COMMIT SUCCESS. Goal: (-260.9, 547.6, -319.7). Points: 2. Duration: 22 ms (thread: 1 ms). Source: aerial_async. Reason: Success (threaded)
  Waypoint [0]: (-91.4, 538.0, 16.3)
  Waypoint [1]: (-291.4, 538.0, -343.7)
[Aircraft_9_6_12_16] START THREADED PATH JOB: start=(-390.0, 529.8, -541.5) -> goal=(2188.6, 482.0, -5863.7)
[Aircraft_9_6_12_16] PATH COMMIT SUCCESS. Goal: (2188.6, 482.0, -5863.7). Points: 15. Duration: 2441 ms (thread: 2427 ms). Source: aerial_async. Reason: Success (threaded)
  Waypoint [0]: (-411.4, 538.0, -583.7)
  Waypoint [1]: (-611.4, 538.0, -863.7)
  Waypoint [2]: (-851.4, 532.0, -1263.7)
  Waypoint [3]: (-691.4, 529.0, -3143.7)
  Waypoint [4]: (-651.4, 532.0, -3183.7)
  Waypoint [5]: (-611.4, 532.7, -3263.7)
  Waypoint [6]: (-571.4, 535.0, -3303.7)
  Waypoint [7]: (-371.4, 535.0, -4103.7)
  Waypoint [8]: (-171.4, 535.0, -4463.7)
  Waypoint [9]: (-51.4, 532.0, -4783.7)
  Waypoint [10]: (908.6, 532.0, -5543.7)
  Waypoint [11]: (1148.6, 532.0, -5583.7)
  Waypoint [12]: (1508.6, 532.0, -5823.7)
  Waypoint [13]: (1828.6, 532.0, -5703.7)
  Waypoint [14]: (2188.6, 532.0, -5863.7)
[Aircraft_9_3_11] START THREADED PATH JOB: start=(-625.1, 524.7, -1053.0) -> goal=(-627.9, 522.4, -1061.2)
[Aircraft_9_3_11] PATH COMMIT FAILED. Goal: (-627.9, 522.4, -1061.2). Reason: Success (start == end)
[Aircraft_10_4_8_13_17] START THREADED PATH JOB: start=(-668.1, 524.1, -1200.1) -> goal=(-4971.4, 488.0, -3583.7)
[Aircraft_10_4_8_13_17] PATH COMMIT SUCCESS. Goal: (-4971.4, 488.0, -3583.7). Points: 23. Duration: 2021 ms (thread: 1994 ms). Source: aerial_async. Reason: Success (threaded)
  Waypoint [0]: (-731.4, 532.0, -1263.7)
  Waypoint [1]: (-731.4, 532.0, -1303.7)
  Waypoint [2]: (-691.4, 529.0, -1743.7)
  Waypoint [3]: (-891.4, 526.0, -2343.7)
  Waypoint [4]: (-971.4, 526.0, -2903.7)
  Waypoint [5]: (-1091.4, 532.0, -3183.7)
  Waypoint [6]: (-1131.4, 533.0, -3263.7)
  Waypoint [7]: (-1171.4, 535.0, -3303.7)
  Waypoint [8]: (-1531.4, 535.0, -3703.7)
  Waypoint [9]: (-1651.4, 535.7, -3743.7)
  Waypoint [10]: (-1691.4, 538.0, -3783.7)
  Waypoint [11]: (-1891.4, 538.0, -3983.7)
  Waypoint [12]: (-2371.4, 535.0, -4223.7)
  Waypoint [13]: (-2451.4, 535.0, -4303.7)
  Waypoint [14]: (-3491.4, 533.0, -4423.7)
  Waypoint [15]: (-3531.4, 535.0, -4383.7)
  Waypoint [16]: (-3851.4, 535.0, -4343.7)
  Waypoint [17]: (-4451.4, 532.0, -4103.7)
  Waypoint [18]: (-4491.4, 532.0, -4023.7)
  Waypoint [19]: (-4531.4, 535.0, -3983.7)
  Waypoint [20]: (-4771.4, 537.7, -3743.7)
  Waypoint [21]: (-4811.4, 538.0, -3703.7)
  Waypoint [22]: (-4971.4, 538.0, -3583.7)
[Aircraft_9_3_11_18] START THREADED PATH JOB: start=(-689.3, 522.0, -1462.2) -> goal=(-1931.4, 482.0, -6703.7)
[Aircraft_9_3_11_18] PATH COMMIT SUCCESS. Goal: (-1931.4, 482.0, -6703.7). Points: 13. Duration: 1415 ms (thread: 1394 ms). Source: aerial_async. Reason: Success (threaded)
  Waypoint [0]: (-731.4, 529.0, -1503.7)
  Waypoint [1]: (-691.4, 529.0, -1743.7)
  Waypoint [2]: (-971.4, 532.0, -3183.7)
  Waypoint [3]: (-971.4, 532.0, -3223.7)
  Waypoint [4]: (-971.4, 532.3, -3263.7)
  Waypoint [5]: (-1011.4, 535.0, -3303.7)
  Waypoint [6]: (-1131.4, 537.0, -3703.7)
  Waypoint [7]: (-1171.4, 538.0, -3743.7)
  Waypoint [8]: (-1411.4, 538.0, -4063.7)
  Waypoint [9]: (-1651.4, 535.0, -5223.7)
  Waypoint [10]: (-1971.4, 532.0, -5623.7)
  Waypoint [11]: (-1971.4, 532.0, -6623.7)
  Waypoint [12]: (-1931.4, 532.0, -6703.7)
[Aircraft_10_4_8_13_17] START THREADED PATH JOB: start=(-5000.9, 489.8, -3569.3) -> goal=(-612.9, 535.2, -2350.1)
[Aircraft_10_4_8_13_17] PATH COMMIT SUCCESS. Goal: (-612.9, 535.2, -2350.1). Points: 14. Duration: 801 ms (thread: 798 ms). Source: aerial_async. Reason: Success (threaded)
  Waypoint [0]: (-4971.4, 538.0, -3583.7)
  Waypoint [1]: (-4771.4, 538.0, -3783.7)
  Waypoint [2]: (-4051.4, 532.0, -4343.7)
  Waypoint [3]: (-3811.4, 535.0, -4343.7)
  Waypoint [4]: (-3491.4, 535.0, -4423.7)
  Waypoint [5]: (-2371.4, 535.0, -4223.7)
  Waypoint [6]: (-1931.4, 535.0, -4023.7)
  Waypoint [7]: (-1891.4, 536.0, -3983.7)
  Waypoint [8]: (-1851.4, 538.0, -3943.7)
  Waypoint [9]: (-1651.4, 538.0, -3743.7)
  Waypoint [10]: (-1291.4, 535.0, -3503.7)
  Waypoint [11]: (-1051.4, 535.0, -3263.7)
  Waypoint [12]: (-731.4, 526.0, -2383.7)
  Waypoint [13]: (-651.4, 526.0, -2383.7)
[Aircraft_9_6_12_16] START THREADED PATH JOB: start=(2214.8, 484.6, -5855.0) -> goal=(-612.6, 535.2, -2355.9)
[Aircraft_9_6_12_16] PATH COMMIT SUCCESS. Goal: (-612.6, 535.2, -2355.9). Points: 12. Duration: 781 ms (thread: 779 ms). Source: aerial_async. Reason: Success (threaded)
  Waypoint [0]: (2148.6, 532.0, -5823.7)
  Waypoint [1]: (1628.6, 532.0, -5703.7)
  Waypoint [2]: (1388.6, 532.0, -5823.7)
  Waypoint [3]: (1028.6, 532.0, -5503.7)
  Waypoint [4]: (708.6, 532.0, -5463.7)
  Waypoint [5]: (-171.4, 532.0, -4583.7)
  Waypoint [6]: (-171.4, 532.0, -4463.7)
  Waypoint [7]: (-211.4, 535.0, -4423.7)
  Waypoint [8]: (-531.4, 535.0, -3623.7)
  Waypoint [9]: (-611.4, 535.0, -3263.7)
  Waypoint [10]: (-811.4, 526.0, -2423.7)
  Waypoint [11]: (-651.4, 526.0, -2383.7)
[Aircraft_10_7_10_14_19] START THREADED PATH JOB: start=(-588.9, 517.2, -2610.6) -> goal=(3468.6, 488.0, 936.3)
[Aircraft_10_7_10_14_19] PATH COMMIT SUCCESS. Goal: (3468.6, 488.0, 936.3). Points: 13. Duration: 1917 ms (thread: 1903 ms). Source: aerial_async. Reason: Success (threaded)
  Waypoint [0]: (-651.4, 526.0, -2623.7)
  Waypoint [1]: (-811.4, 526.0, -2583.7)
  Waypoint [2]: (-731.4, 526.0, -1903.7)
  Waypoint [3]: (-771.4, 526.0, -1863.7)
  Waypoint [4]: (-811.4, 529.0, -1823.7)
  Waypoint [5]: (-851.4, 529.0, -1263.7)
  Waypoint [6]: (-811.4, 532.0, -1223.7)
  Waypoint [7]: (-571.4, 538.0, -823.7)
  Waypoint [8]: (-51.4, 538.0, -303.7)
  Waypoint [9]: (508.6, 535.0, 96.3)
  Waypoint [10]: (2708.6, 538.0, 656.3)
  Waypoint [11]: (3388.6, 538.0, 976.3)
  Waypoint [12]: (3468.6, 538.0, 936.3)
[Aircraft_11_20] START THREADED PATH JOB: start=(-533.8, 519.6, -2905.8) -> goal=(1628.6, 485.0, -6783.7)
[Aircraft_11_20] PATH COMMIT SUCCESS. Goal: (1628.6, 485.0, -6783.7). Points: 16. Duration: 894 ms (thread: 881 ms). Source: aerial_async. Reason: Success (threaded)
  Waypoint [0]: (-572.6, 529.0, -2944.7)
  Waypoint [1]: (-691.4, 529.0, -3143.7)
  Waypoint [2]: (-651.4, 532.0, -3183.7)
  Waypoint [3]: (-611.4, 532.7, -3263.7)
  Waypoint [4]: (-571.4, 535.0, -3303.7)
  Waypoint [5]: (-371.4, 535.0, -4103.7)
  Waypoint [6]: (-171.4, 535.0, -4463.7)
  Waypoint [7]: (-51.4, 532.0, -4783.7)
  Waypoint [8]: (868.6, 532.0, -5543.7)
  Waypoint [9]: (1148.6, 532.0, -5583.7)
  Waypoint [10]: (1508.6, 532.0, -5823.7)
  Waypoint [11]: (1828.6, 532.0, -5703.7)
  Waypoint [12]: (1828.6, 532.0, -6143.7)
  Waypoint [13]: (1628.6, 532.0, -6463.7)
  Waypoint [14]: (1588.6, 535.0, -6503.7)
  Waypoint [15]: (1628.6, 535.0, -6783.7)
[Aircraft_9_3_11_18] START THREADED PATH JOB: start=(-1944.8, 484.6, -6714.1) -> goal=(-488.2, 541.4, -3041.1)
[Aircraft_9_3_11_18] PATH COMMIT SUCCESS. Goal: (-488.2, 541.4, -3041.1). Points: 12. Duration: 1180 ms (thread: 1159 ms). Source: aerial_async. Reason: Success (threaded)
  Waypoint [0]: (-2011.4, 532.0, -6383.7)
  Waypoint [1]: (-1891.4, 529.0, -5783.7)
  Waypoint [2]: (-1971.4, 529.0, -5623.7)
  Waypoint [3]: (-1931.4, 532.0, -5583.7)
  Waypoint [4]: (-1651.4, 534.0, -5223.7)
  Waypoint [5]: (-1651.4, 535.0, -5183.7)
  Waypoint [6]: (-1331.4, 535.0, -4703.7)
  Waypoint [7]: (-1251.4, 538.0, -4383.7)
  Waypoint [8]: (-771.4, 538.0, -3903.7)
  Waypoint [9]: (-531.4, 535.0, -3263.7)
  Waypoint [10]: (-491.4, 532.0, -3103.7)
  Waypoint [11]: (-491.4, 529.0, -3063.7)
[Aircraft_10_7_10_14_19] START THREADED PATH JOB: start=(3884.0, 489.9, 4919.5) -> goal=(-36.8, 544.6, 55.6)
[Aircraft_10_7_10_14_19] PATH COMMIT SUCCESS. Goal: (-36.8, 544.6, 55.6). Points: 19. Duration: 2264 ms (thread: 2254 ms). Source: aerial_async. Reason: Success (threaded)
  Waypoint [0]: (3815.5, 538.0, 4917.5)
  Waypoint [1]: (3535.5, 538.0, 4877.5)
  Waypoint [2]: (3095.5, 538.0, 4517.5)
  Waypoint [3]: (2615.5, 535.0, 4277.5)
  Waypoint [4]: (2055.5, 529.0, 4317.5)
  Waypoint [5]: (2015.5, 529.0, 4277.5)
  Waypoint [6]: (1975.5, 532.0, 4237.5)
  Waypoint [7]: (1815.5, 535.0, 4237.5)
  Waypoint [8]: (615.5, 535.0, 3917.5)
  Waypoint [9]: (335.5, 535.0, 3677.5)
  Waypoint [10]: (295.5, 538.0, 3637.5)
  Waypoint [11]: (-224.5, 538.0, 3117.5)
  Waypoint [12]: (-504.5, 529.0, 2517.5)
  Waypoint [13]: (-424.5, 529.0, 2157.5)
  Waypoint [14]: (-344.5, 529.0, 877.5)
  Waypoint [15]: (-264.5, 532.0, 797.5)
  Waypoint [16]: (-224.5, 532.7, 717.5)
  Waypoint [17]: (-184.5, 535.0, 677.5)
  Waypoint [18]: (-64.5, 535.0, 37.5)
[Aircraft_11_20] START THREADED PATH JOB: start=(2006.8, 487.3, -2814.3) -> goal=(-10.0, 545.4, -65.3)
[Aircraft_11_20] PATH COMMIT SUCCESS. Goal: (-10.0, 545.4, -65.3). Points: 11. Duration: 409 ms (thread: 406 ms). Source: aerial_async. Reason: Success (threaded)
  Waypoint [0]: (1975.5, 535.0, -2802.5)
  Waypoint [1]: (2015.5, 535.0, -2482.5)
  Waypoint [2]: (2255.5, 532.0, -1882.5)
  Waypoint [3]: (2175.5, 532.0, -1722.5)
  Waypoint [4]: (1735.5, 532.0, -1802.5)
  Waypoint [5]: (1375.5, 532.0, -1522.5)
  Waypoint [6]: (1095.5, 532.0, -1482.5)
  Waypoint [7]: (215.5, 532.0, -602.5)
  Waypoint [8]: (215.5, 532.0, -482.5)
  Waypoint [9]: (175.5, 535.0, -442.5)
  Waypoint [10]: (-24.5, 535.0, -82.5)
[Aircraft_10_4_8_13_17] START THREADED PATH JOB: start=(14.8, 527.4, -417.1) -> goal=(14.3, 525.4, -417.9)
[Aircraft_10_4_8_13_17] PATH COMMIT FAILED. Goal: (14.3, 525.4, -417.9). Reason: Success (start == end)
[Aircraft_9_6_12_16_21] START THREADED PATH JOB: start=(65.4, 527.5, -576.6) -> goal=(-3898.0, 810.7, 1639.4)
[Aircraft_9_6_12_16_21] PATH COMMIT SUCCESS. Goal: (-3898.0, 810.7, 1639.4). Points: 26. Duration: 3074 ms (thread: 3064 ms). Source: aerial_async. Reason: Success (threaded)
  Waypoint [0]: (15.5, 535.0, -562.5)
  Waypoint [1]: (135.5, 535.0, -242.5)
  Waypoint [2]: (-504.5, 535.0, 477.5)
  Waypoint [3]: (-1064.5, 535.0, 517.5)
  Waypoint [4]: (-1864.5, 529.0, 877.5)
  Waypoint [5]: (-2144.5, 529.0, 1237.5)
  Waypoint [6]: (-2184.5, 530.0, 1237.5)
  Waypoint [7]: (-2224.5, 532.0, 1237.5)
  Waypoint [8]: (-2464.5, 534.0, 1277.5)
  Waypoint [9]: (-2504.5, 535.0, 1317.5)
  Waypoint [10]: (-2544.5, 536.0, 1357.5)
  Waypoint [11]: (-2584.5, 538.0, 1357.5)
  Waypoint [12]: (-2664.5, 538.0, 1397.5)
  Waypoint [13]: (-2704.5, 538.0, 1397.5)
  Waypoint [14]: (-2744.5, 539.0, 1397.5)
  Waypoint [15]: (-2784.5, 630.0, 1357.5)
  Waypoint [16]: (-2824.5, 652.0, 1357.5)
  Waypoint [17]: (-3184.5, 652.0, 1557.5)
  Waypoint [18]: (-3384.5, 652.0, 1717.5)
  Waypoint [19]: (-3424.5, 652.7, 1677.5)
  Waypoint [20]: (-3464.5, 753.0, 1637.5)
  Waypoint [21]: (-3504.5, 790.0, 1637.5)
  Waypoint [22]: (-3744.5, 856.0, 1637.5)
  Waypoint [23]: (-3784.5, 867.0, 1637.5)
  Waypoint [24]: (-3824.5, 870.0, 1637.5)
  Waypoint [25]: (-3904.5, 868.0, 1637.5)
[Aircraft_10_4_8_13_17_22] START THREADED PATH JOB: start=(454.8, 518.1, -1157.8) -> goal=(-1464.5, 482.0, 3877.5)
[Aircraft_10_4_8_13_17_22] PATH COMMIT SUCCESS. Goal: (-1464.5, 482.0, 3877.5). Points: 16. Duration: 880 ms (thread: 878 ms). Source: aerial_async. Reason: Success (threaded)
  Waypoint [0]: (375.5, 526.0, -1122.5)
  Waypoint [1]: (295.5, 528.7, -962.5)
  Waypoint [2]: (255.5, 529.3, -922.5)
  Waypoint [3]: (215.5, 532.0, -882.5)
  Waypoint [4]: (135.5, 532.0, -562.5)
  Waypoint [5]: (135.5, 533.0, -522.5)
  Waypoint [6]: (95.5, 535.0, -482.5)
  Waypoint [7]: (55.5, 535.0, -162.5)
  Waypoint [8]: (-144.5, 535.0, 237.5)
  Waypoint [9]: (-224.5, 535.0, 717.5)
  Waypoint [10]: (-424.5, 529.0, 1197.5)
  Waypoint [11]: (-424.5, 529.0, 2157.5)
  Waypoint [12]: (-744.5, 529.0, 2797.5)
  Waypoint [13]: (-864.5, 532.0, 3117.5)
  Waypoint [14]: (-1464.5, 532.0, 3837.5)
  Waypoint [15]: (-1464.5, 532.0, 3877.5)
[Aircraft_9_6_12_16_21] START THREADED PATH JOB: start=(-3880.8, 816.9, 1633.9) -> goal=(805.1, 538.6, -1374.1)
[Aircraft_9_6_12_16_21] PATH COMMIT SUCCESS. Goal: (805.1, 538.6, -1374.1). Points: 20. Duration: 1482 ms (thread: 1479 ms). Source: aerial_async. Reason: Success (threaded)
  Waypoint [0]: (-3864.5, 863.3, 1597.5)
  Waypoint [1]: (-3824.5, 864.3, 1597.5)
  Waypoint [2]: (-3784.5, 864.3, 1597.5)
  Waypoint [3]: (-3704.5, 854.0, 1597.5)
  Waypoint [4]: (-3464.5, 786.0, 1637.5)
  Waypoint [5]: (-3424.5, 753.0, 1677.5)
  Waypoint [6]: (-3384.5, 652.7, 1717.5)
  Waypoint [7]: (-3024.5, 652.0, 1277.5)
  Waypoint [8]: (-2944.5, 652.0, 477.5)
  Waypoint [9]: (-2784.5, 652.0, 277.5)
  Waypoint [10]: (-2344.5, 649.0, -42.5)
  Waypoint [11]: (-2224.5, 532.0, -282.5)
  Waypoint [12]: (-2064.5, 535.0, -282.5)
  Waypoint [13]: (-1624.5, 538.0, -362.5)
  Waypoint [14]: (-1344.5, 538.0, -562.5)
  Waypoint [15]: (-784.5, 535.0, -802.5)
  Waypoint [16]: (-144.5, 529.0, -1122.5)
  Waypoint [17]: (215.5, 529.0, -1202.5)
  Waypoint [18]: (735.5, 529.0, -1362.5)
  Waypoint [19]: (775.5, 529.0, -1402.5)
[Aircraft_9_3_11_18_23] START THREADED PATH JOB: start=(1010.2, 520.8, -1521.2) -> goal=(815.5, 476.0, -6802.5)
[Aircraft_9_3_11_18_23] PATH COMMIT SUCCESS. Goal: (815.5, 476.0, -6802.5). Points: 18. Duration: 1478 ms (thread: 1464 ms). Source: aerial_async. Reason: Success (threaded)
  Waypoint [0]: (1055.5, 529.0, -1522.5)
  Waypoint [1]: (1095.5, 532.0, -1562.5)
  Waypoint [2]: (1535.5, 532.0, -1602.5)
  Waypoint [3]: (1895.5, 532.0, -1842.5)
  Waypoint [4]: (2215.5, 532.0, -1722.5)
  Waypoint [5]: (2695.5, 532.0, -2402.5)
  Waypoint [6]: (2575.5, 529.0, -3762.5)
  Waypoint [7]: (2335.5, 529.0, -4242.5)
  Waypoint [8]: (2255.5, 529.0, -4602.5)
  Waypoint [9]: (2055.5, 529.0, -4882.5)
  Waypoint [10]: (1815.5, 532.0, -5362.5)
  Waypoint [11]: (1775.5, 532.0, -5402.5)
  Waypoint [12]: (1735.5, 532.0, -5442.5)
  Waypoint [13]: (1695.5, 535.0, -5482.5)
  Waypoint [14]: (1615.5, 535.0, -6162.5)
  Waypoint [15]: (1455.5, 535.0, -6322.5)
  Waypoint [16]: (855.5, 526.0, -6842.5)
  Waypoint [17]: (815.5, 526.0, -6842.5)
[Aircraft_10_4_8_13_17_22] START THREADED PATH JOB: start=(-1479.7, 483.9, 3906.3) -> goal=(1025.4, 541.6, -1536.7)
[Aircraft_10_4_8_13_17_22] PATH COMMIT SUCCESS. Goal: (1025.4, 541.6, -1536.7). Points: 12. Duration: 1806 ms (thread: 1797 ms). Source: aerial_async. Reason: Success (threaded)
  Waypoint [0]: (-1464.5, 532.0, 3837.5)
  Waypoint [1]: (-784.5, 532.0, 3117.5)
  Waypoint [2]: (-464.5, 529.0, 2477.5)
  Waypoint [3]: (-384.5, 529.0, 2117.5)
  Waypoint [4]: (-344.5, 529.0, 877.5)
  Waypoint [5]: (-264.5, 532.0, 797.5)
  Waypoint [6]: (-224.5, 532.7, 717.5)
  Waypoint [7]: (-184.5, 535.0, 677.5)
  Waypoint [8]: (135.5, 535.0, -482.5)
  Waypoint [9]: (255.5, 532.0, -922.5)
  Waypoint [10]: (975.5, 529.0, -1562.5)
  Waypoint [11]: (1015.5, 529.3, -1562.5)
[Aircraft_11_20_24] START THREADED PATH JOB: start=(1268.3, 523.8, -1671.6) -> goal=(-4224.5, 476.0, -3402.5)
[Aircraft_11_20_24] PATH COMMIT SUCCESS. Goal: (-4224.5, 476.0, -3402.5). Points: 21. Duration: 1909 ms (thread: 1899 ms). Source: aerial_async. Reason: Success (threaded)
  Waypoint [0]: (1215.5, 532.0, -1642.5)
  Waypoint [1]: (1095.5, 532.0, -1522.5)
  Waypoint [2]: (855.5, 529.0, -1282.5)
  Waypoint [3]: (-264.5, 529.0, -1122.5)
  Waypoint [4]: (-544.5, 529.0, -1402.5)
  Waypoint [5]: (-904.5, 526.0, -1522.5)
  Waypoint [6]: (-1024.5, 528.0, -1522.5)
  Waypoint [7]: (-1064.5, 529.0, -1522.5)
  Waypoint [8]: (-1104.5, 529.0, -1482.5)
  Waypoint [9]: (-1144.5, 532.0, -1442.5)
  Waypoint [10]: (-1624.5, 532.0, -1402.5)
  Waypoint [11]: (-2144.5, 529.0, -1282.5)
  Waypoint [12]: (-2344.5, 531.0, -1682.5)
  Waypoint [13]: (-2384.5, 532.0, -1722.5)
  Waypoint [14]: (-2424.5, 532.0, -1762.5)
  Waypoint [15]: (-2464.5, 535.0, -1802.5)
  Waypoint [16]: (-2864.5, 535.0, -2602.5)
  Waypoint [17]: (-2944.5, 535.0, -3002.5)
  Waypoint [18]: (-3064.5, 535.0, -3122.5)
  Waypoint [19]: (-3864.5, 526.0, -3562.5)
  Waypoint [20]: (-4224.5, 526.0, -3402.5)
[Aircraft_10_7_10_14_19_25] START THREADED PATH JOB: start=(1543.5, 525.8, -1776.6) -> goal=(6655.5, 482.0, -5442.5)
[Aircraft_10_7_10_14_19_25] PATH COMMIT SUCCESS. Goal: (6655.5, 482.0, -5442.5). Points: 24. Duration: 2259 ms (thread: 2256 ms). Source: aerial_async. Reason: Success (threaded)
  Waypoint [0]: (1575.5, 532.0, -1802.5)
  Waypoint [1]: (2255.5, 532.0, -1762.5)
  Waypoint [2]: (2735.5, 532.0, -2362.5)
  Waypoint [3]: (2655.5, 532.0, -2442.5)
  Waypoint [4]: (2655.5, 529.0, -4082.5)
  Waypoint [5]: (2535.5, 529.0, -4402.5)
  Waypoint [6]: (2575.5, 532.0, -4442.5)
  Waypoint [7]: (2975.5, 532.0, -4762.5)
  Waypoint [8]: (3015.5, 533.0, -4802.5)
  Waypoint [9]: (3055.5, 535.0, -4842.5)
  Waypoint [10]: (3615.5, 535.0, -5122.5)
  Waypoint [11]: (4095.5, 535.0, -4962.5)
  Waypoint [12]: (4335.5, 532.0, -4802.5)
  Waypoint [13]: (4495.5, 529.0, -4722.5)
  Waypoint [14]: (5335.5, 529.0, -4762.5)
  Waypoint [15]: (5855.5, 529.0, -4922.5)
  Waypoint [16]: (5935.5, 529.0, -5002.5)
  Waypoint [17]: (5975.5, 531.0, -5002.5)
  Waypoint [18]: (6015.5, 532.0, -5042.5)
  Waypoint [19]: (6135.5, 532.0, -5162.5)
  Waypoint [20]: (6175.5, 533.0, -5202.5)
  Waypoint [21]: (6215.5, 535.0, -5242.5)
  Waypoint [22]: (6255.5, 535.0, -5282.5)
  Waypoint [23]: (6655.5, 532.0, -5482.5)
[Aircraft_9_6_12_16_21] START THREADED PATH JOB: start=(-197.4, 854.3, -970.4) -> goal=(1921.6, 542.6, -2004.9)
[Aircraft_9_6_12_16_21] PATH COMMIT SUCCESS. Goal: (1921.6, 542.6, -2004.9). Points: 8. Duration: 258 ms (thread: 247 ms). Source: aerial_async. Reason: Success (threaded)
  Waypoint [0]: (-184.5, 532.0, -1042.5)
  Waypoint [1]: (855.5, 528.0, -1282.5)
  Waypoint [2]: (895.5, 529.0, -1322.5)
  Waypoint [3]: (1095.5, 529.0, -1482.5)
  Waypoint [4]: (1135.5, 532.0, -1522.5)
  Waypoint [5]: (1535.5, 532.0, -1602.5)
  Waypoint [6]: (1855.5, 535.0, -1962.5)
  Waypoint [7]: (1895.5, 535.0, -2042.5)
[Aircraft_10_4_8_13_17_22] START THREADED PATH JOB: start=(1243.0, 638.5, -1619.4) -> goal=(1992.7, 542.4, -2116.9)
[Aircraft_10_4_8_13_17_22] PATH COMMIT SUCCESS. Goal: (1992.7, 542.4, -2116.9). Points: 4. Duration: 62 ms (thread: 51 ms). Source: aerial_async. Reason: Success (threaded)
  Waypoint [0]: (1535.5, 532.0, -1602.5)
  Waypoint [1]: (1855.5, 535.0, -1962.5)
  Waypoint [2]: (1975.5, 535.0, -2082.5)
  Waypoint [3]: (1975.5, 534.0, -2122.5)
[Aircraft_10_7_10_14_19_25] START THREADED PATH JOB: start=(6643.3, 484.0, -5460.4) -> goal=(2255.6, 542.4, -2921.6)
[Aircraft_10_7_10_14_19_25] PATH COMMIT SUCCESS. Goal: (2255.6, 542.4, -2921.6). Points: 20. Duration: 1820 ms (thread: 1815 ms). Source: aerial_async. Reason: Success (threaded)
  Waypoint [0]: (6575.5, 532.0, -5442.5)
  Waypoint [1]: (6295.5, 532.0, -5282.5)
  Waypoint [2]: (6255.5, 532.7, -5282.5)
  Waypoint [3]: (6215.5, 535.0, -5242.5)
  Waypoint [4]: (6175.5, 535.0, -5202.5)
  Waypoint [5]: (5535.5, 529.0, -4682.5)
  Waypoint [6]: (4375.5, 529.0, -4762.5)
  Waypoint [7]: (4335.5, 529.3, -4802.5)
  Waypoint [8]: (4295.5, 532.0, -4842.5)
  Waypoint [9]: (4095.5, 532.0, -4882.5)
  Waypoint [10]: (4055.5, 535.0, -4922.5)
  Waypoint [11]: (3455.5, 535.0, -5122.5)
  Waypoint [12]: (3015.5, 535.0, -4802.5)
  Waypoint [13]: (2535.5, 532.0, -4402.5)
  Waypoint [14]: (2415.5, 532.0, -3762.5)
  Waypoint [15]: (2335.5, 532.7, -3682.5)
  Waypoint [16]: (2295.5, 535.0, -3642.5)
  Waypoint [17]: (2215.5, 535.0, -3242.5)
  Waypoint [18]: (2255.5, 535.0, -3202.5)
  Waypoint [19]: (2255.5, 532.0, -2922.5)
[Aircraft_11_20_24] START THREADED PATH JOB: start=(-4249.6, 478.2, -3396.3) -> goal=(2267.2, 542.4, -2997.7)
[Aircraft_11_20_24] PATH COMMIT SUCCESS. Goal: (2267.2, 542.4, -2997.7). Points: 20. Duration: 2877 ms (thread: 2870 ms). Source: aerial_async. Reason: Success (threaded)
  Waypoint [0]: (-3624.5, 526.0, -3562.5)
  Waypoint [1]: (-3024.5, 527.0, -3602.5)
  Waypoint [2]: (-2984.5, 529.0, -3642.5)
  Waypoint [3]: (-1784.5, 529.0, -5162.5)
  Waypoint [4]: (-1064.5, 532.0, -5442.5)
  Waypoint [5]: (-944.5, 534.0, -5442.5)
  Waypoint [6]: (-904.5, 535.0, -5442.5)
  Waypoint [7]: (-664.5, 535.0, -5562.5)
  Waypoint [8]: (-624.5, 535.0, -5562.5)
  Waypoint [9]: (-584.5, 538.0, -5522.5)
  Waypoint [10]: (255.5, 538.0, -5562.5)
  Waypoint [11]: (455.5, 535.0, -5442.5)
  Waypoint [12]: (855.5, 535.0, -5402.5)
  Waypoint [13]: (1335.5, 532.0, -5202.5)
  Waypoint [14]: (1735.5, 532.0, -5202.5)
  Waypoint [15]: (2055.5, 529.0, -4962.5)
  Waypoint [16]: (2135.5, 532.0, -4442.5)
  Waypoint [17]: (2095.5, 535.0, -3962.5)
  Waypoint [18]: (2175.5, 535.0, -3202.5)
  Waypoint [19]: (2255.5, 532.0, -3002.5)
[Aircraft_9_3_11_18_23] START THREADED PATH JOB: start=(828.9, 478.8, -6816.1) -> goal=(2303.6, 542.4, -3102.6)
[Aircraft_9_3_11_18_23] PATH COMMIT SUCCESS. Goal: (2303.6, 542.4, -3102.6). Points: 8. Duration: 703 ms (thread: 693 ms). Source: aerial_async. Reason: Success (threaded)
  Waypoint [0]: (1495.5, 535.0, -6282.5)
  Waypoint [1]: (1695.5, 535.0, -5882.5)
  Waypoint [2]: (1735.5, 535.0, -5442.5)
  Waypoint [3]: (2055.5, 529.0, -4882.5)
  Waypoint [4]: (2135.5, 532.0, -4442.5)
  Waypoint [5]: (2095.5, 535.0, -3962.5)
  Waypoint [6]: (2255.5, 535.0, -3202.5)
  Waypoint [7]: (2295.5, 532.0, -3122.5)
[Aircraft_10_4_8_13_17_22_26] START THREADED PATH JOB: start=(-36.5, 524.1, -110.7) -> goal=(-2842.5, 482.0, -4716.8)
[Aircraft_10_4_8_13_17_22_26] PATH COMMIT SUCCESS. Goal: (-2842.5, 482.0, -4716.8). Points: 15. Duration: 1374 ms (thread: 1362 ms). Source: aerial_async. Reason: Success (threaded)
  Waypoint [0]: (-82.5, 535.0, -156.8)
  Waypoint [1]: (-2.5, 535.0, -436.8)
  Waypoint [2]: (117.5, 529.0, -636.8)
  Waypoint [3]: (-122.5, 529.0, -1396.8)
  Waypoint [4]: (-522.5, 532.0, -2116.8)
  Waypoint [5]: (-602.5, 532.0, -2196.8)
  Waypoint [6]: (-642.5, 535.0, -2236.8)
  Waypoint [7]: (-722.5, 535.0, -2916.8)
  Waypoint [8]: (-882.5, 535.0, -3076.8)
  Waypoint [9]: (-2282.5, 529.0, -3516.8)
  Waypoint [10]: (-2402.5, 529.0, -3676.8)
  Waypoint [11]: (-2442.5, 530.0, -3716.8)
  Waypoint [12]: (-2482.5, 532.0, -3756.8)
  Waypoint [13]: (-2562.5, 532.0, -4476.8)
  Waypoint [14]: (-2842.5, 532.0, -4756.8)
[Aircraft_10_4_8_13_17_22_26] START THREADED PATH JOB: start=(-2849.9, 484.0, -4740.1) -> goal=(-193.3, 542.4, -859.2)
[Aircraft_10_4_8_13_17_22_26] PATH COMMIT SUCCESS. Goal: (-193.3, 542.4, -859.2). Points: 13. Duration: 1048 ms (thread: 1045 ms). Source: aerial_async. Reason: Success (threaded)
  Waypoint [0]: (-2482.5, 532.0, -4276.8)
  Waypoint [1]: (-2442.5, 532.0, -3716.8)
  Waypoint [2]: (-2042.5, 529.0, -3396.8)
  Waypoint [3]: (-1362.5, 529.0, -3196.8)
  Waypoint [4]: (-1002.5, 529.0, -3156.8)
  Waypoint [5]: (-962.5, 532.0, -3116.8)
  Waypoint [6]: (-882.5, 532.0, -3036.8)
  Waypoint [7]: (-842.5, 535.0, -2996.8)
  Waypoint [8]: (-642.5, 535.0, -2676.8)
  Waypoint [9]: (-602.5, 535.0, -2196.8)
  Waypoint [10]: (-282.5, 529.0, -1636.8)
  Waypoint [11]: (-202.5, 532.0, -1196.8)
  Waypoint [12]: (-202.5, 532.0, -876.8)
[Aircraft_9_6_12_16_21_27] START THREADED PATH JOB: start=(-256.2, 524.5, -1109.8) -> goal=(5997.5, 485.0, 1203.2)
[Aircraft_9_6_12_16_21_27] PATH COMMIT SUCCESS. Goal: (5997.5, 485.0, 1203.2). Points: 22. Duration: 2911 ms (thread: 2900 ms). Source: aerial_async. Reason: Success (threaded)
  Waypoint [0]: (-82.5, 532.0, -1116.8)
  Waypoint [1]: (637.5, 532.0, -1516.8)
  Waypoint [2]: (677.5, 533.0, -1556.8)
  Waypoint [3]: (717.5, 535.0, -1596.8)
  Waypoint [4]: (1237.5, 535.0, -1876.8)
  Waypoint [5]: (1757.5, 535.0, -1676.8)
  Waypoint [6]: (2437.5, 526.0, -1356.8)
  Waypoint [7]: (2477.5, 526.0, -1316.8)
  Waypoint [8]: (2517.5, 529.0, -1276.8)
  Waypoint [9]: (3317.5, 529.0, -1036.8)
  Waypoint [10]: (3357.5, 529.3, -1036.8)
  Waypoint [11]: (3397.5, 532.0, -996.8)
  Waypoint [12]: (3557.5, 534.7, -836.8)
  Waypoint [13]: (3597.5, 535.0, -796.8)
  Waypoint [14]: (4077.5, 541.0, -276.8)
  Waypoint [15]: (4437.5, 541.0, 83.2)
  Waypoint [16]: (4757.5, 538.0, 403.2)
  Waypoint [17]: (4837.5, 538.0, 323.2)
  Waypoint [18]: (5077.5, 532.0, 323.2)
  Waypoint [19]: (5477.5, 535.0, 883.2)
  Waypoint [20]: (5757.5, 535.0, 1123.2)
  Waypoint [21]: (5997.5, 535.0, 1203.2)
[Aircraft_10_7_10_14_19_25_28] START THREADED PATH JOB: start=(-420.6, 521.6, -1557.4) -> goal=(-3362.5, 485.0, 2283.2)
[Aircraft_10_7_10_14_19_25_28] PATH COMMIT SUCCESS. Goal: (-3362.5, 485.0, 2283.2). Points: 15. Duration: 1438 ms (thread: 1419 ms). Source: aerial_async. Reason: Success (threaded)
  Waypoint [0]: (-2.5, 529.0, -1196.8)
  Waypoint [1]: (117.5, 529.0, -636.8)
  Waypoint [2]: (317.5, 529.0, -156.8)
  Waypoint [3]: (357.5, 532.0, 843.2)
  Waypoint [4]: (-122.5, 532.0, 1523.2)
  Waypoint [5]: (-602.5, 532.0, 1443.2)
  Waypoint [6]: (-962.5, 532.0, 1723.2)
  Waypoint [7]: (-1242.5, 532.0, 1763.2)
  Waypoint [8]: (-1482.5, 529.0, 1963.2)
  Waypoint [9]: (-2802.5, 529.0, 2123.2)
  Waypoint [10]: (-2962.5, 529.0, 2083.2)
  Waypoint [11]: (-3002.5, 532.0, 2123.2)
  Waypoint [12]: (-3242.5, 532.7, 2203.2)
  Waypoint [13]: (-3282.5, 535.0, 2243.2)
  Waypoint [14]: (-3362.5, 535.0, 2283.2)
[Aircraft_9_3_11_18_23_29] START THREADED PATH JOB: start=(-538.5, 523.7, -1804.9) -> goal=(557.5, 482.0, 4843.2)
[Aircraft_9_3_11_18_23_29] PATH COMMIT SUCCESS. Goal: (557.5, 482.0, 4843.2). Points: 24. Duration: 4393 ms (thread: 4373 ms). Source: aerial_async. Reason: Success (threaded)
  Waypoint [0]: (-522.5, 532.0, -1836.8)
  Waypoint [1]: (-322.5, 529.0, -1836.8)
  Waypoint [2]: (277.5, 529.0, -516.8)
  Waypoint [3]: (357.5, 532.0, 843.2)
  Waypoint [4]: (317.5, 532.0, 1083.2)
  Waypoint [5]: (-202.5, 532.0, 1523.2)
  Waypoint [6]: (-602.5, 532.0, 1443.2)
  Waypoint [7]: (-962.5, 532.0, 1723.2)
  Waypoint [8]: (-1242.5, 532.0, 1763.2)
  Waypoint [9]: (-2122.5, 532.0, 2643.2)
  Waypoint [10]: (-2122.5, 532.0, 2763.2)
  Waypoint [11]: (-2162.5, 535.0, 2803.2)
  Waypoint [12]: (-2482.5, 535.0, 3603.2)
  Waypoint [13]: (-2562.5, 535.0, 3963.2)
  Waypoint [14]: (-2762.5, 526.0, 4803.2)
  Waypoint [15]: (-2042.5, 529.0, 5243.2)
  Waypoint [16]: (-1802.5, 532.0, 5283.2)
  Waypoint [17]: (-1442.5, 532.0, 5163.2)
  Waypoint [18]: (-1402.5, 532.0, 5203.2)
  Waypoint [19]: (-1362.5, 535.0, 5243.2)
  Waypoint [20]: (-842.5, 535.0, 5443.2)
  Waypoint [21]: (-522.5, 535.0, 5283.2)
  Waypoint [22]: (237.5, 532.0, 4803.2)
  Waypoint [23]: (557.5, 532.0, 4803.2)
[Aircraft_11_20_24_30] START THREADED PATH JOB: start=(-759.6, 525.2, -2231.9) -> goal=(-5522.5, 485.0, -7036.8)
[Aircraft_11_20_24_30] PATH COMMIT SUCCESS. Goal: (-5522.5, 485.0, -7036.8). Points: 23. Duration: 1882 ms (thread: 1867 ms). Source: aerial_async. Reason: Success (threaded)
  Waypoint [0]: (-762.5, 535.0, -2276.8)
  Waypoint [1]: (-642.5, 535.0, -2756.8)
  Waypoint [2]: (-882.5, 535.0, -3076.8)
  Waypoint [3]: (-2282.5, 529.0, -3516.8)
  Waypoint [4]: (-2402.5, 529.0, -3676.8)
  Waypoint [5]: (-2442.5, 530.0, -3716.8)
  Waypoint [6]: (-2482.5, 532.0, -3756.8)
  Waypoint [7]: (-2562.5, 532.0, -4476.8)
  Waypoint [8]: (-2882.5, 532.0, -4916.8)
  Waypoint [9]: (-2962.5, 532.0, -5196.8)
  Waypoint [10]: (-3122.5, 532.0, -5356.8)
  Waypoint [11]: (-3962.5, 526.0, -6396.8)
  Waypoint [12]: (-4042.5, 529.0, -6396.8)
  Waypoint [13]: (-4082.5, 529.0, -6356.8)
  Waypoint [14]: (-4122.5, 529.3, -6316.8)
  Waypoint [15]: (-4162.5, 532.0, -6276.8)
  Waypoint [16]: (-4522.5, 532.0, -6316.8)
  Waypoint [17]: (-4562.5, 535.0, -6356.8)
  Waypoint [18]: (-4722.5, 535.0, -6476.8)
  Waypoint [19]: (-4762.5, 536.0, -6476.8)
  Waypoint [20]: (-4802.5, 538.0, -6516.8)
  Waypoint [21]: (-5002.5, 538.0, -6676.8)
  Waypoint [22]: (-5522.5, 535.0, -7076.8)
[Aircraft_10_4_8_13_17_22_26_31] START THREADED PATH JOB: start=(2396.5, 526.9, -4670.0) -> goal=(7136.1, 482.0, -1780.5)
[Aircraft_10_4_8_13_17_22_26_31] PATH COMMIT SUCCESS. Goal: (7136.1, 482.0, -1780.5). Points: 17. Duration: 2202 ms (thread: 2191 ms). Source: aerial_async. Reason: Success (threaded)
  Waypoint [0]: (2536.1, 535.0, -4540.5)
  Waypoint [1]: (2696.1, 535.0, -4460.5)
  Waypoint [2]: (3496.1, 529.0, -3260.5)
  Waypoint [3]: (3616.1, 529.0, -2900.5)
  Waypoint [4]: (3616.1, 529.0, -2420.5)
  Waypoint [5]: (3736.1, 526.0, -1860.5)
  Waypoint [6]: (4336.1, 528.0, -1900.5)
  Waypoint [7]: (4376.1, 529.0, -1900.5)
  Waypoint [8]: (4696.1, 529.0, -2060.5)
  Waypoint [9]: (4736.1, 532.0, -2020.5)
  Waypoint [10]: (5256.1, 532.0, -1900.5)
  Waypoint [11]: (5816.1, 529.0, -1820.5)
  Waypoint [12]: (5896.1, 529.0, -1740.5)
  Waypoint [13]: (6296.1, 526.0, -1460.5)
  Waypoint [14]: (6856.1, 531.7, -1620.5)
  Waypoint [15]: (6896.1, 532.0, -1660.5)
  Waypoint [16]: (7136.1, 532.0, -1780.5)
[Aircraft_10_7_10_14_19_25_28] START THREADED PATH JOB: start=(-96.4, 487.0, 20.7) -> goal=(2429.8, 546.0, -4631.4)
[Aircraft_10_7_10_14_19_25_28] PATH COMMIT SUCCESS. Goal: (2429.8, 546.0, -4631.4). Points: 21. Duration: 2403 ms (thread: 2393 ms). Source: aerial_async. Reason: Success (threaded)
  Waypoint [0]: (-63.9, 535.0, 19.5)
  Waypoint [1]: (56.1, 535.0, -60.5)
  Waypoint [2]: (616.1, 529.0, -220.5)
  Waypoint [3]: (976.1, 529.0, -140.5)
  Waypoint [4]: (1176.1, 529.0, -220.5)
  Waypoint [5]: (1816.1, 528.0, -300.5)
  Waypoint [6]: (1856.1, 529.0, -340.5)
  Waypoint [7]: (2056.1, 529.0, -500.5)
  Waypoint [8]: (2096.1, 532.0, -540.5)
  Waypoint [9]: (2496.1, 532.0, -620.5)
  Waypoint [10]: (2856.1, 532.0, -860.5)
  Waypoint [11]: (3176.1, 532.0, -740.5)
  Waypoint [12]: (3656.1, 532.0, -1420.5)
  Waypoint [13]: (3536.1, 529.0, -2780.5)
  Waypoint [14]: (3296.1, 529.0, -3260.5)
  Waypoint [15]: (3216.1, 529.0, -3620.5)
  Waypoint [16]: (2776.1, 532.0, -4380.5)
  Waypoint [17]: (2696.1, 532.0, -4460.5)
  Waypoint [18]: (2656.1, 535.0, -4500.5)
  Waypoint [19]: (2416.1, 535.0, -4620.5)
  Waypoint [20]: (2416.1, 535.0, -4660.5)
[Aircraft_9_6_12_16_21_27] START THREADED PATH JOB: start=(9281.8, 487.9, -1070.6) -> goal=(2116.1, 542.4, -5002.4)
[Aircraft_9_6_12_16_21_27] PATH COMMIT SUCCESS. Goal: (2116.1, 542.4, -5002.4). Points: 25. Duration: 3284 ms (thread: 3261 ms). Source: aerial_async. Reason: Success (threaded)
  Waypoint [0]: (9216.101, 535.0, -1140.5)
  Waypoint [1]: (9056.101, 536.0, -1180.5)
  Waypoint [2]: (8736.101, 535.0, -1420.5)
  Waypoint [3]: (8296.101, 532.0, -2020.5)
  Waypoint [4]: (8216.101, 532.0, -2020.5)
  Waypoint [5]: (8176.1, 535.0, -1980.5)
  Waypoint [6]: (8136.1, 535.0, -1940.5)
  Waypoint [7]: (8096.1, 538.0, -1900.5)
  Waypoint [8]: (7696.1, 538.0, -2180.5)
  Waypoint [9]: (7656.1, 541.0, -2220.5)
  Waypoint [10]: (7336.1, 541.0, -2580.5)
  Waypoint [11]: (6336.1, 529.0, -3540.5)
  Waypoint [12]: (5776.1, 529.0, -3620.5)
  Waypoint [13]: (5456.1, 529.0, -3780.5)
  Waypoint [14]: (5336.1, 529.0, -3780.5)
  Waypoint [15]: (5296.1, 529.3, -3820.5)
  Waypoint [16]: (5256.1, 532.0, -3860.5)
  Waypoint [17]: (5096.1, 532.0, -3980.5)
  Waypoint [18]: (5056.1, 533.0, -3980.5)
  Waypoint [19]: (5016.1, 535.0, -4020.5)
  Waypoint [20]: (4296.1, 535.0, -4260.5)
  Waypoint [21]: (3136.1, 535.0, -5220.5)
  Waypoint [22]: (2656.1, 535.0, -5300.5)
  Waypoint [23]: (2296.1, 535.0, -5100.5)
  Waypoint [24]: (2096.1, 532.0, -5020.5)
[Aircraft_11_20_24_30] START THREADED PATH JOB: start=(-3662.5, 487.2, -5581.7) -> goal=(319.6, 539.4, -1744.7)
[Aircraft_11_20_24_30] PATH COMMIT SUCCESS. Goal: (319.6, 539.4, -1744.7). Points: 12. Duration: 1100 ms (thread: 1085 ms). Source: aerial_async. Reason: Success (threaded)
  Waypoint [0]: (-3088.0, 536.0, -5202.2)
  Waypoint [1]: (-3048.0, 538.0, -5162.2)
  Waypoint [2]: (-2888.0, 538.0, -5002.2)
  Waypoint [3]: (-2208.0, 532.0, -4642.2)
  Waypoint [4]: (-1488.0, 526.0, -4162.2)
  Waypoint [5]: (-1408.0, 528.7, -4042.2)
  Waypoint [6]: (-1368.0, 529.0, -4002.2)
  Waypoint [7]: (-1208.0, 532.0, -3842.2)
  Waypoint [8]: (-688.0, 532.0, -3082.2)
  Waypoint [9]: (-568.0, 532.0, -2242.2)
  Waypoint [10]: (-168.0, 529.0, -1922.2)
  Waypoint [11]: (312.0, 529.0, -1762.2)
[Aircraft_10_7_10_14_19_25_28] START THREADED PATH JOB: start=(276.1, 646.5, -1403.2) -> goal=(238.8, 539.4, -1828.0)
[Aircraft_10_7_10_14_19_25_28] PATH COMMIT SUCCESS. Goal: (238.8, 539.4, -1828.0). Points: 4. Duration: 12 ms (thread: 11 ms). Source: aerial_async. Reason: Success (threaded)
  Waypoint [0]: (272.0, 531.0, -1482.2)
  Waypoint [1]: (272.0, 532.0, -1522.2)
  Waypoint [2]: (272.0, 532.0, -1642.2)
  Waypoint [3]: (232.0, 529.0, -1842.2)
[Aircraft_10_4_8_13_17_22_26_31] START THREADED PATH JOB: start=(5738.2, 484.0, 1938.8) -> goal=(-16.1, 538.1, -2129.7)
[Aircraft_10_4_8_13_17_22_26_31] PATH COMMIT SUCCESS. Goal: (-16.1, 538.1, -2129.7). Points: 19. Duration: 2543 ms (thread: 2540 ms). Source: aerial_async. Reason: Success (threaded)
  Waypoint [0]: (5712.0, 532.0, 1877.8)
  Waypoint [1]: (5792.0, 534.0, 1637.8)
  Waypoint [2]: (5792.0, 535.0, 1597.8)
  Waypoint [3]: (5792.0, 535.0, 1317.8)
  Waypoint [4]: (5832.0, 538.0, 1277.8)
  Waypoint [5]: (5672.0, 538.0, 1037.8)
  Waypoint [6]: (5392.0, 534.7, 597.8)
  Waypoint [7]: (4872.0, 529.0, 197.8)
  Waypoint [8]: (4392.0, 529.0, 77.8)
  Waypoint [9]: (3912.0, 529.0, -242.2)
  Waypoint [10]: (3872.0, 532.0, -242.2)
  Waypoint [11]: (3672.0, 532.0, -242.2)
  Waypoint [12]: (3632.0, 533.0, -242.2)
  Waypoint [13]: (3592.0, 535.0, -282.2)
  Waypoint [14]: (2872.0, 535.0, -522.2)
  Waypoint [15]: (1632.0, 535.0, -1602.2)
  Waypoint [16]: (992.0, 535.0, -1602.2)
  Waypoint [17]: (232.0, 529.0, -1842.2)
  Waypoint [18]: (-48.0, 529.0, -2162.2)
[Aircraft_9_32] START THREADED PATH JOB: start=(-293.6, 521.9, -2491.1) -> goal=(-4888.0, 482.0, -2402.2)
[Aircraft_9_32] PATH COMMIT SUCCESS. Goal: (-4888.0, 482.0, -2402.2). Points: 26. Duration: 2122 ms (thread: 2104 ms). Source: aerial_async. Reason: Success (threaded)
  Waypoint [0]: (-330.8, 532.0, -2526.7)
  Waypoint [1]: (-1008.0, 532.0, -3402.2)
  Waypoint [2]: (-1088.0, 532.0, -3722.2)
  Waypoint [3]: (-1248.0, 532.0, -3882.2)
  Waypoint [4]: (-1968.0, 526.0, -4522.2)
  Waypoint [5]: (-2008.0, 527.0, -4522.2)
  Waypoint [6]: (-2048.0, 529.0, -4562.2)
  Waypoint [7]: (-2168.0, 529.0, -4642.2)
  Waypoint [8]: (-2208.0, 531.0, -4642.2)
  Waypoint [9]: (-2248.0, 532.0, -4642.2)
  Waypoint [10]: (-2608.0, 532.0, -4682.2)
  Waypoint [11]: (-2648.0, 532.0, -4682.2)
  Waypoint [12]: (-2688.0, 535.0, -4642.2)
  Waypoint [13]: (-2768.0, 535.0, -4642.2)
  Waypoint [14]: (-2808.0, 535.0, -4602.2)
  Waypoint [15]: (-2848.0, 623.0, -4562.2)
  Waypoint [16]: (-2888.0, 649.0, -4522.2)
  Waypoint [17]: (-3248.0, 651.0, -4482.2)
  Waypoint [18]: (-3288.0, 652.0, -4522.2)
  Waypoint [19]: (-4008.0, 652.0, -4242.2)
  Waypoint [20]: (-4608.0, 652.0, -4162.2)
  Waypoint [21]: (-4648.0, 649.7, -4122.2)
  Waypoint [22]: (-5208.0, 649.0, -3882.2)
  Waypoint [23]: (-5288.0, 649.0, -3642.2)
  Waypoint [24]: (-5248.0, 649.0, -3602.2)
  Waypoint [25]: (-4928.0, 532.0, -2402.2)
[Aircraft_10_7_10_14_19_25_28_33] START THREADED PATH JOB: start=(-444.6, 523.4, -2750.6) -> goal=(4272.0, 473.0, -322.2)
[Aircraft_10_7_10_14_19_25_28_33] PATH COMMIT SUCCESS. Goal: (4272.0, 473.0, -322.2). Points: 14. Duration: 1803 ms (thread: 1789 ms). Source: aerial_async. Reason: Success (threaded)
  Waypoint [0]: (-408.0, 532.0, -2282.2)
  Waypoint [1]: (-328.0, 529.0, -1962.2)
  Waypoint [2]: (512.0, 529.0, -1722.2)
  Waypoint [3]: (872.0, 529.0, -1682.2)
  Waypoint [4]: (912.0, 532.0, -1642.2)
  Waypoint [5]: (992.0, 532.0, -1562.2)
  Waypoint [6]: (1032.0, 535.0, -1522.2)
  Waypoint [7]: (2192.0, 535.0, -1522.2)
  Waypoint [8]: (2392.0, 536.0, -1642.2)
  Waypoint [9]: (2432.0, 538.0, -1602.2)
  Waypoint [10]: (3152.0, 538.0, -1522.2)
  Waypoint [11]: (4072.0, 526.0, -562.2)
  Waypoint [12]: (4152.0, 526.0, -402.2)
  Waypoint [13]: (4232.0, 523.0, -322.2)
[Aircraft_9_3_11_18_23_29] START THREADED PATH JOB: start=(2431.3, 484.8, 6292.9) -> goal=(-498.5, 544.6, -2858.2)
[Aircraft_9_3_11_18_23_29] PATH COMMIT SUCCESS. Goal: (-498.5, 544.6, -2858.2). Points: 37. Duration: 7040 ms (thread: 7014 ms). Source: aerial_async. Reason: Success (threaded)
  Waypoint [0]: (2352.0, 532.0, 6277.8)
  Waypoint [1]: (2032.0, 532.0, 6357.8)
  Waypoint [2]: (1592.0, 532.0, 6597.8)
  Waypoint [3]: (1392.0, 532.0, 6757.8)
  Waypoint [4]: (1352.0, 533.0, 6757.8)
  Waypoint [5]: (1312.0, 535.0, 6757.8)
  Waypoint [6]: (912.0, 535.0, 6917.8)
  Waypoint [7]: (472.0, 535.0, 6677.8)
  Waypoint [8]: (32.0, 532.0, 6757.8)
  Waypoint [9]: (-728.0, 526.0, 6397.8)
  Waypoint [10]: (-888.0, 526.0, 6117.8)
  Waypoint [11]: (-888.0, 526.0, 5957.8)
  Waypoint [12]: (-888.0, 526.3, 5917.8)
  Waypoint [13]: (-848.0, 529.0, 5877.8)
  Waypoint [14]: (-688.0, 532.7, 5437.8)
  Waypoint [15]: (-648.0, 535.0, 5397.8)
  Waypoint [16]: (-528.0, 535.0, 4677.8)
  Waypoint [17]: (-248.0, 535.0, 4237.8)
  Waypoint [18]: (-128.0, 532.0, 3917.8)
  Waypoint [19]: (792.0, 532.0, 3157.8)
  Waypoint [20]: (1072.0, 532.0, 3117.8)
  Waypoint [21]: (1432.0, 532.0, 2877.8)
  Waypoint [22]: (1752.0, 532.0, 2997.8)
  Waypoint [23]: (2072.0, 532.0, 2357.8)
  Waypoint [24]: (2272.0, 529.0, 1997.8)
  Waypoint [25]: (2032.0, 529.0, 877.8)
  Waypoint [26]: (1752.0, 529.0, 77.8)
  Waypoint [27]: (1352.0, 532.0, -642.2)
  Waypoint [28]: (1272.0, 532.0, -722.2)
  Waypoint [29]: (1232.0, 535.0, -762.2)
  Waypoint [30]: (1152.0, 535.0, -1442.2)
  Waypoint [31]: (992.0, 535.0, -1602.2)
  Waypoint [32]: (-408.0, 529.0, -2042.2)
  Waypoint [33]: (-528.0, 529.0, -2202.2)
  Waypoint [34]: (-568.0, 530.0, -2242.2)
  Waypoint [35]: (-608.0, 532.0, -2282.2)
  Waypoint [36]: (-528.0, 535.0, -2882.2)
[Aircraft_11_20_24_30_34] START THREADED PATH JOB: start=(-434.3, 526.8, -3330.5) -> goal=(-5808.0, 479.0, -3002.2)
[Aircraft_11_20_24_30_34] PATH COMMIT SUCCESS. Goal: (-5808.0, 479.0, -3002.2). Points: 32. Duration: 3517 ms (thread: 3474 ms). Source: aerial_async. Reason: Success (threaded)
  Waypoint [0]: (-448.0, 535.0, -3402.2)
  Waypoint [1]: (-448.0, 535.0, -3802.2)
  Waypoint [2]: (-568.0, 535.0, -3922.2)
  Waypoint [3]: (-1008.0, 529.0, -4202.2)
  Waypoint [4]: (-1248.0, 529.0, -4242.2)
  Waypoint [5]: (-1688.0, 526.0, -4442.2)
  Waypoint [6]: (-1968.0, 526.0, -4762.2)
  Waypoint [7]: (-2008.0, 526.0, -4722.2)
  Waypoint [8]: (-2048.0, 527.0, -4722.2)
  Waypoint [9]: (-2088.0, 529.0, -4682.2)
  Waypoint [10]: (-2168.0, 529.0, -4682.2)
  Waypoint [11]: (-2208.0, 531.0, -4682.2)
  Waypoint [12]: (-2248.0, 532.0, -4682.2)
  Waypoint [13]: (-2608.0, 532.0, -4682.2)
  Waypoint [14]: (-2648.0, 532.0, -4682.2)
  Waypoint [15]: (-2688.0, 535.0, -4642.2)
  Waypoint [16]: (-2768.0, 535.0, -4642.2)
  Waypoint [17]: (-2808.0, 535.0, -4602.2)
  Waypoint [18]: (-2848.0, 623.0, -4562.2)
  Waypoint [19]: (-2888.0, 649.0, -4522.2)
  Waypoint [20]: (-3248.0, 651.0, -4482.2)
  Waypoint [21]: (-3288.0, 652.0, -4522.2)
  Waypoint [22]: (-4008.0, 652.0, -4242.2)
  Waypoint [23]: (-4608.0, 652.0, -4162.2)
  Waypoint [24]: (-4648.0, 649.7, -4122.2)
  Waypoint [25]: (-5208.0, 649.0, -3882.2)
  Waypoint [26]: (-5288.0, 649.0, -3642.2)
  Waypoint [27]: (-5248.0, 649.0, -3602.2)
  Waypoint [28]: (-5168.0, 532.0, -3362.2)
  Waypoint [29]: (-5448.0, 532.0, -3122.2)
  Waypoint [30]: (-5728.0, 532.0, -3042.2)
  Waypoint [31]: (-5848.0, 529.0, -3002.2)
[Aircraft_10_35] START THREADED PATH JOB: start=(-292.1, 527.3, -3591.9) -> goal=(1752.0, 485.0, 1277.8)
[Aircraft_10_35] PATH COMMIT SUCCESS. Goal: (1752.0, 485.0, 1277.8). Points: 17. Duration: 1288 ms (thread: 1283 ms). Source: aerial_async. Reason: Success (threaded)
  Waypoint [0]: (-368.0, 535.0, -3642.2)
  Waypoint [1]: (-448.0, 535.0, -2842.2)
  Waypoint [2]: (-408.0, 532.0, -2282.2)
  Waypoint [3]: (-328.0, 529.0, -1962.2)
  Waypoint [4]: (512.0, 529.0, -1722.2)
  Waypoint [5]: (872.0, 529.0, -1682.2)
  Waypoint [6]: (912.0, 532.0, -1642.2)
  Waypoint [7]: (992.0, 532.0, -1562.2)
  Waypoint [8]: (1032.0, 535.0, -1522.2)
  Waypoint [9]: (1232.0, 535.0, -1202.2)
  Waypoint [10]: (1272.0, 535.0, -722.2)
  Waypoint [11]: (1872.0, 529.0, 317.8)
  Waypoint [12]: (1992.0, 529.0, 917.8)
  Waypoint [13]: (1952.0, 532.0, 957.8)
  Waypoint [14]: (1872.0, 532.7, 1037.8)
  Waypoint [15]: (1832.0, 535.0, 1077.8)
  Waypoint [16]: (1752.0, 535.0, 1277.8)
[Aircraft_11_36] START THREADED PATH JOB: start=(556.7, 527.5, 65.5) -> goal=(522.1, 482.0, 5370.6)
[Aircraft_11_36] PATH COMMIT SUCCESS. Goal: (522.1, 482.0, 5370.6). Points: 23. Duration: 2763 ms (thread: 2745 ms). Source: aerial_async. Reason: Success (threaded)
  Waypoint [0]: (522.1, 535.0, 90.6)
  Waypoint [1]: (322.1, 535.0, 490.6)
  Waypoint [2]: (322.1, 535.0, 1090.6)
  Waypoint [3]: (322.1, 532.0, 1690.6)
  Waypoint [4]: (442.1, 529.0, 1970.6)
  Waypoint [5]: (1202.1, 529.0, 2290.6)
  Waypoint [6]: (1202.1, 530.0, 2330.6)
  Waypoint [7]: (1242.1, 532.0, 2370.6)
  Waypoint [8]: (1442.1, 535.0, 2850.6)
  Waypoint [9]: (1922.1, 535.0, 3250.6)
  Waypoint [10]: (2322.1, 529.0, 3650.6)
  Waypoint [11]: (2402.1, 532.0, 4210.6)
  Waypoint [12]: (2362.1, 532.0, 4650.6)
  Waypoint [13]: (2322.1, 535.0, 4690.6)
  Waypoint [14]: (2202.1, 535.0, 4930.6)
  Waypoint [15]: (1802.1, 536.0, 4970.6)
  Waypoint [16]: (1762.1, 538.0, 5010.6)
  Waypoint [17]: (1402.1, 538.0, 5290.6)
  Waypoint [18]: (1362.1, 538.0, 5250.6)
  Waypoint [19]: (1322.1, 541.0, 5210.6)
  Waypoint [20]: (922.1, 541.0, 5130.6)
  Waypoint [21]: (642.1, 538.0, 5210.6)
  Waypoint [22]: (522.1, 532.0, 5330.6)
[Aircraft_10_7_10_14_19_25_28_33] START THREADED PATH JOB: start=(5012.8, 475.0, 3634.8) -> goal=(586.8, 540.3, -3.6)
[Aircraft_10_7_10_14_19_25_28_33] PATH COMMIT SUCCESS. Goal: (586.8, 540.3, -3.6). Points: 23. Duration: 2065 ms (thread: 2030 ms). Source: aerial_async. Reason: Success (threaded)
  Waypoint [0]: (5002.1, 523.0, 3570.6)
  Waypoint [1]: (4922.1, 523.0, 3450.6)
  Waypoint [2]: (4882.1, 526.0, 3410.6)
  Waypoint [3]: (3962.1, 535.0, 2450.6)
  Waypoint [4]: (3922.1, 535.0, 2410.6)
  Waypoint [5]: (3882.1, 536.0, 2410.6)
  Waypoint [6]: (3842.1, 538.0, 2370.6)
  Waypoint [7]: (3122.1, 538.0, 2290.6)
  Waypoint [8]: (2482.1, 535.0, 2450.6)
  Waypoint [9]: (2122.1, 535.0, 2330.6)
  Waypoint [10]: (1842.1, 535.0, 2290.6)
  Waypoint [11]: (1602.1, 529.0, 2170.6)
  Waypoint [12]: (1002.1, 529.0, 2130.6)
  Waypoint [13]: (602.1, 529.0, 1970.6)
  Waypoint [14]: (322.1, 529.0, 1850.6)
  Waypoint [15]: (322.1, 529.7, 1690.6)
  Waypoint [16]: (322.1, 531.0, 1650.6)
  Waypoint [17]: (322.1, 532.0, 1610.6)
  Waypoint [18]: (282.1, 533.0, 1090.6)
  Waypoint [19]: (282.1, 535.0, 1050.6)
  Waypoint [20]: (402.1, 535.0, 250.6)
  Waypoint [21]: (522.1, 535.0, 50.6)
  Waypoint [22]: (562.1, 532.7, -29.4)
[Aircraft_9_32] START THREADED PATH JOB: start=(-179.6, 484.9, 1625.8) -> goal=(4785.6, 535.9, -250.3)
[Aircraft_9_32] PATH COMMIT SUCCESS. Goal: (4785.6, 535.9, -250.3). Points: 29. Duration: 2649 ms (thread: 2626 ms). Source: aerial_async. Reason: Success (threaded)
  Waypoint [0]: (-199.3, 532.0, 1556.4)
  Waypoint [1]: (-279.3, 532.0, 676.4)
  Waypoint [2]: (-399.3, 532.0, 556.4)
  Waypoint [3]: (-439.3, 535.0, 516.4)
  Waypoint [4]: (-479.3, 535.0, 476.4)
  Waypoint [5]: (-519.3, 539.0, 436.4)
  Waypoint [6]: (-559.3, 649.0, 396.4)
  Waypoint [7]: (-639.3, 650.0, 316.4)
  Waypoint [8]: (-679.3, 652.0, 276.4)
  Waypoint [9]: (-439.3, 652.0, -123.6)
  Waypoint [10]: (-359.3, 652.0, -43.6)
  Waypoint [11]: (0.7, 649.0, -43.6)
  Waypoint [12]: (80.7, 649.7, -83.6)
  Waypoint [13]: (120.7, 649.7, -123.6)
  Waypoint [14]: (160.7, 649.7, -163.6)
  Waypoint [15]: (200.7, 652.0, -163.6)
  Waypoint [16]: (1000.7, 652.0, -283.6)
  Waypoint [17]: (1440.7, 652.0, -483.6)
  Waypoint [18]: (1480.7, 652.0, -443.6)
  Waypoint [19]: (1880.7, 649.0, -523.6)
  Waypoint [20]: (2440.7, 532.0, -683.6)
  Waypoint [21]: (2520.7, 532.0, -683.6)
  Waypoint [22]: (2920.7, 526.0, -643.6)
  Waypoint [23]: (3280.7, 526.0, -243.6)
  Waypoint [24]: (3480.7, 526.0, -243.6)
  Waypoint [25]: (3520.7, 529.0, -203.6)
  Waypoint [26]: (4320.7, 529.0, -243.6)
  Waypoint [27]: (4520.7, 529.0, -123.6)
  Waypoint [28]: (4760.7, 526.0, -283.6)
[Aircraft_11_20_24_30_34] START THREADED PATH JOB: start=(-1104.3, 481.2, 1042.3) -> goal=(4845.0, 538.6, -869.6)
[Aircraft_10_35] START THREADED PATH JOB: start=(6482.0, 487.0, 5347.1) -> goal=(4845.0, 538.6, -869.7)
[Aircraft_10_35] PATH COMMIT SUCCESS. Goal: (4845.0, 538.6, -869.7). Points: 20. Duration: 2956 ms (thread: 2937 ms). Source: aerial_async. Reason: Success (threaded)
  Waypoint [0]: (6480.7, 535.0, 5276.4)
  Waypoint [1]: (6360.7, 535.0, 4756.4)
  Waypoint [2]: (6320.7, 529.0, 3716.4)
  Waypoint [3]: (6080.7, 529.0, 3476.4)
  Waypoint [4]: (6040.7, 529.0, 3436.4)
  Waypoint [5]: (6000.7, 532.0, 3396.4)
  Waypoint [6]: (5960.7, 532.0, 3356.4)
  Waypoint [7]: (5920.7, 533.0, 3356.4)
  Waypoint [8]: (5880.7, 535.0, 3316.4)
  Waypoint [9]: (5400.7, 535.0, 2916.4)
  Waypoint [10]: (5200.7, 532.0, 2436.4)
  Waypoint [11]: (4680.7, 529.0, 2076.4)
  Waypoint [12]: (4360.7, 529.0, 1996.4)
  Waypoint [13]: (4360.7, 529.0, 1756.4)
  Waypoint [14]: (4320.7, 532.0, 1716.4)
  Waypoint [15]: (4280.7, 533.0, 1196.4)
  Waypoint [16]: (4280.7, 535.0, 1156.4)
  Waypoint [17]: (4360.7, 535.0, 156.4)
  Waypoint [18]: (4880.7, 526.0, -523.6)
  Waypoint [19]: (4840.7, 529.0, -883.6)
[Aircraft_11_20_24_30_34] PATH COMMIT SUCCESS. Goal: (4845.0, 538.6, -869.6). Points: 26. Duration: 3638 ms (thread: 3620 ms). Source: aerial_async. Reason: Success (threaded)
  Waypoint [0]: (-1079.3, 529.0, 996.4)
  Waypoint [1]: (-959.3, 532.0, 916.4)
  Waypoint [2]: (-439.3, 532.0, 756.4)
  Waypoint [3]: (-439.3, 535.0, 516.4)
  Waypoint [4]: (-479.3, 535.0, 476.4)
  Waypoint [5]: (-519.3, 539.0, 436.4)
  Waypoint [6]: (-559.3, 649.0, 396.4)
  Waypoint [7]: (-639.3, 650.0, 316.4)
  Waypoint [8]: (-679.3, 652.0, 276.4)
  Waypoint [9]: (-439.3, 652.0, -123.6)
  Waypoint [10]: (-359.3, 652.0, -43.6)
  Waypoint [11]: (0.7, 649.0, -43.6)
  Waypoint [12]: (80.7, 649.7, -83.6)
  Waypoint [13]: (120.7, 649.7, -123.6)
  Waypoint [14]: (160.7, 649.7, -163.6)
  Waypoint [15]: (200.7, 652.0, -163.6)
  Waypoint [16]: (1000.7, 652.0, -283.6)
  Waypoint [17]: (1440.7, 652.0, -483.6)
  Waypoint [18]: (1480.7, 652.0, -443.6)
  Waypoint [19]: (1880.7, 649.0, -523.6)
  Waypoint [20]: (2440.7, 532.0, -683.6)
  Waypoint [21]: (2520.7, 532.0, -683.6)
  Waypoint [22]: (4040.7, 526.0, -683.6)
  Waypoint [23]: (4080.7, 529.0, -723.6)
  Waypoint [24]: (4400.7, 529.0, -843.6)
  Waypoint [25]: (4840.7, 529.0, -883.6)
[Aircraft_9_37] START THREADED PATH JOB: start=(4846.0, 520.8, -1264.0) -> goal=(40.7, 482.0, 996.4)
[Aircraft_9_37] PATH COMMIT SUCCESS. Goal: (40.7, 482.0, 996.4). Points: 28. Duration: 3193 ms (thread: 3187 ms). Source: aerial_async. Reason: Success (threaded)
  Waypoint [0]: (4880.7, 529.0, -1243.6)
  Waypoint [1]: (4680.7, 529.0, -1003.6)
  Waypoint [2]: (4080.7, 529.0, -723.6)
  Waypoint [3]: (4040.7, 529.0, -683.6)
  Waypoint [4]: (2560.7, 529.0, -643.6)
  Waypoint [5]: (2520.7, 531.0, -643.6)
  Waypoint [6]: (2480.7, 532.0, -643.6)
  Waypoint [7]: (2120.7, 532.0, -643.6)
  Waypoint [8]: (2080.7, 532.0, -643.6)
  Waypoint [9]: (2040.7, 535.0, -603.6)
  Waypoint [10]: (1960.7, 535.0, -603.6)
  Waypoint [11]: (1920.7, 535.0, -563.6)
  Waypoint [12]: (1880.7, 623.0, -523.6)
  Waypoint [13]: (1840.7, 649.0, -483.6)
  Waypoint [14]: (1480.7, 651.0, -443.6)
  Waypoint [15]: (1440.7, 652.0, -483.6)
  Waypoint [16]: (720.7, 652.0, -203.6)
  Waypoint [17]: (200.7, 652.0, -163.6)
  Waypoint [18]: (160.7, 652.0, -163.6)
  Waypoint [19]: (120.7, 649.7, -123.6)
  Waypoint [20]: (80.7, 649.7, -83.6)
  Waypoint [21]: (-39.3, 649.0, -43.6)
  Waypoint [22]: (-359.3, 649.0, -43.6)
  Waypoint [23]: (-399.3, 652.0, -83.6)
  Waypoint [24]: (-719.3, 652.0, 236.4)
  Waypoint [25]: (-639.3, 652.0, 316.4)
  Waypoint [26]: (-519.3, 649.0, 436.4)
  Waypoint [27]: (40.7, 532.0, 996.4)
[Aircraft_11_36] START THREADED PATH JOB: start=(4508.0, 484.2, 5452.9) -> goal=(4828.2, 538.9, -1480.0)
[Aircraft_11_36] PATH COMMIT SUCCESS. Goal: (4828.2, 538.9, -1480.0). Points: 31. Duration: 3153 ms (thread: 3151 ms). Source: aerial_async. Reason: Success (threaded)
  Waypoint [0]: (4680.7, 535.0, 5396.4)
  Waypoint [1]: (4720.7, 535.0, 5356.4)
  Waypoint [2]: (4760.7, 538.0, 5316.4)
  Waypoint [3]: (4920.7, 539.0, 5276.4)
  Waypoint [4]: (4960.7, 541.0, 5276.4)
  Waypoint [5]: (5360.7, 541.0, 5356.4)
  Waypoint [6]: (5600.7, 538.0, 5276.4)
  Waypoint [7]: (5800.7, 538.0, 5076.4)
  Waypoint [8]: (6320.7, 535.0, 4956.4)
  Waypoint [9]: (6360.7, 535.0, 4756.4)
  Waypoint [10]: (6320.7, 529.0, 3716.4)
  Waypoint [11]: (6080.7, 529.0, 3476.4)
  Waypoint [12]: (6040.7, 529.0, 3436.4)
  Waypoint [13]: (6000.7, 532.0, 3396.4)
  Waypoint [14]: (5960.7, 532.0, 3356.4)
  Waypoint [15]: (5920.7, 533.0, 3356.4)
  Waypoint [16]: (5880.7, 535.0, 3316.4)
  Waypoint [17]: (5400.7, 535.0, 2916.4)
  Waypoint [18]: (5200.7, 532.0, 2436.4)
  Waypoint [19]: (4680.7, 529.0, 2076.4)
  Waypoint [20]: (4360.7, 529.0, 1996.4)
  Waypoint [21]: (4360.7, 529.0, 1756.4)
  Waypoint [22]: (4320.7, 532.0, 1716.4)
  Waypoint [23]: (4280.7, 533.0, 1196.4)
  Waypoint [24]: (4280.7, 535.0, 1156.4)
  Waypoint [25]: (4360.7, 535.0, 156.4)
  Waypoint [26]: (4880.7, 526.0, -523.6)
  Waypoint [27]: (5040.7, 526.0, -1283.6)
  Waypoint [28]: (4880.7, 526.0, -1483.6)
  Waypoint [29]: (4840.7, 529.0, -1483.6)
  Waypoint [30]: (4800.7, 529.0, -1483.6)
[Aircraft_10_38] START THREADED PATH JOB: start=(789.1, 520.7, -878.6) -> goal=(3510.9, 482.0, 4188.7)
[Aircraft_10_38] PATH COMMIT SUCCESS. Goal: (3510.9, 482.0, 4188.7). Points: 20. Duration: 2063 ms (thread: 2028 ms). Source: aerial_async. Reason: Success (threaded)
  Waypoint [0]: (950.9, 529.0, -731.3)
  Waypoint [1]: (1110.9, 526.0, -531.3)
  Waypoint [2]: (1030.9, 526.0, 108.7)
  Waypoint [3]: (670.9, 526.0, 588.7)
  Waypoint [4]: (630.9, 528.0, 628.7)
  Waypoint [5]: (590.9, 529.0, 668.7)
  Waypoint [6]: (470.9, 532.0, 788.7)
  Waypoint [7]: (390.9, 532.0, 868.7)
  Waypoint [8]: (350.9, 535.0, 908.7)
  Waypoint [9]: (390.9, 535.0, 1948.7)
  Waypoint [10]: (550.9, 532.0, 2388.7)
  Waypoint [11]: (830.9, 529.0, 2628.7)
  Waypoint [12]: (1110.9, 529.0, 3068.7)
  Waypoint [13]: (1670.9, 529.0, 3108.7)
  Waypoint [14]: (1710.9, 532.0, 3148.7)
  Waypoint [15]: (1790.9, 532.0, 3228.7)
  Waypoint [16]: (1830.9, 535.0, 3268.7)
  Waypoint [17]: (2350.9, 535.0, 3268.7)
  Waypoint [18]: (3110.9, 535.0, 3748.7)
  Waypoint [19]: (3470.9, 532.0, 4148.7)
[Aircraft_10_7_10_14_19_25_28_33_39] START THREADED PATH JOB: start=(789.1, 520.7, -878.6) -> goal=(-4209.1, 482.0, 1388.7)
[Aircraft_10_7_10_14_19_25_28_33_39] PATH COMMIT SUCCESS. Goal: (-4209.1, 482.0, 1388.7). Points: 32. Duration: 3270 ms (thread: 3266 ms). Source: aerial_async. Reason: Success (threaded)
  Waypoint [0]: (750.9, 529.0, -851.3)
  Waypoint [1]: (910.9, 529.0, -451.3)
  Waypoint [2]: (670.9, 529.0, -171.3)
  Waypoint [3]: (110.9, 529.0, -51.3)
  Waypoint [4]: (-569.1, 523.0, 148.7)
  Waypoint [5]: (-689.1, 523.0, 108.7)
  Waypoint [6]: (-729.1, 526.0, 68.7)
  Waypoint [7]: (-1209.1, 526.0, 68.7)
  Waypoint [8]: (-1249.1, 527.0, 68.7)
  Waypoint [9]: (-1289.1, 529.0, 108.7)
  Waypoint [10]: (-1369.1, 529.0, 108.7)
  Waypoint [11]: (-1409.1, 531.0, 108.7)
  Waypoint [12]: (-1449.1, 532.0, 108.7)
  Waypoint [13]: (-1809.1, 532.0, 108.7)
  Waypoint [14]: (-1849.1, 532.0, 108.7)
  Waypoint [15]: (-1889.1, 535.0, 148.7)
  Waypoint [16]: (-1969.1, 535.0, 148.7)
  Waypoint [17]: (-2009.1, 535.0, 188.7)
  Waypoint [18]: (-2049.1, 623.0, 228.7)
  Waypoint [19]: (-2089.1, 649.0, 268.7)
  Waypoint [20]: (-2449.1, 651.0, 308.7)
  Waypoint [21]: (-2489.1, 652.0, 268.7)
  Waypoint [22]: (-3209.1, 652.0, 548.7)
  Waypoint [23]: (-3809.1, 652.0, 628.7)
  Waypoint [24]: (-3849.1, 649.7, 668.7)
  Waypoint [25]: (-3969.1, 649.0, 708.7)
  Waypoint [26]: (-4289.1, 649.0, 708.7)
  Waypoint [27]: (-4329.1, 652.0, 668.7)
  Waypoint [28]: (-4649.1, 652.0, 988.7)
  Waypoint [29]: (-4569.1, 652.0, 1068.7)
  Waypoint [30]: (-4449.1, 649.0, 1188.7)
  Waypoint [31]: (-4209.1, 532.0, 1348.7)
[Aircraft_9_37] START THREADED PATH JOB: start=(-3892.4, 484.8, 1747.4) -> goal=(898.4, 538.9, -727.7)
[Aircraft_9_37] PATH COMMIT SUCCESS. Goal: (898.4, 538.9, -727.7). Points: 26. Duration: 2100 ms (thread: 2095 ms). Source: aerial_async. Reason: Success (threaded)
  Waypoint [0]: (-3930.8, 532.0, 1708.1)
  Waypoint [1]: (-4289.1, 532.0, 1348.7)
  Waypoint [2]: (-4329.1, 532.0, 1308.7)
  Waypoint [3]: (-4369.1, 535.0, 1268.7)
  Waypoint [4]: (-4409.1, 535.0, 1228.7)
  Waypoint [5]: (-4449.1, 539.0, 1188.7)
  Waypoint [6]: (-4489.1, 649.0, 1148.7)
  Waypoint [7]: (-4529.1, 649.0, 1108.7)
  Waypoint [8]: (-4569.1, 650.0, 1068.7)
  Waypoint [9]: (-4609.1, 652.0, 1028.7)
  Waypoint [10]: (-4369.1, 652.0, 628.7)
  Waypoint [11]: (-4289.1, 652.0, 708.7)
  Waypoint [12]: (-3929.1, 649.0, 708.7)
  Waypoint [13]: (-3849.1, 649.7, 668.7)
  Waypoint [14]: (-3809.1, 649.7, 628.7)
  Waypoint [15]: (-3769.1, 652.0, 628.7)
  Waypoint [16]: (-2489.1, 652.0, 268.7)
  Waypoint [17]: (-2449.1, 652.0, 308.7)
  Waypoint [18]: (-2049.1, 649.0, 228.7)
  Waypoint [19]: (-1649.1, 532.0, 68.7)
  Waypoint [20]: (-1409.1, 532.0, 68.7)
  Waypoint [21]: (-689.1, 526.0, 108.7)
  Waypoint [22]: (110.9, 526.7, -91.3)
  Waypoint [23]: (150.9, 529.0, -131.3)
  Waypoint [24]: (910.9, 529.0, -371.3)
  Waypoint [25]: (870.9, 529.0, -731.3)
[Aircraft_10_38] START THREADED PATH JOB: start=(3525.4, 484.0, 4218.0) -> goal=(898.4, 538.9, -727.7)
[Aircraft_10_38] PATH COMMIT SUCCESS. Goal: (898.4, 538.9, -727.7). Points: 19. Duration: 2068 ms (thread: 2053 ms). Source: aerial_async. Reason: Success (threaded)
  Waypoint [0]: (3470.9, 532.0, 4148.7)
  Waypoint [1]: (3030.9, 535.0, 3708.7)
  Waypoint [2]: (2430.9, 535.0, 3188.7)
  Waypoint [3]: (1830.9, 535.0, 3268.7)
  Waypoint [4]: (1790.9, 535.0, 3228.7)
  Waypoint [5]: (1470.9, 529.0, 3068.7)
  Waypoint [6]: (990.9, 529.0, 2948.7)
  Waypoint [7]: (710.9, 529.0, 2468.7)
  Waypoint [8]: (550.9, 529.0, 2388.7)
  Waypoint [9]: (510.9, 532.0, 2348.7)
  Waypoint [10]: (390.9, 532.0, 1988.7)
  Waypoint [11]: (390.9, 533.0, 1948.7)
  Waypoint [12]: (390.9, 535.0, 1908.7)
  Waypoint [13]: (390.9, 535.0, 868.7)
  Waypoint [14]: (910.9, 526.0, 268.7)
  Waypoint [15]: (1110.9, 526.0, -491.3)
  Waypoint [16]: (950.9, 526.0, -731.3)
  Waypoint [17]: (910.9, 529.0, -731.3)
  Waypoint [18]: (870.9, 529.0, -731.3)
[Aircraft_10_7_10_14_19_25_28_33_39] START THREADED PATH JOB: start=(-4194.3, 484.0, 1377.3) -> goal=(898.4, 538.9, -727.7)
[Aircraft_10_7_10_14_19_25_28_33_39] PATH COMMIT SUCCESS. Goal: (898.4, 538.9, -727.7). Points: 25. Duration: 2393 ms (thread: 2390 ms). Source: aerial_async. Reason: Success (threaded)
  Waypoint [0]: (-4249.1, 532.0, 1308.7)
  Waypoint [1]: (-4289.1, 535.0, 1268.7)
  Waypoint [2]: (-4369.1, 535.0, 1228.7)
  Waypoint [3]: (-4409.1, 535.0, 1228.7)
  Waypoint [4]: (-4449.1, 539.0, 1188.7)
  Waypoint [5]: (-4489.1, 649.0, 1148.7)
  Waypoint [6]: (-4529.1, 649.0, 1108.7)
  Waypoint [7]: (-4569.1, 650.0, 1068.7)
  Waypoint [8]: (-4609.1, 652.0, 1028.7)
  Waypoint [9]: (-4369.1, 652.0, 628.7)
  Waypoint [10]: (-4289.1, 652.0, 708.7)
  Waypoint [11]: (-3929.1, 649.0, 708.7)
  Waypoint [12]: (-3849.1, 649.7, 668.7)
  Waypoint [13]: (-3809.1, 649.7, 628.7)
  Waypoint [14]: (-3769.1, 652.0, 628.7)
  Waypoint [15]: (-2489.1, 652.0, 268.7)
  Waypoint [16]: (-2449.1, 652.0, 308.7)
  Waypoint [17]: (-2049.1, 649.0, 228.7)
  Waypoint [18]: (-1649.1, 532.0, 68.7)
  Waypoint [19]: (-1409.1, 532.0, 68.7)
  Waypoint [20]: (-689.1, 526.0, 108.7)
  Waypoint [21]: (110.9, 526.7, -91.3)
  Waypoint [22]: (150.9, 529.0, -131.3)
  Waypoint [23]: (910.9, 529.0, -371.3)
  Waypoint [24]: (870.9, 529.0, -731.3)
[Aircraft_10_7_10_14_19_25_28_33_39] START THREADED PATH JOB: start=(61.7, 850.7, -228.2) -> goal=(898.4, 538.9, -727.7)
[Aircraft_10_7_10_14_19_25_28_33_39] PATH COMMIT SUCCESS. Goal: (898.4, 538.9, -727.7). Points: 3. Duration: 50 ms (thread: 38 ms). Source: aerial_async. Reason: Success (threaded)
  Waypoint [0]: (390.9, 529.0, -171.3)
  Waypoint [1]: (910.9, 529.0, -371.3)
  Waypoint [2]: (870.9, 529.0, -731.3)
[Aircraft_9_2] START THREADED PATH JOB: start=(33.1, 528.2, -188.6) -> goal=(-5788.0, 482.0, 390.1)
[Aircraft_9_2] PATH COMMIT SUCCESS. Goal: (-5788.0, 482.0, 390.1). Points: 15. Duration: 1155 ms (thread: 1123 ms). Source: aerial_async. Reason: Success (threaded)
  Waypoint [0]: (-28.0, 535.0, -209.9)
  Waypoint [1]: (-228.0, 538.0, -209.9)
  Waypoint [2]: (-628.0, 538.0, -49.9)
  Waypoint [3]: (-668.0, 538.0, -89.9)
  Waypoint [4]: (-1548.0, 535.0, 30.1)
  Waypoint [5]: (-1668.0, 538.0, 150.1)
  Waypoint [6]: (-1828.0, 538.0, 310.1)
  Waypoint [7]: (-2108.0, 535.0, 550.1)
  Waypoint [8]: (-2988.0, 532.0, 670.1)
  Waypoint [9]: (-3268.0, 529.0, 630.1)
  Waypoint [10]: (-3988.0, 529.0, 350.1)
  Waypoint [11]: (-4388.0, 529.0, 630.1)
  Waypoint [12]: (-5668.0, 529.0, 470.1)
  Waypoint [13]: (-5708.0, 532.0, 430.1)
  Waypoint [14]: (-5788.0, 532.0, 390.1)
[Aircraft_10_3] START THREADED PATH JOB: start=(148.3, 527.1, -436.4) -> goal=(-4588.0, 482.0, -2449.9)
[Aircraft_10_3] PATH COMMIT SUCCESS. Goal: (-4588.0, 482.0, -2449.9). Points: 10. Duration: 681 ms (thread: 680 ms). Source: aerial_async. Reason: Success (threaded)
  Waypoint [0]: (92.0, 535.0, -449.9)
  Waypoint [1]: (-1028.0, 535.0, -1089.9)
  Waypoint [2]: (-1148.0, 538.0, -1129.9)
  Waypoint [3]: (-1508.0, 538.0, -1249.9)
  Waypoint [4]: (-1948.0, 538.0, -1329.9)
  Waypoint [5]: (-2108.0, 538.0, -1449.9)
  Waypoint [6]: (-2508.0, 535.0, -1729.9)
  Waypoint [7]: (-3748.0, 532.0, -1889.9)
  Waypoint [8]: (-4228.0, 532.0, -2169.9)
  Waypoint [9]: (-4588.0, 532.0, -2449.9)
[Aircraft_11_4] START THREADED PATH JOB: start=(343.0, 527.5, -661.1) -> goal=(7252.0, 479.0, -809.9)
[Aircraft_11_4] PATH COMMIT SUCCESS. Goal: (7252.0, 479.0, -809.9). Points: 27. Duration: 1575 ms (thread: 1547 ms). Source: aerial_async. Reason: Success (threaded)
  Waypoint [0]: (-108.0, 535.0, 30.1)
  Waypoint [1]: (-28.0, 535.0, 270.1)
  Waypoint [2]: (172.0, 535.0, 630.1)
  Waypoint [3]: (332.0, 535.0, 1190.1)
  Waypoint [4]: (732.0, 532.0, 1590.1)
  Waypoint [5]: (1412.0, 532.0, 1710.1)
  Waypoint [6]: (1892.0, 532.0, 1710.1)
  Waypoint [7]: (2412.0, 532.0, 1510.1)
  Waypoint [8]: (2452.0, 535.0, 1470.1)
  Waypoint [9]: (2772.0, 535.0, 1110.1)
  Waypoint [10]: (2772.0, 536.0, 1070.1)
  Waypoint [11]: (2812.0, 538.0, 1030.1)
  Waypoint [12]: (2892.0, 538.0, 750.1)
  Waypoint [13]: (2892.0, 538.3, 710.1)
  Waypoint [14]: (2932.0, 541.0, 670.1)
  Waypoint [15]: (3372.0, 541.0, 190.1)
  Waypoint [16]: (3492.0, 531.0, -409.9)
  Waypoint [17]: (3372.0, 529.0, -529.9)
  Waypoint [18]: (3572.0, 526.0, -1089.9)
  Waypoint [19]: (3612.0, 527.0, -1129.9)
  Waypoint [20]: (3652.0, 529.0, -1169.9)
  Waypoint [21]: (4052.0, 535.0, -1169.9)
  Waypoint [22]: (4772.0, 535.0, -1249.9)
  Waypoint [23]: (5132.0, 535.0, -1169.9)
  Waypoint [24]: (6692.0, 534.7, -1089.9)
  Waypoint [25]: (6732.0, 534.7, -1049.9)
  Waypoint [26]: (7252.0, 529.0, -809.9)
[Aircraft_9_5] START THREADED PATH JOB: start=(578.3, 524.5, -842.4) -> goal=(6332.0, 482.0, -3329.9)
[Aircraft_9_5] PATH COMMIT SUCCESS. Goal: (6332.0, 482.0, -3329.9). Points: 20. Duration: 2089 ms (thread: 2079 ms). Source: aerial_async. Reason: Success (threaded)
  Waypoint [0]: (572.0, 532.0, -889.9)
  Waypoint [1]: (652.0, 532.0, -1009.9)
  Waypoint [2]: (852.0, 529.0, -1249.9)
  Waypoint [3]: (932.0, 529.0, -1249.9)
  Waypoint [4]: (972.0, 532.0, -1289.9)
  Waypoint [5]: (1012.0, 532.0, -1329.9)
  Waypoint [6]: (1052.0, 535.0, -1369.9)
  Waypoint [7]: (1452.0, 535.0, -1889.9)
  Waypoint [8]: (1532.0, 535.0, -2089.9)
  Waypoint [9]: (1692.0, 529.0, -2409.9)
  Waypoint [10]: (1732.0, 529.0, -2969.9)
  Waypoint [11]: (1892.0, 526.0, -3489.9)
  Waypoint [12]: (2332.0, 526.0, -3729.9)
  Waypoint [13]: (2372.0, 529.0, -3769.9)
  Waypoint [14]: (3172.0, 538.0, -4529.9)
  Waypoint [15]: (3972.0, 538.0, -5129.9)
  Waypoint [16]: (4572.0, 538.0, -4769.9)
  Waypoint [17]: (5412.0, 535.0, -3889.9)
  Waypoint [18]: (5892.0, 532.0, -3529.9)
  Waypoint [19]: (6332.0, 532.0, -3329.9)
[Aircraft_10_6] START THREADED PATH JOB: start=(4395.6, 524.1, 844.4) -> goal=(-1031.3, 479.0, 2421.5)
[Aircraft_10_6] PATH COMMIT SUCCESS. Goal: (-1031.3, 479.0, 2421.5). Points: 15. Duration: 1097 ms (thread: 1087 ms). Source: aerial_async. Reason: Success (threaded)
  Waypoint [0]: (4328.7, 532.0, 861.5)
  Waypoint [1]: (3448.7, 532.0, 1141.5)
  Waypoint [2]: (3408.7, 533.0, 1141.5)
  Waypoint [3]: (3368.7, 535.0, 1181.5)
  Waypoint [4]: (3128.7, 535.0, 1381.5)
  Waypoint [5]: (3088.7, 538.0, 1421.5)
  Waypoint [6]: (2888.7, 538.0, 1621.5)
  Waypoint [7]: (1888.7, 538.0, 1981.5)
  Waypoint [8]: (1728.7, 538.0, 2141.5)
  Waypoint [9]: (1448.7, 535.0, 2381.5)
  Waypoint [10]: (568.7, 532.0, 2501.5)
  Waypoint [11]: (288.7, 529.0, 2461.5)
  Waypoint [12]: (-391.3, 529.0, 2221.5)
  Waypoint [13]: (-911.3, 529.0, 2461.5)
  Waypoint [14]: (-1031.3, 529.0, 2421.5)
[Aircraft_10_3] START THREADED PATH JOB: start=(-1049.9, 484.0, -637.7) -> goal=(4673.2, 543.4, 670.0)
[Aircraft_10_3] PATH COMMIT SUCCESS. Goal: (4673.2, 543.4, 670.0). Points: 10. Duration: 654 ms (thread: 644 ms). Source: aerial_async. Reason: Success (threaded)
  Waypoint [0]: (-351.3, 532.0, -98.5)
  Waypoint [1]: (208.7, 532.0, 21.5)
  Waypoint [2]: (1088.7, 535.0, 101.5)
  Waypoint [3]: (1488.7, 538.0, 421.5)
  Waypoint [4]: (1888.7, 538.0, 581.5)
  Waypoint [5]: (2368.7, 538.0, 661.5)
  Waypoint [6]: (2448.7, 538.0, 741.5)
  Waypoint [7]: (3848.7, 529.0, 741.5)
  Waypoint [8]: (4528.7, 532.0, 621.5)
  Waypoint [9]: (4648.7, 532.0, 661.5)
[Aircraft_9_2] START THREADED PATH JOB: start=(-2260.7, 484.5, 2234.2) -> goal=(4880.2, 544.6, -0.6)
[Aircraft_9_2] PATH COMMIT SUCCESS. Goal: (4880.2, 544.6, -0.6). Points: 18. Duration: 2174 ms (thread: 2164 ms). Source: aerial_async. Reason: Success (threaded)
  Waypoint [0]: (-2231.3, 532.0, 2221.5)
  Waypoint [1]: (-2111.3, 532.0, 2301.5)
  Waypoint [2]: (-671.3, 529.0, 2421.5)
  Waypoint [3]: (-311.3, 529.0, 2181.5)
  Waypoint [4]: (528.7, 529.0, 2501.5)
  Waypoint [5]: (568.7, 529.0, 2501.5)
  Waypoint [6]: (608.7, 532.0, 2461.5)
  Waypoint [7]: (1448.7, 532.0, 2381.5)
  Waypoint [8]: (1488.7, 535.0, 2341.5)
  Waypoint [9]: (1768.7, 538.0, 2101.5)
  Waypoint [10]: (1928.7, 538.0, 1941.5)
  Waypoint [11]: (2928.7, 538.0, 1581.5)
  Waypoint [12]: (3128.7, 538.0, 1381.5)
  Waypoint [13]: (3408.7, 535.0, 1101.5)
  Waypoint [14]: (4048.7, 532.0, 861.5)
  Waypoint [15]: (4568.7, 535.0, 421.5)
  Waypoint [16]: (4808.7, 535.0, 141.5)
  Waypoint [17]: (4848.7, 535.0, -18.5)
[Aircraft_10_6] START THREADED PATH JOB: start=(-4990.9, 481.0, 1695.9) -> goal=(1135.8, 539.4, -1038.1)
[Aircraft_10_6] PATH COMMIT SUCCESS. Goal: (1135.8, 539.4, -1038.1). Points: 20. Duration: 1533 ms (thread: 1515 ms). Source: aerial_async. Reason: Success (threaded)
  Waypoint [0]: (-4966.2, 529.0, 1657.2)
  Waypoint [1]: (-4606.2, 529.0, 1697.2)
  Waypoint [2]: (-4206.2, 529.0, 1457.2)
  Waypoint [3]: (-3446.2, 529.0, 1817.2)
  Waypoint [4]: (-3406.2, 529.0, 1777.2)
  Waypoint [5]: (-3366.2, 529.0, 1777.2)
  Waypoint [6]: (-3326.2, 532.0, 1737.2)
  Waypoint [7]: (-2526.2, 533.0, 1577.2)
  Waypoint [8]: (-2486.2, 535.0, 1537.2)
  Waypoint [9]: (-2166.2, 535.0, 1217.2)
  Waypoint [10]: (-1046.2, 537.0, 897.2)
  Waypoint [11]: (-1006.2, 538.0, 857.2)
  Waypoint [12]: (-806.2, 538.0, 657.2)
  Waypoint [13]: (-526.2, 535.0, 377.2)
  Waypoint [14]: (113.8, 532.0, 137.2)
  Waypoint [15]: (633.8, 532.0, -222.8)
  Waypoint [16]: (673.8, 535.0, -262.8)
  Waypoint [17]: (1033.8, 535.0, -742.8)
  Waypoint [18]: (1073.8, 535.0, -1022.8)
  Waypoint [19]: (1113.8, 532.0, -1062.8)
[Aircraft_11_4] START THREADED PATH JOB: start=(6895.4, 481.2, 308.6) -> goal=(1341.7, 539.4, -1424.9)
[Aircraft_11_4] PATH COMMIT SUCCESS. Goal: (1341.7, 539.4, -1424.9). Points: 22. Duration: 2525 ms (thread: 2507 ms). Source: aerial_async. Reason: Success (threaded)
  Waypoint [0]: (6873.8, 529.0, 257.2)
  Waypoint [1]: (6913.8, 532.0, -22.8)
  Waypoint [2]: (6953.8, 532.0, -62.8)
  Waypoint [3]: (6993.8, 532.0, -102.8)
  Waypoint [4]: (7033.8, 535.0, -142.8)
  Waypoint [5]: (7073.8, 535.0, -982.8)
  Waypoint [6]: (7033.8, 537.3, -1022.8)
  Waypoint [7]: (7033.8, 538.0, -1062.8)
  Waypoint [8]: (6673.8, 538.0, -1822.8)
  Waypoint [9]: (6393.8, 538.0, -2022.8)
  Waypoint [10]: (5993.8, 532.0, -2102.8)
  Waypoint [11]: (5593.8, 532.0, -2382.8)
  Waypoint [12]: (5273.8, 532.0, -2502.8)
  Waypoint [13]: (4993.8, 535.0, -2782.8)
  Waypoint [14]: (4233.8, 535.0, -3582.8)
  Waypoint [15]: (4193.8, 538.0, -3622.8)
  Waypoint [16]: (3513.8, 538.0, -4022.8)
  Waypoint [17]: (2753.8, 538.0, -3342.8)
  Waypoint [18]: (1433.8, 526.0, -2222.8)
  Waypoint [19]: (1353.8, 527.0, -1862.8)
  Waypoint [20]: (1353.8, 529.0, -1822.8)
  Waypoint [21]: (1313.8, 529.0, -1462.8)
[Aircraft_9_2] START THREADED PATH JOB: start=(-3124.6, 540.9, -641.5) -> goal=(1485.7, 537.3, -1825.1)
[Aircraft_9_2] PATH COMMIT SUCCESS. Goal: (1485.7, 537.3, -1825.1). Points: 16. Duration: 657 ms (thread: 649 ms). Source: aerial_async. Reason: Success (threaded)
  Waypoint [0]: (-3086.2, 532.0, -702.8)
  Waypoint [1]: (-2846.2, 535.0, -622.8)
  Waypoint [2]: (-2446.2, 538.0, -302.8)
  Waypoint [3]: (-2046.2, 538.0, -142.8)
  Waypoint [4]: (-1566.2, 538.0, -62.8)
  Waypoint [5]: (-1486.2, 538.0, 17.2)
  Waypoint [6]: (-206.2, 529.0, 17.2)
  Waypoint [7]: (313.8, 529.0, -142.8)
  Waypoint [8]: (553.8, 529.0, -142.8)
  Waypoint [9]: (593.8, 532.0, -182.8)
  Waypoint [10]: (633.8, 532.0, -222.8)
  Waypoint [11]: (673.8, 535.0, -262.8)
  Waypoint [12]: (1073.8, 535.0, -782.8)
  Waypoint [13]: (1153.8, 535.0, -982.8)
  Waypoint [14]: (1553.8, 529.0, -1822.8)
  Waypoint [15]: (1473.8, 529.0, -1862.8)
[Aircraft_9_5] START THREADED PATH JOB: start=(5967.2, 484.9, -2196.5) -> goal=(1527.4, 536.4, -1923.7)
[Aircraft_9_5] PATH COMMIT SUCCESS. Goal: (1527.4, 536.4, -1923.7). Points: 9. Duration: 821 ms (thread: 807 ms). Source: aerial_async. Reason: Success (threaded)
  Waypoint [0]: (5913.8, 532.0, -2262.8)
  Waypoint [1]: (5273.8, 532.0, -2502.8)
  Waypoint [2]: (4993.8, 535.0, -2782.8)
  Waypoint [3]: (4233.8, 535.0, -3582.8)
  Waypoint [4]: (4193.8, 538.0, -3622.8)
  Waypoint [5]: (3513.8, 538.0, -4022.8)
  Waypoint [6]: (2753.8, 538.0, -3342.8)
  Waypoint [7]: (1433.8, 526.0, -2222.8)
  Waypoint [8]: (1513.8, 526.0, -1942.8)
[Aircraft_11_4] START THREADED PATH JOB: start=(2500.5, 858.0, -2820.5) -> goal=(1761.2, 535.6, -2769.0)
[Aircraft_11_4] PATH COMMIT SUCCESS. Goal: (1761.2, 535.6, -2769.0). Points: 3. Duration: 28 ms (thread: 23 ms). Source: aerial_async. Reason: Success (threaded)
  Waypoint [0]: (2433.8, 532.0, -2782.8)
  Waypoint [1]: (1913.8, 529.0, -2782.8)
  Waypoint [2]: (1753.8, 526.0, -2782.8)
[Aircraft_9_5] START THREADED PATH JOB: start=(2867.3, 572.9, -3494.1) -> goal=(1877.9, 535.9, -2920.0)
[Aircraft_9_5] PATH COMMIT SUCCESS. Goal: (1877.9, 535.9, -2920.0). Points: 3. Duration: 66 ms (thread: 57 ms). Source: aerial_async. Reason: Success (threaded)
  Waypoint [0]: (2793.8, 538.0, -3462.8)
  Waypoint [1]: (2233.8, 532.0, -2902.8)
  Waypoint [2]: (1873.8, 526.0, -2942.8)
[Aircraft_10_3_7] START THREADED PATH JOB: start=(2116.5, 517.9, -3012.3) -> goal=(33.8, 485.0, 937.2)
[Aircraft_10_3_7] PATH COMMIT SUCCESS. Goal: (33.8, 485.0, 937.2). Points: 15. Duration: 733 ms (thread: 721 ms). Source: aerial_async. Reason: Success (threaded)
  Waypoint [0]: (2073.8, 529.0, -3022.8)
  Waypoint [1]: (1433.8, 526.0, -2382.8)
  Waypoint [2]: (1353.8, 527.0, -1862.8)
  Waypoint [3]: (1353.8, 529.0, -1822.8)
  Waypoint [4]: (1193.8, 529.0, -1062.8)
  Waypoint [5]: (1153.8, 532.0, -1022.8)
  Waypoint [6]: (1113.8, 532.0, -982.8)
  Waypoint [7]: (1073.8, 535.0, -942.8)
  Waypoint [8]: (753.8, 535.0, -502.8)
  Waypoint [9]: (633.8, 535.0, -222.8)
  Waypoint [10]: (273.8, 529.0, 57.2)
  Waypoint [11]: (273.8, 529.0, 97.2)
  Waypoint [12]: (233.8, 532.0, 137.2)
  Waypoint [13]: (73.8, 535.0, 857.2)
  Waypoint [14]: (33.8, 535.0, 937.2)
[Aircraft_9_3] START THREADED PATH JOB: start=(603.1, 527.3, -830.5) -> goal=(1602.8, 482.0, -6149.5)
[Aircraft_9_3] PATH COMMIT SUCCESS. Goal: (1602.8, 482.0, -6149.5). Points: 14. Duration: 1909 ms (thread: 1903 ms). Source: aerial_async. Reason: Success (threaded)
  Waypoint [0]: (562.8, 538.0, -909.5)
  Waypoint [1]: (522.8, 535.0, -1149.5)
  Waypoint [2]: (602.8, 535.0, -1629.5)
  Waypoint [3]: (402.8, 532.0, -2149.5)
  Waypoint [4]: (-197.2, 535.7, -2909.5)
  Waypoint [5]: (-237.2, 538.0, -2949.5)
  Waypoint [6]: (-277.2, 538.0, -3269.5)
  Waypoint [7]: (-277.2, 535.0, -3629.5)
  Waypoint [8]: (522.8, 532.0, -4789.5)
  Waypoint [9]: (1402.8, 529.0, -5709.5)
  Waypoint [10]: (1442.8, 529.0, -5989.5)
  Waypoint [11]: (1482.8, 530.0, -6029.5)
  Waypoint [12]: (1522.8, 532.0, -6069.5)
  Waypoint [13]: (1602.8, 532.0, -6149.5)
[Aircraft_10_4] START THREADED PATH JOB: start=(608.7, 529.4, -1083.7) -> goal=(5970.3, 638.0, 2570.7)
[Aircraft_10_4] PATH COMMIT FAILED. Goal: (5970.3, 638.0, 2570.7). Reason: open list empty
[Aircraft_10_5] START THREADED PATH JOB: start=(607.3, 527.7, -1254.1) -> goal=(6322.8, 488.0, -1429.5)
[Aircraft_10_5] PATH COMMIT SUCCESS. Goal: (6322.8, 488.0, -1429.5). Points: 18. Duration: 2247 ms (thread: 2234 ms). Source: aerial_async. Reason: Success (threaded)
  Waypoint [0]: (642.8, 535.0, -1269.5)
  Waypoint [1]: (762.8, 535.0, -1349.5)
  Waypoint [2]: (1202.8, 532.0, -1669.5)
  Waypoint [3]: (1802.8, 529.0, -1789.5)
  Waypoint [4]: (2362.8, 526.0, -1709.5)
  Waypoint [5]: (3042.8, 529.0, -2109.5)
  Waypoint [6]: (3202.8, 529.0, -2229.5)
  Waypoint [7]: (3242.8, 532.0, -2269.5)
  Waypoint [8]: (3682.8, 532.0, -2709.5)
  Waypoint [9]: (4162.8, 529.0, -2869.5)
  Waypoint [10]: (4602.8, 529.0, -2509.5)
  Waypoint [11]: (5202.8, 529.0, -1829.5)
  Waypoint [12]: (5322.8, 532.0, -1829.5)
  Waypoint [13]: (6082.8, 532.0, -1749.5)
  Waypoint [14]: (6122.8, 535.0, -1709.5)
  Waypoint [15]: (6282.8, 535.7, -1549.5)
  Waypoint [16]: (6282.8, 538.0, -1509.5)
  Waypoint [17]: (6322.8, 538.0, -1429.5)
[Aircraft_11_6] START THREADED PATH JOB: start=(603.0, 527.5, -1552.8) -> goal=(6402.8, 485.0, -1989.5)
[Aircraft_11_6] PATH COMMIT SUCCESS. Goal: (6402.8, 485.0, -1989.5). Points: 18. Duration: 2222 ms (thread: 2220 ms). Source: aerial_async. Reason: Success (threaded)
  Waypoint [0]: (602.8, 535.0, -1629.5)
  Waypoint [1]: (1082.8, 532.0, -2029.5)
  Waypoint [2]: (1242.8, 532.0, -1869.5)
  Waypoint [3]: (1562.8, 529.0, -1709.5)
  Waypoint [4]: (1802.8, 529.0, -1789.5)
  Waypoint [5]: (2362.8, 526.0, -1709.5)
  Waypoint [6]: (3042.8, 529.0, -2109.5)
  Waypoint [7]: (3202.8, 529.0, -2229.5)
  Waypoint [8]: (3242.8, 532.0, -2269.5)
  Waypoint [9]: (3682.8, 532.0, -2709.5)
  Waypoint [10]: (4162.8, 529.0, -2869.5)
  Waypoint [11]: (4602.8, 529.0, -2509.5)
  Waypoint [12]: (4922.8, 529.0, -2149.5)
  Waypoint [13]: (5322.8, 532.0, -2109.5)
  Waypoint [14]: (6002.8, 532.0, -1989.5)
  Waypoint [15]: (6202.8, 532.0, -1909.5)
  Waypoint [16]: (6242.8, 535.0, -1949.5)
  Waypoint [17]: (6402.8, 535.0, -1989.5)
[Aircraft_9_4] START THREADED PATH JOB: start=(-132.6, 518.5, -351.7) -> goal=(2134.7, 482.0, -5664.5)
[Aircraft_9_4] PATH COMMIT SUCCESS. Goal: (2134.7, 482.0, -5664.5). Points: 13. Duration: 1470 ms (thread: 1461 ms). Source: aerial_async. Reason: Success (threaded)
  Waypoint [0]: (-145.3, 526.0, -424.5)
  Waypoint [1]: (-105.3, 529.0, -664.5)
  Waypoint [2]: (-145.3, 529.0, -1384.5)
  Waypoint [3]: (-265.3, 532.0, -1544.5)
  Waypoint [4]: (-265.3, 532.0, -2464.5)
  Waypoint [5]: (494.7, 535.0, -2984.5)
  Waypoint [6]: (774.7, 535.0, -3384.5)
  Waypoint [7]: (854.7, 538.0, -3624.5)
  Waypoint [8]: (1174.7, 538.0, -4064.5)
  Waypoint [9]: (2174.7, 529.0, -5224.5)
  Waypoint [10]: (2134.7, 531.0, -5464.5)
  Waypoint [11]: (2094.7, 532.0, -5504.5)
  Waypoint [12]: (2134.7, 532.0, -5664.5)
[Aircraft_10_5] START THREADED PATH JOB: start=(-199.2, 518.1, -615.2) -> goal=(-5225.3, 482.0, -1544.5)
[Aircraft_10_5] PATH COMMIT SUCCESS. Goal: (-5225.3, 482.0, -1544.5). Points: 14. Duration: 1400 ms (thread: 1389 ms). Source: aerial_async. Reason: Success (threaded)
  Waypoint [0]: (-225.3, 526.0, -664.5)
  Waypoint [1]: (-425.3, 529.0, -1384.5)
  Waypoint [2]: (-705.3, 529.7, -1664.5)
  Waypoint [3]: (-745.3, 532.0, -1704.5)
  Waypoint [4]: (-945.3, 532.0, -2704.5)
  Waypoint [5]: (-985.3, 535.0, -2744.5)
  Waypoint [6]: (-1305.3, 535.0, -2984.5)
  Waypoint [7]: (-1625.3, 535.0, -2944.5)
  Waypoint [8]: (-1665.3, 538.0, -2904.5)
  Waypoint [9]: (-2225.3, 538.0, -2904.5)
  Waypoint [10]: (-3145.3, 532.0, -2704.5)
  Waypoint [11]: (-3985.3, 532.0, -1824.5)
  Waypoint [12]: (-4985.3, 532.0, -1504.5)
  Waypoint [13]: (-5225.3, 532.0, -1544.5)
[Aircraft_11_6] START THREADED PATH JOB: start=(-302.7, 518.5, -893.1) -> goal=(3894.7, 482.0, -3664.5)
[Aircraft_11_6] PATH COMMIT SUCCESS. Goal: (3894.7, 482.0, -3664.5). Points: 13. Duration: 1491 ms (thread: 1452 ms). Source: aerial_async. Reason: Success (threaded)
  Waypoint [0]: (-345.3, 526.0, -944.5)
  Waypoint [1]: (-265.3, 532.0, -1544.5)
  Waypoint [2]: (-265.3, 532.0, -2464.5)
  Waypoint [3]: (494.7, 535.0, -2984.5)
  Waypoint [4]: (1214.7, 535.0, -3544.5)
  Waypoint [5]: (1974.7, 529.0, -4184.5)
  Waypoint [6]: (2454.7, 529.0, -4184.5)
  Waypoint [7]: (2774.7, 532.0, -4024.5)
  Waypoint [8]: (3094.7, 532.0, -3744.5)
  Waypoint [9]: (3134.7, 535.0, -3704.5)
  Waypoint [10]: (3334.7, 535.0, -3704.5)
  Waypoint [11]: (3734.7, 532.0, -3904.5)
  Waypoint [12]: (3894.7, 532.0, -3664.5)
[Aircraft_9_7] START THREADED PATH JOB: start=(-397.2, 518.5, -1176.5) -> goal=(-5105.3, 485.0, -4784.5)
[Aircraft_9_7] PATH COMMIT SUCCESS. Goal: (-5105.3, 485.0, -4784.5). Points: 14. Duration: 1364 ms (thread: 1360 ms). Source: aerial_async. Reason: Success (threaded)
  Waypoint [0]: (-465.3, 528.0, -1224.5)
  Waypoint [1]: (-505.3, 529.0, -1264.5)
  Waypoint [2]: (-705.3, 529.7, -1664.5)
  Waypoint [3]: (-745.3, 532.0, -1704.5)
  Waypoint [4]: (-945.3, 532.0, -2704.5)
  Waypoint [5]: (-985.3, 535.0, -2744.5)
  Waypoint [6]: (-1345.3, 535.0, -2984.5)
  Waypoint [7]: (-1665.3, 538.0, -2944.5)
  Waypoint [8]: (-2225.3, 538.0, -2904.5)
  Waypoint [9]: (-3105.3, 535.0, -2904.5)
  Waypoint [10]: (-4065.3, 538.0, -3144.5)
  Waypoint [11]: (-4785.3, 538.0, -3904.5)
  Waypoint [12]: (-5105.3, 535.0, -4664.5)
  Waypoint [13]: (-5105.3, 535.0, -4784.5)
[Aircraft_10_8] START THREADED PATH JOB: start=(-510.2, 520.0, -1450.6) -> goal=(-6505.3, 479.0, -2304.5)
[Aircraft_10_5] START THREADED PATH JOB: start=(-2275.1, 484.0, 1210.9) -> goal=(2415.3, 541.6, 701.1)
[Aircraft_10_5] PATH COMMIT SUCCESS. Goal: (2415.3, 541.6, 701.1). Points: 10. Duration: 1564 ms (thread: 1550 ms). Source: aerial_async. Reason: Success (threaded)
  Waypoint [0]: (-1971.3, 532.0, 1200.6)
  Waypoint [1]: (-1051.3, 529.0, 960.6)
  Waypoint [2]: (-1011.3, 529.0, 920.6)
  Waypoint [3]: (-971.3, 532.0, 880.6)
  Waypoint [4]: (-91.3, 532.0, 40.6)
  Waypoint [5]: (788.7, 538.0, -199.4)
  Waypoint [6]: (1348.7, 538.0, -199.4)
  Waypoint [7]: (1828.7, 535.0, -159.4)
  Waypoint [8]: (2028.7, 535.0, 120.6)
  Waypoint [9]: (2388.7, 532.0, 680.6)
[Aircraft_11_6] START THREADED PATH JOB: start=(6893.6, 484.0, -911.3) -> goal=(2478.6, 541.6, 465.6)
[Aircraft_11_6] PATH COMMIT SUCCESS. Goal: (2478.6, 541.6, 465.6). Points: 14. Duration: 731 ms (thread: 725 ms). Source: aerial_async. Reason: Success (threaded)
  Waypoint [0]: (6828.7, 532.0, -959.4)
  Waypoint [1]: (6588.7, 532.0, -1159.4)
  Waypoint [2]: (6348.7, 532.0, -959.4)
  Waypoint [3]: (6308.7, 533.0, -959.4)
  Waypoint [4]: (6268.7, 535.0, -919.4)
  Waypoint [5]: (6068.7, 535.0, -999.4)
  Waypoint [6]: (5708.7, 532.0, -1279.4)
  Waypoint [7]: (5108.7, 529.0, -1519.4)
  Waypoint [8]: (4628.7, 532.0, -1239.4)
  Waypoint [9]: (4228.7, 532.0, -839.4)
  Waypoint [10]: (4188.7, 532.7, -799.4)
  Waypoint [11]: (4148.7, 535.0, -759.4)
  Waypoint [12]: (3428.7, 535.0, -199.4)
  Waypoint [13]: (2468.7, 532.0, 440.6)
[Aircraft_9_4] START THREADED PATH JOB: start=(5131.8, 484.9, -2929.2) -> goal=(2525.1, 541.6, 385.6)
[Aircraft_9_4] PATH COMMIT SUCCESS. Goal: (2525.1, 541.6, 385.6). Points: 13. Duration: 1048 ms (thread: 1031 ms). Source: aerial_async. Reason: Success (threaded)
  Waypoint [0]: (5068.7, 532.0, -2919.4)
  Waypoint [1]: (5108.7, 532.0, -2719.4)
  Waypoint [2]: (5068.7, 529.0, -2359.4)
  Waypoint [3]: (4548.7, 532.0, -1719.4)
  Waypoint [4]: (4508.7, 532.7, -1679.4)
  Waypoint [5]: (4468.7, 535.0, -1639.4)
  Waypoint [6]: (4188.7, 535.0, -1319.4)
  Waypoint [7]: (4148.7, 536.0, -1279.4)
  Waypoint [8]: (4108.7, 538.0, -1239.4)
  Waypoint [9]: (3748.7, 538.0, -839.4)
  Waypoint [10]: (3388.7, 535.0, -199.4)
  Waypoint [11]: (2668.7, 532.0, 320.6)
  Waypoint [12]: (2508.7, 532.0, 360.6)
[Aircraft_9_7] START THREADED PATH JOB: start=(-6027.5, 487.8, -2393.8) -> goal=(-683.0, 547.9, -763.5)
[Aircraft_9_7] PATH COMMIT SUCCESS. Goal: (-683.0, 547.9, -763.5). Points: 17. Duration: 2276 ms (thread: 2255 ms). Source: aerial_async. Reason: Success (threaded)
  Waypoint [0]: (-6028.0, 535.0, -2358.3)
  Waypoint [1]: (-5948.0, 535.0, -1998.3)
  Waypoint [2]: (-5668.0, 535.0, -1598.3)
  Waypoint [3]: (-5668.0, 535.0, -1558.3)
  Waypoint [4]: (-5668.0, 536.0, -1518.3)
  Waypoint [5]: (-5668.0, 538.0, -1478.3)
  Waypoint [6]: (-4948.0, 538.0, -718.3)
  Waypoint [7]: (-3988.0, 535.0, -478.3)
  Waypoint [8]: (-3108.0, 538.0, -558.3)
  Waypoint [9]: (-2548.0, 538.0, -558.3)
  Waypoint [10]: (-2068.0, 535.0, -518.3)
  Waypoint [11]: (-1868.0, 535.0, -438.3)
  Waypoint [12]: (-1268.0, 532.0, -438.3)
  Waypoint [13]: (-948.0, 532.0, -638.3)
  Waypoint [14]: (-908.0, 535.0, -678.3)
  Waypoint [15]: (-748.0, 535.0, -798.3)
  Waypoint [16]: (-708.0, 538.0, -798.3)
[Aircraft_9_4] START THREADED PATH JOB: start=(-271.0, 529.6, -1447.3) -> goal=(-292.8, 527.1, -1382.6)
[Aircraft_9_4] PATH COMMIT SUCCESS. Goal: (-292.8, 527.1, -1382.6). Points: 2. Duration: 17 ms (thread: 1 ms). Source: aerial_async. Reason: Success (threaded)
  Waypoint [0]: (-308.0, 538.0, -1438.3)
  Waypoint [1]: (-308.0, 538.0, -1398.3)
[Aircraft_11_6_9] START THREADED PATH JOB: start=(-215.7, 529.3, -1528.0) -> goal=(-4708.0, 482.0, 601.7)
[Aircraft_11_6_9] PATH COMMIT SUCCESS. Goal: (-4708.0, 482.0, 601.7). Points: 15. Duration: 1095 ms (thread: 1086 ms). Source: aerial_async. Reason: Success (threaded)
  Waypoint [0]: (-268.0, 538.0, -1518.3)
  Waypoint [1]: (-428.0, 538.0, -1318.3)
  Waypoint [2]: (-308.0, 538.0, -1078.3)
  Waypoint [3]: (-468.0, 535.0, -598.3)
  Waypoint [4]: (-1108.0, 532.0, -118.3)
  Waypoint [5]: (-1468.0, 532.0, -118.3)
  Waypoint [6]: (-1628.0, 532.0, -318.3)
  Waypoint [7]: (-1908.0, 535.0, -358.3)
  Waypoint [8]: (-2228.0, 535.0, -598.3)
  Waypoint [9]: (-2548.0, 535.0, -558.3)
  Waypoint [10]: (-2588.0, 538.0, -518.3)
  Waypoint [11]: (-3148.0, 538.0, -518.3)
  Waypoint [12]: (-4068.0, 532.0, -318.3)
  Waypoint [13]: (-4668.0, 532.0, 401.7)
  Waypoint [14]: (-4708.0, 532.0, 601.7)
[Aircraft_9_4_10] START THREADED PATH JOB: start=(-81.9, 527.5, -1801.8) -> goal=(-1548.0, 476.0, -6798.3)
[Aircraft_9_4_10] PATH COMMIT SUCCESS. Goal: (-1548.0, 476.0, -6798.3). Points: 15. Duration: 1588 ms (thread: 1572 ms). Source: aerial_async. Reason: Success (threaded)
  Waypoint [0]: (-108.0, 535.0, -1878.3)
  Waypoint [1]: (12.0, 535.0, -2158.3)
  Waypoint [2]: (172.0, 532.0, -2638.3)
  Waypoint [3]: (212.0, 532.0, -2678.3)
  Waypoint [4]: (252.0, 535.0, -2718.3)
  Waypoint [5]: (332.0, 535.0, -2798.3)
  Waypoint [6]: (372.0, 538.0, -2838.3)
  Waypoint [7]: (652.0, 538.0, -3118.3)
  Waypoint [8]: (692.0, 538.0, -4078.3)
  Waypoint [9]: (52.0, 538.0, -4758.3)
  Waypoint [10]: (-68.0, 535.0, -5798.3)
  Waypoint [11]: (-508.0, 535.0, -6238.3)
  Waypoint [12]: (-788.0, 529.0, -6438.3)
  Waypoint [13]: (-1268.0, 526.0, -6438.3)
  Waypoint [14]: (-1548.0, 526.0, -6798.3)
[Aircraft_11_11] START THREADED PATH JOB: start=(46.7, 527.5, -2070.0) -> goal=(5452.0, 491.0, -2638.3)
[Aircraft_11_11] PATH COMMIT SUCCESS. Goal: (5452.0, 491.0, -2638.3). Points: 17. Duration: 1700 ms (thread: 1678 ms). Source: aerial_async. Reason: Success (threaded)
  Waypoint [0]: (412.0, 535.0, -2038.3)
  Waypoint [1]: (652.0, 535.0, -1838.3)
  Waypoint [2]: (1492.0, 529.0, -1838.3)
  Waypoint [3]: (1812.0, 529.0, -1478.3)
  Waypoint [4]: (1852.0, 532.0, -1438.3)
  Waypoint [5]: (1932.0, 532.0, -1358.3)
  Waypoint [6]: (1972.0, 535.0, -1318.3)
  Waypoint [7]: (2652.0, 535.0, -958.3)
  Waypoint [8]: (3932.0, 532.0, -918.3)
  Waypoint [9]: (5052.0, 532.0, -1638.3)
  Waypoint [10]: (5172.0, 533.3, -1758.3)
  Waypoint [11]: (5212.0, 535.0, -1798.3)
  Waypoint [12]: (5252.0, 535.0, -1838.3)
  Waypoint [13]: (5292.0, 538.0, -1878.3)
  Waypoint [14]: (5452.0, 539.3, -2358.3)
  Waypoint [15]: (5412.0, 541.0, -2398.3)
  Waypoint [16]: (5452.0, 541.0, -2638.3)
[Aircraft_9_12] START THREADED PATH JOB: start=(177.5, 524.5, -2339.7) -> goal=(-4788.0, 482.0, -38.3)
[Aircraft_9_12] PATH COMMIT SUCCESS. Goal: (-4788.0, 482.0, -38.3). Points: 17. Duration: 1458 ms (thread: 1440 ms). Source: aerial_async. Reason: Success (threaded)
  Waypoint [0]: (132.0, 532.0, -2318.3)
  Waypoint [1]: (-28.0, 535.0, -2118.3)
  Waypoint [2]: (-28.0, 535.0, -1638.3)
  Waypoint [3]: (12.0, 538.0, -1598.3)
  Waypoint [4]: (-28.0, 538.0, -1318.3)
  Waypoint [5]: (-148.0, 538.0, -1198.3)
  Waypoint [6]: (-508.0, 535.0, -558.3)
  Waypoint [7]: (-1108.0, 532.0, -118.3)
  Waypoint [8]: (-1468.0, 532.0, -118.3)
  Waypoint [9]: (-1628.0, 532.0, -318.3)
  Waypoint [10]: (-1908.0, 535.0, -358.3)
  Waypoint [11]: (-2268.0, 535.0, -598.3)
  Waypoint [12]: (-2588.0, 538.0, -558.3)
  Waypoint [13]: (-3148.0, 538.0, -518.3)
  Waypoint [14]: (-4108.0, 532.0, -318.3)
  Waypoint [15]: (-4548.0, 532.0, 1.7)
  Waypoint [16]: (-4788.0, 532.0, -38.3)
[Aircraft_11_6_9] START THREADED PATH JOB: start=(-5303.7, 484.2, 4578.9) -> goal=(-95.9, 547.6, 1001.6)
[Aircraft_11_6_9] PATH COMMIT SUCCESS. Goal: (-95.9, 547.6, 1001.6). Points: 18. Duration: 2426 ms (thread: 2410 ms). Source: aerial_async. Reason: Success (threaded)
  Waypoint [0]: (-5290.1, 532.0, 4519.2)
  Waypoint [1]: (-4450.1, 532.0, 3479.2)
  Waypoint [2]: (-3770.1, 536.0, 3359.2)
  Waypoint [3]: (-3730.1, 538.0, 3319.2)
  Waypoint [4]: (-3170.1, 538.0, 3399.2)
  Waypoint [5]: (-2650.1, 535.0, 3439.2)
  Waypoint [6]: (-2450.1, 535.0, 3519.2)
  Waypoint [7]: (-2090.1, 532.0, 3719.2)
  Waypoint [8]: (-1850.1, 532.0, 3919.2)
  Waypoint [9]: (-1010.1, 535.0, 3359.2)
  Waypoint [10]: (-730.1, 535.0, 2919.2)
  Waypoint [11]: (-650.1, 538.0, 2719.2)
  Waypoint [12]: (-530.1, 538.0, 2399.2)
  Waypoint [13]: (-610.1, 538.0, 2319.2)
  Waypoint [14]: (-530.1, 535.0, 1799.2)
  Waypoint [15]: (-210.1, 535.0, 1159.2)
  Waypoint [16]: (-170.1, 538.0, 1119.2)
  Waypoint [17]: (-130.1, 538.0, 999.2)
[Aircraft_11_11] START THREADED PATH JOB: start=(33.3, 493.2, -228.8) -> goal=(-4647.7, 547.6, -1088.2)
[Aircraft_11_11] PATH COMMIT SUCCESS. Goal: (-4647.7, 547.6, -1088.2). Points: 21. Duration: 1199 ms (thread: 1187 ms). Source: aerial_async. Reason: Success (threaded)
  Waypoint [0]: (-13.1, 541.0, -202.8)
  Waypoint [1]: (-213.1, 541.0, 77.2)
  Waypoint [2]: (-693.1, 544.0, 237.2)
  Waypoint [3]: (-733.1, 544.0, 237.2)
  Waypoint [4]: (-813.1, 538.7, 197.2)
  Waypoint [5]: (-853.1, 538.7, 157.2)
  Waypoint [6]: (-893.1, 538.0, 117.2)
  Waypoint [7]: (-933.1, 538.0, 77.2)
  Waypoint [8]: (-973.1, 539.0, 37.2)
  Waypoint [9]: (-1013.1, 539.0, -2.8)
  Waypoint [10]: (-1533.1, 532.0, -482.8)
  Waypoint [11]: (-2093.1, 538.0, -482.8)
  Waypoint [12]: (-2573.1, 538.0, -562.8)
  Waypoint [13]: (-2973.1, 538.0, -922.8)
  Waypoint [14]: (-3173.1, 538.0, -962.8)
  Waypoint [15]: (-3413.1, 532.0, -1122.8)
  Waypoint [16]: (-3893.1, 532.0, -1002.8)
  Waypoint [17]: (-4293.1, 532.7, -922.8)
  Waypoint [18]: (-4333.1, 535.0, -962.8)
  Waypoint [19]: (-4653.1, 535.0, -1082.8)
  Waypoint [20]: (-4653.1, 535.7, -1122.8)
[Aircraft_9_4_10] START THREADED PATH JOB: start=(-6976.2, 478.8, -4360.6) -> goal=(-4516.5, 547.6, -1300.8)
[Aircraft_9_4_10] PATH COMMIT SUCCESS. Goal: (-4516.5, 547.6, -1300.8). Points: 10. Duration: 765 ms (thread: 749 ms). Source: aerial_async. Reason: Success (threaded)
  Waypoint [0]: (-6973.1, 526.0, -4322.8)
  Waypoint [1]: (-6493.1, 526.0, -3922.8)
  Waypoint [2]: (-6253.1, 526.0, -3922.8)
  Waypoint [3]: (-6213.1, 527.7, -3922.8)
  Waypoint [4]: (-6173.1, 529.0, -3962.8)
  Waypoint [5]: (-5893.1, 535.0, -3762.8)
  Waypoint [6]: (-5453.1, 535.0, -3322.8)
  Waypoint [7]: (-5293.1, 538.0, -2282.8)
  Waypoint [8]: (-4573.1, 538.0, -1482.8)
  Waypoint [9]: (-4533.1, 538.0, -1322.8)
[Aircraft_9_12] START THREADED PATH JOB: start=(-10230.9, 484.6, 2386.6) -> goal=(-4686.0, 547.1, -1929.7)
[Aircraft_9_12] PATH COMMIT SUCCESS. Goal: (-4686.0, 547.1, -1929.7). Points: 20. Duration: 3242 ms (thread: 3232 ms). Source: aerial_async. Reason: Success (threaded)
  Waypoint [0]: (-10213.1, 532.0, 2357.2)
  Waypoint [1]: (-9893.101, 532.0, 2397.2)
  Waypoint [2]: (-9173.101, 532.0, 1957.2)
  Waypoint [3]: (-8533.101, 538.0, 1877.2)
  Waypoint [4]: (-7973.1, 538.0, 1837.2)
  Waypoint [5]: (-7453.1, 535.0, 1917.2)
  Waypoint [6]: (-7293.1, 535.0, 2037.2)
  Waypoint [7]: (-6933.1, 532.0, 2157.2)
  Waypoint [8]: (-6733.1, 532.0, 2397.2)
  Waypoint [9]: (-5893.1, 532.0, 1877.2)
  Waypoint [10]: (-5853.1, 535.0, 1837.2)
  Waypoint [11]: (-5533.1, 535.0, 1277.2)
  Waypoint [12]: (-5493.1, 535.3, 1237.2)
  Waypoint [13]: (-5453.1, 538.0, 1197.2)
  Waypoint [14]: (-5453.1, 538.0, 797.2)
  Waypoint [15]: (-5133.1, 535.0, -322.8)
  Waypoint [16]: (-5093.1, 535.0, -362.8)
  Waypoint [17]: (-5053.1, 538.0, -402.8)
  Waypoint [18]: (-4813.1, 538.0, -762.8)
  Waypoint [19]: (-4693.1, 538.0, -1962.8)
[Aircraft_11_6_9_13] START THREADED PATH JOB: start=(-1102.0, 527.5, -1671.6) -> goal=(4694.5, 476.0, -1500.8)
[Aircraft_11_6_9_13] PATH COMMIT SUCCESS. Goal: (4694.5, 476.0, -1500.8). Points: 20. Duration: 2255 ms (thread: 2238 ms). Source: aerial_async. Reason: Success (threaded)
  Waypoint [0]: (-1065.5, 535.0, -1660.8)
  Waypoint [1]: (-705.5, 532.0, -1340.8)
  Waypoint [2]: (-545.5, 532.0, -1100.8)
  Waypoint [3]: (-185.5, 529.0, -660.8)
  Waypoint [4]: (-145.5, 529.0, -300.8)
  Waypoint [5]: (134.5, 531.0, -300.8)
  Waypoint [6]: (174.5, 532.0, -300.8)
  Waypoint [7]: (654.5, 532.0, -180.8)
  Waypoint [8]: (694.5, 535.0, -140.8)
  Waypoint [9]: (774.5, 535.0, -60.8)
  Waypoint [10]: (814.5, 538.0, -20.8)
  Waypoint [11]: (1054.5, 538.0, -100.8)
  Waypoint [12]: (1534.5, 529.0, -460.8)
  Waypoint [13]: (2134.5, 529.0, -700.8)
  Waypoint [14]: (2734.5, 529.0, -780.8)
  Waypoint [15]: (3134.5, 529.0, -1180.8)
  Waypoint [16]: (3774.5, 529.0, -1420.8)
  Waypoint [17]: (3854.5, 529.0, -1420.8)
  Waypoint [18]: (4614.5, 526.0, -1500.8)
  Waypoint [19]: (4694.5, 526.0, -1540.8)
[Aircraft_11_11_14] START THREADED PATH JOB: start=(-4840.8, 529.8, -1107.1) -> goal=(321.0, 476.0, -3103.7)
[Aircraft_11_11_14] PATH COMMIT SUCCESS. Goal: (321.0, 476.0, -3103.7). Points: 12. Duration: 1800 ms (thread: 1796 ms). Source: aerial_async. Reason: Success (threaded)
  Waypoint [0]: (-4839.0, 538.0, -1183.7)
  Waypoint [1]: (-4079.0, 540.7, -2023.7)
  Waypoint [2]: (-4039.0, 541.0, -2063.7)
  Waypoint [3]: (-3839.0, 541.0, -2183.7)
  Waypoint [4]: (-3479.0, 535.0, -2303.7)
  Waypoint [5]: (-1999.0, 532.0, -2103.7)
  Waypoint [6]: (-1479.0, 535.0, -2543.7)
  Waypoint [7]: (-1079.0, 535.0, -2983.7)
  Waypoint [8]: (-719.0, 535.0, -3103.7)
  Waypoint [9]: (41.0, 526.0, -3743.7)
  Waypoint [10]: (401.0, 526.0, -3543.7)
  Waypoint [11]: (321.0, 526.0, -3143.7)
[Aircraft_9_4_10_15] START THREADED PATH JOB: start=(-4838.1, 529.8, -1410.6) -> goal=(-7999.0, 482.0, -5383.7)
[Aircraft_9_4_10_15] PATH COMMIT SUCCESS. Goal: (-7999.0, 482.0, -5383.7). Points: 23. Duration: 5734 ms (thread: 5727 ms). Source: aerial_async. Reason: Success (threaded)
  Waypoint [0]: (-4879.0, 538.0, -1463.7)
  Waypoint [1]: (-5039.0, 538.0, -1663.7)
  Waypoint [2]: (-5399.0, 535.0, -1983.7)
  Waypoint [3]: (-5519.0, 535.0, -2063.7)
  Waypoint [4]: (-5879.0, 529.0, -2543.7)
  Waypoint [5]: (-5959.0, 532.0, -2863.7)
  Waypoint [6]: (-6079.0, 532.0, -3223.7)
  Waypoint [7]: (-6079.0, 535.0, -4183.7)
  Waypoint [8]: (-5239.0, 652.0, -5143.7)
  Waypoint [9]: (-4799.0, 652.0, -5543.7)
  Waypoint [10]: (-4719.0, 652.0, -5863.7)
  Waypoint [11]: (-4759.0, 652.0, -6023.7)
  Waypoint [12]: (-5479.0, 652.0, -6583.7)
  Waypoint [13]: (-6319.0, 652.0, -6783.7)
  Waypoint [14]: (-6679.0, 535.0, -6623.7)
  Waypoint [15]: (-6639.0, 535.0, -6543.7)
  Waypoint [16]: (-6919.0, 532.0, -6143.7)
  Waypoint [17]: (-7039.0, 534.0, -6143.7)
  Waypoint [18]: (-7079.0, 535.0, -6143.7)
  Waypoint [19]: (-7599.0, 535.0, -6023.7)
  Waypoint [20]: (-8039.0, 535.0, -5663.7)
  Waypoint [21]: (-7999.0, 535.0, -5623.7)
  Waypoint [22]: (-7999.0, 532.0, -5423.7)
[Aircraft_11_6_9_13] START THREADED PATH JOB: start=(985.3, 478.2, -64.3) -> goal=(-4852.2, 547.6, -1506.2)
[Aircraft_10_16] START THREADED PATH JOB: start=(-4810.9, 529.4, -1703.7) -> goal=(-2879.0, 485.0, -6183.7)
[Aircraft_10_16] PATH COMMIT SUCCESS. Goal: (-2879.0, 485.0, -6183.7). Points: 14. Duration: 1625 ms (thread: 1612 ms). Source: aerial_async. Reason: Success (threaded)
  Waypoint [0]: (-4839.0, 538.0, -1783.7)
  Waypoint [1]: (-4399.0, 541.0, -2463.7)
  Waypoint [2]: (-3879.0, 541.0, -3223.7)
  Waypoint [3]: (-3799.0, 541.0, -3303.7)
  Waypoint [4]: (-3519.0, 529.0, -3783.7)
  Waypoint [5]: (-3439.0, 529.0, -4223.7)
  Waypoint [6]: (-3199.0, 526.0, -4783.7)
  Waypoint [7]: (-3199.0, 526.0, -5143.7)
  Waypoint [8]: (-3199.0, 528.3, -5183.7)
  Waypoint [9]: (-3199.0, 529.0, -5223.7)
  Waypoint [10]: (-3239.0, 529.0, -5503.7)
  Waypoint [11]: (-3199.0, 532.0, -5543.7)
  Waypoint [12]: (-3079.0, 535.0, -5703.7)
  Waypoint [13]: (-2879.0, 535.0, -6223.7)
[Aircraft_11_6_9_13] PATH COMMIT SUCCESS. Goal: (-4852.2, 547.6, -1506.2). Points: 24. Duration: 3439 ms (thread: 3425 ms). Source: aerial_async. Reason: Success (threaded)
  Waypoint [0]: (921.0, 526.0, -103.7)
  Waypoint [1]: (641.0, 526.0, -23.7)
  Waypoint [2]: (1.0, 529.0, -103.7)
  Waypoint [3]: (-639.0, 529.0, 296.3)
  Waypoint [4]: (-1079.0, 529.0, 696.3)
  Waypoint [5]: (-1879.0, 529.0, 816.3)
  Waypoint [6]: (-2479.0, 529.0, 1136.3)
  Waypoint [7]: (-2519.0, 531.3, 1176.3)
  Waypoint [8]: (-2559.0, 532.0, 1216.3)
  Waypoint [9]: (-2599.0, 532.0, 1256.3)
  Waypoint [10]: (-2639.0, 535.0, 1296.3)
  Waypoint [11]: (-2719.0, 538.0, 1376.3)
  Waypoint [12]: (-2959.0, 538.0, 1376.3)
  Waypoint [13]: (-3479.0, 532.0, 1136.3)
  Waypoint [14]: (-3599.0, 532.0, 1136.3)
  Waypoint [15]: (-3959.0, 529.0, 1056.3)
  Waypoint [16]: (-3999.0, 529.0, 616.3)
  Waypoint [17]: (-4279.0, 531.0, 336.3)
  Waypoint [18]: (-4319.0, 532.0, 296.3)
  Waypoint [19]: (-4639.0, 535.0, -463.7)
  Waypoint [20]: (-4759.0, 535.0, -623.7)
  Waypoint [21]: (-4759.0, 536.0, -663.7)
  Waypoint [22]: (-4759.0, 538.0, -703.7)
  Waypoint [23]: (-4879.0, 538.0, -1543.7)
