HELI NAVIGATION REPORT START t=16.8 routes=8 center=(25520.0, 482.0, -28080.0)
t=32.3 SPAWN craft=Aircraft_10_nav_r1_1 route=1 candidate=1 trial=1 t=32.3
t=47.0 ==== SUMMARY t=47.0 ====
t=47.1 route=1 laps=0 crashes=0 avg_out=0.0s avg_ret=0.0s avg_lap=0.0s best_lap=-
t=47.1 route=2 laps=0 crashes=0 avg_out=0.0s avg_ret=0.0s avg_lap=0.0s best_lap=-
t=47.1 route=3 laps=0 crashes=0 avg_out=0.0s avg_ret=0.0s avg_lap=0.0s best_lap=-
t=47.1 route=4 laps=0 crashes=0 avg_out=0.0s avg_ret=0.0s avg_lap=0.0s best_lap=-
t=47.1 route=5 laps=0 crashes=0 avg_out=0.0s avg_ret=0.0s avg_lap=0.0s best_lap=-
t=47.1 route=6 laps=0 crashes=0 avg_out=0.0s avg_ret=0.0s avg_lap=0.0s best_lap=-
t=47.1 route=7 laps=0 crashes=0 avg_out=0.0s avg_ret=0.0s avg_lap=0.0s best_lap=-
t=47.1 route=8 laps=0 crashes=0 avg_out=0.0s avg_ret=0.0s avg_lap=0.0s best_lap=-
t=47.1 TOTAL laps=0 crashes=0
t=52.4 SPAWN craft=Aircraft_10_nav_r2_2 route=2 candidate=2 trial=2 t=52.4
t=72.4 SPAWN craft=Aircraft_10_nav_r3_3 route=3 candidate=3 trial=3 t=72.4
t=77.0 ==== SUMMARY t=77.0 ====
t=77.0 route=1 laps=0 crashes=0 avg_out=0.0s avg_ret=0.0s avg_lap=0.0s best_lap=-
t=77.1 route=2 laps=0 crashes=0 avg_out=0.0s avg_ret=0.0s avg_lap=0.0s best_lap=-
t=77.1 route=3 laps=0 crashes=0 avg_out=0.0s avg_ret=0.0s avg_lap=0.0s best_lap=-
t=77.1 route=4 laps=0 crashes=0 avg_out=0.0s avg_ret=0.0s avg_lap=0.0s best_lap=-
t=77.1 route=5 laps=0 crashes=0 avg_out=0.0s avg_ret=0.0s avg_lap=0.0s best_lap=-
t=77.1 route=6 laps=0 crashes=0 avg_out=0.0s avg_ret=0.0s avg_lap=0.0s best_lap=-
t=77.1 route=7 laps=0 crashes=0 avg_out=0.0s avg_ret=0.0s avg_lap=0.0s best_lap=-
t=77.1 route=8 laps=0 crashes=0 avg_out=0.0s avg_ret=0.0s avg_lap=0.0s best_lap=-
t=77.1 TOTAL laps=0 crashes=0
t=92.5 SPAWN craft=Aircraft_10_nav_r4_4 route=4 candidate=4 trial=4 t=92.5
t=107.1 ==== SUMMARY t=107.1 ====
t=107.1 route=1 laps=0 crashes=0 avg_out=0.0s avg_ret=0.0s avg_lap=0.0s best_lap=-
t=107.1 route=2 laps=0 crashes=0 avg_out=0.0s avg_ret=0.0s avg_lap=0.0s best_lap=-
t=107.1 route=3 laps=0 crashes=0 avg_out=0.0s avg_ret=0.0s avg_lap=0.0s best_lap=-
t=107.1 route=4 laps=0 crashes=0 avg_out=0.0s avg_ret=0.0s avg_lap=0.0s best_lap=-
t=107.1 route=5 laps=0 crashes=0 avg_out=0.0s avg_ret=0.0s avg_lap=0.0s best_lap=-
t=107.1 route=6 laps=0 crashes=0 avg_out=0.0s avg_ret=0.0s avg_lap=0.0s best_lap=-
t=107.1 route=7 laps=0 crashes=0 avg_out=0.0s avg_ret=0.0s avg_lap=0.0s best_lap=-
t=107.1 route=8 laps=0 crashes=0 avg_out=0.0s avg_ret=0.0s avg_lap=0.0s best_lap=-
t=107.1 TOTAL laps=0 crashes=0
t=112.5 SPAWN craft=Aircraft_10_nav_r5_5 route=5 candidate=5 trial=5 t=112.5
t=132.6 SPAWN craft=Aircraft_10_nav_r6_6 route=6 candidate=6 trial=6 t=132.6
t=137.1 ==== SUMMARY t=137.1 ====
t=137.1 route=1 laps=0 crashes=0 avg_out=0.0s avg_ret=0.0s avg_lap=0.0s best_lap=-
t=137.1 route=2 laps=0 crashes=0 avg_out=0.0s avg_ret=0.0s avg_lap=0.0s best_lap=-
t=137.1 route=3 laps=0 crashes=0 avg_out=0.0s avg_ret=0.0s avg_lap=0.0s best_lap=-
t=137.1 route=4 laps=0 crashes=0 avg_out=0.0s avg_ret=0.0s avg_lap=0.0s best_lap=-
t=137.1 route=5 laps=0 crashes=0 avg_out=0.0s avg_ret=0.0s avg_lap=0.0s best_lap=-
t=137.1 route=6 laps=0 crashes=0 avg_out=0.0s avg_ret=0.0s avg_lap=0.0s best_lap=-
t=137.1 route=7 laps=0 crashes=0 avg_out=0.0s avg_ret=0.0s avg_lap=0.0s best_lap=-
t=137.1 route=8 laps=0 crashes=0 avg_out=0.0s avg_ret=0.0s avg_lap=0.0s best_lap=-
t=137.1 TOTAL laps=0 crashes=0
t=152.8 SPAWN craft=Aircraft_10_nav_r7_7 route=7 candidate=7 trial=7 t=152.7
t=167.1 ==== SUMMARY t=167.1 ====
t=167.1 route=1 laps=0 crashes=0 avg_out=0.0s avg_ret=0.0s avg_lap=0.0s best_lap=-
t=167.1 route=2 laps=0 crashes=0 avg_out=0.0s avg_ret=0.0s avg_lap=0.0s best_lap=-
t=167.1 route=3 laps=0 crashes=0 avg_out=0.0s avg_ret=0.0s avg_lap=0.0s best_lap=-
t=167.2 route=4 laps=0 crashes=0 avg_out=0.0s avg_ret=0.0s avg_lap=0.0s best_lap=-
t=167.2 route=5 laps=0 crashes=0 avg_out=0.0s avg_ret=0.0s avg_lap=0.0s best_lap=-
t=167.2 route=6 laps=0 crashes=0 avg_out=0.0s avg_ret=0.0s avg_lap=0.0s best_lap=-
t=167.2 route=7 laps=0 crashes=0 avg_out=0.0s avg_ret=0.0s avg_lap=0.0s best_lap=-
t=167.2 route=8 laps=0 crashes=0 avg_out=0.0s avg_ret=0.0s avg_lap=0.0s best_lap=-
t=167.2 TOTAL laps=0 crashes=0
t=172.8 SPAWN craft=Aircraft_10_nav_r8_8 route=8 candidate=8 trial=8 t=172.8
t=180.4 LZ_REACHED craft=Aircraft_10_nav_r1_1 route=1 outbound=148.1s t=180.4
t=197.2 ==== SUMMARY t=197.2 ====
t=197.2 route=1 laps=0 crashes=0 avg_out=148.1s avg_ret=0.0s avg_lap=0.0s best_lap=-
t=197.2 route=2 laps=0 crashes=0 avg_out=0.0s avg_ret=0.0s avg_lap=0.0s best_lap=-
t=197.2 route=3 laps=0 crashes=0 avg_out=0.0s avg_ret=0.0s avg_lap=0.0s best_lap=-
t=197.2 route=4 laps=0 crashes=0 avg_out=0.0s avg_ret=0.0s avg_lap=0.0s best_lap=-
t=197.2 route=5 laps=0 crashes=0 avg_out=0.0s avg_ret=0.0s avg_lap=0.0s best_lap=-
t=197.2 route=6 laps=0 crashes=0 avg_out=0.0s avg_ret=0.0s avg_lap=0.0s best_lap=-
t=197.2 route=7 laps=0 crashes=0 avg_out=0.0s avg_ret=0.0s avg_lap=0.0s best_lap=-
t=197.3 route=8 laps=0 crashes=0 avg_out=0.0s avg_ret=0.0s avg_lap=0.0s best_lap=-
t=197.3 TOTAL laps=0 crashes=0
t=224.6 LZ_REACHED craft=Aircraft_10_nav_r2_2 route=2 outbound=172.3s t=224.6
t=227.2 ==== SUMMARY t=227.2 ====
t=227.2 route=1 laps=0 crashes=0 avg_out=148.1s avg_ret=0.0s avg_lap=0.0s best_lap=-
t=227.2 route=2 laps=0 crashes=0 avg_out=172.3s avg_ret=0.0s avg_lap=0.0s best_lap=-
t=227.2 route=3 laps=0 crashes=0 avg_out=0.0s avg_ret=0.0s avg_lap=0.0s best_lap=-
t=227.2 route=4 laps=0 crashes=0 avg_out=0.0s avg_ret=0.0s avg_lap=0.0s best_lap=-
t=227.2 route=5 laps=0 crashes=0 avg_out=0.0s avg_ret=0.0s avg_lap=0.0s best_lap=-
t=227.2 route=6 laps=0 crashes=0 avg_out=0.0s avg_ret=0.0s avg_lap=0.0s best_lap=-
t=227.2 route=7 laps=0 crashes=0 avg_out=0.0s avg_ret=0.0s avg_lap=0.0s best_lap=-
t=227.2 route=8 laps=0 crashes=0 avg_out=0.0s avg_ret=0.0s avg_lap=0.0s best_lap=-
t=227.2 TOTAL laps=0 crashes=0
t=257.2 ==== SUMMARY t=257.2 ====
t=257.2 route=1 laps=0 crashes=0 avg_out=148.1s avg_ret=0.0s avg_lap=0.0s best_lap=-
t=257.2 route=2 laps=0 crashes=0 avg_out=172.3s avg_ret=0.0s avg_lap=0.0s best_lap=-
t=257.2 route=3 laps=0 crashes=0 avg_out=0.0s avg_ret=0.0s avg_lap=0.0s best_lap=-
t=257.2 route=4 laps=0 crashes=0 avg_out=0.0s avg_ret=0.0s avg_lap=0.0s best_lap=-
t=257.2 route=5 laps=0 crashes=0 avg_out=0.0s avg_ret=0.0s avg_lap=0.0s best_lap=-
t=257.3 route=6 laps=0 crashes=0 avg_out=0.0s avg_ret=0.0s avg_lap=0.0s best_lap=-
t=257.3 route=7 laps=0 crashes=0 avg_out=0.0s avg_ret=0.0s avg_lap=0.0s best_lap=-
t=257.3 route=8 laps=0 crashes=0 avg_out=0.0s avg_ret=0.0s avg_lap=0.0s best_lap=-
t=257.3 TOTAL laps=0 crashes=0
t=275.3 LZ_REACHED craft=Aircraft_10_nav_r4_4 route=4 outbound=182.7s t=275.3
t=285.7 LZ_REACHED craft=Aircraft_10_nav_r6_6 route=6 outbound=153.1s t=285.7
t=287.2 ==== SUMMARY t=287.2 ====
t=287.2 route=1 laps=0 crashes=0 avg_out=148.1s avg_ret=0.0s avg_lap=0.0s best_lap=-
t=287.2 route=2 laps=0 crashes=0 avg_out=172.3s avg_ret=0.0s avg_lap=0.0s best_lap=-
t=287.2 route=3 laps=0 crashes=0 avg_out=0.0s avg_ret=0.0s avg_lap=0.0s best_lap=-
t=287.2 route=4 laps=0 crashes=0 avg_out=182.7s avg_ret=0.0s avg_lap=0.0s best_lap=-
t=287.2 route=5 laps=0 crashes=0 avg_out=0.0s avg_ret=0.0s avg_lap=0.0s best_lap=-
t=287.3 route=6 laps=0 crashes=0 avg_out=153.1s avg_ret=0.0s avg_lap=0.0s best_lap=-
t=287.3 route=7 laps=0 crashes=0 avg_out=0.0s avg_ret=0.0s avg_lap=0.0s best_lap=-
t=287.3 route=8 laps=0 crashes=0 avg_out=0.0s avg_ret=0.0s avg_lap=0.0s best_lap=-
t=287.3 TOTAL laps=0 crashes=0
t=298.5 LZ_REACHED craft=Aircraft_10_nav_r3_3 route=3 outbound=226.0s t=298.5
t=317.3 ==== SUMMARY t=317.3 ====
t=317.3 route=1 laps=0 crashes=0 avg_out=148.1s avg_ret=0.0s avg_lap=0.0s best_lap=-
t=317.3 route=2 laps=0 crashes=0 avg_out=172.3s avg_ret=0.0s avg_lap=0.0s best_lap=-
t=317.3 route=3 laps=0 crashes=0 avg_out=226.0s avg_ret=0.0s avg_lap=0.0s best_lap=-
t=317.3 route=4 laps=0 crashes=0 avg_out=182.7s avg_ret=0.0s avg_lap=0.0s best_lap=-
t=317.3 route=5 laps=0 crashes=0 avg_out=0.0s avg_ret=0.0s avg_lap=0.0s best_lap=-
t=317.3 route=6 laps=0 crashes=0 avg_out=153.1s avg_ret=0.0s avg_lap=0.0s best_lap=-
t=317.3 route=7 laps=0 crashes=0 avg_out=0.0s avg_ret=0.0s avg_lap=0.0s best_lap=-
t=317.4 route=8 laps=0 crashes=0 avg_out=0.0s avg_ret=0.0s avg_lap=0.0s best_lap=-
t=317.4 TOTAL laps=0 crashes=0
t=337.0 LAP craft=Aircraft_10_nav_r1_1 route=1 return=144.6s lap=304.7s t=337.0
t=366.3 ==== SUMMARY t=366.3 ====
t=366.3 route=1 laps=1 crashes=0 avg_out=148.1s avg_ret=144.6s avg_lap=304.7s best_lap=304.7
t=366.3 route=2 laps=0 crashes=0 avg_out=172.3s avg_ret=0.0s avg_lap=0.0s best_lap=-
t=366.3 route=3 laps=0 crashes=0 avg_out=226.0s avg_ret=0.0s avg_lap=0.0s best_lap=-
t=366.3 route=4 laps=0 crashes=0 avg_out=182.7s avg_ret=0.0s avg_lap=0.0s best_lap=-
t=366.4 route=5 laps=0 crashes=0 avg_out=0.0s avg_ret=0.0s avg_lap=0.0s best_lap=-
t=366.4 route=6 laps=0 crashes=0 avg_out=153.1s avg_ret=0.0s avg_lap=0.0s best_lap=-
t=366.4 route=7 laps=0 crashes=0 avg_out=0.0s avg_ret=0.0s avg_lap=0.0s best_lap=-
t=366.4 route=8 laps=0 crashes=0 avg_out=0.0s avg_ret=0.0s avg_lap=0.0s best_lap=-
t=366.4 TOTAL laps=1 crashes=0
t=376.2 LZ_REACHED craft=Aircraft_10_nav_r5_5 route=5 outbound=263.7s t=376.2
t=396.3 ==== SUMMARY t=396.3 ====
t=396.3 route=1 laps=1 crashes=0 avg_out=148.1s avg_ret=144.6s avg_lap=304.7s best_lap=304.7
t=396.3 route=2 laps=0 crashes=0 avg_out=172.3s avg_ret=0.0s avg_lap=0.0s best_lap=-
t=396.3 route=3 laps=0 crashes=0 avg_out=226.0s avg_ret=0.0s avg_lap=0.0s best_lap=-
t=396.4 route=4 laps=0 crashes=0 avg_out=182.7s avg_ret=0.0s avg_lap=0.0s best_lap=-
t=396.4 route=5 laps=0 crashes=0 avg_out=263.7s avg_ret=0.0s avg_lap=0.0s best_lap=-
t=396.4 route=6 laps=0 crashes=0 avg_out=153.1s avg_ret=0.0s avg_lap=0.0s best_lap=-
t=396.4 route=7 laps=0 crashes=0 avg_out=0.0s avg_ret=0.0s avg_lap=0.0s best_lap=-
t=396.4 route=8 laps=0 crashes=0 avg_out=0.0s avg_ret=0.0s avg_lap=0.0s best_lap=-
t=396.4 TOTAL laps=1 crashes=0
t=397.6 SPAWN craft=Aircraft_10_nav_r1_1_9 route=1 candidate=2 trial=9 t=397.6
t=426.4 ==== SUMMARY t=426.4 ====
t=426.4 route=1 laps=1 crashes=0 avg_out=148.1s avg_ret=144.6s avg_lap=304.7s best_lap=304.7
t=426.4 route=2 laps=0 crashes=0 avg_out=172.3s avg_ret=0.0s avg_lap=0.0s best_lap=-
t=426.4 route=3 laps=0 crashes=0 avg_out=226.0s avg_ret=0.0s avg_lap=0.0s best_lap=-
t=426.4 route=4 laps=0 crashes=0 avg_out=182.7s avg_ret=0.0s avg_lap=0.0s best_lap=-
t=426.4 route=5 laps=0 crashes=0 avg_out=263.7s avg_ret=0.0s avg_lap=0.0s best_lap=-
t=426.4 route=6 laps=0 crashes=0 avg_out=153.1s avg_ret=0.0s avg_lap=0.0s best_lap=-
t=426.4 route=7 laps=0 crashes=0 avg_out=0.0s avg_ret=0.0s avg_lap=0.0s best_lap=-
t=426.4 route=8 laps=0 crashes=0 avg_out=0.0s avg_ret=0.0s avg_lap=0.0s best_lap=-
t=426.4 TOTAL laps=1 crashes=0
t=444.4 LAP craft=Aircraft_10_nav_r6_6 route=6 return=146.7s lap=311.8s t=444.4
t=463.3 LZ_REACHED craft=Aircraft_10_nav_r7_7 route=7 outbound=310.5s t=463.3
t=469.1 LAP craft=Aircraft_10_nav_r2_2 route=2 return=232.5s lap=416.8s t=469.1
t=475.1 ==== SUMMARY t=475.1 ====
t=475.1 route=1 laps=1 crashes=0 avg_out=148.1s avg_ret=144.6s avg_lap=304.7s best_lap=304.7
t=475.1 route=2 laps=1 crashes=0 avg_out=172.3s avg_ret=232.5s avg_lap=416.8s best_lap=416.8
t=475.1 route=3 laps=0 crashes=0 avg_out=226.0s avg_ret=0.0s avg_lap=0.0s best_lap=-
t=475.1 route=4 laps=0 crashes=0 avg_out=182.7s avg_ret=0.0s avg_lap=0.0s best_lap=-
t=475.1 route=5 laps=0 crashes=0 avg_out=263.7s avg_ret=0.0s avg_lap=0.0s best_lap=-
t=475.1 route=6 laps=1 crashes=0 avg_out=153.1s avg_ret=146.7s avg_lap=311.8s best_lap=311.8
t=475.1 route=7 laps=0 crashes=0 avg_out=310.5s avg_ret=0.0s avg_lap=0.0s best_lap=-
t=475.2 route=8 laps=0 crashes=0 avg_out=0.0s avg_ret=0.0s avg_lap=0.0s best_lap=-
t=475.2 TOTAL laps=3 crashes=0
t=479.6 LAP craft=Aircraft_10_nav_r4_4 route=4 return=192.3s lap=387.1s t=479.6
t=505.3 ==== SUMMARY t=505.3 ====
t=505.4 route=1 laps=1 crashes=0 avg_out=148.1s avg_ret=144.6s avg_lap=304.7s best_lap=304.7
t=505.4 route=2 laps=1 crashes=0 avg_out=172.3s avg_ret=232.5s avg_lap=416.8s best_lap=416.8
t=505.4 route=3 laps=0 crashes=0 avg_out=226.0s avg_ret=0.0s avg_lap=0.0s best_lap=-
t=505.4 route=4 laps=1 crashes=0 avg_out=182.7s avg_ret=192.3s avg_lap=387.1s best_lap=387.1
t=505.4 route=5 laps=0 crashes=0 avg_out=263.7s avg_ret=0.0s avg_lap=0.0s best_lap=-
t=505.4 route=6 laps=1 crashes=0 avg_out=153.1s avg_ret=146.7s avg_lap=311.8s best_lap=311.8
t=505.4 route=7 laps=0 crashes=0 avg_out=310.5s avg_ret=0.0s avg_lap=0.0s best_lap=-
t=505.4 route=8 laps=0 crashes=0 avg_out=0.0s avg_ret=0.0s avg_lap=0.0s best_lap=-
t=505.4 TOTAL laps=4 crashes=0
t=507.0 LZ_REACHED craft=Aircraft_10_nav_r8_8 route=8 outbound=334.2s t=507.0
t=535.3 ==== SUMMARY t=535.3 ====
t=535.4 route=1 laps=1 crashes=0 avg_out=148.1s avg_ret=144.6s avg_lap=304.7s best_lap=304.7
t=535.4 route=2 laps=1 crashes=0 avg_out=172.3s avg_ret=232.5s avg_lap=416.8s best_lap=416.8
t=535.4 route=3 laps=0 crashes=0 avg_out=226.0s avg_ret=0.0s avg_lap=0.0s best_lap=-
t=535.4 route=4 laps=1 crashes=0 avg_out=182.7s avg_ret=192.3s avg_lap=387.1s best_lap=387.1
t=535.4 route=5 laps=0 crashes=0 avg_out=263.7s avg_ret=0.0s avg_lap=0.0s best_lap=-
t=535.4 route=6 laps=1 crashes=0 avg_out=153.1s avg_ret=146.7s avg_lap=311.8s best_lap=311.8
t=535.4 route=7 laps=0 crashes=0 avg_out=310.5s avg_ret=0.0s avg_lap=0.0s best_lap=-
t=535.4 route=8 laps=0 crashes=0 avg_out=334.2s avg_ret=0.0s avg_lap=0.0s best_lap=-
t=535.4 TOTAL laps=4 crashes=0
t=543.7 LZ_REACHED craft=Aircraft_10_nav_r1_1_9 route=1 outbound=146.1s t=543.7
t=552.0 SPAWN craft=Aircraft_10_nav_r6_6_10 route=6 candidate=7 trial=10 t=552.0
t=565.4 ==== SUMMARY t=565.4 ====
t=565.4 route=1 laps=1 crashes=0 avg_out=147.1s avg_ret=144.6s avg_lap=304.7s best_lap=304.7
t=565.4 route=2 laps=1 crashes=0 avg_out=172.3s avg_ret=232.5s avg_lap=416.8s best_lap=416.8
t=565.4 route=3 laps=0 crashes=0 avg_out=226.0s avg_ret=0.0s avg_lap=0.0s best_lap=-
t=565.4 route=4 laps=1 crashes=0 avg_out=182.7s avg_ret=192.3s avg_lap=387.1s best_lap=387.1
t=565.4 route=5 laps=0 crashes=0 avg_out=263.7s avg_ret=0.0s avg_lap=0.0s best_lap=-
t=565.4 route=6 laps=1 crashes=0 avg_out=153.1s avg_ret=146.7s avg_lap=311.8s best_lap=311.8
t=565.4 route=7 laps=0 crashes=0 avg_out=310.5s avg_ret=0.0s avg_lap=0.0s best_lap=-
t=565.4 route=8 laps=0 crashes=0 avg_out=334.2s avg_ret=0.0s avg_lap=0.0s best_lap=-
t=565.4 TOTAL laps=4 crashes=0
t=572.0 SPAWN craft=Aircraft_10_nav_r4_4_11 route=4 candidate=5 trial=11 t=572.0
t=595.4 ==== SUMMARY t=595.4 ====
t=595.4 route=1 laps=1 crashes=0 avg_out=147.1s avg_ret=144.6s avg_lap=304.7s best_lap=304.7
t=595.4 route=2 laps=1 crashes=0 avg_out=172.3s avg_ret=232.5s avg_lap=416.8s best_lap=416.8
t=595.4 route=3 laps=0 crashes=0 avg_out=226.0s avg_ret=0.0s avg_lap=0.0s best_lap=-
t=595.4 route=4 laps=1 crashes=0 avg_out=182.7s avg_ret=192.3s avg_lap=387.1s best_lap=387.1
t=595.5 route=5 laps=0 crashes=0 avg_out=263.7s avg_ret=0.0s avg_lap=0.0s best_lap=-
t=595.5 route=6 laps=1 crashes=0 avg_out=153.1s avg_ret=146.7s avg_lap=311.8s best_lap=311.8
t=595.5 route=7 laps=0 crashes=0 avg_out=310.5s avg_ret=0.0s avg_lap=0.0s best_lap=-
t=595.5 route=8 laps=0 crashes=0 avg_out=334.2s avg_ret=0.0s avg_lap=0.0s best_lap=-
t=595.5 TOTAL laps=4 crashes=0
t=599.7 LAP craft=Aircraft_10_nav_r3_3 route=3 return=289.2s lap=527.3s t=599.7
t=622.2 CRASH craft=Aircraft_10_nav_r8_8 route=8 phase=2 t=622.2
t=644.3 ==== SUMMARY t=644.3 ====
t=644.3 route=1 laps=1 crashes=0 avg_out=147.1s avg_ret=144.6s avg_lap=304.7s best_lap=304.7
t=644.3 route=2 laps=1 crashes=0 avg_out=172.3s avg_ret=232.5s avg_lap=416.8s best_lap=416.8
t=644.3 route=3 laps=1 crashes=0 avg_out=226.0s avg_ret=289.2s avg_lap=527.3s best_lap=527.3
t=644.3 route=4 laps=1 crashes=0 avg_out=182.7s avg_ret=192.3s avg_lap=387.1s best_lap=387.1
t=644.3 route=5 laps=0 crashes=0 avg_out=263.7s avg_ret=0.0s avg_lap=0.0s best_lap=-
t=644.3 route=6 laps=1 crashes=0 avg_out=153.1s avg_ret=146.7s avg_lap=311.8s best_lap=311.8
t=644.3 route=7 laps=0 crashes=0 avg_out=310.5s avg_ret=0.0s avg_lap=0.0s best_lap=-
t=644.3 route=8 laps=0 crashes=1 avg_out=334.2s avg_ret=0.0s avg_lap=0.0s best_lap=-
t=644.3 TOTAL laps=5 crashes=1
t=661.0 LAP craft=Aircraft_10_nav_r5_5 route=5 return=272.9s lap=548.5s t=661.0
t=679.9 SPAWN craft=Aircraft_10_nav_r8_12 route=8 candidate=1 trial=12 t=679.9
t=693.0 ==== SUMMARY t=693.0 ====
t=693.0 route=1 laps=1 crashes=0 avg_out=147.1s avg_ret=144.6s avg_lap=304.7s best_lap=304.7
t=693.0 route=2 laps=1 crashes=0 avg_out=172.3s avg_ret=232.5s avg_lap=416.8s best_lap=416.8
t=693.0 route=3 laps=1 crashes=0 avg_out=226.0s avg_ret=289.2s avg_lap=527.3s best_lap=527.3
t=693.0 route=4 laps=1 crashes=0 avg_out=182.7s avg_ret=192.3s avg_lap=387.1s best_lap=387.1
t=693.0 route=5 laps=1 crashes=0 avg_out=263.7s avg_ret=272.9s avg_lap=548.5s best_lap=548.5
t=693.0 route=6 laps=1 crashes=0 avg_out=153.1s avg_ret=146.7s avg_lap=311.8s best_lap=311.8
t=693.0 route=7 laps=0 crashes=0 avg_out=310.5s avg_ret=0.0s avg_lap=0.0s best_lap=-
t=693.0 route=8 laps=0 crashes=1 avg_out=334.2s avg_ret=0.0s avg_lap=0.0s best_lap=-
t=693.1 TOTAL laps=6 crashes=1
t=701.0 LZ_REACHED craft=Aircraft_10_nav_r6_6_10 route=6 outbound=149.0s t=701.0
t=710.1 LAP craft=Aircraft_10_nav_r1_1_9 route=1 return=154.4s lap=312.5s t=710.1
t=725.1 SPAWN craft=Aircraft_10_nav_r3_3_13 route=3 candidate=4 trial=13 t=725.1
t=727.8 ==== SUMMARY t=727.8 ====
t=727.8 route=1 laps=2 crashes=0 avg_out=147.1s avg_ret=149.5s avg_lap=308.6s best_lap=304.7
t=727.9 route=2 laps=1 crashes=0 avg_out=172.3s avg_ret=232.5s avg_lap=416.8s best_lap=416.8
t=727.9 route=3 laps=1 crashes=0 avg_out=226.0s avg_ret=289.2s avg_lap=527.3s best_lap=527.3
t=727.9 route=4 laps=1 crashes=0 avg_out=182.7s avg_ret=192.3s avg_lap=387.1s best_lap=387.1
t=727.9 route=5 laps=1 crashes=0 avg_out=263.7s avg_ret=272.9s avg_lap=548.5s best_lap=548.5
t=727.9 route=6 laps=1 crashes=0 avg_out=151.0s avg_ret=146.7s avg_lap=311.8s best_lap=311.8
t=727.9 route=7 laps=0 crashes=0 avg_out=310.5s avg_ret=0.0s avg_lap=0.0s best_lap=-
t=727.9 route=8 laps=0 crashes=1 avg_out=334.2s avg_ret=0.0s avg_lap=0.0s best_lap=-
t=727.9 TOTAL laps=7 crashes=1
t=747.3 SPAWN craft=Aircraft_10_nav_r5_5_14 route=5 candidate=6 trial=14 t=747.3
t=752.2 LZ_REACHED craft=Aircraft_10_nav_r4_4_11 route=4 outbound=180.2s t=752.2
t=757.9 ==== SUMMARY t=757.9 ====
t=757.9 route=1 laps=2 crashes=0 avg_out=147.1s avg_ret=149.5s avg_lap=308.6s best_lap=304.7
t=757.9 route=2 laps=1 crashes=0 avg_out=172.3s avg_ret=232.5s avg_lap=416.8s best_lap=416.8
t=757.9 route=3 laps=1 crashes=0 avg_out=226.0s avg_ret=289.2s avg_lap=527.3s best_lap=527.3
t=757.9 route=4 laps=1 crashes=0 avg_out=181.5s avg_ret=192.3s avg_lap=387.1s best_lap=387.1
t=757.9 route=5 laps=1 crashes=0 avg_out=263.7s avg_ret=272.9s avg_lap=548.5s best_lap=548.5
t=757.9 route=6 laps=1 crashes=0 avg_out=151.0s avg_ret=146.7s avg_lap=311.8s best_lap=311.8
t=757.9 route=7 laps=0 crashes=0 avg_out=310.5s avg_ret=0.0s avg_lap=0.0s best_lap=-
t=757.9 route=8 laps=0 crashes=1 avg_out=334.2s avg_ret=0.0s avg_lap=0.0s best_lap=-
t=757.9 TOTAL laps=7 crashes=1
t=765.0 SPAWN craft=Aircraft_10_nav_r1_1_9_15 route=1 candidate=3 trial=15 t=765.0
t=775.8 LAP craft=Aircraft_10_nav_r7_7 route=7 return=312.2s lap=623.1s t=775.8
t=806.6 ==== SUMMARY t=806.6 ====
t=806.6 route=1 laps=2 crashes=0 avg_out=147.1s avg_ret=149.5s avg_lap=308.6s best_lap=304.7
t=806.6 route=2 laps=1 crashes=0 avg_out=172.3s avg_ret=232.5s avg_lap=416.8s best_lap=416.8
t=806.6 route=3 laps=1 crashes=0 avg_out=226.0s avg_ret=289.2s avg_lap=527.3s best_lap=527.3
t=806.6 route=4 laps=1 crashes=0 avg_out=181.5s avg_ret=192.3s avg_lap=387.1s best_lap=387.1
t=806.7 route=5 laps=1 crashes=0 avg_out=263.7s avg_ret=272.9s avg_lap=548.5s best_lap=548.5
t=806.7 route=6 laps=1 crashes=0 avg_out=151.0s avg_ret=146.7s avg_lap=311.8s best_lap=311.8
t=806.7 route=7 laps=1 crashes=0 avg_out=310.5s avg_ret=312.2s avg_lap=623.1s best_lap=623.1
t=806.7 route=8 laps=0 crashes=1 avg_out=334.2s avg_ret=0.0s avg_lap=0.0s best_lap=-
t=806.7 TOTAL laps=8 crashes=1
t=836.7 ==== SUMMARY t=836.7 ====
t=836.7 route=1 laps=2 crashes=0 avg_out=147.1s avg_ret=149.5s avg_lap=308.6s best_lap=304.7
t=836.7 route=2 laps=1 crashes=0 avg_out=172.3s avg_ret=232.5s avg_lap=416.8s best_lap=416.8
t=836.7 route=3 laps=1 crashes=0 avg_out=226.0s avg_ret=289.2s avg_lap=527.3s best_lap=527.3
t=836.7 route=4 laps=1 crashes=0 avg_out=181.5s avg_ret=192.3s avg_lap=387.1s best_lap=387.1
t=836.7 route=5 laps=1 crashes=0 avg_out=263.7s avg_ret=272.9s avg_lap=548.5s best_lap=548.5
t=836.7 route=6 laps=1 crashes=0 avg_out=151.0s avg_ret=146.7s avg_lap=311.8s best_lap=311.8
t=836.8 route=7 laps=1 crashes=0 avg_out=310.5s avg_ret=312.2s avg_lap=623.1s best_lap=623.1
t=836.8 route=8 laps=0 crashes=1 avg_out=334.2s avg_ret=0.0s avg_lap=0.0s best_lap=-
t=836.8 TOTAL laps=8 crashes=1
t=839.0 SPAWN craft=Aircraft_10_nav_r7_7_16 route=7 candidate=8 trial=16 t=839.0
t=857.0 LAP craft=Aircraft_10_nav_r6_6_10 route=6 return=143.9s lap=305.0s t=857.0
t=885.7 ==== SUMMARY t=885.7 ====
t=885.7 route=1 laps=2 crashes=0 avg_out=147.1s avg_ret=149.5s avg_lap=308.6s best_lap=304.7
t=885.7 route=2 laps=1 crashes=0 avg_out=172.3s avg_ret=232.5s avg_lap=416.8s best_lap=416.8
t=885.7 route=3 laps=1 crashes=0 avg_out=226.0s avg_ret=289.2s avg_lap=527.3s best_lap=527.3
t=885.7 route=4 laps=1 crashes=0 avg_out=181.5s avg_ret=192.3s avg_lap=387.1s best_lap=387.1
t=885.7 route=5 laps=1 crashes=0 avg_out=263.7s avg_ret=272.9s avg_lap=548.5s best_lap=548.5
t=885.7 route=6 laps=2 crashes=0 avg_out=151.0s avg_ret=145.3s avg_lap=308.4s best_lap=305.0
t=885.7 route=7 laps=1 crashes=0 avg_out=310.5s avg_ret=312.2s avg_lap=623.1s best_lap=623.1
t=885.7 route=8 laps=0 crashes=1 avg_out=334.2s avg_ret=0.0s avg_lap=0.0s best_lap=-
t=885.7 TOTAL laps=9 crashes=1
t=912.2 LZ_REACHED craft=Aircraft_10_nav_r1_1_9_15 route=1 outbound=147.2s t=912.2
t=913.1 SPAWN craft=Aircraft_10_nav_r6_6_10_17 route=6 candidate=8 trial=17 t=913.1
t=915.7 ==== SUMMARY t=915.7 ====
t=915.7 route=1 laps=2 crashes=0 avg_out=147.1s avg_ret=149.5s avg_lap=308.6s best_lap=304.7
t=915.7 route=2 laps=1 crashes=0 avg_out=172.3s avg_ret=232.5s avg_lap=416.8s best_lap=416.8
t=915.7 route=3 laps=1 crashes=0 avg_out=226.0s avg_ret=289.2s avg_lap=527.3s best_lap=527.3
t=915.7 route=4 laps=1 crashes=0 avg_out=181.5s avg_ret=192.3s avg_lap=387.1s best_lap=387.1
t=915.7 route=5 laps=1 crashes=0 avg_out=263.7s avg_ret=272.9s avg_lap=548.5s best_lap=548.5
t=915.7 route=6 laps=2 crashes=0 avg_out=151.0s avg_ret=145.3s avg_lap=308.4s best_lap=305.0
t=915.7 route=7 laps=1 crashes=0 avg_out=310.5s avg_ret=312.2s avg_lap=623.1s best_lap=623.1
t=915.7 route=8 laps=0 crashes=1 avg_out=334.2s avg_ret=0.0s avg_lap=0.0s best_lap=-
t=915.7 TOTAL laps=9 crashes=1
t=945.7 LZ_REACHED craft=Aircraft_10_nav_r3_3_13 route=3 outbound=220.6s t=945.7
t=945.7 ==== SUMMARY t=945.7 ====
t=945.7 route=1 laps=2 crashes=0 avg_out=147.1s avg_ret=149.5s avg_lap=308.6s best_lap=304.7
t=945.7 route=2 laps=1 crashes=0 avg_out=172.3s avg_ret=232.5s avg_lap=416.8s best_lap=416.8
t=945.7 route=3 laps=1 crashes=0 avg_out=223.3s avg_ret=289.2s avg_lap=527.3s best_lap=527.3
t=945.7 route=4 laps=1 crashes=0 avg_out=181.5s avg_ret=192.3s avg_lap=387.1s best_lap=387.1
t=945.7 route=5 laps=1 crashes=0 avg_out=263.7s avg_ret=272.9s avg_lap=548.5s best_lap=548.5
t=945.7 route=6 laps=2 crashes=0 avg_out=151.0s avg_ret=145.3s avg_lap=308.4s best_lap=305.0
t=945.7 route=7 laps=1 crashes=0 avg_out=310.5s avg_ret=312.2s avg_lap=623.1s best_lap=623.1
t=945.8 route=8 laps=0 crashes=1 avg_out=334.2s avg_ret=0.0s avg_lap=0.0s best_lap=-
t=945.8 TOTAL laps=9 crashes=1
t=957.3 LAP craft=Aircraft_10_nav_r4_4_11 route=4 return=193.1s lap=385.3s t=957.3
t=986.9 LZ_REACHED craft=Aircraft_10_nav_r8_12 route=8 outbound=307.1s t=986.9
t=994.5 ==== SUMMARY t=994.5 ====
t=994.5 route=1 laps=2 crashes=0 avg_out=147.1s avg_ret=149.5s avg_lap=308.6s best_lap=304.7
t=994.5 route=2 laps=1 crashes=0 avg_out=172.3s avg_ret=232.5s avg_lap=416.8s best_lap=416.8
t=994.5 route=3 laps=1 crashes=0 avg_out=223.3s avg_ret=289.2s avg_lap=527.3s best_lap=527.3
t=994.5 route=4 laps=2 crashes=0 avg_out=181.5s avg_ret=192.7s avg_lap=386.2s best_lap=385.3
t=994.5 route=5 laps=1 crashes=0 avg_out=263.7s avg_ret=272.9s avg_lap=548.5s best_lap=548.5
t=994.6 route=6 laps=2 crashes=0 avg_out=151.0s avg_ret=145.3s avg_lap=308.4s best_lap=305.0
t=994.6 route=7 laps=1 crashes=0 avg_out=310.5s avg_ret=312.2s avg_lap=623.1s best_lap=623.1
t=994.6 route=8 laps=0 crashes=1 avg_out=320.6s avg_ret=0.0s avg_lap=0.0s best_lap=-
t=994.6 TOTAL laps=10 crashes=1
t=1013.8 LZ_REACHED craft=Aircraft_10_nav_r5_5_14 route=5 outbound=266.5s t=1013.8
t=1022.2 SPAWN craft=Aircraft_10_nav_r4_4_11_18 route=4 candidate=6 trial=18 t=1022.2
t=1024.5 ==== SUMMARY t=1024.5 ====
t=1024.5 route=1 laps=2 crashes=0 avg_out=147.1s avg_ret=149.5s avg_lap=308.6s best_lap=304.7
t=1024.6 route=2 laps=1 crashes=0 avg_out=172.3s avg_ret=232.5s avg_lap=416.8s best_lap=416.8
t=1024.6 route=3 laps=1 crashes=0 avg_out=223.3s avg_ret=289.2s avg_lap=527.3s best_lap=527.3
t=1024.6 route=4 laps=2 crashes=0 avg_out=181.5s avg_ret=192.7s avg_lap=386.2s best_lap=385.3
t=1024.6 route=5 laps=1 crashes=0 avg_out=265.1s avg_ret=272.9s avg_lap=548.5s best_lap=548.5
t=1024.6 route=6 laps=2 crashes=0 avg_out=151.0s avg_ret=145.3s avg_lap=308.4s best_lap=305.0
t=1024.6 route=7 laps=1 crashes=0 avg_out=310.5s avg_ret=312.2s avg_lap=623.1s best_lap=623.1
t=1024.6 route=8 laps=0 crashes=1 avg_out=320.6s avg_ret=0.0s avg_lap=0.0s best_lap=-
t=1024.6 TOTAL laps=10 crashes=1
t=1054.6 ==== SUMMARY t=1054.6 ====
t=1054.6 route=1 laps=2 crashes=0 avg_out=147.1s avg_ret=149.5s avg_lap=308.6s best_lap=304.7
t=1054.6 route=2 laps=1 crashes=0 avg_out=172.3s avg_ret=232.5s avg_lap=416.8s best_lap=416.8
t=1054.6 route=3 laps=1 crashes=0 avg_out=223.3s avg_ret=289.2s avg_lap=527.3s best_lap=527.3
t=1054.6 route=4 laps=2 crashes=0 avg_out=181.5s avg_ret=192.7s avg_lap=386.2s best_lap=385.3
t=1054.6 route=5 laps=1 crashes=0 avg_out=265.1s avg_ret=272.9s avg_lap=548.5s best_lap=548.5
t=1054.6 route=6 laps=2 crashes=0 avg_out=151.0s avg_ret=145.3s avg_lap=308.4s best_lap=305.0
t=1054.6 route=7 laps=1 crashes=0 avg_out=310.5s avg_ret=312.2s avg_lap=623.1s best_lap=623.1
t=1054.6 route=8 laps=0 crashes=1 avg_out=320.6s avg_ret=0.0s avg_lap=0.0s best_lap=-
t=1054.6 TOTAL laps=10 crashes=1
t=1061.3 LZ_REACHED craft=Aircraft_10_nav_r6_6_10_17 route=6 outbound=148.2s t=1061.3
t=1084.6 ==== SUMMARY t=1084.6 ====
t=1084.6 route=1 laps=2 crashes=0 avg_out=147.1s avg_ret=149.5s avg_lap=308.6s best_lap=304.7
t=1084.6 route=2 laps=1 crashes=0 avg_out=172.3s avg_ret=232.5s avg_lap=416.8s best_lap=416.8
t=1084.6 route=3 laps=1 crashes=0 avg_out=223.3s avg_ret=289.2s avg_lap=527.3s best_lap=527.3
t=1084.6 route=4 laps=2 crashes=0 avg_out=181.5s avg_ret=192.7s avg_lap=386.2s best_lap=385.3
t=1084.6 route=5 laps=1 crashes=0 avg_out=265.1s avg_ret=272.9s avg_lap=548.5s best_lap=548.5
t=1084.6 route=6 laps=2 crashes=0 avg_out=150.1s avg_ret=145.3s avg_lap=308.4s best_lap=305.0
t=1084.6 route=7 laps=1 crashes=0 avg_out=310.5s avg_ret=312.2s avg_lap=623.1s best_lap=623.1
t=1084.6 route=8 laps=0 crashes=1 avg_out=320.6s avg_ret=0.0s avg_lap=0.0s best_lap=-
t=1084.6 TOTAL laps=10 crashes=1
t=1089.6 LAP craft=Aircraft_10_nav_r1_1_9_15 route=1 return=165.5s lap=324.6s t=1089.6
t=1109.1 CRASH craft=Aircraft_10_nav_r8_12 route=8 phase=2 t=1109.1
t=1134.0 ==== SUMMARY t=1134.0 ====
t=1134.0 route=1 laps=3 crashes=0 avg_out=147.1s avg_ret=154.8s avg_lap=313.9s best_lap=304.7
t=1134.0 route=2 laps=1 crashes=0 avg_out=172.3s avg_ret=232.5s avg_lap=416.8s best_lap=416.8
t=1134.0 route=3 laps=1 crashes=0 avg_out=223.3s avg_ret=289.2s avg_lap=527.3s best_lap=527.3
t=1134.0 route=4 laps=2 crashes=0 avg_out=181.5s avg_ret=192.7s avg_lap=386.2s best_lap=385.3
t=1134.0 route=5 laps=1 crashes=0 avg_out=265.1s avg_ret=272.9s avg_lap=548.5s best_lap=548.5
t=1134.0 route=6 laps=2 crashes=0 avg_out=150.1s avg_ret=145.3s avg_lap=308.4s best_lap=305.0
t=1134.0 route=7 laps=1 crashes=0 avg_out=310.5s avg_ret=312.2s avg_lap=623.1s best_lap=623.1
t=1134.0 route=8 laps=0 crashes=2 avg_out=320.6s avg_ret=0.0s avg_lap=0.0s best_lap=-
t=1134.0 TOTAL laps=11 crashes=2
t=1147.0 SPAWN craft=Aircraft_10_nav_r8_19 route=8 candidate=2 trial=19 t=1147.0
t=1164.0 ==== SUMMARY t=1164.0 ====
t=1164.0 route=1 laps=3 crashes=0 avg_out=147.1s avg_ret=154.8s avg_lap=313.9s best_lap=304.7
t=1164.0 route=2 laps=1 crashes=0 avg_out=172.3s avg_ret=232.5s avg_lap=416.8s best_lap=416.8
t=1164.0 route=3 laps=1 crashes=0 avg_out=223.3s avg_ret=289.2s avg_lap=527.3s best_lap=527.3
t=1164.1 route=4 laps=2 crashes=0 avg_out=181.5s avg_ret=192.7s avg_lap=386.2s best_lap=385.3
t=1164.1 route=5 laps=1 crashes=0 avg_out=265.1s avg_ret=272.9s avg_lap=548.5s best_lap=548.5
t=1164.1 route=6 laps=2 crashes=0 avg_out=150.1s avg_ret=145.3s avg_lap=308.4s best_lap=305.0
t=1164.1 route=7 laps=1 crashes=0 avg_out=310.5s avg_ret=312.2s avg_lap=623.1s best_lap=623.1
t=1164.1 route=8 laps=0 crashes=2 avg_out=320.6s avg_ret=0.0s avg_lap=0.0s best_lap=-
t=1164.1 TOTAL laps=11 crashes=2
t=1167.0 SPAWN craft=Aircraft_10_nav_r1_1_9_15_20 route=1 candidate=4 trial=20 t=1167.0
t=1184.1 LZ_REACHED craft=Aircraft_10_nav_r7_7_16 route=7 outbound=345.2s t=1184.1
t=1194.1 ==== SUMMARY t=1194.1 ====
t=1194.1 route=1 laps=3 crashes=0 avg_out=147.1s avg_ret=154.8s avg_lap=313.9s best_lap=304.7
t=1194.1 route=2 laps=1 crashes=0 avg_out=172.3s avg_ret=232.5s avg_lap=416.8s best_lap=416.8
t=1194.1 route=3 laps=1 crashes=0 avg_out=223.3s avg_ret=289.2s avg_lap=527.3s best_lap=527.3
t=1194.1 route=4 laps=2 crashes=0 avg_out=181.5s avg_ret=192.7s avg_lap=386.2s best_lap=385.3
t=1194.1 route=5 laps=1 crashes=0 avg_out=265.1s avg_ret=272.9s avg_lap=548.5s best_lap=548.5
t=1194.1 route=6 laps=2 crashes=0 avg_out=150.1s avg_ret=145.3s avg_lap=308.4s best_lap=305.0
t=1194.1 route=7 laps=1 crashes=0 avg_out=327.8s avg_ret=312.2s avg_lap=623.1s best_lap=623.1
t=1194.1 route=8 laps=0 crashes=2 avg_out=320.6s avg_ret=0.0s avg_lap=0.0s best_lap=-
t=1194.1 TOTAL laps=11 crashes=2
t=1201.6 LZ_REACHED craft=Aircraft_10_nav_r4_4_11_18 route=4 outbound=179.4s t=1201.6
t=1219.5 LAP craft=Aircraft_10_nav_r6_6_10_17 route=6 return=146.2s lap=306.4s t=1219.5
t=1238.4 LAP craft=Aircraft_10_nav_r3_3_13 route=3 return=262.2s lap=513.3s t=1238.4
t=1242.9 ==== SUMMARY t=1242.9 ====
t=1242.9 route=1 laps=3 crashes=0 avg_out=147.1s avg_ret=154.8s avg_lap=313.9s best_lap=304.7
t=1242.9 route=2 laps=1 crashes=0 avg_out=172.3s avg_ret=232.5s avg_lap=416.8s best_lap=416.8
t=1242.9 route=3 laps=2 crashes=0 avg_out=223.3s avg_ret=275.7s avg_lap=520.3s best_lap=513.3
t=1242.9 route=4 laps=2 crashes=0 avg_out=180.8s avg_ret=192.7s avg_lap=386.2s best_lap=385.3
t=1242.9 route=5 laps=1 crashes=0 avg_out=265.1s avg_ret=272.9s avg_lap=548.5s best_lap=548.5
t=1242.9 route=6 laps=3 crashes=0 avg_out=150.1s avg_ret=145.6s avg_lap=307.7s best_lap=305.0
t=1242.9 route=7 laps=1 crashes=0 avg_out=327.8s avg_ret=312.2s avg_lap=623.1s best_lap=623.1
t=1242.9 route=8 laps=0 crashes=2 avg_out=320.6s avg_ret=0.0s avg_lap=0.0s best_lap=-
t=1242.9 TOTAL laps=13 crashes=2
t=1272.9 ==== SUMMARY t=1272.9 ====
t=1272.9 route=1 laps=3 crashes=0 avg_out=147.1s avg_ret=154.8s avg_lap=313.9s best_lap=304.7
t=1272.9 route=2 laps=1 crashes=0 avg_out=172.3s avg_ret=232.5s avg_lap=416.8s best_lap=416.8
t=1272.9 route=3 laps=2 crashes=0 avg_out=223.3s avg_ret=275.7s avg_lap=520.3s best_lap=513.3
t=1272.9 route=4 laps=2 crashes=0 avg_out=180.8s avg_ret=192.7s avg_lap=386.2s best_lap=385.3
t=1272.9 route=5 laps=1 crashes=0 avg_out=265.1s avg_ret=272.9s avg_lap=548.5s best_lap=548.5
t=1272.9 route=6 laps=3 crashes=0 avg_out=150.1s avg_ret=145.6s avg_lap=307.7s best_lap=305.0
t=1272.9 route=7 laps=1 crashes=0 avg_out=327.8s avg_ret=312.2s avg_lap=623.1s best_lap=623.1
t=1272.9 route=8 laps=0 crashes=2 avg_out=320.6s avg_ret=0.0s avg_lap=0.0s best_lap=-
t=1272.9 TOTAL laps=13 crashes=2
t=1281.2 SPAWN craft=Aircraft_10_nav_r6_6_10_17_21 route=6 candidate=1 trial=21 t=1281.2
t=1296.9 CRASH craft=Aircraft_10_nav_r7_7_16 route=7 phase=2 t=1296.9
t=1299.0 LAP craft=Aircraft_10_nav_r5_5_14 route=5 return=273.2s lap=551.7s t=1299.0
t=1317.9 SPAWN craft=Aircraft_10_nav_r3_3_13_22 route=3 candidate=5 trial=22 t=1317.9
t=1321.8 ==== SUMMARY t=1321.8 ====
t=1321.8 route=1 laps=3 crashes=0 avg_out=147.1s avg_ret=154.8s avg_lap=313.9s best_lap=304.7
t=1321.8 route=2 laps=1 crashes=0 avg_out=172.3s avg_ret=232.5s avg_lap=416.8s best_lap=416.8
t=1321.8 route=3 laps=2 crashes=0 avg_out=223.3s avg_ret=275.7s avg_lap=520.3s best_lap=513.3
t=1321.8 route=4 laps=2 crashes=0 avg_out=180.8s avg_ret=192.7s avg_lap=386.2s best_lap=385.3
t=1321.8 route=5 laps=2 crashes=0 avg_out=265.1s avg_ret=273.0s avg_lap=550.1s best_lap=548.5
t=1321.8 route=6 laps=3 crashes=0 avg_out=150.1s avg_ret=145.6s avg_lap=307.7s best_lap=305.0
t=1321.8 route=7 laps=1 crashes=1 avg_out=327.8s avg_ret=312.2s avg_lap=623.1s best_lap=623.1
t=1321.8 route=8 laps=0 crashes=2 avg_out=320.6s avg_ret=0.0s avg_lap=0.0s best_lap=-
t=1321.8 TOTAL laps=14 crashes=3
t=1323.2 LZ_REACHED craft=Aircraft_10_nav_r1_1_9_15_20 route=1 outbound=156.3s t=1323.2
t=1351.8 ==== SUMMARY t=1351.8 ====
t=1351.8 route=1 laps=3 crashes=0 avg_out=149.4s avg_ret=154.8s avg_lap=313.9s best_lap=304.7
t=1351.9 route=2 laps=1 crashes=0 avg_out=172.3s avg_ret=232.5s avg_lap=416.8s best_lap=416.8
t=1351.9 route=3 laps=2 crashes=0 avg_out=223.3s avg_ret=275.7s avg_lap=520.3s best_lap=513.3
t=1351.9 route=4 laps=2 crashes=0 avg_out=180.8s avg_ret=192.7s avg_lap=386.2s best_lap=385.3
t=1351.9 route=5 laps=2 crashes=0 avg_out=265.1s avg_ret=273.0s avg_lap=550.1s best_lap=548.5
t=1351.9 route=6 laps=3 crashes=0 avg_out=150.1s avg_ret=145.6s avg_lap=307.7s best_lap=305.0
t=1351.9 route=7 laps=1 crashes=1 avg_out=327.8s avg_ret=312.2s avg_lap=623.1s best_lap=623.1
t=1351.9 route=8 laps=0 crashes=2 avg_out=320.6s avg_ret=0.0s avg_lap=0.0s best_lap=-
t=1351.9 TOTAL laps=14 crashes=3
t=1360.3 SPAWN craft=Aircraft_10_nav_r7_23 route=7 candidate=1 trial=23 t=1360.3
t=1380.3 SPAWN craft=Aircraft_10_nav_r5_5_14_24 route=5 candidate=7 trial=24 t=1380.3
t=1381.9 ==== SUMMARY t=1381.9 ====
t=1381.9 route=1 laps=3 crashes=0 avg_out=149.4s avg_ret=154.8s avg_lap=313.9s best_lap=304.7
t=1381.9 route=2 laps=1 crashes=0 avg_out=172.3s avg_ret=232.5s avg_lap=416.8s best_lap=416.8
t=1382.0 route=3 laps=2 crashes=0 avg_out=223.3s avg_ret=275.7s avg_lap=520.3s best_lap=513.3
t=1382.0 route=4 laps=2 crashes=0 avg_out=180.8s avg_ret=192.7s avg_lap=386.2s best_lap=385.3
t=1382.0 route=5 laps=2 crashes=0 avg_out=265.1s avg_ret=273.0s avg_lap=550.1s best_lap=548.5
t=1382.0 route=6 laps=3 crashes=0 avg_out=150.1s avg_ret=145.6s avg_lap=307.7s best_lap=305.0
t=1382.0 route=7 laps=1 crashes=1 avg_out=327.8s avg_ret=312.2s avg_lap=623.1s best_lap=623.1
t=1382.0 route=8 laps=0 crashes=2 avg_out=320.6s avg_ret=0.0s avg_lap=0.0s best_lap=-
t=1382.0 TOTAL laps=14 crashes=3
t=1411.5 LAP craft=Aircraft_10_nav_r4_4_11_18 route=4 return=197.9s lap=389.3s t=1411.5
t=1430.8 ==== SUMMARY t=1430.8 ====
t=1430.8 route=1 laps=3 crashes=0 avg_out=149.4s avg_ret=154.8s avg_lap=313.9s best_lap=304.7
t=1430.8 route=2 laps=1 crashes=0 avg_out=172.3s avg_ret=232.5s avg_lap=416.8s best_lap=416.8
t=1430.8 route=3 laps=2 crashes=0 avg_out=223.3s avg_ret=275.7s avg_lap=520.3s best_lap=513.3
t=1430.8 route=4 laps=3 crashes=0 avg_out=180.8s avg_ret=194.4s avg_lap=387.2s best_lap=385.3
t=1430.8 route=5 laps=2 crashes=0 avg_out=265.1s avg_ret=273.0s avg_lap=550.1s best_lap=548.5
t=1430.8 route=6 laps=3 crashes=0 avg_out=150.1s avg_ret=145.6s avg_lap=307.7s best_lap=305.0
t=1430.8 route=7 laps=1 crashes=1 avg_out=327.8s avg_ret=312.2s avg_lap=623.1s best_lap=623.1
t=1430.8 route=8 laps=0 crashes=2 avg_out=320.6s avg_ret=0.0s avg_lap=0.0s best_lap=-
t=1430.8 TOTAL laps=15 crashes=3
t=1432.0 LZ_REACHED craft=Aircraft_10_nav_r6_6_10_17_21 route=6 outbound=150.9s t=1432.0
t=1460.8 ==== SUMMARY t=1460.8 ====
t=1460.8 route=1 laps=3 crashes=0 avg_out=149.4s avg_ret=154.8s avg_lap=313.9s best_lap=304.7
t=1460.8 route=2 laps=1 crashes=0 avg_out=172.3s avg_ret=232.5s avg_lap=416.8s best_lap=416.8
t=1460.8 route=3 laps=2 crashes=0 avg_out=223.3s avg_ret=275.7s avg_lap=520.3s best_lap=513.3
t=1460.8 route=4 laps=3 crashes=0 avg_out=180.8s avg_ret=194.4s avg_lap=387.2s best_lap=385.3
t=1460.8 route=5 laps=2 crashes=0 avg_out=265.1s avg_ret=273.0s avg_lap=550.1s best_lap=548.5
t=1460.8 route=6 laps=3 crashes=0 avg_out=150.3s avg_ret=145.6s avg_lap=307.7s best_lap=305.0
t=1460.8 route=7 laps=1 crashes=1 avg_out=327.8s avg_ret=312.2s avg_lap=623.1s best_lap=623.1
t=1460.8 route=8 laps=0 crashes=2 avg_out=320.6s avg_ret=0.0s avg_lap=0.0s best_lap=-
t=1460.8 TOTAL laps=15 crashes=3
t=1474.5 SPAWN craft=Aircraft_10_nav_r4_4_11_18_25 route=4 candidate=7 trial=25 t=1474.5
t=1481.6 LAP craft=Aircraft_10_nav_r1_1_9_15_20 route=1 return=146.4s lap=314.7s t=1481.6
t=1509.7 ==== SUMMARY t=1509.7 ====
t=1509.7 route=1 laps=4 crashes=0 avg_out=149.4s avg_ret=152.7s avg_lap=314.1s best_lap=304.7
t=1509.7 route=2 laps=1 crashes=0 avg_out=172.3s avg_ret=232.5s avg_lap=416.8s best_lap=416.8
t=1509.7 route=3 laps=2 crashes=0 avg_out=223.3s avg_ret=275.7s avg_lap=520.3s best_lap=513.3
t=1509.7 route=4 laps=3 crashes=0 avg_out=180.8s avg_ret=194.4s avg_lap=387.2s best_lap=385.3
t=1509.7 route=5 laps=2 crashes=0 avg_out=265.1s avg_ret=273.0s avg_lap=550.1s best_lap=548.5
t=1509.7 route=6 laps=3 crashes=0 avg_out=150.3s avg_ret=145.6s avg_lap=307.7s best_lap=305.0
t=1509.7 route=7 laps=1 crashes=1 avg_out=327.8s avg_ret=312.2s avg_lap=623.1s best_lap=623.1
t=1509.8 route=8 laps=0 crashes=2 avg_out=320.6s avg_ret=0.0s avg_lap=0.0s best_lap=-
t=1509.8 TOTAL laps=16 crashes=3
t=1523.9 LZ_REACHED craft=Aircraft_10_nav_r3_3_13_22 route=3 outbound=206.0s t=1523.9
t=1539.7 ==== SUMMARY t=1539.7 ====
t=1539.7 route=1 laps=4 crashes=0 avg_out=149.4s avg_ret=152.7s avg_lap=314.1s best_lap=304.7
t=1539.7 route=2 laps=1 crashes=0 avg_out=172.3s avg_ret=232.5s avg_lap=416.8s best_lap=416.8
t=1539.7 route=3 laps=2 crashes=0 avg_out=217.5s avg_ret=275.7s avg_lap=520.3s best_lap=513.3
t=1539.7 route=4 laps=3 crashes=0 avg_out=180.8s avg_ret=194.4s avg_lap=387.2s best_lap=385.3
t=1539.7 route=5 laps=2 crashes=0 avg_out=265.1s avg_ret=273.0s avg_lap=550.1s best_lap=548.5
t=1539.7 route=6 laps=3 crashes=0 avg_out=150.3s avg_ret=145.6s avg_lap=307.7s best_lap=305.0
t=1539.7 route=7 laps=1 crashes=1 avg_out=327.8s avg_ret=312.2s avg_lap=623.1s best_lap=623.1
t=1539.8 route=8 laps=0 crashes=2 avg_out=320.6s avg_ret=0.0s avg_lap=0.0s best_lap=-
t=1539.8 TOTAL laps=16 crashes=3
t=1543.5 SPAWN craft=Aircraft_10_nav_r1_1_9_15_20_26 route=1 candidate=5 trial=26 t=1543.5
t=1569.7 ==== SUMMARY t=1569.7 ====
t=1569.7 route=1 laps=4 crashes=0 avg_out=149.4s avg_ret=152.7s avg_lap=314.1s best_lap=304.7
t=1569.7 route=2 laps=1 crashes=0 avg_out=172.3s avg_ret=232.5s avg_lap=416.8s best_lap=416.8
t=1569.7 route=3 laps=2 crashes=0 avg_out=217.5s avg_ret=275.7s avg_lap=520.3s best_lap=513.3
t=1569.8 route=4 laps=3 crashes=0 avg_out=180.8s avg_ret=194.4s avg_lap=387.2s best_lap=385.3
t=1569.8 route=5 laps=2 crashes=0 avg_out=265.1s avg_ret=273.0s avg_lap=550.1s best_lap=548.5
t=1569.8 route=6 laps=3 crashes=0 avg_out=150.3s avg_ret=145.6s avg_lap=307.7s best_lap=305.0
t=1569.8 route=7 laps=1 crashes=1 avg_out=327.8s avg_ret=312.2s avg_lap=623.1s best_lap=623.1
t=1569.8 route=8 laps=0 crashes=2 avg_out=320.6s avg_ret=0.0s avg_lap=0.0s best_lap=-
t=1569.8 TOTAL laps=16 crashes=3
t=1589.3 LAP craft=Aircraft_10_nav_r6_6_10_17_21 route=6 return=145.3s lap=308.2s t=1589.3
t=1608.2 CRASH craft=Aircraft_10_nav_r8_19 route=8 phase=2 t=1608.2
t=1618.5 ==== SUMMARY t=1618.5 ====
t=1618.5 route=1 laps=4 crashes=0 avg_out=149.4s avg_ret=152.7s avg_lap=314.1s best_lap=304.7
t=1618.5 route=2 laps=1 crashes=0 avg_out=172.3s avg_ret=232.5s avg_lap=416.8s best_lap=416.8
t=1618.5 route=3 laps=2 crashes=0 avg_out=217.5s avg_ret=275.7s avg_lap=520.3s best_lap=513.3
t=1618.5 route=4 laps=3 crashes=0 avg_out=180.8s avg_ret=194.4s avg_lap=387.2s best_lap=385.3
t=1618.5 route=5 laps=2 crashes=0 avg_out=265.1s avg_ret=273.0s avg_lap=550.1s best_lap=548.5
t=1618.5 route=6 laps=4 crashes=0 avg_out=150.3s avg_ret=145.5s avg_lap=307.8s best_lap=305.0
t=1618.5 route=7 laps=1 crashes=1 avg_out=327.8s avg_ret=312.2s avg_lap=623.1s best_lap=623.1
t=1618.5 route=8 laps=0 crashes=3 avg_out=320.6s avg_ret=0.0s avg_lap=0.0s best_lap=-
t=1618.5 TOTAL laps=17 crashes=4
t=1638.3 LZ_REACHED craft=Aircraft_10_nav_r4_4_11_18_25 route=4 outbound=163.8s t=1638.3
t=1638.8 LZ_REACHED craft=Aircraft_10_nav_r5_5_14_24 route=5 outbound=258.5s t=1638.8
t=1647.6 SPAWN craft=Aircraft_10_nav_r8_27 route=8 candidate=3 trial=27 t=1647.6
t=1648.5 ==== SUMMARY t=1648.5 ====
t=1648.5 route=1 laps=4 crashes=0 avg_out=149.4s avg_ret=152.7s avg_lap=314.1s best_lap=304.7
t=1648.5 route=2 laps=1 crashes=0 avg_out=172.3s avg_ret=232.5s avg_lap=416.8s best_lap=416.8
t=1648.5 route=3 laps=2 crashes=0 avg_out=217.5s avg_ret=275.7s avg_lap=520.3s best_lap=513.3
t=1648.5 route=4 laps=3 crashes=0 avg_out=176.5s avg_ret=194.4s avg_lap=387.2s best_lap=385.3
t=1648.5 route=5 laps=2 crashes=0 avg_out=262.9s avg_ret=273.0s avg_lap=550.1s best_lap=548.5
t=1648.5 route=6 laps=4 crashes=0 avg_out=150.3s avg_ret=145.5s avg_lap=307.8s best_lap=305.0
t=1648.5 route=7 laps=1 crashes=1 avg_out=327.8s avg_ret=312.2s avg_lap=623.1s best_lap=623.1
t=1648.5 route=8 laps=0 crashes=3 avg_out=320.6s avg_ret=0.0s avg_lap=0.0s best_lap=-
t=1648.5 TOTAL laps=17 crashes=4
t=1667.6 SPAWN craft=Aircraft_10_nav_r6_6_10_17_21_28 route=6 candidate=2 trial=28 t=1667.6
t=1678.5 ==== SUMMARY t=1678.5 ====
t=1678.5 route=1 laps=4 crashes=0 avg_out=149.4s avg_ret=152.7s avg_lap=314.1s best_lap=304.7
t=1678.5 route=2 laps=1 crashes=0 avg_out=172.3s avg_ret=232.5s avg_lap=416.8s best_lap=416.8
t=1678.5 route=3 laps=2 crashes=0 avg_out=217.5s avg_ret=275.7s avg_lap=520.3s best_lap=513.3
t=1678.5 route=4 laps=3 crashes=0 avg_out=176.5s avg_ret=194.4s avg_lap=387.2s best_lap=385.3
t=1678.5 route=5 laps=2 crashes=0 avg_out=262.9s avg_ret=273.0s avg_lap=550.1s best_lap=548.5
t=1678.5 route=6 laps=4 crashes=0 avg_out=150.3s avg_ret=145.5s avg_lap=307.8s best_lap=305.0
t=1678.5 route=7 laps=1 crashes=1 avg_out=327.8s avg_ret=312.2s avg_lap=623.1s best_lap=623.1
t=1678.5 route=8 laps=0 crashes=3 avg_out=320.6s avg_ret=0.0s avg_lap=0.0s best_lap=-
t=1678.6 TOTAL laps=17 crashes=4
t=1688.4 LZ_REACHED craft=Aircraft_10_nav_r7_23 route=7 outbound=328.0s t=1688.4
t=1691.0 LZ_REACHED craft=Aircraft_10_nav_r1_1_9_15_20_26 route=1 outbound=147.5s t=1691.0
t=1708.5 ==== SUMMARY t=1708.5 ====
t=1708.5 route=1 laps=4 crashes=0 avg_out=149.0s avg_ret=152.7s avg_lap=314.1s best_lap=304.7
t=1708.5 route=2 laps=1 crashes=0 avg_out=172.3s avg_ret=232.5s avg_lap=416.8s best_lap=416.8
t=1708.5 route=3 laps=2 crashes=0 avg_out=217.5s avg_ret=275.7s avg_lap=520.3s best_lap=513.3
t=1708.6 route=4 laps=3 crashes=0 avg_out=176.5s avg_ret=194.4s avg_lap=387.2s best_lap=385.3
t=1708.6 route=5 laps=2 crashes=0 avg_out=262.9s avg_ret=273.0s avg_lap=550.1s best_lap=548.5
t=1708.6 route=6 laps=4 crashes=0 avg_out=150.3s avg_ret=145.5s avg_lap=307.8s best_lap=305.0
t=1708.6 route=7 laps=1 crashes=1 avg_out=327.9s avg_ret=312.2s avg_lap=623.1s best_lap=623.1
t=1708.6 route=8 laps=0 crashes=3 avg_out=320.6s avg_ret=0.0s avg_lap=0.0s best_lap=-
t=1708.6 TOTAL laps=17 crashes=4
t=1738.6 ==== SUMMARY t=1738.6 ====
t=1738.6 route=1 laps=4 crashes=0 avg_out=149.0s avg_ret=152.7s avg_lap=314.1s best_lap=304.7
t=1738.6 route=2 laps=1 crashes=0 avg_out=172.3s avg_ret=232.5s avg_lap=416.8s best_lap=416.8
t=1738.6 route=3 laps=2 crashes=0 avg_out=217.5s avg_ret=275.7s avg_lap=520.3s best_lap=513.3
t=1738.6 route=4 laps=3 crashes=0 avg_out=176.5s avg_ret=194.4s avg_lap=387.2s best_lap=385.3
t=1738.6 route=5 laps=2 crashes=0 avg_out=262.9s avg_ret=273.0s avg_lap=550.1s best_lap=548.5
t=1738.6 route=6 laps=4 crashes=0 avg_out=150.3s avg_ret=145.5s avg_lap=307.8s best_lap=305.0
t=1738.6 route=7 laps=1 crashes=1 avg_out=327.9s avg_ret=312.2s avg_lap=623.1s best_lap=623.1
t=1738.6 route=8 laps=0 crashes=3 avg_out=320.6s avg_ret=0.0s avg_lap=0.0s best_lap=-
t=1738.6 TOTAL laps=17 crashes=4
t=1768.6 ==== SUMMARY t=1768.6 ====
t=1768.6 route=1 laps=4 crashes=0 avg_out=149.0s avg_ret=152.7s avg_lap=314.1s best_lap=304.7
t=1768.6 route=2 laps=1 crashes=0 avg_out=172.3s avg_ret=232.5s avg_lap=416.8s best_lap=416.8
t=1768.6 route=3 laps=2 crashes=0 avg_out=217.5s avg_ret=275.7s avg_lap=520.3s best_lap=513.3
t=1768.6 route=4 laps=3 crashes=0 avg_out=176.5s avg_ret=194.4s avg_lap=387.2s best_lap=385.3
t=1768.6 route=5 laps=2 crashes=0 avg_out=262.9s avg_ret=273.0s avg_lap=550.1s best_lap=548.5
t=1768.6 route=6 laps=4 crashes=0 avg_out=150.3s avg_ret=145.5s avg_lap=307.8s best_lap=305.0
t=1768.6 route=7 laps=1 crashes=1 avg_out=327.9s avg_ret=312.2s avg_lap=623.1s best_lap=623.1
t=1768.6 route=8 laps=0 crashes=3 avg_out=320.6s avg_ret=0.0s avg_lap=0.0s best_lap=-
t=1768.6 TOTAL laps=17 crashes=4
t=1798.6 ==== SUMMARY t=1798.6 ====
t=1798.6 route=1 laps=4 crashes=0 avg_out=149.0s avg_ret=152.7s avg_lap=314.1s best_lap=304.7
t=1798.6 route=2 laps=1 crashes=0 avg_out=172.3s avg_ret=232.5s avg_lap=416.8s best_lap=416.8
t=1798.6 route=3 laps=2 crashes=0 avg_out=217.5s avg_ret=275.7s avg_lap=520.3s best_lap=513.3
t=1798.6 route=4 laps=3 crashes=0 avg_out=176.5s avg_ret=194.4s avg_lap=387.2s best_lap=385.3
t=1798.6 route=5 laps=2 crashes=0 avg_out=262.9s avg_ret=273.0s avg_lap=550.1s best_lap=548.5
t=1798.6 route=6 laps=4 crashes=0 avg_out=150.3s avg_ret=145.5s avg_lap=307.8s best_lap=305.0
t=1798.6 route=7 laps=1 crashes=1 avg_out=327.9s avg_ret=312.2s avg_lap=623.1s best_lap=623.1
t=1798.6 route=8 laps=0 crashes=3 avg_out=320.6s avg_ret=0.0s avg_lap=0.0s best_lap=-
t=1798.6 TOTAL laps=17 crashes=4
t=1804.4 LAP craft=Aircraft_10_nav_r3_3_13_22 route=3 return=268.4s lap=486.4s t=1804.4
t=1823.3 LZ_REACHED craft=Aircraft_10_nav_r6_6_10_17_21_28 route=6 outbound=155.7s t=1823.3
t=1838.2 LAP craft=Aircraft_10_nav_r4_4_11_18_25 route=4 return=187.9s lap=363.7s t=1838.2
t=1847.4 ==== SUMMARY t=1847.4 ====
t=1847.4 route=1 laps=4 crashes=0 avg_out=149.0s avg_ret=152.7s avg_lap=314.1s best_lap=304.7
t=1847.4 route=2 laps=1 crashes=0 avg_out=172.3s avg_ret=232.5s avg_lap=416.8s best_lap=416.8
t=1847.4 route=3 laps=3 crashes=0 avg_out=217.5s avg_ret=273.3s avg_lap=509.0s best_lap=486.4
t=1847.4 route=4 laps=4 crashes=0 avg_out=176.5s avg_ret=192.8s avg_lap=381.3s best_lap=363.7
t=1847.5 route=5 laps=2 crashes=0 avg_out=262.9s avg_ret=273.0s avg_lap=550.1s best_lap=548.5
t=1847.5 route=6 laps=4 crashes=0 avg_out=151.4s avg_ret=145.5s avg_lap=307.8s best_lap=305.0
t=1847.5 route=7 laps=1 crashes=1 avg_out=327.9s avg_ret=312.2s avg_lap=623.1s best_lap=623.1
t=1847.5 route=8 laps=0 crashes=3 avg_out=320.6s avg_ret=0.0s avg_lap=0.0s best_lap=-
t=1847.5 TOTAL laps=19 crashes=4
t=1870.2 LAP craft=Aircraft_10_nav_r1_1_9_15_20_26 route=1 return=167.2s lap=326.7s t=1870.2
t=1897.2 ==== SUMMARY t=1897.2 ====
t=1897.2 route=1 laps=5 crashes=0 avg_out=149.0s avg_ret=155.6s avg_lap=316.6s best_lap=304.7
t=1897.2 route=2 laps=1 crashes=0 avg_out=172.3s avg_ret=232.5s avg_lap=416.8s best_lap=416.8
t=1897.2 route=3 laps=3 crashes=0 avg_out=217.5s avg_ret=273.3s avg_lap=509.0s best_lap=486.4
t=1897.2 route=4 laps=4 crashes=0 avg_out=176.5s avg_ret=192.8s avg_lap=381.3s best_lap=363.7
t=1897.2 route=5 laps=2 crashes=0 avg_out=262.9s avg_ret=273.0s avg_lap=550.1s best_lap=548.5
t=1897.2 route=6 laps=4 crashes=0 avg_out=151.4s avg_ret=145.5s avg_lap=307.8s best_lap=305.0
t=1897.2 route=7 laps=1 crashes=1 avg_out=327.9s avg_ret=312.2s avg_lap=623.1s best_lap=623.1
t=1897.3 route=8 laps=0 crashes=3 avg_out=320.6s avg_ret=0.0s avg_lap=0.0s best_lap=-
t=1897.3 TOTAL laps=20 crashes=4
t=1916.3 LAP craft=Aircraft_10_nav_r5_5_14_24 route=5 return=265.5s lap=536.0s t=1916.3
t=1943.6 ==== SUMMARY t=1943.6 ====
t=1943.6 route=1 laps=5 crashes=0 avg_out=149.0s avg_ret=155.6s avg_lap=316.6s best_lap=304.7
t=1943.6 route=2 laps=1 crashes=0 avg_out=172.3s avg_ret=232.5s avg_lap=416.8s best_lap=416.8
t=1943.6 route=3 laps=3 crashes=0 avg_out=217.5s avg_ret=273.3s avg_lap=509.0s best_lap=486.4
t=1943.6 route=4 laps=4 crashes=0 avg_out=176.5s avg_ret=192.8s avg_lap=381.3s best_lap=363.7
t=1943.6 route=5 laps=3 crashes=0 avg_out=262.9s avg_ret=270.5s avg_lap=545.4s best_lap=536.0
t=1943.6 route=6 laps=4 crashes=0 avg_out=151.4s avg_ret=145.5s avg_lap=307.8s best_lap=305.0
t=1943.6 route=7 laps=1 crashes=1 avg_out=327.9s avg_ret=312.2s avg_lap=623.1s best_lap=623.1
t=1943.6 route=8 laps=0 crashes=3 avg_out=320.6s avg_ret=0.0s avg_lap=0.0s best_lap=-
t=1943.6 TOTAL laps=21 crashes=4
t=1958.3 SPAWN craft=Aircraft_10_nav_r3_3_13_22_29 route=3 candidate=6 trial=29 t=1958.3
t=1973.3 LAP craft=Aircraft_10_nav_r6_6_10_17_21_28 route=6 return=145.4s lap=305.7s t=1973.2
t=1975.9 ==== SUMMARY t=1975.9 ====
t=1975.9 route=1 laps=5 crashes=0 avg_out=149.0s avg_ret=155.6s avg_lap=316.6s best_lap=304.7
t=1975.9 route=2 laps=1 crashes=0 avg_out=172.3s avg_ret=232.5s avg_lap=416.8s best_lap=416.8
t=1975.9 route=3 laps=3 crashes=0 avg_out=217.5s avg_ret=273.3s avg_lap=509.0s best_lap=486.4
t=1975.9 route=4 laps=4 crashes=0 avg_out=176.5s avg_ret=192.8s avg_lap=381.3s best_lap=363.7
t=1975.9 route=5 laps=3 crashes=0 avg_out=262.9s avg_ret=270.5s avg_lap=545.4s best_lap=536.0
t=1975.9 route=6 laps=5 crashes=0 avg_out=151.4s avg_ret=145.5s avg_lap=307.4s best_lap=305.0
t=1975.9 route=7 laps=1 crashes=1 avg_out=327.9s avg_ret=312.2s avg_lap=623.1s best_lap=623.1
t=1975.9 route=8 laps=0 crashes=3 avg_out=320.6s avg_ret=0.0s avg_lap=0.0s best_lap=-
t=1975.9 TOTAL laps=22 crashes=4
t=1978.4 SPAWN craft=Aircraft_10_nav_r4_4_11_18_25_30 route=4 candidate=8 trial=30 t=1978.4
t=1996.7 LZ_REACHED craft=Aircraft_10_nav_r8_27 route=8 outbound=349.1s t=1996.7
t=1998.2 SPAWN craft=Aircraft_10_nav_r1_1_9_15_20_26_31 route=1 candidate=6 trial=31 t=1998.2
t=2005.9 ==== SUMMARY t=2005.9 ====
t=2005.9 route=1 laps=5 crashes=0 avg_out=149.0s avg_ret=155.6s avg_lap=316.6s best_lap=304.7
t=2005.9 route=2 laps=1 crashes=0 avg_out=172.3s avg_ret=232.5s avg_lap=416.8s best_lap=416.8
t=2005.9 route=3 laps=3 crashes=0 avg_out=217.5s avg_ret=273.3s avg_lap=509.0s best_lap=486.4
t=2005.9 route=4 laps=4 crashes=0 avg_out=176.5s avg_ret=192.8s avg_lap=381.3s best_lap=363.7
t=2005.9 route=5 laps=3 crashes=0 avg_out=262.9s avg_ret=270.5s avg_lap=545.4s best_lap=536.0
t=2005.9 route=6 laps=5 crashes=0 avg_out=151.4s avg_ret=145.5s avg_lap=307.4s best_lap=305.0
t=2006.0 route=7 laps=1 crashes=1 avg_out=327.9s avg_ret=312.2s avg_lap=623.1s best_lap=623.1
t=2006.0 route=8 laps=0 crashes=3 avg_out=330.1s avg_ret=0.0s avg_lap=0.0s best_lap=-
t=2006.0 TOTAL laps=22 crashes=4
t=2013.0 LAP craft=Aircraft_10_nav_r7_23 route=7 return=312.6s lap=652.6s t=2013.0
t=2015.9 SPAWN craft=Aircraft_10_nav_r5_5_14_24_32 route=5 candidate=8 trial=32 t=2015.9
t=2036.0 ==== SUMMARY t=2036.0 ====
t=2036.0 route=1 laps=5 crashes=0 avg_out=149.0s avg_ret=155.6s avg_lap=316.6s best_lap=304.7
t=2036.0 route=2 laps=1 crashes=0 avg_out=172.3s avg_ret=232.5s avg_lap=416.8s best_lap=416.8
t=2036.0 route=3 laps=3 crashes=0 avg_out=217.5s avg_ret=273.3s avg_lap=509.0s best_lap=486.4
t=2036.0 route=4 laps=4 crashes=0 avg_out=176.5s avg_ret=192.8s avg_lap=381.3s best_lap=363.7
t=2036.0 route=5 laps=3 crashes=0 avg_out=262.9s avg_ret=270.5s avg_lap=545.4s best_lap=536.0
t=2036.0 route=6 laps=5 crashes=0 avg_out=151.4s avg_ret=145.5s avg_lap=307.4s best_lap=305.0
t=2036.0 route=7 laps=2 crashes=1 avg_out=327.9s avg_ret=312.4s avg_lap=637.9s best_lap=623.1
t=2036.0 route=8 laps=0 crashes=3 avg_out=330.1s avg_ret=0.0s avg_lap=0.0s best_lap=-
t=2036.0 TOTAL laps=23 crashes=4
t=2038.4 SPAWN craft=Aircraft_10_nav_r6_6_10_17_21_28_33 route=6 candidate=3 trial=33 t=2038.4
t=2056.0 SPAWN craft=Aircraft_10_nav_r7_23_34 route=7 candidate=2 trial=34 t=2056.0
t=2066.0 ==== SUMMARY t=2066.0 ====
t=2066.0 route=1 laps=5 crashes=0 avg_out=149.0s avg_ret=155.6s avg_lap=316.6s best_lap=304.7
t=2066.0 route=2 laps=1 crashes=0 avg_out=172.3s avg_ret=232.5s avg_lap=416.8s best_lap=416.8
t=2066.1 route=3 laps=3 crashes=0 avg_out=217.5s avg_ret=273.3s avg_lap=509.0s best_lap=486.4
t=2066.1 route=4 laps=4 crashes=0 avg_out=176.5s avg_ret=192.8s avg_lap=381.3s best_lap=363.7
t=2066.1 route=5 laps=3 crashes=0 avg_out=262.9s avg_ret=270.5s avg_lap=545.4s best_lap=536.0
t=2066.1 route=6 laps=5 crashes=0 avg_out=151.4s avg_ret=145.5s avg_lap=307.4s best_lap=305.0
t=2066.1 route=7 laps=2 crashes=1 avg_out=327.9s avg_ret=312.4s avg_lap=637.9s best_lap=623.1
t=2066.1 route=8 laps=0 crashes=3 avg_out=330.1s avg_ret=0.0s avg_lap=0.0s best_lap=-
t=2066.1 TOTAL laps=23 crashes=4
t=2096.1 ==== SUMMARY t=2096.1 ====
t=2096.1 route=1 laps=5 crashes=0 avg_out=149.0s avg_ret=155.6s avg_lap=316.6s best_lap=304.7
t=2096.1 route=2 laps=1 crashes=0 avg_out=172.3s avg_ret=232.5s avg_lap=416.8s best_lap=416.8
t=2096.1 route=3 laps=3 crashes=0 avg_out=217.5s avg_ret=273.3s avg_lap=509.0s best_lap=486.4
t=2096.1 route=4 laps=4 crashes=0 avg_out=176.5s avg_ret=192.8s avg_lap=381.3s best_lap=363.7
t=2096.1 route=5 laps=3 crashes=0 avg_out=262.9s avg_ret=270.5s avg_lap=545.4s best_lap=536.0
t=2096.1 route=6 laps=5 crashes=0 avg_out=151.4s avg_ret=145.5s avg_lap=307.4s best_lap=305.0
t=2096.1 route=7 laps=2 crashes=1 avg_out=327.9s avg_ret=312.4s avg_lap=637.9s best_lap=623.1
t=2096.1 route=8 laps=0 crashes=3 avg_out=330.1s avg_ret=0.0s avg_lap=0.0s best_lap=-
t=2096.1 TOTAL laps=23 crashes=4
t=2116.3 CRASH craft=Aircraft_10_nav_r8_27 route=8 phase=2 t=2116.3
t=2126.1 ==== SUMMARY t=2126.1 ====
t=2126.1 route=1 laps=5 crashes=0 avg_out=149.0s avg_ret=155.6s avg_lap=316.6s best_lap=304.7
t=2126.1 route=2 laps=1 crashes=0 avg_out=172.3s avg_ret=232.5s avg_lap=416.8s best_lap=416.8
t=2126.2 route=3 laps=3 crashes=0 avg_out=217.5s avg_ret=273.3s avg_lap=509.0s best_lap=486.4
t=2126.2 route=4 laps=4 crashes=0 avg_out=176.5s avg_ret=192.8s avg_lap=381.3s best_lap=363.7
t=2126.2 route=5 laps=3 crashes=0 avg_out=262.9s avg_ret=270.5s avg_lap=545.4s best_lap=536.0
t=2126.2 route=6 laps=5 crashes=0 avg_out=151.4s avg_ret=145.5s avg_lap=307.4s best_lap=305.0
t=2126.2 route=7 laps=2 crashes=1 avg_out=327.9s avg_ret=312.4s avg_lap=637.9s best_lap=623.1
t=2126.2 route=8 laps=0 crashes=4 avg_out=330.1s avg_ret=0.0s avg_lap=0.0s best_lap=-
t=2126.2 TOTAL laps=23 crashes=5
t=2136.4 SPAWN craft=Aircraft_10_nav_r8_35 route=8 candidate=4 trial=35 t=2136.4
t=2153.6 LZ_REACHED craft=Aircraft_10_nav_r1_1_9_15_20_26_31 route=1 outbound=155.4s t=2153.6
t=2153.8 LZ_REACHED craft=Aircraft_10_nav_r4_4_11_18_25_30 route=4 outbound=175.4s t=2153.8
t=2156.2 ==== SUMMARY t=2156.2 ====
t=2156.2 route=1 laps=5 crashes=0 avg_out=150.1s avg_ret=155.6s avg_lap=316.6s best_lap=304.7
t=2156.2 route=2 laps=1 crashes=0 avg_out=172.3s avg_ret=232.5s avg_lap=416.8s best_lap=416.8
t=2156.2 route=3 laps=3 crashes=0 avg_out=217.5s avg_ret=273.3s avg_lap=509.0s best_lap=486.4
t=2156.2 route=4 laps=4 crashes=0 avg_out=176.3s avg_ret=192.8s avg_lap=381.3s best_lap=363.7
t=2156.2 route=5 laps=3 crashes=0 avg_out=262.9s avg_ret=270.5s avg_lap=545.4s best_lap=536.0
t=2156.2 route=6 laps=5 crashes=0 avg_out=151.4s avg_ret=145.5s avg_lap=307.4s best_lap=305.0
t=2156.2 route=7 laps=2 crashes=1 avg_out=327.9s avg_ret=312.4s avg_lap=637.9s best_lap=623.1
t=2156.2 route=8 laps=0 crashes=4 avg_out=330.1s avg_ret=0.0s avg_lap=0.0s best_lap=-
t=2156.2 TOTAL laps=23 crashes=5
t=2178.7 LZ_REACHED craft=Aircraft_10_nav_r3_3_13_22_29 route=3 outbound=220.4s t=2178.7
t=2186.2 ==== SUMMARY t=2186.2 ====
t=2186.2 route=1 laps=5 crashes=0 avg_out=150.1s avg_ret=155.6s avg_lap=316.6s best_lap=304.7
t=2186.2 route=2 laps=1 crashes=0 avg_out=172.3s avg_ret=232.5s avg_lap=416.8s best_lap=416.8
t=2186.2 route=3 laps=3 crashes=0 avg_out=218.2s avg_ret=273.3s avg_lap=509.0s best_lap=486.4
t=2186.2 route=4 laps=4 crashes=0 avg_out=176.3s avg_ret=192.8s avg_lap=381.3s best_lap=363.7
t=2186.2 route=5 laps=3 crashes=0 avg_out=262.9s avg_ret=270.5s avg_lap=545.4s best_lap=536.0
t=2186.2 route=6 laps=5 crashes=0 avg_out=151.4s avg_ret=145.5s avg_lap=307.4s best_lap=305.0
t=2186.2 route=7 laps=2 crashes=1 avg_out=327.9s avg_ret=312.4s avg_lap=637.9s best_lap=623.1
t=2186.2 route=8 laps=0 crashes=4 avg_out=330.1s avg_ret=0.0s avg_lap=0.0s best_lap=-
t=2186.3 TOTAL laps=23 crashes=5
t=2191.9 LZ_REACHED craft=Aircraft_10_nav_r6_6_10_17_21_28_33 route=6 outbound=153.4s t=2191.9
t=2216.2 ==== SUMMARY t=2216.2 ====
t=2216.2 route=1 laps=5 crashes=0 avg_out=150.1s avg_ret=155.6s avg_lap=316.6s best_lap=304.7
t=2216.2 route=2 laps=1 crashes=0 avg_out=172.3s avg_ret=232.5s avg_lap=416.8s best_lap=416.8
t=2216.2 route=3 laps=3 crashes=0 avg_out=218.2s avg_ret=273.3s avg_lap=509.0s best_lap=486.4
t=2216.2 route=4 laps=4 crashes=0 avg_out=176.3s avg_ret=192.8s avg_lap=381.3s best_lap=363.7
t=2216.2 route=5 laps=3 crashes=0 avg_out=262.9s avg_ret=270.5s avg_lap=545.4s best_lap=536.0
t=2216.2 route=6 laps=5 crashes=0 avg_out=151.7s avg_ret=145.5s avg_lap=307.4s best_lap=305.0
t=2216.3 route=7 laps=2 crashes=1 avg_out=327.9s avg_ret=312.4s avg_lap=637.9s best_lap=623.1
t=2216.3 route=8 laps=0 crashes=4 avg_out=330.1s avg_ret=0.0s avg_lap=0.0s best_lap=-
t=2216.3 TOTAL laps=23 crashes=5
t=2246.2 ==== SUMMARY t=2246.2 ====
t=2246.2 route=1 laps=5 crashes=0 avg_out=150.1s avg_ret=155.6s avg_lap=316.6s best_lap=304.7
t=2246.2 route=2 laps=1 crashes=0 avg_out=172.3s avg_ret=232.5s avg_lap=416.8s best_lap=416.8
t=2246.2 route=3 laps=3 crashes=0 avg_out=218.2s avg_ret=273.3s avg_lap=509.0s best_lap=486.4
t=2246.2 route=4 laps=4 crashes=0 avg_out=176.3s avg_ret=192.8s avg_lap=381.3s best_lap=363.7
t=2246.3 route=5 laps=3 crashes=0 avg_out=262.9s avg_ret=270.5s avg_lap=545.4s best_lap=536.0
t=2246.3 route=6 laps=5 crashes=0 avg_out=151.7s avg_ret=145.5s avg_lap=307.4s best_lap=305.0
t=2246.3 route=7 laps=2 crashes=1 avg_out=327.9s avg_ret=312.4s avg_lap=637.9s best_lap=623.1
t=2246.3 route=8 laps=0 crashes=4 avg_out=330.1s avg_ret=0.0s avg_lap=0.0s best_lap=-
t=2246.3 TOTAL laps=23 crashes=5
t=2276.2 ==== SUMMARY t=2276.2 ====
t=2276.2 route=1 laps=5 crashes=0 avg_out=150.1s avg_ret=155.6s avg_lap=316.6s best_lap=304.7
t=2276.2 route=2 laps=1 crashes=0 avg_out=172.3s avg_ret=232.5s avg_lap=416.8s best_lap=416.8
t=2276.3 route=3 laps=3 crashes=0 avg_out=218.2s avg_ret=273.3s avg_lap=509.0s best_lap=486.4
t=2276.3 route=4 laps=4 crashes=0 avg_out=176.3s avg_ret=192.8s avg_lap=381.3s best_lap=363.7
t=2276.3 route=5 laps=3 crashes=0 avg_out=262.9s avg_ret=270.5s avg_lap=545.4s best_lap=536.0
t=2276.3 route=6 laps=5 crashes=0 avg_out=151.7s avg_ret=145.5s avg_lap=307.4s best_lap=305.0
t=2276.3 route=7 laps=2 crashes=1 avg_out=327.9s avg_ret=312.4s avg_lap=637.9s best_lap=623.1
t=2276.3 route=8 laps=0 crashes=4 avg_out=330.1s avg_ret=0.0s avg_lap=0.0s best_lap=-
t=2276.3 TOTAL laps=23 crashes=5
t=2276.5 LZ_REACHED craft=Aircraft_10_nav_r5_5_14_24_32 route=5 outbound=260.6s t=2276.5
t=2306.3 ==== SUMMARY t=2306.3 ====
t=2306.3 route=1 laps=5 crashes=0 avg_out=150.1s avg_ret=155.6s avg_lap=316.6s best_lap=304.7
t=2306.3 route=2 laps=1 crashes=0 avg_out=172.3s avg_ret=232.5s avg_lap=416.8s best_lap=416.8
t=2306.3 route=3 laps=3 crashes=0 avg_out=218.2s avg_ret=273.3s avg_lap=509.0s best_lap=486.4
t=2306.3 route=4 laps=4 crashes=0 avg_out=176.3s avg_ret=192.8s avg_lap=381.3s best_lap=363.7
t=2306.3 route=5 laps=3 crashes=0 avg_out=262.3s avg_ret=270.5s avg_lap=545.4s best_lap=536.0
t=2306.3 route=6 laps=5 crashes=0 avg_out=151.7s avg_ret=145.5s avg_lap=307.4s best_lap=305.0
t=2306.3 route=7 laps=2 crashes=1 avg_out=327.9s avg_ret=312.4s avg_lap=637.9s best_lap=623.1
t=2306.3 route=8 laps=0 crashes=4 avg_out=330.1s avg_ret=0.0s avg_lap=0.0s best_lap=-
t=2306.3 TOTAL laps=23 crashes=5
t=2307.2 LAP craft=Aircraft_10_nav_r1_1_9_15_20_26_31 route=1 return=141.6s lap=309.0s t=2307.2
t=2354.5 LAP craft=Aircraft_10_nav_r4_4_11_18_25_30 route=4 return=188.7s lap=376.1s t=2354.5
t=2355.2 ==== SUMMARY t=2355.2 ====
t=2355.2 route=1 laps=6 crashes=0 avg_out=150.1s avg_ret=153.3s avg_lap=315.4s best_lap=304.7
t=2355.2 route=2 laps=1 crashes=0 avg_out=172.3s avg_ret=232.5s avg_lap=416.8s best_lap=416.8
t=2355.2 route=3 laps=3 crashes=0 avg_out=218.2s avg_ret=273.3s avg_lap=509.0s best_lap=486.4
t=2355.2 route=4 laps=5 crashes=0 avg_out=176.3s avg_ret=192.0s avg_lap=380.3s best_lap=363.7
t=2355.2 route=5 laps=3 crashes=0 avg_out=262.3s avg_ret=270.5s avg_lap=545.4s best_lap=536.0
t=2355.2 route=6 laps=5 crashes=0 avg_out=151.7s avg_ret=145.5s avg_lap=307.4s best_lap=305.0
t=2355.2 route=7 laps=2 crashes=1 avg_out=327.9s avg_ret=312.4s avg_lap=637.9s best_lap=623.1
t=2355.2 route=8 laps=0 crashes=4 avg_out=330.1s avg_ret=0.0s avg_lap=0.0s best_lap=-
t=2355.2 TOTAL laps=25 crashes=5
t=2366.0 SPAWN craft=Aircraft_10_nav_r1_1_9_15_20_26_31_36 route=1 candidate=7 trial=36 t=2366.0
t=2371.6 LAP craft=Aircraft_10_nav_r6_6_10_17_21_28_33 route=6 return=167.7s lap=333.2s t=2371.6
t=2375.6 LZ_REACHED craft=Aircraft_10_nav_r7_23_34 route=7 outbound=319.5s t=2375.6
t=2388.2 SPAWN craft=Aircraft_10_nav_r4_4_11_18_25_30_37 route=4 candidate=1 trial=37 t=2388.2
t=2394.7 ==== SUMMARY t=2394.7 ====
t=2394.7 route=1 laps=6 crashes=0 avg_out=150.1s avg_ret=153.3s avg_lap=315.4s best_lap=304.7
t=2394.7 route=2 laps=1 crashes=0 avg_out=172.3s avg_ret=232.5s avg_lap=416.8s best_lap=416.8
t=2394.7 route=3 laps=3 crashes=0 avg_out=218.2s avg_ret=273.3s avg_lap=509.0s best_lap=486.4
t=2394.7 route=4 laps=5 crashes=0 avg_out=176.3s avg_ret=192.0s avg_lap=380.3s best_lap=363.7
t=2394.7 route=5 laps=3 crashes=0 avg_out=262.3s avg_ret=270.5s avg_lap=545.4s best_lap=536.0
t=2394.7 route=6 laps=6 crashes=0 avg_out=151.7s avg_ret=149.2s avg_lap=311.7s best_lap=305.0
t=2394.7 route=7 laps=2 crashes=1 avg_out=325.8s avg_ret=312.4s avg_lap=637.9s best_lap=623.1
t=2394.7 route=8 laps=0 crashes=4 avg_out=330.1s avg_ret=0.0s avg_lap=0.0s best_lap=-
t=2394.7 TOTAL laps=26 crashes=5
t=2407.9 SPAWN craft=Aircraft_10_nav_r6_6_10_17_21_28_33_38 route=6 candidate=4 trial=38 t=2407.9
t=2424.7 ==== SUMMARY t=2424.7 ====
t=2424.7 route=1 laps=6 crashes=0 avg_out=150.1s avg_ret=153.3s avg_lap=315.4s best_lap=304.7
t=2424.7 route=2 laps=1 crashes=0 avg_out=172.3s avg_ret=232.5s avg_lap=416.8s best_lap=416.8
t=2424.7 route=3 laps=3 crashes=0 avg_out=218.2s avg_ret=273.3s avg_lap=509.0s best_lap=486.4
t=2424.7 route=4 laps=5 crashes=0 avg_out=176.3s avg_ret=192.0s avg_lap=380.3s best_lap=363.7
t=2424.7 route=5 laps=3 crashes=0 avg_out=262.3s avg_ret=270.5s avg_lap=545.4s best_lap=536.0
t=2424.7 route=6 laps=6 crashes=0 avg_out=151.7s avg_ret=149.2s avg_lap=311.7s best_lap=305.0
t=2424.7 route=7 laps=2 crashes=1 avg_out=325.8s avg_ret=312.4s avg_lap=637.9s best_lap=623.1
t=2424.7 route=8 laps=0 crashes=4 avg_out=330.1s avg_ret=0.0s avg_lap=0.0s best_lap=-
t=2424.7 TOTAL laps=26 crashes=5
t=2448.9 LAP craft=Aircraft_10_nav_r3_3_13_22_29 route=3 return=258.2s lap=490.6s t=2448.9
t=2470.8 LZ_REACHED craft=Aircraft_10_nav_r8_35 route=8 outbound=334.3s t=2470.8
t=2473.6 ==== SUMMARY t=2473.6 ====
t=2473.6 route=1 laps=6 crashes=0 avg_out=150.1s avg_ret=153.3s avg_lap=315.4s best_lap=304.7
t=2473.6 route=2 laps=1 crashes=0 avg_out=172.3s avg_ret=232.5s avg_lap=416.8s best_lap=416.8
t=2473.6 route=3 laps=4 crashes=0 avg_out=218.2s avg_ret=269.5s avg_lap=504.4s best_lap=486.4
t=2473.6 route=4 laps=5 crashes=0 avg_out=176.3s avg_ret=192.0s avg_lap=380.3s best_lap=363.7
t=2473.6 route=5 laps=3 crashes=0 avg_out=262.3s avg_ret=270.5s avg_lap=545.4s best_lap=536.0
t=2473.6 route=6 laps=6 crashes=0 avg_out=151.7s avg_ret=149.2s avg_lap=311.7s best_lap=305.0
t=2473.6 route=7 laps=2 crashes=1 avg_out=325.8s avg_ret=312.4s avg_lap=637.9s best_lap=623.1
t=2473.6 route=8 laps=0 crashes=4 avg_out=331.2s avg_ret=0.0s avg_lap=0.0s best_lap=-
t=2473.7 TOTAL laps=27 crashes=5
t=2489.0 CRASH craft=Aircraft_10_nav_r7_23_34 route=7 phase=2 t=2489.0
t=2503.6 ==== SUMMARY t=2503.6 ====
t=2503.6 route=1 laps=6 crashes=0 avg_out=150.1s avg_ret=153.3s avg_lap=315.4s best_lap=304.7
t=2503.6 route=2 laps=1 crashes=0 avg_out=172.3s avg_ret=232.5s avg_lap=416.8s best_lap=416.8
t=2503.6 route=3 laps=4 crashes=0 avg_out=218.2s avg_ret=269.5s avg_lap=504.4s best_lap=486.4
t=2503.7 route=4 laps=5 crashes=0 avg_out=176.3s avg_ret=192.0s avg_lap=380.3s best_lap=363.7
t=2503.7 route=5 laps=3 crashes=0 avg_out=262.3s avg_ret=270.5s avg_lap=545.4s best_lap=536.0
t=2503.7 route=6 laps=6 crashes=0 avg_out=151.7s avg_ret=149.2s avg_lap=311.7s best_lap=305.0
t=2503.7 route=7 laps=2 crashes=2 avg_out=325.8s avg_ret=312.4s avg_lap=637.9s best_lap=623.1
t=2503.7 route=8 laps=0 crashes=4 avg_out=331.2s avg_ret=0.0s avg_lap=0.0s best_lap=-
t=2503.7 TOTAL laps=27 crashes=6
t=2509.8 SPAWN craft=Aircraft_10_nav_r7_39 route=7 candidate=3 trial=39 t=2509.8
t=2517.0 LZ_REACHED craft=Aircraft_10_nav_r1_1_9_15_20_26_31_36 route=1 outbound=151.0s t=2517.0
t=2529.9 SPAWN craft=Aircraft_10_nav_r3_3_13_22_29_40 route=3 candidate=7 trial=40 t=2529.9
t=2533.7 ==== SUMMARY t=2533.7 ====
t=2533.7 route=1 laps=6 crashes=0 avg_out=150.2s avg_ret=153.3s avg_lap=315.4s best_lap=304.7
t=2533.7 route=2 laps=1 crashes=0 avg_out=172.3s avg_ret=232.5s avg_lap=416.8s best_lap=416.8
t=2533.7 route=3 laps=4 crashes=0 avg_out=218.2s avg_ret=269.5s avg_lap=504.4s best_lap=486.4
t=2533.7 route=4 laps=5 crashes=0 avg_out=176.3s avg_ret=192.0s avg_lap=380.3s best_lap=363.7
t=2533.7 route=5 laps=3 crashes=0 avg_out=262.3s avg_ret=270.5s avg_lap=545.4s best_lap=536.0
t=2533.7 route=6 laps=6 crashes=0 avg_out=151.7s avg_ret=149.2s avg_lap=311.7s best_lap=305.0
t=2533.7 route=7 laps=2 crashes=2 avg_out=325.8s avg_ret=312.4s avg_lap=637.9s best_lap=623.1
t=2533.7 route=8 laps=0 crashes=4 avg_out=331.2s avg_ret=0.0s avg_lap=0.0s best_lap=-
t=2533.7 TOTAL laps=27 crashes=6
t=2554.9 LAP craft=Aircraft_10_nav_r5_5_14_24_32 route=5 return=266.4s lap=539.1s t=2554.9
t=2573.9 LZ_REACHED craft=Aircraft_10_nav_r4_4_11_18_25_30_37 route=4 outbound=185.7s t=2573.9
t=2573.9 LZ_REACHED craft=Aircraft_10_nav_r6_6_10_17_21_28_33_38 route=6 outbound=166.0s t=2573.9
t=2582.5 ==== SUMMARY t=2582.5 ====
t=2582.5 route=1 laps=6 crashes=0 avg_out=150.2s avg_ret=153.3s avg_lap=315.4s best_lap=304.7
t=2582.6 route=2 laps=1 crashes=0 avg_out=172.3s avg_ret=232.5s avg_lap=416.8s best_lap=416.8
t=2582.6 route=3 laps=4 crashes=0 avg_out=218.2s avg_ret=269.5s avg_lap=504.4s best_lap=486.4
t=2582.6 route=4 laps=5 crashes=0 avg_out=177.9s avg_ret=192.0s avg_lap=380.3s best_lap=363.7
t=2582.6 route=5 laps=4 crashes=0 avg_out=262.3s avg_ret=269.5s avg_lap=543.8s best_lap=536.0
t=2582.6 route=6 laps=6 crashes=0 avg_out=153.8s avg_ret=149.2s avg_lap=311.7s best_lap=305.0
t=2582.6 route=7 laps=2 crashes=2 avg_out=325.8s avg_ret=312.4s avg_lap=637.9s best_lap=623.1
t=2582.6 route=8 laps=0 crashes=4 avg_out=331.2s avg_ret=0.0s avg_lap=0.0s best_lap=-
t=2582.6 TOTAL laps=28 crashes=6
t=2588.0 CRASH craft=Aircraft_10_nav_r8_35 route=8 phase=2 t=2588.0
t=2612.6 ==== SUMMARY t=2612.6 ====
t=2612.6 route=1 laps=6 crashes=0 avg_out=150.2s avg_ret=153.3s avg_lap=315.4s best_lap=304.7
t=2612.6 route=2 laps=1 crashes=0 avg_out=172.3s avg_ret=232.5s avg_lap=416.8s best_lap=416.8
t=2612.6 route=3 laps=4 crashes=0 avg_out=218.2s avg_ret=269.5s avg_lap=504.4s best_lap=486.4
t=2612.6 route=4 laps=5 crashes=0 avg_out=177.9s avg_ret=192.0s avg_lap=380.3s best_lap=363.7
t=2612.6 route=5 laps=4 crashes=0 avg_out=262.3s avg_ret=269.5s avg_lap=543.8s best_lap=536.0
t=2612.6 route=6 laps=6 crashes=0 avg_out=153.8s avg_ret=149.2s avg_lap=311.7s best_lap=305.0
t=2612.6 route=7 laps=2 crashes=2 avg_out=325.8s avg_ret=312.4s avg_lap=637.9s best_lap=623.1
t=2612.6 route=8 laps=0 crashes=5 avg_out=331.2s avg_ret=0.0s avg_lap=0.0s best_lap=-
t=2612.6 TOTAL laps=28 crashes=7
t=2619.0 SPAWN craft=Aircraft_10_nav_r8_41 route=8 candidate=5 trial=41 t=2619.0
t=2639.0 SPAWN craft=Aircraft_10_nav_r5_5_14_24_32_42 route=5 candidate=1 trial=42 t=2639.0
t=2642.6 ==== SUMMARY t=2642.6 ====
t=2642.6 route=1 laps=6 crashes=0 avg_out=150.2s avg_ret=153.3s avg_lap=315.4s best_lap=304.7
t=2642.6 route=2 laps=1 crashes=0 avg_out=172.3s avg_ret=232.5s avg_lap=416.8s best_lap=416.8
t=2642.6 route=3 laps=4 crashes=0 avg_out=218.2s avg_ret=269.5s avg_lap=504.4s best_lap=486.4
t=2642.6 route=4 laps=5 crashes=0 avg_out=177.9s avg_ret=192.0s avg_lap=380.3s best_lap=363.7
t=2642.6 route=5 laps=4 crashes=0 avg_out=262.3s avg_ret=269.5s avg_lap=543.8s best_lap=536.0
t=2642.6 route=6 laps=6 crashes=0 avg_out=153.8s avg_ret=149.2s avg_lap=311.7s best_lap=305.0
t=2642.6 route=7 laps=2 crashes=2 avg_out=325.8s avg_ret=312.4s avg_lap=637.9s best_lap=623.1
t=2642.7 route=8 laps=0 crashes=5 avg_out=331.2s avg_ret=0.0s avg_lap=0.0s best_lap=-
t=2642.7 TOTAL laps=28 crashes=7
t=2665.0 LAP craft=Aircraft_10_nav_r1_1_9_15_20_26_31_36 route=1 return=136.0s lap=299.0s t=2665.0
t=2691.4 ==== SUMMARY t=2691.4 ====
t=2691.4 route=1 laps=7 crashes=0 avg_out=150.2s avg_ret=150.8s avg_lap=313.0s best_lap=299.0
t=2691.4 route=2 laps=1 crashes=0 avg_out=172.3s avg_ret=232.5s avg_lap=416.8s best_lap=416.8
t=2691.4 route=3 laps=4 crashes=0 avg_out=218.2s avg_ret=269.5s avg_lap=504.4s best_lap=486.4
t=2691.4 route=4 laps=5 crashes=0 avg_out=177.9s avg_ret=192.0s avg_lap=380.3s best_lap=363.7
t=2691.4 route=5 laps=4 crashes=0 avg_out=262.3s avg_ret=269.5s avg_lap=543.8s best_lap=536.0
t=2691.4 route=6 laps=6 crashes=0 avg_out=153.8s avg_ret=149.2s avg_lap=311.7s best_lap=305.0
t=2691.4 route=7 laps=2 crashes=2 avg_out=325.8s avg_ret=312.4s avg_lap=637.9s best_lap=623.1
t=2691.4 route=8 laps=0 crashes=5 avg_out=331.2s avg_ret=0.0s avg_lap=0.0s best_lap=-
t=2691.4 TOTAL laps=29 crashes=7
t=2721.4 ==== SUMMARY t=2721.4 ====
t=2721.4 route=1 laps=7 crashes=0 avg_out=150.2s avg_ret=150.8s avg_lap=313.0s best_lap=299.0
t=2721.4 route=2 laps=1 crashes=0 avg_out=172.3s avg_ret=232.5s avg_lap=416.8s best_lap=416.8
t=2721.4 route=3 laps=4 crashes=0 avg_out=218.2s avg_ret=269.5s avg_lap=504.4s best_lap=486.4
t=2721.4 route=4 laps=5 crashes=0 avg_out=177.9s avg_ret=192.0s avg_lap=380.3s best_lap=363.7
t=2721.4 route=5 laps=4 crashes=0 avg_out=262.3s avg_ret=269.5s avg_lap=543.8s best_lap=536.0
t=2721.4 route=6 laps=6 crashes=0 avg_out=153.8s avg_ret=149.2s avg_lap=311.7s best_lap=305.0
t=2721.4 route=7 laps=2 crashes=2 avg_out=325.8s avg_ret=312.4s avg_lap=637.9s best_lap=623.1
t=2721.4 route=8 laps=0 crashes=5 avg_out=331.2s avg_ret=0.0s avg_lap=0.0s best_lap=-
t=2721.4 TOTAL laps=29 crashes=7
t=2723.1 LAP craft=Aircraft_10_nav_r6_6_10_17_21_28_33_38 route=6 return=148.3s lap=315.2s t=2723.1
t=2728.1 SPAWN craft=Aircraft_10_nav_r1_1_9_15_20_26_31_36_43 route=1 candidate=8 trial=43 t=2728.1
t=2747.6 SPAWN craft=Aircraft_10_nav_r6_6_10_17_21_28_33_38_44 route=6 candidate=5 trial=44 t=2747.6
t=2749.5 LZ_REACHED craft=Aircraft_10_nav_r3_3_13_22_29_40 route=3 outbound=219.6s t=2749.5
t=2753.5 ==== SUMMARY t=2753.5 ====
t=2753.5 route=1 laps=7 crashes=0 avg_out=150.2s avg_ret=150.8s avg_lap=313.0s best_lap=299.0
t=2753.6 route=2 laps=1 crashes=0 avg_out=172.3s avg_ret=232.5s avg_lap=416.8s best_lap=416.8
t=2753.6 route=3 laps=4 crashes=0 avg_out=218.5s avg_ret=269.5s avg_lap=504.4s best_lap=486.4
t=2753.6 route=4 laps=5 crashes=0 avg_out=177.9s avg_ret=192.0s avg_lap=380.3s best_lap=363.7
t=2753.6 route=5 laps=4 crashes=0 avg_out=262.3s avg_ret=269.5s avg_lap=543.8s best_lap=536.0
t=2753.6 route=6 laps=7 crashes=0 avg_out=153.8s avg_ret=149.1s avg_lap=312.2s best_lap=305.0
t=2753.6 route=7 laps=2 crashes=2 avg_out=325.8s avg_ret=312.4s avg_lap=637.9s best_lap=623.1
t=2753.6 route=8 laps=0 crashes=5 avg_out=331.2s avg_ret=0.0s avg_lap=0.0s best_lap=-
t=2753.6 TOTAL laps=30 crashes=7
t=2770.4 LAP craft=Aircraft_10_nav_r4_4_11_18_25_30_37 route=4 return=190.2s lap=382.1s t=2770.4
t=2802.3 ==== SUMMARY t=2802.3 ====
t=2802.3 route=1 laps=7 crashes=0 avg_out=150.2s avg_ret=150.8s avg_lap=313.0s best_lap=299.0
t=2802.3 route=2 laps=1 crashes=0 avg_out=172.3s avg_ret=232.5s avg_lap=416.8s best_lap=416.8
t=2802.3 route=3 laps=4 crashes=0 avg_out=218.5s avg_ret=269.5s avg_lap=504.4s best_lap=486.4
t=2802.3 route=4 laps=6 crashes=0 avg_out=177.9s avg_ret=191.7s avg_lap=380.6s best_lap=363.7
t=2802.3 route=5 laps=4 crashes=0 avg_out=262.3s avg_ret=269.5s avg_lap=543.8s best_lap=536.0
t=2802.4 route=6 laps=7 crashes=0 avg_out=153.8s avg_ret=149.1s avg_lap=312.2s best_lap=305.0
t=2802.4 route=7 laps=2 crashes=2 avg_out=325.8s avg_ret=312.4s avg_lap=637.9s best_lap=623.1
t=2802.4 route=8 laps=0 crashes=5 avg_out=331.2s avg_ret=0.0s avg_lap=0.0s best_lap=-
t=2802.4 TOTAL laps=31 crashes=7
t=2832.4 ==== SUMMARY t=2832.4 ====
t=2832.4 route=1 laps=7 crashes=0 avg_out=150.2s avg_ret=150.8s avg_lap=313.0s best_lap=299.0
t=2832.4 route=2 laps=1 crashes=0 avg_out=172.3s avg_ret=232.5s avg_lap=416.8s best_lap=416.8
t=2832.4 route=3 laps=4 crashes=0 avg_out=218.5s avg_ret=269.5s avg_lap=504.4s best_lap=486.4
t=2832.4 route=4 laps=6 crashes=0 avg_out=177.9s avg_ret=191.7s avg_lap=380.6s best_lap=363.7
t=2832.4 route=5 laps=4 crashes=0 avg_out=262.3s avg_ret=269.5s avg_lap=543.8s best_lap=536.0
t=2832.4 route=6 laps=7 crashes=0 avg_out=153.8s avg_ret=149.1s avg_lap=312.2s best_lap=305.0
t=2832.4 route=7 laps=2 crashes=2 avg_out=325.8s avg_ret=312.4s avg_lap=637.9s best_lap=623.1
t=2832.4 route=8 laps=0 crashes=5 avg_out=331.2s avg_ret=0.0s avg_lap=0.0s best_lap=-
t=2832.4 TOTAL laps=31 crashes=7
t=2834.2 SPAWN craft=Aircraft_10_nav_r4_4_11_18_25_30_37_45 route=4 candidate=2 trial=45 t=2834.2
t=2859.7 LZ_REACHED craft=Aircraft_10_nav_r7_39 route=7 outbound=349.9s t=2859.7
t=2862.4 ==== SUMMARY t=2862.4 ====
t=2862.4 route=1 laps=7 crashes=0 avg_out=150.2s avg_ret=150.8s avg_lap=313.0s best_lap=299.0
t=2862.4 route=2 laps=1 crashes=0 avg_out=172.3s avg_ret=232.5s avg_lap=416.8s best_lap=416.8
t=2862.4 route=3 laps=4 crashes=0 avg_out=218.5s avg_ret=269.5s avg_lap=504.4s best_lap=486.4
t=2862.4 route=4 laps=6 crashes=0 avg_out=177.9s avg_ret=191.7s avg_lap=380.6s best_lap=363.7
t=2862.4 route=5 laps=4 crashes=0 avg_out=262.3s avg_ret=269.5s avg_lap=543.8s best_lap=536.0
t=2862.4 route=6 laps=7 crashes=0 avg_out=153.8s avg_ret=149.1s avg_lap=312.2s best_lap=305.0
t=2862.4 route=7 laps=2 crashes=2 avg_out=330.6s avg_ret=312.4s avg_lap=637.9s best_lap=623.1
t=2862.4 route=8 laps=0 crashes=5 avg_out=331.2s avg_ret=0.0s avg_lap=0.0s best_lap=-
t=2862.4 TOTAL laps=31 crashes=7
t=2882.8 LZ_REACHED craft=Aircraft_10_nav_r1_1_9_15_20_26_31_36_43 route=1 outbound=154.7s t=2882.8
t=2892.4 ==== SUMMARY t=2892.4 ====
t=2892.4 route=1 laps=7 crashes=0 avg_out=150.8s avg_ret=150.8s avg_lap=313.0s best_lap=299.0
t=2892.4 route=2 laps=1 crashes=0 avg_out=172.3s avg_ret=232.5s avg_lap=416.8s best_lap=416.8
t=2892.4 route=3 laps=4 crashes=0 avg_out=218.5s avg_ret=269.5s avg_lap=504.4s best_lap=486.4
t=2892.4 route=4 laps=6 crashes=0 avg_out=177.9s avg_ret=191.7s avg_lap=380.6s best_lap=363.7
t=2892.4 route=5 laps=4 crashes=0 avg_out=262.3s avg_ret=269.5s avg_lap=543.8s best_lap=536.0
t=2892.4 route=6 laps=7 crashes=0 avg_out=153.8s avg_ret=149.1s avg_lap=312.2s best_lap=305.0
t=2892.4 route=7 laps=2 crashes=2 avg_out=330.6s avg_ret=312.4s avg_lap=637.9s best_lap=623.1
t=2892.4 route=8 laps=0 crashes=5 avg_out=331.2s avg_ret=0.0s avg_lap=0.0s best_lap=-
t=2892.4 TOTAL laps=31 crashes=7
t=2898.8 LZ_REACHED craft=Aircraft_10_nav_r6_6_10_17_21_28_33_38_44 route=6 outbound=151.2s t=2898.8
t=2904.2 LZ_REACHED craft=Aircraft_10_nav_r5_5_14_24_32_42 route=5 outbound=265.2s t=2904.2
t=2922.4 ==== SUMMARY t=2922.4 ====
t=2922.4 route=1 laps=7 crashes=0 avg_out=150.8s avg_ret=150.8s avg_lap=313.0s best_lap=299.0
t=2922.4 route=2 laps=1 crashes=0 avg_out=172.3s avg_ret=232.5s avg_lap=416.8s best_lap=416.8
t=2922.4 route=3 laps=4 crashes=0 avg_out=218.5s avg_ret=269.5s avg_lap=504.4s best_lap=486.4
t=2922.4 route=4 laps=6 crashes=0 avg_out=177.9s avg_ret=191.7s avg_lap=380.6s best_lap=363.7
t=2922.4 route=5 laps=4 crashes=0 avg_out=262.9s avg_ret=269.5s avg_lap=543.8s best_lap=536.0
t=2922.4 route=6 laps=7 crashes=0 avg_out=153.4s avg_ret=149.1s avg_lap=312.2s best_lap=305.0
t=2922.5 route=7 laps=2 crashes=2 avg_out=330.6s avg_ret=312.4s avg_lap=637.9s best_lap=623.1
t=2922.5 route=8 laps=0 crashes=5 avg_out=331.2s avg_ret=0.0s avg_lap=0.0s best_lap=-
t=2922.5 TOTAL laps=31 crashes=7
t=2952.4 ==== SUMMARY t=2952.4 ====
t=2952.4 route=1 laps=7 crashes=0 avg_out=150.8s avg_ret=150.8s avg_lap=313.0s best_lap=299.0
t=2952.4 route=2 laps=1 crashes=0 avg_out=172.3s avg_ret=232.5s avg_lap=416.8s best_lap=416.8
t=2952.4 route=3 laps=4 crashes=0 avg_out=218.5s avg_ret=269.5s avg_lap=504.4s best_lap=486.4
t=2952.5 route=4 laps=6 crashes=0 avg_out=177.9s avg_ret=191.7s avg_lap=380.6s best_lap=363.7
t=2952.5 route=5 laps=4 crashes=0 avg_out=262.9s avg_ret=269.5s avg_lap=543.8s best_lap=536.0
t=2952.5 route=6 laps=7 crashes=0 avg_out=153.4s avg_ret=149.1s avg_lap=312.2s best_lap=305.0
t=2952.5 route=7 laps=2 crashes=2 avg_out=330.6s avg_ret=312.4s avg_lap=637.9s best_lap=623.1
t=2952.5 route=8 laps=0 crashes=5 avg_out=331.2s avg_ret=0.0s avg_lap=0.0s best_lap=-
t=2952.5 TOTAL laps=31 crashes=7
t=2955.0 LZ_REACHED craft=Aircraft_10_nav_r8_41 route=8 outbound=336.0s t=2955.0
t=2976.6 CRASH craft=Aircraft_10_nav_r7_39 route=7 phase=2 t=2976.6
t=2982.4 ==== SUMMARY t=2982.4 ====
t=2982.4 route=1 laps=7 crashes=0 avg_out=150.8s avg_ret=150.8s avg_lap=313.0s best_lap=299.0
t=2982.4 route=2 laps=1 crashes=0 avg_out=172.3s avg_ret=232.5s avg_lap=416.8s best_lap=416.8
t=2982.5 route=3 laps=4 crashes=0 avg_out=218.5s avg_ret=269.5s avg_lap=504.4s best_lap=486.4
t=2982.5 route=4 laps=6 crashes=0 avg_out=177.9s avg_ret=191.7s avg_lap=380.6s best_lap=363.7
t=2982.5 route=5 laps=4 crashes=0 avg_out=262.9s avg_ret=269.5s avg_lap=543.8s best_lap=536.0
t=2982.5 route=6 laps=7 crashes=0 avg_out=153.4s avg_ret=149.1s avg_lap=312.2s best_lap=305.0
t=2982.5 route=7 laps=2 crashes=3 avg_out=330.6s avg_ret=312.4s avg_lap=637.9s best_lap=623.1
t=2982.5 route=8 laps=0 crashes=5 avg_out=332.1s avg_ret=0.0s avg_lap=0.0s best_lap=-
t=2982.5 TOTAL laps=31 crashes=8
t=2994.8 SPAWN craft=Aircraft_10_nav_r7_46 route=7 candidate=4 trial=46 t=2994.8
t=3010.1 LZ_REACHED craft=Aircraft_10_nav_r4_4_11_18_25_30_37_45 route=4 outbound=175.9s t=3010.1
t=3012.5 ==== SUMMARY t=3012.4 ====
t=3012.5 route=1 laps=7 crashes=0 avg_out=150.8s avg_ret=150.8s avg_lap=313.0s best_lap=299.0
t=3012.5 route=2 laps=1 crashes=0 avg_out=172.3s avg_ret=232.5s avg_lap=416.8s best_lap=416.8
t=3012.5 route=3 laps=4 crashes=0 avg_out=218.5s avg_ret=269.5s avg_lap=504.4s best_lap=486.4
t=3012.5 route=4 laps=6 crashes=0 avg_out=177.6s avg_ret=191.7s avg_lap=380.6s best_lap=363.7
t=3012.5 route=5 laps=4 crashes=0 avg_out=262.9s avg_ret=269.5s avg_lap=543.8s best_lap=536.0
t=3012.5 route=6 laps=7 crashes=0 avg_out=153.4s avg_ret=149.1s avg_lap=312.2s best_lap=305.0
t=3012.5 route=7 laps=2 crashes=3 avg_out=330.6s avg_ret=312.4s avg_lap=637.9s best_lap=623.1
t=3012.5 route=8 laps=0 crashes=5 avg_out=332.1s avg_ret=0.0s avg_lap=0.0s best_lap=-
t=3012.5 TOTAL laps=31 crashes=8
t=3019.4 LAP craft=Aircraft_10_nav_r3_3_13_22_29_40 route=3 return=257.9s lap=489.5s t=3019.4
t=3050.4 LAP craft=Aircraft_10_nav_r1_1_9_15_20_26_31_36_43 route=1 return=155.6s lap=322.3s t=3050.4
t=3061.3 ==== SUMMARY t=3061.3 ====
t=3061.3 route=1 laps=8 crashes=0 avg_out=150.8s avg_ret=151.4s avg_lap=314.2s best_lap=299.0
t=3061.3 route=2 laps=1 crashes=0 avg_out=172.3s avg_ret=232.5s avg_lap=416.8s best_lap=416.8
t=3061.3 route=3 laps=5 crashes=0 avg_out=218.5s avg_ret=267.2s avg_lap=501.4s best_lap=486.4
t=3061.3 route=4 laps=6 crashes=0 avg_out=177.6s avg_ret=191.7s avg_lap=380.6s best_lap=363.7
t=3061.3 route=5 laps=4 crashes=0 avg_out=262.9s avg_ret=269.5s avg_lap=543.8s best_lap=536.0
t=3061.3 route=6 laps=7 crashes=0 avg_out=153.4s avg_ret=149.1s avg_lap=312.2s best_lap=305.0
t=3061.3 route=7 laps=2 crashes=3 avg_out=330.6s avg_ret=312.4s avg_lap=637.9s best_lap=623.1
t=3061.3 route=8 laps=0 crashes=5 avg_out=332.1s avg_ret=0.0s avg_lap=0.0s best_lap=-
t=3061.3 TOTAL laps=33 crashes=8
t=3085.4 LAP craft=Aircraft_10_nav_r6_6_10_17_21_28_33_38_44 route=6 return=174.5s lap=337.8s t=3085.4
t=3085.4 CRASH craft=Aircraft_10_nav_r8_41 route=8 phase=2 t=3085.4
t=3130.8 ==== SUMMARY t=3130.8 ====
t=3130.8 route=1 laps=8 crashes=0 avg_out=150.8s avg_ret=151.4s avg_lap=314.2s best_lap=299.0
t=3130.8 route=2 laps=1 crashes=0 avg_out=172.3s avg_ret=232.5s avg_lap=416.8s best_lap=416.8
t=3130.8 route=3 laps=5 crashes=0 avg_out=218.5s avg_ret=267.2s avg_lap=501.4s best_lap=486.4
t=3130.8 route=4 laps=6 crashes=0 avg_out=177.6s avg_ret=191.7s avg_lap=380.6s best_lap=363.7
t=3130.8 route=5 laps=4 crashes=0 avg_out=262.9s avg_ret=269.5s avg_lap=543.8s best_lap=536.0
t=3130.8 route=6 laps=8 crashes=0 avg_out=153.4s avg_ret=152.2s avg_lap=315.4s best_lap=305.0
t=3130.8 route=7 laps=2 crashes=3 avg_out=330.6s avg_ret=312.4s avg_lap=637.9s best_lap=623.1
t=3130.8 route=8 laps=0 crashes=6 avg_out=332.1s avg_ret=0.0s avg_lap=0.0s best_lap=-
t=3130.8 TOTAL laps=34 crashes=9
t=3160.9 ==== SUMMARY t=3160.9 ====
t=3160.9 route=1 laps=8 crashes=0 avg_out=150.8s avg_ret=151.4s avg_lap=314.2s best_lap=299.0
t=3160.9 route=2 laps=1 crashes=0 avg_out=172.3s avg_ret=232.5s avg_lap=416.8s best_lap=416.8
t=3160.9 route=3 laps=5 crashes=0 avg_out=218.5s avg_ret=267.2s avg_lap=501.4s best_lap=486.4
t=3160.9 route=4 laps=6 crashes=0 avg_out=177.6s avg_ret=191.7s avg_lap=380.6s best_lap=363.7
t=3160.9 route=5 laps=4 crashes=0 avg_out=262.9s avg_ret=269.5s avg_lap=543.8s best_lap=536.0
t=3160.9 route=6 laps=8 crashes=0 avg_out=153.4s avg_ret=152.2s avg_lap=315.4s best_lap=305.0
t=3160.9 route=7 laps=2 crashes=3 avg_out=330.6s avg_ret=312.4s avg_lap=637.9s best_lap=623.1
t=3160.9 route=8 laps=0 crashes=6 avg_out=332.1s avg_ret=0.0s avg_lap=0.0s best_lap=-
t=3160.9 TOTAL laps=34 crashes=9
t=3168.5 SPAWN craft=Aircraft_10_nav_r3_3_13_22_29_40_47 route=3 candidate=8 trial=47 t=3168.5
t=3186.0 LAP craft=Aircraft_10_nav_r5_5_14_24_32_42 route=5 return=269.7s lap=547.0s t=3186.0
t=3204.9 SPAWN craft=Aircraft_10_nav_r8_48 route=8 candidate=6 trial=48 t=3204.9
t=3209.7 ==== SUMMARY t=3209.7 ====
t=3209.7 route=1 laps=8 crashes=0 avg_out=150.8s avg_ret=151.4s avg_lap=314.2s best_lap=299.0
t=3209.7 route=2 laps=1 crashes=0 avg_out=172.3s avg_ret=232.5s avg_lap=416.8s best_lap=416.8
t=3209.7 route=3 laps=5 crashes=0 avg_out=218.5s avg_ret=267.2s avg_lap=501.4s best_lap=486.4
t=3209.7 route=4 laps=6 crashes=0 avg_out=177.6s avg_ret=191.7s avg_lap=380.6s best_lap=363.7
t=3209.7 route=5 laps=5 crashes=0 avg_out=262.9s avg_ret=269.5s avg_lap=544.4s best_lap=536.0
t=3209.7 route=6 laps=8 crashes=0 avg_out=153.4s avg_ret=152.2s avg_lap=315.4s best_lap=305.0
t=3209.7 route=7 laps=2 crashes=3 avg_out=330.6s avg_ret=312.4s avg_lap=637.9s best_lap=623.1
t=3209.7 route=8 laps=0 crashes=6 avg_out=332.1s avg_ret=0.0s avg_lap=0.0s best_lap=-
t=3209.8 TOTAL laps=35 crashes=9
t=3211.2 LAP craft=Aircraft_10_nav_r4_4_11_18_25_30_37_45 route=4 return=172.9s lap=377.0s t=3211.2
t=3259.4 ==== SUMMARY t=3259.4 ====
t=3259.4 route=1 laps=8 crashes=0 avg_out=150.8s avg_ret=151.4s avg_lap=314.2s best_lap=299.0
t=3259.4 route=2 laps=1 crashes=0 avg_out=172.3s avg_ret=232.5s avg_lap=416.8s best_lap=416.8
t=3259.4 route=3 laps=5 crashes=0 avg_out=218.5s avg_ret=267.2s avg_lap=501.4s best_lap=486.4
t=3259.4 route=4 laps=7 crashes=0 avg_out=177.6s avg_ret=189.0s avg_lap=380.1s best_lap=363.7
t=3259.4 route=5 laps=5 crashes=0 avg_out=262.9s avg_ret=269.5s avg_lap=544.4s best_lap=536.0
t=3259.4 route=6 laps=8 crashes=0 avg_out=153.4s avg_ret=152.2s avg_lap=315.4s best_lap=305.0
t=3259.4 route=7 laps=2 crashes=3 avg_out=330.6s avg_ret=312.4s avg_lap=637.9s best_lap=623.1
t=3259.4 route=8 laps=0 crashes=6 avg_out=332.1s avg_ret=0.0s avg_lap=0.0s best_lap=-
t=3259.4 TOTAL laps=36 crashes=9
t=3289.4 ==== SUMMARY t=3289.4 ====
t=3289.4 route=1 laps=8 crashes=0 avg_out=150.8s avg_ret=151.4s avg_lap=314.2s best_lap=299.0
t=3289.4 route=2 laps=1 crashes=0 avg_out=172.3s avg_ret=232.5s avg_lap=416.8s best_lap=416.8
t=3289.4 route=3 laps=5 crashes=0 avg_out=218.5s avg_ret=267.2s avg_lap=501.4s best_lap=486.4
t=3289.4 route=4 laps=7 crashes=0 avg_out=177.6s avg_ret=189.0s avg_lap=380.1s best_lap=363.7
t=3289.4 route=5 laps=5 crashes=0 avg_out=262.9s avg_ret=269.5s avg_lap=544.4s best_lap=536.0
t=3289.4 route=6 laps=8 crashes=0 avg_out=153.4s avg_ret=152.2s avg_lap=315.4s best_lap=305.0
t=3289.4 route=7 laps=2 crashes=3 avg_out=330.6s avg_ret=312.4s avg_lap=637.9s best_lap=623.1
t=3289.4 route=8 laps=0 crashes=6 avg_out=332.1s avg_ret=0.0s avg_lap=0.0s best_lap=-
t=3289.4 TOTAL laps=36 crashes=9
t=3289.8 TUNING_REASSIGN craft=Aircraft_10_nav_r1_1_9_15_20_26_31_36_43_49 requested_route=1 assigned_route=2
t=3297.3 SPAWN craft=Aircraft_10_nav_r1_1_9_15_20_26_31_36_43_49 route=2 candidate=3 trial=49 t=3297.3
t=3303.1 LZ_REACHED craft=Aircraft_10_nav_r7_46 route=7 outbound=308.3s t=3303.1
t=3309.8 TUNING_REASSIGN craft=Aircraft_10_nav_r6_6_10_17_21_28_33_38_44_50 requested_route=6 assigned_route=2
t=3317.4 SPAWN craft=Aircraft_10_nav_r6_6_10_17_21_28_33_38_44_50 route=2 candidate=4 trial=50 t=3317.4
t=3319.4 ==== SUMMARY t=3319.4 ====
t=3319.4 route=1 laps=8 crashes=0 avg_out=150.8s avg_ret=151.4s avg_lap=314.2s best_lap=299.0
t=3319.4 route=2 laps=1 crashes=0 avg_out=172.3s avg_ret=232.5s avg_lap=416.8s best_lap=416.8
t=3319.4 route=3 laps=5 crashes=0 avg_out=218.5s avg_ret=267.2s avg_lap=501.4s best_lap=486.4
t=3319.4 route=4 laps=7 crashes=0 avg_out=177.6s avg_ret=189.0s avg_lap=380.1s best_lap=363.7
t=3319.4 route=5 laps=5 crashes=0 avg_out=262.9s avg_ret=269.5s avg_lap=544.4s best_lap=536.0
t=3319.4 route=6 laps=8 crashes=0 avg_out=153.4s avg_ret=152.2s avg_lap=315.4s best_lap=305.0
t=3319.4 route=7 laps=2 crashes=3 avg_out=326.9s avg_ret=312.4s avg_lap=637.9s best_lap=623.1
t=3319.4 route=8 laps=0 crashes=6 avg_out=332.1s avg_ret=0.0s avg_lap=0.0s best_lap=-
t=3319.5 TOTAL laps=36 crashes=9
t=3337.5 SPAWN craft=Aircraft_10_nav_r5_5_14_24_32_42_51 route=5 candidate=2 trial=51 t=3337.5
t=3349.4 ==== SUMMARY t=3349.4 ====
t=3349.4 route=1 laps=8 crashes=0 avg_out=150.8s avg_ret=151.4s avg_lap=314.2s best_lap=299.0
t=3349.4 route=2 laps=1 crashes=0 avg_out=172.3s avg_ret=232.5s avg_lap=416.8s best_lap=416.8
t=3349.4 route=3 laps=5 crashes=0 avg_out=218.5s avg_ret=267.2s avg_lap=501.4s best_lap=486.4
t=3349.4 route=4 laps=7 crashes=0 avg_out=177.6s avg_ret=189.0s avg_lap=380.1s best_lap=363.7
t=3349.5 route=5 laps=5 crashes=0 avg_out=262.9s avg_ret=269.5s avg_lap=544.4s best_lap=536.0
t=3349.5 route=6 laps=8 crashes=0 avg_out=153.4s avg_ret=152.2s avg_lap=315.4s best_lap=305.0
t=3349.5 route=7 laps=2 crashes=3 avg_out=326.9s avg_ret=312.4s avg_lap=637.9s best_lap=623.1
t=3349.5 route=8 laps=0 crashes=6 avg_out=332.1s avg_ret=0.0s avg_lap=0.0s best_lap=-
t=3349.5 TOTAL laps=36 crashes=9
t=3357.5 SPAWN craft=Aircraft_10_nav_r4_4_11_18_25_30_37_45_52 route=4 candidate=3 trial=52 t=3357.5
t=3370.1 TUNING_REASSIGN craft=Aircraft_10_nav_r1_53 requested_route=1 assigned_route=2
t=3377.6 SPAWN craft=Aircraft_10_nav_r1_53 route=2 candidate=5 trial=53 t=3377.6
t=3379.4 ==== SUMMARY t=3379.4 ====
t=3379.5 route=1 laps=8 crashes=0 avg_out=150.8s avg_ret=151.4s avg_lap=314.2s best_lap=299.0
t=3379.5 route=2 laps=1 crashes=0 avg_out=172.3s avg_ret=232.5s avg_lap=416.8s best_lap=416.8
t=3379.5 route=3 laps=5 crashes=0 avg_out=218.5s avg_ret=267.2s avg_lap=501.4s best_lap=486.4
t=3379.5 route=4 laps=7 crashes=0 avg_out=177.6s avg_ret=189.0s avg_lap=380.1s best_lap=363.7
t=3379.5 route=5 laps=5 crashes=0 avg_out=262.9s avg_ret=269.5s avg_lap=544.4s best_lap=536.0
t=3379.5 route=6 laps=8 crashes=0 avg_out=153.4s avg_ret=152.2s avg_lap=315.4s best_lap=305.0
t=3379.5 route=7 laps=2 crashes=3 avg_out=326.9s avg_ret=312.4s avg_lap=637.9s best_lap=623.1
t=3379.5 route=8 laps=0 crashes=6 avg_out=332.1s avg_ret=0.0s avg_lap=0.0s best_lap=-
t=3379.5 TOTAL laps=36 crashes=9
t=3384.9 LZ_REACHED craft=Aircraft_10_nav_r3_3_13_22_29_40_47 route=3 outbound=216.4s t=3384.9
t=3390.1 TUNING_REASSIGN craft=Aircraft_10_nav_r6_54 requested_route=6 assigned_route=2
t=3397.6 SPAWN craft=Aircraft_10_nav_r6_54 route=2 candidate=6 trial=54 t=3397.6
t=3409.5 ==== SUMMARY t=3409.5 ====
t=3409.5 route=1 laps=8 crashes=0 avg_out=150.8s avg_ret=151.4s avg_lap=314.2s best_lap=299.0
t=3409.5 route=2 laps=1 crashes=0 avg_out=172.3s avg_ret=232.5s avg_lap=416.8s best_lap=416.8
t=3409.5 route=3 laps=5 crashes=0 avg_out=218.2s avg_ret=267.2s avg_lap=501.4s best_lap=486.4
t=3409.5 route=4 laps=7 crashes=0 avg_out=177.6s avg_ret=189.0s avg_lap=380.1s best_lap=363.7
t=3409.5 route=5 laps=5 crashes=0 avg_out=262.9s avg_ret=269.5s avg_lap=544.4s best_lap=536.0
t=3409.5 route=6 laps=8 crashes=0 avg_out=153.4s avg_ret=152.2s avg_lap=315.4s best_lap=305.0
t=3409.5 route=7 laps=2 crashes=3 avg_out=326.9s avg_ret=312.4s avg_lap=637.9s best_lap=623.1
t=3409.5 route=8 laps=0 crashes=6 avg_out=332.1s avg_ret=0.0s avg_lap=0.0s best_lap=-
t=3409.6 TOTAL laps=36 crashes=9
t=3410.3 TUNING_REASSIGN craft=Aircraft_10_nav_r1_55 requested_route=1 assigned_route=2
t=3417.8 SPAWN craft=Aircraft_10_nav_r1_55 route=2 candidate=7 trial=55 t=3417.8
t=3417.9 CRASH craft=Aircraft_10_nav_r7_46 route=7 phase=2 t=3417.9
t=3430.4 TUNING_REASSIGN craft=Aircraft_10_nav_r6_56 requested_route=6 assigned_route=2
t=3437.9 SPAWN craft=Aircraft_10_nav_r6_56 route=2 candidate=8 trial=56 t=3437.9
t=3439.5 ==== SUMMARY t=3439.5 ====
t=3439.5 route=1 laps=8 crashes=0 avg_out=150.8s avg_ret=151.4s avg_lap=314.2s best_lap=299.0
t=3439.5 route=2 laps=1 crashes=0 avg_out=172.3s avg_ret=232.5s avg_lap=416.8s best_lap=416.8
t=3439.5 route=3 laps=5 crashes=0 avg_out=218.2s avg_ret=267.2s avg_lap=501.4s best_lap=486.4
t=3439.6 route=4 laps=7 crashes=0 avg_out=177.6s avg_ret=189.0s avg_lap=380.1s best_lap=363.7
t=3439.6 route=5 laps=5 crashes=0 avg_out=262.9s avg_ret=269.5s avg_lap=544.4s best_lap=536.0
t=3439.6 route=6 laps=8 crashes=0 avg_out=153.4s avg_ret=152.2s avg_lap=315.4s best_lap=305.0
t=3439.6 route=7 laps=2 crashes=4 avg_out=326.9s avg_ret=312.4s avg_lap=637.9s best_lap=623.1
t=3439.6 route=8 laps=0 crashes=6 avg_out=332.1s avg_ret=0.0s avg_lap=0.0s best_lap=-
t=3439.6 TOTAL laps=36 crashes=10
t=3450.4 TUNING_REASSIGN craft=Aircraft_10_nav_r1_57 requested_route=1 assigned_route=3
t=3458.0 SPAWN craft=Aircraft_10_nav_r1_57 route=3 candidate=1 trial=57 t=3458.0
t=3469.7 ==== SUMMARY t=3469.7 ====
t=3469.7 route=1 laps=8 crashes=0 avg_out=150.8s avg_ret=151.4s avg_lap=314.2s best_lap=299.0
t=3469.7 route=2 laps=1 crashes=0 avg_out=172.3s avg_ret=232.5s avg_lap=416.8s best_lap=416.8
t=3469.7 route=3 laps=5 crashes=0 avg_out=218.2s avg_ret=267.2s avg_lap=501.4s best_lap=486.4
t=3469.7 route=4 laps=7 crashes=0 avg_out=177.6s avg_ret=189.0s avg_lap=380.1s best_lap=363.7
t=3469.7 route=5 laps=5 crashes=0 avg_out=262.9s avg_ret=269.5s avg_lap=544.4s best_lap=536.0
t=3469.7 route=6 laps=8 crashes=0 avg_out=153.4s avg_ret=152.2s avg_lap=315.4s best_lap=305.0
t=3469.7 route=7 laps=2 crashes=4 avg_out=326.9s avg_ret=312.4s avg_lap=637.9s best_lap=623.1
t=3469.7 route=8 laps=0 crashes=6 avg_out=332.1s avg_ret=0.0s avg_lap=0.0s best_lap=-
t=3469.7 TOTAL laps=36 crashes=10
t=3478.6 SPAWN craft=Aircraft_10_nav_r7_58 route=7 candidate=5 trial=58 t=3478.6
t=3491.3 TUNING_REASSIGN craft=Aircraft_10_nav_r6_59 requested_route=6 assigned_route=5
t=3495.2 LZ_REACHED craft=Aircraft_10_nav_r6_6_10_17_21_28_33_38_44_50 route=2 outbound=177.9s t=3495.2
t=3499.1 SPAWN craft=Aircraft_10_nav_r6_59 route=5 candidate=3 trial=59 t=3499.1
t=3500.6 ==== SUMMARY t=3500.6 ====
t=3500.6 route=1 laps=8 crashes=0 avg_out=150.8s avg_ret=151.4s avg_lap=314.2s best_lap=299.0
t=3500.6 route=2 laps=1 crashes=0 avg_out=175.1s avg_ret=232.5s avg_lap=416.8s best_lap=416.8
t=3500.6 route=3 laps=5 crashes=0 avg_out=218.2s avg_ret=267.2s avg_lap=501.4s best_lap=486.4
t=3500.6 route=4 laps=7 crashes=0 avg_out=177.6s avg_ret=189.0s avg_lap=380.1s best_lap=363.7
t=3500.6 route=5 laps=5 crashes=0 avg_out=262.9s avg_ret=269.5s avg_lap=544.4s best_lap=536.0
t=3500.6 route=6 laps=8 crashes=0 avg_out=153.4s avg_ret=152.2s avg_lap=315.4s best_lap=305.0
t=3500.6 route=7 laps=2 crashes=4 avg_out=326.9s avg_ret=312.4s avg_lap=637.9s best_lap=623.1
t=3500.6 route=8 laps=0 crashes=6 avg_out=332.1s avg_ret=0.0s avg_lap=0.0s best_lap=-
t=3500.6 TOTAL laps=36 crashes=10
t=3510.1 LZ_REACHED craft=Aircraft_10_nav_r8_48 route=8 outbound=305.2s t=3510.1
t=3512.0 TUNING_REASSIGN craft=Aircraft_10_nav_r1_60 requested_route=1 assigned_route=2
t=3516.1 LZ_REACHED craft=Aircraft_10_nav_r1_1_9_15_20_26_31_36_43_49 route=2 outbound=218.8s t=3516.1
t=3519.6 SPAWN craft=Aircraft_10_nav_r1_60 route=2 candidate=1 trial=60 t=3519.6
t=3531.8 ==== SUMMARY t=3531.8 ====
t=3531.8 route=1 laps=8 crashes=0 avg_out=150.8s avg_ret=151.4s avg_lap=314.2s best_lap=299.0
t=3531.8 route=2 laps=1 crashes=0 avg_out=189.7s avg_ret=232.5s avg_lap=416.8s best_lap=416.8
t=3531.8 route=3 laps=5 crashes=0 avg_out=218.2s avg_ret=267.2s avg_lap=501.4s best_lap=486.4
t=3531.8 route=4 laps=7 crashes=0 avg_out=177.6s avg_ret=189.0s avg_lap=380.1s best_lap=363.7
t=3531.8 route=5 laps=5 crashes=0 avg_out=262.9s avg_ret=269.5s avg_lap=544.4s best_lap=536.0
t=3531.8 route=6 laps=8 crashes=0 avg_out=153.4s avg_ret=152.2s avg_lap=315.4s best_lap=305.0
t=3531.8 route=7 laps=2 crashes=4 avg_out=326.9s avg_ret=312.4s avg_lap=637.9s best_lap=623.1
t=3531.8 route=8 laps=0 crashes=6 avg_out=327.6s avg_ret=0.0s avg_lap=0.0s best_lap=-
t=3531.9 TOTAL laps=36 crashes=10
t=3533.2 TUNING_REASSIGN craft=Aircraft_10_nav_r6_61 requested_route=6 assigned_route=3
t=3539.0 LZ_REACHED craft=Aircraft_10_nav_r4_4_11_18_25_30_37_45_52 route=4 outbound=181.6s t=3539.0
t=3542.0 SPAWN craft=Aircraft_10_nav_r6_61 route=3 candidate=2 trial=61 t=3542.0
t=3555.1 TUNING_REASSIGN craft=Aircraft_10_nav_r1_62 requested_route=1 assigned_route=5
t=3558.7 LZ_REACHED craft=Aircraft_10_nav_r1_53 route=2 outbound=181.1s t=3558.7
t=3564.1 SPAWN craft=Aircraft_10_nav_r1_62 route=5 candidate=4 trial=62 t=3564.1
t=3565.7 ==== SUMMARY t=3565.7 ====
t=3565.7 route=1 laps=8 crashes=0 avg_out=150.8s avg_ret=151.4s avg_lap=314.2s best_lap=299.0
t=3565.7 route=2 laps=1 crashes=0 avg_out=187.5s avg_ret=232.5s avg_lap=416.8s best_lap=416.8
t=3565.7 route=3 laps=5 crashes=0 avg_out=218.2s avg_ret=267.2s avg_lap=501.4s best_lap=486.4
t=3565.7 route=4 laps=7 crashes=0 avg_out=178.1s avg_ret=189.0s avg_lap=380.1s best_lap=363.7
t=3565.7 route=5 laps=5 crashes=0 avg_out=262.9s avg_ret=269.5s avg_lap=544.4s best_lap=536.0
t=3565.7 route=6 laps=8 crashes=0 avg_out=153.4s avg_ret=152.2s avg_lap=315.4s best_lap=305.0
t=3565.8 route=7 laps=2 crashes=4 avg_out=326.9s avg_ret=312.4s avg_lap=637.9s best_lap=623.1
t=3565.8 route=8 laps=0 crashes=6 avg_out=327.6s avg_ret=0.0s avg_lap=0.0s best_lap=-
t=3565.8 TOTAL laps=36 crashes=10
t=3580.4 TUNING_REASSIGN craft=Aircraft_10_nav_r6_63 requested_route=6 assigned_route=7
t=3589.2 LZ_REACHED craft=Aircraft_10_nav_r6_54 route=2 outbound=191.6s t=3589.2
t=3591.9 SPAWN craft=Aircraft_10_nav_r6_63 route=7 candidate=6 trial=63 t=3591.9
t=3605.5 LZ_REACHED craft=Aircraft_10_nav_r1_55 route=2 outbound=187.7s t=3605.5
t=3607.7 ==== SUMMARY t=3607.7 ====
t=3607.7 route=1 laps=8 crashes=0 avg_out=150.8s avg_ret=151.4s avg_lap=314.2s best_lap=299.0
t=3607.7 route=2 laps=1 crashes=0 avg_out=188.2s avg_ret=232.5s avg_lap=416.8s best_lap=416.8
t=3607.7 route=3 laps=5 crashes=0 avg_out=218.2s avg_ret=267.2s avg_lap=501.4s best_lap=486.4
t=3607.7 route=4 laps=7 crashes=0 avg_out=178.1s avg_ret=189.0s avg_lap=380.1s best_lap=363.7
t=3607.8 route=5 laps=5 crashes=0 avg_out=262.9s avg_ret=269.5s avg_lap=544.4s best_lap=536.0
t=3607.8 route=6 laps=8 crashes=0 avg_out=153.4s avg_ret=152.2s avg_lap=315.4s best_lap=305.0
t=3607.8 route=7 laps=2 crashes=4 avg_out=326.9s avg_ret=312.4s avg_lap=637.9s best_lap=623.1
t=3607.8 route=8 laps=0 crashes=6 avg_out=327.6s avg_ret=0.0s avg_lap=0.0s best_lap=-
t=3607.8 TOTAL laps=36 crashes=10
t=3618.5 LZ_REACHED craft=Aircraft_10_nav_r5_5_14_24_32_42_51 route=5 outbound=281.1s t=3618.5
t=3639.9 LZ_REACHED craft=Aircraft_10_nav_r6_56 route=2 outbound=202.0s t=3639.9
t=3647.8 ==== SUMMARY t=3647.8 ====
t=3647.8 route=1 laps=8 crashes=0 avg_out=150.8s avg_ret=151.4s avg_lap=314.2s best_lap=299.0
t=3647.8 route=2 laps=1 crashes=0 avg_out=190.2s avg_ret=232.5s avg_lap=416.8s best_lap=416.8
t=3647.8 route=3 laps=5 crashes=0 avg_out=218.2s avg_ret=267.2s avg_lap=501.4s best_lap=486.4
t=3647.8 route=4 laps=7 crashes=0 avg_out=178.1s avg_ret=189.0s avg_lap=380.1s best_lap=363.7
t=3647.8 route=5 laps=5 crashes=0 avg_out=265.9s avg_ret=269.5s avg_lap=544.4s best_lap=536.0
t=3647.8 route=6 laps=8 crashes=0 avg_out=153.4s avg_ret=152.2s avg_lap=315.4s best_lap=305.0
t=3647.8 route=7 laps=2 crashes=4 avg_out=326.9s avg_ret=312.4s avg_lap=637.9s best_lap=623.1
t=3647.8 route=8 laps=0 crashes=6 avg_out=327.6s avg_ret=0.0s avg_lap=0.0s best_lap=-
t=3647.8 TOTAL laps=36 crashes=10
t=3655.3 CRASH craft=Aircraft_10_nav_r8_48 route=8 phase=2 t=3655.3
t=3669.0 TUNING_REASSIGN craft=Aircraft_10_nav_r1_64 requested_route=1 assigned_route=8
t=3678.7 SPAWN craft=Aircraft_10_nav_r1_64 route=8 candidate=7 trial=64 t=3678.7
t=3684.7 CRASH craft=Aircraft_10_nav_r1_53 route=2 phase=2 t=3684.7
t=3686.1 ==== SUMMARY t=3686.1 ====
t=3686.1 route=1 laps=8 crashes=0 avg_out=150.8s avg_ret=151.4s avg_lap=314.2s best_lap=299.0
t=3686.1 route=2 laps=1 crashes=1 avg_out=190.2s avg_ret=232.5s avg_lap=416.8s best_lap=416.8
t=3686.1 route=3 laps=5 crashes=0 avg_out=218.2s avg_ret=267.2s avg_lap=501.4s best_lap=486.4
t=3686.1 route=4 laps=7 crashes=0 avg_out=178.1s avg_ret=189.0s avg_lap=380.1s best_lap=363.7
t=3686.1 route=5 laps=5 crashes=0 avg_out=265.9s avg_ret=269.5s avg_lap=544.4s best_lap=536.0
t=3686.1 route=6 laps=8 crashes=0 avg_out=153.4s avg_ret=152.2s avg_lap=315.4s best_lap=305.0
t=3686.1 route=7 laps=2 crashes=4 avg_out=326.9s avg_ret=312.4s avg_lap=637.9s best_lap=623.1
t=3686.1 route=8 laps=0 crashes=7 avg_out=327.6s avg_ret=0.0s avg_lap=0.0s best_lap=-
t=3686.1 TOTAL laps=36 crashes=12
t=3711.6 SPAWN craft=Aircraft_10_nav_r1_65 route=1 candidate=1 trial=65 t=3711.6
t=3713.9 LAP craft=Aircraft_10_nav_r3_3_13_22_29_40_47 route=3 return=317.0s lap=545.4s t=3713.9
t=3740.9 STUCK craft=Aircraft_10_nav_r1_55 route=2 phase=2 dist=4464m best=4072m idle=121s t=3740.9
t=3740.9 LZ_REACHED craft=Aircraft_10_nav_r1_57 route=3 outbound=283.0s t=3740.9
t=3747.1 LZ_REACHED craft=Aircraft_10_nav_r1_60 route=2 outbound=227.5s t=3747.1
t=3752.3 ==== SUMMARY t=3752.3 ====
t=3752.3 route=1 laps=8 crashes=0 avg_out=150.8s avg_ret=151.4s avg_lap=314.2s best_lap=299.0
t=3752.3 route=2 laps=1 crashes=1 avg_out=194.9s avg_ret=232.5s avg_lap=416.8s best_lap=416.8
t=3752.3 route=3 laps=6 crashes=0 avg_out=227.4s avg_ret=275.5s avg_lap=508.7s best_lap=486.4
t=3752.3 route=4 laps=7 crashes=0 avg_out=178.1s avg_ret=189.0s avg_lap=380.1s best_lap=363.7
t=3752.3 route=5 laps=5 crashes=0 avg_out=265.9s avg_ret=269.5s avg_lap=544.4s best_lap=536.0
t=3752.3 route=6 laps=8 crashes=0 avg_out=153.4s avg_ret=152.2s avg_lap=315.4s best_lap=305.0
t=3752.3 route=7 laps=2 crashes=4 avg_out=326.9s avg_ret=312.4s avg_lap=637.9s best_lap=623.1
t=3752.3 route=8 laps=0 crashes=7 avg_out=327.6s avg_ret=0.0s avg_lap=0.0s best_lap=-
t=3752.3 TOTAL laps=37 crashes=12
t=3788.7 ==== SUMMARY t=3788.7 ====
t=3788.7 route=1 laps=8 crashes=0 avg_out=150.8s avg_ret=151.4s avg_lap=314.2s best_lap=299.0
t=3788.7 route=2 laps=1 crashes=1 avg_out=194.9s avg_ret=232.5s avg_lap=416.8s best_lap=416.8
t=3788.7 route=3 laps=6 crashes=0 avg_out=227.4s avg_ret=275.5s avg_lap=508.7s best_lap=486.4
t=3788.7 route=4 laps=7 crashes=0 avg_out=178.1s avg_ret=189.0s avg_lap=380.1s best_lap=363.7
t=3788.7 route=5 laps=5 crashes=0 avg_out=265.9s avg_ret=269.5s avg_lap=544.4s best_lap=536.0
t=3788.7 route=6 laps=8 crashes=0 avg_out=153.4s avg_ret=152.2s avg_lap=315.4s best_lap=305.0
t=3788.7 route=7 laps=2 crashes=4 avg_out=326.9s avg_ret=312.4s avg_lap=637.9s best_lap=623.1
t=3788.7 route=8 laps=0 crashes=7 avg_out=327.6s avg_ret=0.0s avg_lap=0.0s best_lap=-
t=3788.7 TOTAL laps=37 crashes=12
t=3794.1 SPAWN craft=Aircraft_10_nav_r3_3_13_22_29_40_47_66 route=3 candidate=1 trial=66 t=3794.1
t=3803.8 LAP craft=Aircraft_10_nav_r4_4_11_18_25_30_37_45_52 route=4 return=252.0s lap=446.3s t=3803.8
t=3828.8 LAP craft=Aircraft_10_nav_r6_6_10_17_21_28_33_38_44_50 route=2 return=321.1s lap=511.5s t=3828.8
t=3828.8 LZ_REACHED craft=Aircraft_10_nav_r6_61 route=3 outbound=286.8s t=3828.8
t=3833.3 LZ_REACHED craft=Aircraft_10_nav_r6_59 route=5 outbound=334.2s t=3833.3
t=3851.8 ==== SUMMARY t=3851.8 ====
t=3851.8 route=1 laps=8 crashes=0 avg_out=150.8s avg_ret=151.4s avg_lap=314.2s best_lap=299.0
t=3851.8 route=2 laps=2 crashes=1 avg_out=194.9s avg_ret=276.8s avg_lap=464.1s best_lap=416.8
t=3851.8 route=3 laps=6 crashes=0 avg_out=234.8s avg_ret=275.5s avg_lap=508.7s best_lap=486.4
t=3851.8 route=4 laps=8 crashes=0 avg_out=178.1s avg_ret=196.9s avg_lap=388.4s best_lap=363.7
t=3851.8 route=5 laps=5 crashes=0 avg_out=275.7s avg_ret=269.5s avg_lap=544.4s best_lap=536.0
t=3851.8 route=6 laps=8 crashes=0 avg_out=153.4s avg_ret=152.2s avg_lap=315.4s best_lap=305.0
t=3851.8 route=7 laps=2 crashes=4 avg_out=326.9s avg_ret=312.4s avg_lap=637.9s best_lap=623.1
t=3851.8 route=8 laps=0 crashes=7 avg_out=327.6s avg_ret=0.0s avg_lap=0.0s best_lap=-
t=3851.8 TOTAL laps=39 crashes=12
t=3854.0 LAP craft=Aircraft_10_nav_r1_1_9_15_20_26_31_36_43_49 route=2 return=325.4s lap=556.7s t=3854.0
t=3882.2 STUCK craft=Aircraft_10_nav_r1_60 route=2 phase=2 dist=4032m best=4070m idle=120s t=3882.2
t=3884.6 ==== SUMMARY t=3884.6 ====
t=3884.6 route=1 laps=8 crashes=0 avg_out=150.8s avg_ret=151.4s avg_lap=314.2s best_lap=299.0
t=3884.6 route=2 laps=3 crashes=1 avg_out=194.9s avg_ret=293.0s avg_lap=495.0s best_lap=416.8
t=3884.6 route=3 laps=6 crashes=0 avg_out=234.8s avg_ret=275.5s avg_lap=508.7s best_lap=486.4
t=3884.6 route=4 laps=8 crashes=0 avg_out=178.1s avg_ret=196.9s avg_lap=388.4s best_lap=363.7
t=3884.6 route=5 laps=5 crashes=0 avg_out=275.7s avg_ret=269.5s avg_lap=544.4s best_lap=536.0
t=3884.6 route=6 laps=8 crashes=0 avg_out=153.4s avg_ret=152.2s avg_lap=315.4s best_lap=305.0
t=3884.6 route=7 laps=2 crashes=4 avg_out=326.9s avg_ret=312.4s avg_lap=637.9s best_lap=623.1
t=3884.6 route=8 laps=0 crashes=7 avg_out=327.6s avg_ret=0.0s avg_lap=0.0s best_lap=-
t=3884.6 TOTAL laps=40 crashes=12
t=3891.7 SPAWN craft=Aircraft_10_nav_r4_4_11_18_25_30_37_45_52_68 route=4 candidate=1 trial=67 t=3891.7
t=3893.5 LZ_REACHED craft=Aircraft_10_nav_r7_58 route=7 outbound=414.9s t=3893.5
t=3899.5 LZ_REACHED craft=Aircraft_10_nav_r1_65 route=1 outbound=188.0s t=3899.5
t=3909.5 LZ_REACHED craft=Aircraft_10_nav_r1_62 route=5 outbound=345.4s t=3909.5
t=3912.8 LAP craft=Aircraft_10_nav_r6_54 route=2 return=306.5s lap=515.2s t=3912.8
t=3939.9 ==== SUMMARY t=3939.9 ====
t=3939.9 route=1 laps=8 crashes=0 avg_out=154.9s avg_ret=151.4s avg_lap=314.2s best_lap=299.0
t=3939.9 route=2 laps=4 crashes=1 avg_out=194.9s avg_ret=296.4s avg_lap=500.0s best_lap=416.8
t=3939.9 route=3 laps=6 crashes=0 avg_out=234.8s avg_ret=275.5s avg_lap=508.7s best_lap=486.4
t=3940.0 route=4 laps=8 crashes=0 avg_out=178.1s avg_ret=196.9s avg_lap=388.4s best_lap=363.7
t=3940.0 route=5 laps=5 crashes=0 avg_out=284.4s avg_ret=269.5s avg_lap=544.4s best_lap=536.0
t=3940.0 route=6 laps=8 crashes=0 avg_out=153.4s avg_ret=152.2s avg_lap=315.4s best_lap=305.0
t=3940.0 route=7 laps=2 crashes=4 avg_out=339.5s avg_ret=312.4s avg_lap=637.9s best_lap=623.1
t=3940.0 route=8 laps=0 crashes=7 avg_out=327.6s avg_ret=0.0s avg_lap=0.0s best_lap=-
t=3940.0 TOTAL laps=41 crashes=12
t=3941.8 LAP craft=Aircraft_10_nav_r5_5_14_24_32_42_51 route=5 return=305.9s lap=604.4s t=3941.8
t=3961.2 LAP craft=Aircraft_10_nav_r6_56 route=2 return=305.9s lap=523.3s t=3961.2
t=3991.4 LZ_REACHED craft=Aircraft_10_nav_r6_63 route=7 outbound=399.5s t=3991.4
t=3996.9 ==== SUMMARY t=3996.9 ====
t=3996.9 route=1 laps=8 crashes=0 avg_out=154.9s avg_ret=151.4s avg_lap=314.2s best_lap=299.0
t=3996.9 route=2 laps=5 crashes=1 avg_out=194.9s avg_ret=298.3s avg_lap=504.7s best_lap=416.8
t=3996.9 route=3 laps=6 crashes=0 avg_out=234.8s avg_ret=275.5s avg_lap=508.7s best_lap=486.4
t=3996.9 route=4 laps=8 crashes=0 avg_out=178.1s avg_ret=196.9s avg_lap=388.4s best_lap=363.7
t=3996.9 route=5 laps=6 crashes=0 avg_out=284.4s avg_ret=275.6s avg_lap=554.4s best_lap=536.0
t=3996.9 route=6 laps=8 crashes=0 avg_out=153.4s avg_ret=152.2s avg_lap=315.4s best_lap=305.0
t=3996.9 route=7 laps=2 crashes=4 avg_out=347.0s avg_ret=312.4s avg_lap=637.9s best_lap=623.1
t=3996.9 route=8 laps=0 crashes=7 avg_out=327.6s avg_ret=0.0s avg_lap=0.0s best_lap=-
t=3996.9 TOTAL laps=43 crashes=12
t=4021.9 CRASH craft=Aircraft_10_nav_r7_58 route=7 phase=2 t=4021.9
t=4027.8 ==== SUMMARY t=4027.8 ====
t=4027.8 route=1 laps=8 crashes=0 avg_out=154.9s avg_ret=151.4s avg_lap=314.2s best_lap=299.0
t=4027.8 route=2 laps=5 crashes=1 avg_out=194.9s avg_ret=298.3s avg_lap=504.7s best_lap=416.8
t=4027.8 route=3 laps=6 crashes=0 avg_out=234.8s avg_ret=275.5s avg_lap=508.7s best_lap=486.4
t=4027.8 route=4 laps=8 crashes=0 avg_out=178.1s avg_ret=196.9s avg_lap=388.4s best_lap=363.7
t=4027.8 route=5 laps=6 crashes=0 avg_out=284.4s avg_ret=275.6s avg_lap=554.4s best_lap=536.0
t=4027.8 route=6 laps=8 crashes=0 avg_out=153.4s avg_ret=152.2s avg_lap=315.4s best_lap=305.0
t=4027.9 route=7 laps=2 crashes=5 avg_out=347.0s avg_ret=312.4s avg_lap=637.9s best_lap=623.1
t=4027.9 route=8 laps=0 crashes=7 avg_out=327.6s avg_ret=0.0s avg_lap=0.0s best_lap=-
t=4027.9 TOTAL laps=43 crashes=13
t=4030.0 SPAWN craft=Aircraft_10_nav_r6_56_70 route=2 candidate=1 trial=68 t=4030.0
t=4030.0 LZ_REACHED craft=Aircraft_10_nav_r1_64 route=8 outbound=351.4s t=4030.0
t=4048.2 LZ_REACHED craft=Aircraft_10_nav_r3_3_13_22_29_40_47_66 route=3 outbound=254.1s t=4048.2
t=4048.2 SPAWN craft=Aircraft_10_nav_r6_71 route=6 candidate=1 trial=69 t=4048.2
t=4051.6 LAP craft=Aircraft_10_nav_r1_57 route=3 return=310.2s lap=593.6s t=4051.6
t=4073.1 LAP craft=Aircraft_10_nav_r1_65 route=1 return=160.8s lap=361.5s t=4073.1
t=4080.1 ==== SUMMARY t=4080.1 ====
t=4080.1 route=1 laps=9 crashes=0 avg_out=154.9s avg_ret=152.4s avg_lap=319.4s best_lap=299.0
t=4080.1 route=2 laps=5 crashes=1 avg_out=194.9s avg_ret=298.3s avg_lap=504.7s best_lap=416.8
t=4080.2 route=3 laps=7 crashes=0 avg_out=237.0s avg_ret=280.5s avg_lap=520.9s best_lap=486.4
t=4080.2 route=4 laps=8 crashes=0 avg_out=178.1s avg_ret=196.9s avg_lap=388.4s best_lap=363.7
t=4080.2 route=5 laps=6 crashes=0 avg_out=284.4s avg_ret=275.6s avg_lap=554.4s best_lap=536.0
t=4080.2 route=6 laps=8 crashes=0 avg_out=153.4s avg_ret=152.2s avg_lap=315.4s best_lap=305.0
t=4080.2 route=7 laps=2 crashes=5 avg_out=347.0s avg_ret=312.4s avg_lap=637.9s best_lap=623.1
t=4080.2 route=8 laps=0 crashes=7 avg_out=331.0s avg_ret=0.0s avg_lap=0.0s best_lap=-
t=4080.2 TOTAL laps=45 crashes=13
t=4089.0 LZ_REACHED craft=Aircraft_10_nav_r4_4_11_18_25_30_37_45_52_68 route=4 outbound=197.3s t=4089.0
t=4111.9 ==== SUMMARY t=4111.9 ====
t=4111.9 route=1 laps=9 crashes=0 avg_out=154.9s avg_ret=152.4s avg_lap=319.4s best_lap=299.0
t=4111.9 route=2 laps=5 crashes=1 avg_out=194.9s avg_ret=298.3s avg_lap=504.7s best_lap=416.8
t=4111.9 route=3 laps=7 crashes=0 avg_out=237.0s avg_ret=280.5s avg_lap=520.9s best_lap=486.4
t=4111.9 route=4 laps=8 crashes=0 avg_out=180.2s avg_ret=196.9s avg_lap=388.4s best_lap=363.7
t=4111.9 route=5 laps=6 crashes=0 avg_out=284.4s avg_ret=275.6s avg_lap=554.4s best_lap=536.0
t=4111.9 route=6 laps=8 crashes=0 avg_out=153.4s avg_ret=152.2s avg_lap=315.4s best_lap=305.0
t=4111.9 route=7 laps=2 crashes=5 avg_out=347.0s avg_ret=312.4s avg_lap=637.9s best_lap=623.1
t=4111.9 route=8 laps=0 crashes=7 avg_out=331.0s avg_ret=0.0s avg_lap=0.0s best_lap=-
t=4112.0 TOTAL laps=45 crashes=13
t=4132.0 LAP craft=Aircraft_10_nav_r6_61 route=3 return=288.0s lap=590.0s t=4132.0
t=4146.8 LAP craft=Aircraft_10_nav_r6_59 route=5 return=298.3s lap=647.8s t=4146.8
t=4158.0 ==== SUMMARY t=4158.0 ====
t=4158.0 route=1 laps=9 crashes=0 avg_out=154.9s avg_ret=152.4s avg_lap=319.4s best_lap=299.0
t=4158.0 route=2 laps=5 crashes=1 avg_out=194.9s avg_ret=298.3s avg_lap=504.7s best_lap=416.8
t=4158.0 route=3 laps=8 crashes=0 avg_out=237.0s avg_ret=281.4s avg_lap=529.5s best_lap=486.4
t=4158.0 route=4 laps=8 crashes=0 avg_out=180.2s avg_ret=196.9s avg_lap=388.4s best_lap=363.7
t=4158.0 route=5 laps=7 crashes=0 avg_out=284.4s avg_ret=278.8s avg_lap=567.8s best_lap=536.0
t=4158.0 route=6 laps=8 crashes=0 avg_out=153.4s avg_ret=152.2s avg_lap=315.4s best_lap=305.0
t=4158.0 route=7 laps=2 crashes=5 avg_out=347.0s avg_ret=312.4s avg_lap=637.9s best_lap=623.1
t=4158.0 route=8 laps=0 crashes=7 avg_out=331.0s avg_ret=0.0s avg_lap=0.0s best_lap=-
t=4158.0 TOTAL laps=47 crashes=13
t=4188.1 ==== SUMMARY t=4188.1 ====
t=4188.1 route=1 laps=9 crashes=0 avg_out=154.9s avg_ret=152.4s avg_lap=319.4s best_lap=299.0
t=4188.1 route=2 laps=5 crashes=1 avg_out=194.9s avg_ret=298.3s avg_lap=504.7s best_lap=416.8
t=4188.1 route=3 laps=8 crashes=0 avg_out=237.0s avg_ret=281.4s avg_lap=529.5s best_lap=486.4
t=4188.1 route=4 laps=8 crashes=0 avg_out=180.2s avg_ret=196.9s avg_lap=388.4s best_lap=363.7
t=4188.1 route=5 laps=7 crashes=0 avg_out=284.4s avg_ret=278.8s avg_lap=567.8s best_lap=536.0
t=4188.1 route=6 laps=8 crashes=0 avg_out=153.4s avg_ret=152.2s avg_lap=315.4s best_lap=305.0
t=4188.1 route=7 laps=2 crashes=5 avg_out=347.0s avg_ret=312.4s avg_lap=637.9s best_lap=623.1
t=4188.1 route=8 laps=0 crashes=7 avg_out=331.0s avg_ret=0.0s avg_lap=0.0s best_lap=-
t=4188.2 TOTAL laps=47 crashes=13
t=4193.0 SPAWN craft=Aircraft_10_nav_r1_57_72 route=3 candidate=1 trial=70 t=4193.0
t=4206.2 LZ_REACHED craft=Aircraft_10_nav_r6_71 route=6 outbound=158.0s t=4206.2
t=4213.2 SPAWN craft=Aircraft_10_nav_r1_65_73 route=1 candidate=1 trial=71 t=4213.2
t=4214.1 LZ_REACHED craft=Aircraft_10_nav_r6_56_70 route=2 outbound=184.1s t=4214.1
t=4218.3 ==== SUMMARY t=4218.3 ====
t=4218.3 route=1 laps=9 crashes=0 avg_out=154.9s avg_ret=152.4s avg_lap=319.4s best_lap=299.0
t=4218.3 route=2 laps=5 crashes=1 avg_out=193.7s avg_ret=298.3s avg_lap=504.7s best_lap=416.8
t=4218.3 route=3 laps=8 crashes=0 avg_out=237.0s avg_ret=281.4s avg_lap=529.5s best_lap=486.4
t=4218.3 route=4 laps=8 crashes=0 avg_out=180.2s avg_ret=196.9s avg_lap=388.4s best_lap=363.7
t=4218.3 route=5 laps=7 crashes=0 avg_out=284.4s avg_ret=278.8s avg_lap=567.8s best_lap=536.0
t=4218.3 route=6 laps=8 crashes=0 avg_out=153.9s avg_ret=152.2s avg_lap=315.4s best_lap=305.0
t=4218.3 route=7 laps=2 crashes=5 avg_out=347.0s avg_ret=312.4s avg_lap=637.9s best_lap=623.1
t=4218.3 route=8 laps=0 crashes=7 avg_out=331.0s avg_ret=0.0s avg_lap=0.0s best_lap=-
t=4218.3 TOTAL laps=47 crashes=13
t=4222.1 LAP craft=Aircraft_10_nav_r1_62 route=5 return=286.4s lap=658.0s t=4222.1
t=4234.1 SPAWN craft=Aircraft_10_nav_r6_59_74 route=5 candidate=1 trial=72 t=4234.1
t=4254.4 ==== SUMMARY t=4254.4 ====
t=4254.4 route=1 laps=9 crashes=0 avg_out=154.9s avg_ret=152.4s avg_lap=319.4s best_lap=299.0
t=4254.4 route=2 laps=5 crashes=1 avg_out=193.7s avg_ret=298.3s avg_lap=504.7s best_lap=416.8
t=4254.4 route=3 laps=8 crashes=0 avg_out=237.0s avg_ret=281.4s avg_lap=529.5s best_lap=486.4
t=4254.5 route=4 laps=8 crashes=0 avg_out=180.2s avg_ret=196.9s avg_lap=388.4s best_lap=363.7
t=4254.5 route=5 laps=8 crashes=0 avg_out=284.4s avg_ret=279.8s avg_lap=579.0s best_lap=536.0
t=4254.5 route=6 laps=8 crashes=0 avg_out=153.9s avg_ret=152.2s avg_lap=315.4s best_lap=305.0
t=4254.5 route=7 laps=2 crashes=5 avg_out=347.0s avg_ret=312.4s avg_lap=637.9s best_lap=623.1
t=4254.5 route=8 laps=0 crashes=7 avg_out=331.0s avg_ret=0.0s avg_lap=0.0s best_lap=-
t=4254.5 TOTAL laps=48 crashes=13
t=4257.1 SPAWN craft=Aircraft_10_nav_r1_62_75 route=5 candidate=1 trial=73 t=4257.1
t=4285.6 ==== SUMMARY t=4285.6 ====
t=4285.6 route=1 laps=9 crashes=0 avg_out=154.9s avg_ret=152.4s avg_lap=319.4s best_lap=299.0
t=4285.6 route=2 laps=5 crashes=1 avg_out=193.7s avg_ret=298.3s avg_lap=504.7s best_lap=416.8
t=4285.6 route=3 laps=8 crashes=0 avg_out=237.0s avg_ret=281.4s avg_lap=529.5s best_lap=486.4
t=4285.6 route=4 laps=8 crashes=0 avg_out=180.2s avg_ret=196.9s avg_lap=388.4s best_lap=363.7
t=4285.6 route=5 laps=8 crashes=0 avg_out=284.4s avg_ret=279.8s avg_lap=579.0s best_lap=536.0
t=4285.6 route=6 laps=8 crashes=0 avg_out=153.9s avg_ret=152.2s avg_lap=315.4s best_lap=305.0
t=4285.6 route=7 laps=2 crashes=5 avg_out=347.0s avg_ret=312.4s avg_lap=637.9s best_lap=623.1
t=4285.6 route=8 laps=0 crashes=7 avg_out=331.0s avg_ret=0.0s avg_lap=0.0s best_lap=-
t=4285.7 TOTAL laps=48 crashes=13
t=4296.8 LAP craft=Aircraft_10_nav_r4_4_11_18_25_30_37_45_52_68 route=4 return=195.4s lap=405.1s t=4296.8
t=4325.4 LAP craft=Aircraft_10_nav_r3_3_13_22_29_40_47_66 route=3 return=252.3s lap=531.3s t=4325.4
t=4335.5 LAP craft=Aircraft_10_nav_r6_63 route=7 return=331.9s lap=743.7s t=4335.5
t=4339.6 ==== SUMMARY t=4339.6 ====
t=4339.6 route=1 laps=9 crashes=0 avg_out=154.9s avg_ret=152.4s avg_lap=319.4s best_lap=299.0
t=4339.6 route=2 laps=5 crashes=1 avg_out=193.7s avg_ret=298.3s avg_lap=504.7s best_lap=416.8
t=4339.6 route=3 laps=9 crashes=0 avg_out=237.0s avg_ret=278.2s avg_lap=529.7s best_lap=486.4
t=4339.6 route=4 laps=9 crashes=0 avg_out=180.2s avg_ret=196.7s avg_lap=390.2s best_lap=363.7
t=4339.6 route=5 laps=8 crashes=0 avg_out=284.4s avg_ret=279.8s avg_lap=579.0s best_lap=536.0
t=4339.6 route=6 laps=8 crashes=0 avg_out=153.9s avg_ret=152.2s avg_lap=315.4s best_lap=305.0
t=4339.6 route=7 laps=3 crashes=5 avg_out=347.0s avg_ret=318.9s avg_lap=673.1s best_lap=623.1
t=4339.6 route=8 laps=0 crashes=7 avg_out=331.0s avg_ret=0.0s avg_lap=0.0s best_lap=-
t=4339.6 TOTAL laps=51 crashes=13
t=4370.0 ==== SUMMARY t=4370.0 ====
t=4370.0 route=1 laps=9 crashes=0 avg_out=154.9s avg_ret=152.4s avg_lap=319.4s best_lap=299.0
t=4370.0 route=2 laps=5 crashes=1 avg_out=193.7s avg_ret=298.3s avg_lap=504.7s best_lap=416.8
t=4370.0 route=3 laps=9 crashes=0 avg_out=237.0s avg_ret=278.2s avg_lap=529.7s best_lap=486.4
t=4370.0 route=4 laps=9 crashes=0 avg_out=180.2s avg_ret=196.7s avg_lap=390.2s best_lap=363.7
t=4370.0 route=5 laps=8 crashes=0 avg_out=284.4s avg_ret=279.8s avg_lap=579.0s best_lap=536.0
t=4370.0 route=6 laps=8 crashes=0 avg_out=153.9s avg_ret=152.2s avg_lap=315.4s best_lap=305.0
t=4370.0 route=7 laps=3 crashes=5 avg_out=347.0s avg_ret=318.9s avg_lap=673.1s best_lap=623.1
t=4370.0 route=8 laps=0 crashes=7 avg_out=331.0s avg_ret=0.0s avg_lap=0.0s best_lap=-
t=4370.0 TOTAL laps=51 crashes=13
t=4371.3 LZ_REACHED craft=Aircraft_10_nav_r1_65_73 route=1 outbound=158.1s t=4371.3
t=4372.8 LAP craft=Aircraft_10_nav_r1_64 route=8 return=330.3s lap=694.0s t=4372.7
t=4387.4 LAP craft=Aircraft_10_nav_r6_71 route=6 return=169.1s lap=339.2s t=4387.4
t=4421.3 LZ_REACHED craft=Aircraft_10_nav_r1_57_72 route=3 outbound=228.3s t=4421.3
t=4435.3 ==== SUMMARY t=4435.3 ====
t=4435.4 route=1 laps=9 crashes=0 avg_out=155.2s avg_ret=152.4s avg_lap=319.4s best_lap=299.0
t=4435.4 route=2 laps=5 crashes=1 avg_out=193.7s avg_ret=298.3s avg_lap=504.7s best_lap=416.8
t=4435.4 route=3 laps=9 crashes=0 avg_out=236.1s avg_ret=278.2s avg_lap=529.7s best_lap=486.4
t=4435.4 route=4 laps=9 crashes=0 avg_out=180.2s avg_ret=196.7s avg_lap=390.2s best_lap=363.7
t=4435.4 route=5 laps=8 crashes=0 avg_out=284.4s avg_ret=279.8s avg_lap=579.0s best_lap=536.0
t=4435.4 route=6 laps=9 crashes=0 avg_out=153.9s avg_ret=154.1s avg_lap=318.0s best_lap=305.0
t=4435.4 route=7 laps=3 crashes=5 avg_out=347.0s avg_ret=318.9s avg_lap=673.1s best_lap=623.1
t=4435.4 route=8 laps=1 crashes=7 avg_out=331.0s avg_ret=330.3s avg_lap=694.0s best_lap=694.0
t=4435.4 TOTAL laps=53 crashes=13
t=4435.9 SPAWN craft=Aircraft_10_nav_r4_4_11_18_25_30_37_45_52_68_76 route=4 candidate=4 trial=74 t=4435.9
t=4456.0 SPAWN craft=Aircraft_10_nav_r3_3_13_22_29_40_47_66_77 route=3 candidate=3 trial=75 t=4456.0
t=4462.5 LAP craft=Aircraft_10_nav_r6_56_70 route=2 return=231.1s lap=432.5s t=4462.5
t=4465.6 ==== SUMMARY t=4465.6 ====
t=4465.6 route=1 laps=9 crashes=0 avg_out=155.2s avg_ret=152.4s avg_lap=319.4s best_lap=299.0
t=4465.6 route=2 laps=6 crashes=1 avg_out=193.7s avg_ret=287.1s avg_lap=492.6s best_lap=416.8
t=4465.6 route=3 laps=9 crashes=0 avg_out=236.1s avg_ret=278.2s avg_lap=529.7s best_lap=486.4
t=4465.6 route=4 laps=9 crashes=0 avg_out=180.2s avg_ret=196.7s avg_lap=390.2s best_lap=363.7
t=4465.6 route=5 laps=8 crashes=0 avg_out=284.4s avg_ret=279.8s avg_lap=579.0s best_lap=536.0
t=4465.6 route=6 laps=9 crashes=0 avg_out=153.9s avg_ret=154.1s avg_lap=318.0s best_lap=305.0
t=4465.6 route=7 laps=3 crashes=5 avg_out=347.0s avg_ret=318.9s avg_lap=673.1s best_lap=623.1
t=4465.6 route=8 laps=1 crashes=7 avg_out=331.0s avg_ret=330.3s avg_lap=694.0s best_lap=694.0
t=4465.6 TOTAL laps=54 crashes=13
t=4476.1 SPAWN craft=Aircraft_10_nav_r1_64_78 route=8 candidate=8 trial=76 t=4476.1
t=4498.8 SPAWN craft=Aircraft_10_nav_r6_71_79 route=6 candidate=6 trial=77 t=4498.8
t=4499.6 LZ_REACHED craft=Aircraft_10_nav_r6_59_74 route=5 outbound=265.5s t=4499.6
t=4500.7 ==== SUMMARY t=4500.7 ====
t=4500.7 route=1 laps=9 crashes=0 avg_out=155.2s avg_ret=152.4s avg_lap=319.4s best_lap=299.0
t=4500.7 route=2 laps=6 crashes=1 avg_out=193.7s avg_ret=287.1s avg_lap=492.6s best_lap=416.8
t=4500.7 route=3 laps=9 crashes=0 avg_out=236.1s avg_ret=278.2s avg_lap=529.7s best_lap=486.4
t=4500.7 route=4 laps=9 crashes=0 avg_out=180.2s avg_ret=196.7s avg_lap=390.2s best_lap=363.7
t=4500.8 route=5 laps=8 crashes=0 avg_out=282.3s avg_ret=279.8s avg_lap=579.0s best_lap=536.0
t=4500.8 route=6 laps=9 crashes=0 avg_out=153.9s avg_ret=154.1s avg_lap=318.0s best_lap=305.0
t=4500.8 route=7 laps=3 crashes=5 avg_out=347.0s avg_ret=318.9s avg_lap=673.1s best_lap=623.1
t=4500.8 route=8 laps=1 crashes=7 avg_out=331.0s avg_ret=330.3s avg_lap=694.0s best_lap=694.0
t=4500.8 TOTAL laps=54 crashes=13
t=4516.6 SPAWN craft=Aircraft_10_nav_r6_56_70_80 route=2 candidate=2 trial=78 t=4516.6
t=4523.6 LZ_REACHED craft=Aircraft_10_nav_r1_62_75 route=5 outbound=266.5s t=4523.6
t=4524.0 LAP craft=Aircraft_10_nav_r1_65_73 route=1 return=136.6s lap=310.7s t=4524.0
t=4552.4 ==== SUMMARY t=4552.4 ====
t=4552.4 route=1 laps=10 crashes=0 avg_out=155.2s avg_ret=150.9s avg_lap=318.6s best_lap=299.0
t=4552.4 route=2 laps=6 crashes=1 avg_out=193.7s avg_ret=287.1s avg_lap=492.6s best_lap=416.8
t=4552.4 route=3 laps=9 crashes=0 avg_out=236.1s avg_ret=278.2s avg_lap=529.7s best_lap=486.4
t=4552.4 route=4 laps=9 crashes=0 avg_out=180.2s avg_ret=196.7s avg_lap=390.2s best_lap=363.7
t=4552.4 route=5 laps=8 crashes=0 avg_out=280.7s avg_ret=279.8s avg_lap=579.0s best_lap=536.0
t=4552.4 route=6 laps=9 crashes=0 avg_out=153.9s avg_ret=154.1s avg_lap=318.0s best_lap=305.0
t=4552.4 route=7 laps=3 crashes=5 avg_out=347.0s avg_ret=318.9s avg_lap=673.1s best_lap=623.1
t=4552.5 route=8 laps=1 crashes=7 avg_out=331.0s avg_ret=330.3s avg_lap=694.0s best_lap=694.0
t=4552.5 TOTAL laps=55 crashes=13
t=4583.5 ==== SUMMARY t=4583.5 ====
t=4583.5 route=1 laps=10 crashes=0 avg_out=155.2s avg_ret=150.9s avg_lap=318.6s best_lap=299.0
t=4583.5 route=2 laps=6 crashes=1 avg_out=193.7s avg_ret=287.1s avg_lap=492.6s best_lap=416.8
t=4583.5 route=3 laps=9 crashes=0 avg_out=236.1s avg_ret=278.2s avg_lap=529.7s best_lap=486.4
t=4583.5 route=4 laps=9 crashes=0 avg_out=180.2s avg_ret=196.7s avg_lap=390.2s best_lap=363.7
t=4583.5 route=5 laps=8 crashes=0 avg_out=280.7s avg_ret=279.8s avg_lap=579.0s best_lap=536.0
t=4583.5 route=6 laps=9 crashes=0 avg_out=153.9s avg_ret=154.1s avg_lap=318.0s best_lap=305.0
t=4583.5 route=7 laps=3 crashes=5 avg_out=347.0s avg_ret=318.9s avg_lap=673.1s best_lap=623.1
t=4583.5 route=8 laps=1 crashes=7 avg_out=331.0s avg_ret=330.3s avg_lap=694.0s best_lap=694.0
t=4583.5 TOTAL laps=55 crashes=13
t=4613.9 ==== SUMMARY t=4613.9 ====
t=4613.9 route=1 laps=10 crashes=0 avg_out=155.2s avg_ret=150.9s avg_lap=318.6s best_lap=299.0
t=4613.9 route=2 laps=6 crashes=1 avg_out=193.7s avg_ret=287.1s avg_lap=492.6s best_lap=416.8
t=4613.9 route=3 laps=9 crashes=0 avg_out=236.1s avg_ret=278.2s avg_lap=529.7s best_lap=486.4
t=4613.9 route=4 laps=9 crashes=0 avg_out=180.2s avg_ret=196.7s avg_lap=390.2s best_lap=363.7
t=4613.9 route=5 laps=8 crashes=0 avg_out=280.7s avg_ret=279.8s avg_lap=579.0s best_lap=536.0
t=4613.9 route=6 laps=9 crashes=0 avg_out=153.9s avg_ret=154.1s avg_lap=318.0s best_lap=305.0
t=4613.9 route=7 laps=3 crashes=5 avg_out=347.0s avg_ret=318.9s avg_lap=673.1s best_lap=623.1
t=4613.9 route=8 laps=1 crashes=7 avg_out=331.0s avg_ret=330.3s avg_lap=694.0s best_lap=694.0
t=4613.9 TOTAL laps=55 crashes=13
t=4624.0 LZ_REACHED craft=Aircraft_10_nav_r4_4_11_18_25_30_37_45_52_68_76 route=4 outbound=188.1s t=4624.0
t=4645.3 ==== SUMMARY t=4645.3 ====
t=4645.3 route=1 laps=10 crashes=0 avg_out=155.2s avg_ret=150.9s avg_lap=318.6s best_lap=299.0
t=4645.3 route=2 laps=6 crashes=1 avg_out=193.7s avg_ret=287.1s avg_lap=492.6s best_lap=416.8
t=4645.4 route=3 laps=9 crashes=0 avg_out=236.1s avg_ret=278.2s avg_lap=529.7s best_lap=486.4
t=4645.4 route=4 laps=9 crashes=0 avg_out=181.0s avg_ret=196.7s avg_lap=390.2s best_lap=363.7
t=4645.4 route=5 laps=8 crashes=0 avg_out=280.7s avg_ret=279.8s avg_lap=579.0s best_lap=536.0
t=4645.4 route=6 laps=9 crashes=0 avg_out=153.9s avg_ret=154.1s avg_lap=318.0s best_lap=305.0
t=4645.4 route=7 laps=3 crashes=5 avg_out=347.0s avg_ret=318.9s avg_lap=673.1s best_lap=623.1
t=4645.4 route=8 laps=1 crashes=7 avg_out=331.0s avg_ret=330.3s avg_lap=694.0s best_lap=694.0
t=4645.4 TOTAL laps=55 crashes=13
t=4653.1 LZ_REACHED craft=Aircraft_10_nav_r6_71_79 route=6 outbound=154.3s t=4653.1
t=4675.7 ==== SUMMARY t=4675.7 ====
t=4675.7 route=1 laps=10 crashes=0 avg_out=155.2s avg_ret=150.9s avg_lap=318.6s best_lap=299.0
t=4675.7 route=2 laps=6 crashes=1 avg_out=193.7s avg_ret=287.1s avg_lap=492.6s best_lap=416.8
t=4675.7 route=3 laps=9 crashes=0 avg_out=236.1s avg_ret=278.2s avg_lap=529.7s best_lap=486.4
t=4675.7 route=4 laps=9 crashes=0 avg_out=181.0s avg_ret=196.7s avg_lap=390.2s best_lap=363.7
t=4675.7 route=5 laps=8 crashes=0 avg_out=280.7s avg_ret=279.8s avg_lap=579.0s best_lap=536.0
t=4675.7 route=6 laps=9 crashes=0 avg_out=154.0s avg_ret=154.1s avg_lap=318.0s best_lap=305.0
t=4675.7 route=7 laps=3 crashes=5 avg_out=347.0s avg_ret=318.9s avg_lap=673.1s best_lap=623.1
t=4675.7 route=8 laps=1 crashes=7 avg_out=331.0s avg_ret=330.3s avg_lap=694.0s best_lap=694.0
t=4675.8 TOTAL laps=55 crashes=13
t=4679.3 LZ_REACHED craft=Aircraft_10_nav_r3_3_13_22_29_40_47_66_77 route=3 outbound=223.3s t=4679.3
t=4706.0 ==== SUMMARY t=4706.0 ====
t=4706.1 route=1 laps=10 crashes=0 avg_out=155.2s avg_ret=150.9s avg_lap=318.6s best_lap=299.0
t=4706.1 route=2 laps=6 crashes=1 avg_out=193.7s avg_ret=287.1s avg_lap=492.6s best_lap=416.8
t=4706.1 route=3 laps=9 crashes=0 avg_out=234.9s avg_ret=278.2s avg_lap=529.7s best_lap=486.4
t=4706.1 route=4 laps=9 crashes=0 avg_out=181.0s avg_ret=196.7s avg_lap=390.2s best_lap=363.7
t=4706.1 route=5 laps=8 crashes=0 avg_out=280.7s avg_ret=279.8s avg_lap=579.0s best_lap=536.0
t=4706.1 route=6 laps=9 crashes=0 avg_out=154.0s avg_ret=154.1s avg_lap=318.0s best_lap=305.0
t=4706.1 route=7 laps=3 crashes=5 avg_out=347.0s avg_ret=318.9s avg_lap=673.1s best_lap=623.1
t=4706.1 route=8 laps=1 crashes=7 avg_out=331.0s avg_ret=330.3s avg_lap=694.0s best_lap=694.0
t=4706.1 TOTAL laps=55 crashes=13
t=4706.6 LAP craft=Aircraft_10_nav_r1_57_72 route=3 return=273.2s lap=513.5s t=4706.6
t=4724.5 LZ_REACHED craft=Aircraft_10_nav_r6_56_70_80 route=2 outbound=207.9s t=4724.5
t=4754.8 ==== SUMMARY t=4754.8 ====
t=4754.8 route=1 laps=10 crashes=0 avg_out=155.2s avg_ret=150.9s avg_lap=318.6s best_lap=299.0
t=4754.8 route=2 laps=6 crashes=1 avg_out=195.1s avg_ret=287.1s avg_lap=492.6s best_lap=416.8
t=4754.8 route=3 laps=10 crashes=0 avg_out=234.9s avg_ret=277.7s avg_lap=528.1s best_lap=486.4
t=4754.8 route=4 laps=9 crashes=0 avg_out=181.0s avg_ret=196.7s avg_lap=390.2s best_lap=363.7
t=4754.8 route=5 laps=8 crashes=0 avg_out=280.7s avg_ret=279.8s avg_lap=579.0s best_lap=536.0
t=4754.8 route=6 laps=9 crashes=0 avg_out=154.0s avg_ret=154.1s avg_lap=318.0s best_lap=305.0
t=4754.8 route=7 laps=3 crashes=5 avg_out=347.0s avg_ret=318.9s avg_lap=673.1s best_lap=623.1
t=4754.8 route=8 laps=1 crashes=7 avg_out=331.0s avg_ret=330.3s avg_lap=694.0s best_lap=694.0
t=4754.8 TOTAL laps=56 crashes=13
t=4771.2 SPAWN craft=Aircraft_10_nav_r1_57_72_82 route=3 candidate=4 trial=79 t=4771.2
t=4785.0 ==== SUMMARY t=4785.0 ====
t=4785.0 route=1 laps=10 crashes=0 avg_out=155.2s avg_ret=150.9s avg_lap=318.6s best_lap=299.0
t=4785.0 route=2 laps=6 crashes=1 avg_out=195.1s avg_ret=287.1s avg_lap=492.6s best_lap=416.8
t=4785.0 route=3 laps=10 crashes=0 avg_out=234.9s avg_ret=277.7s avg_lap=528.1s best_lap=486.4
t=4785.0 route=4 laps=9 crashes=0 avg_out=181.0s avg_ret=196.7s avg_lap=390.2s best_lap=363.7
t=4785.0 route=5 laps=8 crashes=0 avg_out=280.7s avg_ret=279.8s avg_lap=579.0s best_lap=536.0
t=4785.0 route=6 laps=9 crashes=0 avg_out=154.0s avg_ret=154.1s avg_lap=318.0s best_lap=305.0
t=4785.0 route=7 laps=3 crashes=5 avg_out=347.0s avg_ret=318.9s avg_lap=673.1s best_lap=623.1
t=4785.0 route=8 laps=1 crashes=7 avg_out=331.0s avg_ret=330.3s avg_lap=694.0s best_lap=694.0
t=4785.0 TOTAL laps=56 crashes=13
t=4788.1 LAP craft=Aircraft_10_nav_r6_59_74 route=5 return=276.3s lap=554.0s t=4788.1
t=4808.7 LAP craft=Aircraft_10_nav_r1_62_75 route=5 return=263.6s lap=551.5s t=4808.7
t=4819.0 LZ_REACHED craft=Aircraft_10_nav_r1_64_78 route=8 outbound=342.9s t=4819.0
t=4820.2 LAP craft=Aircraft_10_nav_r6_71_79 route=6 return=155.2s lap=321.5s t=4820.2
t=4833.4 LAP craft=Aircraft_10_nav_r4_4_11_18_25_30_37_45_52_68_76 route=4 return=196.6s lap=397.4s t=4833.4
t=4848.4 ==== SUMMARY t=4848.4 ====
t=4848.4 route=1 laps=10 crashes=0 avg_out=155.2s avg_ret=150.9s avg_lap=318.6s best_lap=299.0
t=4848.4 route=2 laps=6 crashes=1 avg_out=195.1s avg_ret=287.1s avg_lap=492.6s best_lap=416.8
t=4848.4 route=3 laps=10 crashes=0 avg_out=234.9s avg_ret=277.7s avg_lap=528.1s best_lap=486.4
t=4848.5 route=4 laps=10 crashes=0 avg_out=181.0s avg_ret=196.7s avg_lap=391.0s best_lap=363.7
t=4848.5 route=5 laps=10 crashes=0 avg_out=280.7s avg_ret=277.8s avg_lap=573.8s best_lap=536.0
t=4848.5 route=6 laps=10 crashes=0 avg_out=154.0s avg_ret=154.2s avg_lap=318.4s best_lap=305.0
t=4848.5 route=7 laps=3 crashes=5 avg_out=347.0s avg_ret=318.9s avg_lap=673.1s best_lap=623.1
t=4848.5 route=8 laps=1 crashes=7 avg_out=332.5s avg_ret=330.3s avg_lap=694.0s best_lap=694.0
t=4848.5 TOTAL laps=60 crashes=13
t=4878.5 ==== SUMMARY t=4878.5 ====
t=4878.5 route=1 laps=10 crashes=0 avg_out=155.2s avg_ret=150.9s avg_lap=318.6s best_lap=299.0
t=4878.5 route=2 laps=6 crashes=1 avg_out=195.1s avg_ret=287.1s avg_lap=492.6s best_lap=416.8
t=4878.5 route=3 laps=10 crashes=0 avg_out=234.9s avg_ret=277.7s avg_lap=528.1s best_lap=486.4
t=4878.5 route=4 laps=10 crashes=0 avg_out=181.0s avg_ret=196.7s avg_lap=391.0s best_lap=363.7
t=4878.5 route=5 laps=10 crashes=0 avg_out=280.7s avg_ret=277.8s avg_lap=573.8s best_lap=536.0
t=4878.6 route=6 laps=10 crashes=0 avg_out=154.0s avg_ret=154.2s avg_lap=318.4s best_lap=305.0
t=4878.6 route=7 laps=3 crashes=5 avg_out=347.0s avg_ret=318.9s avg_lap=673.1s best_lap=623.1
t=4878.6 route=8 laps=1 crashes=7 avg_out=332.5s avg_ret=330.3s avg_lap=694.0s best_lap=694.0
t=4878.6 TOTAL laps=60 crashes=13
t=4890.1 SPAWN craft=Aircraft_10_nav_r4_4_11_18_25_30_37_45_52_68_76_84 route=4 candidate=5 trial=80 t=4890.1
t=4908.7 ==== SUMMARY t=4908.7 ====
t=4908.8 route=1 laps=10 crashes=0 avg_out=155.2s avg_ret=150.9s avg_lap=318.6s best_lap=299.0
t=4908.8 route=2 laps=6 crashes=1 avg_out=195.1s avg_ret=287.1s avg_lap=492.6s best_lap=416.8
t=4908.8 route=3 laps=10 crashes=0 avg_out=234.9s avg_ret=277.7s avg_lap=528.1s best_lap=486.4
t=4908.8 route=4 laps=10 crashes=0 avg_out=181.0s avg_ret=196.7s avg_lap=391.0s best_lap=363.7
t=4908.8 route=5 laps=10 crashes=0 avg_out=280.7s avg_ret=277.8s avg_lap=573.8s best_lap=536.0
t=4908.8 route=6 laps=10 crashes=0 avg_out=154.0s avg_ret=154.2s avg_lap=318.4s best_lap=305.0
t=4908.8 route=7 laps=3 crashes=5 avg_out=347.0s avg_ret=318.9s avg_lap=673.1s best_lap=623.1
t=4908.8 route=8 laps=1 crashes=7 avg_out=332.5s avg_ret=330.3s avg_lap=694.0s best_lap=694.0
t=4908.8 TOTAL laps=60 crashes=13
t=4910.4 SPAWN craft=Aircraft_10_nav_r6_71_79_85 route=6 candidate=7 trial=81 t=4910.4
t=4935.4 CRASH craft=Aircraft_10_nav_r1_64_78 route=8 phase=2 t=4935.4
t=4939.1 ==== SUMMARY t=4939.1 ====
t=4939.1 route=1 laps=10 crashes=0 avg_out=155.2s avg_ret=150.9s avg_lap=318.6s best_lap=299.0
t=4939.1 route=2 laps=6 crashes=1 avg_out=195.1s avg_ret=287.1s avg_lap=492.6s best_lap=416.8
t=4939.1 route=3 laps=10 crashes=0 avg_out=234.9s avg_ret=277.7s avg_lap=528.1s best_lap=486.4
t=4939.1 route=4 laps=10 crashes=0 avg_out=181.0s avg_ret=196.7s avg_lap=391.0s best_lap=363.7
t=4939.2 route=5 laps=10 crashes=0 avg_out=280.7s avg_ret=277.8s avg_lap=573.8s best_lap=536.0
t=4939.2 route=6 laps=10 crashes=0 avg_out=154.0s avg_ret=154.2s avg_lap=318.4s best_lap=305.0
t=4939.2 route=7 laps=3 crashes=5 avg_out=347.0s avg_ret=318.9s avg_lap=673.1s best_lap=623.1
t=4939.2 route=8 laps=1 crashes=8 avg_out=332.5s avg_ret=330.3s avg_lap=694.0s best_lap=694.0
t=4939.2 TOTAL laps=60 crashes=14
t=4956.1 SPAWN craft=Aircraft_10_nav_r8_86 route=8 candidate=1 trial=82 t=4956.1
t=4959.4 LAP craft=Aircraft_10_nav_r3_3_13_22_29_40_47_66_77 route=3 return=268.0s lap=503.3s t=4959.4
t=4979.9 LAP craft=Aircraft_10_nav_r6_56_70_80 route=2 return=250.6s lap=463.3s t=4979.9
t=4990.0 ==== SUMMARY t=4990.0 ====
t=4990.0 route=1 laps=10 crashes=0 avg_out=155.2s avg_ret=150.9s avg_lap=318.6s best_lap=299.0
t=4990.0 route=2 laps=7 crashes=1 avg_out=195.1s avg_ret=281.9s avg_lap=488.5s best_lap=416.8
t=4990.0 route=3 laps=11 crashes=0 avg_out=234.9s avg_ret=276.8s avg_lap=525.8s best_lap=486.4
t=4990.0 route=4 laps=10 crashes=0 avg_out=181.0s avg_ret=196.7s avg_lap=391.0s best_lap=363.7
t=4990.1 route=5 laps=10 crashes=0 avg_out=280.7s avg_ret=277.8s avg_lap=573.8s best_lap=536.0
t=4990.1 route=6 laps=10 crashes=0 avg_out=154.0s avg_ret=154.2s avg_lap=318.4s best_lap=305.0
t=4990.1 route=7 laps=3 crashes=5 avg_out=347.0s avg_ret=318.9s avg_lap=673.1s best_lap=623.1
t=4990.1 route=8 laps=1 crashes=8 avg_out=332.5s avg_ret=330.3s avg_lap=694.0s best_lap=694.0
t=4990.1 TOTAL laps=62 crashes=14
t=4999.0 LZ_REACHED craft=Aircraft_10_nav_r1_57_72_82 route=3 outbound=227.8s t=4999.0
t=5020.1 ==== SUMMARY t=5020.1 ====
t=5020.1 route=1 laps=10 crashes=0 avg_out=155.2s avg_ret=150.9s avg_lap=318.6s best_lap=299.0
t=5020.1 route=2 laps=7 crashes=1 avg_out=195.1s avg_ret=281.9s avg_lap=488.5s best_lap=416.8
t=5020.1 route=3 laps=11 crashes=0 avg_out=234.4s avg_ret=276.8s avg_lap=525.8s best_lap=486.4
t=5020.1 route=4 laps=10 crashes=0 avg_out=181.0s avg_ret=196.7s avg_lap=391.0s best_lap=363.7
t=5020.1 route=5 laps=10 crashes=0 avg_out=280.7s avg_ret=277.8s avg_lap=573.8s best_lap=536.0
t=5020.2 route=6 laps=10 crashes=0 avg_out=154.0s avg_ret=154.2s avg_lap=318.4s best_lap=305.0
t=5020.2 route=7 laps=3 crashes=5 avg_out=347.0s avg_ret=318.9s avg_lap=673.1s best_lap=623.1
t=5020.2 route=8 laps=1 crashes=8 avg_out=332.5s avg_ret=330.3s avg_lap=694.0s best_lap=694.0
t=5020.2 TOTAL laps=62 crashes=14
t=5050.2 ==== SUMMARY t=5050.2 ====
t=5050.2 route=1 laps=10 crashes=0 avg_out=155.2s avg_ret=150.9s avg_lap=318.6s best_lap=299.0
t=5050.2 route=2 laps=7 crashes=1 avg_out=195.1s avg_ret=281.9s avg_lap=488.5s best_lap=416.8
t=5050.2 route=3 laps=11 crashes=0 avg_out=234.4s avg_ret=276.8s avg_lap=525.8s best_lap=486.4
t=5050.2 route=4 laps=10 crashes=0 avg_out=181.0s avg_ret=196.7s avg_lap=391.0s best_lap=363.7
t=5050.2 route=5 laps=10 crashes=0 avg_out=280.7s avg_ret=277.8s avg_lap=573.8s best_lap=536.0
t=5050.2 route=6 laps=10 crashes=0 avg_out=154.0s avg_ret=154.2s avg_lap=318.4s best_lap=305.0
t=5050.2 route=7 laps=3 crashes=5 avg_out=347.0s avg_ret=318.9s avg_lap=673.1s best_lap=623.1
t=5050.2 route=8 laps=1 crashes=8 avg_out=332.5s avg_ret=330.3s avg_lap=694.0s best_lap=694.0
t=5050.2 TOTAL laps=62 crashes=14
t=5061.8 LZ_REACHED craft=Aircraft_10_nav_r6_71_79_85 route=6 outbound=151.3s t=5061.8
t=5067.0 SPAWN craft=Aircraft_10_nav_r3_3_13_22_29_40_47_66_77_87 route=3 candidate=5 trial=83 t=5067.0
t=5075.5 LZ_REACHED craft=Aircraft_10_nav_r4_4_11_18_25_30_37_45_52_68_76_84 route=4 outbound=185.4s t=5075.5
t=5080.3 ==== SUMMARY t=5080.3 ====
t=5080.3 route=1 laps=10 crashes=0 avg_out=155.2s avg_ret=150.9s avg_lap=318.6s best_lap=299.0
t=5080.3 route=2 laps=7 crashes=1 avg_out=195.1s avg_ret=281.9s avg_lap=488.5s best_lap=416.8
t=5080.3 route=3 laps=11 crashes=0 avg_out=234.4s avg_ret=276.8s avg_lap=525.8s best_lap=486.4
t=5080.3 route=4 laps=10 crashes=0 avg_out=181.4s avg_ret=196.7s avg_lap=391.0s best_lap=363.7
t=5080.3 route=5 laps=10 crashes=0 avg_out=280.7s avg_ret=277.8s avg_lap=573.8s best_lap=536.0
t=5080.3 route=6 laps=10 crashes=0 avg_out=153.7s avg_ret=154.2s avg_lap=318.4s best_lap=305.0
t=5080.3 route=7 laps=3 crashes=5 avg_out=347.0s avg_ret=318.9s avg_lap=673.1s best_lap=623.1
t=5080.3 route=8 laps=1 crashes=8 avg_out=332.5s avg_ret=330.3s avg_lap=694.0s best_lap=694.0
t=5080.3 TOTAL laps=62 crashes=14
t=5087.3 SPAWN craft=Aircraft_10_nav_r6_56_70_80_88 route=2 candidate=3 trial=84 t=5087.3
t=5110.9 ==== SUMMARY t=5110.9 ====
t=5110.9 route=1 laps=10 crashes=0 avg_out=155.2s avg_ret=150.9s avg_lap=318.6s best_lap=299.0
t=5110.9 route=2 laps=7 crashes=1 avg_out=195.1s avg_ret=281.9s avg_lap=488.5s best_lap=416.8
t=5110.9 route=3 laps=11 crashes=0 avg_out=234.4s avg_ret=276.8s avg_lap=525.8s best_lap=486.4
t=5110.9 route=4 laps=10 crashes=0 avg_out=181.4s avg_ret=196.7s avg_lap=391.0s best_lap=363.7
t=5110.9 route=5 laps=10 crashes=0 avg_out=280.7s avg_ret=277.8s avg_lap=573.8s best_lap=536.0
t=5110.9 route=6 laps=10 crashes=0 avg_out=153.7s avg_ret=154.2s avg_lap=318.4s best_lap=305.0
t=5111.0 route=7 laps=3 crashes=5 avg_out=347.0s avg_ret=318.9s avg_lap=673.1s best_lap=623.1
t=5111.0 route=8 laps=1 crashes=8 avg_out=332.5s avg_ret=330.3s avg_lap=694.0s best_lap=694.0
t=5111.0 TOTAL laps=62 crashes=14
t=5141.0 ==== SUMMARY t=5141.0 ====
t=5141.0 route=1 laps=10 crashes=0 avg_out=155.2s avg_ret=150.9s avg_lap=318.6s best_lap=299.0
t=5141.0 route=2 laps=7 crashes=1 avg_out=195.1s avg_ret=281.9s avg_lap=488.5s best_lap=416.8
t=5141.0 route=3 laps=11 crashes=0 avg_out=234.4s avg_ret=276.8s avg_lap=525.8s best_lap=486.4
t=5141.0 route=4 laps=10 crashes=0 avg_out=181.4s avg_ret=196.7s avg_lap=391.0s best_lap=363.7
t=5141.0 route=5 laps=10 crashes=0 avg_out=280.7s avg_ret=277.8s avg_lap=573.8s best_lap=536.0
t=5141.0 route=6 laps=10 crashes=0 avg_out=153.7s avg_ret=154.2s avg_lap=318.4s best_lap=305.0
t=5141.0 route=7 laps=3 crashes=5 avg_out=347.0s avg_ret=318.9s avg_lap=673.1s best_lap=623.1
t=5141.0 route=8 laps=1 crashes=8 avg_out=332.5s avg_ret=330.3s avg_lap=694.0s best_lap=694.0
t=5141.0 TOTAL laps=62 crashes=14
t=5171.0 ==== SUMMARY t=5171.0 ====
t=5171.0 route=1 laps=10 crashes=0 avg_out=155.2s avg_ret=150.9s avg_lap=318.6s best_lap=299.0
t=5171.1 route=2 laps=7 crashes=1 avg_out=195.1s avg_ret=281.9s avg_lap=488.5s best_lap=416.8
t=5171.1 route=3 laps=11 crashes=0 avg_out=234.4s avg_ret=276.8s avg_lap=525.8s best_lap=486.4
t=5171.1 route=4 laps=10 crashes=0 avg_out=181.4s avg_ret=196.7s avg_lap=391.0s best_lap=363.7
t=5171.1 route=5 laps=10 crashes=0 avg_out=280.7s avg_ret=277.8s avg_lap=573.8s best_lap=536.0
t=5171.1 route=6 laps=10 crashes=0 avg_out=153.7s avg_ret=154.2s avg_lap=318.4s best_lap=305.0
t=5171.1 route=7 laps=3 crashes=5 avg_out=347.0s avg_ret=318.9s avg_lap=673.1s best_lap=623.1
t=5171.1 route=8 laps=1 crashes=8 avg_out=332.5s avg_ret=330.3s avg_lap=694.0s best_lap=694.0
t=5171.1 TOTAL laps=62 crashes=14
t=5201.2 ==== SUMMARY t=5201.2 ====
t=5201.2 route=1 laps=10 crashes=0 avg_out=155.2s avg_ret=150.9s avg_lap=318.6s best_lap=299.0
t=5201.3 route=2 laps=7 crashes=1 avg_out=195.1s avg_ret=281.9s avg_lap=488.5s best_lap=416.8
t=5201.3 route=3 laps=11 crashes=0 avg_out=234.4s avg_ret=276.8s avg_lap=525.8s best_lap=486.4
t=5201.3 route=4 laps=10 crashes=0 avg_out=181.4s avg_ret=196.7s avg_lap=391.0s best_lap=363.7
t=5201.3 route=5 laps=10 crashes=0 avg_out=280.7s avg_ret=277.8s avg_lap=573.8s best_lap=536.0
t=5201.3 route=6 laps=10 crashes=0 avg_out=153.7s avg_ret=154.2s avg_lap=318.4s best_lap=305.0
t=5201.3 route=7 laps=3 crashes=5 avg_out=347.0s avg_ret=318.9s avg_lap=673.1s best_lap=623.1
t=5201.3 route=8 laps=1 crashes=8 avg_out=332.5s avg_ret=330.3s avg_lap=694.0s best_lap=694.0
t=5201.3 TOTAL laps=62 crashes=14
t=5220.0 LAP craft=Aircraft_10_nav_r6_71_79_85 route=6 return=146.2s lap=309.6s t=5220.0
t=5254.9 ==== SUMMARY t=5254.9 ====
t=5254.9 route=1 laps=10 crashes=0 avg_out=155.2s avg_ret=150.9s avg_lap=318.6s best_lap=299.0
t=5255.0 route=2 laps=7 crashes=1 avg_out=195.1s avg_ret=281.9s avg_lap=488.5s best_lap=416.8
t=5255.0 route=3 laps=11 crashes=0 avg_out=234.4s avg_ret=276.8s avg_lap=525.8s best_lap=486.4
t=5255.0 route=4 laps=10 crashes=0 avg_out=181.4s avg_ret=196.7s avg_lap=391.0s best_lap=363.7
t=5255.0 route=5 laps=10 crashes=0 avg_out=280.7s avg_ret=277.8s avg_lap=573.8s best_lap=536.0
t=5255.0 route=6 laps=11 crashes=0 avg_out=153.7s avg_ret=153.5s avg_lap=317.6s best_lap=305.0
t=5255.0 route=7 laps=3 crashes=5 avg_out=347.0s avg_ret=318.9s avg_lap=673.1s best_lap=623.1
t=5255.0 route=8 laps=1 crashes=8 avg_out=332.5s avg_ret=330.3s avg_lap=694.0s best_lap=694.0
t=5255.0 TOTAL laps=63 crashes=14
t=5267.8 CRASH craft=Aircraft_10_nav_r1_57_72_82 route=3 phase=2 t=5267.8
t=5273.7 LAP craft=Aircraft_10_nav_r4_4_11_18_25_30_37_45_52_68_76_84 route=4 return=186.0s lap=383.5s t=5273.7
t=5279.7 LZ_REACHED craft=Aircraft_10_nav_r6_56_70_80_88 route=2 outbound=192.4s t=5279.7
t=5282.4 SPAWN craft=Aircraft_10_nav_r6_71_79_85_89 route=6 candidate=8 trial=85 t=5282.4
t=5289.9 ==== SUMMARY t=5289.9 ====
t=5289.9 route=1 laps=10 crashes=0 avg_out=155.2s avg_ret=150.9s avg_lap=318.6s best_lap=299.0
t=5289.9 route=2 laps=7 crashes=1 avg_out=194.8s avg_ret=281.9s avg_lap=488.5s best_lap=416.8
t=5289.9 route=3 laps=11 crashes=1 avg_out=234.4s avg_ret=276.8s avg_lap=525.8s best_lap=486.4
t=5289.9 route=4 laps=11 crashes=0 avg_out=181.4s avg_ret=195.7s avg_lap=390.3s best_lap=363.7
t=5289.9 route=5 laps=10 crashes=0 avg_out=280.7s avg_ret=277.8s avg_lap=573.8s best_lap=536.0
t=5289.9 route=6 laps=11 crashes=0 avg_out=153.7s avg_ret=153.5s avg_lap=317.6s best_lap=305.0
t=5289.9 route=7 laps=3 crashes=5 avg_out=347.0s avg_ret=318.9s avg_lap=673.1s best_lap=623.1
t=5289.9 route=8 laps=1 crashes=8 avg_out=332.5s avg_ret=330.3s avg_lap=694.0s best_lap=694.0
t=5290.0 TOTAL laps=64 crashes=15
t=5295.1 LZ_REACHED craft=Aircraft_10_nav_r3_3_13_22_29_40_47_66_77_87 route=3 outbound=228.1s t=5295.1
t=5297.1 LZ_REACHED craft=Aircraft_10_nav_r8_86 route=8 outbound=340.9s t=5297.1
t=5305.0 SPAWN craft=Aircraft_10_nav_r4_4_11_18_25_30_37_45_52_68_76_84_90 route=4 candidate=6 trial=86 t=5305.0
t=5320.1 ==== SUMMARY t=5320.1 ====
t=5320.1 route=1 laps=10 crashes=0 avg_out=155.2s avg_ret=150.9s avg_lap=318.6s best_lap=299.0
t=5320.1 route=2 laps=7 crashes=1 avg_out=194.8s avg_ret=281.9s avg_lap=488.5s best_lap=416.8
t=5320.1 route=3 laps=11 crashes=1 avg_out=233.9s avg_ret=276.8s avg_lap=525.8s best_lap=486.4
t=5320.1 route=4 laps=11 crashes=0 avg_out=181.4s avg_ret=195.7s avg_lap=390.3s best_lap=363.7
t=5320.1 route=5 laps=10 crashes=0 avg_out=280.7s avg_ret=277.8s avg_lap=573.8s best_lap=536.0
t=5320.1 route=6 laps=11 crashes=0 avg_out=153.7s avg_ret=153.5s avg_lap=317.6s best_lap=305.0
t=5320.1 route=7 laps=3 crashes=5 avg_out=347.0s avg_ret=318.9s avg_lap=673.1s best_lap=623.1
t=5320.1 route=8 laps=1 crashes=8 avg_out=333.4s avg_ret=330.3s avg_lap=694.0s best_lap=694.0
t=5320.1 TOTAL laps=64 crashes=15
t=5350.3 ==== SUMMARY t=5350.3 ====
t=5350.3 route=1 laps=10 crashes=0 avg_out=155.2s avg_ret=150.9s avg_lap=318.6s best_lap=299.0
t=5350.3 route=2 laps=7 crashes=1 avg_out=194.8s avg_ret=281.9s avg_lap=488.5s best_lap=416.8
t=5350.3 route=3 laps=11 crashes=1 avg_out=233.9s avg_ret=276.8s avg_lap=525.8s best_lap=486.4
t=5350.3 route=4 laps=11 crashes=0 avg_out=181.4s avg_ret=195.7s avg_lap=390.3s best_lap=363.7
t=5350.3 route=5 laps=10 crashes=0 avg_out=280.7s avg_ret=277.8s avg_lap=573.8s best_lap=536.0
t=5350.3 route=6 laps=11 crashes=0 avg_out=153.7s avg_ret=153.5s avg_lap=317.6s best_lap=305.0
t=5350.3 route=7 laps=3 crashes=5 avg_out=347.0s avg_ret=318.9s avg_lap=673.1s best_lap=623.1
t=5350.3 route=8 laps=1 crashes=8 avg_out=333.4s avg_ret=330.3s avg_lap=694.0s best_lap=694.0
t=5350.3 TOTAL laps=64 crashes=15
t=5380.9 ==== SUMMARY t=5380.9 ====
t=5380.9 route=1 laps=10 crashes=0 avg_out=155.2s avg_ret=150.9s avg_lap=318.6s best_lap=299.0
t=5380.9 route=2 laps=7 crashes=1 avg_out=194.8s avg_ret=281.9s avg_lap=488.5s best_lap=416.8
t=5380.9 route=3 laps=11 crashes=1 avg_out=233.9s avg_ret=276.8s avg_lap=525.8s best_lap=486.4
t=5380.9 route=4 laps=11 crashes=0 avg_out=181.4s avg_ret=195.7s avg_lap=390.3s best_lap=363.7
t=5380.9 route=5 laps=10 crashes=0 avg_out=280.7s avg_ret=277.8s avg_lap=573.8s best_lap=536.0
t=5381.0 route=6 laps=11 crashes=0 avg_out=153.7s avg_ret=153.5s avg_lap=317.6s best_lap=305.0
t=5381.0 route=7 laps=3 crashes=5 avg_out=347.0s avg_ret=318.9s avg_lap=673.1s best_lap=623.1
t=5381.0 route=8 laps=1 crashes=8 avg_out=333.4s avg_ret=330.3s avg_lap=694.0s best_lap=694.0
t=5381.0 TOTAL laps=64 crashes=15
t=5411.2 ==== SUMMARY t=5411.2 ====
t=5411.2 route=1 laps=10 crashes=0 avg_out=155.2s avg_ret=150.9s avg_lap=318.6s best_lap=299.0
t=5411.2 route=2 laps=7 crashes=1 avg_out=194.8s avg_ret=281.9s avg_lap=488.5s best_lap=416.8
t=5411.2 route=3 laps=11 crashes=1 avg_out=233.9s avg_ret=276.8s avg_lap=525.8s best_lap=486.4
t=5411.2 route=4 laps=11 crashes=0 avg_out=181.4s avg_ret=195.7s avg_lap=390.3s best_lap=363.7
t=5411.2 route=5 laps=10 crashes=0 avg_out=280.7s avg_ret=277.8s avg_lap=573.8s best_lap=536.0
t=5411.2 route=6 laps=11 crashes=0 avg_out=153.7s avg_ret=153.5s avg_lap=317.6s best_lap=305.0
t=5411.2 route=7 laps=3 crashes=5 avg_out=347.0s avg_ret=318.9s avg_lap=673.1s best_lap=623.1
t=5411.2 route=8 laps=1 crashes=8 avg_out=333.4s avg_ret=330.3s avg_lap=694.0s best_lap=694.0
t=5411.2 TOTAL laps=64 crashes=15
t=5414.2 CRASH craft=Aircraft_10_nav_r8_86 route=8 phase=2 t=5414.2
t=5433.4 LZ_REACHED craft=Aircraft_10_nav_r6_71_79_85_89 route=6 outbound=151.0s t=5433.4
t=5434.1 SPAWN craft=Aircraft_10_nav_r8_91 route=8 candidate=2 trial=87 t=5434.1
t=5441.3 ==== SUMMARY t=5441.3 ====
t=5441.3 route=1 laps=10 crashes=0 avg_out=155.2s avg_ret=150.9s avg_lap=318.6s best_lap=299.0
t=5441.3 route=2 laps=7 crashes=1 avg_out=194.8s avg_ret=281.9s avg_lap=488.5s best_lap=416.8
t=5441.3 route=3 laps=11 crashes=1 avg_out=233.9s avg_ret=276.8s avg_lap=525.8s best_lap=486.4
t=5441.3 route=4 laps=11 crashes=0 avg_out=181.4s avg_ret=195.7s avg_lap=390.3s best_lap=363.7
t=5441.3 route=5 laps=10 crashes=0 avg_out=280.7s avg_ret=277.8s avg_lap=573.8s best_lap=536.0
t=5441.3 route=6 laps=11 crashes=0 avg_out=153.5s avg_ret=153.5s avg_lap=317.6s best_lap=305.0
t=5441.4 route=7 laps=3 crashes=5 avg_out=347.0s avg_ret=318.9s avg_lap=673.1s best_lap=623.1
t=5441.4 route=8 laps=1 crashes=9 avg_out=333.4s avg_ret=330.3s avg_lap=694.0s best_lap=694.0
t=5441.4 TOTAL laps=64 crashes=16
t=5471.4 ==== SUMMARY t=5471.4 ====
t=5471.4 route=1 laps=10 crashes=0 avg_out=155.2s avg_ret=150.9s avg_lap=318.6s best_lap=299.0
t=5471.4 route=2 laps=7 crashes=1 avg_out=194.8s avg_ret=281.9s avg_lap=488.5s best_lap=416.8
t=5471.4 route=3 laps=11 crashes=1 avg_out=233.9s avg_ret=276.8s avg_lap=525.8s best_lap=486.4
t=5471.4 route=4 laps=11 crashes=0 avg_out=181.4s avg_ret=195.7s avg_lap=390.3s best_lap=363.7
t=5471.4 route=5 laps=10 crashes=0 avg_out=280.7s avg_ret=277.8s avg_lap=573.8s best_lap=536.0
t=5471.4 route=6 laps=11 crashes=0 avg_out=153.5s avg_ret=153.5s avg_lap=317.6s best_lap=305.0
t=5471.4 route=7 laps=3 crashes=5 avg_out=347.0s avg_ret=318.9s avg_lap=673.1s best_lap=623.1
t=5471.4 route=8 laps=1 crashes=9 avg_out=333.4s avg_ret=330.3s avg_lap=694.0s best_lap=694.0
t=5471.4 TOTAL laps=64 crashes=16
t=5483.3 LZ_REACHED craft=Aircraft_10_nav_r4_4_11_18_25_30_37_45_52_68_76_84_90 route=4 outbound=178.3s t=5483.3
t=5501.4 ==== SUMMARY t=5501.4 ====
t=5501.4 route=1 laps=10 crashes=0 avg_out=155.2s avg_ret=150.9s avg_lap=318.6s best_lap=299.0
t=5501.4 route=2 laps=7 crashes=1 avg_out=194.8s avg_ret=281.9s avg_lap=488.5s best_lap=416.8
t=5501.4 route=3 laps=11 crashes=1 avg_out=233.9s avg_ret=276.8s avg_lap=525.8s best_lap=486.4
t=5501.4 route=4 laps=11 crashes=0 avg_out=181.1s avg_ret=195.7s avg_lap=390.3s best_lap=363.7
t=5501.4 route=5 laps=10 crashes=0 avg_out=280.7s avg_ret=277.8s avg_lap=573.8s best_lap=536.0
t=5501.4 route=6 laps=11 crashes=0 avg_out=153.5s avg_ret=153.5s avg_lap=317.6s best_lap=305.0
t=5501.4 route=7 laps=3 crashes=5 avg_out=347.0s avg_ret=318.9s avg_lap=673.1s best_lap=623.1
t=5501.4 route=8 laps=1 crashes=9 avg_out=333.4s avg_ret=330.3s avg_lap=694.0s best_lap=694.0
t=5501.4 TOTAL laps=64 crashes=16
t=5524.3 LAP craft=Aircraft_10_nav_r6_56_70_80_88 route=2 return=234.7s lap=437.0s t=5524.3
