HELI NAVIGATION REPORT START t=18.1 routes=8 center=(25520.0, 482.0, -28080.0)
SETUP route=1 carrier=(25520.0, 482.0, -28080.0) LZ=(30220.0, 485.0, -28080.0) distance=4700m terrain_delta_y=3m
SETUP route=2 carrier=(25520.0, 482.0, -28080.0) LZ=(27620.0, 482.0, -24443.0) distance=4200m terrain_delta_y=0m
SETUP route=3 carrier=(25520.0, 482.0, -28080.0) LZ=(25520.0, 482.0, -22980.0) distance=5100m terrain_delta_y=0m
SETUP route=4 carrier=(25520.0, 482.0, -28080.0) LZ=(21834.0, 485.0, -24702.0) distance=5000m terrain_delta_y=3m
SETUP route=5 carrier=(25520.0, 482.0, -28080.0) LZ=(19825.0, 482.0, -28329.0) distance=5700m terrain_delta_y=0m
SETUP route=6 carrier=(25520.0, 482.0, -28080.0) LZ=(21686.0, 479.0, -31593.0) distance=5200m terrain_delta_y=-3m
SETUP route=7 carrier=(25520.0, 482.0, -28080.0) LZ=(23365.0, 485.0, -32702.0) distance=5100m terrain_delta_y=3m
SETUP route=8 carrier=(25520.0, 482.0, -28080.0) LZ=(30050.0, 482.0, -28879.0) distance=4600m terrain_delta_y=0m
t=18.2 IDLE_TUNER_REFILL gen=0 results=0/64 remaining=64 active_nav=0 stored_before=0 queued=8 stored_after=8 retrieval_started=true state=RETRIEVING_FROM_HANGAR next_trial=1
t=18.2 LAUNCH_BLOCKED reason=waiting_no_active_grace active=0 stored=8 no_active_s=0.0 state=RETRIEVING_FROM_HANGAR tractor_cleanup=false elevator_transfer=false deck=none pending=none clearance=none queue=0
t=33.5 LAUNCH_BLOCKED reason=deck_busy active=1 stored=7 no_active_s=0.0 state=AIRCRAFT_ON_DECK tractor_cleanup=false elevator_transfer=false deck=Aircraft_9_nav_r1_1 pending=none clearance=none queue=0
t=34.2 SPAWN craft=Aircraft_9_nav_r1_1 route=1 candidate=1 trial=1 t=34.2
t=48.4 ==== SUMMARY t=48.4 ====
t=48.4 route=1 laps=0 crashes=0 avg_out=0.0s avg_ret=0.0s avg_lap=0.0s best_lap=-
t=48.4 route=2 laps=0 crashes=0 avg_out=0.0s avg_ret=0.0s avg_lap=0.0s best_lap=-
t=48.4 route=3 laps=0 crashes=0 avg_out=0.0s avg_ret=0.0s avg_lap=0.0s best_lap=-
t=48.4 route=4 laps=0 crashes=0 avg_out=0.0s avg_ret=0.0s avg_lap=0.0s best_lap=-
t=48.5 route=5 laps=0 crashes=0 avg_out=0.0s avg_ret=0.0s avg_lap=0.0s best_lap=-
t=48.5 route=6 laps=0 crashes=0 avg_out=0.0s avg_ret=0.0s avg_lap=0.0s best_lap=-
t=48.5 route=7 laps=0 crashes=0 avg_out=0.0s avg_ret=0.0s avg_lap=0.0s best_lap=-
t=48.5 route=8 laps=0 crashes=0 avg_out=0.0s avg_ret=0.0s avg_lap=0.0s best_lap=-
t=48.5 TOTAL laps=0 crashes=0
t=48.5 TUNER gen=0 results=0/64 pending=2 active=2 remaining=64 next_trial=3 rounds=[1,1,0,0,0,0,0,0]
t=48.5 LAUNCH_BLOCKED reason=deck_busy active=2 stored=6 no_active_s=0.0 state=AIRCRAFT_ON_DECK tractor_cleanup=false elevator_transfer=true deck=Aircraft_9_nav_r2_2 pending=none clearance=none queue=0
t=54.3 SPAWN craft=Aircraft_9_nav_r2_2 route=2 candidate=2 trial=2 t=54.3
t=63.6 LAUNCH_BLOCKED reason=deck_busy active=3 stored=5 no_active_s=0.0 state=RETRIEVING_FROM_HANGAR tractor_cleanup=false elevator_transfer=false deck=Aircraft_9_nav_r3_3 pending=none clearance=none queue=0
t=74.5 SPAWN craft=Aircraft_9_nav_r3_3 route=3 candidate=3 trial=3 t=74.5
t=78.5 ==== SUMMARY t=78.5 ====
t=78.5 route=1 laps=0 crashes=0 avg_out=0.0s avg_ret=0.0s avg_lap=0.0s best_lap=-
t=78.5 route=2 laps=0 crashes=0 avg_out=0.0s avg_ret=0.0s avg_lap=0.0s best_lap=-
t=78.5 route=3 laps=0 crashes=0 avg_out=0.0s avg_ret=0.0s avg_lap=0.0s best_lap=-
t=78.5 route=4 laps=0 crashes=0 avg_out=0.0s avg_ret=0.0s avg_lap=0.0s best_lap=-
t=78.5 route=5 laps=0 crashes=0 avg_out=0.0s avg_ret=0.0s avg_lap=0.0s best_lap=-
t=78.5 route=6 laps=0 crashes=0 avg_out=0.0s avg_ret=0.0s avg_lap=0.0s best_lap=-
t=78.5 route=7 laps=0 crashes=0 avg_out=0.0s avg_ret=0.0s avg_lap=0.0s best_lap=-
t=78.5 route=8 laps=0 crashes=0 avg_out=0.0s avg_ret=0.0s avg_lap=0.0s best_lap=-
t=78.5 TOTAL laps=0 crashes=0
t=78.5 TUNER gen=0 results=0/64 pending=3 active=3 remaining=64 next_trial=4 rounds=[1,1,1,0,0,0,0,0]
t=78.7 LAUNCH_BLOCKED reason=cleared_unready_nav_deck_aircraft active=3 stored=5 no_active_s=0.0 state=IDLE tractor_cleanup=false elevator_transfer=false deck=Aircraft_9_nav_r3_3 pending=none clearance=none queue=0
t=93.7 LAUNCH_BLOCKED reason=deck_busy active=4 stored=4 no_active_s=0.0 state=AIRCRAFT_ON_DECK tractor_cleanup=false elevator_transfer=false deck=Aircraft_9_nav_r4_4 pending=none clearance=none queue=0
t=94.5 SPAWN craft=Aircraft_9_nav_r4_4 route=4 candidate=4 trial=4 t=94.5
t=108.5 ==== SUMMARY t=108.5 ====
t=108.5 route=1 laps=0 crashes=0 avg_out=0.0s avg_ret=0.0s avg_lap=0.0s best_lap=-
t=108.5 route=2 laps=0 crashes=0 avg_out=0.0s avg_ret=0.0s avg_lap=0.0s best_lap=-
t=108.5 route=3 laps=0 crashes=0 avg_out=0.0s avg_ret=0.0s avg_lap=0.0s best_lap=-
t=108.5 route=4 laps=0 crashes=0 avg_out=0.0s avg_ret=0.0s avg_lap=0.0s best_lap=-
t=108.6 route=5 laps=0 crashes=0 avg_out=0.0s avg_ret=0.0s avg_lap=0.0s best_lap=-
t=108.6 route=6 laps=0 crashes=0 avg_out=0.0s avg_ret=0.0s avg_lap=0.0s best_lap=-
t=108.6 route=7 laps=0 crashes=0 avg_out=0.0s avg_ret=0.0s avg_lap=0.0s best_lap=-
t=108.6 route=8 laps=0 crashes=0 avg_out=0.0s avg_ret=0.0s avg_lap=0.0s best_lap=-
t=108.6 TOTAL laps=0 crashes=0
t=108.6 TUNER gen=0 results=0/64 pending=5 active=5 remaining=64 next_trial=6 rounds=[1,1,1,1,1,0,0,0]
t=108.8 LAUNCH_BLOCKED reason=deck_busy active=5 stored=3 no_active_s=0.0 state=AIRCRAFT_ON_DECK tractor_cleanup=false elevator_transfer=true deck=Aircraft_9_nav_r5_5 pending=none clearance=none queue=0
t=114.6 SPAWN craft=Aircraft_9_nav_r5_5 route=5 candidate=5 trial=5 t=114.6
t=123.9 LAUNCH_BLOCKED reason=deck_busy active=6 stored=2 no_active_s=0.0 state=RETRIEVING_FROM_HANGAR tractor_cleanup=false elevator_transfer=false deck=Aircraft_9_nav_r6_6 pending=none clearance=none queue=0
t=134.7 SPAWN craft=Aircraft_9_nav_r6_6 route=6 candidate=6 trial=6 t=134.7
t=138.6 ==== SUMMARY t=138.6 ====
t=138.6 route=1 laps=0 crashes=0 avg_out=0.0s avg_ret=0.0s avg_lap=0.0s best_lap=-
t=138.6 route=2 laps=0 crashes=0 avg_out=0.0s avg_ret=0.0s avg_lap=0.0s best_lap=-
t=138.6 route=3 laps=0 crashes=0 avg_out=0.0s avg_ret=0.0s avg_lap=0.0s best_lap=-
t=138.6 route=4 laps=0 crashes=0 avg_out=0.0s avg_ret=0.0s avg_lap=0.0s best_lap=-
t=138.6 route=5 laps=0 crashes=0 avg_out=0.0s avg_ret=0.0s avg_lap=0.0s best_lap=-
t=138.6 route=6 laps=0 crashes=0 avg_out=0.0s avg_ret=0.0s avg_lap=0.0s best_lap=-
t=138.6 route=7 laps=0 crashes=0 avg_out=0.0s avg_ret=0.0s avg_lap=0.0s best_lap=-
t=138.7 route=8 laps=0 crashes=0 avg_out=0.0s avg_ret=0.0s avg_lap=0.0s best_lap=-
t=138.7 TOTAL laps=0 crashes=0
t=138.7 TUNER gen=0 results=0/64 pending=6 active=6 remaining=64 next_trial=7 rounds=[1,1,1,1,1,1,0,0]
t=139.0 LAUNCH_BLOCKED reason=cleared_unready_nav_deck_aircraft active=6 stored=2 no_active_s=0.0 state=IDLE tractor_cleanup=false elevator_transfer=false deck=Aircraft_9_nav_r6_6 pending=none clearance=none queue=0
t=154.0 LAUNCH_BLOCKED reason=deck_busy active=7 stored=1 no_active_s=0.0 state=AIRCRAFT_ON_DECK tractor_cleanup=false elevator_transfer=false deck=Aircraft_9_nav_r7_7 pending=none clearance=none queue=0
t=154.8 SPAWN craft=Aircraft_9_nav_r7_7 route=7 candidate=7 trial=7 t=154.8
t=168.8 ==== SUMMARY t=168.8 ====
t=168.8 route=1 laps=0 crashes=0 avg_out=0.0s avg_ret=0.0s avg_lap=0.0s best_lap=-
t=168.8 route=2 laps=0 crashes=0 avg_out=0.0s avg_ret=0.0s avg_lap=0.0s best_lap=-
t=168.8 route=3 laps=0 crashes=0 avg_out=0.0s avg_ret=0.0s avg_lap=0.0s best_lap=-
t=168.8 route=4 laps=0 crashes=0 avg_out=0.0s avg_ret=0.0s avg_lap=0.0s best_lap=-
t=168.8 route=5 laps=0 crashes=0 avg_out=0.0s avg_ret=0.0s avg_lap=0.0s best_lap=-
t=168.8 route=6 laps=0 crashes=0 avg_out=0.0s avg_ret=0.0s avg_lap=0.0s best_lap=-
t=168.8 route=7 laps=0 crashes=0 avg_out=0.0s avg_ret=0.0s avg_lap=0.0s best_lap=-
t=168.8 route=8 laps=0 crashes=0 avg_out=0.0s avg_ret=0.0s avg_lap=0.0s best_lap=-
t=168.8 TOTAL laps=0 crashes=0
t=168.8 TUNER gen=0 results=0/64 pending=8 active=8 remaining=64 next_trial=9 rounds=[1,1,1,1,1,1,1,1]
t=175.0 SPAWN craft=Aircraft_9_nav_r8_8 route=8 candidate=8 trial=8 t=175.0
t=190.5 LZ_REACHED craft=Aircraft_9_nav_r1_1 route=1 outbound=156.3s t=190.5
t=198.7 ==== SUMMARY t=198.7 ====
t=198.7 route=1 laps=0 crashes=0 avg_out=156.3s avg_ret=0.0s avg_lap=0.0s best_lap=-
t=198.8 route=2 laps=0 crashes=0 avg_out=0.0s avg_ret=0.0s avg_lap=0.0s best_lap=-
t=198.8 route=3 laps=0 crashes=0 avg_out=0.0s avg_ret=0.0s avg_lap=0.0s best_lap=-
t=198.8 route=4 laps=0 crashes=0 avg_out=0.0s avg_ret=0.0s avg_lap=0.0s best_lap=-
t=198.8 route=5 laps=0 crashes=0 avg_out=0.0s avg_ret=0.0s avg_lap=0.0s best_lap=-
t=198.8 route=6 laps=0 crashes=0 avg_out=0.0s avg_ret=0.0s avg_lap=0.0s best_lap=-
t=198.8 route=7 laps=0 crashes=0 avg_out=0.0s avg_ret=0.0s avg_lap=0.0s best_lap=-
t=198.8 route=8 laps=0 crashes=0 avg_out=0.0s avg_ret=0.0s avg_lap=0.0s best_lap=-
t=198.8 TOTAL laps=0 crashes=0
t=198.8 TUNER gen=0 results=0/64 pending=8 active=8 remaining=64 next_trial=9 rounds=[1,1,1,1,1,1,1,1]
t=228.8 ==== SUMMARY t=228.8 ====
t=228.8 route=1 laps=0 crashes=0 avg_out=156.3s avg_ret=0.0s avg_lap=0.0s best_lap=-
t=228.8 route=2 laps=0 crashes=0 avg_out=0.0s avg_ret=0.0s avg_lap=0.0s best_lap=-
t=228.8 route=3 laps=0 crashes=0 avg_out=0.0s avg_ret=0.0s avg_lap=0.0s best_lap=-
t=228.8 route=4 laps=0 crashes=0 avg_out=0.0s avg_ret=0.0s avg_lap=0.0s best_lap=-
t=228.8 route=5 laps=0 crashes=0 avg_out=0.0s avg_ret=0.0s avg_lap=0.0s best_lap=-
t=228.8 route=6 laps=0 crashes=0 avg_out=0.0s avg_ret=0.0s avg_lap=0.0s best_lap=-
t=228.8 route=7 laps=0 crashes=0 avg_out=0.0s avg_ret=0.0s avg_lap=0.0s best_lap=-
t=228.8 route=8 laps=0 crashes=0 avg_out=0.0s avg_ret=0.0s avg_lap=0.0s best_lap=-
t=228.8 TOTAL laps=0 crashes=0
t=228.8 TUNER gen=0 results=0/64 pending=8 active=8 remaining=64 next_trial=9 rounds=[1,1,1,1,1,1,1,1]
t=258.8 ==== SUMMARY t=258.8 ====
t=258.8 route=1 laps=0 crashes=0 avg_out=156.3s avg_ret=0.0s avg_lap=0.0s best_lap=-
t=258.8 route=2 laps=0 crashes=0 avg_out=0.0s avg_ret=0.0s avg_lap=0.0s best_lap=-
t=258.8 route=3 laps=0 crashes=0 avg_out=0.0s avg_ret=0.0s avg_lap=0.0s best_lap=-
t=258.8 route=4 laps=0 crashes=0 avg_out=0.0s avg_ret=0.0s avg_lap=0.0s best_lap=-
t=258.8 route=5 laps=0 crashes=0 avg_out=0.0s avg_ret=0.0s avg_lap=0.0s best_lap=-
t=258.8 route=6 laps=0 crashes=0 avg_out=0.0s avg_ret=0.0s avg_lap=0.0s best_lap=-
t=258.8 route=7 laps=0 crashes=0 avg_out=0.0s avg_ret=0.0s avg_lap=0.0s best_lap=-
t=258.8 route=8 laps=0 crashes=0 avg_out=0.0s avg_ret=0.0s avg_lap=0.0s best_lap=-
t=258.9 TOTAL laps=0 crashes=0
t=258.9 TUNER gen=0 results=0/64 pending=8 active=8 remaining=64 next_trial=9 rounds=[1,1,1,1,1,1,1,1]
t=268.9 LZ_REACHED craft=Aircraft_9_nav_r2_2 route=2 outbound=214.6s t=268.9
t=288.8 ==== SUMMARY t=288.8 ====
t=288.8 route=1 laps=0 crashes=0 avg_out=156.3s avg_ret=0.0s avg_lap=0.0s best_lap=-
t=288.8 route=2 laps=0 crashes=0 avg_out=214.6s avg_ret=0.0s avg_lap=0.0s best_lap=-
t=288.8 route=3 laps=0 crashes=0 avg_out=0.0s avg_ret=0.0s avg_lap=0.0s best_lap=-
t=288.8 route=4 laps=0 crashes=0 avg_out=0.0s avg_ret=0.0s avg_lap=0.0s best_lap=-
t=288.9 route=5 laps=0 crashes=0 avg_out=0.0s avg_ret=0.0s avg_lap=0.0s best_lap=-
t=288.9 route=6 laps=0 crashes=0 avg_out=0.0s avg_ret=0.0s avg_lap=0.0s best_lap=-
t=288.9 route=7 laps=0 crashes=0 avg_out=0.0s avg_ret=0.0s avg_lap=0.0s best_lap=-
t=288.9 route=8 laps=0 crashes=0 avg_out=0.0s avg_ret=0.0s avg_lap=0.0s best_lap=-
t=288.9 TOTAL laps=0 crashes=0
t=288.9 TUNER gen=0 results=0/64 pending=8 active=8 remaining=64 next_trial=9 rounds=[1,1,1,1,1,1,1,1]
t=295.1 LZ_REACHED craft=Aircraft_9_nav_r4_4 route=4 outbound=200.5s t=295.1
t=314.6 LZ_REACHED craft=Aircraft_9_nav_r6_6 route=6 outbound=179.9s t=314.6
t=317.5 LZ_REACHED craft=Aircraft_9_nav_r3_3 route=3 outbound=243.1s t=317.5
t=318.8 ==== SUMMARY t=318.8 ====
t=318.9 route=1 laps=0 crashes=0 avg_out=156.3s avg_ret=0.0s avg_lap=0.0s best_lap=-
t=318.9 route=2 laps=0 crashes=0 avg_out=214.6s avg_ret=0.0s avg_lap=0.0s best_lap=-
t=318.9 route=3 laps=0 crashes=0 avg_out=243.1s avg_ret=0.0s avg_lap=0.0s best_lap=-
t=318.9 route=4 laps=0 crashes=0 avg_out=200.5s avg_ret=0.0s avg_lap=0.0s best_lap=-
t=318.9 route=5 laps=0 crashes=0 avg_out=0.0s avg_ret=0.0s avg_lap=0.0s best_lap=-
t=318.9 route=6 laps=0 crashes=0 avg_out=179.9s avg_ret=0.0s avg_lap=0.0s best_lap=-
t=318.9 route=7 laps=0 crashes=0 avg_out=0.0s avg_ret=0.0s avg_lap=0.0s best_lap=-
t=318.9 route=8 laps=0 crashes=0 avg_out=0.0s avg_ret=0.0s avg_lap=0.0s best_lap=-
t=318.9 TOTAL laps=0 crashes=0
t=318.9 TUNER gen=0 results=0/64 pending=8 active=8 remaining=64 next_trial=9 rounds=[1,1,1,1,1,1,1,1]
t=348.9 ==== SUMMARY t=348.9 ====
t=348.9 route=1 laps=0 crashes=0 avg_out=156.3s avg_ret=0.0s avg_lap=0.0s best_lap=-
t=349.0 route=2 laps=0 crashes=0 avg_out=214.6s avg_ret=0.0s avg_lap=0.0s best_lap=-
t=349.0 route=3 laps=0 crashes=0 avg_out=243.1s avg_ret=0.0s avg_lap=0.0s best_lap=-
t=349.0 route=4 laps=0 crashes=0 avg_out=200.5s avg_ret=0.0s avg_lap=0.0s best_lap=-
t=349.0 route=5 laps=0 crashes=0 avg_out=0.0s avg_ret=0.0s avg_lap=0.0s best_lap=-
t=349.0 route=6 laps=0 crashes=0 avg_out=179.9s avg_ret=0.0s avg_lap=0.0s best_lap=-
t=349.0 route=7 laps=0 crashes=0 avg_out=0.0s avg_ret=0.0s avg_lap=0.0s best_lap=-
t=349.0 route=8 laps=0 crashes=0 avg_out=0.0s avg_ret=0.0s avg_lap=0.0s best_lap=-
t=349.0 TOTAL laps=0 crashes=0
t=349.0 TUNER gen=0 results=0/64 pending=8 active=8 remaining=64 next_trial=9 rounds=[1,1,1,1,1,1,1,1]
t=353.6 LZ_REACHED craft=Aircraft_9_nav_r7_7 route=7 outbound=198.8s t=353.6
t=357.1 LZ_REACHED craft=Aircraft_9_nav_r8_8 route=8 outbound=182.2s t=357.1
t=377.0 LAP_CAPTURE craft=Aircraft_9_nav_r1_1 route=1 return=174.5s lap=342.7s carrier_dist=200m t=377.0
t=379.0 ==== SUMMARY t=379.0 ====
t=379.0 route=1 laps=1 crashes=0 avg_out=156.3s avg_ret=174.5s avg_lap=342.7s best_lap=342.7
t=379.0 route=2 laps=0 crashes=0 avg_out=214.6s avg_ret=0.0s avg_lap=0.0s best_lap=-
t=379.0 route=3 laps=0 crashes=0 avg_out=243.1s avg_ret=0.0s avg_lap=0.0s best_lap=-
t=379.0 route=4 laps=0 crashes=0 avg_out=200.5s avg_ret=0.0s avg_lap=0.0s best_lap=-
t=379.0 route=5 laps=0 crashes=0 avg_out=0.0s avg_ret=0.0s avg_lap=0.0s best_lap=-
t=379.0 route=6 laps=0 crashes=0 avg_out=179.9s avg_ret=0.0s avg_lap=0.0s best_lap=-
t=379.0 route=7 laps=0 crashes=0 avg_out=198.8s avg_ret=0.0s avg_lap=0.0s best_lap=-
t=379.1 route=8 laps=0 crashes=0 avg_out=182.2s avg_ret=0.0s avg_lap=0.0s best_lap=-
t=379.1 TOTAL laps=1 crashes=0
t=379.1 TUNER gen=0 results=1/64 pending=7 active=7 remaining=63 next_trial=9 rounds=[1,1,1,1,1,1,1,1]
t=396.0 SPAWN craft=Aircraft_9_nav_r1_9 route=1 candidate=2 trial=9 t=396.0
t=407.5 LZ_REACHED craft=Aircraft_9_nav_r5_5 route=5 outbound=292.8s t=407.5
t=409.1 ==== SUMMARY t=409.1 ====
t=409.1 route=1 laps=1 crashes=0 avg_out=156.3s avg_ret=174.5s avg_lap=342.7s best_lap=342.7
t=409.1 route=2 laps=0 crashes=0 avg_out=214.6s avg_ret=0.0s avg_lap=0.0s best_lap=-
t=409.1 route=3 laps=0 crashes=0 avg_out=243.1s avg_ret=0.0s avg_lap=0.0s best_lap=-
t=409.1 route=4 laps=0 crashes=0 avg_out=200.5s avg_ret=0.0s avg_lap=0.0s best_lap=-
t=409.1 route=5 laps=0 crashes=0 avg_out=292.8s avg_ret=0.0s avg_lap=0.0s best_lap=-
t=409.1 route=6 laps=0 crashes=0 avg_out=179.9s avg_ret=0.0s avg_lap=0.0s best_lap=-
t=409.1 route=7 laps=0 crashes=0 avg_out=198.8s avg_ret=0.0s avg_lap=0.0s best_lap=-
t=409.1 route=8 laps=0 crashes=0 avg_out=182.2s avg_ret=0.0s avg_lap=0.0s best_lap=-
t=409.1 TOTAL laps=1 crashes=0
t=409.1 TUNER gen=0 results=1/64 pending=8 active=8 remaining=63 next_trial=10 rounds=[2,1,1,1,1,1,1,1]
t=439.2 ==== SUMMARY t=439.2 ====
t=439.2 route=1 laps=1 crashes=0 avg_out=156.3s avg_ret=174.5s avg_lap=342.7s best_lap=342.7
t=439.2 route=2 laps=0 crashes=0 avg_out=214.6s avg_ret=0.0s avg_lap=0.0s best_lap=-
t=439.2 route=3 laps=0 crashes=0 avg_out=243.1s avg_ret=0.0s avg_lap=0.0s best_lap=-
t=439.3 route=4 laps=0 crashes=0 avg_out=200.5s avg_ret=0.0s avg_lap=0.0s best_lap=-
t=439.3 route=5 laps=0 crashes=0 avg_out=292.8s avg_ret=0.0s avg_lap=0.0s best_lap=-
t=439.3 route=6 laps=0 crashes=0 avg_out=179.9s avg_ret=0.0s avg_lap=0.0s best_lap=-
t=439.3 route=7 laps=0 crashes=0 avg_out=198.8s avg_ret=0.0s avg_lap=0.0s best_lap=-
t=439.3 route=8 laps=0 crashes=0 avg_out=182.2s avg_ret=0.0s avg_lap=0.0s best_lap=-
t=439.3 TOTAL laps=1 crashes=0
t=439.3 TUNER gen=0 results=1/64 pending=8 active=8 remaining=63 next_trial=10 rounds=[2,1,1,1,1,1,1,1]
t=469.2 ==== SUMMARY t=469.2 ====
t=469.2 route=1 laps=1 crashes=0 avg_out=156.3s avg_ret=174.5s avg_lap=342.7s best_lap=342.7
t=469.3 route=2 laps=0 crashes=0 avg_out=214.6s avg_ret=0.0s avg_lap=0.0s best_lap=-
t=469.3 route=3 laps=0 crashes=0 avg_out=243.1s avg_ret=0.0s avg_lap=0.0s best_lap=-
t=469.3 route=4 laps=0 crashes=0 avg_out=200.5s avg_ret=0.0s avg_lap=0.0s best_lap=-
t=469.3 route=5 laps=0 crashes=0 avg_out=292.8s avg_ret=0.0s avg_lap=0.0s best_lap=-
t=469.3 route=6 laps=0 crashes=0 avg_out=179.9s avg_ret=0.0s avg_lap=0.0s best_lap=-
t=469.3 route=7 laps=0 crashes=0 avg_out=198.8s avg_ret=0.0s avg_lap=0.0s best_lap=-
t=469.3 route=8 laps=0 crashes=0 avg_out=182.2s avg_ret=0.0s avg_lap=0.0s best_lap=-
t=469.3 TOTAL laps=1 crashes=0
t=469.3 TUNER gen=0 results=1/64 pending=8 active=8 remaining=63 next_trial=10 rounds=[2,1,1,1,1,1,1,1]
t=475.4 LAP_CAPTURE craft=Aircraft_9_nav_r4_4 route=4 return=168.3s lap=380.8s carrier_dist=200m t=475.4
t=486.0 LAP_CAPTURE craft=Aircraft_9_nav_r6_6 route=6 return=159.4s lap=351.3s carrier_dist=200m t=486.0
t=491.5 SPAWN craft=Aircraft_9_nav_r4_10 route=4 candidate=5 trial=10 t=491.5
t=495.6 LAUNCH_BLOCKED reason=cleared_unready_nav_deck_aircraft active=7 stored=1 no_active_s=0.0 state=IDLE tractor_cleanup=false elevator_transfer=false deck=Aircraft_9_nav_r4_10 pending=none clearance=none queue=0
t=499.4 ==== SUMMARY t=499.4 ====
t=499.4 route=1 laps=1 crashes=0 avg_out=156.3s avg_ret=174.5s avg_lap=342.7s best_lap=342.7
t=499.4 route=2 laps=0 crashes=0 avg_out=214.6s avg_ret=0.0s avg_lap=0.0s best_lap=-
t=499.4 route=3 laps=0 crashes=0 avg_out=243.1s avg_ret=0.0s avg_lap=0.0s best_lap=-
t=499.4 route=4 laps=1 crashes=0 avg_out=200.5s avg_ret=168.3s avg_lap=380.8s best_lap=380.8
t=499.4 route=5 laps=0 crashes=0 avg_out=292.8s avg_ret=0.0s avg_lap=0.0s best_lap=-
t=499.4 route=6 laps=1 crashes=0 avg_out=179.9s avg_ret=159.4s avg_lap=351.3s best_lap=351.3
t=499.4 route=7 laps=0 crashes=0 avg_out=198.8s avg_ret=0.0s avg_lap=0.0s best_lap=-
t=499.4 route=8 laps=0 crashes=0 avg_out=182.2s avg_ret=0.0s avg_lap=0.0s best_lap=-
t=499.4 TOTAL laps=3 crashes=0
t=499.4 TUNER gen=0 results=3/64 pending=7 active=7 remaining=61 next_trial=11 rounds=[2,1,1,2,1,1,1,1]
t=511.6 SPAWN craft=Aircraft_9_nav_r6_11 route=6 candidate=7 trial=11 t=511.6
t=523.6 LAP_CAPTURE craft=Aircraft_9_nav_r7_7 route=7 return=158.1s lap=368.9s carrier_dist=200m t=523.6
t=529.4 ==== SUMMARY t=529.4 ====
t=529.4 route=1 laps=1 crashes=0 avg_out=156.3s avg_ret=174.5s avg_lap=342.7s best_lap=342.7
t=529.4 route=2 laps=0 crashes=0 avg_out=214.6s avg_ret=0.0s avg_lap=0.0s best_lap=-
t=529.5 route=3 laps=0 crashes=0 avg_out=243.1s avg_ret=0.0s avg_lap=0.0s best_lap=-
t=529.5 route=4 laps=1 crashes=0 avg_out=200.5s avg_ret=168.3s avg_lap=380.8s best_lap=380.8
t=529.5 route=5 laps=0 crashes=0 avg_out=292.8s avg_ret=0.0s avg_lap=0.0s best_lap=-
t=529.5 route=6 laps=1 crashes=0 avg_out=179.9s avg_ret=159.4s avg_lap=351.3s best_lap=351.3
t=529.5 route=7 laps=1 crashes=0 avg_out=198.8s avg_ret=158.1s avg_lap=368.9s best_lap=368.9
t=529.5 route=8 laps=0 crashes=0 avg_out=182.2s avg_ret=0.0s avg_lap=0.0s best_lap=-
t=529.5 TOTAL laps=4 crashes=0
t=529.5 TUNER gen=0 results=4/64 pending=7 active=7 remaining=60 next_trial=12 rounds=[2,1,1,2,1,2,1,1]
t=534.7 LAP_CAPTURE craft=Aircraft_9_nav_r2_2 route=2 return=253.7s lap=480.3s carrier_dist=200m t=534.7
t=540.9 LAUNCH_BLOCKED reason=deck_busy active=7 stored=1 no_active_s=0.0 state=AIRCRAFT_ON_DECK tractor_cleanup=false elevator_transfer=false deck=Aircraft_9_nav_r7_12 pending=none clearance=none queue=1
t=541.7 SPAWN craft=Aircraft_9_nav_r7_12 route=7 candidate=8 trial=12 t=541.7
t=553.3 LZ_REACHED craft=Aircraft_9_nav_r1_9 route=1 outbound=157.3s t=553.3
t=556.0 LAUNCH_BLOCKED reason=landing_or_storage_busy active=7 stored=1 no_active_s=0.0 state=IDLE tractor_cleanup=false elevator_transfer=false deck=Aircraft_9_nav_r7_12 pending=none clearance=Aircraft_9_nav_r8_8 queue=0
t=558.7 LAP_CAPTURE craft=Aircraft_9_nav_r8_8 route=8 return=189.5s lap=383.7s carrier_dist=200m t=558.7
t=559.5 ==== SUMMARY t=559.5 ====
t=559.5 route=1 laps=1 crashes=0 avg_out=156.8s avg_ret=174.5s avg_lap=342.7s best_lap=342.7
t=559.5 route=2 laps=1 crashes=0 avg_out=214.6s avg_ret=253.7s avg_lap=480.3s best_lap=480.3
t=559.5 route=3 laps=0 crashes=0 avg_out=243.1s avg_ret=0.0s avg_lap=0.0s best_lap=-
t=559.5 route=4 laps=1 crashes=0 avg_out=200.5s avg_ret=168.3s avg_lap=380.8s best_lap=380.8
t=559.5 route=5 laps=0 crashes=0 avg_out=292.8s avg_ret=0.0s avg_lap=0.0s best_lap=-
t=559.5 route=6 laps=1 crashes=0 avg_out=179.9s avg_ret=159.4s avg_lap=351.3s best_lap=351.3
t=559.5 route=7 laps=1 crashes=0 avg_out=198.8s avg_ret=158.1s avg_lap=368.9s best_lap=368.9
t=559.5 route=8 laps=1 crashes=0 avg_out=182.2s avg_ret=189.5s avg_lap=383.7s best_lap=383.7
t=559.5 TOTAL laps=6 crashes=0
t=559.5 TUNER gen=0 results=6/64 pending=6 active=6 remaining=58 next_trial=13 rounds=[2,1,1,2,1,2,2,1]
t=571.0 LAUNCH_BLOCKED reason=deck_busy active=7 stored=1 no_active_s=0.0 state=AIRCRAFT_ON_DECK tractor_cleanup=false elevator_transfer=true deck=Aircraft_9_nav_r2_13 pending=none clearance=none queue=0
t=576.8 SPAWN craft=Aircraft_9_nav_r2_13 route=2 candidate=3 trial=13 t=576.8
t=589.5 ==== SUMMARY t=589.5 ====
t=589.5 route=1 laps=1 crashes=0 avg_out=156.8s avg_ret=174.5s avg_lap=342.7s best_lap=342.7
t=589.6 route=2 laps=1 crashes=0 avg_out=214.6s avg_ret=253.7s avg_lap=480.3s best_lap=480.3
t=589.6 route=3 laps=0 crashes=0 avg_out=243.1s avg_ret=0.0s avg_lap=0.0s best_lap=-
t=589.6 route=4 laps=1 crashes=0 avg_out=200.5s avg_ret=168.3s avg_lap=380.8s best_lap=380.8
t=589.6 route=5 laps=0 crashes=0 avg_out=292.8s avg_ret=0.0s avg_lap=0.0s best_lap=-
t=589.6 route=6 laps=1 crashes=0 avg_out=179.9s avg_ret=159.4s avg_lap=351.3s best_lap=351.3
t=589.6 route=7 laps=1 crashes=0 avg_out=198.8s avg_ret=158.1s avg_lap=368.9s best_lap=368.9
t=589.6 route=8 laps=1 crashes=0 avg_out=182.2s avg_ret=189.5s avg_lap=383.7s best_lap=383.7
t=589.6 TOTAL laps=6 crashes=0
t=589.6 TUNER gen=0 results=6/64 pending=8 active=8 remaining=58 next_trial=15 rounds=[2,2,1,2,1,2,2,2]
t=595.5 LAP_CAPTURE craft=Aircraft_9_nav_r3_3 route=3 return=265.9s lap=521.0s carrier_dist=200m t=595.5
t=597.1 SPAWN craft=Aircraft_9_nav_r8_14 route=8 candidate=1 trial=14 t=597.1
t=601.2 LAUNCH_BLOCKED reason=cleared_unready_nav_deck_aircraft active=7 stored=1 no_active_s=0.0 state=IDLE tractor_cleanup=false elevator_transfer=false deck=Aircraft_9_nav_r8_14 pending=none clearance=none queue=0
t=617.1 SPAWN craft=Aircraft_9_nav_r3_15 route=3 candidate=4 trial=15 t=617.1
t=619.6 ==== SUMMARY t=619.6 ====
t=619.6 route=1 laps=1 crashes=0 avg_out=156.8s avg_ret=174.5s avg_lap=342.7s best_lap=342.7
t=619.6 route=2 laps=1 crashes=0 avg_out=214.6s avg_ret=253.7s avg_lap=480.3s best_lap=480.3
t=619.6 route=3 laps=1 crashes=0 avg_out=243.1s avg_ret=265.9s avg_lap=521.0s best_lap=521.0
t=619.7 route=4 laps=1 crashes=0 avg_out=200.5s avg_ret=168.3s avg_lap=380.8s best_lap=380.8
t=619.7 route=5 laps=0 crashes=0 avg_out=292.8s avg_ret=0.0s avg_lap=0.0s best_lap=-
t=619.7 route=6 laps=1 crashes=0 avg_out=179.9s avg_ret=159.4s avg_lap=351.3s best_lap=351.3
t=619.7 route=7 laps=1 crashes=0 avg_out=198.8s avg_ret=158.1s avg_lap=368.9s best_lap=368.9
t=619.7 route=8 laps=1 crashes=0 avg_out=182.2s avg_ret=189.5s avg_lap=383.7s best_lap=383.7
t=619.7 TOTAL laps=7 crashes=0
t=619.7 TUNER gen=0 results=7/64 pending=8 active=8 remaining=57 next_trial=16 rounds=[2,2,2,2,1,2,2,2]
t=649.6 ==== SUMMARY t=649.6 ====
t=649.6 route=1 laps=1 crashes=0 avg_out=156.8s avg_ret=174.5s avg_lap=342.7s best_lap=342.7
t=649.7 route=2 laps=1 crashes=0 avg_out=214.6s avg_ret=253.7s avg_lap=480.3s best_lap=480.3
t=649.7 route=3 laps=1 crashes=0 avg_out=243.1s avg_ret=265.9s avg_lap=521.0s best_lap=521.0
t=649.7 route=4 laps=1 crashes=0 avg_out=200.5s avg_ret=168.3s avg_lap=380.8s best_lap=380.8
t=649.7 route=5 laps=0 crashes=0 avg_out=292.8s avg_ret=0.0s avg_lap=0.0s best_lap=-
t=649.7 route=6 laps=1 crashes=0 avg_out=179.9s avg_ret=159.4s avg_lap=351.3s best_lap=351.3
t=649.7 route=7 laps=1 crashes=0 avg_out=198.8s avg_ret=158.1s avg_lap=368.9s best_lap=368.9
t=649.7 route=8 laps=1 crashes=0 avg_out=182.2s avg_ret=189.5s avg_lap=383.7s best_lap=383.7
t=649.7 TOTAL laps=7 crashes=0
t=649.7 TUNER gen=0 results=7/64 pending=8 active=8 remaining=57 next_trial=16 rounds=[2,2,2,2,1,2,2,2]
t=670.5 LAP_CAPTURE craft=Aircraft_9_nav_r5_5 route=5 return=251.1s lap=555.9s carrier_dist=200m t=670.5
t=679.7 ==== SUMMARY t=679.7 ====
t=679.7 route=1 laps=1 crashes=0 avg_out=156.8s avg_ret=174.5s avg_lap=342.7s best_lap=342.7
t=679.7 route=2 laps=1 crashes=0 avg_out=214.6s avg_ret=253.7s avg_lap=480.3s best_lap=480.3
t=679.7 route=3 laps=1 crashes=0 avg_out=243.1s avg_ret=265.9s avg_lap=521.0s best_lap=521.0
t=679.7 route=4 laps=1 crashes=0 avg_out=200.5s avg_ret=168.3s avg_lap=380.8s best_lap=380.8
t=679.7 route=5 laps=1 crashes=0 avg_out=292.8s avg_ret=251.1s avg_lap=555.9s best_lap=555.9
t=679.7 route=6 laps=1 crashes=0 avg_out=179.9s avg_ret=159.4s avg_lap=351.3s best_lap=351.3
t=679.8 route=7 laps=1 crashes=0 avg_out=198.8s avg_ret=158.1s avg_lap=368.9s best_lap=368.9
t=679.8 route=8 laps=1 crashes=0 avg_out=182.2s avg_ret=189.5s avg_lap=383.7s best_lap=383.7
t=679.8 TOTAL laps=8 crashes=0
t=679.8 TUNER gen=0 results=8/64 pending=8 active=8 remaining=56 next_trial=17 rounds=[2,2,2,2,2,2,2,2]
t=687.5 SPAWN craft=Aircraft_9_nav_r5_16 route=5 candidate=6 trial=16 t=687.5
t=688.4 LZ_REACHED craft=Aircraft_9_nav_r4_10 route=4 outbound=196.9s t=688.4
t=691.5 LZ_REACHED craft=Aircraft_9_nav_r6_11 route=6 outbound=179.9s t=691.5
t=709.8 ==== SUMMARY t=709.8 ====
t=709.8 route=1 laps=1 crashes=0 avg_out=156.8s avg_ret=174.5s avg_lap=342.7s best_lap=342.7
t=709.8 route=2 laps=1 crashes=0 avg_out=214.6s avg_ret=253.7s avg_lap=480.3s best_lap=480.3
t=709.8 route=3 laps=1 crashes=0 avg_out=243.1s avg_ret=265.9s avg_lap=521.0s best_lap=521.0
t=709.8 route=4 laps=1 crashes=0 avg_out=198.7s avg_ret=168.3s avg_lap=380.8s best_lap=380.8
t=709.8 route=5 laps=1 crashes=0 avg_out=292.8s avg_ret=251.1s avg_lap=555.9s best_lap=555.9
t=709.8 route=6 laps=1 crashes=0 avg_out=179.9s avg_ret=159.4s avg_lap=351.3s best_lap=351.3
t=709.8 route=7 laps=1 crashes=0 avg_out=198.8s avg_ret=158.1s avg_lap=368.9s best_lap=368.9
t=709.8 route=8 laps=1 crashes=0 avg_out=182.2s avg_ret=189.5s avg_lap=383.7s best_lap=383.7
t=709.9 TOTAL laps=8 crashes=0
t=709.9 TUNER gen=0 results=8/64 pending=8 active=8 remaining=56 next_trial=17 rounds=[2,2,2,2,2,2,2,2]
t=738.3 LAP_CAPTURE craft=Aircraft_9_nav_r1_9 route=1 return=173.0s lap=342.3s carrier_dist=200m t=738.3
t=739.6 LZ_REACHED craft=Aircraft_9_nav_r7_12 route=7 outbound=197.9s t=739.6
t=739.8 ==== SUMMARY t=739.8 ====
t=739.8 route=1 laps=2 crashes=0 avg_out=156.8s avg_ret=173.7s avg_lap=342.5s best_lap=342.3
t=739.8 route=2 laps=1 crashes=0 avg_out=214.6s avg_ret=253.7s avg_lap=480.3s best_lap=480.3
t=739.8 route=3 laps=1 crashes=0 avg_out=243.1s avg_ret=265.9s avg_lap=521.0s best_lap=521.0
t=739.8 route=4 laps=1 crashes=0 avg_out=198.7s avg_ret=168.3s avg_lap=380.8s best_lap=380.8
t=739.8 route=5 laps=1 crashes=0 avg_out=292.8s avg_ret=251.1s avg_lap=555.9s best_lap=555.9
t=739.8 route=6 laps=1 crashes=0 avg_out=179.9s avg_ret=159.4s avg_lap=351.3s best_lap=351.3
t=739.8 route=7 laps=1 crashes=0 avg_out=198.4s avg_ret=158.1s avg_lap=368.9s best_lap=368.9
t=739.9 route=8 laps=1 crashes=0 avg_out=182.2s avg_ret=189.5s avg_lap=383.7s best_lap=383.7
t=739.9 TOTAL laps=9 crashes=0
t=739.9 TUNER gen=0 results=9/64 pending=7 active=7 remaining=55 next_trial=17 rounds=[2,2,2,2,2,2,2,2]
t=757.6 SPAWN craft=Aircraft_9_nav_r1_17 route=1 candidate=3 trial=17 t=757.6
t=769.8 ==== SUMMARY t=769.8 ====
t=769.8 route=1 laps=2 crashes=0 avg_out=156.8s avg_ret=173.7s avg_lap=342.5s best_lap=342.3
t=769.8 route=2 laps=1 crashes=0 avg_out=214.6s avg_ret=253.7s avg_lap=480.3s best_lap=480.3
t=769.9 route=3 laps=1 crashes=0 avg_out=243.1s avg_ret=265.9s avg_lap=521.0s best_lap=521.0
t=769.9 route=4 laps=1 crashes=0 avg_out=198.7s avg_ret=168.3s avg_lap=380.8s best_lap=380.8
t=769.9 route=5 laps=1 crashes=0 avg_out=292.8s avg_ret=251.1s avg_lap=555.9s best_lap=555.9
t=769.9 route=6 laps=1 crashes=0 avg_out=179.9s avg_ret=159.4s avg_lap=351.3s best_lap=351.3
t=769.9 route=7 laps=1 crashes=0 avg_out=198.4s avg_ret=158.1s avg_lap=368.9s best_lap=368.9
t=769.9 route=8 laps=1 crashes=0 avg_out=182.2s avg_ret=189.5s avg_lap=383.7s best_lap=383.7
t=769.9 TOTAL laps=9 crashes=0
t=769.9 TUNER gen=0 results=9/64 pending=8 active=8 remaining=55 next_trial=18 rounds=[3,2,2,2,2,2,2,2]
t=783.2 LZ_REACHED craft=Aircraft_9_nav_r8_14 route=8 outbound=186.1s t=783.2
t=790.7 LZ_REACHED craft=Aircraft_9_nav_r2_13 route=2 outbound=213.9s t=790.7
t=799.8 ==== SUMMARY t=799.8 ====
t=799.8 route=1 laps=2 crashes=0 avg_out=156.8s avg_ret=173.7s avg_lap=342.5s best_lap=342.3
t=799.8 route=2 laps=1 crashes=0 avg_out=214.2s avg_ret=253.7s avg_lap=480.3s best_lap=480.3
t=799.9 route=3 laps=1 crashes=0 avg_out=243.1s avg_ret=265.9s avg_lap=521.0s best_lap=521.0
t=799.9 route=4 laps=1 crashes=0 avg_out=198.7s avg_ret=168.3s avg_lap=380.8s best_lap=380.8
t=799.9 route=5 laps=1 crashes=0 avg_out=292.8s avg_ret=251.1s avg_lap=555.9s best_lap=555.9
t=799.9 route=6 laps=1 crashes=0 avg_out=179.9s avg_ret=159.4s avg_lap=351.3s best_lap=351.3
t=799.9 route=7 laps=1 crashes=0 avg_out=198.4s avg_ret=158.1s avg_lap=368.9s best_lap=368.9
t=799.9 route=8 laps=1 crashes=0 avg_out=184.1s avg_ret=189.5s avg_lap=383.7s best_lap=383.7
t=799.9 TOTAL laps=9 crashes=0
t=799.9 TUNER gen=0 results=9/64 pending=8 active=8 remaining=55 next_trial=18 rounds=[3,2,2,2,2,2,2,2]
t=829.9 ==== SUMMARY t=829.9 ====
t=829.9 route=1 laps=2 crashes=0 avg_out=156.8s avg_ret=173.7s avg_lap=342.5s best_lap=342.3
t=829.9 route=2 laps=1 crashes=0 avg_out=214.2s avg_ret=253.7s avg_lap=480.3s best_lap=480.3
t=829.9 route=3 laps=1 crashes=0 avg_out=243.1s avg_ret=265.9s avg_lap=521.0s best_lap=521.0
t=829.9 route=4 laps=1 crashes=0 avg_out=198.7s avg_ret=168.3s avg_lap=380.8s best_lap=380.8
t=829.9 route=5 laps=1 crashes=0 avg_out=292.8s avg_ret=251.1s avg_lap=555.9s best_lap=555.9
t=829.9 route=6 laps=1 crashes=0 avg_out=179.9s avg_ret=159.4s avg_lap=351.3s best_lap=351.3
t=829.9 route=7 laps=1 crashes=0 avg_out=198.4s avg_ret=158.1s avg_lap=368.9s best_lap=368.9
t=830.0 route=8 laps=1 crashes=0 avg_out=184.1s avg_ret=189.5s avg_lap=383.7s best_lap=383.7
t=830.0 TOTAL laps=9 crashes=0
t=830.0 TUNER gen=0 results=9/64 pending=8 active=8 remaining=55 next_trial=18 rounds=[3,2,2,2,2,2,2,2]
t=859.9 ==== SUMMARY t=859.9 ====
t=859.9 route=1 laps=2 crashes=0 avg_out=156.8s avg_ret=173.7s avg_lap=342.5s best_lap=342.3
t=859.9 route=2 laps=1 crashes=0 avg_out=214.2s avg_ret=253.7s avg_lap=480.3s best_lap=480.3
t=859.9 route=3 laps=1 crashes=0 avg_out=243.1s avg_ret=265.9s avg_lap=521.0s best_lap=521.0
t=859.9 route=4 laps=1 crashes=0 avg_out=198.7s avg_ret=168.3s avg_lap=380.8s best_lap=380.8
t=859.9 route=5 laps=1 crashes=0 avg_out=292.8s avg_ret=251.1s avg_lap=555.9s best_lap=555.9
t=859.9 route=6 laps=1 crashes=0 avg_out=179.9s avg_ret=159.4s avg_lap=351.3s best_lap=351.3
t=860.0 route=7 laps=1 crashes=0 avg_out=198.4s avg_ret=158.1s avg_lap=368.9s best_lap=368.9
t=860.0 route=8 laps=1 crashes=0 avg_out=184.1s avg_ret=189.5s avg_lap=383.7s best_lap=383.7
t=860.0 TOTAL laps=9 crashes=0
t=860.0 TUNER gen=0 results=9/64 pending=8 active=8 remaining=55 next_trial=18 rounds=[3,2,2,2,2,2,2,2]
t=860.0 LZ_REACHED craft=Aircraft_9_nav_r3_15 route=3 outbound=242.9s t=860.0
t=862.6 LAP_CAPTURE craft=Aircraft_9_nav_r6_11 route=6 return=159.1s lap=351.1s carrier_dist=200m t=862.6
t=866.3 LAP_CAPTURE craft=Aircraft_9_nav_r4_10 route=4 return=165.9s lap=374.9s carrier_dist=200m t=866.3
t=872.3 LAUNCH_BLOCKED reason=deck_busy active=7 stored=1 no_active_s=0.0 state=RETRIEVING_FROM_HANGAR tractor_cleanup=false elevator_transfer=false deck=Aircraft_9_nav_r4_18 pending=none clearance=none queue=0
t=883.2 SPAWN craft=Aircraft_9_nav_r4_18 route=4 candidate=6 trial=18 t=883.2
t=887.4 LAUNCH_BLOCKED reason=cleared_unready_nav_deck_aircraft active=7 stored=1 no_active_s=0.0 state=IDLE tractor_cleanup=false elevator_transfer=false deck=Aircraft_9_nav_r4_18 pending=none clearance=none queue=0
t=890.0 ==== SUMMARY t=890.0 ====
t=890.0 route=1 laps=2 crashes=0 avg_out=156.8s avg_ret=173.7s avg_lap=342.5s best_lap=342.3
t=890.0 route=2 laps=1 crashes=0 avg_out=214.2s avg_ret=253.7s avg_lap=480.3s best_lap=480.3
t=890.0 route=3 laps=1 crashes=0 avg_out=243.0s avg_ret=265.9s avg_lap=521.0s best_lap=521.0
t=890.0 route=4 laps=2 crashes=0 avg_out=198.7s avg_ret=167.1s avg_lap=377.8s best_lap=374.9
t=890.0 route=5 laps=1 crashes=0 avg_out=292.8s avg_ret=251.1s avg_lap=555.9s best_lap=555.9
t=890.0 route=6 laps=2 crashes=0 avg_out=179.9s avg_ret=159.3s avg_lap=351.2s best_lap=351.1
t=890.0 route=7 laps=1 crashes=0 avg_out=198.4s avg_ret=158.1s avg_lap=368.9s best_lap=368.9
t=890.1 route=8 laps=1 crashes=0 avg_out=184.1s avg_ret=189.5s avg_lap=383.7s best_lap=383.7
t=890.1 TOTAL laps=11 crashes=0
t=890.1 TUNER gen=0 results=11/64 pending=7 active=7 remaining=53 next_trial=19 rounds=[3,2,2,3,2,2,2,2]
t=903.2 SPAWN craft=Aircraft_9_nav_r6_19 route=6 candidate=8 trial=19 t=903.2
t=908.2 LAP_CAPTURE craft=Aircraft_9_nav_r7_12 route=7 return=156.5s lap=366.5s carrier_dist=200m t=908.2
t=913.9 LZ_REACHED craft=Aircraft_9_nav_r1_17 route=1 outbound=156.3s t=913.9
t=920.0 ==== SUMMARY t=920.0 ====
t=920.0 route=1 laps=2 crashes=0 avg_out=156.6s avg_ret=173.7s avg_lap=342.5s best_lap=342.3
t=920.0 route=2 laps=1 crashes=0 avg_out=214.2s avg_ret=253.7s avg_lap=480.3s best_lap=480.3
t=920.0 route=3 laps=1 crashes=0 avg_out=243.0s avg_ret=265.9s avg_lap=521.0s best_lap=521.0
t=920.0 route=4 laps=2 crashes=0 avg_out=198.7s avg_ret=167.1s avg_lap=377.8s best_lap=374.9
t=920.0 route=5 laps=1 crashes=0 avg_out=292.8s avg_ret=251.1s avg_lap=555.9s best_lap=555.9
t=920.0 route=6 laps=2 crashes=0 avg_out=179.9s avg_ret=159.3s avg_lap=351.2s best_lap=351.1
t=920.0 route=7 laps=2 crashes=0 avg_out=198.4s avg_ret=157.3s avg_lap=367.7s best_lap=366.5
t=920.1 route=8 laps=1 crashes=0 avg_out=184.1s avg_ret=189.5s avg_lap=383.7s best_lap=383.7
t=920.1 TOTAL laps=12 crashes=0
t=920.1 TUNER gen=0 results=12/64 pending=7 active=7 remaining=52 next_trial=20 rounds=[3,2,2,3,2,3,2,2]
t=928.3 SPAWN craft=Aircraft_9_nav_r7_20 route=7 candidate=1 trial=20 t=928.3
t=950.0 ==== SUMMARY t=950.0 ====
t=950.1 route=1 laps=2 crashes=0 avg_out=156.6s avg_ret=173.7s avg_lap=342.5s best_lap=342.3
t=950.1 route=2 laps=1 crashes=0 avg_out=214.2s avg_ret=253.7s avg_lap=480.3s best_lap=480.3
t=950.1 route=3 laps=1 crashes=0 avg_out=243.0s avg_ret=265.9s avg_lap=521.0s best_lap=521.0
t=950.1 route=4 laps=2 crashes=0 avg_out=198.7s avg_ret=167.1s avg_lap=377.8s best_lap=374.9
t=950.1 route=5 laps=1 crashes=0 avg_out=292.8s avg_ret=251.1s avg_lap=555.9s best_lap=555.9
t=950.1 route=6 laps=2 crashes=0 avg_out=179.9s avg_ret=159.3s avg_lap=351.2s best_lap=351.1
t=950.1 route=7 laps=2 crashes=0 avg_out=198.4s avg_ret=157.3s avg_lap=367.7s best_lap=366.5
t=950.1 route=8 laps=1 crashes=0 avg_out=184.1s avg_ret=189.5s avg_lap=383.7s best_lap=383.7
t=950.1 TOTAL laps=12 crashes=0
t=950.1 TUNER gen=0 results=12/64 pending=8 active=8 remaining=52 next_trial=21 rounds=[3,2,2,3,2,3,3,2]
t=980.1 ==== SUMMARY t=980.1 ====
t=980.1 route=1 laps=2 crashes=0 avg_out=156.6s avg_ret=173.7s avg_lap=342.5s best_lap=342.3
t=980.1 route=2 laps=1 crashes=0 avg_out=214.2s avg_ret=253.7s avg_lap=480.3s best_lap=480.3
t=980.1 route=3 laps=1 crashes=0 avg_out=243.0s avg_ret=265.9s avg_lap=521.0s best_lap=521.0
t=980.1 route=4 laps=2 crashes=0 avg_out=198.7s avg_ret=167.1s avg_lap=377.8s best_lap=374.9
t=980.1 route=5 laps=1 crashes=0 avg_out=292.8s avg_ret=251.1s avg_lap=555.9s best_lap=555.9
t=980.1 route=6 laps=2 crashes=0 avg_out=179.9s avg_ret=159.3s avg_lap=351.2s best_lap=351.1
t=980.1 route=7 laps=2 crashes=0 avg_out=198.4s avg_ret=157.3s avg_lap=367.7s best_lap=366.5
t=980.1 route=8 laps=1 crashes=0 avg_out=184.1s avg_ret=189.5s avg_lap=383.7s best_lap=383.7
t=980.1 TOTAL laps=12 crashes=0
t=980.1 TUNER gen=0 results=12/64 pending=8 active=8 remaining=52 next_trial=21 rounds=[3,2,2,3,2,3,3,2]
t=982.1 LZ_REACHED craft=Aircraft_9_nav_r5_16 route=5 outbound=294.7s t=982.1
t=984.9 LAP_CAPTURE craft=Aircraft_9_nav_r8_14 route=8 return=189.7s lap=387.8s carrier_dist=200m t=984.9
t=1003.8 SPAWN craft=Aircraft_9_nav_r8_21 route=8 candidate=2 trial=21 t=1003.8
t=1010.3 ==== SUMMARY t=1010.3 ====
t=1010.3 route=1 laps=2 crashes=0 avg_out=156.6s avg_ret=173.7s avg_lap=342.5s best_lap=342.3
t=1010.3 route=2 laps=1 crashes=0 avg_out=214.2s avg_ret=253.7s avg_lap=480.3s best_lap=480.3
t=1010.3 route=3 laps=1 crashes=0 avg_out=243.0s avg_ret=265.9s avg_lap=521.0s best_lap=521.0
t=1010.3 route=4 laps=2 crashes=0 avg_out=198.7s avg_ret=167.1s avg_lap=377.8s best_lap=374.9
t=1010.3 route=5 laps=1 crashes=0 avg_out=293.8s avg_ret=251.1s avg_lap=555.9s best_lap=555.9
t=1010.3 route=6 laps=2 crashes=0 avg_out=179.9s avg_ret=159.3s avg_lap=351.2s best_lap=351.1
t=1010.3 route=7 laps=2 crashes=0 avg_out=198.4s avg_ret=157.3s avg_lap=367.7s best_lap=366.5
t=1010.3 route=8 laps=2 crashes=0 avg_out=184.1s avg_ret=189.6s avg_lap=385.8s best_lap=383.7
t=1010.3 TOTAL laps=13 crashes=0
t=1010.3 TUNER gen=0 results=13/64 pending=8 active=8 remaining=51 next_trial=22 rounds=[3,2,2,3,2,3,3,3]
t=1040.3 ==== SUMMARY t=1040.3 ====
t=1040.3 route=1 laps=2 crashes=0 avg_out=156.6s avg_ret=173.7s avg_lap=342.5s best_lap=342.3
t=1040.3 route=2 laps=1 crashes=0 avg_out=214.2s avg_ret=253.7s avg_lap=480.3s best_lap=480.3
t=1040.3 route=3 laps=1 crashes=0 avg_out=243.0s avg_ret=265.9s avg_lap=521.0s best_lap=521.0
t=1040.3 route=4 laps=2 crashes=0 avg_out=198.7s avg_ret=167.1s avg_lap=377.8s best_lap=374.9
t=1040.3 route=5 laps=1 crashes=0 avg_out=293.8s avg_ret=251.1s avg_lap=555.9s best_lap=555.9
t=1040.3 route=6 laps=2 crashes=0 avg_out=179.9s avg_ret=159.3s avg_lap=351.2s best_lap=351.1
t=1040.3 route=7 laps=2 crashes=0 avg_out=198.4s avg_ret=157.3s avg_lap=367.7s best_lap=366.5
t=1040.3 route=8 laps=2 crashes=0 avg_out=184.1s avg_ret=189.6s avg_lap=385.8s best_lap=383.7
t=1040.3 TOTAL laps=13 crashes=0
t=1040.3 TUNER gen=0 results=13/64 pending=8 active=8 remaining=51 next_trial=22 rounds=[3,2,2,3,2,3,3,3]
t=1057.2 LAP_CAPTURE craft=Aircraft_9_nav_r2_13 route=2 return=254.4s lap=480.3s carrier_dist=200m t=1057.2
t=1070.3 ==== SUMMARY t=1070.3 ====
t=1070.3 route=1 laps=2 crashes=0 avg_out=156.6s avg_ret=173.7s avg_lap=342.5s best_lap=342.3
t=1070.3 route=2 laps=2 crashes=0 avg_out=214.2s avg_ret=254.1s avg_lap=480.3s best_lap=480.3
t=1070.3 route=3 laps=1 crashes=0 avg_out=243.0s avg_ret=265.9s avg_lap=521.0s best_lap=521.0
t=1070.3 route=4 laps=2 crashes=0 avg_out=198.7s avg_ret=167.1s avg_lap=377.8s best_lap=374.9
t=1070.3 route=5 laps=1 crashes=0 avg_out=293.8s avg_ret=251.1s avg_lap=555.9s best_lap=555.9
t=1070.3 route=6 laps=2 crashes=0 avg_out=179.9s avg_ret=159.3s avg_lap=351.2s best_lap=351.1
t=1070.3 route=7 laps=2 crashes=0 avg_out=198.4s avg_ret=157.3s avg_lap=367.7s best_lap=366.5
t=1070.3 route=8 laps=2 crashes=0 avg_out=184.1s avg_ret=189.6s avg_lap=385.8s best_lap=383.7
t=1070.3 TOTAL laps=14 crashes=0
t=1070.3 TUNER gen=0 results=14/64 pending=8 active=8 remaining=50 next_trial=23 rounds=[3,3,2,3,2,3,3,3]
t=1074.0 SPAWN craft=Aircraft_9_nav_r2_22 route=2 candidate=4 trial=22 t=1074.0
t=1081.8 LZ_REACHED craft=Aircraft_9_nav_r6_19 route=6 outbound=178.5s t=1081.8
t=1083.8 LZ_REACHED craft=Aircraft_9_nav_r4_18 route=4 outbound=200.6s t=1083.8
t=1100.2 LAP_CAPTURE craft=Aircraft_9_nav_r1_17 route=1 return=174.2s lap=342.5s carrier_dist=200m t=1100.1
t=1100.4 ==== SUMMARY t=1100.4 ====
t=1100.4 route=1 laps=3 crashes=0 avg_out=156.6s avg_ret=173.9s avg_lap=342.5s best_lap=342.3
t=1100.4 route=2 laps=2 crashes=0 avg_out=214.2s avg_ret=254.1s avg_lap=480.3s best_lap=480.3
t=1100.4 route=3 laps=1 crashes=0 avg_out=243.0s avg_ret=265.9s avg_lap=521.0s best_lap=521.0
t=1100.4 route=4 laps=2 crashes=0 avg_out=199.4s avg_ret=167.1s avg_lap=377.8s best_lap=374.9
t=1100.4 route=5 laps=1 crashes=0 avg_out=293.8s avg_ret=251.1s avg_lap=555.9s best_lap=555.9
t=1100.4 route=6 laps=2 crashes=0 avg_out=179.4s avg_ret=159.3s avg_lap=351.2s best_lap=351.1
t=1100.4 route=7 laps=2 crashes=0 avg_out=198.4s avg_ret=157.3s avg_lap=367.7s best_lap=366.5
t=1100.4 route=8 laps=2 crashes=0 avg_out=184.1s avg_ret=189.6s avg_lap=385.8s best_lap=383.7
t=1100.5 TOTAL laps=15 crashes=0
t=1100.5 TUNER gen=0 results=15/64 pending=7 active=7 remaining=49 next_trial=23 rounds=[3,3,2,3,2,3,3,3]
t=1119.3 SPAWN craft=Aircraft_9_nav_r1_23 route=1 candidate=4 trial=23 t=1119.3
t=1126.8 LZ_REACHED craft=Aircraft_9_nav_r7_20 route=7 outbound=198.5s t=1126.8
t=1130.5 ==== SUMMARY t=1130.5 ====
t=1130.5 route=1 laps=3 crashes=0 avg_out=156.6s avg_ret=173.9s avg_lap=342.5s best_lap=342.3
t=1130.5 route=2 laps=2 crashes=0 avg_out=214.2s avg_ret=254.1s avg_lap=480.3s best_lap=480.3
t=1130.5 route=3 laps=1 crashes=0 avg_out=243.0s avg_ret=265.9s avg_lap=521.0s best_lap=521.0
t=1130.5 route=4 laps=2 crashes=0 avg_out=199.4s avg_ret=167.1s avg_lap=377.8s best_lap=374.9
t=1130.5 route=5 laps=1 crashes=0 avg_out=293.8s avg_ret=251.1s avg_lap=555.9s best_lap=555.9
t=1130.5 route=6 laps=2 crashes=0 avg_out=179.4s avg_ret=159.3s avg_lap=351.2s best_lap=351.1
t=1130.5 route=7 laps=2 crashes=0 avg_out=198.4s avg_ret=157.3s avg_lap=367.7s best_lap=366.5
t=1130.5 route=8 laps=2 crashes=0 avg_out=184.1s avg_ret=189.6s avg_lap=385.8s best_lap=383.7
t=1130.5 TOTAL laps=15 crashes=0
t=1130.5 TUNER gen=0 results=15/64 pending=8 active=8 remaining=49 next_trial=24 rounds=[4,3,2,3,2,3,3,3]
t=1135.0 LAP_CAPTURE craft=Aircraft_9_nav_r3_15 route=3 return=263.0s lap=517.9s carrier_dist=200m t=1135.0
t=1154.5 SPAWN craft=Aircraft_9_nav_r3_24 route=3 candidate=5 trial=24 t=1154.5
t=1160.6 ==== SUMMARY t=1160.6 ====
t=1160.6 route=1 laps=3 crashes=0 avg_out=156.6s avg_ret=173.9s avg_lap=342.5s best_lap=342.3
t=1160.6 route=2 laps=2 crashes=0 avg_out=214.2s avg_ret=254.1s avg_lap=480.3s best_lap=480.3
t=1160.6 route=3 laps=2 crashes=0 avg_out=243.0s avg_ret=264.5s avg_lap=519.5s best_lap=517.9
t=1160.6 route=4 laps=2 crashes=0 avg_out=199.4s avg_ret=167.1s avg_lap=377.8s best_lap=374.9
t=1160.6 route=5 laps=1 crashes=0 avg_out=293.8s avg_ret=251.1s avg_lap=555.9s best_lap=555.9
t=1160.6 route=6 laps=2 crashes=0 avg_out=179.4s avg_ret=159.3s avg_lap=351.2s best_lap=351.1
t=1160.6 route=7 laps=2 crashes=0 avg_out=198.4s avg_ret=157.3s avg_lap=367.7s best_lap=366.5
t=1160.6 route=8 laps=2 crashes=0 avg_out=184.1s avg_ret=189.6s avg_lap=385.8s best_lap=383.7
t=1160.6 TOTAL laps=16 crashes=0
t=1160.6 TUNER gen=0 results=16/64 pending=8 active=8 remaining=48 next_trial=25 rounds=[4,3,3,3,2,3,3,3]
t=1190.2 LZ_REACHED craft=Aircraft_9_nav_r8_21 route=8 outbound=186.4s t=1190.2
t=1190.6 ==== SUMMARY t=1190.6 ====
t=1190.6 route=1 laps=3 crashes=0 avg_out=156.6s avg_ret=173.9s avg_lap=342.5s best_lap=342.3
t=1190.6 route=2 laps=2 crashes=0 avg_out=214.2s avg_ret=254.1s avg_lap=480.3s best_lap=480.3
t=1190.6 route=3 laps=2 crashes=0 avg_out=243.0s avg_ret=264.5s avg_lap=519.5s best_lap=517.9
t=1190.6 route=4 laps=2 crashes=0 avg_out=199.4s avg_ret=167.1s avg_lap=377.8s best_lap=374.9
t=1190.6 route=5 laps=1 crashes=0 avg_out=293.8s avg_ret=251.1s avg_lap=555.9s best_lap=555.9
t=1190.6 route=6 laps=2 crashes=0 avg_out=179.4s avg_ret=159.3s avg_lap=351.2s best_lap=351.1
t=1190.6 route=7 laps=2 crashes=0 avg_out=198.4s avg_ret=157.3s avg_lap=367.7s best_lap=366.5
t=1190.6 route=8 laps=2 crashes=0 avg_out=184.9s avg_ret=189.6s avg_lap=385.8s best_lap=383.7
t=1190.6 TOTAL laps=16 crashes=0
t=1190.6 TUNER gen=0 results=16/64 pending=8 active=8 remaining=48 next_trial=25 rounds=[4,3,3,3,2,3,3,3]
t=1220.6 ==== SUMMARY t=1220.6 ====
t=1220.6 route=1 laps=3 crashes=0 avg_out=156.6s avg_ret=173.9s avg_lap=342.5s best_lap=342.3
t=1220.6 route=2 laps=2 crashes=0 avg_out=214.2s avg_ret=254.1s avg_lap=480.3s best_lap=480.3
t=1220.6 route=3 laps=2 crashes=0 avg_out=243.0s avg_ret=264.5s avg_lap=519.5s best_lap=517.9
t=1220.6 route=4 laps=2 crashes=0 avg_out=199.4s avg_ret=167.1s avg_lap=377.8s best_lap=374.9
t=1220.6 route=5 laps=1 crashes=0 avg_out=293.8s avg_ret=251.1s avg_lap=555.9s best_lap=555.9
t=1220.6 route=6 laps=2 crashes=0 avg_out=179.4s avg_ret=159.3s avg_lap=351.2s best_lap=351.1
t=1220.7 route=7 laps=2 crashes=0 avg_out=198.4s avg_ret=157.3s avg_lap=367.7s best_lap=366.5
t=1220.7 route=8 laps=2 crashes=0 avg_out=184.9s avg_ret=189.6s avg_lap=385.8s best_lap=383.7
t=1220.7 TOTAL laps=16 crashes=0
t=1220.7 TUNER gen=0 results=16/64 pending=8 active=8 remaining=48 next_trial=25 rounds=[4,3,3,3,2,3,3,3]
t=1250.6 ==== SUMMARY t=1250.6 ====
t=1250.6 route=1 laps=3 crashes=0 avg_out=156.6s avg_ret=173.9s avg_lap=342.5s best_lap=342.3
t=1250.6 route=2 laps=2 crashes=0 avg_out=214.2s avg_ret=254.1s avg_lap=480.3s best_lap=480.3
t=1250.6 route=3 laps=2 crashes=0 avg_out=243.0s avg_ret=264.5s avg_lap=519.5s best_lap=517.9
t=1250.7 route=4 laps=2 crashes=0 avg_out=199.4s avg_ret=167.1s avg_lap=377.8s best_lap=374.9
t=1250.7 route=5 laps=1 crashes=0 avg_out=293.8s avg_ret=251.1s avg_lap=555.9s best_lap=555.9
t=1250.7 route=6 laps=2 crashes=0 avg_out=179.4s avg_ret=159.3s avg_lap=351.2s best_lap=351.1
t=1250.7 route=7 laps=2 crashes=0 avg_out=198.4s avg_ret=157.3s avg_lap=367.7s best_lap=366.5
t=1250.7 route=8 laps=2 crashes=0 avg_out=184.9s avg_ret=189.6s avg_lap=385.8s best_lap=383.7
t=1250.7 TOTAL laps=16 crashes=0
t=1250.7 TUNER gen=0 results=16/64 pending=8 active=8 remaining=48 next_trial=25 rounds=[4,3,3,3,2,3,3,3]
t=1252.7 LAP_CAPTURE craft=Aircraft_9_nav_r5_16 route=5 return=258.6s lap=565.2s carrier_dist=200m t=1252.7
t=1253.4 LAP_CAPTURE craft=Aircraft_9_nav_r6_19 route=6 return=159.7s lap=350.2s carrier_dist=200m t=1253.4
t=1259.1 LAUNCH_BLOCKED reason=deck_busy active=7 stored=1 no_active_s=0.0 state=RETRIEVING_FROM_HANGAR tractor_cleanup=false elevator_transfer=false deck=Aircraft_9_nav_r5_25 pending=none clearance=none queue=0
t=1265.2 LAP_CAPTURE craft=Aircraft_9_nav_r4_18 route=4 return=169.3s lap=382.0s carrier_dist=200m t=1265.2
t=1269.9 SPAWN craft=Aircraft_9_nav_r5_25 route=5 candidate=7 trial=25 t=1269.9
t=1274.2 LAUNCH_BLOCKED reason=cleared_unready_nav_deck_aircraft active=6 stored=2 no_active_s=0.0 state=IDLE tractor_cleanup=false elevator_transfer=false deck=Aircraft_9_nav_r5_25 pending=none clearance=none queue=0
t=1277.5 LZ_REACHED craft=Aircraft_9_nav_r1_23 route=1 outbound=158.3s t=1277.5
t=1280.7 ==== SUMMARY t=1280.7 ====
t=1280.7 route=1 laps=3 crashes=0 avg_out=157.0s avg_ret=173.9s avg_lap=342.5s best_lap=342.3
t=1280.7 route=2 laps=2 crashes=0 avg_out=214.2s avg_ret=254.1s avg_lap=480.3s best_lap=480.3
t=1280.7 route=3 laps=2 crashes=0 avg_out=243.0s avg_ret=264.5s avg_lap=519.5s best_lap=517.9
t=1280.7 route=4 laps=3 crashes=0 avg_out=199.4s avg_ret=167.8s avg_lap=379.2s best_lap=374.9
t=1280.7 route=5 laps=2 crashes=0 avg_out=293.8s avg_ret=254.8s avg_lap=560.6s best_lap=555.9
t=1280.7 route=6 laps=3 crashes=0 avg_out=179.4s avg_ret=159.4s avg_lap=350.9s best_lap=350.2
t=1280.7 route=7 laps=2 crashes=0 avg_out=198.4s avg_ret=157.3s avg_lap=367.7s best_lap=366.5
t=1280.7 route=8 laps=2 crashes=0 avg_out=184.9s avg_ret=189.6s avg_lap=385.8s best_lap=383.7
t=1280.7 TOTAL laps=19 crashes=0
t=1280.7 TUNER gen=0 results=19/64 pending=6 active=6 remaining=45 next_trial=26 rounds=[4,3,3,3,3,3,3,3]
t=1288.2 LZ_REACHED craft=Aircraft_9_nav_r2_22 route=2 outbound=214.2s t=1288.2
t=1289.2 LAUNCH_BLOCKED reason=deck_busy active=7 stored=1 no_active_s=0.0 state=AIRCRAFT_ON_DECK tractor_cleanup=false elevator_transfer=false deck=Aircraft_9_nav_r6_26 pending=none clearance=none queue=0
t=1290.0 SPAWN craft=Aircraft_9_nav_r6_26 route=6 candidate=1 trial=26 t=1290.0
t=1296.7 LAP_CAPTURE craft=Aircraft_9_nav_r7_20 route=7 return=157.8s lap=368.4s carrier_dist=200m t=1296.7
t=1304.3 LAUNCH_BLOCKED reason=deck_busy active=7 stored=1 no_active_s=0.0 state=AIRCRAFT_ON_DECK tractor_cleanup=false elevator_transfer=true deck=Aircraft_9_nav_r4_27 pending=none clearance=none queue=0
t=1310.1 SPAWN craft=Aircraft_9_nav_r4_27 route=4 candidate=7 trial=27 t=1310.1
t=1310.8 ==== SUMMARY t=1310.8 ====
t=1310.8 route=1 laps=3 crashes=0 avg_out=157.0s avg_ret=173.9s avg_lap=342.5s best_lap=342.3
t=1310.8 route=2 laps=2 crashes=0 avg_out=214.2s avg_ret=254.1s avg_lap=480.3s best_lap=480.3
t=1310.8 route=3 laps=2 crashes=0 avg_out=243.0s avg_ret=264.5s avg_lap=519.5s best_lap=517.9
t=1310.8 route=4 laps=3 crashes=0 avg_out=199.4s avg_ret=167.8s avg_lap=379.2s best_lap=374.9
t=1310.8 route=5 laps=2 crashes=0 avg_out=293.8s avg_ret=254.8s avg_lap=560.6s best_lap=555.9
t=1310.8 route=6 laps=3 crashes=0 avg_out=179.4s avg_ret=159.4s avg_lap=350.9s best_lap=350.2
t=1310.8 route=7 laps=3 crashes=0 avg_out=198.4s avg_ret=157.5s avg_lap=367.9s best_lap=366.5
t=1310.8 route=8 laps=2 crashes=0 avg_out=184.9s avg_ret=189.6s avg_lap=385.8s best_lap=383.7
t=1310.8 TOTAL laps=20 crashes=0
t=1310.8 TUNER gen=0 results=20/64 pending=7 active=7 remaining=44 next_trial=28 rounds=[4,3,3,4,3,4,3,3]
t=1330.2 SPAWN craft=Aircraft_9_nav_r7_28 route=7 candidate=2 trial=28 t=1330.2
t=1340.8 ==== SUMMARY t=1340.8 ====
t=1340.8 route=1 laps=3 crashes=0 avg_out=157.0s avg_ret=173.9s avg_lap=342.5s best_lap=342.3
t=1340.8 route=2 laps=2 crashes=0 avg_out=214.2s avg_ret=254.1s avg_lap=480.3s best_lap=480.3
t=1340.8 route=3 laps=2 crashes=0 avg_out=243.0s avg_ret=264.5s avg_lap=519.5s best_lap=517.9
t=1340.8 route=4 laps=3 crashes=0 avg_out=199.4s avg_ret=167.8s avg_lap=379.2s best_lap=374.9
t=1340.8 route=5 laps=2 crashes=0 avg_out=293.8s avg_ret=254.8s avg_lap=560.6s best_lap=555.9
t=1340.8 route=6 laps=3 crashes=0 avg_out=179.4s avg_ret=159.4s avg_lap=350.9s best_lap=350.2
t=1340.9 route=7 laps=3 crashes=0 avg_out=198.4s avg_ret=157.5s avg_lap=367.9s best_lap=366.5
t=1340.9 route=8 laps=2 crashes=0 avg_out=184.9s avg_ret=189.6s avg_lap=385.8s best_lap=383.7
t=1340.9 TOTAL laps=20 crashes=0
t=1340.9 TUNER gen=0 results=20/64 pending=8 active=8 remaining=44 next_trial=29 rounds=[4,3,3,4,3,4,4,3]
t=1370.8 ==== SUMMARY t=1370.8 ====
t=1370.9 route=1 laps=3 crashes=0 avg_out=157.0s avg_ret=173.9s avg_lap=342.5s best_lap=342.3
t=1370.9 route=2 laps=2 crashes=0 avg_out=214.2s avg_ret=254.1s avg_lap=480.3s best_lap=480.3
t=1370.9 route=3 laps=2 crashes=0 avg_out=243.0s avg_ret=264.5s avg_lap=519.5s best_lap=517.9
t=1370.9 route=4 laps=3 crashes=0 avg_out=199.4s avg_ret=167.8s avg_lap=379.2s best_lap=374.9
t=1370.9 route=5 laps=2 crashes=0 avg_out=293.8s avg_ret=254.8s avg_lap=560.6s best_lap=555.9
t=1370.9 route=6 laps=3 crashes=0 avg_out=179.4s avg_ret=159.4s avg_lap=350.9s best_lap=350.2
t=1370.9 route=7 laps=3 crashes=0 avg_out=198.4s avg_ret=157.5s avg_lap=367.9s best_lap=366.5
t=1370.9 route=8 laps=2 crashes=0 avg_out=184.9s avg_ret=189.6s avg_lap=385.8s best_lap=383.7
t=1370.9 TOTAL laps=20 crashes=0
t=1370.9 TUNER gen=0 results=20/64 pending=8 active=8 remaining=44 next_trial=29 rounds=[4,3,3,4,3,4,4,3]
t=1387.0 LAP_CAPTURE craft=Aircraft_9_nav_r8_21 route=8 return=184.8s lap=383.2s carrier_dist=200m t=1387.0
t=1394.2 LZ_REACHED craft=Aircraft_9_nav_r3_24 route=3 outbound=239.7s t=1394.2
t=1400.8 ==== SUMMARY t=1400.8 ====
t=1400.8 route=1 laps=3 crashes=0 avg_out=157.0s avg_ret=173.9s avg_lap=342.5s best_lap=342.3
t=1400.9 route=2 laps=2 crashes=0 avg_out=214.2s avg_ret=254.1s avg_lap=480.3s best_lap=480.3
t=1400.9 route=3 laps=2 crashes=0 avg_out=241.9s avg_ret=264.5s avg_lap=519.5s best_lap=517.9
t=1400.9 route=4 laps=3 crashes=0 avg_out=199.4s avg_ret=167.8s avg_lap=379.2s best_lap=374.9
t=1400.9 route=5 laps=2 crashes=0 avg_out=293.8s avg_ret=254.8s avg_lap=560.6s best_lap=555.9
t=1400.9 route=6 laps=3 crashes=0 avg_out=179.4s avg_ret=159.4s avg_lap=350.9s best_lap=350.2
t=1400.9 route=7 laps=3 crashes=0 avg_out=198.4s avg_ret=157.5s avg_lap=367.9s best_lap=366.5
t=1400.9 route=8 laps=3 crashes=0 avg_out=184.9s avg_ret=188.0s avg_lap=384.9s best_lap=383.2
t=1400.9 TOTAL laps=21 crashes=0
t=1400.9 TUNER gen=0 results=21/64 pending=8 active=8 remaining=43 next_trial=30 rounds=[4,3,3,4,3,4,4,4]
t=1405.6 SPAWN craft=Aircraft_9_nav_r8_29 route=8 candidate=3 trial=29 t=1405.6
t=1430.9 ==== SUMMARY t=1430.9 ====
t=1430.9 route=1 laps=3 crashes=0 avg_out=157.0s avg_ret=173.9s avg_lap=342.5s best_lap=342.3
t=1430.9 route=2 laps=2 crashes=0 avg_out=214.2s avg_ret=254.1s avg_lap=480.3s best_lap=480.3
t=1430.9 route=3 laps=2 crashes=0 avg_out=241.9s avg_ret=264.5s avg_lap=519.5s best_lap=517.9
t=1430.9 route=4 laps=3 crashes=0 avg_out=199.4s avg_ret=167.8s avg_lap=379.2s best_lap=374.9
t=1430.9 route=5 laps=2 crashes=0 avg_out=293.8s avg_ret=254.8s avg_lap=560.6s best_lap=555.9
t=1430.9 route=6 laps=3 crashes=0 avg_out=179.4s avg_ret=159.4s avg_lap=350.9s best_lap=350.2
t=1430.9 route=7 laps=3 crashes=0 avg_out=198.4s avg_ret=157.5s avg_lap=367.9s best_lap=366.5
t=1431.0 route=8 laps=3 crashes=0 avg_out=184.9s avg_ret=188.0s avg_lap=384.9s best_lap=383.2
t=1431.0 TOTAL laps=21 crashes=0
t=1431.0 TUNER gen=0 results=21/64 pending=8 active=8 remaining=43 next_trial=30 rounds=[4,3,3,4,3,4,4,4]
t=1460.9 ==== SUMMARY t=1460.9 ====
t=1460.9 route=1 laps=3 crashes=0 avg_out=157.0s avg_ret=173.9s avg_lap=342.5s best_lap=342.3
t=1460.9 route=2 laps=2 crashes=0 avg_out=214.2s avg_ret=254.1s avg_lap=480.3s best_lap=480.3
t=1460.9 route=3 laps=2 crashes=0 avg_out=241.9s avg_ret=264.5s avg_lap=519.5s best_lap=517.9
t=1460.9 route=4 laps=3 crashes=0 avg_out=199.4s avg_ret=167.8s avg_lap=379.2s best_lap=374.9
t=1460.9 route=5 laps=2 crashes=0 avg_out=293.8s avg_ret=254.8s avg_lap=560.6s best_lap=555.9
t=1461.0 route=6 laps=3 crashes=0 avg_out=179.4s avg_ret=159.4s avg_lap=350.9s best_lap=350.2
t=1461.0 route=7 laps=3 crashes=0 avg_out=198.4s avg_ret=157.5s avg_lap=367.9s best_lap=366.5
t=1461.0 route=8 laps=3 crashes=0 avg_out=184.9s avg_ret=188.0s avg_lap=384.9s best_lap=383.2
t=1461.0 TOTAL laps=21 crashes=0
t=1461.0 TUNER gen=0 results=21/64 pending=8 active=8 remaining=43 next_trial=30 rounds=[4,3,3,4,3,4,4,4]
t=1464.1 LAP_CAPTURE craft=Aircraft_9_nav_r1_23 route=1 return=174.6s lap=344.8s carrier_dist=200m t=1464.1
t=1468.9 LZ_REACHED craft=Aircraft_9_nav_r6_26 route=6 outbound=178.9s t=1468.9
t=1480.7 SPAWN craft=Aircraft_9_nav_r1_30 route=1 candidate=5 trial=30 t=1480.7
t=1490.9 ==== SUMMARY t=1490.9 ====
t=1491.0 route=1 laps=4 crashes=0 avg_out=157.0s avg_ret=174.0s avg_lap=343.1s best_lap=342.3
t=1491.0 route=2 laps=2 crashes=0 avg_out=214.2s avg_ret=254.1s avg_lap=480.3s best_lap=480.3
t=1491.0 route=3 laps=2 crashes=0 avg_out=241.9s avg_ret=264.5s avg_lap=519.5s best_lap=517.9
t=1491.0 route=4 laps=3 crashes=0 avg_out=199.4s avg_ret=167.8s avg_lap=379.2s best_lap=374.9
t=1491.0 route=5 laps=2 crashes=0 avg_out=293.8s avg_ret=254.8s avg_lap=560.6s best_lap=555.9
t=1491.0 route=6 laps=3 crashes=0 avg_out=179.3s avg_ret=159.4s avg_lap=350.9s best_lap=350.2
t=1491.0 route=7 laps=3 crashes=0 avg_out=198.4s avg_ret=157.5s avg_lap=367.9s best_lap=366.5
t=1491.0 route=8 laps=3 crashes=0 avg_out=184.9s avg_ret=188.0s avg_lap=384.9s best_lap=383.2
t=1491.0 TOTAL laps=22 crashes=0
t=1491.0 TUNER gen=0 results=22/64 pending=8 active=8 remaining=42 next_trial=31 rounds=[5,3,3,4,3,4,4,4]
t=1511.0 LZ_REACHED craft=Aircraft_9_nav_r4_27 route=4 outbound=200.9s t=1511.0
t=1521.0 ==== SUMMARY t=1521.0 ====
t=1521.0 route=1 laps=4 crashes=0 avg_out=157.0s avg_ret=174.0s avg_lap=343.1s best_lap=342.3
t=1521.0 route=2 laps=2 crashes=0 avg_out=214.2s avg_ret=254.1s avg_lap=480.3s best_lap=480.3
t=1521.0 route=3 laps=2 crashes=0 avg_out=241.9s avg_ret=264.5s avg_lap=519.5s best_lap=517.9
t=1521.0 route=4 laps=3 crashes=0 avg_out=199.8s avg_ret=167.8s avg_lap=379.2s best_lap=374.9
t=1521.0 route=5 laps=2 crashes=0 avg_out=293.8s avg_ret=254.8s avg_lap=560.6s best_lap=555.9
t=1521.0 route=6 laps=3 crashes=0 avg_out=179.3s avg_ret=159.4s avg_lap=350.9s best_lap=350.2
t=1521.0 route=7 laps=3 crashes=0 avg_out=198.4s avg_ret=157.5s avg_lap=367.9s best_lap=366.5
t=1521.0 route=8 laps=3 crashes=0 avg_out=184.9s avg_ret=188.0s avg_lap=384.9s best_lap=383.2
t=1521.0 TOTAL laps=22 crashes=0
t=1521.0 TUNER gen=0 results=22/64 pending=8 active=8 remaining=42 next_trial=31 rounds=[5,3,3,4,3,4,4,4]
t=1528.9 LZ_REACHED craft=Aircraft_9_nav_r7_28 route=7 outbound=198.7s t=1528.9
t=1551.0 ==== SUMMARY t=1551.0 ====
t=1551.0 route=1 laps=4 crashes=0 avg_out=157.0s avg_ret=174.0s avg_lap=343.1s best_lap=342.3
t=1551.0 route=2 laps=2 crashes=0 avg_out=214.2s avg_ret=254.1s avg_lap=480.3s best_lap=480.3
t=1551.0 route=3 laps=2 crashes=0 avg_out=241.9s avg_ret=264.5s avg_lap=519.5s best_lap=517.9
t=1551.0 route=4 laps=3 crashes=0 avg_out=199.8s avg_ret=167.8s avg_lap=379.2s best_lap=374.9
t=1551.0 route=5 laps=2 crashes=0 avg_out=293.8s avg_ret=254.8s avg_lap=560.6s best_lap=555.9
t=1551.0 route=6 laps=3 crashes=0 avg_out=179.3s avg_ret=159.4s avg_lap=350.9s best_lap=350.2
t=1551.0 route=7 laps=3 crashes=0 avg_out=198.5s avg_ret=157.5s avg_lap=367.9s best_lap=366.5
t=1551.0 route=8 laps=3 crashes=0 avg_out=184.9s avg_ret=188.0s avg_lap=384.9s best_lap=383.2
t=1551.1 TOTAL laps=22 crashes=0
t=1551.1 TUNER gen=0 results=22/64 pending=8 active=8 remaining=42 next_trial=31 rounds=[5,3,3,4,3,4,4,4]
t=1554.0 LAP_CAPTURE craft=Aircraft_9_nav_r2_22 route=2 return=253.9s lap=480.1s carrier_dist=200m t=1554.0
t=1566.6 LZ_REACHED craft=Aircraft_9_nav_r5_25 route=5 outbound=296.7s t=1566.6
t=1571.2 SPAWN craft=Aircraft_9_nav_r2_31 route=2 candidate=5 trial=31 t=1571.2
t=1581.2 ==== SUMMARY t=1581.2 ====
t=1581.2 route=1 laps=4 crashes=0 avg_out=157.0s avg_ret=174.0s avg_lap=343.1s best_lap=342.3
t=1581.2 route=2 laps=3 crashes=0 avg_out=214.2s avg_ret=254.0s avg_lap=480.2s best_lap=480.1
t=1581.2 route=3 laps=2 crashes=0 avg_out=241.9s avg_ret=264.5s avg_lap=519.5s best_lap=517.9
t=1581.2 route=4 laps=3 crashes=0 avg_out=199.8s avg_ret=167.8s avg_lap=379.2s best_lap=374.9
t=1581.2 route=5 laps=2 crashes=0 avg_out=294.7s avg_ret=254.8s avg_lap=560.6s best_lap=555.9
t=1581.2 route=6 laps=3 crashes=0 avg_out=179.3s avg_ret=159.4s avg_lap=350.9s best_lap=350.2
t=1581.2 route=7 laps=3 crashes=0 avg_out=198.5s avg_ret=157.5s avg_lap=367.9s best_lap=366.5
t=1581.2 route=8 laps=3 crashes=0 avg_out=184.9s avg_ret=188.0s avg_lap=384.9s best_lap=383.2
t=1581.2 TOTAL laps=23 crashes=0
t=1581.2 TUNER gen=0 results=23/64 pending=8 active=8 remaining=41 next_trial=32 rounds=[5,4,3,4,3,4,4,4]
t=1591.2 LZ_REACHED craft=Aircraft_9_nav_r8_29 route=8 outbound=185.7s t=1591.2
t=1611.1 ==== SUMMARY t=1611.1 ====
t=1611.1 route=1 laps=4 crashes=0 avg_out=157.0s avg_ret=174.0s avg_lap=343.1s best_lap=342.3
t=1611.2 route=2 laps=3 crashes=0 avg_out=214.2s avg_ret=254.0s avg_lap=480.2s best_lap=480.1
t=1611.2 route=3 laps=2 crashes=0 avg_out=241.9s avg_ret=264.5s avg_lap=519.5s best_lap=517.9
t=1611.2 route=4 laps=3 crashes=0 avg_out=199.8s avg_ret=167.8s avg_lap=379.2s best_lap=374.9
t=1611.2 route=5 laps=2 crashes=0 avg_out=294.7s avg_ret=254.8s avg_lap=560.6s best_lap=555.9
t=1611.2 route=6 laps=3 crashes=0 avg_out=179.3s avg_ret=159.4s avg_lap=350.9s best_lap=350.2
t=1611.2 route=7 laps=3 crashes=0 avg_out=198.5s avg_ret=157.5s avg_lap=367.9s best_lap=366.5
t=1611.2 route=8 laps=3 crashes=0 avg_out=185.1s avg_ret=188.0s avg_lap=384.9s best_lap=383.2
t=1611.2 TOTAL laps=23 crashes=0
t=1611.2 TUNER gen=0 results=23/64 pending=8 active=8 remaining=41 next_trial=32 rounds=[5,4,3,4,3,4,4,4]
t=1631.1 LZ_REACHED craft=Aircraft_9_nav_r1_30 route=1 outbound=150.4s t=1631.1
t=1639.8 LAP_CAPTURE craft=Aircraft_9_nav_r6_26 route=6 return=158.9s lap=349.8s carrier_dist=200m t=1639.8
t=1641.2 ==== SUMMARY t=1641.2 ====
t=1641.2 route=1 laps=4 crashes=0 avg_out=155.7s avg_ret=174.0s avg_lap=343.1s best_lap=342.3
t=1641.2 route=2 laps=3 crashes=0 avg_out=214.2s avg_ret=254.0s avg_lap=480.2s best_lap=480.1
t=1641.2 route=3 laps=2 crashes=0 avg_out=241.9s avg_ret=264.5s avg_lap=519.5s best_lap=517.9
t=1641.2 route=4 laps=3 crashes=0 avg_out=199.8s avg_ret=167.8s avg_lap=379.2s best_lap=374.9
t=1641.2 route=5 laps=2 crashes=0 avg_out=294.7s avg_ret=254.8s avg_lap=560.6s best_lap=555.9
t=1641.2 route=6 laps=4 crashes=0 avg_out=179.3s avg_ret=159.3s avg_lap=350.6s best_lap=349.8
t=1641.2 route=7 laps=3 crashes=0 avg_out=198.5s avg_ret=157.5s avg_lap=367.9s best_lap=366.5
t=1641.2 route=8 laps=3 crashes=0 avg_out=185.1s avg_ret=188.0s avg_lap=384.9s best_lap=383.2
t=1641.2 TOTAL laps=24 crashes=0
t=1641.2 TUNER gen=0 results=24/64 pending=7 active=7 remaining=40 next_trial=32 rounds=[5,4,3,4,3,4,4,4]
t=1656.5 SPAWN craft=Aircraft_9_nav_r6_32 route=6 candidate=2 trial=32 t=1656.5
t=1662.7 LAP_CAPTURE craft=Aircraft_9_nav_r3_24 route=3 return=256.5s lap=508.2s carrier_dist=200m t=1662.7
t=1671.3 ==== SUMMARY t=1671.3 ====
t=1671.3 route=1 laps=4 crashes=0 avg_out=155.7s avg_ret=174.0s avg_lap=343.1s best_lap=342.3
t=1671.3 route=2 laps=3 crashes=0 avg_out=214.2s avg_ret=254.0s avg_lap=480.2s best_lap=480.1
t=1671.3 route=3 laps=3 crashes=0 avg_out=241.9s avg_ret=261.8s avg_lap=515.7s best_lap=508.2
t=1671.3 route=4 laps=3 crashes=0 avg_out=199.8s avg_ret=167.8s avg_lap=379.2s best_lap=374.9
t=1671.3 route=5 laps=2 crashes=0 avg_out=294.7s avg_ret=254.8s avg_lap=560.6s best_lap=555.9
t=1671.3 route=6 laps=4 crashes=0 avg_out=179.3s avg_ret=159.3s avg_lap=350.6s best_lap=349.8
t=1671.3 route=7 laps=3 crashes=0 avg_out=198.5s avg_ret=157.5s avg_lap=367.9s best_lap=366.5
t=1671.3 route=8 laps=3 crashes=0 avg_out=185.1s avg_ret=188.0s avg_lap=384.9s best_lap=383.2
t=1671.3 TOTAL laps=25 crashes=0
t=1671.3 TUNER gen=0 results=25/64 pending=7 active=7 remaining=39 next_trial=33 rounds=[5,4,3,4,3,5,4,4]
t=1681.7 SPAWN craft=Aircraft_9_nav_r3_33 route=3 candidate=6 trial=33 t=1681.7
t=1691.9 LAP_CAPTURE craft=Aircraft_9_nav_r4_27 route=4 return=168.8s lap=381.8s carrier_dist=200m t=1691.9
t=1699.6 LAP_CAPTURE craft=Aircraft_9_nav_r7_28 route=7 return=158.7s lap=369.4s carrier_dist=200m t=1699.6
t=1701.4 ==== SUMMARY t=1701.4 ====
t=1701.4 route=1 laps=4 crashes=0 avg_out=155.7s avg_ret=174.0s avg_lap=343.1s best_lap=342.3
t=1701.4 route=2 laps=3 crashes=0 avg_out=214.2s avg_ret=254.0s avg_lap=480.2s best_lap=480.1
t=1701.4 route=3 laps=3 crashes=0 avg_out=241.9s avg_ret=261.8s avg_lap=515.7s best_lap=508.2
t=1701.4 route=4 laps=4 crashes=0 avg_out=199.8s avg_ret=168.1s avg_lap=379.9s best_lap=374.9
t=1701.4 route=5 laps=2 crashes=0 avg_out=294.7s avg_ret=254.8s avg_lap=560.6s best_lap=555.9
t=1701.5 route=6 laps=4 crashes=0 avg_out=179.3s avg_ret=159.3s avg_lap=350.6s best_lap=349.8
t=1701.5 route=7 laps=4 crashes=0 avg_out=198.5s avg_ret=157.8s avg_lap=368.3s best_lap=366.5
t=1701.5 route=8 laps=3 crashes=0 avg_out=185.1s avg_ret=188.0s avg_lap=384.9s best_lap=383.2
t=1701.5 TOTAL laps=27 crashes=0
t=1701.5 TUNER gen=0 results=27/64 pending=6 active=6 remaining=37 next_trial=34 rounds=[5,4,4,4,3,5,4,4]
t=1706.1 LAUNCH_BLOCKED reason=deck_busy active=7 stored=1 no_active_s=0.0 state=AIRCRAFT_ON_DECK tractor_cleanup=false elevator_transfer=true deck=Aircraft_9_nav_r4_34 pending=none clearance=none queue=0
t=1711.9 SPAWN craft=Aircraft_9_nav_r4_34 route=4 candidate=8 trial=34 t=1711.9
t=1731.6 ==== SUMMARY t=1731.6 ====
t=1731.6 route=1 laps=4 crashes=0 avg_out=155.7s avg_ret=174.0s avg_lap=343.1s best_lap=342.3
t=1731.6 route=2 laps=3 crashes=0 avg_out=214.2s avg_ret=254.0s avg_lap=480.2s best_lap=480.1
t=1731.6 route=3 laps=3 crashes=0 avg_out=241.9s avg_ret=261.8s avg_lap=515.7s best_lap=508.2
t=1731.6 route=4 laps=4 crashes=0 avg_out=199.8s avg_ret=168.1s avg_lap=379.9s best_lap=374.9
t=1731.6 route=5 laps=2 crashes=0 avg_out=294.7s avg_ret=254.8s avg_lap=560.6s best_lap=555.9
t=1731.6 route=6 laps=4 crashes=0 avg_out=179.3s avg_ret=159.3s avg_lap=350.6s best_lap=349.8
t=1731.6 route=7 laps=4 crashes=0 avg_out=198.5s avg_ret=157.8s avg_lap=368.3s best_lap=366.5
t=1731.6 route=8 laps=3 crashes=0 avg_out=185.1s avg_ret=188.0s avg_lap=384.9s best_lap=383.2
t=1731.6 TOTAL laps=27 crashes=0
t=1731.6 TUNER gen=0 results=27/64 pending=8 active=8 remaining=37 next_trial=36 rounds=[5,4,4,5,3,5,5,4]
t=1732.1 SPAWN craft=Aircraft_9_nav_r7_35 route=7 candidate=3 trial=35 t=1732.1
t=1761.6 ==== SUMMARY t=1761.6 ====
t=1761.6 route=1 laps=4 crashes=0 avg_out=155.7s avg_ret=174.0s avg_lap=343.1s best_lap=342.3
t=1761.6 route=2 laps=3 crashes=0 avg_out=214.2s avg_ret=254.0s avg_lap=480.2s best_lap=480.1
t=1761.6 route=3 laps=3 crashes=0 avg_out=241.9s avg_ret=261.8s avg_lap=515.7s best_lap=508.2
t=1761.6 route=4 laps=4 crashes=0 avg_out=199.8s avg_ret=168.1s avg_lap=379.9s best_lap=374.9
t=1761.6 route=5 laps=2 crashes=0 avg_out=294.7s avg_ret=254.8s avg_lap=560.6s best_lap=555.9
t=1761.6 route=6 laps=4 crashes=0 avg_out=179.3s avg_ret=159.3s avg_lap=350.6s best_lap=349.8
t=1761.6 route=7 laps=4 crashes=0 avg_out=198.5s avg_ret=157.8s avg_lap=368.3s best_lap=366.5
t=1761.6 route=8 laps=3 crashes=0 avg_out=185.1s avg_ret=188.0s avg_lap=384.9s best_lap=383.2
t=1761.6 TOTAL laps=27 crashes=0
t=1761.7 TUNER gen=0 results=27/64 pending=8 active=8 remaining=37 next_trial=36 rounds=[5,4,4,5,3,5,5,4]
t=1787.1 LZ_REACHED craft=Aircraft_9_nav_r2_31 route=2 outbound=215.8s t=1787.1
t=1791.6 ==== SUMMARY t=1791.6 ====
t=1791.6 route=1 laps=4 crashes=0 avg_out=155.7s avg_ret=174.0s avg_lap=343.1s best_lap=342.3
t=1791.6 route=2 laps=3 crashes=0 avg_out=214.6s avg_ret=254.0s avg_lap=480.2s best_lap=480.1
t=1791.6 route=3 laps=3 crashes=0 avg_out=241.9s avg_ret=261.8s avg_lap=515.7s best_lap=508.2
t=1791.6 route=4 laps=4 crashes=0 avg_out=199.8s avg_ret=168.1s avg_lap=379.9s best_lap=374.9
t=1791.6 route=5 laps=2 crashes=0 avg_out=294.7s avg_ret=254.8s avg_lap=560.6s best_lap=555.9
t=1791.7 route=6 laps=4 crashes=0 avg_out=179.3s avg_ret=159.3s avg_lap=350.6s best_lap=349.8
t=1791.7 route=7 laps=4 crashes=0 avg_out=198.5s avg_ret=157.8s avg_lap=368.3s best_lap=366.5
t=1791.7 route=8 laps=3 crashes=0 avg_out=185.1s avg_ret=188.0s avg_lap=384.9s best_lap=383.2
t=1791.7 TOTAL laps=27 crashes=0
t=1791.7 TUNER gen=0 results=27/64 pending=8 active=8 remaining=37 next_trial=36 rounds=[5,4,4,5,3,5,5,4]
t=1793.2 LAP_CAPTURE craft=Aircraft_9_nav_r8_29 route=8 return=190.0s lap=387.6s carrier_dist=200m t=1793.2
t=1812.4 SPAWN craft=Aircraft_9_nav_r8_36 route=8 candidate=4 trial=36 t=1812.4
t=1821.6 ==== SUMMARY t=1821.6 ====
t=1821.6 route=1 laps=4 crashes=0 avg_out=155.7s avg_ret=174.0s avg_lap=343.1s best_lap=342.3
t=1821.7 route=2 laps=3 crashes=0 avg_out=214.6s avg_ret=254.0s avg_lap=480.2s best_lap=480.1
t=1821.7 route=3 laps=3 crashes=0 avg_out=241.9s avg_ret=261.8s avg_lap=515.7s best_lap=508.2
t=1821.7 route=4 laps=4 crashes=0 avg_out=199.8s avg_ret=168.1s avg_lap=379.9s best_lap=374.9
t=1821.7 route=5 laps=2 crashes=0 avg_out=294.7s avg_ret=254.8s avg_lap=560.6s best_lap=555.9
t=1821.7 route=6 laps=4 crashes=0 avg_out=179.3s avg_ret=159.3s avg_lap=350.6s best_lap=349.8
t=1821.7 route=7 laps=4 crashes=0 avg_out=198.5s avg_ret=157.8s avg_lap=368.3s best_lap=366.5
t=1821.7 route=8 laps=4 crashes=0 avg_out=185.1s avg_ret=188.5s avg_lap=385.6s best_lap=383.2
t=1821.7 TOTAL laps=28 crashes=0
t=1821.7 TUNER gen=0 results=28/64 pending=8 active=8 remaining=36 next_trial=37 rounds=[5,4,4,5,3,5,5,5]
t=1827.8 LAP_CAPTURE craft=Aircraft_9_nav_r1_30 route=1 return=184.7s lap=347.1s carrier_dist=200m t=1827.8
t=1835.9 LZ_REACHED craft=Aircraft_9_nav_r6_32 route=6 outbound=179.4s t=1835.9
t=1837.0 LAP_CAPTURE craft=Aircraft_9_nav_r5_25 route=5 return=258.4s lap=567.1s carrier_dist=200m t=1837.0
t=1846.7 LAUNCH_BLOCKED reason=deck_busy active=7 stored=1 no_active_s=0.0 state=AIRCRAFT_ON_DECK tractor_cleanup=false elevator_transfer=false deck=Aircraft_9_nav_r1_37 pending=none clearance=none queue=0
t=1847.5 SPAWN craft=Aircraft_9_nav_r1_37 route=1 candidate=6 trial=37 t=1847.5
t=1851.6 ==== SUMMARY t=1851.6 ====
t=1851.6 route=1 laps=5 crashes=0 avg_out=155.7s avg_ret=176.2s avg_lap=343.9s best_lap=342.3
t=1851.7 route=2 laps=3 crashes=0 avg_out=214.6s avg_ret=254.0s avg_lap=480.2s best_lap=480.1
t=1851.7 route=3 laps=3 crashes=0 avg_out=241.9s avg_ret=261.8s avg_lap=515.7s best_lap=508.2
t=1851.7 route=4 laps=4 crashes=0 avg_out=199.8s avg_ret=168.1s avg_lap=379.9s best_lap=374.9
t=1851.7 route=5 laps=3 crashes=0 avg_out=294.7s avg_ret=256.0s avg_lap=562.8s best_lap=555.9
t=1851.7 route=6 laps=4 crashes=0 avg_out=179.3s avg_ret=159.3s avg_lap=350.6s best_lap=349.8
t=1851.7 route=7 laps=4 crashes=0 avg_out=198.5s avg_ret=157.8s avg_lap=368.3s best_lap=366.5
t=1851.7 route=8 laps=4 crashes=0 avg_out=185.1s avg_ret=188.5s avg_lap=385.6s best_lap=383.2
t=1851.7 TOTAL laps=30 crashes=0
t=1851.7 TUNER gen=0 results=30/64 pending=7 active=7 remaining=34 next_trial=38 rounds=[6,4,4,5,3,5,5,5]
t=1867.6 SPAWN craft=Aircraft_9_nav_r5_38 route=5 candidate=8 trial=38 t=1867.6
t=1881.7 ==== SUMMARY t=1881.7 ====
t=1881.7 route=1 laps=5 crashes=0 avg_out=155.7s avg_ret=176.2s avg_lap=343.9s best_lap=342.3
t=1881.7 route=2 laps=3 crashes=0 avg_out=214.6s avg_ret=254.0s avg_lap=480.2s best_lap=480.1
t=1881.7 route=3 laps=3 crashes=0 avg_out=241.9s avg_ret=261.8s avg_lap=515.7s best_lap=508.2
t=1881.7 route=4 laps=4 crashes=0 avg_out=199.8s avg_ret=168.1s avg_lap=379.9s best_lap=374.9
t=1881.7 route=5 laps=3 crashes=0 avg_out=294.7s avg_ret=256.0s avg_lap=562.8s best_lap=555.9
t=1881.8 route=6 laps=4 crashes=0 avg_out=179.3s avg_ret=159.3s avg_lap=350.6s best_lap=349.8
t=1881.8 route=7 laps=4 crashes=0 avg_out=198.5s avg_ret=157.8s avg_lap=368.3s best_lap=366.5
t=1881.8 route=8 laps=4 crashes=0 avg_out=185.1s avg_ret=188.5s avg_lap=385.6s best_lap=383.2
t=1881.8 TOTAL laps=30 crashes=0
t=1881.8 TUNER gen=0 results=30/64 pending=8 active=8 remaining=34 next_trial=39 rounds=[6,4,4,5,4,5,5,5]
t=1911.7 ==== SUMMARY t=1911.7 ====
t=1911.7 route=1 laps=5 crashes=0 avg_out=155.7s avg_ret=176.2s avg_lap=343.9s best_lap=342.3
t=1911.7 route=2 laps=3 crashes=0 avg_out=214.6s avg_ret=254.0s avg_lap=480.2s best_lap=480.1
t=1911.8 route=3 laps=3 crashes=0 avg_out=241.9s avg_ret=261.8s avg_lap=515.7s best_lap=508.2
t=1911.8 route=4 laps=4 crashes=0 avg_out=199.8s avg_ret=168.1s avg_lap=379.9s best_lap=374.9
t=1911.8 route=5 laps=3 crashes=0 avg_out=294.7s avg_ret=256.0s avg_lap=562.8s best_lap=555.9
t=1911.8 route=6 laps=4 crashes=0 avg_out=179.3s avg_ret=159.3s avg_lap=350.6s best_lap=349.8
t=1911.8 route=7 laps=4 crashes=0 avg_out=198.5s avg_ret=157.8s avg_lap=368.3s best_lap=366.5
t=1911.8 route=8 laps=4 crashes=0 avg_out=185.1s avg_ret=188.5s avg_lap=385.6s best_lap=383.2
t=1911.8 TOTAL laps=30 crashes=0
t=1911.8 TUNER gen=0 results=30/64 pending=8 active=8 remaining=34 next_trial=39 rounds=[6,4,4,5,4,5,5,5]
t=1913.0 LZ_REACHED craft=Aircraft_9_nav_r4_34 route=4 outbound=201.0s t=1913.0
t=1926.7 LZ_REACHED craft=Aircraft_9_nav_r3_33 route=3 outbound=245.0s t=1926.7
t=1930.4 LZ_REACHED craft=Aircraft_9_nav_r7_35 route=7 outbound=198.3s t=1930.4
t=1941.8 ==== SUMMARY t=1941.8 ====
t=1941.8 route=1 laps=5 crashes=0 avg_out=155.7s avg_ret=176.2s avg_lap=343.9s best_lap=342.3
t=1941.8 route=2 laps=3 crashes=0 avg_out=214.6s avg_ret=254.0s avg_lap=480.2s best_lap=480.1
t=1941.9 route=3 laps=3 crashes=0 avg_out=242.7s avg_ret=261.8s avg_lap=515.7s best_lap=508.2
t=1941.9 route=4 laps=4 crashes=0 avg_out=200.0s avg_ret=168.1s avg_lap=379.9s best_lap=374.9
t=1941.9 route=5 laps=3 crashes=0 avg_out=294.7s avg_ret=256.0s avg_lap=562.8s best_lap=555.9
t=1941.9 route=6 laps=4 crashes=0 avg_out=179.3s avg_ret=159.3s avg_lap=350.6s best_lap=349.8
t=1941.9 route=7 laps=4 crashes=0 avg_out=198.4s avg_ret=157.8s avg_lap=368.3s best_lap=366.5
t=1941.9 route=8 laps=4 crashes=0 avg_out=185.1s avg_ret=188.5s avg_lap=385.6s best_lap=383.2
t=1941.9 TOTAL laps=30 crashes=0
t=1941.9 TUNER gen=0 results=30/64 pending=8 active=8 remaining=34 next_trial=39 rounds=[6,4,4,5,4,5,5,5]
t=1971.8 ==== SUMMARY t=1971.8 ====
t=1971.9 route=1 laps=5 crashes=0 avg_out=155.7s avg_ret=176.2s avg_lap=343.9s best_lap=342.3
t=1971.9 route=2 laps=3 crashes=0 avg_out=214.6s avg_ret=254.0s avg_lap=480.2s best_lap=480.1
t=1971.9 route=3 laps=3 crashes=0 avg_out=242.7s avg_ret=261.8s avg_lap=515.7s best_lap=508.2
t=1971.9 route=4 laps=4 crashes=0 avg_out=200.0s avg_ret=168.1s avg_lap=379.9s best_lap=374.9
t=1971.9 route=5 laps=3 crashes=0 avg_out=294.7s avg_ret=256.0s avg_lap=562.8s best_lap=555.9
t=1971.9 route=6 laps=4 crashes=0 avg_out=179.3s avg_ret=159.3s avg_lap=350.6s best_lap=349.8
t=1971.9 route=7 laps=4 crashes=0 avg_out=198.4s avg_ret=157.8s avg_lap=368.3s best_lap=366.5
t=1971.9 route=8 laps=4 crashes=0 avg_out=185.1s avg_ret=188.5s avg_lap=385.6s best_lap=383.2
t=1971.9 TOTAL laps=30 crashes=0
t=1971.9 TUNER gen=0 results=30/64 pending=8 active=8 remaining=34 next_trial=39 rounds=[6,4,4,5,4,5,5,5]
t=1999.3 LZ_REACHED craft=Aircraft_9_nav_r8_36 route=8 outbound=186.9s t=1999.3
t=2001.9 ==== SUMMARY t=2001.9 ====
t=2001.9 route=1 laps=5 crashes=0 avg_out=155.7s avg_ret=176.2s avg_lap=343.9s best_lap=342.3
t=2001.9 route=2 laps=3 crashes=0 avg_out=214.6s avg_ret=254.0s avg_lap=480.2s best_lap=480.1
t=2001.9 route=3 laps=3 crashes=0 avg_out=242.7s avg_ret=261.8s avg_lap=515.7s best_lap=508.2
t=2001.9 route=4 laps=4 crashes=0 avg_out=200.0s avg_ret=168.1s avg_lap=379.9s best_lap=374.9
t=2001.9 route=5 laps=3 crashes=0 avg_out=294.7s avg_ret=256.0s avg_lap=562.8s best_lap=555.9
t=2001.9 route=6 laps=4 crashes=0 avg_out=179.3s avg_ret=159.3s avg_lap=350.6s best_lap=349.8
t=2001.9 route=7 laps=4 crashes=0 avg_out=198.4s avg_ret=157.8s avg_lap=368.3s best_lap=366.5
t=2001.9 route=8 laps=4 crashes=0 avg_out=185.5s avg_ret=188.5s avg_lap=385.6s best_lap=383.2
t=2001.9 TOTAL laps=30 crashes=0
t=2001.9 TUNER gen=0 results=30/64 pending=8 active=8 remaining=34 next_trial=39 rounds=[6,4,4,5,4,5,5,5]
t=2004.4 LZ_REACHED craft=Aircraft_9_nav_r1_37 route=1 outbound=156.9s t=2004.4
t=2008.4 LAP_CAPTURE craft=Aircraft_9_nav_r6_32 route=6 return=160.4s lap=351.9s carrier_dist=200m t=2008.4
t=2026.0 LAP_CAPTURE craft=Aircraft_9_nav_r2_31 route=2 return=226.9s lap=454.8s carrier_dist=200m t=2026.0
t=2028.4 SPAWN craft=Aircraft_9_nav_r6_39 route=6 candidate=3 trial=39 t=2028.4
t=2032.0 ==== SUMMARY t=2032.0 ====
t=2032.0 route=1 laps=5 crashes=0 avg_out=155.9s avg_ret=176.2s avg_lap=343.9s best_lap=342.3
t=2032.0 route=2 laps=4 crashes=0 avg_out=214.6s avg_ret=247.2s avg_lap=473.9s best_lap=454.8
t=2032.0 route=3 laps=3 crashes=0 avg_out=242.7s avg_ret=261.8s avg_lap=515.7s best_lap=508.2
t=2032.0 route=4 laps=4 crashes=0 avg_out=200.0s avg_ret=168.1s avg_lap=379.9s best_lap=374.9
t=2032.0 route=5 laps=3 crashes=0 avg_out=294.7s avg_ret=256.0s avg_lap=562.8s best_lap=555.9
t=2032.0 route=6 laps=5 crashes=0 avg_out=179.3s avg_ret=159.5s avg_lap=350.9s best_lap=349.8
t=2032.0 route=7 laps=4 crashes=0 avg_out=198.4s avg_ret=157.8s avg_lap=368.3s best_lap=366.5
t=2032.0 route=8 laps=4 crashes=0 avg_out=185.5s avg_ret=188.5s avg_lap=385.6s best_lap=383.2
t=2032.0 TOTAL laps=32 crashes=0
t=2032.0 TUNER gen=0 results=32/64 pending=7 active=7 remaining=32 next_trial=40 rounds=[6,4,4,5,4,6,5,5]
t=2032.6 LAUNCH_BLOCKED reason=cleared_unready_nav_deck_aircraft active=7 stored=1 no_active_s=0.0 state=IDLE tractor_cleanup=false elevator_transfer=false deck=Aircraft_9_nav_r6_39 pending=none clearance=none queue=0
t=2048.4 SPAWN craft=Aircraft_9_nav_r2_40 route=2 candidate=6 trial=40 t=2048.4
t=2062.1 ==== SUMMARY t=2062.1 ====
t=2062.1 route=1 laps=5 crashes=0 avg_out=155.9s avg_ret=176.2s avg_lap=343.9s best_lap=342.3
t=2062.1 route=2 laps=4 crashes=0 avg_out=214.6s avg_ret=247.2s avg_lap=473.9s best_lap=454.8
t=2062.1 route=3 laps=3 crashes=0 avg_out=242.7s avg_ret=261.8s avg_lap=515.7s best_lap=508.2
t=2062.1 route=4 laps=4 crashes=0 avg_out=200.0s avg_ret=168.1s avg_lap=379.9s best_lap=374.9
t=2062.1 route=5 laps=3 crashes=0 avg_out=294.7s avg_ret=256.0s avg_lap=562.8s best_lap=555.9
t=2062.1 route=6 laps=5 crashes=0 avg_out=179.3s avg_ret=159.5s avg_lap=350.9s best_lap=349.8
t=2062.1 route=7 laps=4 crashes=0 avg_out=198.4s avg_ret=157.8s avg_lap=368.3s best_lap=366.5
t=2062.1 route=8 laps=4 crashes=0 avg_out=185.5s avg_ret=188.5s avg_lap=385.6s best_lap=383.2
t=2062.1 TOTAL laps=32 crashes=0
t=2062.1 TUNER gen=0 results=32/64 pending=8 active=8 remaining=32 next_trial=41 rounds=[6,5,4,5,4,6,5,5]
t=2092.1 ==== SUMMARY t=2092.1 ====
t=2092.1 route=1 laps=5 crashes=0 avg_out=155.9s avg_ret=176.2s avg_lap=343.9s best_lap=342.3
t=2092.1 route=2 laps=4 crashes=0 avg_out=214.6s avg_ret=247.2s avg_lap=473.9s best_lap=454.8
t=2092.1 route=3 laps=3 crashes=0 avg_out=242.7s avg_ret=261.8s avg_lap=515.7s best_lap=508.2
t=2092.1 route=4 laps=4 crashes=0 avg_out=200.0s avg_ret=168.1s avg_lap=379.9s best_lap=374.9
t=2092.1 route=5 laps=3 crashes=0 avg_out=294.7s avg_ret=256.0s avg_lap=562.8s best_lap=555.9
t=2092.1 route=6 laps=5 crashes=0 avg_out=179.3s avg_ret=159.5s avg_lap=350.9s best_lap=349.8
t=2092.1 route=7 laps=4 crashes=0 avg_out=198.4s avg_ret=157.8s avg_lap=368.3s best_lap=366.5
t=2092.1 route=8 laps=4 crashes=0 avg_out=185.5s avg_ret=188.5s avg_lap=385.6s best_lap=383.2
t=2092.1 TOTAL laps=32 crashes=0
t=2092.2 TUNER gen=0 results=32/64 pending=8 active=8 remaining=32 next_trial=41 rounds=[6,5,4,5,4,6,5,5]
t=2092.5 LAP_CAPTURE craft=Aircraft_9_nav_r4_34 route=4 return=167.5s lap=380.6s carrier_dist=200m t=2092.5
t=2100.5 LAP_CAPTURE craft=Aircraft_9_nav_r7_35 route=7 return=158.0s lap=368.4s carrier_dist=200m t=2100.5
t=2107.9 LAUNCH_BLOCKED reason=deck_busy active=7 stored=1 no_active_s=0.0 state=AIRCRAFT_ON_DECK tractor_cleanup=false elevator_transfer=false deck=Aircraft_9_nav_r4_41 pending=none clearance=none queue=0
t=2108.8 SPAWN craft=Aircraft_9_nav_r4_41 route=4 candidate=1 trial=41 t=2108.8
t=2122.2 ==== SUMMARY t=2122.2 ====
t=2122.2 route=1 laps=5 crashes=0 avg_out=155.9s avg_ret=176.2s avg_lap=343.9s best_lap=342.3
t=2122.2 route=2 laps=4 crashes=0 avg_out=214.6s avg_ret=247.2s avg_lap=473.9s best_lap=454.8
t=2122.2 route=3 laps=3 crashes=0 avg_out=242.7s avg_ret=261.8s avg_lap=515.7s best_lap=508.2
t=2122.2 route=4 laps=5 crashes=0 avg_out=200.0s avg_ret=168.0s avg_lap=380.0s best_lap=374.9
t=2122.2 route=5 laps=3 crashes=0 avg_out=294.7s avg_ret=256.0s avg_lap=562.8s best_lap=555.9
t=2122.2 route=6 laps=5 crashes=0 avg_out=179.3s avg_ret=159.5s avg_lap=350.9s best_lap=349.8
t=2122.2 route=7 laps=5 crashes=0 avg_out=198.4s avg_ret=157.8s avg_lap=368.3s best_lap=366.5
t=2122.2 route=8 laps=4 crashes=0 avg_out=185.5s avg_ret=188.5s avg_lap=385.6s best_lap=383.2
t=2122.2 TOTAL laps=34 crashes=0
t=2122.2 TUNER gen=0 results=34/64 pending=8 active=8 remaining=30 next_trial=43 rounds=[6,5,4,6,4,6,6,5]
t=2129.0 SPAWN craft=Aircraft_9_nav_r7_42 route=7 candidate=4 trial=42 t=2129.0
t=2152.3 ==== SUMMARY t=2152.3 ====
t=2152.3 route=1 laps=5 crashes=0 avg_out=155.9s avg_ret=176.2s avg_lap=343.9s best_lap=342.3
t=2152.3 route=2 laps=4 crashes=0 avg_out=214.6s avg_ret=247.2s avg_lap=473.9s best_lap=454.8
t=2152.3 route=3 laps=3 crashes=0 avg_out=242.7s avg_ret=261.8s avg_lap=515.7s best_lap=508.2
t=2152.3 route=4 laps=5 crashes=0 avg_out=200.0s avg_ret=168.0s avg_lap=380.0s best_lap=374.9
t=2152.3 route=5 laps=3 crashes=0 avg_out=294.7s avg_ret=256.0s avg_lap=562.8s best_lap=555.9
t=2152.3 route=6 laps=5 crashes=0 avg_out=179.3s avg_ret=159.5s avg_lap=350.9s best_lap=349.8
t=2152.3 route=7 laps=5 crashes=0 avg_out=198.4s avg_ret=157.8s avg_lap=368.3s best_lap=366.5
t=2152.3 route=8 laps=4 crashes=0 avg_out=185.5s avg_ret=188.5s avg_lap=385.6s best_lap=383.2
t=2152.3 TOTAL laps=34 crashes=0
t=2152.3 TUNER gen=0 results=34/64 pending=8 active=8 remaining=30 next_trial=43 rounds=[6,5,4,6,4,6,6,5]
t=2163.1 LZ_REACHED craft=Aircraft_9_nav_r5_38 route=5 outbound=295.5s t=2163.1
t=2182.3 ==== SUMMARY t=2182.3 ====
t=2182.3 route=1 laps=5 crashes=0 avg_out=155.9s avg_ret=176.2s avg_lap=343.9s best_lap=342.3
t=2182.4 route=2 laps=4 crashes=0 avg_out=214.6s avg_ret=247.2s avg_lap=473.9s best_lap=454.8
t=2182.4 route=3 laps=3 crashes=0 avg_out=242.7s avg_ret=261.8s avg_lap=515.7s best_lap=508.2
t=2182.4 route=4 laps=5 crashes=0 avg_out=200.0s avg_ret=168.0s avg_lap=380.0s best_lap=374.9
t=2182.4 route=5 laps=3 crashes=0 avg_out=294.9s avg_ret=256.0s avg_lap=562.8s best_lap=555.9
t=2182.4 route=6 laps=5 crashes=0 avg_out=179.3s avg_ret=159.5s avg_lap=350.9s best_lap=349.8
t=2182.4 route=7 laps=5 crashes=0 avg_out=198.4s avg_ret=157.8s avg_lap=368.3s best_lap=366.5
t=2182.4 route=8 laps=4 crashes=0 avg_out=185.5s avg_ret=188.5s avg_lap=385.6s best_lap=383.2
t=2182.4 TOTAL laps=34 crashes=0
t=2182.4 TUNER gen=0 results=34/64 pending=8 active=8 remaining=30 next_trial=43 rounds=[6,5,4,6,4,6,6,5]
t=2191.5 LAP_CAPTURE craft=Aircraft_9_nav_r1_37 route=1 return=175.0s lap=344.0s carrier_dist=200m t=2191.5
t=2198.4 LAUNCH_BLOCKED reason=landing_or_storage_busy active=7 stored=1 no_active_s=0.0 state=IDLE tractor_cleanup=false elevator_transfer=false deck=Aircraft_9_nav_r7_42 pending=none clearance=Aircraft_9_nav_r8_36 queue=0
t=2207.6 LZ_REACHED craft=Aircraft_9_nav_r6_39 route=6 outbound=179.2s t=2207.6
t=2208.2 LAP_CAPTURE craft=Aircraft_9_nav_r3_33 route=3 return=269.5s lap=526.5s carrier_dist=200m t=2208.2
t=2212.3 ==== SUMMARY t=2212.3 ====
t=2212.4 route=1 laps=6 crashes=0 avg_out=155.9s avg_ret=176.0s avg_lap=343.9s best_lap=342.3
t=2212.4 route=2 laps=4 crashes=0 avg_out=214.6s avg_ret=247.2s avg_lap=473.9s best_lap=454.8
t=2212.4 route=3 laps=4 crashes=0 avg_out=242.7s avg_ret=263.7s avg_lap=518.4s best_lap=508.2
t=2212.4 route=4 laps=5 crashes=0 avg_out=200.0s avg_ret=168.0s avg_lap=380.0s best_lap=374.9
t=2212.4 route=5 laps=3 crashes=0 avg_out=294.9s avg_ret=256.0s avg_lap=562.8s best_lap=555.9
t=2212.4 route=6 laps=5 crashes=0 avg_out=179.3s avg_ret=159.5s avg_lap=350.9s best_lap=349.8
t=2212.4 route=7 laps=5 crashes=0 avg_out=198.4s avg_ret=157.8s avg_lap=368.3s best_lap=366.5
t=2212.4 route=8 laps=4 crashes=0 avg_out=185.5s avg_ret=188.5s avg_lap=385.6s best_lap=383.2
t=2212.4 TOTAL laps=36 crashes=0
t=2212.4 TUNER gen=0 results=36/64 pending=6 active=6 remaining=28 next_trial=43 rounds=[6,5,4,6,4,6,6,5]
t=2213.4 LAUNCH_BLOCKED reason=landing_or_storage_busy active=6 stored=2 no_active_s=0.0 state=IDLE tractor_cleanup=false elevator_transfer=false deck=Aircraft_9_nav_r7_42 pending=none clearance=Aircraft_9_nav_r8_36 queue=0
t=2228.5 LAUNCH_BLOCKED reason=landing_or_storage_busy active=6 stored=2 no_active_s=0.0 state=IDLE tractor_cleanup=false elevator_transfer=false deck=Aircraft_9_nav_r7_42 pending=none clearance=Aircraft_9_nav_r8_36 queue=0
t=2242.4 ==== SUMMARY t=2242.4 ====
t=2242.4 route=1 laps=6 crashes=0 avg_out=155.9s avg_ret=176.0s avg_lap=343.9s best_lap=342.3
t=2242.4 route=2 laps=4 crashes=0 avg_out=214.6s avg_ret=247.2s avg_lap=473.9s best_lap=454.8
t=2242.4 route=3 laps=4 crashes=0 avg_out=242.7s avg_ret=263.7s avg_lap=518.4s best_lap=508.2
t=2242.4 route=4 laps=5 crashes=0 avg_out=200.0s avg_ret=168.0s avg_lap=380.0s best_lap=374.9
t=2242.4 route=5 laps=3 crashes=0 avg_out=294.9s avg_ret=256.0s avg_lap=562.8s best_lap=555.9
t=2242.4 route=6 laps=5 crashes=0 avg_out=179.3s avg_ret=159.5s avg_lap=350.9s best_lap=349.8
t=2242.4 route=7 laps=5 crashes=0 avg_out=198.4s avg_ret=157.8s avg_lap=368.3s best_lap=366.5
t=2242.4 route=8 laps=4 crashes=0 avg_out=185.5s avg_ret=188.5s avg_lap=385.6s best_lap=383.2
t=2242.4 TOTAL laps=36 crashes=0
t=2242.4 TUNER gen=0 results=36/64 pending=6 active=6 remaining=28 next_trial=43 rounds=[6,5,4,6,4,6,6,5]
t=2243.5 LAUNCH_BLOCKED reason=landing_or_storage_busy active=6 stored=2 no_active_s=0.0 state=IDLE tractor_cleanup=false elevator_transfer=false deck=Aircraft_9_nav_r7_42 pending=none clearance=Aircraft_9_nav_r8_36 queue=0
t=2258.6 LAUNCH_BLOCKED reason=landing_or_storage_busy active=6 stored=2 no_active_s=0.0 state=IDLE tractor_cleanup=false elevator_transfer=false deck=Aircraft_9_nav_r7_42 pending=none clearance=Aircraft_9_nav_r8_36 queue=0
t=2262.6 LZ_REACHED craft=Aircraft_9_nav_r2_40 route=2 outbound=214.2s t=2262.6
t=2272.4 ==== SUMMARY t=2272.4 ====
t=2272.4 route=1 laps=6 crashes=0 avg_out=155.9s avg_ret=176.0s avg_lap=343.9s best_lap=342.3
t=2272.4 route=2 laps=4 crashes=0 avg_out=214.5s avg_ret=247.2s avg_lap=473.9s best_lap=454.8
t=2272.4 route=3 laps=4 crashes=0 avg_out=242.7s avg_ret=263.7s avg_lap=518.4s best_lap=508.2
t=2272.4 route=4 laps=5 crashes=0 avg_out=200.0s avg_ret=168.0s avg_lap=380.0s best_lap=374.9
t=2272.4 route=5 laps=3 crashes=0 avg_out=294.9s avg_ret=256.0s avg_lap=562.8s best_lap=555.9
t=2272.4 route=6 laps=5 crashes=0 avg_out=179.3s avg_ret=159.5s avg_lap=350.9s best_lap=349.8
t=2272.4 route=7 laps=5 crashes=0 avg_out=198.4s avg_ret=157.8s avg_lap=368.3s best_lap=366.5
t=2272.4 route=8 laps=4 crashes=0 avg_out=185.5s avg_ret=188.5s avg_lap=385.6s best_lap=383.2
t=2272.5 TOTAL laps=36 crashes=0
t=2272.5 TUNER gen=0 results=36/64 pending=6 active=6 remaining=28 next_trial=43 rounds=[6,5,4,6,4,6,6,5]
t=2273.6 LAUNCH_BLOCKED reason=landing_or_storage_busy active=6 stored=2 no_active_s=0.0 state=IDLE tractor_cleanup=false elevator_transfer=false deck=Aircraft_9_nav_r7_42 pending=none clearance=Aircraft_9_nav_r8_36 queue=0
t=2288.7 LAUNCH_BLOCKED reason=landing_or_storage_busy active=6 stored=2 no_active_s=0.0 state=IDLE tractor_cleanup=false elevator_transfer=false deck=Aircraft_9_nav_r7_42 pending=none clearance=Aircraft_9_nav_r8_36 queue=0
t=2302.4 ==== SUMMARY t=2302.4 ====
t=2302.4 route=1 laps=6 crashes=0 avg_out=155.9s avg_ret=176.0s avg_lap=343.9s best_lap=342.3
t=2302.4 route=2 laps=4 crashes=0 avg_out=214.5s avg_ret=247.2s avg_lap=473.9s best_lap=454.8
t=2302.4 route=3 laps=4 crashes=0 avg_out=242.7s avg_ret=263.7s avg_lap=518.4s best_lap=508.2
t=2302.4 route=4 laps=5 crashes=0 avg_out=200.0s avg_ret=168.0s avg_lap=380.0s best_lap=374.9
t=2302.4 route=5 laps=3 crashes=0 avg_out=294.9s avg_ret=256.0s avg_lap=562.8s best_lap=555.9
t=2302.4 route=6 laps=5 crashes=0 avg_out=179.3s avg_ret=159.5s avg_lap=350.9s best_lap=349.8
t=2302.4 route=7 laps=5 crashes=0 avg_out=198.4s avg_ret=157.8s avg_lap=368.3s best_lap=366.5
t=2302.4 route=8 laps=4 crashes=0 avg_out=185.5s avg_ret=188.5s avg_lap=385.6s best_lap=383.2
t=2302.5 TOTAL laps=36 crashes=0
t=2302.5 TUNER gen=0 results=36/64 pending=6 active=6 remaining=28 next_trial=43 rounds=[6,5,4,6,4,6,6,5]
t=2303.7 LAUNCH_BLOCKED reason=landing_or_storage_busy active=6 stored=2 no_active_s=0.0 state=IDLE tractor_cleanup=false elevator_transfer=false deck=Aircraft_9_nav_r7_42 pending=none clearance=Aircraft_9_nav_r8_36 queue=0
t=2309.3 LZ_REACHED craft=Aircraft_9_nav_r4_41 route=4 outbound=200.5s t=2309.3
t=2318.8 LAUNCH_BLOCKED reason=landing_or_storage_busy active=6 stored=2 no_active_s=0.0 state=IDLE tractor_cleanup=false elevator_transfer=false deck=Aircraft_9_nav_r7_42 pending=none clearance=Aircraft_9_nav_r8_36 queue=0
t=2326.9 LZ_REACHED craft=Aircraft_9_nav_r7_42 route=7 outbound=197.9s t=2326.9
t=2332.5 ==== SUMMARY t=2332.5 ====
t=2332.5 route=1 laps=6 crashes=0 avg_out=155.9s avg_ret=176.0s avg_lap=343.9s best_lap=342.3
t=2332.5 route=2 laps=4 crashes=0 avg_out=214.5s avg_ret=247.2s avg_lap=473.9s best_lap=454.8
t=2332.5 route=3 laps=4 crashes=0 avg_out=242.7s avg_ret=263.7s avg_lap=518.4s best_lap=508.2
t=2332.5 route=4 laps=5 crashes=0 avg_out=200.1s avg_ret=168.0s avg_lap=380.0s best_lap=374.9
t=2332.5 route=5 laps=3 crashes=0 avg_out=294.9s avg_ret=256.0s avg_lap=562.8s best_lap=555.9
t=2332.5 route=6 laps=5 crashes=0 avg_out=179.3s avg_ret=159.5s avg_lap=350.9s best_lap=349.8
t=2332.5 route=7 laps=5 crashes=0 avg_out=198.4s avg_ret=157.8s avg_lap=368.3s best_lap=366.5
t=2332.5 route=8 laps=4 crashes=0 avg_out=185.5s avg_ret=188.5s avg_lap=385.6s best_lap=383.2
t=2332.5 TOTAL laps=36 crashes=0
t=2332.5 TUNER gen=0 results=36/64 pending=6 active=6 remaining=28 next_trial=43 rounds=[6,5,4,6,4,6,6,5]
t=2333.9 LAUNCH_BLOCKED reason=landing_or_storage_busy active=6 stored=2 no_active_s=0.0 state=IDLE tractor_cleanup=false elevator_transfer=false deck=Aircraft_9_nav_r7_42 pending=none clearance=Aircraft_9_nav_r8_36 queue=0
t=2348.9 LAUNCH_BLOCKED reason=landing_or_storage_busy active=6 stored=2 no_active_s=0.0 state=IDLE tractor_cleanup=false elevator_transfer=false deck=Aircraft_9_nav_r7_42 pending=none clearance=Aircraft_9_nav_r8_36 queue=0
t=2362.5 ==== SUMMARY t=2362.5 ====
t=2362.5 route=1 laps=6 crashes=0 avg_out=155.9s avg_ret=176.0s avg_lap=343.9s best_lap=342.3
t=2362.5 route=2 laps=4 crashes=0 avg_out=214.5s avg_ret=247.2s avg_lap=473.9s best_lap=454.8
t=2362.5 route=3 laps=4 crashes=0 avg_out=242.7s avg_ret=263.7s avg_lap=518.4s best_lap=508.2
t=2362.5 route=4 laps=5 crashes=0 avg_out=200.1s avg_ret=168.0s avg_lap=380.0s best_lap=374.9
t=2362.5 route=5 laps=3 crashes=0 avg_out=294.9s avg_ret=256.0s avg_lap=562.8s best_lap=555.9
t=2362.5 route=6 laps=5 crashes=0 avg_out=179.3s avg_ret=159.5s avg_lap=350.9s best_lap=349.8
t=2362.5 route=7 laps=5 crashes=0 avg_out=198.4s avg_ret=157.8s avg_lap=368.3s best_lap=366.5
t=2362.5 route=8 laps=4 crashes=0 avg_out=185.5s avg_ret=188.5s avg_lap=385.6s best_lap=383.2
t=2362.5 TOTAL laps=36 crashes=0
t=2362.5 TUNER gen=0 results=36/64 pending=6 active=6 remaining=28 next_trial=43 rounds=[6,5,4,6,4,6,6,5]
t=2364.0 LAUNCH_BLOCKED reason=landing_or_storage_busy active=6 stored=2 no_active_s=0.0 state=IDLE tractor_cleanup=false elevator_transfer=false deck=Aircraft_9_nav_r7_42 pending=none clearance=Aircraft_9_nav_r8_36 queue=0
t=2378.3 LAP_CAPTURE craft=Aircraft_9_nav_r6_39 route=6 return=158.7s lap=349.9s carrier_dist=200m t=2378.2
t=2379.0 LAUNCH_BLOCKED reason=landing_or_storage_busy active=5 stored=2 no_active_s=0.0 state=IDLE tractor_cleanup=false elevator_transfer=false deck=Aircraft_9_nav_r7_42 pending=none clearance=Aircraft_9_nav_r8_36 queue=0
t=2392.5 ==== SUMMARY t=2392.5 ====
t=2392.5 route=1 laps=6 crashes=0 avg_out=155.9s avg_ret=176.0s avg_lap=343.9s best_lap=342.3
t=2392.5 route=2 laps=4 crashes=0 avg_out=214.5s avg_ret=247.2s avg_lap=473.9s best_lap=454.8
t=2392.5 route=3 laps=4 crashes=0 avg_out=242.7s avg_ret=263.7s avg_lap=518.4s best_lap=508.2
t=2392.5 route=4 laps=5 crashes=0 avg_out=200.1s avg_ret=168.0s avg_lap=380.0s best_lap=374.9
t=2392.5 route=5 laps=3 crashes=0 avg_out=294.9s avg_ret=256.0s avg_lap=562.8s best_lap=555.9
t=2392.5 route=6 laps=6 crashes=0 avg_out=179.3s avg_ret=159.4s avg_lap=350.7s best_lap=349.8
t=2392.5 route=7 laps=5 crashes=0 avg_out=198.4s avg_ret=157.8s avg_lap=368.3s best_lap=366.5
t=2392.5 route=8 laps=4 crashes=0 avg_out=185.5s avg_ret=188.5s avg_lap=385.6s best_lap=383.2
t=2392.5 TOTAL laps=37 crashes=0
t=2392.5 TUNER gen=0 results=37/64 pending=5 active=5 remaining=27 next_trial=43 rounds=[6,5,4,6,4,6,6,5]
t=2394.1 LAUNCH_BLOCKED reason=landing_or_storage_busy active=5 stored=3 no_active_s=0.0 state=IDLE tractor_cleanup=false elevator_transfer=false deck=Aircraft_9_nav_r7_42 pending=none clearance=Aircraft_9_nav_r8_36 queue=0
t=2409.1 LAUNCH_BLOCKED reason=landing_or_storage_busy active=5 stored=3 no_active_s=0.0 state=IDLE tractor_cleanup=false elevator_transfer=false deck=Aircraft_9_nav_r7_42 pending=none clearance=Aircraft_9_nav_r8_36 queue=0
t=2422.5 ==== SUMMARY t=2422.5 ====
t=2422.5 route=1 laps=6 crashes=0 avg_out=155.9s avg_ret=176.0s avg_lap=343.9s best_lap=342.3
t=2422.5 route=2 laps=4 crashes=0 avg_out=214.5s avg_ret=247.2s avg_lap=473.9s best_lap=454.8
t=2422.5 route=3 laps=4 crashes=0 avg_out=242.7s avg_ret=263.7s avg_lap=518.4s best_lap=508.2
t=2422.5 route=4 laps=5 crashes=0 avg_out=200.1s avg_ret=168.0s avg_lap=380.0s best_lap=374.9
t=2422.5 route=5 laps=3 crashes=0 avg_out=294.9s avg_ret=256.0s avg_lap=562.8s best_lap=555.9
t=2422.5 route=6 laps=6 crashes=0 avg_out=179.3s avg_ret=159.4s avg_lap=350.7s best_lap=349.8
t=2422.6 route=7 laps=5 crashes=0 avg_out=198.4s avg_ret=157.8s avg_lap=368.3s best_lap=366.5
t=2422.6 route=8 laps=4 crashes=0 avg_out=185.5s avg_ret=188.5s avg_lap=385.6s best_lap=383.2
t=2422.6 TOTAL laps=37 crashes=0
t=2422.6 TUNER gen=0 results=37/64 pending=5 active=5 remaining=27 next_trial=43 rounds=[6,5,4,6,4,6,6,5]
t=2424.1 LAUNCH_BLOCKED reason=landing_or_storage_busy active=5 stored=3 no_active_s=0.0 state=IDLE tractor_cleanup=false elevator_transfer=false deck=Aircraft_9_nav_r7_42 pending=none clearance=Aircraft_9_nav_r8_36 queue=0
t=2430.7 LAP_CAPTURE craft=Aircraft_9_nav_r5_38 route=5 return=255.6s lap=563.1s carrier_dist=200m t=2430.7
t=2439.2 LAUNCH_BLOCKED reason=landing_or_storage_busy active=4 stored=4 no_active_s=0.0 state=IDLE tractor_cleanup=false elevator_transfer=false deck=Aircraft_9_nav_r7_42 pending=none clearance=Aircraft_9_nav_r8_36 queue=0
t=2452.5 ==== SUMMARY t=2452.5 ====
t=2452.5 route=1 laps=6 crashes=0 avg_out=155.9s avg_ret=176.0s avg_lap=343.9s best_lap=342.3
t=2452.5 route=2 laps=4 crashes=0 avg_out=214.5s avg_ret=247.2s avg_lap=473.9s best_lap=454.8
t=2452.5 route=3 laps=4 crashes=0 avg_out=242.7s avg_ret=263.7s avg_lap=518.4s best_lap=508.2
t=2452.5 route=4 laps=5 crashes=0 avg_out=200.1s avg_ret=168.0s avg_lap=380.0s best_lap=374.9
t=2452.5 route=5 laps=4 crashes=0 avg_out=294.9s avg_ret=255.9s avg_lap=562.8s best_lap=555.9
t=2452.5 route=6 laps=6 crashes=0 avg_out=179.3s avg_ret=159.4s avg_lap=350.7s best_lap=349.8
t=2452.5 route=7 laps=5 crashes=0 avg_out=198.4s avg_ret=157.8s avg_lap=368.3s best_lap=366.5
t=2452.6 route=8 laps=4 crashes=0 avg_out=185.5s avg_ret=188.5s avg_lap=385.6s best_lap=383.2
t=2452.6 TOTAL laps=38 crashes=0
t=2452.6 TUNER gen=0 results=38/64 pending=4 active=4 remaining=26 next_trial=43 rounds=[6,5,4,6,4,6,6,5]
t=2454.3 LAUNCH_BLOCKED reason=landing_or_storage_busy active=4 stored=4 no_active_s=0.0 state=IDLE tractor_cleanup=false elevator_transfer=false deck=Aircraft_9_nav_r7_42 pending=none clearance=Aircraft_9_nav_r8_36 queue=0
t=2469.3 LAUNCH_BLOCKED reason=landing_or_storage_busy active=4 stored=4 no_active_s=0.0 state=IDLE tractor_cleanup=false elevator_transfer=false deck=Aircraft_9_nav_r7_42 pending=none clearance=Aircraft_9_nav_r8_36 queue=0
t=2482.5 ==== SUMMARY t=2482.5 ====
t=2482.5 route=1 laps=6 crashes=0 avg_out=155.9s avg_ret=176.0s avg_lap=343.9s best_lap=342.3
t=2482.5 route=2 laps=4 crashes=0 avg_out=214.5s avg_ret=247.2s avg_lap=473.9s best_lap=454.8
t=2482.5 route=3 laps=4 crashes=0 avg_out=242.7s avg_ret=263.7s avg_lap=518.4s best_lap=508.2
t=2482.6 route=4 laps=5 crashes=0 avg_out=200.1s avg_ret=168.0s avg_lap=380.0s best_lap=374.9
t=2482.6 route=5 laps=4 crashes=0 avg_out=294.9s avg_ret=255.9s avg_lap=562.8s best_lap=555.9
t=2482.6 route=6 laps=6 crashes=0 avg_out=179.3s avg_ret=159.4s avg_lap=350.7s best_lap=349.8
t=2482.6 route=7 laps=5 crashes=0 avg_out=198.4s avg_ret=157.8s avg_lap=368.3s best_lap=366.5
t=2482.6 route=8 laps=4 crashes=0 avg_out=185.5s avg_ret=188.5s avg_lap=385.6s best_lap=383.2
t=2482.6 TOTAL laps=38 crashes=0
t=2482.6 TUNER gen=0 results=38/64 pending=4 active=4 remaining=26 next_trial=43 rounds=[6,5,4,6,4,6,6,5]
t=2484.4 LAUNCH_BLOCKED reason=landing_or_storage_busy active=4 stored=4 no_active_s=0.0 state=IDLE tractor_cleanup=false elevator_transfer=false deck=Aircraft_9_nav_r7_42 pending=none clearance=Aircraft_9_nav_r8_36 queue=0
t=2489.8 LAP_CAPTURE craft=Aircraft_9_nav_r4_41 route=4 return=168.5s lap=381.1s carrier_dist=200m t=2489.8
t=2498.6 LAP_CAPTURE craft=Aircraft_9_nav_r7_42 route=7 return=159.7s lap=369.6s carrier_dist=200m t=2498.6
t=2499.4 LAUNCH_BLOCKED reason=landing_or_storage_busy active=2 stored=5 no_active_s=0.0 state=IDLE tractor_cleanup=false elevator_transfer=false deck=none pending=none clearance=Aircraft_9_nav_r8_36 queue=0
t=2512.5 ==== SUMMARY t=2512.5 ====
t=2512.5 route=1 laps=6 crashes=0 avg_out=155.9s avg_ret=176.0s avg_lap=343.9s best_lap=342.3
t=2512.5 route=2 laps=4 crashes=0 avg_out=214.5s avg_ret=247.2s avg_lap=473.9s best_lap=454.8
t=2512.5 route=3 laps=4 crashes=0 avg_out=242.7s avg_ret=263.7s avg_lap=518.4s best_lap=508.2
t=2512.6 route=4 laps=6 crashes=0 avg_out=200.1s avg_ret=168.1s avg_lap=380.2s best_lap=374.9
t=2512.6 route=5 laps=4 crashes=0 avg_out=294.9s avg_ret=255.9s avg_lap=562.8s best_lap=555.9
t=2512.6 route=6 laps=6 crashes=0 avg_out=179.3s avg_ret=159.4s avg_lap=350.7s best_lap=349.8
t=2512.6 route=7 laps=6 crashes=0 avg_out=198.4s avg_ret=158.1s avg_lap=368.5s best_lap=366.5
t=2512.6 route=8 laps=4 crashes=0 avg_out=185.5s avg_ret=188.5s avg_lap=385.6s best_lap=383.2
t=2512.6 TOTAL laps=40 crashes=0
t=2512.6 TUNER gen=0 results=40/64 pending=2 active=2 remaining=24 next_trial=43 rounds=[6,5,4,6,4,6,6,5]
t=2514.5 LAUNCH_BLOCKED reason=landing_or_storage_busy active=2 stored=6 no_active_s=0.0 state=IDLE tractor_cleanup=false elevator_transfer=false deck=none pending=none clearance=Aircraft_9_nav_r8_36 queue=0
t=2529.5 LAUNCH_BLOCKED reason=landing_or_storage_busy active=2 stored=6 no_active_s=0.0 state=IDLE tractor_cleanup=false elevator_transfer=false deck=none pending=none clearance=Aircraft_9_nav_r8_36 queue=1
t=2530.2 LAP_CAPTURE craft=Aircraft_9_nav_r2_40 route=2 return=255.6s lap=481.7s carrier_dist=200m t=2530.2
t=2542.6 ==== SUMMARY t=2542.6 ====
t=2542.6 route=1 laps=6 crashes=0 avg_out=155.9s avg_ret=176.0s avg_lap=343.9s best_lap=342.3
t=2542.6 route=2 laps=5 crashes=0 avg_out=214.5s avg_ret=248.9s avg_lap=475.4s best_lap=454.8
t=2542.6 route=3 laps=4 crashes=0 avg_out=242.7s avg_ret=263.7s avg_lap=518.4s best_lap=508.2
t=2542.6 route=4 laps=6 crashes=0 avg_out=200.1s avg_ret=168.1s avg_lap=380.2s best_lap=374.9
t=2542.6 route=5 laps=4 crashes=0 avg_out=294.9s avg_ret=255.9s avg_lap=562.8s best_lap=555.9
t=2542.6 route=6 laps=6 crashes=0 avg_out=179.3s avg_ret=159.4s avg_lap=350.7s best_lap=349.8
t=2542.6 route=7 laps=6 crashes=0 avg_out=198.4s avg_ret=158.1s avg_lap=368.5s best_lap=366.5
t=2542.6 route=8 laps=4 crashes=0 avg_out=185.5s avg_ret=188.5s avg_lap=385.6s best_lap=383.2
t=2542.6 TOTAL laps=41 crashes=0
t=2542.6 TUNER gen=0 results=41/64 pending=1 active=1 remaining=23 next_trial=43 rounds=[6,5,4,6,4,6,6,5]
t=2544.6 LAUNCH_BLOCKED reason=landing_or_storage_busy active=1 stored=7 no_active_s=0.0 state=IDLE tractor_cleanup=false elevator_transfer=false deck=none pending=none clearance=Aircraft_9_nav_r8_36 queue=1
t=2559.6 LAUNCH_BLOCKED reason=landing_or_storage_busy active=1 stored=7 no_active_s=0.0 state=IDLE tractor_cleanup=false elevator_transfer=false deck=none pending=none clearance=Aircraft_9_nav_r8_36 queue=1
t=2572.6 ==== SUMMARY t=2572.6 ====
t=2572.6 route=1 laps=6 crashes=0 avg_out=155.9s avg_ret=176.0s avg_lap=343.9s best_lap=342.3
t=2572.6 route=2 laps=5 crashes=0 avg_out=214.5s avg_ret=248.9s avg_lap=475.4s best_lap=454.8
t=2572.6 route=3 laps=4 crashes=0 avg_out=242.7s avg_ret=263.7s avg_lap=518.4s best_lap=508.2
t=2572.6 route=4 laps=6 crashes=0 avg_out=200.1s avg_ret=168.1s avg_lap=380.2s best_lap=374.9
t=2572.6 route=5 laps=4 crashes=0 avg_out=294.9s avg_ret=255.9s avg_lap=562.8s best_lap=555.9
t=2572.6 route=6 laps=6 crashes=0 avg_out=179.3s avg_ret=159.4s avg_lap=350.7s best_lap=349.8
t=2572.6 route=7 laps=6 crashes=0 avg_out=198.4s avg_ret=158.1s avg_lap=368.5s best_lap=366.5
t=2572.6 route=8 laps=4 crashes=0 avg_out=185.5s avg_ret=188.5s avg_lap=385.6s best_lap=383.2
t=2572.6 TOTAL laps=41 crashes=0
t=2572.6 TUNER gen=0 results=41/64 pending=1 active=1 remaining=23 next_trial=43 rounds=[6,5,4,6,4,6,6,5]
t=2574.7 LAUNCH_BLOCKED reason=landing_or_storage_busy active=1 stored=7 no_active_s=0.0 state=IDLE tractor_cleanup=false elevator_transfer=false deck=none pending=none clearance=Aircraft_9_nav_r8_36 queue=1
t=2589.7 LAUNCH_BLOCKED reason=landing_or_storage_busy active=1 stored=7 no_active_s=0.0 state=IDLE tractor_cleanup=false elevator_transfer=false deck=none pending=none clearance=Aircraft_9_nav_r8_36 queue=1
t=2602.6 ==== SUMMARY t=2602.6 ====
t=2602.6 route=1 laps=6 crashes=0 avg_out=155.9s avg_ret=176.0s avg_lap=343.9s best_lap=342.3
t=2602.6 route=2 laps=5 crashes=0 avg_out=214.5s avg_ret=248.9s avg_lap=475.4s best_lap=454.8
t=2602.6 route=3 laps=4 crashes=0 avg_out=242.7s avg_ret=263.7s avg_lap=518.4s best_lap=508.2
t=2602.6 route=4 laps=6 crashes=0 avg_out=200.1s avg_ret=168.1s avg_lap=380.2s best_lap=374.9
t=2602.6 route=5 laps=4 crashes=0 avg_out=294.9s avg_ret=255.9s avg_lap=562.8s best_lap=555.9
t=2602.6 route=6 laps=6 crashes=0 avg_out=179.3s avg_ret=159.4s avg_lap=350.7s best_lap=349.8
t=2602.6 route=7 laps=6 crashes=0 avg_out=198.4s avg_ret=158.1s avg_lap=368.5s best_lap=366.5
t=2602.6 route=8 laps=4 crashes=0 avg_out=185.5s avg_ret=188.5s avg_lap=385.6s best_lap=383.2
t=2602.6 TOTAL laps=41 crashes=0
t=2602.6 TUNER gen=0 results=41/64 pending=1 active=1 remaining=23 next_trial=43 rounds=[6,5,4,6,4,6,6,5]
t=2604.8 LAUNCH_BLOCKED reason=landing_or_storage_busy active=1 stored=7 no_active_s=0.0 state=IDLE tractor_cleanup=false elevator_transfer=false deck=none pending=none clearance=Aircraft_9_nav_r8_36 queue=1
t=2619.8 LAUNCH_BLOCKED reason=landing_or_storage_busy active=1 stored=7 no_active_s=0.0 state=IDLE tractor_cleanup=false elevator_transfer=false deck=none pending=none clearance=Aircraft_9_nav_r8_36 queue=1
t=2632.6 ==== SUMMARY t=2632.6 ====
t=2632.6 route=1 laps=6 crashes=0 avg_out=155.9s avg_ret=176.0s avg_lap=343.9s best_lap=342.3
t=2632.6 route=2 laps=5 crashes=0 avg_out=214.5s avg_ret=248.9s avg_lap=475.4s best_lap=454.8
t=2632.6 route=3 laps=4 crashes=0 avg_out=242.7s avg_ret=263.7s avg_lap=518.4s best_lap=508.2
t=2632.6 route=4 laps=6 crashes=0 avg_out=200.1s avg_ret=168.1s avg_lap=380.2s best_lap=374.9
t=2632.6 route=5 laps=4 crashes=0 avg_out=294.9s avg_ret=255.9s avg_lap=562.8s best_lap=555.9
t=2632.6 route=6 laps=6 crashes=0 avg_out=179.3s avg_ret=159.4s avg_lap=350.7s best_lap=349.8
t=2632.6 route=7 laps=6 crashes=0 avg_out=198.4s avg_ret=158.1s avg_lap=368.5s best_lap=366.5
t=2632.7 route=8 laps=4 crashes=0 avg_out=185.5s avg_ret=188.5s avg_lap=385.6s best_lap=383.2
t=2632.7 TOTAL laps=41 crashes=0
t=2632.7 TUNER gen=0 results=41/64 pending=1 active=1 remaining=23 next_trial=43 rounds=[6,5,4,6,4,6,6,5]
t=2634.8 LAUNCH_BLOCKED reason=landing_or_storage_busy active=1 stored=7 no_active_s=0.0 state=IDLE tractor_cleanup=false elevator_transfer=false deck=none pending=none clearance=Aircraft_9_nav_r8_36 queue=1
t=2649.9 LAUNCH_BLOCKED reason=landing_or_storage_busy active=1 stored=7 no_active_s=0.0 state=IDLE tractor_cleanup=false elevator_transfer=false deck=none pending=none clearance=Aircraft_9_nav_r8_36 queue=1
t=2662.6 ==== SUMMARY t=2662.6 ====
t=2662.6 route=1 laps=6 crashes=0 avg_out=155.9s avg_ret=176.0s avg_lap=343.9s best_lap=342.3
t=2662.7 route=2 laps=5 crashes=0 avg_out=214.5s avg_ret=248.9s avg_lap=475.4s best_lap=454.8
t=2662.7 route=3 laps=4 crashes=0 avg_out=242.7s avg_ret=263.7s avg_lap=518.4s best_lap=508.2
t=2662.7 route=4 laps=6 crashes=0 avg_out=200.1s avg_ret=168.1s avg_lap=380.2s best_lap=374.9
t=2662.7 route=5 laps=4 crashes=0 avg_out=294.9s avg_ret=255.9s avg_lap=562.8s best_lap=555.9
t=2662.7 route=6 laps=6 crashes=0 avg_out=179.3s avg_ret=159.4s avg_lap=350.7s best_lap=349.8
t=2662.7 route=7 laps=6 crashes=0 avg_out=198.4s avg_ret=158.1s avg_lap=368.5s best_lap=366.5
t=2662.7 route=8 laps=4 crashes=0 avg_out=185.5s avg_ret=188.5s avg_lap=385.6s best_lap=383.2
t=2662.7 TOTAL laps=41 crashes=0
t=2662.7 TUNER gen=0 results=41/64 pending=1 active=1 remaining=23 next_trial=43 rounds=[6,5,4,6,4,6,6,5]
t=2664.9 LAUNCH_BLOCKED reason=landing_or_storage_busy active=1 stored=7 no_active_s=0.0 state=IDLE tractor_cleanup=false elevator_transfer=false deck=none pending=none clearance=Aircraft_9_nav_r8_36 queue=1
t=2680.0 LAUNCH_BLOCKED reason=landing_or_storage_busy active=1 stored=7 no_active_s=0.0 state=IDLE tractor_cleanup=false elevator_transfer=false deck=none pending=none clearance=Aircraft_9_nav_r8_36 queue=1
t=2692.6 ==== SUMMARY t=2692.6 ====
t=2692.6 route=1 laps=6 crashes=0 avg_out=155.9s avg_ret=176.0s avg_lap=343.9s best_lap=342.3
t=2692.6 route=2 laps=5 crashes=0 avg_out=214.5s avg_ret=248.9s avg_lap=475.4s best_lap=454.8
t=2692.7 route=3 laps=4 crashes=0 avg_out=242.7s avg_ret=263.7s avg_lap=518.4s best_lap=508.2
t=2692.7 route=4 laps=6 crashes=0 avg_out=200.1s avg_ret=168.1s avg_lap=380.2s best_lap=374.9
t=2692.7 route=5 laps=4 crashes=0 avg_out=294.9s avg_ret=255.9s avg_lap=562.8s best_lap=555.9
t=2692.7 route=6 laps=6 crashes=0 avg_out=179.3s avg_ret=159.4s avg_lap=350.7s best_lap=349.8
t=2692.7 route=7 laps=6 crashes=0 avg_out=198.4s avg_ret=158.1s avg_lap=368.5s best_lap=366.5
t=2692.7 route=8 laps=4 crashes=0 avg_out=185.5s avg_ret=188.5s avg_lap=385.6s best_lap=383.2
t=2692.7 TOTAL laps=41 crashes=0
t=2692.7 TUNER gen=0 results=41/64 pending=1 active=1 remaining=23 next_trial=43 rounds=[6,5,4,6,4,6,6,5]
t=2695.1 LAUNCH_BLOCKED reason=landing_or_storage_busy active=1 stored=7 no_active_s=0.0 state=IDLE tractor_cleanup=false elevator_transfer=false deck=none pending=none clearance=Aircraft_9_nav_r8_36 queue=1
t=2704.4 TUNING_TIMEOUT craft=Aircraft_9_nav_r8_36 route=8 trial=36
t=2704.4 IDLE_TUNER_WAIT gen=0 results=42/64 remaining=22 active_nav=0 stored=7 state=IDLE next_trial=43
t=2704.4 CRASH craft=Aircraft_9_nav_r8_36 route=8 phase=2 t=2704.4
t=2710.1 LAUNCH_BLOCKED reason=deck_busy active=1 stored=7 no_active_s=0.0 state=RETRIEVING_FROM_HANGAR tractor_cleanup=false elevator_transfer=false deck=Aircraft_9_nav_r1_43 pending=none clearance=none queue=0
t=2720.9 SPAWN craft=Aircraft_9_nav_r1_43 route=1 candidate=7 trial=43 t=2720.9
t=2722.7 ==== SUMMARY t=2722.7 ====
t=2722.7 route=1 laps=6 crashes=0 avg_out=155.9s avg_ret=176.0s avg_lap=343.9s best_lap=342.3
t=2722.7 route=2 laps=5 crashes=0 avg_out=214.5s avg_ret=248.9s avg_lap=475.4s best_lap=454.8
t=2722.7 route=3 laps=4 crashes=0 avg_out=242.7s avg_ret=263.7s avg_lap=518.4s best_lap=508.2
t=2722.7 route=4 laps=6 crashes=0 avg_out=200.1s avg_ret=168.1s avg_lap=380.2s best_lap=374.9
t=2722.7 route=5 laps=4 crashes=0 avg_out=294.9s avg_ret=255.9s avg_lap=562.8s best_lap=555.9
t=2722.7 route=6 laps=6 crashes=0 avg_out=179.3s avg_ret=159.4s avg_lap=350.7s best_lap=349.8
t=2722.7 route=7 laps=6 crashes=0 avg_out=198.4s avg_ret=158.1s avg_lap=368.5s best_lap=366.5
t=2722.7 route=8 laps=4 crashes=1 avg_out=185.5s avg_ret=188.5s avg_lap=385.6s best_lap=383.2
t=2722.7 TOTAL laps=41 crashes=1
t=2722.7 TUNER gen=0 results=42/64 pending=1 active=1 remaining=22 next_trial=44 rounds=[7,5,4,6,4,6,6,5]
t=2725.2 LAUNCH_BLOCKED reason=cleared_unready_nav_deck_aircraft active=1 stored=7 no_active_s=0.0 state=IDLE tractor_cleanup=false elevator_transfer=false deck=Aircraft_9_nav_r1_43 pending=none clearance=none queue=0
t=2740.3 LAUNCH_BLOCKED reason=deck_busy active=2 stored=6 no_active_s=0.0 state=AIRCRAFT_ON_DECK tractor_cleanup=false elevator_transfer=false deck=Aircraft_9_nav_r3_44 pending=none clearance=none queue=0
t=2741.1 SPAWN craft=Aircraft_9_nav_r3_44 route=3 candidate=7 trial=44 t=2741.1
t=2752.7 ==== SUMMARY t=2752.7 ====
t=2752.7 route=1 laps=6 crashes=0 avg_out=155.9s avg_ret=176.0s avg_lap=343.9s best_lap=342.3
t=2752.7 route=2 laps=5 crashes=0 avg_out=214.5s avg_ret=248.9s avg_lap=475.4s best_lap=454.8
t=2752.7 route=3 laps=4 crashes=0 avg_out=242.7s avg_ret=263.7s avg_lap=518.4s best_lap=508.2
t=2752.7 route=4 laps=6 crashes=0 avg_out=200.1s avg_ret=168.1s avg_lap=380.2s best_lap=374.9
t=2752.7 route=5 laps=4 crashes=0 avg_out=294.9s avg_ret=255.9s avg_lap=562.8s best_lap=555.9
t=2752.8 route=6 laps=6 crashes=0 avg_out=179.3s avg_ret=159.4s avg_lap=350.7s best_lap=349.8
t=2752.8 route=7 laps=6 crashes=0 avg_out=198.4s avg_ret=158.1s avg_lap=368.5s best_lap=366.5
t=2752.8 route=8 laps=4 crashes=1 avg_out=185.5s avg_ret=188.5s avg_lap=385.6s best_lap=383.2
t=2752.8 TOTAL laps=41 crashes=1
t=2752.8 TUNER gen=0 results=42/64 pending=2 active=2 remaining=22 next_trial=45 rounds=[7,5,5,6,4,6,6,5]
t=2755.3 LAUNCH_BLOCKED reason=deck_busy active=3 stored=5 no_active_s=0.0 state=AIRCRAFT_ON_DECK tractor_cleanup=false elevator_transfer=true deck=Aircraft_9_nav_r6_45 pending=none clearance=none queue=0
t=2761.1 SPAWN craft=Aircraft_9_nav_r6_45 route=6 candidate=4 trial=45 t=2761.1
t=2770.4 LAUNCH_BLOCKED reason=deck_busy active=4 stored=4 no_active_s=0.0 state=RETRIEVING_FROM_HANGAR tractor_cleanup=false elevator_transfer=false deck=Aircraft_9_nav_r5_46 pending=none clearance=none queue=0
t=2781.4 SPAWN craft=Aircraft_9_nav_r5_46 route=5 candidate=1 trial=46 t=2781.4
t=2782.8 ==== SUMMARY t=2782.8 ====
t=2782.8 route=1 laps=6 crashes=0 avg_out=155.9s avg_ret=176.0s avg_lap=343.9s best_lap=342.3
t=2782.8 route=2 laps=5 crashes=0 avg_out=214.5s avg_ret=248.9s avg_lap=475.4s best_lap=454.8
t=2782.8 route=3 laps=4 crashes=0 avg_out=242.7s avg_ret=263.7s avg_lap=518.4s best_lap=508.2
t=2782.8 route=4 laps=6 crashes=0 avg_out=200.1s avg_ret=168.1s avg_lap=380.2s best_lap=374.9
t=2782.8 route=5 laps=4 crashes=0 avg_out=294.9s avg_ret=255.9s avg_lap=562.8s best_lap=555.9
t=2782.8 route=6 laps=6 crashes=0 avg_out=179.3s avg_ret=159.4s avg_lap=350.7s best_lap=349.8
t=2782.8 route=7 laps=6 crashes=0 avg_out=198.4s avg_ret=158.1s avg_lap=368.5s best_lap=366.5
t=2782.9 route=8 laps=4 crashes=1 avg_out=185.5s avg_ret=188.5s avg_lap=385.6s best_lap=383.2
t=2782.9 TOTAL laps=41 crashes=1
t=2782.9 TUNER gen=0 results=42/64 pending=4 active=4 remaining=22 next_trial=47 rounds=[7,5,5,6,5,7,6,5]
t=2785.5 LAUNCH_BLOCKED reason=cleared_unready_nav_deck_aircraft active=4 stored=4 no_active_s=0.0 state=IDLE tractor_cleanup=false elevator_transfer=false deck=Aircraft_9_nav_r5_46 pending=none clearance=none queue=0
t=2800.6 LAUNCH_BLOCKED reason=deck_busy active=5 stored=3 no_active_s=0.0 state=AIRCRAFT_ON_DECK tractor_cleanup=false elevator_transfer=false deck=Aircraft_9_nav_r4_47 pending=none clearance=none queue=0
t=2801.5 SPAWN craft=Aircraft_9_nav_r4_47 route=4 candidate=2 trial=47 t=2801.5
t=2812.9 ==== SUMMARY t=2812.9 ====
t=2812.9 route=1 laps=6 crashes=0 avg_out=155.9s avg_ret=176.0s avg_lap=343.9s best_lap=342.3
t=2812.9 route=2 laps=5 crashes=0 avg_out=214.5s avg_ret=248.9s avg_lap=475.4s best_lap=454.8
t=2812.9 route=3 laps=4 crashes=0 avg_out=242.7s avg_ret=263.7s avg_lap=518.4s best_lap=508.2
t=2812.9 route=4 laps=6 crashes=0 avg_out=200.1s avg_ret=168.1s avg_lap=380.2s best_lap=374.9
t=2812.9 route=5 laps=4 crashes=0 avg_out=294.9s avg_ret=255.9s avg_lap=562.8s best_lap=555.9
t=2812.9 route=6 laps=6 crashes=0 avg_out=179.3s avg_ret=159.4s avg_lap=350.7s best_lap=349.8
t=2812.9 route=7 laps=6 crashes=0 avg_out=198.4s avg_ret=158.1s avg_lap=368.5s best_lap=366.5
t=2812.9 route=8 laps=4 crashes=1 avg_out=185.5s avg_ret=188.5s avg_lap=385.6s best_lap=383.2
t=2812.9 TOTAL laps=41 crashes=1
t=2812.9 TUNER gen=0 results=42/64 pending=5 active=5 remaining=22 next_trial=48 rounds=[7,5,5,7,5,7,6,5]
t=2815.6 LAUNCH_BLOCKED reason=deck_busy active=6 stored=2 no_active_s=0.0 state=AIRCRAFT_ON_DECK tractor_cleanup=false elevator_transfer=true deck=Aircraft_9_nav_r7_48 pending=none clearance=none queue=0
t=2821.5 SPAWN craft=Aircraft_9_nav_r7_48 route=7 candidate=5 trial=48 t=2821.5
t=2830.7 LAUNCH_BLOCKED reason=deck_busy active=7 stored=1 no_active_s=0.0 state=RETRIEVING_FROM_HANGAR tractor_cleanup=false elevator_transfer=false deck=Aircraft_9_nav_r2_49 pending=none clearance=none queue=0
t=2841.6 SPAWN craft=Aircraft_9_nav_r2_49 route=2 candidate=7 trial=49 t=2841.6
t=2842.9 ==== SUMMARY t=2842.9 ====
t=2842.9 route=1 laps=6 crashes=0 avg_out=155.9s avg_ret=176.0s avg_lap=343.9s best_lap=342.3
t=2842.9 route=2 laps=5 crashes=0 avg_out=214.5s avg_ret=248.9s avg_lap=475.4s best_lap=454.8
t=2842.9 route=3 laps=4 crashes=0 avg_out=242.7s avg_ret=263.7s avg_lap=518.4s best_lap=508.2
t=2842.9 route=4 laps=6 crashes=0 avg_out=200.1s avg_ret=168.1s avg_lap=380.2s best_lap=374.9
t=2842.9 route=5 laps=4 crashes=0 avg_out=294.9s avg_ret=255.9s avg_lap=562.8s best_lap=555.9
t=2842.9 route=6 laps=6 crashes=0 avg_out=179.3s avg_ret=159.4s avg_lap=350.7s best_lap=349.8
t=2842.9 route=7 laps=6 crashes=0 avg_out=198.4s avg_ret=158.1s avg_lap=368.5s best_lap=366.5
t=2842.9 route=8 laps=4 crashes=1 avg_out=185.5s avg_ret=188.5s avg_lap=385.6s best_lap=383.2
t=2843.0 TOTAL laps=41 crashes=1
t=2843.0 TUNER gen=0 results=42/64 pending=7 active=7 remaining=22 next_trial=50 rounds=[7,6,5,7,5,7,7,5]
t=2845.7 LAUNCH_BLOCKED reason=cleared_unready_nav_deck_aircraft active=7 stored=1 no_active_s=0.0 state=IDLE tractor_cleanup=false elevator_transfer=false deck=Aircraft_9_nav_r2_49 pending=none clearance=none queue=0
t=2861.5 SPAWN craft=Aircraft_9_nav_r8_50 route=8 candidate=5 trial=50 t=2861.5
t=2872.9 ==== SUMMARY t=2872.9 ====
t=2872.9 route=1 laps=6 crashes=0 avg_out=155.9s avg_ret=176.0s avg_lap=343.9s best_lap=342.3
t=2873.0 route=2 laps=5 crashes=0 avg_out=214.5s avg_ret=248.9s avg_lap=475.4s best_lap=454.8
t=2873.0 route=3 laps=4 crashes=0 avg_out=242.7s avg_ret=263.7s avg_lap=518.4s best_lap=508.2
t=2873.0 route=4 laps=6 crashes=0 avg_out=200.1s avg_ret=168.1s avg_lap=380.2s best_lap=374.9
t=2873.0 route=5 laps=4 crashes=0 avg_out=294.9s avg_ret=255.9s avg_lap=562.8s best_lap=555.9
t=2873.0 route=6 laps=6 crashes=0 avg_out=179.3s avg_ret=159.4s avg_lap=350.7s best_lap=349.8
t=2873.0 route=7 laps=6 crashes=0 avg_out=198.4s avg_ret=158.1s avg_lap=368.5s best_lap=366.5
t=2873.0 route=8 laps=4 crashes=1 avg_out=185.5s avg_ret=188.5s avg_lap=385.6s best_lap=383.2
t=2873.0 TOTAL laps=41 crashes=1
t=2873.0 TUNER gen=0 results=42/64 pending=8 active=8 remaining=22 next_trial=51 rounds=[7,6,5,7,5,7,7,6]
t=2877.6 LZ_REACHED craft=Aircraft_9_nav_r1_43 route=1 outbound=156.6s t=2877.6
t=2903.0 ==== SUMMARY t=2903.0 ====
t=2903.0 route=1 laps=6 crashes=0 avg_out=156.0s avg_ret=176.0s avg_lap=343.9s best_lap=342.3
t=2903.0 route=2 laps=5 crashes=0 avg_out=214.5s avg_ret=248.9s avg_lap=475.4s best_lap=454.8
t=2903.0 route=3 laps=4 crashes=0 avg_out=242.7s avg_ret=263.7s avg_lap=518.4s best_lap=508.2
t=2903.0 route=4 laps=6 crashes=0 avg_out=200.1s avg_ret=168.1s avg_lap=380.2s best_lap=374.9
t=2903.0 route=5 laps=4 crashes=0 avg_out=294.9s avg_ret=255.9s avg_lap=562.8s best_lap=555.9
t=2903.0 route=6 laps=6 crashes=0 avg_out=179.3s avg_ret=159.4s avg_lap=350.7s best_lap=349.8
t=2903.0 route=7 laps=6 crashes=0 avg_out=198.4s avg_ret=158.1s avg_lap=368.5s best_lap=366.5
t=2903.0 route=8 laps=4 crashes=1 avg_out=185.5s avg_ret=188.5s avg_lap=385.6s best_lap=383.2
t=2903.0 TOTAL laps=41 crashes=1
t=2903.0 TUNER gen=0 results=42/64 pending=8 active=8 remaining=22 next_trial=51 rounds=[7,6,5,7,5,7,7,6]
t=2933.0 ==== SUMMARY t=2933.0 ====
t=2933.0 route=1 laps=6 crashes=0 avg_out=156.0s avg_ret=176.0s avg_lap=343.9s best_lap=342.3
t=2933.0 route=2 laps=5 crashes=0 avg_out=214.5s avg_ret=248.9s avg_lap=475.4s best_lap=454.8
t=2933.0 route=3 laps=4 crashes=0 avg_out=242.7s avg_ret=263.7s avg_lap=518.4s best_lap=508.2
t=2933.0 route=4 laps=6 crashes=0 avg_out=200.1s avg_ret=168.1s avg_lap=380.2s best_lap=374.9
t=2933.0 route=5 laps=4 crashes=0 avg_out=294.9s avg_ret=255.9s avg_lap=562.8s best_lap=555.9
t=2933.0 route=6 laps=6 crashes=0 avg_out=179.3s avg_ret=159.4s avg_lap=350.7s best_lap=349.8
t=2933.0 route=7 laps=6 crashes=0 avg_out=198.4s avg_ret=158.1s avg_lap=368.5s best_lap=366.5
t=2933.0 route=8 laps=4 crashes=1 avg_out=185.5s avg_ret=188.5s avg_lap=385.6s best_lap=383.2
t=2933.0 TOTAL laps=41 crashes=1
t=2933.0 TUNER gen=0 results=42/64 pending=8 active=8 remaining=22 next_trial=51 rounds=[7,6,5,7,5,7,7,6]
t=2940.1 LZ_REACHED craft=Aircraft_9_nav_r6_45 route=6 outbound=178.9s t=2940.1
t=2963.0 ==== SUMMARY t=2963.0 ====
t=2963.0 route=1 laps=6 crashes=0 avg_out=156.0s avg_ret=176.0s avg_lap=343.9s best_lap=342.3
t=2963.0 route=2 laps=5 crashes=0 avg_out=214.5s avg_ret=248.9s avg_lap=475.4s best_lap=454.8
t=2963.0 route=3 laps=4 crashes=0 avg_out=242.7s avg_ret=263.7s avg_lap=518.4s best_lap=508.2
t=2963.0 route=4 laps=6 crashes=0 avg_out=200.1s avg_ret=168.1s avg_lap=380.2s best_lap=374.9
t=2963.0 route=5 laps=4 crashes=0 avg_out=294.9s avg_ret=255.9s avg_lap=562.8s best_lap=555.9
t=2963.0 route=6 laps=6 crashes=0 avg_out=179.3s avg_ret=159.4s avg_lap=350.7s best_lap=349.8
t=2963.0 route=7 laps=6 crashes=0 avg_out=198.4s avg_ret=158.1s avg_lap=368.5s best_lap=366.5
t=2963.0 route=8 laps=4 crashes=1 avg_out=185.5s avg_ret=188.5s avg_lap=385.6s best_lap=383.2
t=2963.0 TOTAL laps=41 crashes=1
t=2963.1 TUNER gen=0 results=42/64 pending=8 active=8 remaining=22 next_trial=51 rounds=[7,6,5,7,5,7,7,6]
t=2985.1 LZ_REACHED craft=Aircraft_9_nav_r3_44 route=3 outbound=244.0s t=2985.1
t=2993.0 ==== SUMMARY t=2993.0 ====
t=2993.0 route=1 laps=6 crashes=0 avg_out=156.0s avg_ret=176.0s avg_lap=343.9s best_lap=342.3
t=2993.0 route=2 laps=5 crashes=0 avg_out=214.5s avg_ret=248.9s avg_lap=475.4s best_lap=454.8
t=2993.0 route=3 laps=4 crashes=0 avg_out=242.9s avg_ret=263.7s avg_lap=518.4s best_lap=508.2
t=2993.0 route=4 laps=6 crashes=0 avg_out=200.1s avg_ret=168.1s avg_lap=380.2s best_lap=374.9
t=2993.0 route=5 laps=4 crashes=0 avg_out=294.9s avg_ret=255.9s avg_lap=562.8s best_lap=555.9
t=2993.0 route=6 laps=6 crashes=0 avg_out=179.3s avg_ret=159.4s avg_lap=350.7s best_lap=349.8
t=2993.0 route=7 laps=6 crashes=0 avg_out=198.4s avg_ret=158.1s avg_lap=368.5s best_lap=366.5
t=2993.0 route=8 laps=4 crashes=1 avg_out=185.5s avg_ret=188.5s avg_lap=385.6s best_lap=383.2
t=2993.0 TOTAL laps=41 crashes=1
t=2993.1 TUNER gen=0 results=42/64 pending=8 active=8 remaining=22 next_trial=51 rounds=[7,6,5,7,5,7,7,6]
t=3003.3 LZ_REACHED craft=Aircraft_9_nav_r4_47 route=4 outbound=201.8s t=3003.3
t=3014.7 LZ_REACHED craft=Aircraft_9_nav_r7_48 route=7 outbound=193.2s t=3014.7
t=3023.0 ==== SUMMARY t=3023.0 ====
t=3023.0 route=1 laps=6 crashes=0 avg_out=156.0s avg_ret=176.0s avg_lap=343.9s best_lap=342.3
t=3023.0 route=2 laps=5 crashes=0 avg_out=214.5s avg_ret=248.9s avg_lap=475.4s best_lap=454.8
t=3023.1 route=3 laps=4 crashes=0 avg_out=242.9s avg_ret=263.7s avg_lap=518.4s best_lap=508.2
t=3023.1 route=4 laps=6 crashes=0 avg_out=200.3s avg_ret=168.1s avg_lap=380.2s best_lap=374.9
t=3023.1 route=5 laps=4 crashes=0 avg_out=294.9s avg_ret=255.9s avg_lap=562.8s best_lap=555.9
t=3023.1 route=6 laps=6 crashes=0 avg_out=179.3s avg_ret=159.4s avg_lap=350.7s best_lap=349.8
t=3023.1 route=7 laps=6 crashes=0 avg_out=197.6s avg_ret=158.1s avg_lap=368.5s best_lap=366.5
t=3023.1 route=8 laps=4 crashes=1 avg_out=185.5s avg_ret=188.5s avg_lap=385.6s best_lap=383.2
t=3023.1 TOTAL laps=41 crashes=1
t=3023.1 TUNER gen=0 results=42/64 pending=8 active=8 remaining=22 next_trial=51 rounds=[7,6,5,7,5,7,7,6]
t=3046.8 LZ_REACHED craft=Aircraft_9_nav_r8_50 route=8 outbound=185.2s t=3046.8
t=3053.1 ==== SUMMARY t=3053.1 ====
t=3053.1 route=1 laps=6 crashes=0 avg_out=156.0s avg_ret=176.0s avg_lap=343.9s best_lap=342.3
t=3053.1 route=2 laps=5 crashes=0 avg_out=214.5s avg_ret=248.9s avg_lap=475.4s best_lap=454.8
t=3053.1 route=3 laps=4 crashes=0 avg_out=242.9s avg_ret=263.7s avg_lap=518.4s best_lap=508.2
t=3053.1 route=4 laps=6 crashes=0 avg_out=200.3s avg_ret=168.1s avg_lap=380.2s best_lap=374.9
t=3053.1 route=5 laps=4 crashes=0 avg_out=294.9s avg_ret=255.9s avg_lap=562.8s best_lap=555.9
t=3053.1 route=6 laps=6 crashes=0 avg_out=179.3s avg_ret=159.4s avg_lap=350.7s best_lap=349.8
t=3053.1 route=7 laps=6 crashes=0 avg_out=197.6s avg_ret=158.1s avg_lap=368.5s best_lap=366.5
t=3053.1 route=8 laps=4 crashes=1 avg_out=185.4s avg_ret=188.5s avg_lap=385.6s best_lap=383.2
t=3053.1 TOTAL laps=41 crashes=1
t=3053.1 TUNER gen=0 results=42/64 pending=8 active=8 remaining=22 next_trial=51 rounds=[7,6,5,7,5,7,7,6]
t=3055.2 LZ_REACHED craft=Aircraft_9_nav_r2_49 route=2 outbound=213.6s t=3055.2
t=3063.3 LAP_CAPTURE craft=Aircraft_9_nav_r1_43 route=1 return=173.8s lap=342.4s carrier_dist=200m t=3063.3
t=3077.9 LZ_REACHED craft=Aircraft_9_nav_r5_46 route=5 outbound=296.6s t=3077.9
t=3082.3 SPAWN craft=Aircraft_9_nav_r1_51 route=1 candidate=8 trial=51 t=3082.3
t=3083.2 ==== SUMMARY t=3083.2 ====
t=3083.2 route=1 laps=7 crashes=0 avg_out=156.0s avg_ret=175.7s avg_lap=343.7s best_lap=342.3
t=3083.2 route=2 laps=5 crashes=0 avg_out=214.4s avg_ret=248.9s avg_lap=475.4s best_lap=454.8
t=3083.2 route=3 laps=4 crashes=0 avg_out=242.9s avg_ret=263.7s avg_lap=518.4s best_lap=508.2
t=3083.2 route=4 laps=6 crashes=0 avg_out=200.3s avg_ret=168.1s avg_lap=380.2s best_lap=374.9
t=3083.2 route=5 laps=4 crashes=0 avg_out=295.2s avg_ret=255.9s avg_lap=562.8s best_lap=555.9
t=3083.2 route=6 laps=6 crashes=0 avg_out=179.3s avg_ret=159.4s avg_lap=350.7s best_lap=349.8
t=3083.2 route=7 laps=6 crashes=0 avg_out=197.6s avg_ret=158.1s avg_lap=368.5s best_lap=366.5
t=3083.2 route=8 laps=4 crashes=1 avg_out=185.4s avg_ret=188.5s avg_lap=385.6s best_lap=383.2
t=3083.2 TOTAL laps=42 crashes=1
t=3083.2 TUNER gen=0 results=43/64 pending=8 active=8 remaining=21 next_trial=52 rounds=[8,6,5,7,5,7,7,6]
t=3111.1 LAP_CAPTURE craft=Aircraft_9_nav_r6_45 route=6 return=159.1s lap=350.0s carrier_dist=200m t=3111.1
t=3113.3 ==== SUMMARY t=3113.3 ====
t=3113.3 route=1 laps=7 crashes=0 avg_out=156.0s avg_ret=175.7s avg_lap=343.7s best_lap=342.3
t=3113.3 route=2 laps=5 crashes=0 avg_out=214.4s avg_ret=248.9s avg_lap=475.4s best_lap=454.8
t=3113.3 route=3 laps=4 crashes=0 avg_out=242.9s avg_ret=263.7s avg_lap=518.4s best_lap=508.2
t=3113.3 route=4 laps=6 crashes=0 avg_out=200.3s avg_ret=168.1s avg_lap=380.2s best_lap=374.9
t=3113.3 route=5 laps=4 crashes=0 avg_out=295.2s avg_ret=255.9s avg_lap=562.8s best_lap=555.9
t=3113.3 route=6 laps=7 crashes=0 avg_out=179.3s avg_ret=159.3s avg_lap=350.6s best_lap=349.8
t=3113.3 route=7 laps=6 crashes=0 avg_out=197.6s avg_ret=158.1s avg_lap=368.5s best_lap=366.5
t=3113.3 route=8 laps=4 crashes=1 avg_out=185.4s avg_ret=188.5s avg_lap=385.6s best_lap=383.2
t=3113.3 TOTAL laps=43 crashes=1
t=3113.3 TUNER gen=0 results=44/64 pending=7 active=7 remaining=20 next_trial=52 rounds=[8,6,5,7,5,7,7,6]
t=3127.7 SPAWN craft=Aircraft_9_nav_r6_52 route=6 candidate=5 trial=52 t=3127.7
t=3143.3 ==== SUMMARY t=3143.3 ====
t=3143.3 route=1 laps=7 crashes=0 avg_out=156.0s avg_ret=175.7s avg_lap=343.7s best_lap=342.3
t=3143.3 route=2 laps=5 crashes=0 avg_out=214.4s avg_ret=248.9s avg_lap=475.4s best_lap=454.8
t=3143.3 route=3 laps=4 crashes=0 avg_out=242.9s avg_ret=263.7s avg_lap=518.4s best_lap=508.2
t=3143.3 route=4 laps=6 crashes=0 avg_out=200.3s avg_ret=168.1s avg_lap=380.2s best_lap=374.9
t=3143.3 route=5 laps=4 crashes=0 avg_out=295.2s avg_ret=255.9s avg_lap=562.8s best_lap=555.9
t=3143.3 route=6 laps=7 crashes=0 avg_out=179.3s avg_ret=159.3s avg_lap=350.6s best_lap=349.8
t=3143.4 route=7 laps=6 crashes=0 avg_out=197.6s avg_ret=158.1s avg_lap=368.5s best_lap=366.5
t=3143.4 route=8 laps=4 crashes=1 avg_out=185.4s avg_ret=188.5s avg_lap=385.6s best_lap=383.2
t=3143.4 TOTAL laps=43 crashes=1
t=3143.4 TUNER gen=0 results=44/64 pending=8 active=8 remaining=20 next_trial=53 rounds=[8,6,5,7,5,8,7,6]
t=3173.3 ==== SUMMARY t=3173.3 ====
t=3173.4 route=1 laps=7 crashes=0 avg_out=156.0s avg_ret=175.7s avg_lap=343.7s best_lap=342.3
t=3173.4 route=2 laps=5 crashes=0 avg_out=214.4s avg_ret=248.9s avg_lap=475.4s best_lap=454.8
t=3173.4 route=3 laps=4 crashes=0 avg_out=242.9s avg_ret=263.7s avg_lap=518.4s best_lap=508.2
t=3173.4 route=4 laps=6 crashes=0 avg_out=200.3s avg_ret=168.1s avg_lap=380.2s best_lap=374.9
t=3173.4 route=5 laps=4 crashes=0 avg_out=295.2s avg_ret=255.9s avg_lap=562.8s best_lap=555.9
t=3173.4 route=6 laps=7 crashes=0 avg_out=179.3s avg_ret=159.3s avg_lap=350.6s best_lap=349.8
t=3173.4 route=7 laps=6 crashes=0 avg_out=197.6s avg_ret=158.1s avg_lap=368.5s best_lap=366.5
t=3173.4 route=8 laps=4 crashes=1 avg_out=185.4s avg_ret=188.5s avg_lap=385.6s best_lap=383.2
t=3173.4 TOTAL laps=43 crashes=1
t=3173.4 TUNER gen=0 results=44/64 pending=8 active=8 remaining=20 next_trial=53 rounds=[8,6,5,7,5,8,7,6]
t=3177.3 LAP_CAPTURE craft=Aircraft_9_nav_r7_48 route=7 return=150.7s lap=355.8s carrier_dist=200m t=3177.3
t=3184.2 LAP_CAPTURE craft=Aircraft_9_nav_r4_47 route=4 return=168.9s lap=382.7s carrier_dist=200m t=3184.2
t=3192.1 LAUNCH_BLOCKED reason=deck_busy active=7 stored=1 no_active_s=0.0 state=AIRCRAFT_ON_DECK tractor_cleanup=false elevator_transfer=true deck=Aircraft_9_nav_r7_53 pending=none clearance=none queue=0
t=3197.9 SPAWN craft=Aircraft_9_nav_r7_53 route=7 candidate=6 trial=53 t=3197.9
t=3203.4 ==== SUMMARY t=3203.4 ====
t=3203.4 route=1 laps=7 crashes=0 avg_out=156.0s avg_ret=175.7s avg_lap=343.7s best_lap=342.3
t=3203.4 route=2 laps=5 crashes=0 avg_out=214.4s avg_ret=248.9s avg_lap=475.4s best_lap=454.8
t=3203.4 route=3 laps=4 crashes=0 avg_out=242.9s avg_ret=263.7s avg_lap=518.4s best_lap=508.2
t=3203.4 route=4 laps=7 crashes=0 avg_out=200.3s avg_ret=168.2s avg_lap=380.5s best_lap=374.9
t=3203.4 route=5 laps=4 crashes=0 avg_out=295.2s avg_ret=255.9s avg_lap=562.8s best_lap=555.9
t=3203.4 route=6 laps=7 crashes=0 avg_out=179.3s avg_ret=159.3s avg_lap=350.6s best_lap=349.8
t=3203.4 route=7 laps=7 crashes=0 avg_out=197.6s avg_ret=157.1s avg_lap=366.7s best_lap=355.8
t=3203.4 route=8 laps=4 crashes=1 avg_out=185.4s avg_ret=188.5s avg_lap=385.6s best_lap=383.2
t=3203.4 TOTAL laps=45 crashes=1
t=3203.4 TUNER gen=0 results=46/64 pending=7 active=7 remaining=18 next_trial=54 rounds=[8,6,5,7,5,8,8,6]
t=3218.0 SPAWN craft=Aircraft_9_nav_r4_54 route=4 candidate=3 trial=54 t=3218.0
t=3233.4 ==== SUMMARY t=3233.4 ====
t=3233.4 route=1 laps=7 crashes=0 avg_out=156.0s avg_ret=175.7s avg_lap=343.7s best_lap=342.3
t=3233.4 route=2 laps=5 crashes=0 avg_out=214.4s avg_ret=248.9s avg_lap=475.4s best_lap=454.8
t=3233.4 route=3 laps=4 crashes=0 avg_out=242.9s avg_ret=263.7s avg_lap=518.4s best_lap=508.2
t=3233.4 route=4 laps=7 crashes=0 avg_out=200.3s avg_ret=168.2s avg_lap=380.5s best_lap=374.9
t=3233.4 route=5 laps=4 crashes=0 avg_out=295.2s avg_ret=255.9s avg_lap=562.8s best_lap=555.9
t=3233.4 route=6 laps=7 crashes=0 avg_out=179.3s avg_ret=159.3s avg_lap=350.6s best_lap=349.8
t=3233.4 route=7 laps=7 crashes=0 avg_out=197.6s avg_ret=157.1s avg_lap=366.7s best_lap=355.8
t=3233.4 route=8 laps=4 crashes=1 avg_out=185.4s avg_ret=188.5s avg_lap=385.6s best_lap=383.2
t=3233.5 TOTAL laps=45 crashes=1
t=3233.5 TUNER gen=0 results=46/64 pending=8 active=8 remaining=18 next_trial=55 rounds=[8,6,5,8,5,8,8,6]
t=3235.1 LZ_REACHED craft=Aircraft_9_nav_r1_51 route=1 outbound=152.8s t=3235.1
t=3245.1 LAP_CAPTURE craft=Aircraft_9_nav_r8_50 route=8 return=186.3s lap=383.5s carrier_dist=200m t=3245.1
t=3263.3 SPAWN craft=Aircraft_9_nav_r8_55 route=8 candidate=6 trial=55 t=3263.3
t=3263.5 ==== SUMMARY t=3263.5 ====
t=3263.5 route=1 laps=7 crashes=0 avg_out=155.6s avg_ret=175.7s avg_lap=343.7s best_lap=342.3
t=3263.5 route=2 laps=5 crashes=0 avg_out=214.4s avg_ret=248.9s avg_lap=475.4s best_lap=454.8
t=3263.5 route=3 laps=4 crashes=0 avg_out=242.9s avg_ret=263.7s avg_lap=518.4s best_lap=508.2
t=3263.6 route=4 laps=7 crashes=0 avg_out=200.3s avg_ret=168.2s avg_lap=380.5s best_lap=374.9
t=3263.6 route=5 laps=4 crashes=0 avg_out=295.2s avg_ret=255.9s avg_lap=562.8s best_lap=555.9
t=3263.6 route=6 laps=7 crashes=0 avg_out=179.3s avg_ret=159.3s avg_lap=350.6s best_lap=349.8
t=3263.6 route=7 laps=7 crashes=0 avg_out=197.6s avg_ret=157.1s avg_lap=366.7s best_lap=355.8
t=3263.6 route=8 laps=5 crashes=1 avg_out=185.4s avg_ret=188.1s avg_lap=385.2s best_lap=383.2
t=3263.6 TOTAL laps=46 crashes=1
t=3263.6 TUNER gen=0 results=47/64 pending=8 active=8 remaining=17 next_trial=56 rounds=[8,6,5,8,5,8,8,7]
t=3265.0 LAP_CAPTURE craft=Aircraft_9_nav_r3_44 route=3 return=267.9s lap=523.9s carrier_dist=200m t=3265.0
t=3283.4 SPAWN craft=Aircraft_9_nav_r3_56 route=3 candidate=8 trial=56 t=3283.4
t=3293.6 ==== SUMMARY t=3293.6 ====
t=3293.6 route=1 laps=7 crashes=0 avg_out=155.6s avg_ret=175.7s avg_lap=343.7s best_lap=342.3
t=3293.6 route=2 laps=5 crashes=0 avg_out=214.4s avg_ret=248.9s avg_lap=475.4s best_lap=454.8
t=3293.6 route=3 laps=5 crashes=0 avg_out=242.9s avg_ret=264.6s avg_lap=519.5s best_lap=508.2
t=3293.6 route=4 laps=7 crashes=0 avg_out=200.3s avg_ret=168.2s avg_lap=380.5s best_lap=374.9
t=3293.6 route=5 laps=4 crashes=0 avg_out=295.2s avg_ret=255.9s avg_lap=562.8s best_lap=555.9
t=3293.6 route=6 laps=7 crashes=0 avg_out=179.3s avg_ret=159.3s avg_lap=350.6s best_lap=349.8
t=3293.6 route=7 laps=7 crashes=0 avg_out=197.6s avg_ret=157.1s avg_lap=366.7s best_lap=355.8
t=3293.6 route=8 laps=5 crashes=1 avg_out=185.4s avg_ret=188.1s avg_lap=385.2s best_lap=383.2
t=3293.6 TOTAL laps=47 crashes=1
t=3293.7 TUNER gen=0 results=48/64 pending=8 active=8 remaining=16 next_trial=57 rounds=[8,6,6,8,5,8,8,7]
t=3304.1 LZ_REACHED craft=Aircraft_9_nav_r6_52 route=6 outbound=176.4s t=3304.1
t=3321.9 LAP_CAPTURE craft=Aircraft_9_nav_r2_49 route=2 return=254.7s lap=480.4s carrier_dist=200m t=3321.9
t=3323.6 ==== SUMMARY t=3323.6 ====
t=3323.6 route=1 laps=7 crashes=0 avg_out=155.6s avg_ret=175.7s avg_lap=343.7s best_lap=342.3
t=3323.7 route=2 laps=6 crashes=0 avg_out=214.4s avg_ret=249.9s avg_lap=476.3s best_lap=454.8
t=3323.7 route=3 laps=5 crashes=0 avg_out=242.9s avg_ret=264.6s avg_lap=519.5s best_lap=508.2
t=3323.7 route=4 laps=7 crashes=0 avg_out=200.3s avg_ret=168.2s avg_lap=380.5s best_lap=374.9
t=3323.7 route=5 laps=4 crashes=0 avg_out=295.2s avg_ret=255.9s avg_lap=562.8s best_lap=555.9
t=3323.7 route=6 laps=7 crashes=0 avg_out=178.9s avg_ret=159.3s avg_lap=350.6s best_lap=349.8
t=3323.7 route=7 laps=7 crashes=0 avg_out=197.6s avg_ret=157.1s avg_lap=366.7s best_lap=355.8
t=3323.7 route=8 laps=5 crashes=1 avg_out=185.4s avg_ret=188.1s avg_lap=385.2s best_lap=383.2
t=3323.7 TOTAL laps=48 crashes=1
t=3323.7 TUNER gen=0 results=49/64 pending=7 active=7 remaining=15 next_trial=57 rounds=[8,6,6,8,5,8,8,7]
t=3338.6 SPAWN craft=Aircraft_9_nav_r2_57 route=2 candidate=8 trial=57 t=3338.6
t=3348.9 LAP_CAPTURE craft=Aircraft_9_nav_r5_46 route=5 return=258.9s lap=567.5s carrier_dist=200m t=3348.9
t=3353.6 ==== SUMMARY t=3353.6 ====
t=3353.7 route=1 laps=7 crashes=0 avg_out=155.6s avg_ret=175.7s avg_lap=343.7s best_lap=342.3
t=3353.7 route=2 laps=6 crashes=0 avg_out=214.4s avg_ret=249.9s avg_lap=476.3s best_lap=454.8
t=3353.7 route=3 laps=5 crashes=0 avg_out=242.9s avg_ret=264.6s avg_lap=519.5s best_lap=508.2
t=3353.7 route=4 laps=7 crashes=0 avg_out=200.3s avg_ret=168.2s avg_lap=380.5s best_lap=374.9
t=3353.7 route=5 laps=5 crashes=0 avg_out=295.2s avg_ret=256.5s avg_lap=563.8s best_lap=555.9
t=3353.7 route=6 laps=7 crashes=0 avg_out=178.9s avg_ret=159.3s avg_lap=350.6s best_lap=349.8
t=3353.7 route=7 laps=7 crashes=0 avg_out=197.6s avg_ret=157.1s avg_lap=366.7s best_lap=355.8
t=3353.7 route=8 laps=5 crashes=1 avg_out=185.4s avg_ret=188.1s avg_lap=385.2s best_lap=383.2
t=3353.7 TOTAL laps=49 crashes=1
t=3353.7 TUNER gen=0 results=50/64 pending=7 active=7 remaining=14 next_trial=58 rounds=[8,7,6,8,5,8,8,7]
t=3368.8 SPAWN craft=Aircraft_9_nav_r5_58 route=5 candidate=2 trial=58 t=3368.8
t=3383.7 ==== SUMMARY t=3383.7 ====
t=3383.7 route=1 laps=7 crashes=0 avg_out=155.6s avg_ret=175.7s avg_lap=343.7s best_lap=342.3
t=3383.7 route=2 laps=6 crashes=0 avg_out=214.4s avg_ret=249.9s avg_lap=476.3s best_lap=454.8
t=3383.8 route=3 laps=5 crashes=0 avg_out=242.9s avg_ret=264.6s avg_lap=519.5s best_lap=508.2
t=3383.8 route=4 laps=7 crashes=0 avg_out=200.3s avg_ret=168.2s avg_lap=380.5s best_lap=374.9
t=3383.8 route=5 laps=5 crashes=0 avg_out=295.2s avg_ret=256.5s avg_lap=563.8s best_lap=555.9
t=3383.8 route=6 laps=7 crashes=0 avg_out=178.9s avg_ret=159.3s avg_lap=350.6s best_lap=349.8
t=3383.8 route=7 laps=7 crashes=0 avg_out=197.6s avg_ret=157.1s avg_lap=366.7s best_lap=355.8
t=3383.8 route=8 laps=5 crashes=1 avg_out=185.4s avg_ret=188.1s avg_lap=385.2s best_lap=383.2
t=3383.8 TOTAL laps=49 crashes=1
t=3383.8 TUNER gen=0 results=50/64 pending=8 active=8 remaining=14 next_trial=59 rounds=[8,7,6,8,6,8,8,7]
t=3396.4 LZ_REACHED craft=Aircraft_9_nav_r7_53 route=7 outbound=198.6s t=3396.4
t=3413.7 ==== SUMMARY t=3413.7 ====
t=3413.7 route=1 laps=7 crashes=0 avg_out=155.6s avg_ret=175.7s avg_lap=343.7s best_lap=342.3
t=3413.8 route=2 laps=6 crashes=0 avg_out=214.4s avg_ret=249.9s avg_lap=476.3s best_lap=454.8
t=3413.8 route=3 laps=5 crashes=0 avg_out=242.9s avg_ret=264.6s avg_lap=519.5s best_lap=508.2
t=3413.8 route=4 laps=7 crashes=0 avg_out=200.3s avg_ret=168.2s avg_lap=380.5s best_lap=374.9
t=3413.8 route=5 laps=5 crashes=0 avg_out=295.2s avg_ret=256.5s avg_lap=563.8s best_lap=555.9
t=3413.8 route=6 laps=7 crashes=0 avg_out=178.9s avg_ret=159.3s avg_lap=350.6s best_lap=349.8
t=3413.8 route=7 laps=7 crashes=0 avg_out=197.7s avg_ret=157.1s avg_lap=366.7s best_lap=355.8
t=3413.8 route=8 laps=5 crashes=1 avg_out=185.4s avg_ret=188.1s avg_lap=385.2s best_lap=383.2
t=3413.8 TOTAL laps=49 crashes=1
t=3413.8 TUNER gen=0 results=50/64 pending=8 active=8 remaining=14 next_trial=59 rounds=[8,7,6,8,6,8,8,7]
t=3420.4 LZ_REACHED craft=Aircraft_9_nav_r4_54 route=4 outbound=202.4s t=3420.4
t=3424.5 LAP_CAPTURE craft=Aircraft_9_nav_r1_51 route=1 return=177.4s lap=342.1s carrier_dist=200m t=3424.5
t=3435.9 TUNING_REASSIGN craft=Aircraft_9_nav_r1_59 requested_route=1 assigned_route=3
t=3443.8 ==== SUMMARY t=3443.8 ====
t=3443.8 route=1 laps=8 crashes=0 avg_out=155.6s avg_ret=175.9s avg_lap=343.5s best_lap=342.1
t=3443.8 route=2 laps=6 crashes=0 avg_out=214.4s avg_ret=249.9s avg_lap=476.3s best_lap=454.8
t=3443.8 route=3 laps=5 crashes=0 avg_out=242.9s avg_ret=264.6s avg_lap=519.5s best_lap=508.2
t=3443.8 route=4 laps=7 crashes=0 avg_out=200.6s avg_ret=168.2s avg_lap=380.5s best_lap=374.9
t=3443.8 route=5 laps=5 crashes=0 avg_out=295.2s avg_ret=256.5s avg_lap=563.8s best_lap=555.9
t=3443.8 route=6 laps=7 crashes=0 avg_out=178.9s avg_ret=159.3s avg_lap=350.6s best_lap=349.8
t=3443.8 route=7 laps=7 crashes=0 avg_out=197.7s avg_ret=157.1s avg_lap=366.7s best_lap=355.8
t=3443.8 route=8 laps=5 crashes=1 avg_out=185.4s avg_ret=188.1s avg_lap=385.2s best_lap=383.2
t=3443.8 TOTAL laps=50 crashes=1
t=3443.8 TUNER gen=0 results=51/64 pending=8 active=8 remaining=13 next_trial=60 rounds=[8,7,7,8,6,8,8,7]
t=3444.0 SPAWN craft=Aircraft_9_nav_r1_59 route=3 candidate=1 trial=59 t=3444.0
t=3448.9 LZ_REACHED craft=Aircraft_9_nav_r8_55 route=8 outbound=185.6s t=3448.9
t=3472.1 LAP_CAPTURE craft=Aircraft_9_nav_r6_52 route=6 return=156.0s lap=344.4s carrier_dist=200m t=3472.1
t=3473.9 ==== SUMMARY t=3473.9 ====
t=3473.9 route=1 laps=8 crashes=0 avg_out=155.6s avg_ret=175.9s avg_lap=343.5s best_lap=342.1
t=3473.9 route=2 laps=6 crashes=0 avg_out=214.4s avg_ret=249.9s avg_lap=476.3s best_lap=454.8
t=3473.9 route=3 laps=5 crashes=0 avg_out=242.9s avg_ret=264.6s avg_lap=519.5s best_lap=508.2
t=3473.9 route=4 laps=7 crashes=0 avg_out=200.6s avg_ret=168.2s avg_lap=380.5s best_lap=374.9
t=3473.9 route=5 laps=5 crashes=0 avg_out=295.2s avg_ret=256.5s avg_lap=563.8s best_lap=555.9
t=3473.9 route=6 laps=8 crashes=0 avg_out=178.9s avg_ret=158.9s avg_lap=349.8s best_lap=344.4
t=3473.9 route=7 laps=7 crashes=0 avg_out=197.7s avg_ret=157.1s avg_lap=366.7s best_lap=355.8
t=3473.9 route=8 laps=5 crashes=1 avg_out=185.5s avg_ret=188.1s avg_lap=385.2s best_lap=383.2
t=3473.9 TOTAL laps=51 crashes=1
t=3473.9 TUNER gen=0 results=52/64 pending=7 active=7 remaining=12 next_trial=60 rounds=[8,7,7,8,6,8,8,7]
t=3481.2 TUNING_REASSIGN craft=Aircraft_9_nav_r1_60 requested_route=1 assigned_route=5
t=3483.4 LAUNCH_BLOCKED reason=tuner_capacity_full active=8 stored=1 no_active_s=0.0 state=AIRCRAFT_ON_DECK tractor_cleanup=false elevator_transfer=true deck=Aircraft_9_nav_r1_60 pending=none clearance=none queue=0
t=3489.4 SPAWN craft=Aircraft_9_nav_r1_60 route=5 candidate=3 trial=60 t=3489.4
t=3498.6 LAUNCH_BLOCKED reason=tuner_capacity_full active=8 stored=1 no_active_s=0.0 state=IDLE tractor_cleanup=false elevator_transfer=false deck=Aircraft_9_nav_r1_60 pending=none clearance=none queue=0
t=3504.0 ==== SUMMARY t=3504.0 ====
t=3504.0 route=1 laps=8 crashes=0 avg_out=155.6s avg_ret=175.9s avg_lap=343.5s best_lap=342.1
t=3504.0 route=2 laps=6 crashes=0 avg_out=214.4s avg_ret=249.9s avg_lap=476.3s best_lap=454.8
t=3504.0 route=3 laps=5 crashes=0 avg_out=242.9s avg_ret=264.6s avg_lap=519.5s best_lap=508.2
t=3504.0 route=4 laps=7 crashes=0 avg_out=200.6s avg_ret=168.2s avg_lap=380.5s best_lap=374.9
t=3504.0 route=5 laps=5 crashes=0 avg_out=295.2s avg_ret=256.5s avg_lap=563.8s best_lap=555.9
t=3504.0 route=6 laps=8 crashes=0 avg_out=178.9s avg_ret=158.9s avg_lap=349.8s best_lap=344.4
t=3504.0 route=7 laps=7 crashes=0 avg_out=197.7s avg_ret=157.1s avg_lap=366.7s best_lap=355.8
t=3504.0 route=8 laps=5 crashes=1 avg_out=185.5s avg_ret=188.1s avg_lap=385.2s best_lap=383.2
t=3504.0 TOTAL laps=51 crashes=1
t=3504.0 TUNER gen=0 results=52/64 pending=8 active=8 remaining=12 next_trial=61 rounds=[8,7,7,8,7,8,8,7]
t=3513.6 LAUNCH_BLOCKED reason=tuner_capacity_full active=8 stored=1 no_active_s=0.0 state=IDLE tractor_cleanup=false elevator_transfer=false deck=Aircraft_9_nav_r1_60 pending=none clearance=none queue=0
t=3526.4 LZ_REACHED craft=Aircraft_9_nav_r3_56 route=3 outbound=243.0s t=3526.4
t=3528.7 LAUNCH_BLOCKED reason=tuner_capacity_full active=8 stored=1 no_active_s=0.0 state=IDLE tractor_cleanup=false elevator_transfer=false deck=Aircraft_9_nav_r1_60 pending=none clearance=none queue=0
t=3534.0 ==== SUMMARY t=3534.0 ====
t=3534.0 route=1 laps=8 crashes=0 avg_out=155.6s avg_ret=175.9s avg_lap=343.5s best_lap=342.1
t=3534.0 route=2 laps=6 crashes=0 avg_out=214.4s avg_ret=249.9s avg_lap=476.3s best_lap=454.8
t=3534.0 route=3 laps=5 crashes=0 avg_out=242.9s avg_ret=264.6s avg_lap=519.5s best_lap=508.2
t=3534.0 route=4 laps=7 crashes=0 avg_out=200.6s avg_ret=168.2s avg_lap=380.5s best_lap=374.9
t=3534.0 route=5 laps=5 crashes=0 avg_out=295.2s avg_ret=256.5s avg_lap=563.8s best_lap=555.9
t=3534.0 route=6 laps=8 crashes=0 avg_out=178.9s avg_ret=158.9s avg_lap=349.8s best_lap=344.4
t=3534.0 route=7 laps=7 crashes=0 avg_out=197.7s avg_ret=157.1s avg_lap=366.7s best_lap=355.8
t=3534.0 route=8 laps=5 crashes=1 avg_out=185.5s avg_ret=188.1s avg_lap=385.2s best_lap=383.2
t=3534.0 TOTAL laps=51 crashes=1
t=3534.0 TUNER gen=0 results=52/64 pending=8 active=8 remaining=12 next_trial=61 rounds=[8,7,7,8,7,8,8,7]
t=3543.8 LAUNCH_BLOCKED reason=tuner_capacity_full active=8 stored=1 no_active_s=0.0 state=IDLE tractor_cleanup=false elevator_transfer=false deck=Aircraft_9_nav_r1_60 pending=none clearance=none queue=0
t=3553.4 LZ_REACHED craft=Aircraft_9_nav_r2_57 route=2 outbound=214.7s t=3553.4
t=3558.8 LAUNCH_BLOCKED reason=tuner_capacity_full active=8 stored=1 no_active_s=0.0 state=IDLE tractor_cleanup=false elevator_transfer=false deck=Aircraft_9_nav_r1_60 pending=none clearance=none queue=0
t=3564.0 ==== SUMMARY t=3564.0 ====
t=3564.0 route=1 laps=8 crashes=0 avg_out=155.6s avg_ret=175.9s avg_lap=343.5s best_lap=342.1
t=3564.0 route=2 laps=6 crashes=0 avg_out=214.4s avg_ret=249.9s avg_lap=476.3s best_lap=454.8
t=3564.0 route=3 laps=5 crashes=0 avg_out=242.9s avg_ret=264.6s avg_lap=519.5s best_lap=508.2
t=3564.1 route=4 laps=7 crashes=0 avg_out=200.6s avg_ret=168.2s avg_lap=380.5s best_lap=374.9
t=3564.1 route=5 laps=5 crashes=0 avg_out=295.2s avg_ret=256.5s avg_lap=563.8s best_lap=555.9
t=3564.1 route=6 laps=8 crashes=0 avg_out=178.9s avg_ret=158.9s avg_lap=349.8s best_lap=344.4
t=3564.1 route=7 laps=7 crashes=0 avg_out=197.7s avg_ret=157.1s avg_lap=366.7s best_lap=355.8
t=3564.1 route=8 laps=5 crashes=1 avg_out=185.5s avg_ret=188.1s avg_lap=385.2s best_lap=383.2
t=3564.1 TOTAL laps=51 crashes=1
t=3564.1 TUNER gen=0 results=52/64 pending=8 active=8 remaining=12 next_trial=61 rounds=[8,7,7,8,7,8,8,7]
t=3566.8 LAP_CAPTURE craft=Aircraft_9_nav_r7_53 route=7 return=158.3s lap=368.9s carrier_dist=200m t=3566.8
t=3576.7 TUNING_REASSIGN craft=Aircraft_9_nav_r6_61 requested_route=6 assigned_route=2
t=3578.9 LAUNCH_BLOCKED reason=tuner_capacity_full active=8 stored=1 no_active_s=0.0 state=AIRCRAFT_ON_DECK tractor_cleanup=false elevator_transfer=true deck=Aircraft_9_nav_r6_61 pending=none clearance=none queue=0
t=3584.8 SPAWN craft=Aircraft_9_nav_r6_61 route=2 candidate=1 trial=61 t=3584.8
t=3593.9 LAUNCH_BLOCKED reason=tuner_capacity_full active=8 stored=1 no_active_s=0.0 state=IDLE tractor_cleanup=false elevator_transfer=false deck=Aircraft_9_nav_r6_61 pending=none clearance=none queue=0
t=3594.0 ==== SUMMARY t=3594.0 ====
t=3594.0 route=1 laps=8 crashes=0 avg_out=155.6s avg_ret=175.9s avg_lap=343.5s best_lap=342.1
t=3594.0 route=2 laps=6 crashes=0 avg_out=214.4s avg_ret=249.9s avg_lap=476.3s best_lap=454.8
t=3594.1 route=3 laps=5 crashes=0 avg_out=242.9s avg_ret=264.6s avg_lap=519.5s best_lap=508.2
t=3594.1 route=4 laps=7 crashes=0 avg_out=200.6s avg_ret=168.2s avg_lap=380.5s best_lap=374.9
t=3594.1 route=5 laps=5 crashes=0 avg_out=295.2s avg_ret=256.5s avg_lap=563.8s best_lap=555.9
t=3594.1 route=6 laps=8 crashes=0 avg_out=178.9s avg_ret=158.9s avg_lap=349.8s best_lap=344.4
t=3594.1 route=7 laps=8 crashes=0 avg_out=197.7s avg_ret=157.2s avg_lap=367.0s best_lap=355.8
t=3594.1 route=8 laps=5 crashes=1 avg_out=185.5s avg_ret=188.1s avg_lap=385.2s best_lap=383.2
t=3594.1 TOTAL laps=52 crashes=1
t=3594.1 TUNER gen=0 results=53/64 pending=8 active=8 remaining=11 next_trial=62 rounds=[8,8,7,8,7,8,8,7]
t=3602.3 LAP_CAPTURE craft=Aircraft_9_nav_r4_54 route=4 return=169.9s lap=384.2s carrier_dist=200m t=3602.3
t=3611.8 TUNING_REASSIGN craft=Aircraft_9_nav_r1_62 requested_route=1 assigned_route=3
t=3614.1 LAUNCH_BLOCKED reason=tuner_capacity_full active=8 stored=1 no_active_s=0.0 state=AIRCRAFT_ON_DECK tractor_cleanup=false elevator_transfer=true deck=Aircraft_9_nav_r1_62 pending=none clearance=none queue=0
t=3619.9 SPAWN craft=Aircraft_9_nav_r1_62 route=3 candidate=2 trial=62 t=3619.9
t=3624.1 ==== SUMMARY t=3624.1 ====
t=3624.1 route=1 laps=8 crashes=0 avg_out=155.6s avg_ret=175.9s avg_lap=343.5s best_lap=342.1
t=3624.1 route=2 laps=6 crashes=0 avg_out=214.4s avg_ret=249.9s avg_lap=476.3s best_lap=454.8
t=3624.1 route=3 laps=5 crashes=0 avg_out=242.9s avg_ret=264.6s avg_lap=519.5s best_lap=508.2
t=3624.1 route=4 laps=8 crashes=0 avg_out=200.6s avg_ret=168.4s avg_lap=381.0s best_lap=374.9
t=3624.2 route=5 laps=5 crashes=0 avg_out=295.2s avg_ret=256.5s avg_lap=563.8s best_lap=555.9
t=3624.2 route=6 laps=8 crashes=0 avg_out=178.9s avg_ret=158.9s avg_lap=349.8s best_lap=344.4
t=3624.2 route=7 laps=8 crashes=0 avg_out=197.7s avg_ret=157.2s avg_lap=367.0s best_lap=355.8
t=3624.2 route=8 laps=5 crashes=1 avg_out=185.5s avg_ret=188.1s avg_lap=385.2s best_lap=383.2
t=3624.2 TOTAL laps=53 crashes=1
t=3624.2 TUNER gen=0 results=54/64 pending=8 active=8 remaining=10 next_trial=63 rounds=[8,8,8,8,7,8,8,7]
t=3634.1 LAUNCH_BLOCKED reason=tuner_capacity_full active=8 stored=1 no_active_s=0.0 state=IDLE tractor_cleanup=false elevator_transfer=false deck=Aircraft_9_nav_r1_62 pending=none clearance=Aircraft_9_nav_r8_55 queue=0
t=3646.4 LAP_CAPTURE craft=Aircraft_9_nav_r8_55 route=8 return=185.5s lap=383.1s carrier_dist=200m t=3646.4
t=3649.2 LAUNCH_BLOCKED reason=cleared_unready_nav_deck_aircraft active=7 stored=1 no_active_s=0.0 state=IDLE tractor_cleanup=false elevator_transfer=false deck=Aircraft_9_nav_r1_62 pending=none clearance=none queue=0
t=3654.2 ==== SUMMARY t=3654.2 ====
t=3654.2 route=1 laps=8 crashes=0 avg_out=155.6s avg_ret=175.9s avg_lap=343.5s best_lap=342.1
t=3654.2 route=2 laps=6 crashes=0 avg_out=214.4s avg_ret=249.9s avg_lap=476.3s best_lap=454.8
t=3654.2 route=3 laps=5 crashes=0 avg_out=242.9s avg_ret=264.6s avg_lap=519.5s best_lap=508.2
t=3654.2 route=4 laps=8 crashes=0 avg_out=200.6s avg_ret=168.4s avg_lap=381.0s best_lap=374.9
t=3654.2 route=5 laps=5 crashes=0 avg_out=295.2s avg_ret=256.5s avg_lap=563.8s best_lap=555.9
t=3654.2 route=6 laps=8 crashes=0 avg_out=178.9s avg_ret=158.9s avg_lap=349.8s best_lap=344.4
t=3654.2 route=7 laps=8 crashes=0 avg_out=197.7s avg_ret=157.2s avg_lap=367.0s best_lap=355.8
t=3654.2 route=8 laps=6 crashes=1 avg_out=185.5s avg_ret=187.6s avg_lap=384.8s best_lap=383.1
t=3654.2 TOTAL laps=54 crashes=1
t=3654.2 TUNER gen=0 results=55/64 pending=7 active=7 remaining=9 next_trial=63 rounds=[8,8,8,8,7,8,8,7]
t=3656.9 TUNING_REASSIGN craft=Aircraft_9_nav_r4_63 requested_route=4 assigned_route=5
t=3664.3 LAUNCH_BLOCKED reason=tuner_capacity_full active=8 stored=1 no_active_s=0.0 state=AIRCRAFT_ON_DECK tractor_cleanup=false elevator_transfer=false deck=Aircraft_9_nav_r4_63 pending=none clearance=none queue=0
t=3665.1 SPAWN craft=Aircraft_9_nav_r4_63 route=5 candidate=4 trial=63 t=3665.1
t=3667.5 LZ_REACHED craft=Aircraft_9_nav_r5_58 route=5 outbound=298.7s t=3667.5
t=3679.4 LAUNCH_BLOCKED reason=tuner_capacity_full active=8 stored=1 no_active_s=0.0 state=IDLE tractor_cleanup=false elevator_transfer=false deck=Aircraft_9_nav_r4_63 pending=none clearance=none queue=0
t=3684.3 ==== SUMMARY t=3684.3 ====
t=3684.3 route=1 laps=8 crashes=0 avg_out=155.6s avg_ret=175.9s avg_lap=343.5s best_lap=342.1
t=3684.3 route=2 laps=6 crashes=0 avg_out=214.4s avg_ret=249.9s avg_lap=476.3s best_lap=454.8
t=3684.3 route=3 laps=5 crashes=0 avg_out=242.9s avg_ret=264.6s avg_lap=519.5s best_lap=508.2
t=3684.3 route=4 laps=8 crashes=0 avg_out=200.6s avg_ret=168.4s avg_lap=381.0s best_lap=374.9
t=3684.3 route=5 laps=5 crashes=0 avg_out=295.8s avg_ret=256.5s avg_lap=563.8s best_lap=555.9
t=3684.3 route=6 laps=8 crashes=0 avg_out=178.9s avg_ret=158.9s avg_lap=349.8s best_lap=344.4
t=3684.4 route=7 laps=8 crashes=0 avg_out=197.7s avg_ret=157.2s avg_lap=367.0s best_lap=355.8
t=3684.4 route=8 laps=6 crashes=1 avg_out=185.5s avg_ret=187.6s avg_lap=384.8s best_lap=383.1
t=3684.4 TOTAL laps=54 crashes=1
t=3684.4 TUNER gen=0 results=55/64 pending=8 active=8 remaining=9 next_trial=64 rounds=[8,8,8,8,8,8,8,7]
t=3686.6 LZ_REACHED craft=Aircraft_9_nav_r1_59 route=3 outbound=242.7s t=3686.6
t=3694.5 LAUNCH_BLOCKED reason=tuner_capacity_full active=8 stored=1 no_active_s=0.0 state=IDLE tractor_cleanup=false elevator_transfer=false deck=Aircraft_9_nav_r4_63 pending=none clearance=none queue=0
t=3709.6 LAUNCH_BLOCKED reason=tuner_capacity_full active=8 stored=1 no_active_s=0.0 state=IDLE tractor_cleanup=false elevator_transfer=false deck=Aircraft_9_nav_r4_63 pending=none clearance=none queue=0
t=3714.4 ==== SUMMARY t=3714.4 ====
t=3714.4 route=1 laps=8 crashes=0 avg_out=155.6s avg_ret=175.9s avg_lap=343.5s best_lap=342.1
t=3714.4 route=2 laps=6 crashes=0 avg_out=214.4s avg_ret=249.9s avg_lap=476.3s best_lap=454.8
t=3714.4 route=3 laps=5 crashes=0 avg_out=242.9s avg_ret=264.6s avg_lap=519.5s best_lap=508.2
t=3714.4 route=4 laps=8 crashes=0 avg_out=200.6s avg_ret=168.4s avg_lap=381.0s best_lap=374.9
t=3714.4 route=5 laps=5 crashes=0 avg_out=295.8s avg_ret=256.5s avg_lap=563.8s best_lap=555.9
t=3714.4 route=6 laps=8 crashes=0 avg_out=178.9s avg_ret=158.9s avg_lap=349.8s best_lap=344.4
t=3714.4 route=7 laps=8 crashes=0 avg_out=197.7s avg_ret=157.2s avg_lap=367.0s best_lap=355.8
t=3714.4 route=8 laps=6 crashes=1 avg_out=185.5s avg_ret=187.6s avg_lap=384.8s best_lap=383.1
t=3714.4 TOTAL laps=54 crashes=1
t=3714.4 TUNER gen=0 results=55/64 pending=8 active=8 remaining=9 next_trial=64 rounds=[8,8,8,8,8,8,8,7]
t=3724.7 LAUNCH_BLOCKED reason=tuner_capacity_full active=8 stored=1 no_active_s=0.0 state=IDLE tractor_cleanup=false elevator_transfer=false deck=Aircraft_9_nav_r4_63 pending=none clearance=none queue=0
t=3739.7 LAUNCH_BLOCKED reason=tuner_capacity_full active=8 stored=1 no_active_s=0.0 state=IDLE tractor_cleanup=false elevator_transfer=false deck=Aircraft_9_nav_r4_63 pending=none clearance=none queue=0
t=3744.4 ==== SUMMARY t=3744.4 ====
t=3744.4 route=1 laps=8 crashes=0 avg_out=155.6s avg_ret=175.9s avg_lap=343.5s best_lap=342.1
t=3744.4 route=2 laps=6 crashes=0 avg_out=214.4s avg_ret=249.9s avg_lap=476.3s best_lap=454.8
t=3744.4 route=3 laps=5 crashes=0 avg_out=242.9s avg_ret=264.6s avg_lap=519.5s best_lap=508.2
t=3744.4 route=4 laps=8 crashes=0 avg_out=200.6s avg_ret=168.4s avg_lap=381.0s best_lap=374.9
t=3744.4 route=5 laps=5 crashes=0 avg_out=295.8s avg_ret=256.5s avg_lap=563.8s best_lap=555.9
t=3744.4 route=6 laps=8 crashes=0 avg_out=178.9s avg_ret=158.9s avg_lap=349.8s best_lap=344.4
t=3744.4 route=7 laps=8 crashes=0 avg_out=197.7s avg_ret=157.2s avg_lap=367.0s best_lap=355.8
t=3744.4 route=8 laps=6 crashes=1 avg_out=185.5s avg_ret=187.6s avg_lap=384.8s best_lap=383.1
t=3744.4 TOTAL laps=54 crashes=1
t=3744.4 TUNER gen=0 results=55/64 pending=8 active=8 remaining=9 next_trial=64 rounds=[8,8,8,8,8,8,8,7]
t=3754.7 LAUNCH_BLOCKED reason=tuner_capacity_full active=8 stored=1 no_active_s=0.0 state=IDLE tractor_cleanup=false elevator_transfer=false deck=Aircraft_9_nav_r4_63 pending=none clearance=none queue=0
t=3769.8 LAUNCH_BLOCKED reason=tuner_capacity_full active=8 stored=1 no_active_s=0.0 state=IDLE tractor_cleanup=false elevator_transfer=false deck=Aircraft_9_nav_r4_63 pending=none clearance=none queue=0
t=3774.4 ==== SUMMARY t=3774.4 ====
t=3774.4 route=1 laps=8 crashes=0 avg_out=155.6s avg_ret=175.9s avg_lap=343.5s best_lap=342.1
t=3774.4 route=2 laps=6 crashes=0 avg_out=214.4s avg_ret=249.9s avg_lap=476.3s best_lap=454.8
t=3774.4 route=3 laps=5 crashes=0 avg_out=242.9s avg_ret=264.6s avg_lap=519.5s best_lap=508.2
t=3774.4 route=4 laps=8 crashes=0 avg_out=200.6s avg_ret=168.4s avg_lap=381.0s best_lap=374.9
t=3774.4 route=5 laps=5 crashes=0 avg_out=295.8s avg_ret=256.5s avg_lap=563.8s best_lap=555.9
t=3774.4 route=6 laps=8 crashes=0 avg_out=178.9s avg_ret=158.9s avg_lap=349.8s best_lap=344.4
t=3774.5 route=7 laps=8 crashes=0 avg_out=197.7s avg_ret=157.2s avg_lap=367.0s best_lap=355.8
t=3774.5 route=8 laps=6 crashes=1 avg_out=185.5s avg_ret=187.6s avg_lap=384.8s best_lap=383.1
t=3774.5 TOTAL laps=54 crashes=1
t=3774.5 TUNER gen=0 results=55/64 pending=8 active=8 remaining=9 next_trial=64 rounds=[8,8,8,8,8,8,8,7]
t=3784.8 LAUNCH_BLOCKED reason=tuner_capacity_full active=8 stored=1 no_active_s=0.0 state=IDLE tractor_cleanup=false elevator_transfer=false deck=Aircraft_9_nav_r4_63 pending=none clearance=none queue=0
t=3786.9 LZ_REACHED craft=Aircraft_9_nav_r1_60 route=5 outbound=297.5s t=3786.9
t=3798.6 LZ_REACHED craft=Aircraft_9_nav_r6_61 route=2 outbound=213.8s t=3798.6
t=3799.9 LAUNCH_BLOCKED reason=tuner_capacity_full active=8 stored=1 no_active_s=0.0 state=IDLE tractor_cleanup=false elevator_transfer=false deck=Aircraft_9_nav_r4_63 pending=none clearance=none queue=0
t=3804.5 ==== SUMMARY t=3804.5 ====
t=3804.5 route=1 laps=8 crashes=0 avg_out=155.6s avg_ret=175.9s avg_lap=343.5s best_lap=342.1
t=3804.5 route=2 laps=6 crashes=0 avg_out=214.4s avg_ret=249.9s avg_lap=476.3s best_lap=454.8
t=3804.5 route=3 laps=5 crashes=0 avg_out=242.9s avg_ret=264.6s avg_lap=519.5s best_lap=508.2
t=3804.5 route=4 laps=8 crashes=0 avg_out=200.6s avg_ret=168.4s avg_lap=381.0s best_lap=374.9
t=3804.5 route=5 laps=5 crashes=0 avg_out=296.1s avg_ret=256.5s avg_lap=563.8s best_lap=555.9
t=3804.5 route=6 laps=8 crashes=0 avg_out=178.9s avg_ret=158.9s avg_lap=349.8s best_lap=344.4
t=3804.5 route=7 laps=8 crashes=0 avg_out=197.7s avg_ret=157.2s avg_lap=367.0s best_lap=355.8
t=3804.5 route=8 laps=6 crashes=1 avg_out=185.5s avg_ret=187.6s avg_lap=384.8s best_lap=383.1
t=3804.5 TOTAL laps=54 crashes=1
t=3804.5 TUNER gen=0 results=55/64 pending=8 active=8 remaining=9 next_trial=64 rounds=[8,8,8,8,8,8,8,7]
t=3808.9 LAP_CAPTURE craft=Aircraft_9_nav_r3_56 route=3 return=270.5s lap=525.5s carrier_dist=200m t=3808.9
t=3811.3 LAP_CAPTURE craft=Aircraft_9_nav_r2_57 route=2 return=245.9s lap=472.7s carrier_dist=200m t=3811.3
t=3817.7 TUNING_REASSIGN craft=Aircraft_9_nav_r1_64 requested_route=1 assigned_route=8
t=3820.0 LAUNCH_BLOCKED reason=tuner_capacity_full active=7 stored=1 no_active_s=0.0 state=AIRCRAFT_ON_DECK tractor_cleanup=false elevator_transfer=true deck=Aircraft_9_nav_r1_64 pending=none clearance=none queue=0
t=3825.8 SPAWN craft=Aircraft_9_nav_r1_64 route=8 candidate=7 trial=64 t=3825.8
t=3834.5 ==== SUMMARY t=3834.5 ====
t=3834.5 route=1 laps=8 crashes=0 avg_out=155.6s avg_ret=175.9s avg_lap=343.5s best_lap=342.1
t=3834.5 route=2 laps=7 crashes=0 avg_out=214.4s avg_ret=249.3s avg_lap=475.7s best_lap=454.8
t=3834.5 route=3 laps=6 crashes=0 avg_out=242.9s avg_ret=265.6s avg_lap=520.5s best_lap=508.2
t=3834.5 route=4 laps=8 crashes=0 avg_out=200.6s avg_ret=168.4s avg_lap=381.0s best_lap=374.9
t=3834.5 route=5 laps=5 crashes=0 avg_out=296.1s avg_ret=256.5s avg_lap=563.8s best_lap=555.9
t=3834.5 route=6 laps=8 crashes=0 avg_out=178.9s avg_ret=158.9s avg_lap=349.8s best_lap=344.4
t=3834.5 route=7 laps=8 crashes=0 avg_out=197.7s avg_ret=157.2s avg_lap=367.0s best_lap=355.8
t=3834.5 route=8 laps=6 crashes=1 avg_out=185.5s avg_ret=187.6s avg_lap=384.8s best_lap=383.1
t=3834.6 TOTAL laps=56 crashes=1
t=3834.6 TUNER gen=0 results=57/64 pending=7 active=7 remaining=7 next_trial=65 rounds=[8,8,8,8,8,8,8,8]
t=3835.1 LAUNCH_BLOCKED reason=tuner_capacity_full active=7 stored=1 no_active_s=0.0 state=IDLE tractor_cleanup=false elevator_transfer=false deck=Aircraft_9_nav_r1_64 pending=none clearance=none queue=0
t=3850.1 LAUNCH_BLOCKED reason=tuner_capacity_full active=7 stored=1 no_active_s=0.0 state=IDLE tractor_cleanup=false elevator_transfer=false deck=Aircraft_9_nav_r1_64 pending=none clearance=none queue=0
t=3863.0 LZ_REACHED craft=Aircraft_9_nav_r1_62 route=3 outbound=243.1s t=3863.0
t=3864.5 ==== SUMMARY t=3864.5 ====
t=3864.5 route=1 laps=8 crashes=0 avg_out=155.6s avg_ret=175.9s avg_lap=343.5s best_lap=342.1
t=3864.5 route=2 laps=7 crashes=0 avg_out=214.4s avg_ret=249.3s avg_lap=475.7s best_lap=454.8
t=3864.5 route=3 laps=6 crashes=0 avg_out=242.9s avg_ret=265.6s avg_lap=520.5s best_lap=508.2
t=3864.5 route=4 laps=8 crashes=0 avg_out=200.6s avg_ret=168.4s avg_lap=381.0s best_lap=374.9
t=3864.5 route=5 laps=5 crashes=0 avg_out=296.1s avg_ret=256.5s avg_lap=563.8s best_lap=555.9
t=3864.6 route=6 laps=8 crashes=0 avg_out=178.9s avg_ret=158.9s avg_lap=349.8s best_lap=344.4
t=3864.6 route=7 laps=8 crashes=0 avg_out=197.7s avg_ret=157.2s avg_lap=367.0s best_lap=355.8
t=3864.6 route=8 laps=6 crashes=1 avg_out=185.5s avg_ret=187.6s avg_lap=384.8s best_lap=383.1
t=3864.6 TOTAL laps=56 crashes=1
t=3864.6 TUNER gen=0 results=57/64 pending=7 active=7 remaining=7 next_trial=65 rounds=[8,8,8,8,8,8,8,8]
t=3865.2 LAUNCH_BLOCKED reason=tuner_capacity_full active=7 stored=1 no_active_s=0.0 state=IDLE tractor_cleanup=false elevator_transfer=false deck=Aircraft_9_nav_r1_64 pending=none clearance=none queue=0
t=3880.3 LAUNCH_BLOCKED reason=tuner_capacity_full active=7 stored=1 no_active_s=0.0 state=IDLE tractor_cleanup=false elevator_transfer=false deck=Aircraft_9_nav_r1_64 pending=none clearance=none queue=0
t=3894.6 ==== SUMMARY t=3894.6 ====
t=3894.6 route=1 laps=8 crashes=0 avg_out=155.6s avg_ret=175.9s avg_lap=343.5s best_lap=342.1
t=3894.6 route=2 laps=7 crashes=0 avg_out=214.4s avg_ret=249.3s avg_lap=475.7s best_lap=454.8
t=3894.6 route=3 laps=6 crashes=0 avg_out=242.9s avg_ret=265.6s avg_lap=520.5s best_lap=508.2
t=3894.6 route=4 laps=8 crashes=0 avg_out=200.6s avg_ret=168.4s avg_lap=381.0s best_lap=374.9
t=3894.6 route=5 laps=5 crashes=0 avg_out=296.1s avg_ret=256.5s avg_lap=563.8s best_lap=555.9
t=3894.6 route=6 laps=8 crashes=0 avg_out=178.9s avg_ret=158.9s avg_lap=349.8s best_lap=344.4
t=3894.6 route=7 laps=8 crashes=0 avg_out=197.7s avg_ret=157.2s avg_lap=367.0s best_lap=355.8
t=3894.6 route=8 laps=6 crashes=1 avg_out=185.5s avg_ret=187.6s avg_lap=384.8s best_lap=383.1
t=3894.6 TOTAL laps=56 crashes=1
t=3894.6 TUNER gen=0 results=57/64 pending=7 active=7 remaining=7 next_trial=65 rounds=[8,8,8,8,8,8,8,8]
t=3895.3 LAUNCH_BLOCKED reason=tuner_capacity_full active=7 stored=1 no_active_s=0.0 state=IDLE tractor_cleanup=false elevator_transfer=false deck=Aircraft_9_nav_r1_64 pending=none clearance=none queue=0
t=3910.3 LAUNCH_BLOCKED reason=tuner_capacity_full active=7 stored=1 no_active_s=0.0 state=IDLE tractor_cleanup=false elevator_transfer=false deck=Aircraft_9_nav_r1_64 pending=none clearance=none queue=0
t=3924.6 ==== SUMMARY t=3924.6 ====
t=3924.6 route=1 laps=8 crashes=0 avg_out=155.6s avg_ret=175.9s avg_lap=343.5s best_lap=342.1
t=3924.6 route=2 laps=7 crashes=0 avg_out=214.4s avg_ret=249.3s avg_lap=475.7s best_lap=454.8
t=3924.6 route=3 laps=6 crashes=0 avg_out=242.9s avg_ret=265.6s avg_lap=520.5s best_lap=508.2
t=3924.6 route=4 laps=8 crashes=0 avg_out=200.6s avg_ret=168.4s avg_lap=381.0s best_lap=374.9
t=3924.6 route=5 laps=5 crashes=0 avg_out=296.1s avg_ret=256.5s avg_lap=563.8s best_lap=555.9
t=3924.6 route=6 laps=8 crashes=0 avg_out=178.9s avg_ret=158.9s avg_lap=349.8s best_lap=344.4
t=3924.6 route=7 laps=8 crashes=0 avg_out=197.7s avg_ret=157.2s avg_lap=367.0s best_lap=355.8
t=3924.6 route=8 laps=6 crashes=1 avg_out=185.5s avg_ret=187.6s avg_lap=384.8s best_lap=383.1
t=3924.6 TOTAL laps=56 crashes=1
t=3924.6 TUNER gen=0 results=57/64 pending=7 active=7 remaining=7 next_trial=65 rounds=[8,8,8,8,8,8,8,8]
t=3925.4 LAUNCH_BLOCKED reason=tuner_capacity_full active=7 stored=1 no_active_s=0.0 state=IDLE tractor_cleanup=false elevator_transfer=false deck=Aircraft_9_nav_r1_64 pending=none clearance=none queue=0
t=3938.3 LAP_CAPTURE craft=Aircraft_9_nav_r5_58 route=5 return=258.8s lap=569.6s carrier_dist=200m t=3938.3
t=3940.4 LAUNCH_BLOCKED reason=tuner_capacity_full active=6 stored=1 no_active_s=0.0 state=IDLE tractor_cleanup=false elevator_transfer=false deck=Aircraft_9_nav_r1_64 pending=none clearance=none queue=0
t=3954.6 ==== SUMMARY t=3954.6 ====
t=3954.6 route=1 laps=8 crashes=0 avg_out=155.6s avg_ret=175.9s avg_lap=343.5s best_lap=342.1
t=3954.6 route=2 laps=7 crashes=0 avg_out=214.4s avg_ret=249.3s avg_lap=475.7s best_lap=454.8
t=3954.6 route=3 laps=6 crashes=0 avg_out=242.9s avg_ret=265.6s avg_lap=520.5s best_lap=508.2
t=3954.6 route=4 laps=8 crashes=0 avg_out=200.6s avg_ret=168.4s avg_lap=381.0s best_lap=374.9
t=3954.6 route=5 laps=6 crashes=0 avg_out=296.1s avg_ret=256.9s avg_lap=564.7s best_lap=555.9
t=3954.6 route=6 laps=8 crashes=0 avg_out=178.9s avg_ret=158.9s avg_lap=349.8s best_lap=344.4
t=3954.6 route=7 laps=8 crashes=0 avg_out=197.7s avg_ret=157.2s avg_lap=367.0s best_lap=355.8
t=3954.6 route=8 laps=6 crashes=1 avg_out=185.5s avg_ret=187.6s avg_lap=384.8s best_lap=383.1
t=3954.7 TOTAL laps=57 crashes=1
t=3954.7 TUNER gen=0 results=58/64 pending=6 active=6 remaining=6 next_trial=65 rounds=[8,8,8,8,8,8,8,8]
t=3955.5 LAUNCH_BLOCKED reason=tuner_capacity_full active=6 stored=1 no_active_s=0.0 state=IDLE tractor_cleanup=false elevator_transfer=false deck=Aircraft_9_nav_r1_64 pending=none clearance=none queue=0
t=3962.4 LZ_REACHED craft=Aircraft_9_nav_r4_63 route=5 outbound=297.3s t=3962.4
t=3970.5 LAUNCH_BLOCKED reason=tuner_capacity_full active=6 stored=1 no_active_s=0.0 state=IDLE tractor_cleanup=false elevator_transfer=false deck=Aircraft_9_nav_r1_64 pending=none clearance=none queue=0
t=3974.0 LAP_CAPTURE craft=Aircraft_9_nav_r1_59 route=3 return=275.3s lap=530.0s carrier_dist=200m t=3974.0
t=3984.7 ==== SUMMARY t=3984.7 ====
t=3984.7 route=1 laps=8 crashes=0 avg_out=155.6s avg_ret=175.9s avg_lap=343.5s best_lap=342.1
t=3984.7 route=2 laps=7 crashes=0 avg_out=214.4s avg_ret=249.3s avg_lap=475.7s best_lap=454.8
t=3984.7 route=3 laps=7 crashes=0 avg_out=242.9s avg_ret=267.0s avg_lap=521.9s best_lap=508.2
t=3984.7 route=4 laps=8 crashes=0 avg_out=200.6s avg_ret=168.4s avg_lap=381.0s best_lap=374.9
t=3984.7 route=5 laps=6 crashes=0 avg_out=296.2s avg_ret=256.9s avg_lap=564.7s best_lap=555.9
t=3984.7 route=6 laps=8 crashes=0 avg_out=178.9s avg_ret=158.9s avg_lap=349.8s best_lap=344.4
t=3984.7 route=7 laps=8 crashes=0 avg_out=197.7s avg_ret=157.2s avg_lap=367.0s best_lap=355.8
t=3984.7 route=8 laps=6 crashes=1 avg_out=185.5s avg_ret=187.6s avg_lap=384.8s best_lap=383.1
t=3984.7 TOTAL laps=58 crashes=1
t=3984.7 TUNER gen=0 results=59/64 pending=5 active=5 remaining=5 next_trial=65 rounds=[8,8,8,8,8,8,8,8]
t=3985.6 LAUNCH_BLOCKED reason=tuner_capacity_full active=5 stored=1 no_active_s=0.0 state=IDLE tractor_cleanup=false elevator_transfer=false deck=Aircraft_9_nav_r1_64 pending=none clearance=none queue=0
t=4000.7 LAUNCH_BLOCKED reason=tuner_capacity_full active=5 stored=1 no_active_s=0.0 state=IDLE tractor_cleanup=false elevator_transfer=false deck=Aircraft_9_nav_r1_64 pending=none clearance=none queue=0
t=4011.8 LZ_REACHED craft=Aircraft_9_nav_r1_64 route=8 outbound=186.0s t=4011.8
t=4014.7 ==== SUMMARY t=4014.7 ====
t=4014.7 route=1 laps=8 crashes=0 avg_out=155.6s avg_ret=175.9s avg_lap=343.5s best_lap=342.1
t=4014.7 route=2 laps=7 crashes=0 avg_out=214.4s avg_ret=249.3s avg_lap=475.7s best_lap=454.8
t=4014.7 route=3 laps=7 crashes=0 avg_out=242.9s avg_ret=267.0s avg_lap=521.9s best_lap=508.2
t=4014.7 route=4 laps=8 crashes=0 avg_out=200.6s avg_ret=168.4s avg_lap=381.0s best_lap=374.9
t=4014.7 route=5 laps=6 crashes=0 avg_out=296.2s avg_ret=256.9s avg_lap=564.7s best_lap=555.9
t=4014.7 route=6 laps=8 crashes=0 avg_out=178.9s avg_ret=158.9s avg_lap=349.8s best_lap=344.4
t=4014.7 route=7 laps=8 crashes=0 avg_out=197.7s avg_ret=157.2s avg_lap=367.0s best_lap=355.8
t=4014.7 route=8 laps=6 crashes=1 avg_out=185.5s avg_ret=187.6s avg_lap=384.8s best_lap=383.1
t=4014.7 TOTAL laps=58 crashes=1
t=4014.7 TUNER gen=0 results=59/64 pending=5 active=5 remaining=5 next_trial=65 rounds=[8,8,8,8,8,8,8,8]
t=4015.7 LAUNCH_BLOCKED reason=tuner_capacity_full active=5 stored=1 no_active_s=0.0 state=IDLE tractor_cleanup=false elevator_transfer=false deck=Aircraft_9_nav_r1_64 pending=none clearance=none queue=0
t=4030.8 LAUNCH_BLOCKED reason=tuner_capacity_full active=5 stored=1 no_active_s=0.0 state=IDLE tractor_cleanup=false elevator_transfer=false deck=Aircraft_9_nav_r1_64 pending=none clearance=none queue=0
t=4044.7 ==== SUMMARY t=4044.7 ====
t=4044.7 route=1 laps=8 crashes=0 avg_out=155.6s avg_ret=175.9s avg_lap=343.5s best_lap=342.1
t=4044.7 route=2 laps=7 crashes=0 avg_out=214.4s avg_ret=249.3s avg_lap=475.7s best_lap=454.8
t=4044.7 route=3 laps=7 crashes=0 avg_out=242.9s avg_ret=267.0s avg_lap=521.9s best_lap=508.2
t=4044.7 route=4 laps=8 crashes=0 avg_out=200.6s avg_ret=168.4s avg_lap=381.0s best_lap=374.9
t=4044.7 route=5 laps=6 crashes=0 avg_out=296.2s avg_ret=256.9s avg_lap=564.7s best_lap=555.9
t=4044.7 route=6 laps=8 crashes=0 avg_out=178.9s avg_ret=158.9s avg_lap=349.8s best_lap=344.4
t=4044.7 route=7 laps=8 crashes=0 avg_out=197.7s avg_ret=157.2s avg_lap=367.0s best_lap=355.8
t=4044.7 route=8 laps=6 crashes=1 avg_out=185.5s avg_ret=187.6s avg_lap=384.8s best_lap=383.1
t=4044.7 TOTAL laps=58 crashes=1
t=4044.7 TUNER gen=0 results=59/64 pending=5 active=5 remaining=5 next_trial=65 rounds=[8,8,8,8,8,8,8,8]
t=4045.9 LAUNCH_BLOCKED reason=tuner_capacity_full active=5 stored=1 no_active_s=0.0 state=IDLE tractor_cleanup=false elevator_transfer=false deck=Aircraft_9_nav_r1_64 pending=none clearance=none queue=0
t=4056.4 LAP_CAPTURE craft=Aircraft_9_nav_r1_60 route=5 return=257.5s lap=567.0s carrier_dist=200m t=4056.4
t=4060.9 LAUNCH_BLOCKED reason=tuner_capacity_full active=4 stored=1 no_active_s=0.0 state=IDLE tractor_cleanup=false elevator_transfer=false deck=Aircraft_9_nav_r1_64 pending=none clearance=Aircraft_9_nav_r6_61 queue=0
t=4062.3 LAP_CAPTURE craft=Aircraft_9_nav_r6_61 route=2 return=251.6s lap=477.5s carrier_dist=200m t=4062.3
t=4074.7 ==== SUMMARY t=4074.7 ====
t=4074.7 route=1 laps=8 crashes=0 avg_out=155.6s avg_ret=175.9s avg_lap=343.5s best_lap=342.1
t=4074.7 route=2 laps=8 crashes=0 avg_out=214.4s avg_ret=249.6s avg_lap=476.0s best_lap=454.8
t=4074.7 route=3 laps=7 crashes=0 avg_out=242.9s avg_ret=267.0s avg_lap=521.9s best_lap=508.2
t=4074.7 route=4 laps=8 crashes=0 avg_out=200.6s avg_ret=168.4s avg_lap=381.0s best_lap=374.9
t=4074.7 route=5 laps=7 crashes=0 avg_out=296.2s avg_ret=257.0s avg_lap=565.1s best_lap=555.9
t=4074.7 route=6 laps=8 crashes=0 avg_out=178.9s avg_ret=158.9s avg_lap=349.8s best_lap=344.4
t=4074.8 route=7 laps=8 crashes=0 avg_out=197.7s avg_ret=157.2s avg_lap=367.0s best_lap=355.8
t=4074.8 route=8 laps=6 crashes=1 avg_out=185.5s avg_ret=187.6s avg_lap=384.8s best_lap=383.1
t=4074.8 TOTAL laps=60 crashes=1
t=4074.8 TUNER gen=0 results=61/64 pending=3 active=3 remaining=3 next_trial=65 rounds=[8,8,8,8,8,8,8,8]
t=4076.0 LAUNCH_BLOCKED reason=tuner_capacity_full active=3 stored=1 no_active_s=0.0 state=IDLE tractor_cleanup=false elevator_transfer=false deck=Aircraft_9_nav_r1_64 pending=none clearance=none queue=0
t=4091.0 LAUNCH_BLOCKED reason=tuner_capacity_full active=3 stored=1 no_active_s=0.0 state=IDLE tractor_cleanup=false elevator_transfer=false deck=Aircraft_9_nav_r1_64 pending=none clearance=none queue=0
t=4104.7 ==== SUMMARY t=4104.7 ====
t=4104.7 route=1 laps=8 crashes=0 avg_out=155.6s avg_ret=175.9s avg_lap=343.5s best_lap=342.1
t=4104.7 route=2 laps=8 crashes=0 avg_out=214.4s avg_ret=249.6s avg_lap=476.0s best_lap=454.8
t=4104.7 route=3 laps=7 crashes=0 avg_out=242.9s avg_ret=267.0s avg_lap=521.9s best_lap=508.2
t=4104.7 route=4 laps=8 crashes=0 avg_out=200.6s avg_ret=168.4s avg_lap=381.0s best_lap=374.9
t=4104.7 route=5 laps=7 crashes=0 avg_out=296.2s avg_ret=257.0s avg_lap=565.1s best_lap=555.9
t=4104.7 route=6 laps=8 crashes=0 avg_out=178.9s avg_ret=158.9s avg_lap=349.8s best_lap=344.4
t=4104.8 route=7 laps=8 crashes=0 avg_out=197.7s avg_ret=157.2s avg_lap=367.0s best_lap=355.8
t=4104.8 route=8 laps=6 crashes=1 avg_out=185.5s avg_ret=187.6s avg_lap=384.8s best_lap=383.1
t=4104.8 TOTAL laps=60 crashes=1
t=4104.8 TUNER gen=0 results=61/64 pending=3 active=3 remaining=3 next_trial=65 rounds=[8,8,8,8,8,8,8,8]
t=4106.0 LAUNCH_BLOCKED reason=tuner_capacity_full active=3 stored=1 no_active_s=0.0 state=IDLE tractor_cleanup=false elevator_transfer=false deck=Aircraft_9_nav_r1_64 pending=none clearance=none queue=0
t=4121.1 LAUNCH_BLOCKED reason=tuner_capacity_full active=3 stored=1 no_active_s=0.0 state=IDLE tractor_cleanup=false elevator_transfer=false deck=Aircraft_9_nav_r1_64 pending=none clearance=none queue=0
t=4134.7 ==== SUMMARY t=4134.7 ====
t=4134.7 route=1 laps=8 crashes=0 avg_out=155.6s avg_ret=175.9s avg_lap=343.5s best_lap=342.1
t=4134.8 route=2 laps=8 crashes=0 avg_out=214.4s avg_ret=249.6s avg_lap=476.0s best_lap=454.8
t=4134.8 route=3 laps=7 crashes=0 avg_out=242.9s avg_ret=267.0s avg_lap=521.9s best_lap=508.2
t=4134.8 route=4 laps=8 crashes=0 avg_out=200.6s avg_ret=168.4s avg_lap=381.0s best_lap=374.9
t=4134.8 route=5 laps=7 crashes=0 avg_out=296.2s avg_ret=257.0s avg_lap=565.1s best_lap=555.9
t=4134.8 route=6 laps=8 crashes=0 avg_out=178.9s avg_ret=158.9s avg_lap=349.8s best_lap=344.4
t=4134.8 route=7 laps=8 crashes=0 avg_out=197.7s avg_ret=157.2s avg_lap=367.0s best_lap=355.8
t=4134.8 route=8 laps=6 crashes=1 avg_out=185.5s avg_ret=187.6s avg_lap=384.8s best_lap=383.1
t=4134.8 TOTAL laps=60 crashes=1
t=4134.8 TUNER gen=0 results=61/64 pending=3 active=3 remaining=3 next_trial=65 rounds=[8,8,8,8,8,8,8,8]
t=4136.1 LAUNCH_BLOCKED reason=tuner_capacity_full active=3 stored=1 no_active_s=0.0 state=IDLE tractor_cleanup=false elevator_transfer=false deck=Aircraft_9_nav_r1_64 pending=none clearance=none queue=0
t=4144.9 LAP_CAPTURE craft=Aircraft_9_nav_r1_62 route=3 return=269.9s lap=525.0s carrier_dist=200m t=4144.9
t=4151.2 LAUNCH_BLOCKED reason=tuner_capacity_full active=2 stored=1 no_active_s=0.0 state=IDLE tractor_cleanup=false elevator_transfer=false deck=Aircraft_9_nav_r1_64 pending=none clearance=none queue=0
t=4164.8 ==== SUMMARY t=4164.8 ====
t=4164.8 route=1 laps=8 crashes=0 avg_out=155.6s avg_ret=175.9s avg_lap=343.5s best_lap=342.1
t=4164.8 route=2 laps=8 crashes=0 avg_out=214.4s avg_ret=249.6s avg_lap=476.0s best_lap=454.8
t=4164.8 route=3 laps=8 crashes=0 avg_out=242.9s avg_ret=267.3s avg_lap=522.3s best_lap=508.2
t=4164.8 route=4 laps=8 crashes=0 avg_out=200.6s avg_ret=168.4s avg_lap=381.0s best_lap=374.9
t=4164.8 route=5 laps=7 crashes=0 avg_out=296.2s avg_ret=257.0s avg_lap=565.1s best_lap=555.9
t=4164.8 route=6 laps=8 crashes=0 avg_out=178.9s avg_ret=158.9s avg_lap=349.8s best_lap=344.4
t=4164.8 route=7 laps=8 crashes=0 avg_out=197.7s avg_ret=157.2s avg_lap=367.0s best_lap=355.8
t=4164.8 route=8 laps=6 crashes=1 avg_out=185.5s avg_ret=187.6s avg_lap=384.8s best_lap=383.1
t=4164.8 TOTAL laps=61 crashes=1
t=4164.8 TUNER gen=0 results=62/64 pending=2 active=2 remaining=2 next_trial=65 rounds=[8,8,8,8,8,8,8,8]
t=4166.2 LAUNCH_BLOCKED reason=tuner_capacity_full active=2 stored=1 no_active_s=0.0 state=IDLE tractor_cleanup=false elevator_transfer=false deck=Aircraft_9_nav_r1_64 pending=none clearance=none queue=0
t=4181.3 LAUNCH_BLOCKED reason=tuner_capacity_full active=2 stored=1 no_active_s=0.0 state=IDLE tractor_cleanup=false elevator_transfer=false deck=Aircraft_9_nav_r1_64 pending=none clearance=none queue=0
t=4194.8 ==== SUMMARY t=4194.8 ====
t=4194.8 route=1 laps=8 crashes=0 avg_out=155.6s avg_ret=175.9s avg_lap=343.5s best_lap=342.1
t=4194.8 route=2 laps=8 crashes=0 avg_out=214.4s avg_ret=249.6s avg_lap=476.0s best_lap=454.8
t=4194.8 route=3 laps=8 crashes=0 avg_out=242.9s avg_ret=267.3s avg_lap=522.3s best_lap=508.2
t=4194.8 route=4 laps=8 crashes=0 avg_out=200.6s avg_ret=168.4s avg_lap=381.0s best_lap=374.9
t=4194.8 route=5 laps=7 crashes=0 avg_out=296.2s avg_ret=257.0s avg_lap=565.1s best_lap=555.9
t=4194.8 route=6 laps=8 crashes=0 avg_out=178.9s avg_ret=158.9s avg_lap=349.8s best_lap=344.4
t=4194.8 route=7 laps=8 crashes=0 avg_out=197.7s avg_ret=157.2s avg_lap=367.0s best_lap=355.8
t=4194.8 route=8 laps=6 crashes=1 avg_out=185.5s avg_ret=187.6s avg_lap=384.8s best_lap=383.1
t=4194.8 TOTAL laps=61 crashes=1
t=4194.8 TUNER gen=0 results=62/64 pending=2 active=2 remaining=2 next_trial=65 rounds=[8,8,8,8,8,8,8,8]
t=4196.3 LAUNCH_BLOCKED reason=tuner_capacity_full active=2 stored=1 no_active_s=0.0 state=IDLE tractor_cleanup=false elevator_transfer=false deck=Aircraft_9_nav_r1_64 pending=none clearance=Aircraft_9_nav_r1_64 queue=0
t=4208.6 LAP_CAPTURE craft=Aircraft_9_nav_r1_64 route=8 return=184.8s lap=382.8s carrier_dist=200m t=4208.6
t=4211.4 LAUNCH_BLOCKED reason=tuner_capacity_full active=1 stored=1 no_active_s=0.0 state=IDLE tractor_cleanup=false elevator_transfer=false deck=none pending=none clearance=none queue=0
t=4224.8 ==== SUMMARY t=4224.8 ====
t=4224.8 route=1 laps=8 crashes=0 avg_out=155.6s avg_ret=175.9s avg_lap=343.5s best_lap=342.1
t=4224.8 route=2 laps=8 crashes=0 avg_out=214.4s avg_ret=249.6s avg_lap=476.0s best_lap=454.8
t=4224.8 route=3 laps=8 crashes=0 avg_out=242.9s avg_ret=267.3s avg_lap=522.3s best_lap=508.2
t=4224.8 route=4 laps=8 crashes=0 avg_out=200.6s avg_ret=168.4s avg_lap=381.0s best_lap=374.9
t=4224.8 route=5 laps=7 crashes=0 avg_out=296.2s avg_ret=257.0s avg_lap=565.1s best_lap=555.9
t=4224.8 route=6 laps=8 crashes=0 avg_out=178.9s avg_ret=158.9s avg_lap=349.8s best_lap=344.4
t=4224.8 route=7 laps=8 crashes=0 avg_out=197.7s avg_ret=157.2s avg_lap=367.0s best_lap=355.8
t=4224.8 route=8 laps=7 crashes=1 avg_out=185.5s avg_ret=187.2s avg_lap=384.6s best_lap=382.8
t=4224.8 TOTAL laps=62 crashes=1
t=4224.8 TUNER gen=0 results=63/64 pending=1 active=1 remaining=1 next_trial=65 rounds=[8,8,8,8,8,8,8,8]
t=4226.4 LAUNCH_BLOCKED reason=tuner_capacity_full active=1 stored=1 no_active_s=0.0 state=IDLE tractor_cleanup=false elevator_transfer=false deck=none pending=none clearance=none queue=0
t=4232.0 LAP_CAPTURE craft=Aircraft_9_nav_r4_63 route=5 return=257.6s lap=566.9s carrier_dist=200m t=4231.9
t=4232.0 IDLE_TUNER_WAIT gen=1 results=0/64 remaining=64 active_nav=0 stored=1 state=IDLE next_trial=65
t=4241.5 LAUNCH_BLOCKED reason=deck_busy active=1 stored=7 no_active_s=0.0 state=RETRIEVING_FROM_HANGAR tractor_cleanup=false elevator_transfer=false deck=Aircraft_9_nav_r4_65 pending=none clearance=none queue=0
t=4252.3 SPAWN craft=Aircraft_9_nav_r4_65 route=4 candidate=4 trial=65 t=4252.3
t=4254.8 ==== SUMMARY t=4254.8 ====
t=4254.8 route=1 laps=8 crashes=0 avg_out=155.6s avg_ret=175.9s avg_lap=343.5s best_lap=342.1
t=4254.8 route=2 laps=8 crashes=0 avg_out=214.4s avg_ret=249.6s avg_lap=476.0s best_lap=454.8
t=4254.8 route=3 laps=8 crashes=0 avg_out=242.9s avg_ret=267.3s avg_lap=522.3s best_lap=508.2
t=4254.9 route=4 laps=8 crashes=0 avg_out=200.6s avg_ret=168.4s avg_lap=381.0s best_lap=374.9
t=4254.9 route=5 laps=8 crashes=0 avg_out=296.2s avg_ret=257.1s avg_lap=565.3s best_lap=555.9
t=4254.9 route=6 laps=8 crashes=0 avg_out=178.9s avg_ret=158.9s avg_lap=349.8s best_lap=344.4
t=4254.9 route=7 laps=8 crashes=0 avg_out=197.7s avg_ret=157.2s avg_lap=367.0s best_lap=355.8
t=4254.9 route=8 laps=7 crashes=1 avg_out=185.5s avg_ret=187.2s avg_lap=384.6s best_lap=382.8
t=4254.9 TOTAL laps=63 crashes=1
t=4254.9 TUNER gen=1 results=0/64 pending=1 active=1 remaining=64 next_trial=66 rounds=[0,0,0,1,0,0,0,0]
t=4256.6 LAUNCH_BLOCKED reason=cleared_unready_nav_deck_aircraft active=1 stored=7 no_active_s=0.0 state=IDLE tractor_cleanup=false elevator_transfer=false deck=Aircraft_9_nav_r4_65 pending=none clearance=none queue=0
t=4271.6 LAUNCH_BLOCKED reason=deck_busy active=2 stored=6 no_active_s=0.0 state=AIRCRAFT_ON_DECK tractor_cleanup=false elevator_transfer=false deck=Aircraft_9_nav_r1_66 pending=none clearance=none queue=0
t=4272.4 SPAWN craft=Aircraft_9_nav_r1_66 route=1 candidate=1 trial=66 t=4272.4
t=4284.8 ==== SUMMARY t=4284.8 ====
t=4284.9 route=1 laps=8 crashes=0 avg_out=155.6s avg_ret=175.9s avg_lap=343.5s best_lap=342.1
t=4284.9 route=2 laps=8 crashes=0 avg_out=214.4s avg_ret=249.6s avg_lap=476.0s best_lap=454.8
t=4284.9 route=3 laps=8 crashes=0 avg_out=242.9s avg_ret=267.3s avg_lap=522.3s best_lap=508.2
t=4284.9 route=4 laps=8 crashes=0 avg_out=200.6s avg_ret=168.4s avg_lap=381.0s best_lap=374.9
t=4284.9 route=5 laps=8 crashes=0 avg_out=296.2s avg_ret=257.1s avg_lap=565.3s best_lap=555.9
t=4284.9 route=6 laps=8 crashes=0 avg_out=178.9s avg_ret=158.9s avg_lap=349.8s best_lap=344.4
t=4284.9 route=7 laps=8 crashes=0 avg_out=197.7s avg_ret=157.2s avg_lap=367.0s best_lap=355.8
t=4284.9 route=8 laps=7 crashes=1 avg_out=185.5s avg_ret=187.2s avg_lap=384.6s best_lap=382.8
t=4284.9 TOTAL laps=63 crashes=1
t=4284.9 TUNER gen=1 results=0/64 pending=3 active=3 remaining=64 next_trial=68 rounds=[1,1,0,1,0,0,0,0]
t=4286.7 LAUNCH_BLOCKED reason=deck_busy active=3 stored=5 no_active_s=0.0 state=AIRCRAFT_ON_DECK tractor_cleanup=false elevator_transfer=true deck=Aircraft_9_nav_r2_67 pending=none clearance=none queue=0
t=4292.6 SPAWN craft=Aircraft_9_nav_r2_67 route=2 candidate=2 trial=67 t=4292.6
t=4301.7 LAUNCH_BLOCKED reason=deck_busy active=4 stored=4 no_active_s=0.0 state=RETRIEVING_FROM_HANGAR tractor_cleanup=false elevator_transfer=false deck=Aircraft_9_nav_r3_68 pending=none clearance=none queue=0
t=4312.7 SPAWN craft=Aircraft_9_nav_r3_68 route=3 candidate=3 trial=68 t=4312.7
t=4314.9 ==== SUMMARY t=4314.9 ====
t=4314.9 route=1 laps=8 crashes=0 avg_out=155.6s avg_ret=175.9s avg_lap=343.5s best_lap=342.1
t=4314.9 route=2 laps=8 crashes=0 avg_out=214.4s avg_ret=249.6s avg_lap=476.0s best_lap=454.8
t=4314.9 route=3 laps=8 crashes=0 avg_out=242.9s avg_ret=267.3s avg_lap=522.3s best_lap=508.2
t=4314.9 route=4 laps=8 crashes=0 avg_out=200.6s avg_ret=168.4s avg_lap=381.0s best_lap=374.9
t=4314.9 route=5 laps=8 crashes=0 avg_out=296.2s avg_ret=257.1s avg_lap=565.3s best_lap=555.9
t=4314.9 route=6 laps=8 crashes=0 avg_out=178.9s avg_ret=158.9s avg_lap=349.8s best_lap=344.4
t=4314.9 route=7 laps=8 crashes=0 avg_out=197.7s avg_ret=157.2s avg_lap=367.0s best_lap=355.8
t=4314.9 route=8 laps=7 crashes=1 avg_out=185.5s avg_ret=187.2s avg_lap=384.6s best_lap=382.8
t=4315.0 TOTAL laps=63 crashes=1
t=4315.0 TUNER gen=1 results=0/64 pending=4 active=4 remaining=64 next_trial=69 rounds=[1,1,1,1,0,0,0,0]
t=4316.8 LAUNCH_BLOCKED reason=cleared_unready_nav_deck_aircraft active=4 stored=4 no_active_s=0.0 state=IDLE tractor_cleanup=false elevator_transfer=false deck=Aircraft_9_nav_r3_68 pending=none clearance=none queue=0
t=4331.9 LAUNCH_BLOCKED reason=deck_busy active=5 stored=3 no_active_s=0.0 state=AIRCRAFT_ON_DECK tractor_cleanup=false elevator_transfer=false deck=Aircraft_9_nav_r5_69 pending=none clearance=none queue=0
t=4332.7 SPAWN craft=Aircraft_9_nav_r5_69 route=5 candidate=5 trial=69 t=4332.7
t=4345.0 ==== SUMMARY t=4345.0 ====
t=4345.0 route=1 laps=8 crashes=0 avg_out=155.6s avg_ret=175.9s avg_lap=343.5s best_lap=342.1
t=4345.0 route=2 laps=8 crashes=0 avg_out=214.4s avg_ret=249.6s avg_lap=476.0s best_lap=454.8
t=4345.0 route=3 laps=8 crashes=0 avg_out=242.9s avg_ret=267.3s avg_lap=522.3s best_lap=508.2
t=4345.0 route=4 laps=8 crashes=0 avg_out=200.6s avg_ret=168.4s avg_lap=381.0s best_lap=374.9
t=4345.0 route=5 laps=8 crashes=0 avg_out=296.2s avg_ret=257.1s avg_lap=565.3s best_lap=555.9
t=4345.0 route=6 laps=8 crashes=0 avg_out=178.9s avg_ret=158.9s avg_lap=349.8s best_lap=344.4
t=4345.0 route=7 laps=8 crashes=0 avg_out=197.7s avg_ret=157.2s avg_lap=367.0s best_lap=355.8
t=4345.0 route=8 laps=7 crashes=1 avg_out=185.5s avg_ret=187.2s avg_lap=384.6s best_lap=382.8
t=4345.0 TOTAL laps=63 crashes=1
t=4345.0 TUNER gen=1 results=0/64 pending=6 active=6 remaining=64 next_trial=71 rounds=[1,1,1,1,1,1,0,0]
t=4347.0 LAUNCH_BLOCKED reason=deck_busy active=6 stored=2 no_active_s=0.0 state=AIRCRAFT_ON_DECK tractor_cleanup=false elevator_transfer=true deck=Aircraft_9_nav_r6_70 pending=none clearance=none queue=0
t=4352.7 SPAWN craft=Aircraft_9_nav_r6_70 route=6 candidate=6 trial=70 t=4352.7
t=4362.0 LAUNCH_BLOCKED reason=deck_busy active=7 stored=1 no_active_s=0.0 state=RETRIEVING_FROM_HANGAR tractor_cleanup=false elevator_transfer=false deck=Aircraft_9_nav_r7_71 pending=none clearance=none queue=0
t=4372.8 SPAWN craft=Aircraft_9_nav_r7_71 route=7 candidate=7 trial=71 t=4372.8
t=4375.0 ==== SUMMARY t=4375.0 ====
t=4375.0 route=1 laps=8 crashes=0 avg_out=155.6s avg_ret=175.9s avg_lap=343.5s best_lap=342.1
t=4375.0 route=2 laps=8 crashes=0 avg_out=214.4s avg_ret=249.6s avg_lap=476.0s best_lap=454.8
t=4375.0 route=3 laps=8 crashes=0 avg_out=242.9s avg_ret=267.3s avg_lap=522.3s best_lap=508.2
t=4375.0 route=4 laps=8 crashes=0 avg_out=200.6s avg_ret=168.4s avg_lap=381.0s best_lap=374.9
t=4375.0 route=5 laps=8 crashes=0 avg_out=296.2s avg_ret=257.1s avg_lap=565.3s best_lap=555.9
t=4375.0 route=6 laps=8 crashes=0 avg_out=178.9s avg_ret=158.9s avg_lap=349.8s best_lap=344.4
t=4375.0 route=7 laps=8 crashes=0 avg_out=197.7s avg_ret=157.2s avg_lap=367.0s best_lap=355.8
t=4375.0 route=8 laps=7 crashes=1 avg_out=185.5s avg_ret=187.2s avg_lap=384.6s best_lap=382.8
t=4375.1 TOTAL laps=63 crashes=1
t=4375.1 TUNER gen=1 results=0/64 pending=7 active=7 remaining=64 next_trial=72 rounds=[1,1,1,1,1,1,1,0]
t=4377.1 LAUNCH_BLOCKED reason=cleared_unready_nav_deck_aircraft active=7 stored=1 no_active_s=0.0 state=IDLE tractor_cleanup=false elevator_transfer=false deck=Aircraft_9_nav_r7_71 pending=none clearance=none queue=0
t=4393.0 SPAWN craft=Aircraft_9_nav_r8_72 route=8 candidate=8 trial=72 t=4393.0
t=4405.1 ==== SUMMARY t=4405.1 ====
t=4405.1 route=1 laps=8 crashes=0 avg_out=155.6s avg_ret=175.9s avg_lap=343.5s best_lap=342.1
t=4405.1 route=2 laps=8 crashes=0 avg_out=214.4s avg_ret=249.6s avg_lap=476.0s best_lap=454.8
t=4405.1 route=3 laps=8 crashes=0 avg_out=242.9s avg_ret=267.3s avg_lap=522.3s best_lap=508.2
t=4405.1 route=4 laps=8 crashes=0 avg_out=200.6s avg_ret=168.4s avg_lap=381.0s best_lap=374.9
t=4405.1 route=5 laps=8 crashes=0 avg_out=296.2s avg_ret=257.1s avg_lap=565.3s best_lap=555.9
t=4405.1 route=6 laps=8 crashes=0 avg_out=178.9s avg_ret=158.9s avg_lap=349.8s best_lap=344.4
t=4405.1 route=7 laps=8 crashes=0 avg_out=197.7s avg_ret=157.2s avg_lap=367.0s best_lap=355.8
t=4405.2 route=8 laps=7 crashes=1 avg_out=185.5s avg_ret=187.2s avg_lap=384.6s best_lap=382.8
t=4405.2 TOTAL laps=63 crashes=1
t=4405.2 TUNER gen=1 results=0/64 pending=8 active=8 remaining=64 next_trial=73 rounds=[1,1,1,1,1,1,1,1]
t=4421.3 LZ_REACHED craft=Aircraft_9_nav_r1_66 route=1 outbound=148.9s t=4421.3
t=4435.1 ==== SUMMARY t=4435.1 ====
t=4435.1 route=1 laps=8 crashes=0 avg_out=154.9s avg_ret=175.9s avg_lap=343.5s best_lap=342.1
t=4435.1 route=2 laps=8 crashes=0 avg_out=214.4s avg_ret=249.6s avg_lap=476.0s best_lap=454.8
t=4435.1 route=3 laps=8 crashes=0 avg_out=242.9s avg_ret=267.3s avg_lap=522.3s best_lap=508.2
t=4435.1 route=4 laps=8 crashes=0 avg_out=200.6s avg_ret=168.4s avg_lap=381.0s best_lap=374.9
t=4435.1 route=5 laps=8 crashes=0 avg_out=296.2s avg_ret=257.1s avg_lap=565.3s best_lap=555.9
t=4435.1 route=6 laps=8 crashes=0 avg_out=178.9s avg_ret=158.9s avg_lap=349.8s best_lap=344.4
t=4435.1 route=7 laps=8 crashes=0 avg_out=197.7s avg_ret=157.2s avg_lap=367.0s best_lap=355.8
t=4435.2 route=8 laps=7 crashes=1 avg_out=185.5s avg_ret=187.2s avg_lap=384.6s best_lap=382.8
t=4435.2 TOTAL laps=63 crashes=1
t=4435.2 TUNER gen=1 results=0/64 pending=8 active=8 remaining=64 next_trial=73 rounds=[1,1,1,1,1,1,1,1]
t=4453.0 LZ_REACHED craft=Aircraft_9_nav_r4_65 route=4 outbound=200.7s t=4453.0
t=4465.1 ==== SUMMARY t=4465.1 ====
t=4465.1 route=1 laps=8 crashes=0 avg_out=154.9s avg_ret=175.9s avg_lap=343.5s best_lap=342.1
t=4465.1 route=2 laps=8 crashes=0 avg_out=214.4s avg_ret=249.6s avg_lap=476.0s best_lap=454.8
t=4465.2 route=3 laps=8 crashes=0 avg_out=242.9s avg_ret=267.3s avg_lap=522.3s best_lap=508.2
t=4465.2 route=4 laps=8 crashes=0 avg_out=200.6s avg_ret=168.4s avg_lap=381.0s best_lap=374.9
t=4465.2 route=5 laps=8 crashes=0 avg_out=296.2s avg_ret=257.1s avg_lap=565.3s best_lap=555.9
t=4465.2 route=6 laps=8 crashes=0 avg_out=178.9s avg_ret=158.9s avg_lap=349.8s best_lap=344.4
t=4465.2 route=7 laps=8 crashes=0 avg_out=197.7s avg_ret=157.2s avg_lap=367.0s best_lap=355.8
t=4465.2 route=8 laps=7 crashes=1 avg_out=185.5s avg_ret=187.2s avg_lap=384.6s best_lap=382.8
t=4465.2 TOTAL laps=63 crashes=1
t=4465.2 TUNER gen=1 results=0/64 pending=8 active=8 remaining=64 next_trial=73 rounds=[1,1,1,1,1,1,1,1]
t=4495.2 ==== SUMMARY t=4495.2 ====
t=4495.2 route=1 laps=8 crashes=0 avg_out=154.9s avg_ret=175.9s avg_lap=343.5s best_lap=342.1
t=4495.2 route=2 laps=8 crashes=0 avg_out=214.4s avg_ret=249.6s avg_lap=476.0s best_lap=454.8
t=4495.2 route=3 laps=8 crashes=0 avg_out=242.9s avg_ret=267.3s avg_lap=522.3s best_lap=508.2
t=4495.2 route=4 laps=8 crashes=0 avg_out=200.6s avg_ret=168.4s avg_lap=381.0s best_lap=374.9
t=4495.2 route=5 laps=8 crashes=0 avg_out=296.2s avg_ret=257.1s avg_lap=565.3s best_lap=555.9
t=4495.2 route=6 laps=8 crashes=0 avg_out=178.9s avg_ret=158.9s avg_lap=349.8s best_lap=344.4
t=4495.2 route=7 laps=8 crashes=0 avg_out=197.7s avg_ret=157.2s avg_lap=367.0s best_lap=355.8
t=4495.2 route=8 laps=7 crashes=1 avg_out=185.5s avg_ret=187.2s avg_lap=384.6s best_lap=382.8
t=4495.2 TOTAL laps=63 crashes=1
t=4495.2 TUNER gen=1 results=0/64 pending=8 active=8 remaining=64 next_trial=73 rounds=[1,1,1,1,1,1,1,1]
t=4506.8 LZ_REACHED craft=Aircraft_9_nav_r2_67 route=2 outbound=214.2s t=4506.8
t=4525.2 ==== SUMMARY t=4525.2 ====
t=4525.2 route=1 laps=8 crashes=0 avg_out=154.9s avg_ret=175.9s avg_lap=343.5s best_lap=342.1
t=4525.2 route=2 laps=8 crashes=0 avg_out=214.3s avg_ret=249.6s avg_lap=476.0s best_lap=454.8
t=4525.2 route=3 laps=8 crashes=0 avg_out=242.9s avg_ret=267.3s avg_lap=522.3s best_lap=508.2
t=4525.2 route=4 laps=8 crashes=0 avg_out=200.6s avg_ret=168.4s avg_lap=381.0s best_lap=374.9
t=4525.2 route=5 laps=8 crashes=0 avg_out=296.2s avg_ret=257.1s avg_lap=565.3s best_lap=555.9
t=4525.2 route=6 laps=8 crashes=0 avg_out=178.9s avg_ret=158.9s avg_lap=349.8s best_lap=344.4
t=4525.2 route=7 laps=8 crashes=0 avg_out=197.7s avg_ret=157.2s avg_lap=367.0s best_lap=355.8
t=4525.2 route=8 laps=7 crashes=1 avg_out=185.5s avg_ret=187.2s avg_lap=384.6s best_lap=382.8
t=4525.3 TOTAL laps=63 crashes=1
t=4525.3 TUNER gen=1 results=0/64 pending=8 active=8 remaining=64 next_trial=73 rounds=[1,1,1,1,1,1,1,1]
t=4531.7 LZ_REACHED craft=Aircraft_9_nav_r6_70 route=6 outbound=179.0s t=4531.7
t=4553.2 LZ_REACHED craft=Aircraft_9_nav_r3_68 route=3 outbound=240.5s t=4553.2
t=4555.2 ==== SUMMARY t=4555.2 ====
t=4555.2 route=1 laps=8 crashes=0 avg_out=154.9s avg_ret=175.9s avg_lap=343.5s best_lap=342.1
t=4555.2 route=2 laps=8 crashes=0 avg_out=214.3s avg_ret=249.6s avg_lap=476.0s best_lap=454.8
t=4555.3 route=3 laps=8 crashes=0 avg_out=242.7s avg_ret=267.3s avg_lap=522.3s best_lap=508.2
t=4555.3 route=4 laps=8 crashes=0 avg_out=200.6s avg_ret=168.4s avg_lap=381.0s best_lap=374.9
t=4555.3 route=5 laps=8 crashes=0 avg_out=296.2s avg_ret=257.1s avg_lap=565.3s best_lap=555.9
t=4555.3 route=6 laps=8 crashes=0 avg_out=178.9s avg_ret=158.9s avg_lap=349.8s best_lap=344.4
t=4555.3 route=7 laps=8 crashes=0 avg_out=197.7s avg_ret=157.2s avg_lap=367.0s best_lap=355.8
t=4555.3 route=8 laps=7 crashes=1 avg_out=185.5s avg_ret=187.2s avg_lap=384.6s best_lap=382.8
t=4555.3 TOTAL laps=63 crashes=1
t=4555.3 TUNER gen=1 results=0/64 pending=8 active=8 remaining=64 next_trial=73 rounds=[1,1,1,1,1,1,1,1]
t=4572.3 LZ_REACHED craft=Aircraft_9_nav_r7_71 route=7 outbound=199.5s t=4572.3
t=4579.0 LZ_REACHED craft=Aircraft_9_nav_r8_72 route=8 outbound=186.1s t=4579.0
t=4585.3 ==== SUMMARY t=4585.3 ====
t=4585.3 route=1 laps=8 crashes=0 avg_out=154.9s avg_ret=175.9s avg_lap=343.5s best_lap=342.1
t=4585.3 route=2 laps=8 crashes=0 avg_out=214.3s avg_ret=249.6s avg_lap=476.0s best_lap=454.8
t=4585.3 route=3 laps=8 crashes=0 avg_out=242.7s avg_ret=267.3s avg_lap=522.3s best_lap=508.2
t=4585.3 route=4 laps=8 crashes=0 avg_out=200.6s avg_ret=168.4s avg_lap=381.0s best_lap=374.9
t=4585.3 route=5 laps=8 crashes=0 avg_out=296.2s avg_ret=257.1s avg_lap=565.3s best_lap=555.9
t=4585.3 route=6 laps=8 crashes=0 avg_out=178.9s avg_ret=158.9s avg_lap=349.8s best_lap=344.4
t=4585.3 route=7 laps=8 crashes=0 avg_out=197.9s avg_ret=157.2s avg_lap=367.0s best_lap=355.8
t=4585.3 route=8 laps=7 crashes=1 avg_out=185.6s avg_ret=187.2s avg_lap=384.6s best_lap=382.8
t=4585.3 TOTAL laps=63 crashes=1
t=4585.4 TUNER gen=1 results=0/64 pending=8 active=8 remaining=64 next_trial=73 rounds=[1,1,1,1,1,1,1,1]
t=4612.2 LAP_CAPTURE craft=Aircraft_9_nav_r1_66 route=1 return=178.9s lap=339.8s carrier_dist=200m t=4612.2
t=4615.4 ==== SUMMARY t=4615.4 ====
t=4615.4 route=1 laps=9 crashes=0 avg_out=154.9s avg_ret=176.2s avg_lap=343.1s best_lap=339.8
t=4615.4 route=2 laps=8 crashes=0 avg_out=214.3s avg_ret=249.6s avg_lap=476.0s best_lap=454.8
t=4615.4 route=3 laps=8 crashes=0 avg_out=242.7s avg_ret=267.3s avg_lap=522.3s best_lap=508.2
t=4615.4 route=4 laps=8 crashes=0 avg_out=200.6s avg_ret=168.4s avg_lap=381.0s best_lap=374.9
t=4615.4 route=5 laps=8 crashes=0 avg_out=296.2s avg_ret=257.1s avg_lap=565.3s best_lap=555.9
t=4615.4 route=6 laps=8 crashes=0 avg_out=178.9s avg_ret=158.9s avg_lap=349.8s best_lap=344.4
t=4615.4 route=7 laps=8 crashes=0 avg_out=197.9s avg_ret=157.2s avg_lap=367.0s best_lap=355.8
t=4615.4 route=8 laps=7 crashes=1 avg_out=185.6s avg_ret=187.2s avg_lap=384.6s best_lap=382.8
t=4615.4 TOTAL laps=64 crashes=1
t=4615.4 TUNER gen=1 results=1/64 pending=7 active=7 remaining=63 next_trial=73 rounds=[1,1,1,1,1,1,1,1]
t=4628.9 SPAWN craft=Aircraft_9_nav_r1_73 route=1 candidate=2 trial=73 t=4628.9
t=4630.2 LZ_REACHED craft=Aircraft_9_nav_r5_69 route=5 outbound=297.5s t=4630.2
t=4633.2 LAP_CAPTURE craft=Aircraft_9_nav_r4_65 route=4 return=168.2s lap=380.9s carrier_dist=200m t=4633.2
t=4645.5 ==== SUMMARY t=4645.5 ====
t=4645.5 route=1 laps=9 crashes=0 avg_out=154.9s avg_ret=176.2s avg_lap=343.1s best_lap=339.8
t=4645.5 route=2 laps=8 crashes=0 avg_out=214.3s avg_ret=249.6s avg_lap=476.0s best_lap=454.8
t=4645.5 route=3 laps=8 crashes=0 avg_out=242.7s avg_ret=267.3s avg_lap=522.3s best_lap=508.2
t=4645.5 route=4 laps=9 crashes=0 avg_out=200.6s avg_ret=168.4s avg_lap=381.0s best_lap=374.9
t=4645.5 route=5 laps=8 crashes=0 avg_out=296.4s avg_ret=257.1s avg_lap=565.3s best_lap=555.9
t=4645.5 route=6 laps=8 crashes=0 avg_out=178.9s avg_ret=158.9s avg_lap=349.8s best_lap=344.4
t=4645.5 route=7 laps=8 crashes=0 avg_out=197.9s avg_ret=157.2s avg_lap=367.0s best_lap=355.8
t=4645.5 route=8 laps=7 crashes=1 avg_out=185.6s avg_ret=187.2s avg_lap=384.6s best_lap=382.8
t=4645.5 TOTAL laps=65 crashes=1
t=4645.5 TUNER gen=1 results=2/64 pending=7 active=7 remaining=62 next_trial=74 rounds=[2,1,1,1,1,1,1,1]
t=4654.1 SPAWN craft=Aircraft_9_nav_r4_74 route=4 candidate=5 trial=74 t=4654.1
t=4675.5 ==== SUMMARY t=4675.5 ====
t=4675.6 route=1 laps=9 crashes=0 avg_out=154.9s avg_ret=176.2s avg_lap=343.1s best_lap=339.8
t=4675.6 route=2 laps=8 crashes=0 avg_out=214.3s avg_ret=249.6s avg_lap=476.0s best_lap=454.8
t=4675.6 route=3 laps=8 crashes=0 avg_out=242.7s avg_ret=267.3s avg_lap=522.3s best_lap=508.2
t=4675.6 route=4 laps=9 crashes=0 avg_out=200.6s avg_ret=168.4s avg_lap=381.0s best_lap=374.9
t=4675.6 route=5 laps=8 crashes=0 avg_out=296.4s avg_ret=257.1s avg_lap=565.3s best_lap=555.9
t=4675.6 route=6 laps=8 crashes=0 avg_out=178.9s avg_ret=158.9s avg_lap=349.8s best_lap=344.4
t=4675.6 route=7 laps=8 crashes=0 avg_out=197.9s avg_ret=157.2s avg_lap=367.0s best_lap=355.8
t=4675.6 route=8 laps=7 crashes=1 avg_out=185.6s avg_ret=187.2s avg_lap=384.6s best_lap=382.8
t=4675.6 TOTAL laps=65 crashes=1
t=4675.6 TUNER gen=1 results=2/64 pending=8 active=8 remaining=62 next_trial=75 rounds=[2,1,1,2,1,1,1,1]
t=4704.8 LAP_CAPTURE craft=Aircraft_9_nav_r6_70 route=6 return=161.1s lap=352.0s carrier_dist=200m t=4704.8
t=4705.6 ==== SUMMARY t=4705.5 ====
t=4705.6 route=1 laps=9 crashes=0 avg_out=154.9s avg_ret=176.2s avg_lap=343.1s best_lap=339.8
t=4705.6 route=2 laps=8 crashes=0 avg_out=214.3s avg_ret=249.6s avg_lap=476.0s best_lap=454.8
t=4705.6 route=3 laps=8 crashes=0 avg_out=242.7s avg_ret=267.3s avg_lap=522.3s best_lap=508.2
t=4705.6 route=4 laps=9 crashes=0 avg_out=200.6s avg_ret=168.4s avg_lap=381.0s best_lap=374.9
t=4705.6 route=5 laps=8 crashes=0 avg_out=296.4s avg_ret=257.1s avg_lap=565.3s best_lap=555.9
t=4705.6 route=6 laps=9 crashes=0 avg_out=178.9s avg_ret=159.2s avg_lap=350.1s best_lap=344.4
t=4705.6 route=7 laps=8 crashes=0 avg_out=197.9s avg_ret=157.2s avg_lap=367.0s best_lap=355.8
t=4705.6 route=8 laps=7 crashes=1 avg_out=185.6s avg_ret=187.2s avg_lap=384.6s best_lap=382.8
t=4705.6 TOTAL laps=66 crashes=1
t=4705.6 TUNER gen=1 results=3/64 pending=7 active=7 remaining=61 next_trial=75 rounds=[2,1,1,2,1,1,1,1]
t=4724.4 SPAWN craft=Aircraft_9_nav_r6_75 route=6 candidate=7 trial=75 t=4724.4
t=4735.6 ==== SUMMARY t=4735.6 ====
t=4735.6 route=1 laps=9 crashes=0 avg_out=154.9s avg_ret=176.2s avg_lap=343.1s best_lap=339.8
t=4735.6 route=2 laps=8 crashes=0 avg_out=214.3s avg_ret=249.6s avg_lap=476.0s best_lap=454.8
t=4735.6 route=3 laps=8 crashes=0 avg_out=242.7s avg_ret=267.3s avg_lap=522.3s best_lap=508.2
t=4735.6 route=4 laps=9 crashes=0 avg_out=200.6s avg_ret=168.4s avg_lap=381.0s best_lap=374.9
t=4735.6 route=5 laps=8 crashes=0 avg_out=296.4s avg_ret=257.1s avg_lap=565.3s best_lap=555.9
t=4735.6 route=6 laps=9 crashes=0 avg_out=178.9s avg_ret=159.2s avg_lap=350.1s best_lap=344.4
t=4735.6 route=7 laps=8 crashes=0 avg_out=197.9s avg_ret=157.2s avg_lap=367.0s best_lap=355.8
t=4735.7 route=8 laps=7 crashes=1 avg_out=185.6s avg_ret=187.2s avg_lap=384.6s best_lap=382.8
t=4735.7 TOTAL laps=66 crashes=1
t=4735.7 TUNER gen=1 results=3/64 pending=8 active=8 remaining=61 next_trial=76 rounds=[2,1,1,2,1,2,1,1]
t=4748.1 LAP_CAPTURE craft=Aircraft_9_nav_r7_71 route=7 return=163.8s lap=375.3s carrier_dist=200m t=4748.1
t=4764.6 SPAWN craft=Aircraft_9_nav_r7_76 route=7 candidate=8 trial=76 t=4764.6
t=4765.7 ==== SUMMARY t=4765.7 ====
t=4765.7 route=1 laps=9 crashes=0 avg_out=154.9s avg_ret=176.2s avg_lap=343.1s best_lap=339.8
t=4765.7 route=2 laps=8 crashes=0 avg_out=214.3s avg_ret=249.6s avg_lap=476.0s best_lap=454.8
t=4765.7 route=3 laps=8 crashes=0 avg_out=242.7s avg_ret=267.3s avg_lap=522.3s best_lap=508.2
t=4765.7 route=4 laps=9 crashes=0 avg_out=200.6s avg_ret=168.4s avg_lap=381.0s best_lap=374.9
t=4765.7 route=5 laps=8 crashes=0 avg_out=296.4s avg_ret=257.1s avg_lap=565.3s best_lap=555.9
t=4765.7 route=6 laps=9 crashes=0 avg_out=178.9s avg_ret=159.2s avg_lap=350.1s best_lap=344.4
t=4765.7 route=7 laps=9 crashes=0 avg_out=197.9s avg_ret=158.0s avg_lap=367.9s best_lap=355.8
t=4765.7 route=8 laps=7 crashes=1 avg_out=185.6s avg_ret=187.2s avg_lap=384.6s best_lap=382.8
t=4765.7 TOTAL laps=67 crashes=1
t=4765.7 TUNER gen=1 results=4/64 pending=8 active=8 remaining=60 next_trial=77 rounds=[2,1,1,2,1,2,2,1]
t=4775.4 LAP_CAPTURE craft=Aircraft_9_nav_r2_67 route=2 return=256.6s lap=482.8s carrier_dist=200m t=4775.4
t=4783.3 LAP_CAPTURE craft=Aircraft_9_nav_r8_72 route=8 return=192.3s lap=390.3s carrier_dist=200m t=4783.3
t=4783.9 LAUNCH_BLOCKED reason=cleared_unready_nav_deck_aircraft active=6 stored=1 no_active_s=0.0 state=IDLE tractor_cleanup=false elevator_transfer=false deck=Aircraft_9_nav_r7_76 pending=none clearance=none queue=0
t=4786.7 LZ_REACHED craft=Aircraft_9_nav_r1_73 route=1 outbound=157.8s t=4786.7
t=4795.7 ==== SUMMARY t=4795.7 ====
t=4795.8 route=1 laps=9 crashes=0 avg_out=155.2s avg_ret=176.2s avg_lap=343.1s best_lap=339.8
t=4795.8 route=2 laps=9 crashes=0 avg_out=214.3s avg_ret=250.4s avg_lap=476.7s best_lap=454.8
t=4795.8 route=3 laps=8 crashes=0 avg_out=242.7s avg_ret=267.3s avg_lap=522.3s best_lap=508.2
t=4795.8 route=4 laps=9 crashes=0 avg_out=200.6s avg_ret=168.4s avg_lap=381.0s best_lap=374.9
t=4795.8 route=5 laps=8 crashes=0 avg_out=296.4s avg_ret=257.1s avg_lap=565.3s best_lap=555.9
t=4795.8 route=6 laps=9 crashes=0 avg_out=178.9s avg_ret=159.2s avg_lap=350.1s best_lap=344.4
t=4795.8 route=7 laps=9 crashes=0 avg_out=197.9s avg_ret=158.0s avg_lap=367.9s best_lap=355.8
t=4795.8 route=8 laps=8 crashes=1 avg_out=185.6s avg_ret=187.9s avg_lap=385.3s best_lap=382.8
t=4795.8 TOTAL laps=69 crashes=1
t=4795.8 TUNER gen=1 results=6/64 pending=7 active=7 remaining=58 next_trial=78 rounds=[2,2,1,2,1,2,2,1]
t=4799.0 LAUNCH_BLOCKED reason=deck_busy active=7 stored=1 no_active_s=0.0 state=AIRCRAFT_ON_DECK tractor_cleanup=false elevator_transfer=false deck=Aircraft_9_nav_r2_77 pending=none clearance=none queue=0
t=4799.7 SPAWN craft=Aircraft_9_nav_r2_77 route=2 candidate=3 trial=77 t=4799.7
t=4819.8 SPAWN craft=Aircraft_9_nav_r8_78 route=8 candidate=1 trial=78 t=4819.8
t=4825.8 ==== SUMMARY t=4825.8 ====
t=4825.8 route=1 laps=9 crashes=0 avg_out=155.2s avg_ret=176.2s avg_lap=343.1s best_lap=339.8
t=4825.8 route=2 laps=9 crashes=0 avg_out=214.3s avg_ret=250.4s avg_lap=476.7s best_lap=454.8
t=4825.8 route=3 laps=8 crashes=0 avg_out=242.7s avg_ret=267.3s avg_lap=522.3s best_lap=508.2
t=4825.8 route=4 laps=9 crashes=0 avg_out=200.6s avg_ret=168.4s avg_lap=381.0s best_lap=374.9
t=4825.8 route=5 laps=8 crashes=0 avg_out=296.4s avg_ret=257.1s avg_lap=565.3s best_lap=555.9
t=4825.8 route=6 laps=9 crashes=0 avg_out=178.9s avg_ret=159.2s avg_lap=350.1s best_lap=344.4
t=4825.8 route=7 laps=9 crashes=0 avg_out=197.9s avg_ret=158.0s avg_lap=367.9s best_lap=355.8
t=4825.8 route=8 laps=8 crashes=1 avg_out=185.6s avg_ret=187.9s avg_lap=385.3s best_lap=382.8
t=4825.8 TOTAL laps=69 crashes=1
t=4825.8 TUNER gen=1 results=6/64 pending=8 active=8 remaining=58 next_trial=79 rounds=[2,2,1,2,1,2,2,2]
t=4839.2 LAP_CAPTURE craft=Aircraft_9_nav_r3_68 route=3 return=274.0s lap=526.5s carrier_dist=200m t=4839.2
t=4855.8 ==== SUMMARY t=4855.8 ====
t=4855.8 route=1 laps=9 crashes=0 avg_out=155.2s avg_ret=176.2s avg_lap=343.1s best_lap=339.8
t=4855.8 route=2 laps=9 crashes=0 avg_out=214.3s avg_ret=250.4s avg_lap=476.7s best_lap=454.8
t=4855.8 route=3 laps=9 crashes=0 avg_out=242.7s avg_ret=268.1s avg_lap=522.7s best_lap=508.2
t=4855.8 route=4 laps=9 crashes=0 avg_out=200.6s avg_ret=168.4s avg_lap=381.0s best_lap=374.9
t=4855.9 route=5 laps=8 crashes=0 avg_out=296.4s avg_ret=257.1s avg_lap=565.3s best_lap=555.9
t=4855.9 route=6 laps=9 crashes=0 avg_out=178.9s avg_ret=159.2s avg_lap=350.1s best_lap=344.4
t=4855.9 route=7 laps=9 crashes=0 avg_out=197.9s avg_ret=158.0s avg_lap=367.9s best_lap=355.8
t=4855.9 route=8 laps=8 crashes=1 avg_out=185.6s avg_ret=187.9s avg_lap=385.3s best_lap=382.8
t=4855.9 TOTAL laps=70 crashes=1
t=4855.9 TUNER gen=1 results=7/64 pending=8 active=8 remaining=57 next_trial=80 rounds=[2,2,2,2,1,2,2,2]
t=4857.8 LZ_REACHED craft=Aircraft_9_nav_r4_74 route=4 outbound=203.7s t=4857.8
t=4860.0 SPAWN craft=Aircraft_9_nav_r3_79 route=3 candidate=4 trial=79 t=4860.0
t=4885.9 ==== SUMMARY t=4885.9 ====
t=4885.9 route=1 laps=9 crashes=0 avg_out=155.2s avg_ret=176.2s avg_lap=343.1s best_lap=339.8
t=4885.9 route=2 laps=9 crashes=0 avg_out=214.3s avg_ret=250.4s avg_lap=476.7s best_lap=454.8
t=4885.9 route=3 laps=9 crashes=0 avg_out=242.7s avg_ret=268.1s avg_lap=522.7s best_lap=508.2
t=4885.9 route=4 laps=9 crashes=0 avg_out=200.9s avg_ret=168.4s avg_lap=381.0s best_lap=374.9
t=4885.9 route=5 laps=8 crashes=0 avg_out=296.4s avg_ret=257.1s avg_lap=565.3s best_lap=555.9
t=4885.9 route=6 laps=9 crashes=0 avg_out=178.9s avg_ret=159.2s avg_lap=350.1s best_lap=344.4
t=4885.9 route=7 laps=9 crashes=0 avg_out=197.9s avg_ret=158.0s avg_lap=367.9s best_lap=355.8
t=4885.9 route=8 laps=8 crashes=1 avg_out=185.6s avg_ret=187.9s avg_lap=385.3s best_lap=382.8
t=4885.9 TOTAL laps=70 crashes=1
t=4885.9 TUNER gen=1 results=7/64 pending=8 active=8 remaining=57 next_trial=80 rounds=[2,2,2,2,1,2,2,2]
t=4900.5 LAP_CAPTURE craft=Aircraft_9_nav_r5_69 route=5 return=258.3s lap=567.8s carrier_dist=200m t=4900.5
t=4904.8 LZ_REACHED craft=Aircraft_9_nav_r6_75 route=6 outbound=180.4s t=4904.8
t=4916.0 ==== SUMMARY t=4916.0 ====
t=4916.0 route=1 laps=9 crashes=0 avg_out=155.2s avg_ret=176.2s avg_lap=343.1s best_lap=339.8
t=4916.0 route=2 laps=9 crashes=0 avg_out=214.3s avg_ret=250.4s avg_lap=476.7s best_lap=454.8
t=4916.0 route=3 laps=9 crashes=0 avg_out=242.7s avg_ret=268.1s avg_lap=522.7s best_lap=508.2
t=4916.0 route=4 laps=9 crashes=0 avg_out=200.9s avg_ret=168.4s avg_lap=381.0s best_lap=374.9
t=4916.0 route=5 laps=9 crashes=0 avg_out=296.4s avg_ret=257.2s avg_lap=565.6s best_lap=555.9
t=4916.0 route=6 laps=9 crashes=0 avg_out=179.1s avg_ret=159.2s avg_lap=350.1s best_lap=344.4
t=4916.0 route=7 laps=9 crashes=0 avg_out=197.9s avg_ret=158.0s avg_lap=367.9s best_lap=355.8
t=4916.0 route=8 laps=8 crashes=1 avg_out=185.6s avg_ret=187.9s avg_lap=385.3s best_lap=382.8
t=4916.0 TOTAL laps=71 crashes=1
t=4916.0 TUNER gen=1 results=8/64 pending=8 active=8 remaining=56 next_trial=81 rounds=[2,2,2,2,2,2,2,2]
t=4920.3 SPAWN craft=Aircraft_9_nav_r5_80 route=5 candidate=6 trial=80 t=4920.3
t=4946.0 ==== SUMMARY t=4946.0 ====
t=4946.0 route=1 laps=9 crashes=0 avg_out=155.2s avg_ret=176.2s avg_lap=343.1s best_lap=339.8
t=4946.0 route=2 laps=9 crashes=0 avg_out=214.3s avg_ret=250.4s avg_lap=476.7s best_lap=454.8
t=4946.0 route=3 laps=9 crashes=0 avg_out=242.7s avg_ret=268.1s avg_lap=522.7s best_lap=508.2
t=4946.0 route=4 laps=9 crashes=0 avg_out=200.9s avg_ret=168.4s avg_lap=381.0s best_lap=374.9
t=4946.0 route=5 laps=9 crashes=0 avg_out=296.4s avg_ret=257.2s avg_lap=565.6s best_lap=555.9
t=4946.1 route=6 laps=9 crashes=0 avg_out=179.1s avg_ret=159.2s avg_lap=350.1s best_lap=344.4
t=4946.1 route=7 laps=9 crashes=0 avg_out=197.9s avg_ret=158.0s avg_lap=367.9s best_lap=355.8
t=4946.1 route=8 laps=8 crashes=1 avg_out=185.6s avg_ret=187.9s avg_lap=385.3s best_lap=382.8
t=4946.1 TOTAL laps=71 crashes=1
t=4946.1 TUNER gen=1 results=8/64 pending=8 active=8 remaining=56 next_trial=81 rounds=[2,2,2,2,2,2,2,2]
t=4963.8 LZ_REACHED craft=Aircraft_9_nav_r7_76 route=7 outbound=199.2s t=4963.8
t=4974.6 LAP_CAPTURE craft=Aircraft_9_nav_r1_73 route=1 return=175.9s lap=345.7s carrier_dist=200m t=4974.6
t=4976.0 ==== SUMMARY t=4976.0 ====
t=4976.0 route=1 laps=10 crashes=0 avg_out=155.2s avg_ret=176.2s avg_lap=343.3s best_lap=339.8
t=4976.0 route=2 laps=9 crashes=0 avg_out=214.3s avg_ret=250.4s avg_lap=476.7s best_lap=454.8
t=4976.0 route=3 laps=9 crashes=0 avg_out=242.7s avg_ret=268.1s avg_lap=522.7s best_lap=508.2
t=4976.0 route=4 laps=9 crashes=0 avg_out=200.9s avg_ret=168.4s avg_lap=381.0s best_lap=374.9
t=4976.0 route=5 laps=9 crashes=0 avg_out=296.4s avg_ret=257.2s avg_lap=565.6s best_lap=555.9
t=4976.0 route=6 laps=9 crashes=0 avg_out=179.1s avg_ret=159.2s avg_lap=350.1s best_lap=344.4
t=4976.1 route=7 laps=9 crashes=0 avg_out=198.1s avg_ret=158.0s avg_lap=367.9s best_lap=355.8
t=4976.1 route=8 laps=8 crashes=1 avg_out=185.6s avg_ret=187.9s avg_lap=385.3s best_lap=382.8
t=4976.1 TOTAL laps=72 crashes=1
t=4976.1 TUNER gen=1 results=9/64 pending=7 active=7 remaining=55 next_trial=81 rounds=[2,2,2,2,2,2,2,2]
t=4990.6 SPAWN craft=Aircraft_9_nav_r1_81 route=1 candidate=3 trial=81 t=4990.6
t=5001.9 LZ_REACHED craft=Aircraft_9_nav_r8_78 route=8 outbound=182.1s t=5001.9
t=5006.0 ==== SUMMARY t=5006.0 ====
t=5006.1 route=1 laps=10 crashes=0 avg_out=155.2s avg_ret=176.2s avg_lap=343.3s best_lap=339.8
t=5006.1 route=2 laps=9 crashes=0 avg_out=214.3s avg_ret=250.4s avg_lap=476.7s best_lap=454.8
t=5006.1 route=3 laps=9 crashes=0 avg_out=242.7s avg_ret=268.1s avg_lap=522.7s best_lap=508.2
t=5006.1 route=4 laps=9 crashes=0 avg_out=200.9s avg_ret=168.4s avg_lap=381.0s best_lap=374.9
t=5006.1 route=5 laps=9 crashes=0 avg_out=296.4s avg_ret=257.2s avg_lap=565.6s best_lap=555.9
t=5006.1 route=6 laps=9 crashes=0 avg_out=179.1s avg_ret=159.2s avg_lap=350.1s best_lap=344.4
t=5006.1 route=7 laps=9 crashes=0 avg_out=198.1s avg_ret=158.0s avg_lap=367.9s best_lap=355.8
t=5006.1 route=8 laps=8 crashes=1 avg_out=185.2s avg_ret=187.9s avg_lap=385.3s best_lap=382.8
t=5006.1 TOTAL laps=72 crashes=1
t=5006.1 TUNER gen=1 results=9/64 pending=8 active=8 remaining=55 next_trial=82 rounds=[3,2,2,2,2,2,2,2]
t=5012.9 LZ_REACHED craft=Aircraft_9_nav_r2_77 route=2 outbound=213.2s t=5012.9
t=5036.1 ==== SUMMARY t=5036.1 ====
t=5036.1 route=1 laps=10 crashes=0 avg_out=155.2s avg_ret=176.2s avg_lap=343.3s best_lap=339.8
t=5036.1 route=2 laps=9 crashes=0 avg_out=214.2s avg_ret=250.4s avg_lap=476.7s best_lap=454.8
t=5036.1 route=3 laps=9 crashes=0 avg_out=242.7s avg_ret=268.1s avg_lap=522.7s best_lap=508.2
t=5036.1 route=4 laps=9 crashes=0 avg_out=200.9s avg_ret=168.4s avg_lap=381.0s best_lap=374.9
t=5036.1 route=5 laps=9 crashes=0 avg_out=296.4s avg_ret=257.2s avg_lap=565.6s best_lap=555.9
t=5036.1 route=6 laps=9 crashes=0 avg_out=179.1s avg_ret=159.2s avg_lap=350.1s best_lap=344.4
t=5036.1 route=7 laps=9 crashes=0 avg_out=198.1s avg_ret=158.0s avg_lap=367.9s best_lap=355.8
t=5036.1 route=8 laps=8 crashes=1 avg_out=185.2s avg_ret=187.9s avg_lap=385.3s best_lap=382.8
t=5036.1 TOTAL laps=72 crashes=1
t=5036.1 TUNER gen=1 results=9/64 pending=8 active=8 remaining=55 next_trial=82 rounds=[3,2,2,2,2,2,2,2]
t=5039.7 LAP_CAPTURE craft=Aircraft_9_nav_r4_74 route=4 return=169.9s lap=385.6s carrier_dist=200m t=5039.7
t=5056.0 SPAWN craft=Aircraft_9_nav_r4_82 route=4 candidate=6 trial=82 t=5056.0
t=5066.1 ==== SUMMARY t=5066.1 ====
t=5066.1 route=1 laps=10 crashes=0 avg_out=155.2s avg_ret=176.2s avg_lap=343.3s best_lap=339.8
t=5066.2 route=2 laps=9 crashes=0 avg_out=214.2s avg_ret=250.4s avg_lap=476.7s best_lap=454.8
t=5066.2 route=3 laps=9 crashes=0 avg_out=242.7s avg_ret=268.1s avg_lap=522.7s best_lap=508.2
t=5066.2 route=4 laps=10 crashes=0 avg_out=200.9s avg_ret=168.5s avg_lap=381.4s best_lap=374.9
t=5066.2 route=5 laps=9 crashes=0 avg_out=296.4s avg_ret=257.2s avg_lap=565.6s best_lap=555.9
t=5066.2 route=6 laps=9 crashes=0 avg_out=179.1s avg_ret=159.2s avg_lap=350.1s best_lap=344.4
t=5066.2 route=7 laps=9 crashes=0 avg_out=198.1s avg_ret=158.0s avg_lap=367.9s best_lap=355.8
t=5066.2 route=8 laps=8 crashes=1 avg_out=185.2s avg_ret=187.9s avg_lap=385.3s best_lap=382.8
t=5066.2 TOTAL laps=73 crashes=1
t=5066.2 TUNER gen=1 results=10/64 pending=8 active=8 remaining=54 next_trial=83 rounds=[3,2,2,3,2,2,2,2]
t=5077.9 LAP_CAPTURE craft=Aircraft_9_nav_r6_75 route=6 return=161.1s lap=353.5s carrier_dist=200m t=5077.9
t=5096.0 SPAWN craft=Aircraft_9_nav_r6_83 route=6 candidate=8 trial=83 t=5096.0
t=5096.2 ==== SUMMARY t=5096.2 ====
t=5096.2 route=1 laps=10 crashes=0 avg_out=155.2s avg_ret=176.2s avg_lap=343.3s best_lap=339.8
t=5096.2 route=2 laps=9 crashes=0 avg_out=214.2s avg_ret=250.4s avg_lap=476.7s best_lap=454.8
t=5096.2 route=3 laps=9 crashes=0 avg_out=242.7s avg_ret=268.1s avg_lap=522.7s best_lap=508.2
t=5096.2 route=4 laps=10 crashes=0 avg_out=200.9s avg_ret=168.5s avg_lap=381.4s best_lap=374.9
t=5096.2 route=5 laps=9 crashes=0 avg_out=296.4s avg_ret=257.2s avg_lap=565.6s best_lap=555.9
t=5096.2 route=6 laps=10 crashes=0 avg_out=179.1s avg_ret=159.3s avg_lap=350.4s best_lap=344.4
t=5096.2 route=7 laps=9 crashes=0 avg_out=198.1s avg_ret=158.0s avg_lap=367.9s best_lap=355.8
t=5096.2 route=8 laps=8 crashes=1 avg_out=185.2s avg_ret=187.9s avg_lap=385.3s best_lap=382.8
t=5096.2 TOTAL laps=74 crashes=1
t=5096.2 TUNER gen=1 results=11/64 pending=8 active=8 remaining=53 next_trial=84 rounds=[3,2,2,3,2,3,2,2]
t=5104.1 LZ_REACHED craft=Aircraft_9_nav_r3_79 route=3 outbound=244.1s t=5104.1
t=5126.2 ==== SUMMARY t=5126.2 ====
t=5126.2 route=1 laps=10 crashes=0 avg_out=155.2s avg_ret=176.2s avg_lap=343.3s best_lap=339.8
t=5126.2 route=2 laps=9 crashes=0 avg_out=214.2s avg_ret=250.4s avg_lap=476.7s best_lap=454.8
t=5126.2 route=3 laps=9 crashes=0 avg_out=242.8s avg_ret=268.1s avg_lap=522.7s best_lap=508.2
t=5126.3 route=4 laps=10 crashes=0 avg_out=200.9s avg_ret=168.5s avg_lap=381.4s best_lap=374.9
t=5126.3 route=5 laps=9 crashes=0 avg_out=296.4s avg_ret=257.2s avg_lap=565.6s best_lap=555.9
t=5126.3 route=6 laps=10 crashes=0 avg_out=179.1s avg_ret=159.3s avg_lap=350.4s best_lap=344.4
t=5126.3 route=7 laps=9 crashes=0 avg_out=198.1s avg_ret=158.0s avg_lap=367.9s best_lap=355.8
t=5126.3 route=8 laps=8 crashes=1 avg_out=185.2s avg_ret=187.9s avg_lap=385.3s best_lap=382.8
t=5126.3 TOTAL laps=74 crashes=1
t=5126.3 TUNER gen=1 results=11/64 pending=8 active=8 remaining=53 next_trial=84 rounds=[3,2,2,3,2,3,2,2]
t=5134.4 LAP_CAPTURE craft=Aircraft_9_nav_r7_76 route=7 return=158.7s lap=369.8s carrier_dist=200m t=5134.4
t=5144.7 LZ_REACHED craft=Aircraft_9_nav_r1_81 route=1 outbound=154.1s t=5144.7
t=5151.3 SPAWN craft=Aircraft_9_nav_r7_84 route=7 candidate=1 trial=84 t=5151.3
t=5156.3 ==== SUMMARY t=5156.3 ====
t=5156.3 route=1 laps=10 crashes=0 avg_out=155.1s avg_ret=176.2s avg_lap=343.3s best_lap=339.8
t=5156.3 route=2 laps=9 crashes=0 avg_out=214.2s avg_ret=250.4s avg_lap=476.7s best_lap=454.8
t=5156.3 route=3 laps=9 crashes=0 avg_out=242.8s avg_ret=268.1s avg_lap=522.7s best_lap=508.2
t=5156.3 route=4 laps=10 crashes=0 avg_out=200.9s avg_ret=168.5s avg_lap=381.4s best_lap=374.9
t=5156.3 route=5 laps=9 crashes=0 avg_out=296.4s avg_ret=257.2s avg_lap=565.6s best_lap=555.9
t=5156.3 route=6 laps=10 crashes=0 avg_out=179.1s avg_ret=159.3s avg_lap=350.4s best_lap=344.4
t=5156.3 route=7 laps=10 crashes=0 avg_out=198.1s avg_ret=158.0s avg_lap=368.1s best_lap=355.8
t=5156.3 route=8 laps=8 crashes=1 avg_out=185.2s avg_ret=187.9s avg_lap=385.3s best_lap=382.8
t=5156.3 TOTAL laps=75 crashes=1
t=5156.3 TUNER gen=1 results=12/64 pending=8 active=8 remaining=52 next_trial=85 rounds=[3,2,2,3,2,3,3,2]
t=5186.3 ==== SUMMARY t=5186.3 ====
t=5186.3 route=1 laps=10 crashes=0 avg_out=155.1s avg_ret=176.2s avg_lap=343.3s best_lap=339.8
t=5186.3 route=2 laps=9 crashes=0 avg_out=214.2s avg_ret=250.4s avg_lap=476.7s best_lap=454.8
t=5186.3 route=3 laps=9 crashes=0 avg_out=242.8s avg_ret=268.1s avg_lap=522.7s best_lap=508.2
t=5186.3 route=4 laps=10 crashes=0 avg_out=200.9s avg_ret=168.5s avg_lap=381.4s best_lap=374.9
t=5186.3 route=5 laps=9 crashes=0 avg_out=296.4s avg_ret=257.2s avg_lap=565.6s best_lap=555.9
t=5186.3 route=6 laps=10 crashes=0 avg_out=179.1s avg_ret=159.3s avg_lap=350.4s best_lap=344.4
t=5186.3 route=7 laps=10 crashes=0 avg_out=198.1s avg_ret=158.0s avg_lap=368.1s best_lap=355.8
t=5186.4 route=8 laps=8 crashes=1 avg_out=185.2s avg_ret=187.9s avg_lap=385.3s best_lap=382.8
t=5186.4 TOTAL laps=75 crashes=1
t=5186.4 TUNER gen=1 results=12/64 pending=8 active=8 remaining=52 next_trial=85 rounds=[3,2,2,3,2,3,3,2]
t=5200.4 LAP_CAPTURE craft=Aircraft_9_nav_r8_78 route=8 return=186.5s lap=380.6s carrier_dist=200m t=5200.4
t=5216.2 LZ_REACHED craft=Aircraft_9_nav_r5_80 route=5 outbound=295.9s t=5216.2
t=5216.3 ==== SUMMARY t=5216.3 ====
t=5216.3 route=1 laps=10 crashes=0 avg_out=155.1s avg_ret=176.2s avg_lap=343.3s best_lap=339.8
t=5216.3 route=2 laps=9 crashes=0 avg_out=214.2s avg_ret=250.4s avg_lap=476.7s best_lap=454.8
t=5216.3 route=3 laps=9 crashes=0 avg_out=242.8s avg_ret=268.1s avg_lap=522.7s best_lap=508.2
t=5216.3 route=4 laps=10 crashes=0 avg_out=200.9s avg_ret=168.5s avg_lap=381.4s best_lap=374.9
t=5216.3 route=5 laps=9 crashes=0 avg_out=296.3s avg_ret=257.2s avg_lap=565.6s best_lap=555.9
t=5216.3 route=6 laps=10 crashes=0 avg_out=179.1s avg_ret=159.3s avg_lap=350.4s best_lap=344.4
t=5216.4 route=7 laps=10 crashes=0 avg_out=198.1s avg_ret=158.0s avg_lap=368.1s best_lap=355.8
t=5216.4 route=8 laps=9 crashes=1 avg_out=185.2s avg_ret=187.7s avg_lap=384.8s best_lap=380.6
t=5216.4 TOTAL laps=76 crashes=1
t=5216.4 TUNER gen=1 results=13/64 pending=8 active=8 remaining=51 next_trial=86 rounds=[3,2,2,3,2,3,3,3]
t=5216.6 SPAWN craft=Aircraft_9_nav_r8_85 route=8 candidate=2 trial=85 t=5216.6
t=5246.4 ==== SUMMARY t=5246.4 ====
t=5246.5 route=1 laps=10 crashes=0 avg_out=155.1s avg_ret=176.2s avg_lap=343.3s best_lap=339.8
t=5246.5 route=2 laps=9 crashes=0 avg_out=214.2s avg_ret=250.4s avg_lap=476.7s best_lap=454.8
t=5246.5 route=3 laps=9 crashes=0 avg_out=242.8s avg_ret=268.1s avg_lap=522.7s best_lap=508.2
t=5246.5 route=4 laps=10 crashes=0 avg_out=200.9s avg_ret=168.5s avg_lap=381.4s best_lap=374.9
t=5246.5 route=5 laps=9 crashes=0 avg_out=296.3s avg_ret=257.2s avg_lap=565.6s best_lap=555.9
t=5246.5 route=6 laps=10 crashes=0 avg_out=179.1s avg_ret=159.3s avg_lap=350.4s best_lap=344.4
t=5246.5 route=7 laps=10 crashes=0 avg_out=198.1s avg_ret=158.0s avg_lap=368.1s best_lap=355.8
t=5246.5 route=8 laps=9 crashes=1 avg_out=185.2s avg_ret=187.7s avg_lap=384.8s best_lap=380.6
t=5246.5 TOTAL laps=76 crashes=1
t=5246.5 TUNER gen=1 results=13/64 pending=8 active=8 remaining=51 next_trial=86 rounds=[3,2,2,3,2,3,3,3]
t=5257.6 LZ_REACHED craft=Aircraft_9_nav_r4_82 route=4 outbound=201.7s t=5257.6
t=5275.7 LZ_REACHED craft=Aircraft_9_nav_r6_83 route=6 outbound=179.7s t=5275.7
t=5276.1 LAP_CAPTURE craft=Aircraft_9_nav_r2_77 route=2 return=251.2s lap=476.4s carrier_dist=200m t=5276.1
t=5276.4 ==== SUMMARY t=5276.4 ====
t=5276.4 route=1 laps=10 crashes=0 avg_out=155.1s avg_ret=176.2s avg_lap=343.3s best_lap=339.8
t=5276.5 route=2 laps=10 crashes=0 avg_out=214.2s avg_ret=250.5s avg_lap=476.7s best_lap=454.8
t=5276.5 route=3 laps=9 crashes=0 avg_out=242.8s avg_ret=268.1s avg_lap=522.7s best_lap=508.2
t=5276.5 route=4 laps=10 crashes=0 avg_out=201.0s avg_ret=168.5s avg_lap=381.4s best_lap=374.9
t=5276.5 route=5 laps=9 crashes=0 avg_out=296.3s avg_ret=257.2s avg_lap=565.6s best_lap=555.9
t=5276.5 route=6 laps=10 crashes=0 avg_out=179.1s avg_ret=159.3s avg_lap=350.4s best_lap=344.4
t=5276.5 route=7 laps=10 crashes=0 avg_out=198.1s avg_ret=158.0s avg_lap=368.1s best_lap=355.8
t=5276.5 route=8 laps=9 crashes=1 avg_out=185.2s avg_ret=187.7s avg_lap=384.8s best_lap=380.6
t=5276.5 TOTAL laps=77 crashes=1
t=5276.5 TUNER gen=1 results=14/64 pending=7 active=7 remaining=50 next_trial=86 rounds=[3,2,2,3,2,3,3,3]
t=5296.9 SPAWN craft=Aircraft_9_nav_r2_86 route=2 candidate=4 trial=86 t=5296.9
t=5306.5 ==== SUMMARY t=5306.5 ====
t=5306.6 route=1 laps=10 crashes=0 avg_out=155.1s avg_ret=176.2s avg_lap=343.3s best_lap=339.8
t=5306.6 route=2 laps=10 crashes=0 avg_out=214.2s avg_ret=250.5s avg_lap=476.7s best_lap=454.8
t=5306.6 route=3 laps=9 crashes=0 avg_out=242.8s avg_ret=268.1s avg_lap=522.7s best_lap=508.2
t=5306.6 route=4 laps=10 crashes=0 avg_out=201.0s avg_ret=168.5s avg_lap=381.4s best_lap=374.9
t=5306.6 route=5 laps=9 crashes=0 avg_out=296.3s avg_ret=257.2s avg_lap=565.6s best_lap=555.9
t=5306.6 route=6 laps=10 crashes=0 avg_out=179.1s avg_ret=159.3s avg_lap=350.4s best_lap=344.4
t=5306.6 route=7 laps=10 crashes=0 avg_out=198.1s avg_ret=158.0s avg_lap=368.1s best_lap=355.8
t=5306.6 route=8 laps=9 crashes=1 avg_out=185.2s avg_ret=187.7s avg_lap=384.8s best_lap=380.6
t=5306.6 TOTAL laps=77 crashes=1
t=5306.6 TUNER gen=1 results=14/64 pending=8 active=8 remaining=50 next_trial=87 rounds=[3,3,2,3,2,3,3,3]
t=5332.5 LAP_CAPTURE craft=Aircraft_9_nav_r1_81 route=1 return=175.8s lap=341.9s carrier_dist=200m t=5332.5
t=5336.6 ==== SUMMARY t=5336.6 ====
t=5336.6 route=1 laps=11 crashes=0 avg_out=155.1s avg_ret=176.2s avg_lap=343.2s best_lap=339.8
t=5336.6 route=2 laps=10 crashes=0 avg_out=214.2s avg_ret=250.5s avg_lap=476.7s best_lap=454.8
t=5336.7 route=3 laps=9 crashes=0 avg_out=242.8s avg_ret=268.1s avg_lap=522.7s best_lap=508.2
t=5336.7 route=4 laps=10 crashes=0 avg_out=201.0s avg_ret=168.5s avg_lap=381.4s best_lap=374.9
t=5336.7 route=5 laps=9 crashes=0 avg_out=296.3s avg_ret=257.2s avg_lap=565.6s best_lap=555.9
t=5336.7 route=6 laps=10 crashes=0 avg_out=179.1s avg_ret=159.3s avg_lap=350.4s best_lap=344.4
t=5336.7 route=7 laps=10 crashes=0 avg_out=198.1s avg_ret=158.0s avg_lap=368.1s best_lap=355.8
t=5336.7 route=8 laps=9 crashes=1 avg_out=185.2s avg_ret=187.7s avg_lap=384.8s best_lap=380.6
t=5336.7 TOTAL laps=78 crashes=1
t=5336.7 TUNER gen=1 results=15/64 pending=7 active=7 remaining=49 next_trial=87 rounds=[3,3,2,3,2,3,3,3]
t=5349.3 LZ_REACHED craft=Aircraft_9_nav_r7_84 route=7 outbound=197.9s t=5349.3
t=5352.1 SPAWN craft=Aircraft_9_nav_r1_87 route=1 candidate=4 trial=87 t=5352.1
t=5366.6 ==== SUMMARY t=5366.6 ====
t=5366.6 route=1 laps=11 crashes=0 avg_out=155.1s avg_ret=176.2s avg_lap=343.2s best_lap=339.8
t=5366.6 route=2 laps=10 crashes=0 avg_out=214.2s avg_ret=250.5s avg_lap=476.7s best_lap=454.8
t=5366.6 route=3 laps=9 crashes=0 avg_out=242.8s avg_ret=268.1s avg_lap=522.7s best_lap=508.2
t=5366.6 route=4 laps=10 crashes=0 avg_out=201.0s avg_ret=168.5s avg_lap=381.4s best_lap=374.9
t=5366.6 route=5 laps=9 crashes=0 avg_out=296.3s avg_ret=257.2s avg_lap=565.6s best_lap=555.9
t=5366.6 route=6 laps=10 crashes=0 avg_out=179.1s avg_ret=159.3s avg_lap=350.4s best_lap=344.4
t=5366.6 route=7 laps=10 crashes=0 avg_out=198.0s avg_ret=158.0s avg_lap=368.1s best_lap=355.8
t=5366.6 route=8 laps=9 crashes=1 avg_out=185.2s avg_ret=187.7s avg_lap=384.8s best_lap=380.6
t=5366.6 TOTAL laps=78 crashes=1
t=5366.6 TUNER gen=1 results=15/64 pending=8 active=8 remaining=49 next_trial=88 rounds=[4,3,2,3,2,3,3,3]
t=5384.0 LAP_CAPTURE craft=Aircraft_9_nav_r3_79 route=3 return=268.0s lap=524.1s carrier_dist=200m t=5384.0
t=5396.7 ==== SUMMARY t=5396.7 ====
t=5396.7 route=1 laps=11 crashes=0 avg_out=155.1s avg_ret=176.2s avg_lap=343.2s best_lap=339.8
t=5396.7 route=2 laps=10 crashes=0 avg_out=214.2s avg_ret=250.5s avg_lap=476.7s best_lap=454.8
t=5396.7 route=3 laps=10 crashes=0 avg_out=242.8s avg_ret=268.1s avg_lap=522.9s best_lap=508.2
t=5396.7 route=4 laps=10 crashes=0 avg_out=201.0s avg_ret=168.5s avg_lap=381.4s best_lap=374.9
t=5396.8 route=5 laps=9 crashes=0 avg_out=296.3s avg_ret=257.2s avg_lap=565.6s best_lap=555.9
t=5396.8 route=6 laps=10 crashes=0 avg_out=179.1s avg_ret=159.3s avg_lap=350.4s best_lap=344.4
t=5396.8 route=7 laps=10 crashes=0 avg_out=198.0s avg_ret=158.0s avg_lap=368.1s best_lap=355.8
t=5396.8 route=8 laps=9 crashes=1 avg_out=185.2s avg_ret=187.7s avg_lap=384.8s best_lap=380.6
t=5396.8 TOTAL laps=79 crashes=1
t=5396.8 TUNER gen=1 results=16/64 pending=8 active=8 remaining=48 next_trial=89 rounds=[4,3,3,3,2,3,3,3]
t=5402.4 SPAWN craft=Aircraft_9_nav_r3_88 route=3 candidate=5 trial=88 t=5402.4
t=5402.4 LZ_REACHED craft=Aircraft_9_nav_r8_85 route=8 outbound=185.8s t=5402.4
t=5426.8 ==== SUMMARY t=5426.8 ====
t=5426.8 route=1 laps=11 crashes=0 avg_out=155.1s avg_ret=176.2s avg_lap=343.2s best_lap=339.8
t=5426.8 route=2 laps=10 crashes=0 avg_out=214.2s avg_ret=250.5s avg_lap=476.7s best_lap=454.8
t=5426.8 route=3 laps=10 crashes=0 avg_out=242.8s avg_ret=268.1s avg_lap=522.9s best_lap=508.2
t=5426.8 route=4 laps=10 crashes=0 avg_out=201.0s avg_ret=168.5s avg_lap=381.4s best_lap=374.9
t=5426.8 route=5 laps=9 crashes=0 avg_out=296.3s avg_ret=257.2s avg_lap=565.6s best_lap=555.9
t=5426.8 route=6 laps=10 crashes=0 avg_out=179.1s avg_ret=159.3s avg_lap=350.4s best_lap=344.4
t=5426.8 route=7 laps=10 crashes=0 avg_out=198.0s avg_ret=158.0s avg_lap=368.1s best_lap=355.8
t=5426.8 route=8 laps=9 crashes=1 avg_out=185.3s avg_ret=187.7s avg_lap=384.8s best_lap=380.6
t=5426.8 TOTAL laps=79 crashes=1
t=5426.8 TUNER gen=1 results=16/64 pending=8 active=8 remaining=48 next_trial=89 rounds=[4,3,3,3,2,3,3,3]
t=5439.3 LAP_CAPTURE craft=Aircraft_9_nav_r4_82 route=4 return=169.7s lap=383.4s carrier_dist=200m t=5439.3
t=5447.0 LAP_CAPTURE craft=Aircraft_9_nav_r6_83 route=6 return=159.2s lap=350.9s carrier_dist=200m t=5447.0
t=5456.8 ==== SUMMARY t=5456.8 ====
t=5456.8 route=1 laps=11 crashes=0 avg_out=155.1s avg_ret=176.2s avg_lap=343.2s best_lap=339.8
t=5456.8 route=2 laps=10 crashes=0 avg_out=214.2s avg_ret=250.5s avg_lap=476.7s best_lap=454.8
t=5456.8 route=3 laps=10 crashes=0 avg_out=242.8s avg_ret=268.1s avg_lap=522.9s best_lap=508.2
t=5456.8 route=4 laps=11 crashes=0 avg_out=201.0s avg_ret=168.6s avg_lap=381.6s best_lap=374.9
t=5456.8 route=5 laps=9 crashes=0 avg_out=296.3s avg_ret=257.2s avg_lap=565.6s best_lap=555.9
t=5456.8 route=6 laps=11 crashes=0 avg_out=179.1s avg_ret=159.3s avg_lap=350.4s best_lap=344.4
t=5456.8 route=7 laps=10 crashes=0 avg_out=198.0s avg_ret=158.0s avg_lap=368.1s best_lap=355.8
t=5456.8 route=8 laps=9 crashes=1 avg_out=185.3s avg_ret=187.7s avg_lap=384.8s best_lap=380.6
t=5456.8 TOTAL laps=81 crashes=1
t=5456.9 TUNER gen=1 results=18/64 pending=7 active=7 remaining=46 next_trial=90 rounds=[4,3,3,4,2,3,3,3]
t=5456.9 LAUNCH_BLOCKED reason=deck_busy active=7 stored=1 no_active_s=0.0 state=AIRCRAFT_ON_DECK tractor_cleanup=false elevator_transfer=false deck=Aircraft_9_nav_r4_89 pending=none clearance=none queue=0
t=5457.6 SPAWN craft=Aircraft_9_nav_r4_89 route=4 candidate=7 trial=89 t=5457.6
t=5477.7 SPAWN craft=Aircraft_9_nav_r6_90 route=6 candidate=1 trial=90 t=5477.7
t=5486.8 ==== SUMMARY t=5486.8 ====
t=5486.8 route=1 laps=11 crashes=0 avg_out=155.1s avg_ret=176.2s avg_lap=343.2s best_lap=339.8
t=5486.9 route=2 laps=10 crashes=0 avg_out=214.2s avg_ret=250.5s avg_lap=476.7s best_lap=454.8
t=5486.9 route=3 laps=10 crashes=0 avg_out=242.8s avg_ret=268.1s avg_lap=522.9s best_lap=508.2
t=5486.9 route=4 laps=11 crashes=0 avg_out=201.0s avg_ret=168.6s avg_lap=381.6s best_lap=374.9
t=5486.9 route=5 laps=9 crashes=0 avg_out=296.3s avg_ret=257.2s avg_lap=565.6s best_lap=555.9
t=5486.9 route=6 laps=11 crashes=0 avg_out=179.1s avg_ret=159.3s avg_lap=350.4s best_lap=344.4
t=5486.9 route=7 laps=10 crashes=0 avg_out=198.0s avg_ret=158.0s avg_lap=368.1s best_lap=355.8
t=5486.9 route=8 laps=9 crashes=1 avg_out=185.3s avg_ret=187.7s avg_lap=384.8s best_lap=380.6
t=5486.9 TOTAL laps=81 crashes=1
t=5486.9 TUNER gen=1 results=18/64 pending=8 active=8 remaining=46 next_trial=91 rounds=[4,3,3,4,2,4,3,3]
t=5487.4 LAP_CAPTURE craft=Aircraft_9_nav_r5_80 route=5 return=259.2s lap=567.1s carrier_dist=200m t=5487.4
t=5507.9 SPAWN craft=Aircraft_9_nav_r5_91 route=5 candidate=7 trial=91 t=5507.9
t=5511.8 LZ_REACHED craft=Aircraft_9_nav_r2_86 route=2 outbound=214.9s t=5511.8
t=5516.9 ==== SUMMARY t=5516.9 ====
t=5516.9 route=1 laps=11 crashes=0 avg_out=155.1s avg_ret=176.2s avg_lap=343.2s best_lap=339.8
t=5516.9 route=2 laps=10 crashes=0 avg_out=214.3s avg_ret=250.5s avg_lap=476.7s best_lap=454.8
t=5516.9 route=3 laps=10 crashes=0 avg_out=242.8s avg_ret=268.1s avg_lap=522.9s best_lap=508.2
t=5516.9 route=4 laps=11 crashes=0 avg_out=201.0s avg_ret=168.6s avg_lap=381.6s best_lap=374.9
t=5516.9 route=5 laps=10 crashes=0 avg_out=296.3s avg_ret=257.4s avg_lap=565.7s best_lap=555.9
t=5516.9 route=6 laps=11 crashes=0 avg_out=179.1s avg_ret=159.3s avg_lap=350.4s best_lap=344.4
t=5517.0 route=7 laps=10 crashes=0 avg_out=198.0s avg_ret=158.0s avg_lap=368.1s best_lap=355.8
t=5517.0 route=8 laps=9 crashes=1 avg_out=185.3s avg_ret=187.7s avg_lap=384.8s best_lap=380.6
t=5517.0 TOTAL laps=82 crashes=1
t=5517.0 TUNER gen=1 results=19/64 pending=8 active=8 remaining=45 next_trial=92 rounds=[4,3,3,4,3,4,3,3]
t=5519.6 LAP_CAPTURE craft=Aircraft_9_nav_r7_84 route=7 return=158.3s lap=368.2s carrier_dist=200m t=5519.6
t=5520.8 LZ_REACHED craft=Aircraft_9_nav_r1_87 route=1 outbound=168.7s t=5520.8
t=5537.9 SPAWN craft=Aircraft_9_nav_r7_92 route=7 candidate=2 trial=92 t=5537.9
t=5546.9 ==== SUMMARY t=5546.9 ====
t=5546.9 route=1 laps=11 crashes=0 avg_out=156.2s avg_ret=176.2s avg_lap=343.2s best_lap=339.8
t=5547.0 route=2 laps=10 crashes=0 avg_out=214.3s avg_ret=250.5s avg_lap=476.7s best_lap=454.8
t=5547.0 route=3 laps=10 crashes=0 avg_out=242.8s avg_ret=268.1s avg_lap=522.9s best_lap=508.2
t=5547.0 route=4 laps=11 crashes=0 avg_out=201.0s avg_ret=168.6s avg_lap=381.6s best_lap=374.9
t=5547.0 route=5 laps=10 crashes=0 avg_out=296.3s avg_ret=257.4s avg_lap=565.7s best_lap=555.9
t=5547.0 route=6 laps=11 crashes=0 avg_out=179.1s avg_ret=159.3s avg_lap=350.4s best_lap=344.4
t=5547.0 route=7 laps=11 crashes=0 avg_out=198.0s avg_ret=158.1s avg_lap=368.1s best_lap=355.8
t=5547.0 route=8 laps=9 crashes=1 avg_out=185.3s avg_ret=187.7s avg_lap=384.8s best_lap=380.6
t=5547.0 TOTAL laps=83 crashes=1
t=5547.0 TUNER gen=1 results=20/64 pending=8 active=8 remaining=44 next_trial=93 rounds=[4,3,3,4,3,4,4,3]
t=5576.9 ==== SUMMARY t=5576.9 ====
t=5577.0 route=1 laps=11 crashes=0 avg_out=156.2s avg_ret=176.2s avg_lap=343.2s best_lap=339.8
t=5577.0 route=2 laps=10 crashes=0 avg_out=214.3s avg_ret=250.5s avg_lap=476.7s best_lap=454.8
t=5577.0 route=3 laps=10 crashes=0 avg_out=242.8s avg_ret=268.1s avg_lap=522.9s best_lap=508.2
t=5577.0 route=4 laps=11 crashes=0 avg_out=201.0s avg_ret=168.6s avg_lap=381.6s best_lap=374.9
t=5577.0 route=5 laps=10 crashes=0 avg_out=296.3s avg_ret=257.4s avg_lap=565.7s best_lap=555.9
t=5577.0 route=6 laps=11 crashes=0 avg_out=179.1s avg_ret=159.3s avg_lap=350.4s best_lap=344.4
t=5577.0 route=7 laps=11 crashes=0 avg_out=198.0s avg_ret=158.1s avg_lap=368.1s best_lap=355.8
t=5577.0 route=8 laps=9 crashes=1 avg_out=185.3s avg_ret=187.7s avg_lap=384.8s best_lap=380.6
t=5577.0 TOTAL laps=83 crashes=1
t=5577.0 TUNER gen=1 results=20/64 pending=8 active=8 remaining=44 next_trial=93 rounds=[4,3,3,4,3,4,4,3]
t=5599.7 LAP_CAPTURE craft=Aircraft_9_nav_r8_85 route=8 return=185.2s lap=383.0s carrier_dist=200m t=5599.7
t=5607.0 ==== SUMMARY t=5607.0 ====
t=5607.0 route=1 laps=11 crashes=0 avg_out=156.2s avg_ret=176.2s avg_lap=343.2s best_lap=339.8
t=5607.0 route=2 laps=10 crashes=0 avg_out=214.3s avg_ret=250.5s avg_lap=476.7s best_lap=454.8
t=5607.0 route=3 laps=10 crashes=0 avg_out=242.8s avg_ret=268.1s avg_lap=522.9s best_lap=508.2
t=5607.0 route=4 laps=11 crashes=0 avg_out=201.0s avg_ret=168.6s avg_lap=381.6s best_lap=374.9
t=5607.0 route=5 laps=10 crashes=0 avg_out=296.3s avg_ret=257.4s avg_lap=565.7s best_lap=555.9
t=5607.0 route=6 laps=11 crashes=0 avg_out=179.1s avg_ret=159.3s avg_lap=350.4s best_lap=344.4
t=5607.0 route=7 laps=11 crashes=0 avg_out=198.0s avg_ret=158.1s avg_lap=368.1s best_lap=355.8
t=5607.0 route=8 laps=10 crashes=1 avg_out=185.3s avg_ret=187.5s avg_lap=384.6s best_lap=380.6
t=5607.1 TOTAL laps=84 crashes=1
t=5607.1 TUNER gen=1 results=21/64 pending=7 active=7 remaining=43 next_trial=93 rounds=[4,3,3,4,3,4,4,3]
t=5618.3 SPAWN craft=Aircraft_9_nav_r8_93 route=8 candidate=3 trial=93 t=5618.3
t=5637.0 ==== SUMMARY t=5637.0 ====
t=5637.0 route=1 laps=11 crashes=0 avg_out=156.2s avg_ret=176.2s avg_lap=343.2s best_lap=339.8
t=5637.0 route=2 laps=10 crashes=0 avg_out=214.3s avg_ret=250.5s avg_lap=476.7s best_lap=454.8
t=5637.0 route=3 laps=10 crashes=0 avg_out=242.8s avg_ret=268.1s avg_lap=522.9s best_lap=508.2
t=5637.0 route=4 laps=11 crashes=0 avg_out=201.0s avg_ret=168.6s avg_lap=381.6s best_lap=374.9
t=5637.0 route=5 laps=10 crashes=0 avg_out=296.3s avg_ret=257.4s avg_lap=565.7s best_lap=555.9
t=5637.1 route=6 laps=11 crashes=0 avg_out=179.1s avg_ret=159.3s avg_lap=350.4s best_lap=344.4
t=5637.1 route=7 laps=11 crashes=0 avg_out=198.0s avg_ret=158.1s avg_lap=368.1s best_lap=355.8
t=5637.1 route=8 laps=10 crashes=1 avg_out=185.3s avg_ret=187.5s avg_lap=384.6s best_lap=380.6
t=5637.1 TOTAL laps=84 crashes=1
t=5637.1 TUNER gen=1 results=21/64 pending=8 active=8 remaining=43 next_trial=94 rounds=[4,3,3,4,3,4,4,4]
t=5649.1 LZ_REACHED craft=Aircraft_9_nav_r3_88 route=3 outbound=246.7s t=5649.1
t=5656.2 LZ_REACHED craft=Aircraft_9_nav_r6_90 route=6 outbound=178.5s t=5656.2
t=5659.9 LZ_REACHED craft=Aircraft_9_nav_r4_89 route=4 outbound=202.2s t=5659.9
t=5667.1 ==== SUMMARY t=5667.1 ====
t=5667.1 route=1 laps=11 crashes=0 avg_out=156.2s avg_ret=176.2s avg_lap=343.2s best_lap=339.8
t=5667.1 route=2 laps=10 crashes=0 avg_out=214.3s avg_ret=250.5s avg_lap=476.7s best_lap=454.8
t=5667.1 route=3 laps=10 crashes=0 avg_out=243.2s avg_ret=268.1s avg_lap=522.9s best_lap=508.2
t=5667.1 route=4 laps=11 crashes=0 avg_out=201.1s avg_ret=168.6s avg_lap=381.6s best_lap=374.9
t=5667.1 route=5 laps=10 crashes=0 avg_out=296.3s avg_ret=257.4s avg_lap=565.7s best_lap=555.9
t=5667.1 route=6 laps=11 crashes=0 avg_out=179.1s avg_ret=159.3s avg_lap=350.4s best_lap=344.4
t=5667.1 route=7 laps=11 crashes=0 avg_out=198.0s avg_ret=158.1s avg_lap=368.1s best_lap=355.8
t=5667.1 route=8 laps=10 crashes=1 avg_out=185.3s avg_ret=187.5s avg_lap=384.6s best_lap=380.6
t=5667.1 TOTAL laps=84 crashes=1
t=5667.1 TUNER gen=1 results=21/64 pending=8 active=8 remaining=43 next_trial=94 rounds=[4,3,3,4,3,4,4,4]
t=5697.1 ==== SUMMARY t=5697.1 ====
t=5697.1 route=1 laps=11 crashes=0 avg_out=156.2s avg_ret=176.2s avg_lap=343.2s best_lap=339.8
t=5697.1 route=2 laps=10 crashes=0 avg_out=214.3s avg_ret=250.5s avg_lap=476.7s best_lap=454.8
t=5697.1 route=3 laps=10 crashes=0 avg_out=243.2s avg_ret=268.1s avg_lap=522.9s best_lap=508.2
t=5697.1 route=4 laps=11 crashes=0 avg_out=201.1s avg_ret=168.6s avg_lap=381.6s best_lap=374.9
t=5697.1 route=5 laps=10 crashes=0 avg_out=296.3s avg_ret=257.4s avg_lap=565.7s best_lap=555.9
t=5697.1 route=6 laps=11 crashes=0 avg_out=179.1s avg_ret=159.3s avg_lap=350.4s best_lap=344.4
t=5697.1 route=7 laps=11 crashes=0 avg_out=198.0s avg_ret=158.1s avg_lap=368.1s best_lap=355.8
t=5697.1 route=8 laps=10 crashes=1 avg_out=185.3s avg_ret=187.5s avg_lap=384.6s best_lap=380.6
t=5697.1 TOTAL laps=84 crashes=1
t=5697.2 TUNER gen=1 results=21/64 pending=8 active=8 remaining=43 next_trial=94 rounds=[4,3,3,4,3,4,4,4]
t=5703.7 LAP_CAPTURE craft=Aircraft_9_nav_r1_87 route=1 return=170.9s lap=351.6s carrier_dist=200m t=5703.7
t=5723.6 SPAWN craft=Aircraft_9_nav_r1_94 route=1 candidate=5 trial=94 t=5723.6
t=5727.1 ==== SUMMARY t=5727.1 ====
t=5727.1 route=1 laps=12 crashes=0 avg_out=156.2s avg_ret=175.7s avg_lap=343.9s best_lap=339.8
t=5727.1 route=2 laps=10 crashes=0 avg_out=214.3s avg_ret=250.5s avg_lap=476.7s best_lap=454.8
t=5727.1 route=3 laps=10 crashes=0 avg_out=243.2s avg_ret=268.1s avg_lap=522.9s best_lap=508.2
t=5727.1 route=4 laps=11 crashes=0 avg_out=201.1s avg_ret=168.6s avg_lap=381.6s best_lap=374.9
t=5727.1 route=5 laps=10 crashes=0 avg_out=296.3s avg_ret=257.4s avg_lap=565.7s best_lap=555.9
t=5727.1 route=6 laps=11 crashes=0 avg_out=179.1s avg_ret=159.3s avg_lap=350.4s best_lap=344.4
t=5727.1 route=7 laps=11 crashes=0 avg_out=198.0s avg_ret=158.1s avg_lap=368.1s best_lap=355.8
t=5727.1 route=8 laps=10 crashes=1 avg_out=185.3s avg_ret=187.5s avg_lap=384.6s best_lap=380.6
t=5727.1 TOTAL laps=85 crashes=1
t=5727.2 TUNER gen=1 results=22/64 pending=8 active=8 remaining=42 next_trial=95 rounds=[5,3,3,4,3,4,4,4]
t=5736.7 LZ_REACHED craft=Aircraft_9_nav_r7_92 route=7 outbound=198.7s t=5736.7
t=5757.1 ==== SUMMARY t=5757.1 ====
t=5757.1 route=1 laps=12 crashes=0 avg_out=156.2s avg_ret=175.7s avg_lap=343.9s best_lap=339.8
t=5757.1 route=2 laps=10 crashes=0 avg_out=214.3s avg_ret=250.5s avg_lap=476.7s best_lap=454.8
t=5757.1 route=3 laps=10 crashes=0 avg_out=243.2s avg_ret=268.1s avg_lap=522.9s best_lap=508.2
t=5757.1 route=4 laps=11 crashes=0 avg_out=201.1s avg_ret=168.6s avg_lap=381.6s best_lap=374.9
t=5757.1 route=5 laps=10 crashes=0 avg_out=296.3s avg_ret=257.4s avg_lap=565.7s best_lap=555.9
t=5757.2 route=6 laps=11 crashes=0 avg_out=179.1s avg_ret=159.3s avg_lap=350.4s best_lap=344.4
t=5757.2 route=7 laps=11 crashes=0 avg_out=198.1s avg_ret=158.1s avg_lap=368.1s best_lap=355.8
t=5757.2 route=8 laps=10 crashes=1 avg_out=185.3s avg_ret=187.5s avg_lap=384.6s best_lap=380.6
t=5757.2 TOTAL laps=85 crashes=1
t=5757.2 TUNER gen=1 results=22/64 pending=8 active=8 remaining=42 next_trial=95 rounds=[5,3,3,4,3,4,4,4]
t=5775.6 LAP_CAPTURE craft=Aircraft_9_nav_r2_86 route=2 return=251.8s lap=478.7s carrier_dist=200m t=5775.6
t=5787.1 ==== SUMMARY t=5787.1 ====
t=5787.1 route=1 laps=12 crashes=0 avg_out=156.2s avg_ret=175.7s avg_lap=343.9s best_lap=339.8
t=5787.1 route=2 laps=11 crashes=0 avg_out=214.3s avg_ret=250.6s avg_lap=476.9s best_lap=454.8
t=5787.1 route=3 laps=10 crashes=0 avg_out=243.2s avg_ret=268.1s avg_lap=522.9s best_lap=508.2
t=5787.1 route=4 laps=11 crashes=0 avg_out=201.1s avg_ret=168.6s avg_lap=381.6s best_lap=374.9
t=5787.2 route=5 laps=10 crashes=0 avg_out=296.3s avg_ret=257.4s avg_lap=565.7s best_lap=555.9
t=5787.2 route=6 laps=11 crashes=0 avg_out=179.1s avg_ret=159.3s avg_lap=350.4s best_lap=344.4
t=5787.2 route=7 laps=11 crashes=0 avg_out=198.1s avg_ret=158.1s avg_lap=368.1s best_lap=355.8
t=5787.2 route=8 laps=10 crashes=1 avg_out=185.3s avg_ret=187.5s avg_lap=384.6s best_lap=380.6
t=5787.2 TOTAL laps=86 crashes=1
t=5787.2 TUNER gen=1 results=23/64 pending=8 active=8 remaining=41 next_trial=96 rounds=[5,4,3,4,3,4,4,4]
t=5793.9 SPAWN craft=Aircraft_9_nav_r2_95 route=2 candidate=5 trial=95 t=5793.9
t=5801.4 LZ_REACHED craft=Aircraft_9_nav_r8_93 route=8 outbound=183.1s t=5801.4
t=5803.6 LZ_REACHED craft=Aircraft_9_nav_r5_91 route=5 outbound=295.7s t=5803.6
t=5817.2 ==== SUMMARY t=5817.2 ====
t=5817.2 route=1 laps=12 crashes=0 avg_out=156.2s avg_ret=175.7s avg_lap=343.9s best_lap=339.8
t=5817.2 route=2 laps=11 crashes=0 avg_out=214.3s avg_ret=250.6s avg_lap=476.9s best_lap=454.8
t=5817.2 route=3 laps=10 crashes=0 avg_out=243.2s avg_ret=268.1s avg_lap=522.9s best_lap=508.2
t=5817.2 route=4 laps=11 crashes=0 avg_out=201.1s avg_ret=168.6s avg_lap=381.6s best_lap=374.9
t=5817.2 route=5 laps=10 crashes=0 avg_out=296.3s avg_ret=257.4s avg_lap=565.7s best_lap=555.9
t=5817.2 route=6 laps=11 crashes=0 avg_out=179.1s avg_ret=159.3s avg_lap=350.4s best_lap=344.4
t=5817.2 route=7 laps=11 crashes=0 avg_out=198.1s avg_ret=158.1s avg_lap=368.1s best_lap=355.8
t=5817.2 route=8 laps=10 crashes=1 avg_out=185.1s avg_ret=187.5s avg_lap=384.6s best_lap=380.6
t=5817.2 TOTAL laps=86 crashes=1
t=5817.2 TUNER gen=1 results=23/64 pending=8 active=8 remaining=41 next_trial=96 rounds=[5,4,3,4,3,4,4,4]
t=5828.1 LAP_CAPTURE craft=Aircraft_9_nav_r6_90 route=6 return=159.9s lap=350.4s carrier_dist=200m t=5828.1
t=5842.6 LAP_CAPTURE craft=Aircraft_9_nav_r4_89 route=4 return=170.7s lap=384.9s carrier_dist=200m t=5842.6
t=5844.2 SPAWN craft=Aircraft_9_nav_r6_96 route=6 candidate=2 trial=96 t=5844.2
t=5847.3 ==== SUMMARY t=5847.3 ====
t=5847.3 route=1 laps=12 crashes=0 avg_out=156.2s avg_ret=175.7s avg_lap=343.9s best_lap=339.8
t=5847.3 route=2 laps=11 crashes=0 avg_out=214.3s avg_ret=250.6s avg_lap=476.9s best_lap=454.8
t=5847.3 route=3 laps=10 crashes=0 avg_out=243.2s avg_ret=268.1s avg_lap=522.9s best_lap=508.2
t=5847.4 route=4 laps=12 crashes=0 avg_out=201.1s avg_ret=168.8s avg_lap=381.9s best_lap=374.9
t=5847.4 route=5 laps=10 crashes=0 avg_out=296.3s avg_ret=257.4s avg_lap=565.7s best_lap=555.9
t=5847.4 route=6 laps=12 crashes=0 avg_out=179.1s avg_ret=159.4s avg_lap=350.4s best_lap=344.4
t=5847.4 route=7 laps=11 crashes=0 avg_out=198.1s avg_ret=158.1s avg_lap=368.1s best_lap=355.8
t=5847.4 route=8 laps=10 crashes=1 avg_out=185.1s avg_ret=187.5s avg_lap=384.6s best_lap=380.6
t=5847.4 TOTAL laps=88 crashes=1
t=5847.4 TUNER gen=1 results=25/64 pending=7 active=7 remaining=39 next_trial=97 rounds=[5,4,3,4,3,5,4,4]
t=5848.5 LAUNCH_BLOCKED reason=cleared_unready_nav_deck_aircraft active=7 stored=1 no_active_s=0.0 state=IDLE tractor_cleanup=false elevator_transfer=false deck=Aircraft_9_nav_r6_96 pending=none clearance=none queue=0
t=5864.3 SPAWN craft=Aircraft_9_nav_r4_97 route=4 candidate=8 trial=97 t=5864.3
t=5877.4 ==== SUMMARY t=5877.4 ====
t=5877.4 route=1 laps=12 crashes=0 avg_out=156.2s avg_ret=175.7s avg_lap=343.9s best_lap=339.8
t=5877.4 route=2 laps=11 crashes=0 avg_out=214.3s avg_ret=250.6s avg_lap=476.9s best_lap=454.8
t=5877.4 route=3 laps=10 crashes=0 avg_out=243.2s avg_ret=268.1s avg_lap=522.9s best_lap=508.2
t=5877.4 route=4 laps=12 crashes=0 avg_out=201.1s avg_ret=168.8s avg_lap=381.9s best_lap=374.9
t=5877.4 route=5 laps=10 crashes=0 avg_out=296.3s avg_ret=257.4s avg_lap=565.7s best_lap=555.9
t=5877.4 route=6 laps=12 crashes=0 avg_out=179.1s avg_ret=159.4s avg_lap=350.4s best_lap=344.4
t=5877.4 route=7 laps=11 crashes=0 avg_out=198.1s avg_ret=158.1s avg_lap=368.1s best_lap=355.8
t=5877.4 route=8 laps=10 crashes=1 avg_out=185.1s avg_ret=187.5s avg_lap=384.6s best_lap=380.6
t=5877.4 TOTAL laps=88 crashes=1
t=5877.4 TUNER gen=1 results=25/64 pending=8 active=8 remaining=39 next_trial=98 rounds=[5,4,3,5,3,5,4,4]
t=5879.8 LZ_REACHED craft=Aircraft_9_nav_r1_94 route=1 outbound=156.2s t=5879.8
t=5907.0 LAP_CAPTURE craft=Aircraft_9_nav_r7_92 route=7 return=158.4s lap=369.1s carrier_dist=200m t=5907.0
t=5907.4 ==== SUMMARY t=5907.4 ====
t=5907.4 route=1 laps=12 crashes=0 avg_out=156.2s avg_ret=175.7s avg_lap=343.9s best_lap=339.8
t=5907.4 route=2 laps=11 crashes=0 avg_out=214.3s avg_ret=250.6s avg_lap=476.9s best_lap=454.8
t=5907.4 route=3 laps=10 crashes=0 avg_out=243.2s avg_ret=268.1s avg_lap=522.9s best_lap=508.2
t=5907.4 route=4 laps=12 crashes=0 avg_out=201.1s avg_ret=168.8s avg_lap=381.9s best_lap=374.9
t=5907.4 route=5 laps=10 crashes=0 avg_out=296.3s avg_ret=257.4s avg_lap=565.7s best_lap=555.9
t=5907.4 route=6 laps=12 crashes=0 avg_out=179.1s avg_ret=159.4s avg_lap=350.4s best_lap=344.4
t=5907.4 route=7 laps=12 crashes=0 avg_out=198.1s avg_ret=158.1s avg_lap=368.2s best_lap=355.8
t=5907.4 route=8 laps=10 crashes=1 avg_out=185.1s avg_ret=187.5s avg_lap=384.6s best_lap=380.6
t=5907.4 TOTAL laps=89 crashes=1
t=5907.4 TUNER gen=1 results=26/64 pending=7 active=7 remaining=38 next_trial=98 rounds=[5,4,3,5,3,5,4,4]
t=5924.5 SPAWN craft=Aircraft_9_nav_r7_98 route=7 candidate=3 trial=98 t=5924.5
t=5929.0 LAP_CAPTURE craft=Aircraft_9_nav_r3_88 route=3 return=268.0s lap=526.6s carrier_dist=200m t=5929.0
t=5937.5 ==== SUMMARY t=5937.5 ====
t=5937.5 route=1 laps=12 crashes=0 avg_out=156.2s avg_ret=175.7s avg_lap=343.9s best_lap=339.8
t=5937.5 route=2 laps=11 crashes=0 avg_out=214.3s avg_ret=250.6s avg_lap=476.9s best_lap=454.8
t=5937.5 route=3 laps=11 crashes=0 avg_out=243.2s avg_ret=268.1s avg_lap=523.2s best_lap=508.2
t=5937.5 route=4 laps=12 crashes=0 avg_out=201.1s avg_ret=168.8s avg_lap=381.9s best_lap=374.9
t=5937.5 route=5 laps=10 crashes=0 avg_out=296.3s avg_ret=257.4s avg_lap=565.7s best_lap=555.9
t=5937.5 route=6 laps=12 crashes=0 avg_out=179.1s avg_ret=159.4s avg_lap=350.4s best_lap=344.4
t=5937.5 route=7 laps=12 crashes=0 avg_out=198.1s avg_ret=158.1s avg_lap=368.2s best_lap=355.8
t=5937.5 route=8 laps=10 crashes=1 avg_out=185.1s avg_ret=187.5s avg_lap=384.6s best_lap=380.6
t=5937.5 TOTAL laps=90 crashes=1
t=5937.5 TUNER gen=1 results=27/64 pending=7 active=7 remaining=37 next_trial=99 rounds=[5,4,3,5,3,5,5,4]
t=5949.7 SPAWN craft=Aircraft_9_nav_r3_99 route=3 candidate=6 trial=99 t=5949.7
t=5967.5 ==== SUMMARY t=5967.5 ====
t=5967.5 route=1 laps=12 crashes=0 avg_out=156.2s avg_ret=175.7s avg_lap=343.9s best_lap=339.8
t=5967.5 route=2 laps=11 crashes=0 avg_out=214.3s avg_ret=250.6s avg_lap=476.9s best_lap=454.8
t=5967.5 route=3 laps=11 crashes=0 avg_out=243.2s avg_ret=268.1s avg_lap=523.2s best_lap=508.2
t=5967.5 route=4 laps=12 crashes=0 avg_out=201.1s avg_ret=168.8s avg_lap=381.9s best_lap=374.9
t=5967.5 route=5 laps=10 crashes=0 avg_out=296.3s avg_ret=257.4s avg_lap=565.7s best_lap=555.9
t=5967.6 route=6 laps=12 crashes=0 avg_out=179.1s avg_ret=159.4s avg_lap=350.4s best_lap=344.4
t=5967.6 route=7 laps=12 crashes=0 avg_out=198.1s avg_ret=158.1s avg_lap=368.2s best_lap=355.8
t=5967.6 route=8 laps=10 crashes=1 avg_out=185.1s avg_ret=187.5s avg_lap=384.6s best_lap=380.6
t=5967.6 TOTAL laps=90 crashes=1
t=5967.6 TUNER gen=1 results=27/64 pending=8 active=8 remaining=37 next_trial=100 rounds=[5,4,4,5,3,5,5,4]
t=5997.5 ==== SUMMARY t=5997.5 ====
t=5997.6 route=1 laps=12 crashes=0 avg_out=156.2s avg_ret=175.7s avg_lap=343.9s best_lap=339.8
t=5997.6 route=2 laps=11 crashes=0 avg_out=214.3s avg_ret=250.6s avg_lap=476.9s best_lap=454.8
t=5997.6 route=3 laps=11 crashes=0 avg_out=243.2s avg_ret=268.1s avg_lap=523.2s best_lap=508.2
t=5997.6 route=4 laps=12 crashes=0 avg_out=201.1s avg_ret=168.8s avg_lap=381.9s best_lap=374.9
t=5997.6 route=5 laps=10 crashes=0 avg_out=296.3s avg_ret=257.4s avg_lap=565.7s best_lap=555.9
t=5997.6 route=6 laps=12 crashes=0 avg_out=179.1s avg_ret=159.4s avg_lap=350.4s best_lap=344.4
t=5997.6 route=7 laps=12 crashes=0 avg_out=198.1s avg_ret=158.1s avg_lap=368.2s best_lap=355.8
t=5997.6 route=8 laps=10 crashes=1 avg_out=185.1s avg_ret=187.5s avg_lap=384.6s best_lap=380.6
t=5997.6 TOTAL laps=90 crashes=1
t=5997.6 TUNER gen=1 results=27/64 pending=8 active=8 remaining=37 next_trial=100 rounds=[5,4,4,5,3,5,5,4]
t=5997.7 LAP_CAPTURE craft=Aircraft_9_nav_r8_93 route=8 return=184.3s lap=379.4s carrier_dist=200m t=5997.7
t=6007.9 LZ_REACHED craft=Aircraft_9_nav_r2_95 route=2 outbound=214.0s t=6007.9
t=6015.0 SPAWN craft=Aircraft_9_nav_r8_100 route=8 candidate=4 trial=100 t=6015.0
t=6023.8 LZ_REACHED craft=Aircraft_9_nav_r6_96 route=6 outbound=179.6s t=6023.8
t=6027.6 ==== SUMMARY t=6027.6 ====
t=6027.6 route=1 laps=12 crashes=0 avg_out=156.2s avg_ret=175.7s avg_lap=343.9s best_lap=339.8
t=6027.6 route=2 laps=11 crashes=0 avg_out=214.3s avg_ret=250.6s avg_lap=476.9s best_lap=454.8
t=6027.6 route=3 laps=11 crashes=0 avg_out=243.2s avg_ret=268.1s avg_lap=523.2s best_lap=508.2
t=6027.7 route=4 laps=12 crashes=0 avg_out=201.1s avg_ret=168.8s avg_lap=381.9s best_lap=374.9
t=6027.7 route=5 laps=10 crashes=0 avg_out=296.3s avg_ret=257.4s avg_lap=565.7s best_lap=555.9
t=6027.7 route=6 laps=12 crashes=0 avg_out=179.1s avg_ret=159.4s avg_lap=350.4s best_lap=344.4
t=6027.7 route=7 laps=12 crashes=0 avg_out=198.1s avg_ret=158.1s avg_lap=368.2s best_lap=355.8
t=6027.7 route=8 laps=11 crashes=1 avg_out=185.1s avg_ret=187.2s avg_lap=384.1s best_lap=379.4
t=6027.7 TOTAL laps=91 crashes=1
t=6027.7 TUNER gen=1 results=28/64 pending=8 active=8 remaining=36 next_trial=101 rounds=[5,4,4,5,3,5,5,5]
t=6057.7 ==== SUMMARY t=6057.7 ====
t=6057.7 route=1 laps=12 crashes=0 avg_out=156.2s avg_ret=175.7s avg_lap=343.9s best_lap=339.8
t=6057.7 route=2 laps=11 crashes=0 avg_out=214.3s avg_ret=250.6s avg_lap=476.9s best_lap=454.8
t=6057.7 route=3 laps=11 crashes=0 avg_out=243.2s avg_ret=268.1s avg_lap=523.2s best_lap=508.2
t=6057.7 route=4 laps=12 crashes=0 avg_out=201.1s avg_ret=168.8s avg_lap=381.9s best_lap=374.9
t=6057.7 route=5 laps=10 crashes=0 avg_out=296.3s avg_ret=257.4s avg_lap=565.7s best_lap=555.9
t=6057.7 route=6 laps=12 crashes=0 avg_out=179.1s avg_ret=159.4s avg_lap=350.4s best_lap=344.4
t=6057.7 route=7 laps=12 crashes=0 avg_out=198.1s avg_ret=158.1s avg_lap=368.2s best_lap=355.8
t=6057.7 route=8 laps=11 crashes=1 avg_out=185.1s avg_ret=187.2s avg_lap=384.1s best_lap=379.4
t=6057.7 TOTAL laps=91 crashes=1
t=6057.7 TUNER gen=1 results=28/64 pending=8 active=8 remaining=36 next_trial=101 rounds=[5,4,4,5,3,5,5,5]
t=6066.2 LZ_REACHED craft=Aircraft_9_nav_r4_97 route=4 outbound=201.9s t=6066.2
t=6066.8 LAP_CAPTURE craft=Aircraft_9_nav_r1_94 route=1 return=175.0s lap=343.2s carrier_dist=200m t=6066.8
t=6076.2 LAP_CAPTURE craft=Aircraft_9_nav_r5_91 route=5 return=260.5s lap=568.3s carrier_dist=200m t=6076.2
t=6084.5 LAUNCH_BLOCKED reason=deck_busy active=7 stored=1 no_active_s=0.0 state=AIRCRAFT_ON_DECK tractor_cleanup=false elevator_transfer=false deck=Aircraft_9_nav_r1_101 pending=none clearance=none queue=0
t=6085.2 SPAWN craft=Aircraft_9_nav_r1_101 route=1 candidate=6 trial=101 t=6085.2
t=6087.7 ==== SUMMARY t=6087.7 ====
t=6087.7 route=1 laps=13 crashes=0 avg_out=156.2s avg_ret=175.7s avg_lap=343.9s best_lap=339.8
t=6087.7 route=2 laps=11 crashes=0 avg_out=214.3s avg_ret=250.6s avg_lap=476.9s best_lap=454.8
t=6087.7 route=3 laps=11 crashes=0 avg_out=243.2s avg_ret=268.1s avg_lap=523.2s best_lap=508.2
t=6087.7 route=4 laps=12 crashes=0 avg_out=201.1s avg_ret=168.8s avg_lap=381.9s best_lap=374.9
t=6087.7 route=5 laps=11 crashes=0 avg_out=296.3s avg_ret=257.7s avg_lap=565.9s best_lap=555.9
t=6087.7 route=6 laps=12 crashes=0 avg_out=179.1s avg_ret=159.4s avg_lap=350.4s best_lap=344.4
t=6087.7 route=7 laps=12 crashes=0 avg_out=198.1s avg_ret=158.1s avg_lap=368.2s best_lap=355.8
t=6087.7 route=8 laps=11 crashes=1 avg_out=185.1s avg_ret=187.2s avg_lap=384.1s best_lap=379.4
t=6087.7 TOTAL laps=93 crashes=1
t=6087.7 TUNER gen=1 results=30/64 pending=7 active=7 remaining=34 next_trial=102 rounds=[6,4,4,5,3,5,5,5]
t=6105.4 SPAWN craft=Aircraft_9_nav_r5_102 route=5 candidate=8 trial=102 t=6105.4
t=6117.8 ==== SUMMARY t=6117.8 ====
t=6117.8 route=1 laps=13 crashes=0 avg_out=156.2s avg_ret=175.7s avg_lap=343.9s best_lap=339.8
t=6117.8 route=2 laps=11 crashes=0 avg_out=214.3s avg_ret=250.6s avg_lap=476.9s best_lap=454.8
t=6117.8 route=3 laps=11 crashes=0 avg_out=243.2s avg_ret=268.1s avg_lap=523.2s best_lap=508.2
t=6117.8 route=4 laps=12 crashes=0 avg_out=201.1s avg_ret=168.8s avg_lap=381.9s best_lap=374.9
t=6117.8 route=5 laps=11 crashes=0 avg_out=296.3s avg_ret=257.7s avg_lap=565.9s best_lap=555.9
t=6117.8 route=6 laps=12 crashes=0 avg_out=179.1s avg_ret=159.4s avg_lap=350.4s best_lap=344.4
t=6117.8 route=7 laps=12 crashes=0 avg_out=198.1s avg_ret=158.1s avg_lap=368.2s best_lap=355.8
t=6117.8 route=8 laps=11 crashes=1 avg_out=185.1s avg_ret=187.2s avg_lap=384.1s best_lap=379.4
t=6117.8 TOTAL laps=93 crashes=1
t=6117.8 TUNER gen=1 results=30/64 pending=8 active=8 remaining=34 next_trial=103 rounds=[6,4,4,5,4,5,5,5]
t=6119.3 LZ_REACHED craft=Aircraft_9_nav_r7_98 route=7 outbound=194.8s t=6119.3
t=6147.8 ==== SUMMARY t=6147.8 ====
t=6147.8 route=1 laps=13 crashes=0 avg_out=156.2s avg_ret=175.7s avg_lap=343.9s best_lap=339.8
t=6147.8 route=2 laps=11 crashes=0 avg_out=214.3s avg_ret=250.6s avg_lap=476.9s best_lap=454.8
t=6147.8 route=3 laps=11 crashes=0 avg_out=243.2s avg_ret=268.1s avg_lap=523.2s best_lap=508.2
t=6147.8 route=4 laps=12 crashes=0 avg_out=201.1s avg_ret=168.8s avg_lap=381.9s best_lap=374.9
t=6147.8 route=5 laps=11 crashes=0 avg_out=296.3s avg_ret=257.7s avg_lap=565.9s best_lap=555.9
t=6147.8 route=6 laps=12 crashes=0 avg_out=179.1s avg_ret=159.4s avg_lap=350.4s best_lap=344.4
t=6147.8 route=7 laps=12 crashes=0 avg_out=197.8s avg_ret=158.1s avg_lap=368.2s best_lap=355.8
t=6147.8 route=8 laps=11 crashes=1 avg_out=185.1s avg_ret=187.2s avg_lap=384.1s best_lap=379.4
t=6147.8 TOTAL laps=93 crashes=1
t=6147.8 TUNER gen=1 results=30/64 pending=8 active=8 remaining=34 next_trial=103 rounds=[6,4,4,5,4,5,5,5]
t=6177.8 ==== SUMMARY t=6177.8 ====
t=6177.8 route=1 laps=13 crashes=0 avg_out=156.2s avg_ret=175.7s avg_lap=343.9s best_lap=339.8
t=6177.8 route=2 laps=11 crashes=0 avg_out=214.3s avg_ret=250.6s avg_lap=476.9s best_lap=454.8
t=6177.8 route=3 laps=11 crashes=0 avg_out=243.2s avg_ret=268.1s avg_lap=523.2s best_lap=508.2
t=6177.8 route=4 laps=12 crashes=0 avg_out=201.1s avg_ret=168.8s avg_lap=381.9s best_lap=374.9
t=6177.8 route=5 laps=11 crashes=0 avg_out=296.3s avg_ret=257.7s avg_lap=565.9s best_lap=555.9
t=6177.8 route=6 laps=12 crashes=0 avg_out=179.1s avg_ret=159.4s avg_lap=350.4s best_lap=344.4
t=6177.8 route=7 laps=12 crashes=0 avg_out=197.8s avg_ret=158.1s avg_lap=368.2s best_lap=355.8
t=6177.8 route=8 laps=11 crashes=1 avg_out=185.1s avg_ret=187.2s avg_lap=384.1s best_lap=379.4
t=6177.8 TOTAL laps=93 crashes=1
t=6177.9 TUNER gen=1 results=30/64 pending=8 active=8 remaining=34 next_trial=103 rounds=[6,4,4,5,4,5,5,5]
t=6193.9 LZ_REACHED craft=Aircraft_9_nav_r3_99 route=3 outbound=244.1s t=6193.9
t=6195.7 LAP_CAPTURE craft=Aircraft_9_nav_r6_96 route=6 return=159.9s lap=351.4s carrier_dist=200m t=6195.7
t=6201.5 LZ_REACHED craft=Aircraft_9_nav_r8_100 route=8 outbound=186.4s t=6201.5
t=6207.9 ==== SUMMARY t=6207.9 ====
t=6207.9 route=1 laps=13 crashes=0 avg_out=156.2s avg_ret=175.7s avg_lap=343.9s best_lap=339.8
t=6207.9 route=2 laps=11 crashes=0 avg_out=214.3s avg_ret=250.6s avg_lap=476.9s best_lap=454.8
t=6207.9 route=3 laps=11 crashes=0 avg_out=243.2s avg_ret=268.1s avg_lap=523.2s best_lap=508.2
t=6207.9 route=4 laps=12 crashes=0 avg_out=201.1s avg_ret=168.8s avg_lap=381.9s best_lap=374.9
t=6207.9 route=5 laps=11 crashes=0 avg_out=296.3s avg_ret=257.7s avg_lap=565.9s best_lap=555.9
t=6207.9 route=6 laps=13 crashes=0 avg_out=179.1s avg_ret=159.4s avg_lap=350.5s best_lap=344.4
t=6207.9 route=7 laps=12 crashes=0 avg_out=197.8s avg_ret=158.1s avg_lap=368.2s best_lap=355.8
t=6207.9 route=8 laps=11 crashes=1 avg_out=185.2s avg_ret=187.2s avg_lap=384.1s best_lap=379.4
t=6207.9 TOTAL laps=94 crashes=1
t=6207.9 TUNER gen=1 results=31/64 pending=8 active=8 remaining=33 next_trial=104 rounds=[6,4,4,5,4,6,5,5]
t=6216.0 SPAWN craft=Aircraft_9_nav_r6_103 route=6 candidate=3 trial=103 t=6216.0
t=6238.0 ==== SUMMARY t=6237.9 ====
t=6238.0 route=1 laps=13 crashes=0 avg_out=156.2s avg_ret=175.7s avg_lap=343.9s best_lap=339.8
t=6238.0 route=2 laps=11 crashes=0 avg_out=214.3s avg_ret=250.6s avg_lap=476.9s best_lap=454.8
t=6238.0 route=3 laps=11 crashes=0 avg_out=243.2s avg_ret=268.1s avg_lap=523.2s best_lap=508.2
t=6238.0 route=4 laps=12 crashes=0 avg_out=201.1s avg_ret=168.8s avg_lap=381.9s best_lap=374.9
t=6238.0 route=5 laps=11 crashes=0 avg_out=296.3s avg_ret=257.7s avg_lap=565.9s best_lap=555.9
t=6238.0 route=6 laps=13 crashes=0 avg_out=179.1s avg_ret=159.4s avg_lap=350.5s best_lap=344.4
t=6238.0 route=7 laps=12 crashes=0 avg_out=197.8s avg_ret=158.1s avg_lap=368.2s best_lap=355.8
t=6238.0 route=8 laps=11 crashes=1 avg_out=185.2s avg_ret=187.2s avg_lap=384.1s best_lap=379.4
t=6238.0 TOTAL laps=94 crashes=1
t=6238.0 TUNER gen=1 results=31/64 pending=8 active=8 remaining=33 next_trial=104 rounds=[6,4,4,5,4,6,5,5]
t=6241.6 LZ_REACHED craft=Aircraft_9_nav_r1_101 route=1 outbound=156.4s t=6241.6
t=6247.5 LAP_CAPTURE craft=Aircraft_9_nav_r4_97 route=4 return=169.4s lap=383.3s carrier_dist=200m t=6247.5
t=6266.0 SPAWN craft=Aircraft_9_nav_r4_104 route=4 candidate=1 trial=104 t=6266.0
t=6268.0 ==== SUMMARY t=6268.0 ====
t=6268.0 route=1 laps=13 crashes=0 avg_out=156.2s avg_ret=175.7s avg_lap=343.9s best_lap=339.8
t=6268.0 route=2 laps=11 crashes=0 avg_out=214.3s avg_ret=250.6s avg_lap=476.9s best_lap=454.8
t=6268.0 route=3 laps=11 crashes=0 avg_out=243.2s avg_ret=268.1s avg_lap=523.2s best_lap=508.2
t=6268.0 route=4 laps=13 crashes=0 avg_out=201.1s avg_ret=168.8s avg_lap=382.0s best_lap=374.9
t=6268.0 route=5 laps=11 crashes=0 avg_out=296.3s avg_ret=257.7s avg_lap=565.9s best_lap=555.9
t=6268.0 route=6 laps=13 crashes=0 avg_out=179.1s avg_ret=159.4s avg_lap=350.5s best_lap=344.4
t=6268.0 route=7 laps=12 crashes=0 avg_out=197.8s avg_ret=158.1s avg_lap=368.2s best_lap=355.8
t=6268.0 route=8 laps=11 crashes=1 avg_out=185.2s avg_ret=187.2s avg_lap=384.1s best_lap=379.4
t=6268.0 TOTAL laps=95 crashes=1
t=6268.0 TUNER gen=1 results=32/64 pending=8 active=8 remaining=32 next_trial=105 rounds=[6,4,4,6,4,6,5,5]
t=6273.2 LAP_CAPTURE craft=Aircraft_9_nav_r2_95 route=2 return=253.3s lap=479.3s carrier_dist=200m t=6273.2
t=6286.8 LAP_CAPTURE craft=Aircraft_9_nav_r7_98 route=7 return=155.5s lap=362.3s carrier_dist=200m t=6286.8
t=6291.1 SPAWN craft=Aircraft_9_nav_r2_105 route=2 candidate=6 trial=105 t=6291.1
t=6295.4 LAUNCH_BLOCKED reason=cleared_unready_nav_deck_aircraft active=7 stored=1 no_active_s=0.0 state=IDLE tractor_cleanup=false elevator_transfer=false deck=Aircraft_9_nav_r2_105 pending=none clearance=none queue=0
t=6298.0 ==== SUMMARY t=6298.0 ====
t=6298.0 route=1 laps=13 crashes=0 avg_out=156.2s avg_ret=175.7s avg_lap=343.9s best_lap=339.8
t=6298.0 route=2 laps=12 crashes=0 avg_out=214.3s avg_ret=250.8s avg_lap=477.1s best_lap=454.8
t=6298.0 route=3 laps=11 crashes=0 avg_out=243.2s avg_ret=268.1s avg_lap=523.2s best_lap=508.2
t=6298.0 route=4 laps=13 crashes=0 avg_out=201.1s avg_ret=168.8s avg_lap=382.0s best_lap=374.9
t=6298.0 route=5 laps=11 crashes=0 avg_out=296.3s avg_ret=257.7s avg_lap=565.9s best_lap=555.9
t=6298.0 route=6 laps=13 crashes=0 avg_out=179.1s avg_ret=159.4s avg_lap=350.5s best_lap=344.4
t=6298.0 route=7 laps=13 crashes=0 avg_out=197.8s avg_ret=157.9s avg_lap=367.7s best_lap=355.8
t=6298.0 route=8 laps=11 crashes=1 avg_out=185.2s avg_ret=187.2s avg_lap=384.1s best_lap=379.4
t=6298.1 TOTAL laps=97 crashes=1
t=6298.1 TUNER gen=1 results=34/64 pending=7 active=7 remaining=30 next_trial=106 rounds=[6,5,4,6,4,6,5,5]
t=6311.2 SPAWN craft=Aircraft_9_nav_r7_106 route=7 candidate=4 trial=106 t=6311.2
t=6328.1 ==== SUMMARY t=6328.1 ====
t=6328.1 route=1 laps=13 crashes=0 avg_out=156.2s avg_ret=175.7s avg_lap=343.9s best_lap=339.8
t=6328.1 route=2 laps=12 crashes=0 avg_out=214.3s avg_ret=250.8s avg_lap=477.1s best_lap=454.8
t=6328.1 route=3 laps=11 crashes=0 avg_out=243.2s avg_ret=268.1s avg_lap=523.2s best_lap=508.2
t=6328.1 route=4 laps=13 crashes=0 avg_out=201.1s avg_ret=168.8s avg_lap=382.0s best_lap=374.9
t=6328.1 route=5 laps=11 crashes=0 avg_out=296.3s avg_ret=257.7s avg_lap=565.9s best_lap=555.9
t=6328.1 route=6 laps=13 crashes=0 avg_out=179.1s avg_ret=159.4s avg_lap=350.5s best_lap=344.4
t=6328.1 route=7 laps=13 crashes=0 avg_out=197.8s avg_ret=157.9s avg_lap=367.7s best_lap=355.8
t=6328.1 route=8 laps=11 crashes=1 avg_out=185.2s avg_ret=187.2s avg_lap=384.1s best_lap=379.4
t=6328.1 TOTAL laps=97 crashes=1
t=6328.1 TUNER gen=1 results=34/64 pending=8 active=8 remaining=30 next_trial=107 rounds=[6,5,4,6,4,6,6,5]
t=6358.0 ==== SUMMARY t=6358.0 ====
t=6358.1 route=1 laps=13 crashes=0 avg_out=156.2s avg_ret=175.7s avg_lap=343.9s best_lap=339.8
t=6358.1 route=2 laps=12 crashes=0 avg_out=214.3s avg_ret=250.8s avg_lap=477.1s best_lap=454.8
t=6358.1 route=3 laps=11 crashes=0 avg_out=243.2s avg_ret=268.1s avg_lap=523.2s best_lap=508.2
t=6358.1 route=4 laps=13 crashes=0 avg_out=201.1s avg_ret=168.8s avg_lap=382.0s best_lap=374.9
t=6358.1 route=5 laps=11 crashes=0 avg_out=296.3s avg_ret=257.7s avg_lap=565.9s best_lap=555.9
t=6358.1 route=6 laps=13 crashes=0 avg_out=179.1s avg_ret=159.4s avg_lap=350.5s best_lap=344.4
t=6358.1 route=7 laps=13 crashes=0 avg_out=197.8s avg_ret=157.9s avg_lap=367.7s best_lap=355.8
t=6358.1 route=8 laps=11 crashes=1 avg_out=185.2s avg_ret=187.2s avg_lap=384.1s best_lap=379.4
t=6358.1 TOTAL laps=97 crashes=1
t=6358.1 TUNER gen=1 results=34/64 pending=8 active=8 remaining=30 next_trial=107 rounds=[6,5,4,6,4,6,6,5]
t=6388.1 ==== SUMMARY t=6388.1 ====
t=6388.1 route=1 laps=13 crashes=0 avg_out=156.2s avg_ret=175.7s avg_lap=343.9s best_lap=339.8
t=6388.1 route=2 laps=12 crashes=0 avg_out=214.3s avg_ret=250.8s avg_lap=477.1s best_lap=454.8
t=6388.1 route=3 laps=11 crashes=0 avg_out=243.2s avg_ret=268.1s avg_lap=523.2s best_lap=508.2
t=6388.1 route=4 laps=13 crashes=0 avg_out=201.1s avg_ret=168.8s avg_lap=382.0s best_lap=374.9
t=6388.1 route=5 laps=11 crashes=0 avg_out=296.3s avg_ret=257.7s avg_lap=565.9s best_lap=555.9
t=6388.1 route=6 laps=13 crashes=0 avg_out=179.1s avg_ret=159.4s avg_lap=350.5s best_lap=344.4
t=6388.1 route=7 laps=13 crashes=0 avg_out=197.8s avg_ret=157.9s avg_lap=367.7s best_lap=355.8
t=6388.1 route=8 laps=11 crashes=1 avg_out=185.2s avg_ret=187.2s avg_lap=384.1s best_lap=379.4
t=6388.1 TOTAL laps=97 crashes=1
t=6388.1 TUNER gen=1 results=34/64 pending=8 active=8 remaining=30 next_trial=107 rounds=[6,5,4,6,4,6,6,5]
t=6392.2 LZ_REACHED craft=Aircraft_9_nav_r6_103 route=6 outbound=176.2s t=6392.2
t=6398.2 LAP_CAPTURE craft=Aircraft_9_nav_r8_100 route=8 return=184.6s lap=383.2s carrier_dist=200m t=6398.2
t=6402.5 LZ_REACHED craft=Aircraft_9_nav_r5_102 route=5 outbound=297.1s t=6402.5
t=6416.6 SPAWN craft=Aircraft_9_nav_r8_107 route=8 candidate=5 trial=107 t=6416.6
t=6418.2 ==== SUMMARY t=6418.2 ====
t=6418.2 route=1 laps=13 crashes=0 avg_out=156.2s avg_ret=175.7s avg_lap=343.9s best_lap=339.8
t=6418.2 route=2 laps=12 crashes=0 avg_out=214.3s avg_ret=250.8s avg_lap=477.1s best_lap=454.8
t=6418.2 route=3 laps=11 crashes=0 avg_out=243.2s avg_ret=268.1s avg_lap=523.2s best_lap=508.2
t=6418.2 route=4 laps=13 crashes=0 avg_out=201.1s avg_ret=168.8s avg_lap=382.0s best_lap=374.9
t=6418.2 route=5 laps=11 crashes=0 avg_out=296.3s avg_ret=257.7s avg_lap=565.9s best_lap=555.9
t=6418.2 route=6 laps=13 crashes=0 avg_out=178.9s avg_ret=159.4s avg_lap=350.5s best_lap=344.4
t=6418.2 route=7 laps=13 crashes=0 avg_out=197.8s avg_ret=157.9s avg_lap=367.7s best_lap=355.8
t=6418.2 route=8 laps=12 crashes=1 avg_out=185.2s avg_ret=187.0s avg_lap=384.0s best_lap=379.4
t=6418.2 TOTAL laps=98 crashes=1
t=6418.2 TUNER gen=1 results=35/64 pending=8 active=8 remaining=29 next_trial=108 rounds=[6,5,4,6,4,6,6,6]
t=6431.6 LAP_CAPTURE craft=Aircraft_9_nav_r1_101 route=1 return=178.0s lap=346.4s carrier_dist=200m t=6431.6
t=6448.2 ==== SUMMARY t=6448.2 ====
t=6448.2 route=1 laps=14 crashes=0 avg_out=156.2s avg_ret=175.8s avg_lap=344.0s best_lap=339.8
t=6448.2 route=2 laps=12 crashes=0 avg_out=214.3s avg_ret=250.8s avg_lap=477.1s best_lap=454.8
t=6448.2 route=3 laps=11 crashes=0 avg_out=243.2s avg_ret=268.1s avg_lap=523.2s best_lap=508.2
t=6448.2 route=4 laps=13 crashes=0 avg_out=201.1s avg_ret=168.8s avg_lap=382.0s best_lap=374.9
t=6448.3 route=5 laps=11 crashes=0 avg_out=296.3s avg_ret=257.7s avg_lap=565.9s best_lap=555.9
t=6448.3 route=6 laps=13 crashes=0 avg_out=178.9s avg_ret=159.4s avg_lap=350.5s best_lap=344.4
t=6448.3 route=7 laps=13 crashes=0 avg_out=197.8s avg_ret=157.9s avg_lap=367.7s best_lap=355.8
t=6448.3 route=8 laps=12 crashes=1 avg_out=185.2s avg_ret=187.0s avg_lap=384.0s best_lap=379.4
t=6448.3 TOTAL laps=99 crashes=1
t=6448.3 TUNER gen=1 results=36/64 pending=8 active=8 remaining=28 next_trial=109 rounds=[7,5,4,6,4,6,6,6]
t=6451.8 SPAWN craft=Aircraft_9_nav_r1_108 route=1 candidate=7 trial=108 t=6451.8
t=6466.4 LZ_REACHED craft=Aircraft_9_nav_r4_104 route=4 outbound=200.4s t=6466.4
t=6478.3 ==== SUMMARY t=6478.3 ====
t=6478.3 route=1 laps=14 crashes=0 avg_out=156.2s avg_ret=175.8s avg_lap=344.0s best_lap=339.8
t=6478.3 route=2 laps=12 crashes=0 avg_out=214.3s avg_ret=250.8s avg_lap=477.1s best_lap=454.8
t=6478.3 route=3 laps=11 crashes=0 avg_out=243.2s avg_ret=268.1s avg_lap=523.2s best_lap=508.2
t=6478.3 route=4 laps=13 crashes=0 avg_out=201.1s avg_ret=168.8s avg_lap=382.0s best_lap=374.9
t=6478.3 route=5 laps=11 crashes=0 avg_out=296.3s avg_ret=257.7s avg_lap=565.9s best_lap=555.9
t=6478.3 route=6 laps=13 crashes=0 avg_out=178.9s avg_ret=159.4s avg_lap=350.5s best_lap=344.4
t=6478.3 route=7 laps=13 crashes=0 avg_out=197.8s avg_ret=157.9s avg_lap=367.7s best_lap=355.8
t=6478.3 route=8 laps=12 crashes=1 avg_out=185.2s avg_ret=187.0s avg_lap=384.0s best_lap=379.4
t=6478.3 TOTAL laps=99 crashes=1
t=6478.3 TUNER gen=1 results=36/64 pending=8 active=8 remaining=28 next_trial=109 rounds=[7,5,4,6,4,6,6,6]
t=6478.4 LAP_CAPTURE craft=Aircraft_9_nav_r3_99 route=3 return=272.5s lap=528.7s carrier_dist=200m t=6478.4
t=6497.1 SPAWN craft=Aircraft_9_nav_r3_109 route=3 candidate=7 trial=109 t=6497.1
t=6505.1 LZ_REACHED craft=Aircraft_9_nav_r2_105 route=2 outbound=214.0s t=6505.1
t=6508.4 ==== SUMMARY t=6508.4 ====
t=6508.4 route=1 laps=14 crashes=0 avg_out=156.2s avg_ret=175.8s avg_lap=344.0s best_lap=339.8
t=6508.4 route=2 laps=12 crashes=0 avg_out=214.3s avg_ret=250.8s avg_lap=477.1s best_lap=454.8
t=6508.4 route=3 laps=12 crashes=0 avg_out=243.2s avg_ret=268.4s avg_lap=523.7s best_lap=508.2
t=6508.4 route=4 laps=13 crashes=0 avg_out=201.1s avg_ret=168.8s avg_lap=382.0s best_lap=374.9
t=6508.4 route=5 laps=11 crashes=0 avg_out=296.3s avg_ret=257.7s avg_lap=565.9s best_lap=555.9
t=6508.4 route=6 laps=13 crashes=0 avg_out=178.9s avg_ret=159.4s avg_lap=350.5s best_lap=344.4
t=6508.4 route=7 laps=13 crashes=0 avg_out=197.8s avg_ret=157.9s avg_lap=367.7s best_lap=355.8
t=6508.4 route=8 laps=12 crashes=1 avg_out=185.2s avg_ret=187.0s avg_lap=384.0s best_lap=379.4
t=6508.4 TOTAL laps=100 crashes=1
t=6508.4 TUNER gen=1 results=37/64 pending=8 active=8 remaining=27 next_trial=110 rounds=[7,5,5,6,4,6,6,6]
t=6509.5 LZ_REACHED craft=Aircraft_9_nav_r7_106 route=7 outbound=198.2s t=6509.5
t=6538.5 ==== SUMMARY t=6538.5 ====
t=6538.5 route=1 laps=14 crashes=0 avg_out=156.2s avg_ret=175.8s avg_lap=344.0s best_lap=339.8
t=6538.5 route=2 laps=12 crashes=0 avg_out=214.3s avg_ret=250.8s avg_lap=477.1s best_lap=454.8
t=6538.5 route=3 laps=12 crashes=0 avg_out=243.2s avg_ret=268.4s avg_lap=523.7s best_lap=508.2
t=6538.5 route=4 laps=13 crashes=0 avg_out=201.1s avg_ret=168.8s avg_lap=382.0s best_lap=374.9
t=6538.5 route=5 laps=11 crashes=0 avg_out=296.3s avg_ret=257.7s avg_lap=565.9s best_lap=555.9
t=6538.5 route=6 laps=13 crashes=0 avg_out=178.9s avg_ret=159.4s avg_lap=350.5s best_lap=344.4
t=6538.5 route=7 laps=13 crashes=0 avg_out=197.9s avg_ret=157.9s avg_lap=367.7s best_lap=355.8
t=6538.5 route=8 laps=12 crashes=1 avg_out=185.2s avg_ret=187.0s avg_lap=384.0s best_lap=379.4
t=6538.5 TOTAL laps=100 crashes=1
t=6538.5 TUNER gen=1 results=37/64 pending=8 active=8 remaining=27 next_trial=110 rounds=[7,5,5,6,4,6,6,6]
t=6563.0 LAP_CAPTURE craft=Aircraft_9_nav_r6_103 route=6 return=158.9s lap=347.1s carrier_dist=200m t=6563.0
t=6568.5 ==== SUMMARY t=6568.5 ====
t=6568.5 route=1 laps=14 crashes=0 avg_out=156.2s avg_ret=175.8s avg_lap=344.0s best_lap=339.8
t=6568.5 route=2 laps=12 crashes=0 avg_out=214.3s avg_ret=250.8s avg_lap=477.1s best_lap=454.8
t=6568.5 route=3 laps=12 crashes=0 avg_out=243.2s avg_ret=268.4s avg_lap=523.7s best_lap=508.2
t=6568.5 route=4 laps=13 crashes=0 avg_out=201.1s avg_ret=168.8s avg_lap=382.0s best_lap=374.9
t=6568.5 route=5 laps=11 crashes=0 avg_out=296.3s avg_ret=257.7s avg_lap=565.9s best_lap=555.9
t=6568.5 route=6 laps=14 crashes=0 avg_out=178.9s avg_ret=159.4s avg_lap=350.3s best_lap=344.4
t=6568.5 route=7 laps=13 crashes=0 avg_out=197.9s avg_ret=157.9s avg_lap=367.7s best_lap=355.8
t=6568.6 route=8 laps=12 crashes=1 avg_out=185.2s avg_ret=187.0s avg_lap=384.0s best_lap=379.4
t=6568.6 TOTAL laps=101 crashes=1
t=6568.6 TUNER gen=1 results=38/64 pending=7 active=7 remaining=26 next_trial=110 rounds=[7,5,5,6,4,6,6,6]
t=6582.4 SPAWN craft=Aircraft_9_nav_r6_110 route=6 candidate=4 trial=110 t=6582.4
t=6598.5 ==== SUMMARY t=6598.5 ====
t=6598.5 route=1 laps=14 crashes=0 avg_out=156.2s avg_ret=175.8s avg_lap=344.0s best_lap=339.8
t=6598.5 route=2 laps=12 crashes=0 avg_out=214.3s avg_ret=250.8s avg_lap=477.1s best_lap=454.8
t=6598.6 route=3 laps=12 crashes=0 avg_out=243.2s avg_ret=268.4s avg_lap=523.7s best_lap=508.2
t=6598.6 route=4 laps=13 crashes=0 avg_out=201.1s avg_ret=168.8s avg_lap=382.0s best_lap=374.9
t=6598.6 route=5 laps=11 crashes=0 avg_out=296.3s avg_ret=257.7s avg_lap=565.9s best_lap=555.9
t=6598.6 route=6 laps=14 crashes=0 avg_out=178.9s avg_ret=159.4s avg_lap=350.3s best_lap=344.4
t=6598.6 route=7 laps=13 crashes=0 avg_out=197.9s avg_ret=157.9s avg_lap=367.7s best_lap=355.8
t=6598.6 route=8 laps=12 crashes=1 avg_out=185.2s avg_ret=187.0s avg_lap=384.0s best_lap=379.4
t=6598.6 TOTAL laps=101 crashes=1
t=6598.6 TUNER gen=1 results=38/64 pending=8 active=8 remaining=26 next_trial=111 rounds=[7,5,5,6,4,7,6,6]
t=6602.5 LZ_REACHED craft=Aircraft_9_nav_r8_107 route=8 outbound=185.9s t=6602.5
t=6620.6 LZ_REACHED craft=Aircraft_9_nav_r1_108 route=1 outbound=168.8s t=6620.6
t=6628.6 ==== SUMMARY t=6628.6 ====
t=6628.6 route=1 laps=14 crashes=0 avg_out=157.0s avg_ret=175.8s avg_lap=344.0s best_lap=339.8
t=6628.6 route=2 laps=12 crashes=0 avg_out=214.3s avg_ret=250.8s avg_lap=477.1s best_lap=454.8
t=6628.6 route=3 laps=12 crashes=0 avg_out=243.2s avg_ret=268.4s avg_lap=523.7s best_lap=508.2
t=6628.6 route=4 laps=13 crashes=0 avg_out=201.1s avg_ret=168.8s avg_lap=382.0s best_lap=374.9
t=6628.6 route=5 laps=11 crashes=0 avg_out=296.3s avg_ret=257.7s avg_lap=565.9s best_lap=555.9
t=6628.6 route=6 laps=14 crashes=0 avg_out=178.9s avg_ret=159.4s avg_lap=350.3s best_lap=344.4
t=6628.6 route=7 laps=13 crashes=0 avg_out=197.9s avg_ret=157.9s avg_lap=367.7s best_lap=355.8
t=6628.6 route=8 laps=12 crashes=1 avg_out=185.3s avg_ret=187.0s avg_lap=384.0s best_lap=379.4
t=6628.6 TOTAL laps=101 crashes=1
t=6628.6 TUNER gen=1 results=38/64 pending=8 active=8 remaining=26 next_trial=111 rounds=[7,5,5,6,4,7,6,6]
t=6646.4 LAP_CAPTURE craft=Aircraft_9_nav_r4_104 route=4 return=167.9s lap=380.4s carrier_dist=200m t=6646.4
t=6658.7 ==== SUMMARY t=6658.7 ====
t=6658.7 route=1 laps=14 crashes=0 avg_out=157.0s avg_ret=175.8s avg_lap=344.0s best_lap=339.8
t=6658.7 route=2 laps=12 crashes=0 avg_out=214.3s avg_ret=250.8s avg_lap=477.1s best_lap=454.8
t=6658.7 route=3 laps=12 crashes=0 avg_out=243.2s avg_ret=268.4s avg_lap=523.7s best_lap=508.2
t=6658.7 route=4 laps=14 crashes=0 avg_out=201.1s avg_ret=168.8s avg_lap=381.9s best_lap=374.9
t=6658.7 route=5 laps=11 crashes=0 avg_out=296.3s avg_ret=257.7s avg_lap=565.9s best_lap=555.9
t=6658.7 route=6 laps=14 crashes=0 avg_out=178.9s avg_ret=159.4s avg_lap=350.3s best_lap=344.4
t=6658.7 route=7 laps=13 crashes=0 avg_out=197.9s avg_ret=157.9s avg_lap=367.7s best_lap=355.8
t=6658.7 route=8 laps=12 crashes=1 avg_out=185.3s avg_ret=187.0s avg_lap=384.0s best_lap=379.4
t=6658.8 TOTAL laps=102 crashes=1
t=6658.8 TUNER gen=1 results=39/64 pending=8 active=8 remaining=25 next_trial=112 rounds=[7,5,5,7,4,7,6,6]
t=6662.9 SPAWN craft=Aircraft_9_nav_r4_111 route=4 candidate=2 trial=111 t=6662.9
t=6672.6 LAP_CAPTURE craft=Aircraft_9_nav_r5_102 route=5 return=258.1s lap=567.2s carrier_dist=200m t=6672.6
t=6680.7 LAP_CAPTURE craft=Aircraft_9_nav_r7_106 route=7 return=159.2s lap=369.5s carrier_dist=200m t=6680.7
t=6687.2 LAUNCH_BLOCKED reason=deck_busy active=7 stored=1 no_active_s=0.0 state=AIRCRAFT_ON_DECK tractor_cleanup=false elevator_transfer=true deck=Aircraft_9_nav_r5_112 pending=none clearance=none queue=0
t=6688.8 ==== SUMMARY t=6688.8 ====
t=6688.8 route=1 laps=14 crashes=0 avg_out=157.0s avg_ret=175.8s avg_lap=344.0s best_lap=339.8
t=6688.8 route=2 laps=12 crashes=0 avg_out=214.3s avg_ret=250.8s avg_lap=477.1s best_lap=454.8
t=6688.8 route=3 laps=12 crashes=0 avg_out=243.2s avg_ret=268.4s avg_lap=523.7s best_lap=508.2
t=6688.8 route=4 laps=14 crashes=0 avg_out=201.1s avg_ret=168.8s avg_lap=381.9s best_lap=374.9
t=6688.8 route=5 laps=12 crashes=0 avg_out=296.3s avg_ret=257.7s avg_lap=566.1s best_lap=555.9
t=6688.8 route=6 laps=14 crashes=0 avg_out=178.9s avg_ret=159.4s avg_lap=350.3s best_lap=344.4
t=6688.8 route=7 laps=14 crashes=0 avg_out=197.9s avg_ret=158.0s avg_lap=367.9s best_lap=355.8
t=6688.8 route=8 laps=12 crashes=1 avg_out=185.3s avg_ret=187.0s avg_lap=384.0s best_lap=379.4
t=6688.8 TOTAL laps=104 crashes=1
t=6688.9 TUNER gen=1 results=41/64 pending=7 active=7 remaining=23 next_trial=113 rounds=[7,5,5,7,5,7,6,6]
t=6693.0 SPAWN craft=Aircraft_9_nav_r5_112 route=5 candidate=1 trial=112 t=6693.0
t=6713.1 SPAWN craft=Aircraft_9_nav_r7_113 route=7 candidate=5 trial=113 t=6713.1
t=6718.9 ==== SUMMARY t=6718.9 ====
t=6718.9 route=1 laps=14 crashes=0 avg_out=157.0s avg_ret=175.8s avg_lap=344.0s best_lap=339.8
t=6718.9 route=2 laps=12 crashes=0 avg_out=214.3s avg_ret=250.8s avg_lap=477.1s best_lap=454.8
t=6718.9 route=3 laps=12 crashes=0 avg_out=243.2s avg_ret=268.4s avg_lap=523.7s best_lap=508.2
t=6718.9 route=4 laps=14 crashes=0 avg_out=201.1s avg_ret=168.8s avg_lap=381.9s best_lap=374.9
t=6718.9 route=5 laps=12 crashes=0 avg_out=296.3s avg_ret=257.7s avg_lap=566.1s best_lap=555.9
t=6718.9 route=6 laps=14 crashes=0 avg_out=178.9s avg_ret=159.4s avg_lap=350.3s best_lap=344.4
t=6718.9 route=7 laps=14 crashes=0 avg_out=197.9s avg_ret=158.0s avg_lap=367.9s best_lap=355.8
t=6718.9 route=8 laps=12 crashes=1 avg_out=185.3s avg_ret=187.0s avg_lap=384.0s best_lap=379.4
t=6718.9 TOTAL laps=104 crashes=1
t=6718.9 TUNER gen=1 results=41/64 pending=8 active=8 remaining=23 next_trial=114 rounds=[7,5,5,7,5,7,7,6]
t=6743.7 LZ_REACHED craft=Aircraft_9_nav_r3_109 route=3 outbound=246.6s t=6743.7
t=6748.9 ==== SUMMARY t=6748.9 ====
t=6748.9 route=1 laps=14 crashes=0 avg_out=157.0s avg_ret=175.8s avg_lap=344.0s best_lap=339.8
t=6748.9 route=2 laps=12 crashes=0 avg_out=214.3s avg_ret=250.8s avg_lap=477.1s best_lap=454.8
t=6748.9 route=3 laps=12 crashes=0 avg_out=243.5s avg_ret=268.4s avg_lap=523.7s best_lap=508.2
t=6748.9 route=4 laps=14 crashes=0 avg_out=201.1s avg_ret=168.8s avg_lap=381.9s best_lap=374.9
t=6749.0 route=5 laps=12 crashes=0 avg_out=296.3s avg_ret=257.7s avg_lap=566.1s best_lap=555.9
t=6749.0 route=6 laps=14 crashes=0 avg_out=178.9s avg_ret=159.4s avg_lap=350.3s best_lap=344.4
t=6749.0 route=7 laps=14 crashes=0 avg_out=197.9s avg_ret=158.0s avg_lap=367.9s best_lap=355.8
t=6749.0 route=8 laps=12 crashes=1 avg_out=185.3s avg_ret=187.0s avg_lap=384.0s best_lap=379.4
t=6749.0 TOTAL laps=104 crashes=1
t=6749.0 TUNER gen=1 results=41/64 pending=8 active=8 remaining=23 next_trial=114 rounds=[7,5,5,7,5,7,7,6]
t=6761.9 LZ_REACHED craft=Aircraft_9_nav_r6_110 route=6 outbound=179.5s t=6761.9
t=6773.1 LAP_CAPTURE craft=Aircraft_9_nav_r2_105 route=2 return=256.0s lap=482.0s carrier_dist=200m t=6773.1
t=6779.0 ==== SUMMARY t=6779.0 ====
t=6779.0 route=1 laps=14 crashes=0 avg_out=157.0s avg_ret=175.8s avg_lap=344.0s best_lap=339.8
t=6779.0 route=2 laps=13 crashes=0 avg_out=214.3s avg_ret=251.2s avg_lap=477.5s best_lap=454.8
t=6779.0 route=3 laps=12 crashes=0 avg_out=243.5s avg_ret=268.4s avg_lap=523.7s best_lap=508.2
t=6779.0 route=4 laps=14 crashes=0 avg_out=201.1s avg_ret=168.8s avg_lap=381.9s best_lap=374.9
t=6779.0 route=5 laps=12 crashes=0 avg_out=296.3s avg_ret=257.7s avg_lap=566.1s best_lap=555.9
t=6779.0 route=6 laps=14 crashes=0 avg_out=178.9s avg_ret=159.4s avg_lap=350.3s best_lap=344.4
t=6779.0 route=7 laps=14 crashes=0 avg_out=197.9s avg_ret=158.0s avg_lap=367.9s best_lap=355.8
t=6779.0 route=8 laps=12 crashes=1 avg_out=185.3s avg_ret=187.0s avg_lap=384.0s best_lap=379.4
t=6779.0 TOTAL laps=105 crashes=1
t=6779.0 TUNER gen=1 results=42/64 pending=7 active=7 remaining=22 next_trial=114 rounds=[7,5,5,7,5,7,7,6]
t=6793.5 SPAWN craft=Aircraft_9_nav_r2_114 route=2 candidate=7 trial=114 t=6793.5
t=6804.7 LAP_CAPTURE craft=Aircraft_9_nav_r8_107 route=8 return=190.2s lap=388.1s carrier_dist=200m t=6804.7
t=6809.0 ==== SUMMARY t=6809.0 ====
t=6809.0 route=1 laps=14 crashes=0 avg_out=157.0s avg_ret=175.8s avg_lap=344.0s best_lap=339.8
t=6809.0 route=2 laps=13 crashes=0 avg_out=214.3s avg_ret=251.2s avg_lap=477.5s best_lap=454.8
t=6809.0 route=3 laps=12 crashes=0 avg_out=243.5s avg_ret=268.4s avg_lap=523.7s best_lap=508.2
t=6809.0 route=4 laps=14 crashes=0 avg_out=201.1s avg_ret=168.8s avg_lap=381.9s best_lap=374.9
t=6809.0 route=5 laps=12 crashes=0 avg_out=296.3s avg_ret=257.7s avg_lap=566.1s best_lap=555.9
t=6809.0 route=6 laps=14 crashes=0 avg_out=178.9s avg_ret=159.4s avg_lap=350.3s best_lap=344.4
t=6809.0 route=7 laps=14 crashes=0 avg_out=197.9s avg_ret=158.0s avg_lap=367.9s best_lap=355.8
t=6809.0 route=8 laps=13 crashes=1 avg_out=185.3s avg_ret=187.2s avg_lap=384.3s best_lap=379.4
t=6809.0 TOTAL laps=106 crashes=1
t=6809.0 TUNER gen=1 results=43/64 pending=7 active=7 remaining=21 next_trial=115 rounds=[7,6,5,7,5,7,7,6]
t=6812.8 LAUNCH_BLOCKED reason=landing_or_storage_busy active=7 stored=1 no_active_s=0.0 state=IDLE tractor_cleanup=false elevator_transfer=false deck=Aircraft_9_nav_r2_114 pending=none clearance=Aircraft_9_nav_r1_108 queue=0
t=6827.8 LAUNCH_BLOCKED reason=landing_or_storage_busy active=7 stored=1 no_active_s=0.0 state=IDLE tractor_cleanup=false elevator_transfer=false deck=Aircraft_9_nav_r2_114 pending=none clearance=Aircraft_9_nav_r1_108 queue=0
t=6839.0 ==== SUMMARY t=6839.0 ====
t=6839.0 route=1 laps=14 crashes=0 avg_out=157.0s avg_ret=175.8s avg_lap=344.0s best_lap=339.8
t=6839.0 route=2 laps=13 crashes=0 avg_out=214.3s avg_ret=251.2s avg_lap=477.5s best_lap=454.8
t=6839.0 route=3 laps=12 crashes=0 avg_out=243.5s avg_ret=268.4s avg_lap=523.7s best_lap=508.2
t=6839.0 route=4 laps=14 crashes=0 avg_out=201.1s avg_ret=168.8s avg_lap=381.9s best_lap=374.9
t=6839.0 route=5 laps=12 crashes=0 avg_out=296.3s avg_ret=257.7s avg_lap=566.1s best_lap=555.9
t=6839.0 route=6 laps=14 crashes=0 avg_out=178.9s avg_ret=159.4s avg_lap=350.3s best_lap=344.4
t=6839.0 route=7 laps=14 crashes=0 avg_out=197.9s avg_ret=158.0s avg_lap=367.9s best_lap=355.8
t=6839.0 route=8 laps=13 crashes=1 avg_out=185.3s avg_ret=187.2s avg_lap=384.3s best_lap=379.4
t=6839.1 TOTAL laps=106 crashes=1
t=6839.1 TUNER gen=1 results=43/64 pending=7 active=7 remaining=21 next_trial=115 rounds=[7,6,5,7,5,7,7,6]
t=6842.9 LAUNCH_BLOCKED reason=landing_or_storage_busy active=7 stored=1 no_active_s=0.0 state=IDLE tractor_cleanup=false elevator_transfer=false deck=Aircraft_9_nav_r2_114 pending=none clearance=Aircraft_9_nav_r1_108 queue=0
t=6857.9 LAUNCH_BLOCKED reason=landing_or_storage_busy active=7 stored=1 no_active_s=0.0 state=IDLE tractor_cleanup=false elevator_transfer=false deck=Aircraft_9_nav_r2_114 pending=none clearance=Aircraft_9_nav_r1_108 queue=0
t=6863.7 LZ_REACHED craft=Aircraft_9_nav_r4_111 route=4 outbound=200.8s t=6863.7
t=6869.0 ==== SUMMARY t=6869.0 ====
t=6869.0 route=1 laps=14 crashes=0 avg_out=157.0s avg_ret=175.8s avg_lap=344.0s best_lap=339.8
t=6869.0 route=2 laps=13 crashes=0 avg_out=214.3s avg_ret=251.2s avg_lap=477.5s best_lap=454.8
t=6869.0 route=3 laps=12 crashes=0 avg_out=243.5s avg_ret=268.4s avg_lap=523.7s best_lap=508.2
t=6869.0 route=4 laps=14 crashes=0 avg_out=201.1s avg_ret=168.8s avg_lap=381.9s best_lap=374.9
t=6869.0 route=5 laps=12 crashes=0 avg_out=296.3s avg_ret=257.7s avg_lap=566.1s best_lap=555.9
t=6869.1 route=6 laps=14 crashes=0 avg_out=178.9s avg_ret=159.4s avg_lap=350.3s best_lap=344.4
t=6869.1 route=7 laps=14 crashes=0 avg_out=197.9s avg_ret=158.0s avg_lap=367.9s best_lap=355.8
t=6869.1 route=8 laps=13 crashes=1 avg_out=185.3s avg_ret=187.2s avg_lap=384.3s best_lap=379.4
t=6869.1 TOTAL laps=106 crashes=1
t=6869.1 TUNER gen=1 results=43/64 pending=7 active=7 remaining=21 next_trial=115 rounds=[7,6,5,7,5,7,7,6]
t=6873.0 LAUNCH_BLOCKED reason=landing_or_storage_busy active=7 stored=1 no_active_s=0.0 state=IDLE tractor_cleanup=false elevator_transfer=false deck=Aircraft_9_nav_r2_114 pending=none clearance=Aircraft_9_nav_r1_108 queue=0
t=6888.0 LAUNCH_BLOCKED reason=landing_or_storage_busy active=7 stored=1 no_active_s=0.0 state=IDLE tractor_cleanup=false elevator_transfer=false deck=Aircraft_9_nav_r2_114 pending=none clearance=Aircraft_9_nav_r1_108 queue=0
t=6899.0 ==== SUMMARY t=6899.0 ====
t=6899.0 route=1 laps=14 crashes=0 avg_out=157.0s avg_ret=175.8s avg_lap=344.0s best_lap=339.8
t=6899.1 route=2 laps=13 crashes=0 avg_out=214.3s avg_ret=251.2s avg_lap=477.5s best_lap=454.8
t=6899.1 route=3 laps=12 crashes=0 avg_out=243.5s avg_ret=268.4s avg_lap=523.7s best_lap=508.2
t=6899.1 route=4 laps=14 crashes=0 avg_out=201.1s avg_ret=168.8s avg_lap=381.9s best_lap=374.9
t=6899.1 route=5 laps=12 crashes=0 avg_out=296.3s avg_ret=257.7s avg_lap=566.1s best_lap=555.9
t=6899.1 route=6 laps=14 crashes=0 avg_out=178.9s avg_ret=159.4s avg_lap=350.3s best_lap=344.4
t=6899.1 route=7 laps=14 crashes=0 avg_out=197.9s avg_ret=158.0s avg_lap=367.9s best_lap=355.8
t=6899.1 route=8 laps=13 crashes=1 avg_out=185.3s avg_ret=187.2s avg_lap=384.3s best_lap=379.4
t=6899.1 TOTAL laps=106 crashes=1
t=6899.1 TUNER gen=1 results=43/64 pending=7 active=7 remaining=21 next_trial=115 rounds=[7,6,5,7,5,7,7,6]
t=6903.1 LAUNCH_BLOCKED reason=landing_or_storage_busy active=7 stored=1 no_active_s=0.0 state=IDLE tractor_cleanup=false elevator_transfer=false deck=Aircraft_9_nav_r2_114 pending=none clearance=Aircraft_9_nav_r1_108 queue=0
t=6911.6 LZ_REACHED craft=Aircraft_9_nav_r7_113 route=7 outbound=198.5s t=6911.6
t=6918.1 LAUNCH_BLOCKED reason=landing_or_storage_busy active=7 stored=1 no_active_s=0.0 state=IDLE tractor_cleanup=false elevator_transfer=false deck=Aircraft_9_nav_r2_114 pending=none clearance=Aircraft_9_nav_r1_108 queue=0
t=6929.0 ==== SUMMARY t=6929.0 ====
t=6929.1 route=1 laps=14 crashes=0 avg_out=157.0s avg_ret=175.8s avg_lap=344.0s best_lap=339.8
t=6929.1 route=2 laps=13 crashes=0 avg_out=214.3s avg_ret=251.2s avg_lap=477.5s best_lap=454.8
t=6929.1 route=3 laps=12 crashes=0 avg_out=243.5s avg_ret=268.4s avg_lap=523.7s best_lap=508.2
t=6929.1 route=4 laps=14 crashes=0 avg_out=201.1s avg_ret=168.8s avg_lap=381.9s best_lap=374.9
t=6929.1 route=5 laps=12 crashes=0 avg_out=296.3s avg_ret=257.7s avg_lap=566.1s best_lap=555.9
t=6929.1 route=6 laps=14 crashes=0 avg_out=178.9s avg_ret=159.4s avg_lap=350.3s best_lap=344.4
t=6929.1 route=7 laps=14 crashes=0 avg_out=197.9s avg_ret=158.0s avg_lap=367.9s best_lap=355.8
t=6929.1 route=8 laps=13 crashes=1 avg_out=185.3s avg_ret=187.2s avg_lap=384.3s best_lap=379.4
t=6929.1 TOTAL laps=106 crashes=1
t=6929.1 TUNER gen=1 results=43/64 pending=7 active=7 remaining=21 next_trial=115 rounds=[7,6,5,7,5,7,7,6]
t=6933.2 LAUNCH_BLOCKED reason=landing_or_storage_busy active=7 stored=1 no_active_s=0.0 state=IDLE tractor_cleanup=false elevator_transfer=false deck=Aircraft_9_nav_r2_114 pending=none clearance=Aircraft_9_nav_r1_108 queue=0
t=6933.5 LAP_CAPTURE craft=Aircraft_9_nav_r6_110 route=6 return=159.6s lap=351.1s carrier_dist=200m t=6933.5
t=6948.2 LAUNCH_BLOCKED reason=landing_or_storage_busy active=6 stored=2 no_active_s=0.0 state=IDLE tractor_cleanup=false elevator_transfer=false deck=Aircraft_9_nav_r2_114 pending=none clearance=Aircraft_9_nav_r1_108 queue=0
t=6959.1 ==== SUMMARY t=6959.1 ====
t=6959.1 route=1 laps=14 crashes=0 avg_out=157.0s avg_ret=175.8s avg_lap=344.0s best_lap=339.8
t=6959.1 route=2 laps=13 crashes=0 avg_out=214.3s avg_ret=251.2s avg_lap=477.5s best_lap=454.8
t=6959.1 route=3 laps=12 crashes=0 avg_out=243.5s avg_ret=268.4s avg_lap=523.7s best_lap=508.2
t=6959.1 route=4 laps=14 crashes=0 avg_out=201.1s avg_ret=168.8s avg_lap=381.9s best_lap=374.9
t=6959.1 route=5 laps=12 crashes=0 avg_out=296.3s avg_ret=257.7s avg_lap=566.1s best_lap=555.9
t=6959.1 route=6 laps=15 crashes=0 avg_out=178.9s avg_ret=159.4s avg_lap=350.3s best_lap=344.4
t=6959.1 route=7 laps=14 crashes=0 avg_out=197.9s avg_ret=158.0s avg_lap=367.9s best_lap=355.8
t=6959.1 route=8 laps=13 crashes=1 avg_out=185.3s avg_ret=187.2s avg_lap=384.3s best_lap=379.4
t=6959.1 TOTAL laps=107 crashes=1
t=6959.1 TUNER gen=1 results=44/64 pending=6 active=6 remaining=20 next_trial=115 rounds=[7,6,5,7,5,7,7,6]
t=6963.3 LAUNCH_BLOCKED reason=landing_or_storage_busy active=6 stored=2 no_active_s=0.0 state=IDLE tractor_cleanup=false elevator_transfer=false deck=Aircraft_9_nav_r2_114 pending=none clearance=Aircraft_9_nav_r1_108 queue=0
t=6978.3 LAUNCH_BLOCKED reason=landing_or_storage_busy active=6 stored=2 no_active_s=0.0 state=IDLE tractor_cleanup=false elevator_transfer=false deck=Aircraft_9_nav_r2_114 pending=none clearance=Aircraft_9_nav_r1_108 queue=0
t=6987.4 LZ_REACHED craft=Aircraft_9_nav_r5_112 route=5 outbound=294.3s t=6987.4
t=6989.1 ==== SUMMARY t=6989.1 ====
t=6989.1 route=1 laps=14 crashes=0 avg_out=157.0s avg_ret=175.8s avg_lap=344.0s best_lap=339.8
t=6989.1 route=2 laps=13 crashes=0 avg_out=214.3s avg_ret=251.2s avg_lap=477.5s best_lap=454.8
t=6989.1 route=3 laps=12 crashes=0 avg_out=243.5s avg_ret=268.4s avg_lap=523.7s best_lap=508.2
t=6989.1 route=4 laps=14 crashes=0 avg_out=201.1s avg_ret=168.8s avg_lap=381.9s best_lap=374.9
t=6989.1 route=5 laps=12 crashes=0 avg_out=296.2s avg_ret=257.7s avg_lap=566.1s best_lap=555.9
t=6989.1 route=6 laps=15 crashes=0 avg_out=178.9s avg_ret=159.4s avg_lap=350.3s best_lap=344.4
t=6989.1 route=7 laps=14 crashes=0 avg_out=197.9s avg_ret=158.0s avg_lap=367.9s best_lap=355.8
t=6989.1 route=8 laps=13 crashes=1 avg_out=185.3s avg_ret=187.2s avg_lap=384.3s best_lap=379.4
t=6989.1 TOTAL laps=107 crashes=1
t=6989.1 TUNER gen=1 results=44/64 pending=6 active=6 remaining=20 next_trial=115 rounds=[7,6,5,7,5,7,7,6]
t=6993.4 LAUNCH_BLOCKED reason=landing_or_storage_busy active=6 stored=2 no_active_s=0.0 state=IDLE tractor_cleanup=false elevator_transfer=false deck=Aircraft_9_nav_r2_114 pending=none clearance=Aircraft_9_nav_r1_108 queue=0
t=7008.2 LZ_REACHED craft=Aircraft_9_nav_r2_114 route=2 outbound=214.7s t=7008.2
t=7008.5 LAUNCH_BLOCKED reason=landing_or_storage_busy active=6 stored=2 no_active_s=0.0 state=IDLE tractor_cleanup=false elevator_transfer=false deck=Aircraft_9_nav_r2_114 pending=none clearance=Aircraft_9_nav_r1_108 queue=0
t=7019.1 ==== SUMMARY t=7019.1 ====
t=7019.1 route=1 laps=14 crashes=0 avg_out=157.0s avg_ret=175.8s avg_lap=344.0s best_lap=339.8
t=7019.1 route=2 laps=13 crashes=0 avg_out=214.3s avg_ret=251.2s avg_lap=477.5s best_lap=454.8
t=7019.1 route=3 laps=12 crashes=0 avg_out=243.5s avg_ret=268.4s avg_lap=523.7s best_lap=508.2
t=7019.2 route=4 laps=14 crashes=0 avg_out=201.1s avg_ret=168.8s avg_lap=381.9s best_lap=374.9
t=7019.2 route=5 laps=12 crashes=0 avg_out=296.2s avg_ret=257.7s avg_lap=566.1s best_lap=555.9
t=7019.2 route=6 laps=15 crashes=0 avg_out=178.9s avg_ret=159.4s avg_lap=350.3s best_lap=344.4
t=7019.2 route=7 laps=14 crashes=0 avg_out=197.9s avg_ret=158.0s avg_lap=367.9s best_lap=355.8
t=7019.2 route=8 laps=13 crashes=1 avg_out=185.3s avg_ret=187.2s avg_lap=384.3s best_lap=379.4
t=7019.2 TOTAL laps=107 crashes=1
t=7019.2 TUNER gen=1 results=44/64 pending=6 active=6 remaining=20 next_trial=115 rounds=[7,6,5,7,5,7,7,6]
t=7023.5 LAUNCH_BLOCKED reason=landing_or_storage_busy active=6 stored=2 no_active_s=0.0 state=IDLE tractor_cleanup=false elevator_transfer=false deck=Aircraft_9_nav_r2_114 pending=none clearance=Aircraft_9_nav_r1_108 queue=0
t=7025.6 LAP_CAPTURE craft=Aircraft_9_nav_r3_109 route=3 return=269.9s lap=528.5s carrier_dist=200m t=7025.6
t=7038.6 LAUNCH_BLOCKED reason=landing_or_storage_busy active=5 stored=3 no_active_s=0.0 state=IDLE tractor_cleanup=false elevator_transfer=false deck=Aircraft_9_nav_r2_114 pending=none clearance=Aircraft_9_nav_r1_108 queue=0
t=7044.5 LAP_CAPTURE craft=Aircraft_9_nav_r4_111 route=4 return=168.8s lap=381.6s carrier_dist=200m t=7044.5
t=7049.2 ==== SUMMARY t=7049.2 ====
t=7049.2 route=1 laps=14 crashes=0 avg_out=157.0s avg_ret=175.8s avg_lap=344.0s best_lap=339.8
t=7049.2 route=2 laps=13 crashes=0 avg_out=214.3s avg_ret=251.2s avg_lap=477.5s best_lap=454.8
t=7049.2 route=3 laps=13 crashes=0 avg_out=243.5s avg_ret=268.5s avg_lap=524.0s best_lap=508.2
t=7049.2 route=4 laps=15 crashes=0 avg_out=201.1s avg_ret=168.8s avg_lap=381.9s best_lap=374.9
t=7049.2 route=5 laps=12 crashes=0 avg_out=296.2s avg_ret=257.7s avg_lap=566.1s best_lap=555.9
t=7049.2 route=6 laps=15 crashes=0 avg_out=178.9s avg_ret=159.4s avg_lap=350.3s best_lap=344.4
t=7049.2 route=7 laps=14 crashes=0 avg_out=197.9s avg_ret=158.0s avg_lap=367.9s best_lap=355.8
t=7049.2 route=8 laps=13 crashes=1 avg_out=185.3s avg_ret=187.2s avg_lap=384.3s best_lap=379.4
t=7049.2 TOTAL laps=109 crashes=1
t=7049.2 TUNER gen=1 results=46/64 pending=4 active=4 remaining=18 next_trial=115 rounds=[7,6,5,7,5,7,7,6]
t=7053.6 LAUNCH_BLOCKED reason=landing_or_storage_busy active=4 stored=4 no_active_s=0.0 state=IDLE tractor_cleanup=false elevator_transfer=false deck=Aircraft_9_nav_r2_114 pending=none clearance=Aircraft_9_nav_r1_108 queue=0
t=7068.7 LAUNCH_BLOCKED reason=landing_or_storage_busy active=4 stored=4 no_active_s=0.0 state=IDLE tractor_cleanup=false elevator_transfer=false deck=Aircraft_9_nav_r2_114 pending=none clearance=Aircraft_9_nav_r1_108 queue=0
t=7079.2 ==== SUMMARY t=7079.2 ====
t=7079.2 route=1 laps=14 crashes=0 avg_out=157.0s avg_ret=175.8s avg_lap=344.0s best_lap=339.8
t=7079.2 route=2 laps=13 crashes=0 avg_out=214.3s avg_ret=251.2s avg_lap=477.5s best_lap=454.8
t=7079.2 route=3 laps=13 crashes=0 avg_out=243.5s avg_ret=268.5s avg_lap=524.0s best_lap=508.2
t=7079.2 route=4 laps=15 crashes=0 avg_out=201.1s avg_ret=168.8s avg_lap=381.9s best_lap=374.9
t=7079.2 route=5 laps=12 crashes=0 avg_out=296.2s avg_ret=257.7s avg_lap=566.1s best_lap=555.9
t=7079.2 route=6 laps=15 crashes=0 avg_out=178.9s avg_ret=159.4s avg_lap=350.3s best_lap=344.4
t=7079.2 route=7 laps=14 crashes=0 avg_out=197.9s avg_ret=158.0s avg_lap=367.9s best_lap=355.8
t=7079.2 route=8 laps=13 crashes=1 avg_out=185.3s avg_ret=187.2s avg_lap=384.3s best_lap=379.4
t=7079.2 TOTAL laps=109 crashes=1
t=7079.2 TUNER gen=1 results=46/64 pending=4 active=4 remaining=18 next_trial=115 rounds=[7,6,5,7,5,7,7,6]
t=7082.7 LAP_CAPTURE craft=Aircraft_9_nav_r7_113 route=7 return=159.0s lap=369.5s carrier_dist=200m t=7082.7
t=7083.7 LAUNCH_BLOCKED reason=landing_or_storage_busy active=3 stored=4 no_active_s=0.0 state=IDLE tractor_cleanup=false elevator_transfer=false deck=Aircraft_9_nav_r2_114 pending=none clearance=Aircraft_9_nav_r1_108 queue=0
t=7098.8 LAUNCH_BLOCKED reason=landing_or_storage_busy active=3 stored=5 no_active_s=0.0 state=IDLE tractor_cleanup=false elevator_transfer=false deck=Aircraft_9_nav_r2_114 pending=none clearance=Aircraft_9_nav_r1_108 queue=0
t=7109.2 ==== SUMMARY t=7109.2 ====
t=7109.2 route=1 laps=14 crashes=0 avg_out=157.0s avg_ret=175.8s avg_lap=344.0s best_lap=339.8
t=7109.2 route=2 laps=13 crashes=0 avg_out=214.3s avg_ret=251.2s avg_lap=477.5s best_lap=454.8
t=7109.2 route=3 laps=13 crashes=0 avg_out=243.5s avg_ret=268.5s avg_lap=524.0s best_lap=508.2
t=7109.2 route=4 laps=15 crashes=0 avg_out=201.1s avg_ret=168.8s avg_lap=381.9s best_lap=374.9
t=7109.2 route=5 laps=12 crashes=0 avg_out=296.2s avg_ret=257.7s avg_lap=566.1s best_lap=555.9
t=7109.2 route=6 laps=15 crashes=0 avg_out=178.9s avg_ret=159.4s avg_lap=350.3s best_lap=344.4
t=7109.2 route=7 laps=15 crashes=0 avg_out=197.9s avg_ret=158.0s avg_lap=368.0s best_lap=355.8
t=7109.2 route=8 laps=13 crashes=1 avg_out=185.3s avg_ret=187.2s avg_lap=384.3s best_lap=379.4
t=7109.2 TOTAL laps=110 crashes=1
t=7109.2 TUNER gen=1 results=47/64 pending=3 active=3 remaining=17 next_trial=115 rounds=[7,6,5,7,5,7,7,6]
t=7113.8 LAUNCH_BLOCKED reason=landing_or_storage_busy active=3 stored=5 no_active_s=0.0 state=IDLE tractor_cleanup=false elevator_transfer=false deck=Aircraft_9_nav_r2_114 pending=none clearance=Aircraft_9_nav_r1_108 queue=0
t=7128.9 LAUNCH_BLOCKED reason=landing_or_storage_busy active=3 stored=5 no_active_s=0.0 state=IDLE tractor_cleanup=false elevator_transfer=false deck=Aircraft_9_nav_r2_114 pending=none clearance=Aircraft_9_nav_r1_108 queue=0
t=7139.2 ==== SUMMARY t=7139.2 ====
t=7139.2 route=1 laps=14 crashes=0 avg_out=157.0s avg_ret=175.8s avg_lap=344.0s best_lap=339.8
t=7139.2 route=2 laps=13 crashes=0 avg_out=214.3s avg_ret=251.2s avg_lap=477.5s best_lap=454.8
t=7139.2 route=3 laps=13 crashes=0 avg_out=243.5s avg_ret=268.5s avg_lap=524.0s best_lap=508.2
t=7139.2 route=4 laps=15 crashes=0 avg_out=201.1s avg_ret=168.8s avg_lap=381.9s best_lap=374.9
t=7139.2 route=5 laps=12 crashes=0 avg_out=296.2s avg_ret=257.7s avg_lap=566.1s best_lap=555.9
t=7139.2 route=6 laps=15 crashes=0 avg_out=178.9s avg_ret=159.4s avg_lap=350.3s best_lap=344.4
t=7139.3 route=7 laps=15 crashes=0 avg_out=197.9s avg_ret=158.0s avg_lap=368.0s best_lap=355.8
t=7139.3 route=8 laps=13 crashes=1 avg_out=185.3s avg_ret=187.2s avg_lap=384.3s best_lap=379.4
t=7139.3 TOTAL laps=110 crashes=1
t=7139.3 TUNER gen=1 results=47/64 pending=3 active=3 remaining=17 next_trial=115 rounds=[7,6,5,7,5,7,7,6]
t=7143.9 LAUNCH_BLOCKED reason=landing_or_storage_busy active=3 stored=5 no_active_s=0.0 state=IDLE tractor_cleanup=false elevator_transfer=false deck=Aircraft_9_nav_r2_114 pending=none clearance=Aircraft_9_nav_r1_108 queue=0
t=7159.0 LAUNCH_BLOCKED reason=landing_or_storage_busy active=3 stored=5 no_active_s=0.0 state=IDLE tractor_cleanup=false elevator_transfer=false deck=Aircraft_9_nav_r2_114 pending=none clearance=Aircraft_9_nav_r1_108 queue=0
t=7169.2 ==== SUMMARY t=7169.2 ====
t=7169.2 route=1 laps=14 crashes=0 avg_out=157.0s avg_ret=175.8s avg_lap=344.0s best_lap=339.8
t=7169.3 route=2 laps=13 crashes=0 avg_out=214.3s avg_ret=251.2s avg_lap=477.5s best_lap=454.8
t=7169.3 route=3 laps=13 crashes=0 avg_out=243.5s avg_ret=268.5s avg_lap=524.0s best_lap=508.2
t=7169.3 route=4 laps=15 crashes=0 avg_out=201.1s avg_ret=168.8s avg_lap=381.9s best_lap=374.9
t=7169.3 route=5 laps=12 crashes=0 avg_out=296.2s avg_ret=257.7s avg_lap=566.1s best_lap=555.9
t=7169.3 route=6 laps=15 crashes=0 avg_out=178.9s avg_ret=159.4s avg_lap=350.3s best_lap=344.4
t=7169.3 route=7 laps=15 crashes=0 avg_out=197.9s avg_ret=158.0s avg_lap=368.0s best_lap=355.8
t=7169.3 route=8 laps=13 crashes=1 avg_out=185.3s avg_ret=187.2s avg_lap=384.3s best_lap=379.4
t=7169.3 TOTAL laps=110 crashes=1
t=7169.3 TUNER gen=1 results=47/64 pending=3 active=3 remaining=17 next_trial=115 rounds=[7,6,5,7,5,7,7,6]
t=7174.0 LAUNCH_BLOCKED reason=landing_or_storage_busy active=3 stored=5 no_active_s=0.0 state=IDLE tractor_cleanup=false elevator_transfer=false deck=Aircraft_9_nav_r2_114 pending=none clearance=Aircraft_9_nav_r1_108 queue=0
t=7189.1 LAUNCH_BLOCKED reason=landing_or_storage_busy active=3 stored=5 no_active_s=0.0 state=IDLE tractor_cleanup=false elevator_transfer=false deck=Aircraft_9_nav_r2_114 pending=none clearance=Aircraft_9_nav_r1_108 queue=0
t=7199.2 ==== SUMMARY t=7199.2 ====
t=7199.2 route=1 laps=14 crashes=0 avg_out=157.0s avg_ret=175.8s avg_lap=344.0s best_lap=339.8
t=7199.2 route=2 laps=13 crashes=0 avg_out=214.3s avg_ret=251.2s avg_lap=477.5s best_lap=454.8
t=7199.3 route=3 laps=13 crashes=0 avg_out=243.5s avg_ret=268.5s avg_lap=524.0s best_lap=508.2
t=7199.3 route=4 laps=15 crashes=0 avg_out=201.1s avg_ret=168.8s avg_lap=381.9s best_lap=374.9
t=7199.3 route=5 laps=12 crashes=0 avg_out=296.2s avg_ret=257.7s avg_lap=566.1s best_lap=555.9
t=7199.3 route=6 laps=15 crashes=0 avg_out=178.9s avg_ret=159.4s avg_lap=350.3s best_lap=344.4
t=7199.3 route=7 laps=15 crashes=0 avg_out=197.9s avg_ret=158.0s avg_lap=368.0s best_lap=355.8
t=7199.3 route=8 laps=13 crashes=1 avg_out=185.3s avg_ret=187.2s avg_lap=384.3s best_lap=379.4
t=7199.3 TOTAL laps=110 crashes=1
t=7199.3 TUNER gen=1 results=47/64 pending=3 active=3 remaining=17 next_trial=115 rounds=[7,6,5,7,5,7,7,6]
t=7204.1 LAUNCH_BLOCKED reason=landing_or_storage_busy active=3 stored=5 no_active_s=0.0 state=IDLE tractor_cleanup=false elevator_transfer=false deck=Aircraft_9_nav_r2_114 pending=none clearance=Aircraft_9_nav_r1_108 queue=0
t=7219.2 LAUNCH_BLOCKED reason=landing_or_storage_busy active=3 stored=5 no_active_s=0.0 state=IDLE tractor_cleanup=false elevator_transfer=false deck=Aircraft_9_nav_r2_114 pending=none clearance=Aircraft_9_nav_r1_108 queue=0
t=7229.3 ==== SUMMARY t=7229.3 ====
t=7229.3 route=1 laps=14 crashes=0 avg_out=157.0s avg_ret=175.8s avg_lap=344.0s best_lap=339.8
t=7229.3 route=2 laps=13 crashes=0 avg_out=214.3s avg_ret=251.2s avg_lap=477.5s best_lap=454.8
t=7229.3 route=3 laps=13 crashes=0 avg_out=243.5s avg_ret=268.5s avg_lap=524.0s best_lap=508.2
t=7229.3 route=4 laps=15 crashes=0 avg_out=201.1s avg_ret=168.8s avg_lap=381.9s best_lap=374.9
t=7229.3 route=5 laps=12 crashes=0 avg_out=296.2s avg_ret=257.7s avg_lap=566.1s best_lap=555.9
t=7229.3 route=6 laps=15 crashes=0 avg_out=178.9s avg_ret=159.4s avg_lap=350.3s best_lap=344.4
t=7229.3 route=7 laps=15 crashes=0 avg_out=197.9s avg_ret=158.0s avg_lap=368.0s best_lap=355.8
t=7229.3 route=8 laps=13 crashes=1 avg_out=185.3s avg_ret=187.2s avg_lap=384.3s best_lap=379.4
t=7229.3 TOTAL laps=110 crashes=1
t=7229.3 TUNER gen=1 results=47/64 pending=3 active=3 remaining=17 next_trial=115 rounds=[7,6,5,7,5,7,7,6]
t=7234.2 LAUNCH_BLOCKED reason=landing_or_storage_busy active=3 stored=5 no_active_s=0.0 state=IDLE tractor_cleanup=false elevator_transfer=false deck=Aircraft_9_nav_r2_114 pending=none clearance=Aircraft_9_nav_r1_108 queue=0
t=7249.3 LAUNCH_BLOCKED reason=landing_or_storage_busy active=3 stored=5 no_active_s=0.0 state=IDLE tractor_cleanup=false elevator_transfer=false deck=Aircraft_9_nav_r2_114 pending=none clearance=Aircraft_9_nav_r1_108 queue=0
t=7254.8 LAP_CAPTURE craft=Aircraft_9_nav_r5_112 route=5 return=255.4s lap=561.7s carrier_dist=200m t=7254.8
t=7259.3 ==== SUMMARY t=7259.3 ====
t=7259.3 route=1 laps=14 crashes=0 avg_out=157.0s avg_ret=175.8s avg_lap=344.0s best_lap=339.8
t=7259.3 route=2 laps=13 crashes=0 avg_out=214.3s avg_ret=251.2s avg_lap=477.5s best_lap=454.8
t=7259.3 route=3 laps=13 crashes=0 avg_out=243.5s avg_ret=268.5s avg_lap=524.0s best_lap=508.2
t=7259.3 route=4 laps=15 crashes=0 avg_out=201.1s avg_ret=168.8s avg_lap=381.9s best_lap=374.9
t=7259.3 route=5 laps=13 crashes=0 avg_out=296.2s avg_ret=257.5s avg_lap=565.7s best_lap=555.9
t=7259.3 route=6 laps=15 crashes=0 avg_out=178.9s avg_ret=159.4s avg_lap=350.3s best_lap=344.4
t=7259.3 route=7 laps=15 crashes=0 avg_out=197.9s avg_ret=158.0s avg_lap=368.0s best_lap=355.8
t=7259.3 route=8 laps=13 crashes=1 avg_out=185.3s avg_ret=187.2s avg_lap=384.3s best_lap=379.4
t=7259.3 TOTAL laps=111 crashes=1
t=7259.3 TUNER gen=1 results=48/64 pending=2 active=2 remaining=16 next_trial=115 rounds=[7,6,5,7,5,7,7,6]
t=7264.3 LAUNCH_BLOCKED reason=landing_or_storage_busy active=2 stored=6 no_active_s=0.0 state=IDLE tractor_cleanup=false elevator_transfer=false deck=Aircraft_9_nav_r2_114 pending=none clearance=Aircraft_9_nav_r1_108 queue=0
t=7273.9 LAP_CAPTURE craft=Aircraft_9_nav_r2_114 route=2 return=253.7s lap=480.4s carrier_dist=200m t=7273.9
t=7279.4 LAUNCH_BLOCKED reason=landing_or_storage_busy active=1 stored=7 no_active_s=0.0 state=IDLE tractor_cleanup=false elevator_transfer=false deck=none pending=none clearance=Aircraft_9_nav_r1_108 queue=1
t=7289.3 ==== SUMMARY t=7289.3 ====
t=7289.3 route=1 laps=14 crashes=0 avg_out=157.0s avg_ret=175.8s avg_lap=344.0s best_lap=339.8
t=7289.3 route=2 laps=14 crashes=0 avg_out=214.3s avg_ret=251.4s avg_lap=477.7s best_lap=454.8
t=7289.3 route=3 laps=13 crashes=0 avg_out=243.5s avg_ret=268.5s avg_lap=524.0s best_lap=508.2
t=7289.3 route=4 laps=15 crashes=0 avg_out=201.1s avg_ret=168.8s avg_lap=381.9s best_lap=374.9
t=7289.3 route=5 laps=13 crashes=0 avg_out=296.2s avg_ret=257.5s avg_lap=565.7s best_lap=555.9
t=7289.3 route=6 laps=15 crashes=0 avg_out=178.9s avg_ret=159.4s avg_lap=350.3s best_lap=344.4
t=7289.3 route=7 laps=15 crashes=0 avg_out=197.9s avg_ret=158.0s avg_lap=368.0s best_lap=355.8
t=7289.3 route=8 laps=13 crashes=1 avg_out=185.3s avg_ret=187.2s avg_lap=384.3s best_lap=379.4
t=7289.3 TOTAL laps=112 crashes=1
t=7289.3 TUNER gen=1 results=49/64 pending=1 active=1 remaining=15 next_trial=115 rounds=[7,6,5,7,5,7,7,6]
t=7294.4 LAUNCH_BLOCKED reason=landing_or_storage_busy active=1 stored=7 no_active_s=0.0 state=IDLE tractor_cleanup=false elevator_transfer=false deck=none pending=none clearance=Aircraft_9_nav_r1_108 queue=1
t=7309.5 LAUNCH_BLOCKED reason=landing_or_storage_busy active=1 stored=7 no_active_s=0.0 state=IDLE tractor_cleanup=false elevator_transfer=false deck=none pending=none clearance=Aircraft_9_nav_r1_108 queue=1
t=7319.3 ==== SUMMARY t=7319.3 ====
t=7319.3 route=1 laps=14 crashes=0 avg_out=157.0s avg_ret=175.8s avg_lap=344.0s best_lap=339.8
t=7319.3 route=2 laps=14 crashes=0 avg_out=214.3s avg_ret=251.4s avg_lap=477.7s best_lap=454.8
t=7319.3 route=3 laps=13 crashes=0 avg_out=243.5s avg_ret=268.5s avg_lap=524.0s best_lap=508.2
t=7319.3 route=4 laps=15 crashes=0 avg_out=201.1s avg_ret=168.8s avg_lap=381.9s best_lap=374.9
t=7319.3 route=5 laps=13 crashes=0 avg_out=296.2s avg_ret=257.5s avg_lap=565.7s best_lap=555.9
t=7319.3 route=6 laps=15 crashes=0 avg_out=178.9s avg_ret=159.4s avg_lap=350.3s best_lap=344.4
t=7319.4 route=7 laps=15 crashes=0 avg_out=197.9s avg_ret=158.0s avg_lap=368.0s best_lap=355.8
t=7319.4 route=8 laps=13 crashes=1 avg_out=185.3s avg_ret=187.2s avg_lap=384.3s best_lap=379.4
t=7319.4 TOTAL laps=112 crashes=1
t=7319.4 TUNER gen=1 results=49/64 pending=1 active=1 remaining=15 next_trial=115 rounds=[7,6,5,7,5,7,7,6]
t=7324.5 LAUNCH_BLOCKED reason=landing_or_storage_busy active=1 stored=7 no_active_s=0.0 state=IDLE tractor_cleanup=false elevator_transfer=false deck=none pending=none clearance=Aircraft_9_nav_r1_108 queue=1
t=7339.6 LAUNCH_BLOCKED reason=landing_or_storage_busy active=1 stored=7 no_active_s=0.0 state=IDLE tractor_cleanup=false elevator_transfer=false deck=none pending=none clearance=Aircraft_9_nav_r1_108 queue=1
t=7343.9 TUNING_TIMEOUT craft=Aircraft_9_nav_r1_108 route=1 trial=108
t=7343.9 IDLE_TUNER_WAIT gen=1 results=50/64 remaining=14 active_nav=0 stored=7 state=IDLE next_trial=115
t=7343.9 CRASH craft=Aircraft_9_nav_r1_108 route=1 phase=2 t=7343.9
t=7349.3 ==== SUMMARY t=7349.3 ====
t=7349.3 route=1 laps=14 crashes=1 avg_out=157.0s avg_ret=175.8s avg_lap=344.0s best_lap=339.8
t=7349.3 route=2 laps=14 crashes=0 avg_out=214.3s avg_ret=251.4s avg_lap=477.7s best_lap=454.8
t=7349.3 route=3 laps=13 crashes=0 avg_out=243.5s avg_ret=268.5s avg_lap=524.0s best_lap=508.2
t=7349.3 route=4 laps=15 crashes=0 avg_out=201.1s avg_ret=168.8s avg_lap=381.9s best_lap=374.9
t=7349.3 route=5 laps=13 crashes=0 avg_out=296.2s avg_ret=257.5s avg_lap=565.7s best_lap=555.9
t=7349.3 route=6 laps=15 crashes=0 avg_out=178.9s avg_ret=159.4s avg_lap=350.3s best_lap=344.4
t=7349.4 route=7 laps=15 crashes=0 avg_out=197.9s avg_ret=158.0s avg_lap=368.0s best_lap=355.8
t=7349.4 route=8 laps=13 crashes=1 avg_out=185.3s avg_ret=187.2s avg_lap=384.3s best_lap=379.4
t=7349.4 TOTAL laps=112 crashes=2
t=7349.4 TUNER gen=1 results=50/64 pending=0 active=0 remaining=14 next_trial=115 rounds=[7,6,5,7,5,7,7,6]
t=7354.6 LAUNCH_BLOCKED reason=deck_busy active=1 stored=7 no_active_s=0.0 state=AIRCRAFT_ON_DECK tractor_cleanup=false elevator_transfer=true deck=Aircraft_9_nav_r8_115 pending=none clearance=none queue=0
t=7360.4 SPAWN craft=Aircraft_9_nav_r8_115 route=8 candidate=6 trial=115 t=7360.4
t=7369.7 LAUNCH_BLOCKED reason=deck_busy active=2 stored=6 no_active_s=0.0 state=RETRIEVING_FROM_HANGAR tractor_cleanup=false elevator_transfer=false deck=Aircraft_9_nav_r6_116 pending=none clearance=none queue=0
t=7379.3 ==== SUMMARY t=7379.3 ====
t=7379.3 route=1 laps=14 crashes=1 avg_out=157.0s avg_ret=175.8s avg_lap=344.0s best_lap=339.8
t=7379.3 route=2 laps=14 crashes=0 avg_out=214.3s avg_ret=251.4s avg_lap=477.7s best_lap=454.8
t=7379.4 route=3 laps=13 crashes=0 avg_out=243.5s avg_ret=268.5s avg_lap=524.0s best_lap=508.2
t=7379.4 route=4 laps=15 crashes=0 avg_out=201.1s avg_ret=168.8s avg_lap=381.9s best_lap=374.9
t=7379.4 route=5 laps=13 crashes=0 avg_out=296.2s avg_ret=257.5s avg_lap=565.7s best_lap=555.9
t=7379.4 route=6 laps=15 crashes=0 avg_out=178.9s avg_ret=159.4s avg_lap=350.3s best_lap=344.4
t=7379.4 route=7 laps=15 crashes=0 avg_out=197.9s avg_ret=158.0s avg_lap=368.0s best_lap=355.8
t=7379.4 route=8 laps=13 crashes=1 avg_out=185.3s avg_ret=187.2s avg_lap=384.3s best_lap=379.4
t=7379.4 TOTAL laps=112 crashes=2
t=7379.4 TUNER gen=1 results=50/64 pending=2 active=2 remaining=14 next_trial=117 rounds=[7,6,5,7,5,8,7,7]
t=7380.6 SPAWN craft=Aircraft_9_nav_r6_116 route=6 candidate=5 trial=116 t=7380.6
t=7384.7 LAUNCH_BLOCKED reason=cleared_unready_nav_deck_aircraft active=2 stored=6 no_active_s=0.0 state=IDLE tractor_cleanup=false elevator_transfer=false deck=Aircraft_9_nav_r6_116 pending=none clearance=none queue=0
t=7399.8 LAUNCH_BLOCKED reason=deck_busy active=3 stored=5 no_active_s=0.0 state=AIRCRAFT_ON_DECK tractor_cleanup=false elevator_transfer=false deck=Aircraft_9_nav_r3_117 pending=none clearance=none queue=0
t=7400.6 SPAWN craft=Aircraft_9_nav_r3_117 route=3 candidate=8 trial=117 t=7400.6
t=7409.4 ==== SUMMARY t=7409.4 ====
t=7409.4 route=1 laps=14 crashes=1 avg_out=157.0s avg_ret=175.8s avg_lap=344.0s best_lap=339.8
t=7409.4 route=2 laps=14 crashes=0 avg_out=214.3s avg_ret=251.4s avg_lap=477.7s best_lap=454.8
t=7409.4 route=3 laps=13 crashes=0 avg_out=243.5s avg_ret=268.5s avg_lap=524.0s best_lap=508.2
t=7409.4 route=4 laps=15 crashes=0 avg_out=201.1s avg_ret=168.8s avg_lap=381.9s best_lap=374.9
t=7409.4 route=5 laps=13 crashes=0 avg_out=296.2s avg_ret=257.5s avg_lap=565.7s best_lap=555.9
t=7409.4 route=6 laps=15 crashes=0 avg_out=178.9s avg_ret=159.4s avg_lap=350.3s best_lap=344.4
t=7409.4 route=7 laps=15 crashes=0 avg_out=197.9s avg_ret=158.0s avg_lap=368.0s best_lap=355.8
t=7409.4 route=8 laps=13 crashes=1 avg_out=185.3s avg_ret=187.2s avg_lap=384.3s best_lap=379.4
t=7409.4 TOTAL laps=112 crashes=2
t=7409.4 TUNER gen=1 results=50/64 pending=3 active=3 remaining=14 next_trial=118 rounds=[7,6,6,7,5,8,7,7]
t=7414.9 LAUNCH_BLOCKED reason=deck_busy active=4 stored=4 no_active_s=0.0 state=AIRCRAFT_ON_DECK tractor_cleanup=false elevator_transfer=true deck=Aircraft_9_nav_r4_118 pending=none clearance=none queue=0
t=7420.7 SPAWN craft=Aircraft_9_nav_r4_118 route=4 candidate=3 trial=118 t=7420.7
t=7429.9 LAUNCH_BLOCKED reason=deck_busy active=5 stored=3 no_active_s=0.0 state=RETRIEVING_FROM_HANGAR tractor_cleanup=false elevator_transfer=false deck=Aircraft_9_nav_r7_119 pending=none clearance=none queue=0
t=7439.5 ==== SUMMARY t=7439.5 ====
t=7439.5 route=1 laps=14 crashes=1 avg_out=157.0s avg_ret=175.8s avg_lap=344.0s best_lap=339.8
t=7439.5 route=2 laps=14 crashes=0 avg_out=214.3s avg_ret=251.4s avg_lap=477.7s best_lap=454.8
t=7439.5 route=3 laps=13 crashes=0 avg_out=243.5s avg_ret=268.5s avg_lap=524.0s best_lap=508.2
t=7439.5 route=4 laps=15 crashes=0 avg_out=201.1s avg_ret=168.8s avg_lap=381.9s best_lap=374.9
t=7439.5 route=5 laps=13 crashes=0 avg_out=296.2s avg_ret=257.5s avg_lap=565.7s best_lap=555.9
t=7439.5 route=6 laps=15 crashes=0 avg_out=178.9s avg_ret=159.4s avg_lap=350.3s best_lap=344.4
t=7439.5 route=7 laps=15 crashes=0 avg_out=197.9s avg_ret=158.0s avg_lap=368.0s best_lap=355.8
t=7439.5 route=8 laps=13 crashes=1 avg_out=185.3s avg_ret=187.2s avg_lap=384.3s best_lap=379.4
t=7439.5 TOTAL laps=112 crashes=2
t=7439.5 TUNER gen=1 results=50/64 pending=5 active=5 remaining=14 next_trial=120 rounds=[7,6,6,8,5,8,8,7]
t=7440.8 SPAWN craft=Aircraft_9_nav_r7_119 route=7 candidate=6 trial=119 t=7440.8
t=7445.0 LAUNCH_BLOCKED reason=cleared_unready_nav_deck_aircraft active=5 stored=3 no_active_s=0.0 state=IDLE tractor_cleanup=false elevator_transfer=false deck=Aircraft_9_nav_r7_119 pending=none clearance=none queue=0
t=7460.1 LAUNCH_BLOCKED reason=deck_busy active=6 stored=2 no_active_s=0.0 state=AIRCRAFT_ON_DECK tractor_cleanup=false elevator_transfer=false deck=Aircraft_9_nav_r5_120 pending=none clearance=none queue=0
t=7461.0 SPAWN craft=Aircraft_9_nav_r5_120 route=5 candidate=2 trial=120 t=7461.0
t=7469.6 ==== SUMMARY t=7469.6 ====
t=7469.6 route=1 laps=14 crashes=1 avg_out=157.0s avg_ret=175.8s avg_lap=344.0s best_lap=339.8
t=7469.6 route=2 laps=14 crashes=0 avg_out=214.3s avg_ret=251.4s avg_lap=477.7s best_lap=454.8
t=7469.6 route=3 laps=13 crashes=0 avg_out=243.5s avg_ret=268.5s avg_lap=524.0s best_lap=508.2
t=7469.6 route=4 laps=15 crashes=0 avg_out=201.1s avg_ret=168.8s avg_lap=381.9s best_lap=374.9
t=7469.6 route=5 laps=13 crashes=0 avg_out=296.2s avg_ret=257.5s avg_lap=565.7s best_lap=555.9
t=7469.6 route=6 laps=15 crashes=0 avg_out=178.9s avg_ret=159.4s avg_lap=350.3s best_lap=344.4
t=7469.6 route=7 laps=15 crashes=0 avg_out=197.9s avg_ret=158.0s avg_lap=368.0s best_lap=355.8
t=7469.6 route=8 laps=13 crashes=1 avg_out=185.3s avg_ret=187.2s avg_lap=384.3s best_lap=379.4
t=7469.6 TOTAL laps=112 crashes=2
t=7469.6 TUNER gen=1 results=50/64 pending=6 active=6 remaining=14 next_trial=121 rounds=[7,6,6,8,6,8,8,7]
t=7475.2 LAUNCH_BLOCKED reason=deck_busy active=7 stored=1 no_active_s=0.0 state=AIRCRAFT_ON_DECK tractor_cleanup=false elevator_transfer=true deck=Aircraft_9_nav_r2_121 pending=none clearance=none queue=0
t=7481.0 SPAWN craft=Aircraft_9_nav_r2_121 route=2 candidate=8 trial=121 t=7481.0
t=7499.6 ==== SUMMARY t=7499.6 ====
t=7499.6 route=1 laps=14 crashes=1 avg_out=157.0s avg_ret=175.8s avg_lap=344.0s best_lap=339.8
t=7499.6 route=2 laps=14 crashes=0 avg_out=214.3s avg_ret=251.4s avg_lap=477.7s best_lap=454.8
t=7499.6 route=3 laps=13 crashes=0 avg_out=243.5s avg_ret=268.5s avg_lap=524.0s best_lap=508.2
t=7499.6 route=4 laps=15 crashes=0 avg_out=201.1s avg_ret=168.8s avg_lap=381.9s best_lap=374.9
t=7499.6 route=5 laps=13 crashes=0 avg_out=296.2s avg_ret=257.5s avg_lap=565.7s best_lap=555.9
t=7499.6 route=6 laps=15 crashes=0 avg_out=178.9s avg_ret=159.4s avg_lap=350.3s best_lap=344.4
t=7499.6 route=7 laps=15 crashes=0 avg_out=197.9s avg_ret=158.0s avg_lap=368.0s best_lap=355.8
t=7499.6 route=8 laps=13 crashes=1 avg_out=185.3s avg_ret=187.2s avg_lap=384.3s best_lap=379.4
t=7499.6 TOTAL laps=112 crashes=2
t=7499.7 TUNER gen=1 results=50/64 pending=8 active=8 remaining=14 next_trial=123 rounds=[8,7,6,8,6,8,8,7]
t=7501.1 SPAWN craft=Aircraft_9_nav_r1_122 route=1 candidate=8 trial=122 t=7501.1
t=7529.6 ==== SUMMARY t=7529.6 ====
t=7529.6 route=1 laps=14 crashes=1 avg_out=157.0s avg_ret=175.8s avg_lap=344.0s best_lap=339.8
t=7529.6 route=2 laps=14 crashes=0 avg_out=214.3s avg_ret=251.4s avg_lap=477.7s best_lap=454.8
t=7529.6 route=3 laps=13 crashes=0 avg_out=243.5s avg_ret=268.5s avg_lap=524.0s best_lap=508.2
t=7529.6 route=4 laps=15 crashes=0 avg_out=201.1s avg_ret=168.8s avg_lap=381.9s best_lap=374.9
t=7529.6 route=5 laps=13 crashes=0 avg_out=296.2s avg_ret=257.5s avg_lap=565.7s best_lap=555.9
t=7529.6 route=6 laps=15 crashes=0 avg_out=178.9s avg_ret=159.4s avg_lap=350.3s best_lap=344.4
t=7529.6 route=7 laps=15 crashes=0 avg_out=197.9s avg_ret=158.0s avg_lap=368.0s best_lap=355.8
t=7529.7 route=8 laps=13 crashes=1 avg_out=185.3s avg_ret=187.2s avg_lap=384.3s best_lap=379.4
t=7529.7 TOTAL laps=112 crashes=2
t=7529.7 TUNER gen=1 results=50/64 pending=8 active=8 remaining=14 next_trial=123 rounds=[8,7,6,8,6,8,8,7]
t=7546.0 LZ_REACHED craft=Aircraft_9_nav_r8_115 route=8 outbound=185.6s t=7546.0
t=7559.5 LZ_REACHED craft=Aircraft_9_nav_r6_116 route=6 outbound=178.9s t=7559.5
t=7559.6 ==== SUMMARY t=7559.6 ====
t=7559.6 route=1 laps=14 crashes=1 avg_out=157.0s avg_ret=175.8s avg_lap=344.0s best_lap=339.8
t=7559.6 route=2 laps=14 crashes=0 avg_out=214.3s avg_ret=251.4s avg_lap=477.7s best_lap=454.8
t=7559.6 route=3 laps=13 crashes=0 avg_out=243.5s avg_ret=268.5s avg_lap=524.0s best_lap=508.2
t=7559.6 route=4 laps=15 crashes=0 avg_out=201.1s avg_ret=168.8s avg_lap=381.9s best_lap=374.9
t=7559.7 route=5 laps=13 crashes=0 avg_out=296.2s avg_ret=257.5s avg_lap=565.7s best_lap=555.9
t=7559.7 route=6 laps=15 crashes=0 avg_out=178.9s avg_ret=159.4s avg_lap=350.3s best_lap=344.4
t=7559.7 route=7 laps=15 crashes=0 avg_out=197.9s avg_ret=158.0s avg_lap=368.0s best_lap=355.8
t=7559.7 route=8 laps=13 crashes=1 avg_out=185.3s avg_ret=187.2s avg_lap=384.3s best_lap=379.4
t=7559.7 TOTAL laps=112 crashes=2
t=7559.7 TUNER gen=1 results=50/64 pending=8 active=8 remaining=14 next_trial=123 rounds=[8,7,6,8,6,8,8,7]
t=7589.7 ==== SUMMARY t=7589.7 ====
t=7589.7 route=1 laps=14 crashes=1 avg_out=157.0s avg_ret=175.8s avg_lap=344.0s best_lap=339.8
t=7589.7 route=2 laps=14 crashes=0 avg_out=214.3s avg_ret=251.4s avg_lap=477.7s best_lap=454.8
t=7589.7 route=3 laps=13 crashes=0 avg_out=243.5s avg_ret=268.5s avg_lap=524.0s best_lap=508.2
t=7589.7 route=4 laps=15 crashes=0 avg_out=201.1s avg_ret=168.8s avg_lap=381.9s best_lap=374.9
t=7589.7 route=5 laps=13 crashes=0 avg_out=296.2s avg_ret=257.5s avg_lap=565.7s best_lap=555.9
t=7589.7 route=6 laps=15 crashes=0 avg_out=178.9s avg_ret=159.4s avg_lap=350.3s best_lap=344.4
t=7589.7 route=7 laps=15 crashes=0 avg_out=197.9s avg_ret=158.0s avg_lap=368.0s best_lap=355.8
t=7589.7 route=8 laps=13 crashes=1 avg_out=185.3s avg_ret=187.2s avg_lap=384.3s best_lap=379.4
t=7589.7 TOTAL laps=112 crashes=2
t=7589.7 TUNER gen=1 results=50/64 pending=8 active=8 remaining=14 next_trial=123 rounds=[8,7,6,8,6,8,8,7]
t=7616.4 LZ_REACHED craft=Aircraft_9_nav_r4_118 route=4 outbound=195.7s t=7616.4
t=7619.7 ==== SUMMARY t=7619.7 ====
t=7619.7 route=1 laps=14 crashes=1 avg_out=157.0s avg_ret=175.8s avg_lap=344.0s best_lap=339.8
t=7619.7 route=2 laps=14 crashes=0 avg_out=214.3s avg_ret=251.4s avg_lap=477.7s best_lap=454.8
t=7619.7 route=3 laps=13 crashes=0 avg_out=243.5s avg_ret=268.5s avg_lap=524.0s best_lap=508.2
t=7619.7 route=4 laps=15 crashes=0 avg_out=200.7s avg_ret=168.8s avg_lap=381.9s best_lap=374.9
t=7619.7 route=5 laps=13 crashes=0 avg_out=296.2s avg_ret=257.5s avg_lap=565.7s best_lap=555.9
t=7619.7 route=6 laps=15 crashes=0 avg_out=178.9s avg_ret=159.4s avg_lap=350.3s best_lap=344.4
t=7619.7 route=7 laps=15 crashes=0 avg_out=197.9s avg_ret=158.0s avg_lap=368.0s best_lap=355.8
t=7619.7 route=8 laps=13 crashes=1 avg_out=185.3s avg_ret=187.2s avg_lap=384.3s best_lap=379.4
t=7619.7 TOTAL laps=112 crashes=2
t=7619.7 TUNER gen=1 results=50/64 pending=8 active=8 remaining=14 next_trial=123 rounds=[8,7,6,8,6,8,8,7]
t=7641.0 LZ_REACHED craft=Aircraft_9_nav_r7_119 route=7 outbound=200.2s t=7641.0
t=7644.4 LZ_REACHED craft=Aircraft_9_nav_r3_117 route=3 outbound=243.8s t=7644.4
t=7649.7 ==== SUMMARY t=7649.7 ====
t=7649.7 route=1 laps=14 crashes=1 avg_out=157.0s avg_ret=175.8s avg_lap=344.0s best_lap=339.8
t=7649.7 route=2 laps=14 crashes=0 avg_out=214.3s avg_ret=251.4s avg_lap=477.7s best_lap=454.8
t=7649.7 route=3 laps=13 crashes=0 avg_out=243.5s avg_ret=268.5s avg_lap=524.0s best_lap=508.2
t=7649.7 route=4 laps=15 crashes=0 avg_out=200.7s avg_ret=168.8s avg_lap=381.9s best_lap=374.9
t=7649.7 route=5 laps=13 crashes=0 avg_out=296.2s avg_ret=257.5s avg_lap=565.7s best_lap=555.9
t=7649.7 route=6 laps=15 crashes=0 avg_out=178.9s avg_ret=159.4s avg_lap=350.3s best_lap=344.4
t=7649.8 route=7 laps=15 crashes=0 avg_out=198.1s avg_ret=158.0s avg_lap=368.0s best_lap=355.8
t=7649.8 route=8 laps=13 crashes=1 avg_out=185.3s avg_ret=187.2s avg_lap=384.3s best_lap=379.4
t=7649.8 TOTAL laps=112 crashes=2
t=7649.8 TUNER gen=1 results=50/64 pending=8 active=8 remaining=14 next_trial=123 rounds=[8,7,6,8,6,8,8,7]
t=7657.3 LZ_REACHED craft=Aircraft_9_nav_r1_122 route=1 outbound=156.2s t=7657.3
t=7679.8 ==== SUMMARY t=7679.8 ====
t=7679.8 route=1 laps=14 crashes=1 avg_out=157.0s avg_ret=175.8s avg_lap=344.0s best_lap=339.8
t=7679.8 route=2 laps=14 crashes=0 avg_out=214.3s avg_ret=251.4s avg_lap=477.7s best_lap=454.8
t=7679.8 route=3 laps=13 crashes=0 avg_out=243.5s avg_ret=268.5s avg_lap=524.0s best_lap=508.2
t=7679.8 route=4 laps=15 crashes=0 avg_out=200.7s avg_ret=168.8s avg_lap=381.9s best_lap=374.9
t=7679.8 route=5 laps=13 crashes=0 avg_out=296.2s avg_ret=257.5s avg_lap=565.7s best_lap=555.9
t=7679.8 route=6 laps=15 crashes=0 avg_out=178.9s avg_ret=159.4s avg_lap=350.3s best_lap=344.4
t=7679.8 route=7 laps=15 crashes=0 avg_out=198.1s avg_ret=158.0s avg_lap=368.0s best_lap=355.8
t=7679.8 route=8 laps=13 crashes=1 avg_out=185.3s avg_ret=187.2s avg_lap=384.3s best_lap=379.4
t=7679.8 TOTAL laps=112 crashes=2
t=7679.8 TUNER gen=1 results=50/64 pending=8 active=8 remaining=14 next_trial=123 rounds=[8,7,6,8,6,8,8,7]
t=7695.3 LZ_REACHED craft=Aircraft_9_nav_r2_121 route=2 outbound=214.3s t=7695.3
t=7709.8 ==== SUMMARY t=7709.8 ====
t=7709.8 route=1 laps=14 crashes=1 avg_out=157.0s avg_ret=175.8s avg_lap=344.0s best_lap=339.8
t=7709.8 route=2 laps=14 crashes=0 avg_out=214.3s avg_ret=251.4s avg_lap=477.7s best_lap=454.8
t=7709.8 route=3 laps=13 crashes=0 avg_out=243.5s avg_ret=268.5s avg_lap=524.0s best_lap=508.2
t=7709.8 route=4 laps=15 crashes=0 avg_out=200.7s avg_ret=168.8s avg_lap=381.9s best_lap=374.9
t=7709.8 route=5 laps=13 crashes=0 avg_out=296.2s avg_ret=257.5s avg_lap=565.7s best_lap=555.9
t=7709.8 route=6 laps=15 crashes=0 avg_out=178.9s avg_ret=159.4s avg_lap=350.3s best_lap=344.4
t=7709.8 route=7 laps=15 crashes=0 avg_out=198.1s avg_ret=158.0s avg_lap=368.0s best_lap=355.8
t=7709.8 route=8 laps=13 crashes=1 avg_out=185.3s avg_ret=187.2s avg_lap=384.3s best_lap=379.4
t=7709.8 TOTAL laps=112 crashes=2
t=7709.8 TUNER gen=1 results=50/64 pending=8 active=8 remaining=14 next_trial=123 rounds=[8,7,6,8,6,8,8,7]
t=7731.0 LAP_CAPTURE craft=Aircraft_9_nav_r6_116 route=6 return=159.6s lap=350.5s carrier_dist=200m t=7731.0
t=7736.1 LAUNCH_BLOCKED reason=landing_or_storage_busy active=7 stored=1 no_active_s=0.0 state=IDLE tractor_cleanup=false elevator_transfer=false deck=Aircraft_9_nav_r1_122 pending=none clearance=Aircraft_9_nav_r8_115 queue=0
t=7739.8 ==== SUMMARY t=7739.8 ====
t=7739.8 route=1 laps=14 crashes=1 avg_out=157.0s avg_ret=175.8s avg_lap=344.0s best_lap=339.8
t=7739.8 route=2 laps=14 crashes=0 avg_out=214.3s avg_ret=251.4s avg_lap=477.7s best_lap=454.8
t=7739.8 route=3 laps=13 crashes=0 avg_out=243.5s avg_ret=268.5s avg_lap=524.0s best_lap=508.2
t=7739.8 route=4 laps=15 crashes=0 avg_out=200.7s avg_ret=168.8s avg_lap=381.9s best_lap=374.9
t=7739.8 route=5 laps=13 crashes=0 avg_out=296.2s avg_ret=257.5s avg_lap=565.7s best_lap=555.9
t=7739.8 route=6 laps=16 crashes=0 avg_out=178.9s avg_ret=159.4s avg_lap=350.3s best_lap=344.4
t=7739.8 route=7 laps=15 crashes=0 avg_out=198.1s avg_ret=158.0s avg_lap=368.0s best_lap=355.8
t=7739.8 route=8 laps=13 crashes=1 avg_out=185.3s avg_ret=187.2s avg_lap=384.3s best_lap=379.4
t=7739.9 TOTAL laps=113 crashes=2
t=7739.9 TUNER gen=1 results=51/64 pending=7 active=7 remaining=13 next_trial=123 rounds=[8,7,6,8,6,8,8,7]
t=7743.8 LAP_CAPTURE craft=Aircraft_9_nav_r8_115 route=8 return=185.8s lap=383.4s carrier_dist=200m t=7743.8
t=7751.2 LAUNCH_BLOCKED reason=deck_busy active=7 stored=1 no_active_s=0.0 state=RETRIEVING_FROM_HANGAR tractor_cleanup=false elevator_transfer=false deck=Aircraft_9_nav_r6_123 pending=none clearance=none queue=0
t=7753.9 TUNING_REASSIGN craft=Aircraft_9_nav_r6_123 requested_route=6 assigned_route=3
t=7755.2 LZ_REACHED craft=Aircraft_9_nav_r5_120 route=5 outbound=294.2s t=7755.2
t=7762.1 SPAWN craft=Aircraft_9_nav_r6_123 route=3 candidate=1 trial=123 t=7762.1
t=7766.3 LAUNCH_BLOCKED reason=cleared_unready_nav_deck_aircraft active=7 stored=1 no_active_s=0.0 state=IDLE tractor_cleanup=false elevator_transfer=false deck=Aircraft_9_nav_r6_123 pending=none clearance=none queue=0
t=7770.0 ==== SUMMARY t=7770.0 ====
t=7770.0 route=1 laps=14 crashes=1 avg_out=157.0s avg_ret=175.8s avg_lap=344.0s best_lap=339.8
t=7770.0 route=2 laps=14 crashes=0 avg_out=214.3s avg_ret=251.4s avg_lap=477.7s best_lap=454.8
t=7770.0 route=3 laps=13 crashes=0 avg_out=243.5s avg_ret=268.5s avg_lap=524.0s best_lap=508.2
t=7770.0 route=4 laps=15 crashes=0 avg_out=200.7s avg_ret=168.8s avg_lap=381.9s best_lap=374.9
t=7770.0 route=5 laps=13 crashes=0 avg_out=296.0s avg_ret=257.5s avg_lap=565.7s best_lap=555.9
t=7770.0 route=6 laps=16 crashes=0 avg_out=178.9s avg_ret=159.4s avg_lap=350.3s best_lap=344.4
t=7770.0 route=7 laps=15 crashes=0 avg_out=198.1s avg_ret=158.0s avg_lap=368.0s best_lap=355.8
t=7770.0 route=8 laps=14 crashes=1 avg_out=185.3s avg_ret=187.1s avg_lap=384.3s best_lap=379.4
t=7770.0 TOTAL laps=114 crashes=2
t=7770.0 TUNER gen=1 results=52/64 pending=7 active=7 remaining=12 next_trial=124 rounds=[8,7,7,8,6,8,8,7]
t=7781.5 LAUNCH_BLOCKED reason=tuner_capacity_full active=8 stored=1 no_active_s=0.0 state=AIRCRAFT_ON_DECK tractor_cleanup=false elevator_transfer=false deck=Aircraft_9_nav_r8_124 pending=none clearance=none queue=0
t=7782.4 SPAWN craft=Aircraft_9_nav_r8_124 route=8 candidate=7 trial=124 t=7782.4
t=7796.5 LAUNCH_BLOCKED reason=tuner_capacity_full active=8 stored=1 no_active_s=0.0 state=IDLE tractor_cleanup=false elevator_transfer=false deck=Aircraft_9_nav_r8_124 pending=none clearance=none queue=0
t=7796.7 LAP_CAPTURE craft=Aircraft_9_nav_r4_118 route=4 return=168.3s lap=376.0s carrier_dist=200m t=7796.7
t=7800.0 ==== SUMMARY t=7800.0 ====
t=7800.0 route=1 laps=14 crashes=1 avg_out=157.0s avg_ret=175.8s avg_lap=344.0s best_lap=339.8
t=7800.0 route=2 laps=14 crashes=0 avg_out=214.3s avg_ret=251.4s avg_lap=477.7s best_lap=454.8
t=7800.0 route=3 laps=13 crashes=0 avg_out=243.5s avg_ret=268.5s avg_lap=524.0s best_lap=508.2
t=7800.0 route=4 laps=16 crashes=0 avg_out=200.7s avg_ret=168.7s avg_lap=381.5s best_lap=374.9
t=7800.0 route=5 laps=13 crashes=0 avg_out=296.0s avg_ret=257.5s avg_lap=565.7s best_lap=555.9
t=7800.0 route=6 laps=16 crashes=0 avg_out=178.9s avg_ret=159.4s avg_lap=350.3s best_lap=344.4
t=7800.0 route=7 laps=15 crashes=0 avg_out=198.1s avg_ret=158.0s avg_lap=368.0s best_lap=355.8
t=7800.0 route=8 laps=14 crashes=1 avg_out=185.3s avg_ret=187.1s avg_lap=384.3s best_lap=379.4
t=7800.0 TOTAL laps=115 crashes=2
t=7800.0 TUNER gen=1 results=53/64 pending=7 active=7 remaining=11 next_trial=125 rounds=[8,7,7,8,6,8,8,8]
t=7809.3 TUNING_REASSIGN craft=Aircraft_9_nav_r6_125 requested_route=6 assigned_route=5
t=7811.1 LAP_CAPTURE craft=Aircraft_9_nav_r7_119 route=7 return=158.0s lap=370.2s carrier_dist=200m t=7811.0
t=7811.6 LAUNCH_BLOCKED reason=deck_busy active=7 stored=1 no_active_s=0.0 state=AIRCRAFT_ON_DECK tractor_cleanup=false elevator_transfer=true deck=Aircraft_9_nav_r6_125 pending=none clearance=none queue=0
t=7817.4 SPAWN craft=Aircraft_9_nav_r6_125 route=5 candidate=3 trial=125 t=7817.4
t=7829.4 TUNING_REASSIGN craft=Aircraft_9_nav_r4_126 requested_route=4 assigned_route=2
t=7830.1 ==== SUMMARY t=7830.1 ====
t=7830.1 route=1 laps=14 crashes=1 avg_out=157.0s avg_ret=175.8s avg_lap=344.0s best_lap=339.8
t=7830.1 route=2 laps=14 crashes=0 avg_out=214.3s avg_ret=251.4s avg_lap=477.7s best_lap=454.8
t=7830.1 route=3 laps=13 crashes=0 avg_out=243.5s avg_ret=268.5s avg_lap=524.0s best_lap=508.2
t=7830.1 route=4 laps=16 crashes=0 avg_out=200.7s avg_ret=168.7s avg_lap=381.5s best_lap=374.9
t=7830.1 route=5 laps=13 crashes=0 avg_out=296.0s avg_ret=257.5s avg_lap=565.7s best_lap=555.9
t=7830.1 route=6 laps=16 crashes=0 avg_out=178.9s avg_ret=159.4s avg_lap=350.3s best_lap=344.4
t=7830.1 route=7 laps=16 crashes=0 avg_out=198.1s avg_ret=158.0s avg_lap=368.1s best_lap=355.8
t=7830.1 route=8 laps=14 crashes=1 avg_out=185.3s avg_ret=187.1s avg_lap=384.3s best_lap=379.4
t=7830.1 TOTAL laps=116 crashes=2
t=7830.1 TUNER gen=1 results=54/64 pending=8 active=8 remaining=10 next_trial=127 rounds=[8,8,7,8,7,8,8,8]
t=7831.7 LAUNCH_BLOCKED reason=tuner_capacity_full active=8 stored=1 no_active_s=0.0 state=AIRCRAFT_ON_DECK tractor_cleanup=false elevator_transfer=true deck=Aircraft_9_nav_r4_126 pending=none clearance=none queue=1
t=7837.5 SPAWN craft=Aircraft_9_nav_r4_126 route=2 candidate=1 trial=126 t=7837.5
t=7846.8 LAUNCH_BLOCKED reason=tuner_capacity_full active=8 stored=1 no_active_s=0.0 state=IDLE tractor_cleanup=false elevator_transfer=false deck=Aircraft_9_nav_r4_126 pending=none clearance=Aircraft_9_nav_r1_122 queue=0
t=7852.2 LAP_CAPTURE craft=Aircraft_9_nav_r1_122 route=1 return=182.8s lap=351.1s carrier_dist=200m t=7852.2
t=7860.1 ==== SUMMARY t=7860.1 ====
t=7860.1 route=1 laps=15 crashes=1 avg_out=157.0s avg_ret=176.3s avg_lap=344.5s best_lap=339.8
t=7860.1 route=2 laps=14 crashes=0 avg_out=214.3s avg_ret=251.4s avg_lap=477.7s best_lap=454.8
t=7860.2 route=3 laps=13 crashes=0 avg_out=243.5s avg_ret=268.5s avg_lap=524.0s best_lap=508.2
t=7860.2 route=4 laps=16 crashes=0 avg_out=200.7s avg_ret=168.7s avg_lap=381.5s best_lap=374.9
t=7860.2 route=5 laps=13 crashes=0 avg_out=296.0s avg_ret=257.5s avg_lap=565.7s best_lap=555.9
t=7860.2 route=6 laps=16 crashes=0 avg_out=178.9s avg_ret=159.4s avg_lap=350.3s best_lap=344.4
t=7860.2 route=7 laps=16 crashes=0 avg_out=198.1s avg_ret=158.0s avg_lap=368.1s best_lap=355.8
t=7860.2 route=8 laps=14 crashes=1 avg_out=185.3s avg_ret=187.1s avg_lap=384.3s best_lap=379.4
t=7860.2 TOTAL laps=117 crashes=2
t=7860.2 TUNER gen=1 results=55/64 pending=7 active=7 remaining=9 next_trial=127 rounds=[8,8,7,8,7,8,8,8]
t=7864.5 TUNING_REASSIGN craft=Aircraft_9_nav_r6_127 requested_route=6 assigned_route=3
t=7867.0 LAUNCH_BLOCKED reason=tuner_capacity_full active=8 stored=1 no_active_s=0.0 state=AIRCRAFT_ON_DECK tractor_cleanup=false elevator_transfer=true deck=Aircraft_9_nav_r6_127 pending=none clearance=none queue=0
t=7872.6 SPAWN craft=Aircraft_9_nav_r6_127 route=3 candidate=2 trial=127 t=7872.6
t=7887.0 LAUNCH_BLOCKED reason=tuner_capacity_full active=8 stored=1 no_active_s=0.0 state=IDLE tractor_cleanup=false elevator_transfer=false deck=Aircraft_9_nav_r6_127 pending=none clearance=none queue=0
t=7890.2 ==== SUMMARY t=7890.2 ====
t=7890.2 route=1 laps=15 crashes=1 avg_out=157.0s avg_ret=176.3s avg_lap=344.5s best_lap=339.8
t=7890.2 route=2 laps=14 crashes=0 avg_out=214.3s avg_ret=251.4s avg_lap=477.7s best_lap=454.8
t=7890.2 route=3 laps=13 crashes=0 avg_out=243.5s avg_ret=268.5s avg_lap=524.0s best_lap=508.2
t=7890.3 route=4 laps=16 crashes=0 avg_out=200.7s avg_ret=168.7s avg_lap=381.5s best_lap=374.9
t=7890.3 route=5 laps=13 crashes=0 avg_out=296.0s avg_ret=257.5s avg_lap=565.7s best_lap=555.9
t=7890.3 route=6 laps=16 crashes=0 avg_out=178.9s avg_ret=159.4s avg_lap=350.3s best_lap=344.4
t=7890.3 route=7 laps=16 crashes=0 avg_out=198.1s avg_ret=158.0s avg_lap=368.1s best_lap=355.8
t=7890.3 route=8 laps=14 crashes=1 avg_out=185.3s avg_ret=187.1s avg_lap=384.3s best_lap=379.4
t=7890.3 TOTAL laps=117 crashes=2
t=7890.3 TUNER gen=1 results=55/64 pending=8 active=8 remaining=9 next_trial=128 rounds=[8,8,8,8,7,8,8,8]
t=7902.0 LAUNCH_BLOCKED reason=tuner_capacity_full active=8 stored=1 no_active_s=0.0 state=IDLE tractor_cleanup=false elevator_transfer=false deck=Aircraft_9_nav_r6_127 pending=none clearance=none queue=0
t=7917.1 LAUNCH_BLOCKED reason=tuner_capacity_full active=8 stored=1 no_active_s=0.0 state=IDLE tractor_cleanup=false elevator_transfer=false deck=Aircraft_9_nav_r6_127 pending=none clearance=none queue=0
t=7920.2 ==== SUMMARY t=7920.2 ====
t=7920.2 route=1 laps=15 crashes=1 avg_out=157.0s avg_ret=176.3s avg_lap=344.5s best_lap=339.8
t=7920.2 route=2 laps=14 crashes=0 avg_out=214.3s avg_ret=251.4s avg_lap=477.7s best_lap=454.8
t=7920.2 route=3 laps=13 crashes=0 avg_out=243.5s avg_ret=268.5s avg_lap=524.0s best_lap=508.2
t=7920.2 route=4 laps=16 crashes=0 avg_out=200.7s avg_ret=168.7s avg_lap=381.5s best_lap=374.9
t=7920.2 route=5 laps=13 crashes=0 avg_out=296.0s avg_ret=257.5s avg_lap=565.7s best_lap=555.9
t=7920.2 route=6 laps=16 crashes=0 avg_out=178.9s avg_ret=159.4s avg_lap=350.3s best_lap=344.4
t=7920.2 route=7 laps=16 crashes=0 avg_out=198.1s avg_ret=158.0s avg_lap=368.1s best_lap=355.8
t=7920.3 route=8 laps=14 crashes=1 avg_out=185.3s avg_ret=187.1s avg_lap=384.3s best_lap=379.4
t=7920.3 TOTAL laps=117 crashes=2
t=7920.3 TUNER gen=1 results=55/64 pending=8 active=8 remaining=9 next_trial=128 rounds=[8,8,8,8,7,8,8,8]
t=7927.5 LAP_CAPTURE craft=Aircraft_9_nav_r3_117 route=3 return=271.1s lap=526.9s carrier_dist=200m t=7927.5
t=7932.1 LAUNCH_BLOCKED reason=cleared_unready_nav_deck_aircraft active=7 stored=1 no_active_s=0.0 state=IDLE tractor_cleanup=false elevator_transfer=false deck=Aircraft_9_nav_r6_127 pending=none clearance=none queue=0
t=7940.0 TUNING_REASSIGN craft=Aircraft_9_nav_r1_128 requested_route=1 assigned_route=5
t=7947.3 LAUNCH_BLOCKED reason=tuner_capacity_full active=8 stored=1 no_active_s=0.0 state=AIRCRAFT_ON_DECK tractor_cleanup=false elevator_transfer=false deck=Aircraft_9_nav_r1_128 pending=none clearance=none queue=0
t=7948.1 SPAWN craft=Aircraft_9_nav_r1_128 route=5 candidate=4 trial=128 t=7948.1
t=7950.3 ==== SUMMARY t=7950.3 ====
t=7950.3 route=1 laps=15 crashes=1 avg_out=157.0s avg_ret=176.3s avg_lap=344.5s best_lap=339.8
t=7950.3 route=2 laps=14 crashes=0 avg_out=214.3s avg_ret=251.4s avg_lap=477.7s best_lap=454.8
t=7950.3 route=3 laps=14 crashes=0 avg_out=243.5s avg_ret=268.7s avg_lap=524.2s best_lap=508.2
t=7950.4 route=4 laps=16 crashes=0 avg_out=200.7s avg_ret=168.7s avg_lap=381.5s best_lap=374.9
t=7950.4 route=5 laps=13 crashes=0 avg_out=296.0s avg_ret=257.5s avg_lap=565.7s best_lap=555.9
t=7950.4 route=6 laps=16 crashes=0 avg_out=178.9s avg_ret=159.4s avg_lap=350.3s best_lap=344.4
t=7950.4 route=7 laps=16 crashes=0 avg_out=198.1s avg_ret=158.0s avg_lap=368.1s best_lap=355.8
t=7950.4 route=8 laps=14 crashes=1 avg_out=185.3s avg_ret=187.1s avg_lap=384.3s best_lap=379.4
t=7950.4 TOTAL laps=118 crashes=2
t=7950.4 TUNER gen=1 results=56/64 pending=8 active=8 remaining=8 next_trial=129 rounds=[8,8,8,8,8,8,8,8]
t=7961.0 LAP_CAPTURE craft=Aircraft_9_nav_r2_121 route=2 return=253.7s lap=480.0s carrier_dist=200m t=7961.0
t=7962.3 LAUNCH_BLOCKED reason=tuner_capacity_full active=7 stored=1 no_active_s=0.0 state=IDLE tractor_cleanup=false elevator_transfer=false deck=Aircraft_9_nav_r1_128 pending=none clearance=none queue=0
t=7968.3 LZ_REACHED craft=Aircraft_9_nav_r8_124 route=8 outbound=185.9s t=7968.3
t=7977.4 LAUNCH_BLOCKED reason=tuner_capacity_full active=7 stored=1 no_active_s=0.0 state=IDLE tractor_cleanup=false elevator_transfer=false deck=Aircraft_9_nav_r1_128 pending=none clearance=none queue=0
t=7980.3 ==== SUMMARY t=7980.3 ====
t=7980.3 route=1 laps=15 crashes=1 avg_out=157.0s avg_ret=176.3s avg_lap=344.5s best_lap=339.8
t=7980.3 route=2 laps=15 crashes=0 avg_out=214.3s avg_ret=251.5s avg_lap=477.8s best_lap=454.8
t=7980.4 route=3 laps=14 crashes=0 avg_out=243.5s avg_ret=268.7s avg_lap=524.2s best_lap=508.2
t=7980.4 route=4 laps=16 crashes=0 avg_out=200.7s avg_ret=168.7s avg_lap=381.5s best_lap=374.9
t=7980.4 route=5 laps=13 crashes=0 avg_out=296.0s avg_ret=257.5s avg_lap=565.7s best_lap=555.9
t=7980.4 route=6 laps=16 crashes=0 avg_out=178.9s avg_ret=159.4s avg_lap=350.3s best_lap=344.4
t=7980.4 route=7 laps=16 crashes=0 avg_out=198.1s avg_ret=158.0s avg_lap=368.1s best_lap=355.8
t=7980.4 route=8 laps=14 crashes=1 avg_out=185.3s avg_ret=187.1s avg_lap=384.3s best_lap=379.4
t=7980.4 TOTAL laps=119 crashes=2
t=7980.4 TUNER gen=1 results=57/64 pending=7 active=7 remaining=7 next_trial=129 rounds=[8,8,8,8,8,8,8,8]
t=7992.4 LAUNCH_BLOCKED reason=tuner_capacity_full active=7 stored=1 no_active_s=0.0 state=IDLE tractor_cleanup=false elevator_transfer=false deck=Aircraft_9_nav_r1_128 pending=none clearance=none queue=0
t=8005.2 LZ_REACHED craft=Aircraft_9_nav_r6_123 route=3 outbound=243.1s t=8005.2
t=8007.5 LAUNCH_BLOCKED reason=tuner_capacity_full active=7 stored=1 no_active_s=0.0 state=IDLE tractor_cleanup=false elevator_transfer=false deck=Aircraft_9_nav_r1_128 pending=none clearance=none queue=0
t=8010.4 ==== SUMMARY t=8010.4 ====
t=8010.4 route=1 laps=15 crashes=1 avg_out=157.0s avg_ret=176.3s avg_lap=344.5s best_lap=339.8
t=8010.4 route=2 laps=15 crashes=0 avg_out=214.3s avg_ret=251.5s avg_lap=477.8s best_lap=454.8
t=8010.4 route=3 laps=14 crashes=0 avg_out=243.5s avg_ret=268.7s avg_lap=524.2s best_lap=508.2
t=8010.4 route=4 laps=16 crashes=0 avg_out=200.7s avg_ret=168.7s avg_lap=381.5s best_lap=374.9
t=8010.4 route=5 laps=13 crashes=0 avg_out=296.0s avg_ret=257.5s avg_lap=565.7s best_lap=555.9
t=8010.4 route=6 laps=16 crashes=0 avg_out=178.9s avg_ret=159.4s avg_lap=350.3s best_lap=344.4
t=8010.4 route=7 laps=16 crashes=0 avg_out=198.1s avg_ret=158.0s avg_lap=368.1s best_lap=355.8
t=8010.4 route=8 laps=14 crashes=1 avg_out=185.3s avg_ret=187.1s avg_lap=384.3s best_lap=379.4
t=8010.4 TOTAL laps=119 crashes=2
t=8010.4 TUNER gen=1 results=57/64 pending=7 active=7 remaining=7 next_trial=129 rounds=[8,8,8,8,8,8,8,8]
t=8022.5 LAUNCH_BLOCKED reason=tuner_capacity_full active=7 stored=1 no_active_s=0.0 state=IDLE tractor_cleanup=false elevator_transfer=false deck=Aircraft_9_nav_r1_128 pending=none clearance=none queue=0
t=8025.8 LAP_CAPTURE craft=Aircraft_9_nav_r5_120 route=5 return=258.5s lap=564.7s carrier_dist=200m t=8025.8
t=8037.6 LAUNCH_BLOCKED reason=tuner_capacity_full active=6 stored=1 no_active_s=0.0 state=IDLE tractor_cleanup=false elevator_transfer=false deck=Aircraft_9_nav_r1_128 pending=none clearance=none queue=0
t=8040.4 ==== SUMMARY t=8040.4 ====
t=8040.4 route=1 laps=15 crashes=1 avg_out=157.0s avg_ret=176.3s avg_lap=344.5s best_lap=339.8
t=8040.4 route=2 laps=15 crashes=0 avg_out=214.3s avg_ret=251.5s avg_lap=477.8s best_lap=454.8
t=8040.4 route=3 laps=14 crashes=0 avg_out=243.5s avg_ret=268.7s avg_lap=524.2s best_lap=508.2
t=8040.4 route=4 laps=16 crashes=0 avg_out=200.7s avg_ret=168.7s avg_lap=381.5s best_lap=374.9
t=8040.4 route=5 laps=14 crashes=0 avg_out=296.0s avg_ret=257.6s avg_lap=565.6s best_lap=555.9
t=8040.4 route=6 laps=16 crashes=0 avg_out=178.9s avg_ret=159.4s avg_lap=350.3s best_lap=344.4
t=8040.4 route=7 laps=16 crashes=0 avg_out=198.1s avg_ret=158.0s avg_lap=368.1s best_lap=355.8
t=8040.4 route=8 laps=14 crashes=1 avg_out=185.3s avg_ret=187.1s avg_lap=384.3s best_lap=379.4
t=8040.4 TOTAL laps=120 crashes=2
t=8040.4 TUNER gen=1 results=58/64 pending=6 active=6 remaining=6 next_trial=129 rounds=[8,8,8,8,8,8,8,8]
t=8052.1 LZ_REACHED craft=Aircraft_9_nav_r4_126 route=2 outbound=214.6s t=8052.1
t=8052.6 LAUNCH_BLOCKED reason=tuner_capacity_full active=6 stored=1 no_active_s=0.0 state=IDLE tractor_cleanup=false elevator_transfer=false deck=Aircraft_9_nav_r1_128 pending=none clearance=none queue=0
t=8067.7 LAUNCH_BLOCKED reason=tuner_capacity_full active=6 stored=1 no_active_s=0.0 state=IDLE tractor_cleanup=false elevator_transfer=false deck=Aircraft_9_nav_r1_128 pending=none clearance=none queue=0
t=8070.4 ==== SUMMARY t=8070.4 ====
t=8070.4 route=1 laps=15 crashes=1 avg_out=157.0s avg_ret=176.3s avg_lap=344.5s best_lap=339.8
t=8070.4 route=2 laps=15 crashes=0 avg_out=214.3s avg_ret=251.5s avg_lap=477.8s best_lap=454.8
t=8070.4 route=3 laps=14 crashes=0 avg_out=243.5s avg_ret=268.7s avg_lap=524.2s best_lap=508.2
t=8070.4 route=4 laps=16 crashes=0 avg_out=200.7s avg_ret=168.7s avg_lap=381.5s best_lap=374.9
t=8070.4 route=5 laps=14 crashes=0 avg_out=296.0s avg_ret=257.6s avg_lap=565.6s best_lap=555.9
t=8070.4 route=6 laps=16 crashes=0 avg_out=178.9s avg_ret=159.4s avg_lap=350.3s best_lap=344.4
t=8070.5 route=7 laps=16 crashes=0 avg_out=198.1s avg_ret=158.0s avg_lap=368.1s best_lap=355.8
t=8070.5 route=8 laps=14 crashes=1 avg_out=185.3s avg_ret=187.1s avg_lap=384.3s best_lap=379.4
t=8070.5 TOTAL laps=120 crashes=2
t=8070.5 TUNER gen=1 results=58/64 pending=6 active=6 remaining=6 next_trial=129 rounds=[8,8,8,8,8,8,8,8]
t=8082.7 LAUNCH_BLOCKED reason=tuner_capacity_full active=6 stored=1 no_active_s=0.0 state=IDLE tractor_cleanup=false elevator_transfer=false deck=Aircraft_9_nav_r1_128 pending=none clearance=none queue=0
t=8097.8 LAUNCH_BLOCKED reason=tuner_capacity_full active=6 stored=1 no_active_s=0.0 state=IDLE tractor_cleanup=false elevator_transfer=false deck=Aircraft_9_nav_r1_128 pending=none clearance=none queue=0
t=8100.4 ==== SUMMARY t=8100.4 ====
t=8100.4 route=1 laps=15 crashes=1 avg_out=157.0s avg_ret=176.3s avg_lap=344.5s best_lap=339.8
t=8100.4 route=2 laps=15 crashes=0 avg_out=214.3s avg_ret=251.5s avg_lap=477.8s best_lap=454.8
t=8100.5 route=3 laps=14 crashes=0 avg_out=243.5s avg_ret=268.7s avg_lap=524.2s best_lap=508.2
t=8100.5 route=4 laps=16 crashes=0 avg_out=200.7s avg_ret=168.7s avg_lap=381.5s best_lap=374.9
t=8100.5 route=5 laps=14 crashes=0 avg_out=296.0s avg_ret=257.6s avg_lap=565.6s best_lap=555.9
t=8100.5 route=6 laps=16 crashes=0 avg_out=178.9s avg_ret=159.4s avg_lap=350.3s best_lap=344.4
t=8100.5 route=7 laps=16 crashes=0 avg_out=198.1s avg_ret=158.0s avg_lap=368.1s best_lap=355.8
t=8100.5 route=8 laps=14 crashes=1 avg_out=185.3s avg_ret=187.1s avg_lap=384.3s best_lap=379.4
t=8100.5 TOTAL laps=120 crashes=2
t=8100.5 TUNER gen=1 results=58/64 pending=6 active=6 remaining=6 next_trial=129 rounds=[8,8,8,8,8,8,8,8]
t=8109.3 LZ_REACHED craft=Aircraft_9_nav_r6_125 route=5 outbound=291.9s t=8109.3
t=8112.8 LAUNCH_BLOCKED reason=tuner_capacity_full active=6 stored=1 no_active_s=0.0 state=IDLE tractor_cleanup=false elevator_transfer=false deck=Aircraft_9_nav_r1_128 pending=none clearance=none queue=0
t=8116.4 LZ_REACHED craft=Aircraft_9_nav_r6_127 route=3 outbound=243.8s t=8116.4
t=8127.9 LAUNCH_BLOCKED reason=tuner_capacity_full active=6 stored=1 no_active_s=0.0 state=IDLE tractor_cleanup=false elevator_transfer=false deck=Aircraft_9_nav_r1_128 pending=none clearance=none queue=0
t=8130.5 ==== SUMMARY t=8130.5 ====
t=8130.5 route=1 laps=15 crashes=1 avg_out=157.0s avg_ret=176.3s avg_lap=344.5s best_lap=339.8
t=8130.5 route=2 laps=15 crashes=0 avg_out=214.3s avg_ret=251.5s avg_lap=477.8s best_lap=454.8
t=8130.5 route=3 laps=14 crashes=0 avg_out=243.5s avg_ret=268.7s avg_lap=524.2s best_lap=508.2
t=8130.5 route=4 laps=16 crashes=0 avg_out=200.7s avg_ret=168.7s avg_lap=381.5s best_lap=374.9
t=8130.5 route=5 laps=14 crashes=0 avg_out=295.8s avg_ret=257.6s avg_lap=565.6s best_lap=555.9
t=8130.5 route=6 laps=16 crashes=0 avg_out=178.9s avg_ret=159.4s avg_lap=350.3s best_lap=344.4
t=8130.5 route=7 laps=16 crashes=0 avg_out=198.1s avg_ret=158.0s avg_lap=368.1s best_lap=355.8
t=8130.6 route=8 laps=14 crashes=1 avg_out=185.3s avg_ret=187.1s avg_lap=384.3s best_lap=379.4
t=8130.6 TOTAL laps=120 crashes=2
t=8130.6 TUNER gen=1 results=58/64 pending=6 active=6 remaining=6 next_trial=129 rounds=[8,8,8,8,8,8,8,8]
t=8143.0 LAUNCH_BLOCKED reason=tuner_capacity_full active=6 stored=1 no_active_s=0.0 state=IDLE tractor_cleanup=false elevator_transfer=false deck=Aircraft_9_nav_r1_128 pending=none clearance=none queue=0
t=8158.1 LAUNCH_BLOCKED reason=tuner_capacity_full active=6 stored=1 no_active_s=0.0 state=IDLE tractor_cleanup=false elevator_transfer=false deck=Aircraft_9_nav_r1_128 pending=none clearance=Aircraft_9_nav_r8_124 queue=0
t=8160.6 ==== SUMMARY t=8160.6 ====
t=8160.6 route=1 laps=15 crashes=1 avg_out=157.0s avg_ret=176.3s avg_lap=344.5s best_lap=339.8
t=8160.6 route=2 laps=15 crashes=0 avg_out=214.3s avg_ret=251.5s avg_lap=477.8s best_lap=454.8
t=8160.6 route=3 laps=14 crashes=0 avg_out=243.5s avg_ret=268.7s avg_lap=524.2s best_lap=508.2
t=8160.6 route=4 laps=16 crashes=0 avg_out=200.7s avg_ret=168.7s avg_lap=381.5s best_lap=374.9
t=8160.6 route=5 laps=14 crashes=0 avg_out=295.8s avg_ret=257.6s avg_lap=565.6s best_lap=555.9
t=8160.6 route=6 laps=16 crashes=0 avg_out=178.9s avg_ret=159.4s avg_lap=350.3s best_lap=344.4
t=8160.6 route=7 laps=16 crashes=0 avg_out=198.1s avg_ret=158.0s avg_lap=368.1s best_lap=355.8
t=8160.6 route=8 laps=14 crashes=1 avg_out=185.3s avg_ret=187.1s avg_lap=384.3s best_lap=379.4
t=8160.6 TOTAL laps=120 crashes=2
t=8160.6 TUNER gen=1 results=58/64 pending=6 active=6 remaining=6 next_trial=129 rounds=[8,8,8,8,8,8,8,8]
t=8167.6 LAP_CAPTURE craft=Aircraft_9_nav_r8_124 route=8 return=187.3s lap=385.3s carrier_dist=200m t=8167.6
t=8173.1 LAUNCH_BLOCKED reason=tuner_capacity_full active=5 stored=1 no_active_s=0.0 state=IDLE tractor_cleanup=false elevator_transfer=false deck=Aircraft_9_nav_r1_128 pending=none clearance=none queue=0
t=8188.2 LAUNCH_BLOCKED reason=tuner_capacity_full active=5 stored=1 no_active_s=0.0 state=IDLE tractor_cleanup=false elevator_transfer=false deck=Aircraft_9_nav_r1_128 pending=none clearance=none queue=0
t=8190.6 ==== SUMMARY t=8190.6 ====
t=8190.6 route=1 laps=15 crashes=1 avg_out=157.0s avg_ret=176.3s avg_lap=344.5s best_lap=339.8
t=8190.6 route=2 laps=15 crashes=0 avg_out=214.3s avg_ret=251.5s avg_lap=477.8s best_lap=454.8
t=8190.6 route=3 laps=14 crashes=0 avg_out=243.5s avg_ret=268.7s avg_lap=524.2s best_lap=508.2
t=8190.6 route=4 laps=16 crashes=0 avg_out=200.7s avg_ret=168.7s avg_lap=381.5s best_lap=374.9
t=8190.6 route=5 laps=14 crashes=0 avg_out=295.8s avg_ret=257.6s avg_lap=565.6s best_lap=555.9
t=8190.6 route=6 laps=16 crashes=0 avg_out=178.9s avg_ret=159.4s avg_lap=350.3s best_lap=344.4
t=8190.6 route=7 laps=16 crashes=0 avg_out=198.1s avg_ret=158.0s avg_lap=368.1s best_lap=355.8
t=8190.6 route=8 laps=15 crashes=1 avg_out=185.3s avg_ret=187.1s avg_lap=384.3s best_lap=379.4
t=8190.6 TOTAL laps=121 crashes=2
t=8190.6 TUNER gen=1 results=59/64 pending=5 active=5 remaining=5 next_trial=129 rounds=[8,8,8,8,8,8,8,8]
t=8203.2 LAUNCH_BLOCKED reason=tuner_capacity_full active=5 stored=1 no_active_s=0.0 state=IDLE tractor_cleanup=false elevator_transfer=false deck=Aircraft_9_nav_r1_128 pending=none clearance=none queue=0
t=8218.3 LAUNCH_BLOCKED reason=tuner_capacity_full active=5 stored=1 no_active_s=0.0 state=IDLE tractor_cleanup=false elevator_transfer=false deck=Aircraft_9_nav_r1_128 pending=none clearance=none queue=0
t=8220.6 ==== SUMMARY t=8220.6 ====
t=8220.6 route=1 laps=15 crashes=1 avg_out=157.0s avg_ret=176.3s avg_lap=344.5s best_lap=339.8
t=8220.6 route=2 laps=15 crashes=0 avg_out=214.3s avg_ret=251.5s avg_lap=477.8s best_lap=454.8
t=8220.6 route=3 laps=14 crashes=0 avg_out=243.5s avg_ret=268.7s avg_lap=524.2s best_lap=508.2
t=8220.6 route=4 laps=16 crashes=0 avg_out=200.7s avg_ret=168.7s avg_lap=381.5s best_lap=374.9
t=8220.6 route=5 laps=14 crashes=0 avg_out=295.8s avg_ret=257.6s avg_lap=565.6s best_lap=555.9
t=8220.6 route=6 laps=16 crashes=0 avg_out=178.9s avg_ret=159.4s avg_lap=350.3s best_lap=344.4
t=8220.6 route=7 laps=16 crashes=0 avg_out=198.1s avg_ret=158.0s avg_lap=368.1s best_lap=355.8
t=8220.6 route=8 laps=15 crashes=1 avg_out=185.3s avg_ret=187.1s avg_lap=384.3s best_lap=379.4
t=8220.6 TOTAL laps=121 crashes=2
t=8220.6 TUNER gen=1 results=59/64 pending=5 active=5 remaining=5 next_trial=129 rounds=[8,8,8,8,8,8,8,8]
t=8233.3 LAUNCH_BLOCKED reason=tuner_capacity_full active=5 stored=1 no_active_s=0.0 state=IDLE tractor_cleanup=false elevator_transfer=false deck=Aircraft_9_nav_r1_128 pending=none clearance=none queue=0
t=8243.0 LZ_REACHED craft=Aircraft_9_nav_r1_128 route=5 outbound=294.9s t=8243.0
t=8248.4 LAUNCH_BLOCKED reason=tuner_capacity_full active=5 stored=1 no_active_s=0.0 state=IDLE tractor_cleanup=false elevator_transfer=false deck=Aircraft_9_nav_r1_128 pending=none clearance=none queue=0
t=8250.6 ==== SUMMARY t=8250.6 ====
t=8250.6 route=1 laps=15 crashes=1 avg_out=157.0s avg_ret=176.3s avg_lap=344.5s best_lap=339.8
t=8250.6 route=2 laps=15 crashes=0 avg_out=214.3s avg_ret=251.5s avg_lap=477.8s best_lap=454.8
t=8250.6 route=3 laps=14 crashes=0 avg_out=243.5s avg_ret=268.7s avg_lap=524.2s best_lap=508.2
t=8250.6 route=4 laps=16 crashes=0 avg_out=200.7s avg_ret=168.7s avg_lap=381.5s best_lap=374.9
t=8250.6 route=5 laps=14 crashes=0 avg_out=295.7s avg_ret=257.6s avg_lap=565.6s best_lap=555.9
t=8250.6 route=6 laps=16 crashes=0 avg_out=178.9s avg_ret=159.4s avg_lap=350.3s best_lap=344.4
t=8250.7 route=7 laps=16 crashes=0 avg_out=198.1s avg_ret=158.0s avg_lap=368.1s best_lap=355.8
t=8250.7 route=8 laps=15 crashes=1 avg_out=185.3s avg_ret=187.1s avg_lap=384.3s best_lap=379.4
t=8250.7 TOTAL laps=121 crashes=2
t=8250.7 TUNER gen=1 results=59/64 pending=5 active=5 remaining=5 next_trial=129 rounds=[8,8,8,8,8,8,8,8]
t=8263.5 LAUNCH_BLOCKED reason=tuner_capacity_full active=5 stored=1 no_active_s=0.0 state=IDLE tractor_cleanup=false elevator_transfer=false deck=Aircraft_9_nav_r1_128 pending=none clearance=none queue=0
t=8278.5 LAUNCH_BLOCKED reason=tuner_capacity_full active=5 stored=1 no_active_s=0.0 state=IDLE tractor_cleanup=false elevator_transfer=false deck=Aircraft_9_nav_r1_128 pending=none clearance=none queue=0
t=8280.7 ==== SUMMARY t=8280.7 ====
t=8280.7 route=1 laps=15 crashes=1 avg_out=157.0s avg_ret=176.3s avg_lap=344.5s best_lap=339.8
t=8280.7 route=2 laps=15 crashes=0 avg_out=214.3s avg_ret=251.5s avg_lap=477.8s best_lap=454.8
t=8280.7 route=3 laps=14 crashes=0 avg_out=243.5s avg_ret=268.7s avg_lap=524.2s best_lap=508.2
t=8280.7 route=4 laps=16 crashes=0 avg_out=200.7s avg_ret=168.7s avg_lap=381.5s best_lap=374.9
t=8280.7 route=5 laps=14 crashes=0 avg_out=295.7s avg_ret=257.6s avg_lap=565.6s best_lap=555.9
t=8280.7 route=6 laps=16 crashes=0 avg_out=178.9s avg_ret=159.4s avg_lap=350.3s best_lap=344.4
t=8280.7 route=7 laps=16 crashes=0 avg_out=198.1s avg_ret=158.0s avg_lap=368.1s best_lap=355.8
t=8280.7 route=8 laps=15 crashes=1 avg_out=185.3s avg_ret=187.1s avg_lap=384.3s best_lap=379.4
t=8280.8 TOTAL laps=121 crashes=2
t=8280.8 TUNER gen=1 results=59/64 pending=5 active=5 remaining=5 next_trial=129 rounds=[8,8,8,8,8,8,8,8]
t=8292.3 LAP_CAPTURE craft=Aircraft_9_nav_r6_123 route=3 return=275.2s lap=530.3s carrier_dist=200m t=8292.3
t=8293.6 LAUNCH_BLOCKED reason=tuner_capacity_full active=4 stored=1 no_active_s=0.0 state=IDLE tractor_cleanup=false elevator_transfer=false deck=Aircraft_9_nav_r1_128 pending=none clearance=none queue=0
t=8308.6 LAUNCH_BLOCKED reason=tuner_capacity_full active=4 stored=1 no_active_s=0.0 state=IDLE tractor_cleanup=false elevator_transfer=false deck=Aircraft_9_nav_r1_128 pending=none clearance=Aircraft_9_nav_r4_126 queue=0
t=8309.1 LAP_CAPTURE craft=Aircraft_9_nav_r4_126 route=2 return=245.0s lap=471.6s carrier_dist=200m t=8309.1
t=8310.7 ==== SUMMARY t=8310.7 ====
t=8310.7 route=1 laps=15 crashes=1 avg_out=157.0s avg_ret=176.3s avg_lap=344.5s best_lap=339.8
t=8310.7 route=2 laps=16 crashes=0 avg_out=214.3s avg_ret=251.1s avg_lap=477.4s best_lap=454.8
t=8310.7 route=3 laps=15 crashes=0 avg_out=243.5s avg_ret=269.1s avg_lap=524.6s best_lap=508.2
t=8310.7 route=4 laps=16 crashes=0 avg_out=200.7s avg_ret=168.7s avg_lap=381.5s best_lap=374.9
t=8310.7 route=5 laps=14 crashes=0 avg_out=295.7s avg_ret=257.6s avg_lap=565.6s best_lap=555.9
t=8310.7 route=6 laps=16 crashes=0 avg_out=178.9s avg_ret=159.4s avg_lap=350.3s best_lap=344.4
t=8310.7 route=7 laps=16 crashes=0 avg_out=198.1s avg_ret=158.0s avg_lap=368.1s best_lap=355.8
t=8310.7 route=8 laps=15 crashes=1 avg_out=185.3s avg_ret=187.1s avg_lap=384.3s best_lap=379.4
t=8310.8 TOTAL laps=123 crashes=2
t=8310.8 TUNER gen=1 results=61/64 pending=3 active=3 remaining=3 next_trial=129 rounds=[8,8,8,8,8,8,8,8]
t=8323.7 LAUNCH_BLOCKED reason=tuner_capacity_full active=3 stored=1 no_active_s=0.0 state=IDLE tractor_cleanup=false elevator_transfer=false deck=Aircraft_9_nav_r1_128 pending=none clearance=none queue=0
t=8338.8 LAUNCH_BLOCKED reason=tuner_capacity_full active=3 stored=1 no_active_s=0.0 state=IDLE tractor_cleanup=false elevator_transfer=false deck=Aircraft_9_nav_r1_128 pending=none clearance=none queue=0
t=8340.7 ==== SUMMARY t=8340.7 ====
t=8340.7 route=1 laps=15 crashes=1 avg_out=157.0s avg_ret=176.3s avg_lap=344.5s best_lap=339.8
t=8340.7 route=2 laps=16 crashes=0 avg_out=214.3s avg_ret=251.1s avg_lap=477.4s best_lap=454.8
t=8340.7 route=3 laps=15 crashes=0 avg_out=243.5s avg_ret=269.1s avg_lap=524.6s best_lap=508.2
t=8340.8 route=4 laps=16 crashes=0 avg_out=200.7s avg_ret=168.7s avg_lap=381.5s best_lap=374.9
t=8340.8 route=5 laps=14 crashes=0 avg_out=295.7s avg_ret=257.6s avg_lap=565.6s best_lap=555.9
t=8340.8 route=6 laps=16 crashes=0 avg_out=178.9s avg_ret=159.4s avg_lap=350.3s best_lap=344.4
t=8340.8 route=7 laps=16 crashes=0 avg_out=198.1s avg_ret=158.0s avg_lap=368.1s best_lap=355.8
t=8340.8 route=8 laps=15 crashes=1 avg_out=185.3s avg_ret=187.1s avg_lap=384.3s best_lap=379.4
t=8340.8 TOTAL laps=123 crashes=2
t=8340.8 TUNER gen=1 results=61/64 pending=3 active=3 remaining=3 next_trial=129 rounds=[8,8,8,8,8,8,8,8]
t=8353.8 LAUNCH_BLOCKED reason=tuner_capacity_full active=3 stored=1 no_active_s=0.0 state=IDLE tractor_cleanup=false elevator_transfer=false deck=Aircraft_9_nav_r1_128 pending=none clearance=none queue=0
t=8368.9 LAUNCH_BLOCKED reason=tuner_capacity_full active=3 stored=1 no_active_s=0.0 state=IDLE tractor_cleanup=false elevator_transfer=false deck=Aircraft_9_nav_r1_128 pending=none clearance=none queue=0
t=8370.8 ==== SUMMARY t=8370.8 ====
t=8370.8 route=1 laps=15 crashes=1 avg_out=157.0s avg_ret=176.3s avg_lap=344.5s best_lap=339.8
t=8370.8 route=2 laps=16 crashes=0 avg_out=214.3s avg_ret=251.1s avg_lap=477.4s best_lap=454.8
t=8370.8 route=3 laps=15 crashes=0 avg_out=243.5s avg_ret=269.1s avg_lap=524.6s best_lap=508.2
t=8370.8 route=4 laps=16 crashes=0 avg_out=200.7s avg_ret=168.7s avg_lap=381.5s best_lap=374.9
t=8370.8 route=5 laps=14 crashes=0 avg_out=295.7s avg_ret=257.6s avg_lap=565.6s best_lap=555.9
t=8370.8 route=6 laps=16 crashes=0 avg_out=178.9s avg_ret=159.4s avg_lap=350.3s best_lap=344.4
t=8370.8 route=7 laps=16 crashes=0 avg_out=198.1s avg_ret=158.0s avg_lap=368.1s best_lap=355.8
t=8370.8 route=8 laps=15 crashes=1 avg_out=185.3s avg_ret=187.1s avg_lap=384.3s best_lap=379.4
t=8370.8 TOTAL laps=123 crashes=2
t=8370.8 TUNER gen=1 results=61/64 pending=3 active=3 remaining=3 next_trial=129 rounds=[8,8,8,8,8,8,8,8]
t=8377.1 LAP_CAPTURE craft=Aircraft_9_nav_r6_125 route=5 return=255.7s lap=559.6s carrier_dist=200m t=8377.1
t=8383.9 LAUNCH_BLOCKED reason=tuner_capacity_full active=2 stored=1 no_active_s=0.0 state=IDLE tractor_cleanup=false elevator_transfer=false deck=Aircraft_9_nav_r1_128 pending=none clearance=none queue=0
t=8391.6 LAP_CAPTURE craft=Aircraft_9_nav_r6_127 route=3 return=263.1s lap=519.0s carrier_dist=200m t=8391.6
t=8398.9 LAUNCH_BLOCKED reason=tuner_capacity_full active=1 stored=1 no_active_s=0.0 state=IDLE tractor_cleanup=false elevator_transfer=false deck=Aircraft_9_nav_r1_128 pending=none clearance=none queue=0
t=8400.8 ==== SUMMARY t=8400.8 ====
t=8400.8 route=1 laps=15 crashes=1 avg_out=157.0s avg_ret=176.3s avg_lap=344.5s best_lap=339.8
t=8400.8 route=2 laps=16 crashes=0 avg_out=214.3s avg_ret=251.1s avg_lap=477.4s best_lap=454.8
t=8400.8 route=3 laps=16 crashes=0 avg_out=243.5s avg_ret=268.8s avg_lap=524.3s best_lap=508.2
t=8400.8 route=4 laps=16 crashes=0 avg_out=200.7s avg_ret=168.7s avg_lap=381.5s best_lap=374.9
t=8400.8 route=5 laps=15 crashes=0 avg_out=295.7s avg_ret=257.5s avg_lap=565.2s best_lap=555.9
t=8400.8 route=6 laps=16 crashes=0 avg_out=178.9s avg_ret=159.4s avg_lap=350.3s best_lap=344.4
t=8400.8 route=7 laps=16 crashes=0 avg_out=198.1s avg_ret=158.0s avg_lap=368.1s best_lap=355.8
t=8400.8 route=8 laps=15 crashes=1 avg_out=185.3s avg_ret=187.1s avg_lap=384.3s best_lap=379.4
t=8400.8 TOTAL laps=125 crashes=2
t=8400.8 TUNER gen=1 results=63/64 pending=1 active=1 remaining=1 next_trial=129 rounds=[8,8,8,8,8,8,8,8]
t=8414.0 LAUNCH_BLOCKED reason=tuner_capacity_full active=1 stored=1 no_active_s=0.0 state=IDLE tractor_cleanup=false elevator_transfer=false deck=Aircraft_9_nav_r1_128 pending=none clearance=none queue=0
t=8429.0 LAUNCH_BLOCKED reason=tuner_capacity_full active=1 stored=1 no_active_s=0.0 state=IDLE tractor_cleanup=false elevator_transfer=false deck=Aircraft_9_nav_r1_128 pending=none clearance=none queue=0
t=8430.8 ==== SUMMARY t=8430.8 ====
t=8430.8 route=1 laps=15 crashes=1 avg_out=157.0s avg_ret=176.3s avg_lap=344.5s best_lap=339.8
t=8430.8 route=2 laps=16 crashes=0 avg_out=214.3s avg_ret=251.1s avg_lap=477.4s best_lap=454.8
t=8430.8 route=3 laps=16 crashes=0 avg_out=243.5s avg_ret=268.8s avg_lap=524.3s best_lap=508.2
t=8430.8 route=4 laps=16 crashes=0 avg_out=200.7s avg_ret=168.7s avg_lap=381.5s best_lap=374.9
t=8430.8 route=5 laps=15 crashes=0 avg_out=295.7s avg_ret=257.5s avg_lap=565.2s best_lap=555.9
t=8430.8 route=6 laps=16 crashes=0 avg_out=178.9s avg_ret=159.4s avg_lap=350.3s best_lap=344.4
t=8430.8 route=7 laps=16 crashes=0 avg_out=198.1s avg_ret=158.0s avg_lap=368.1s best_lap=355.8
t=8430.8 route=8 laps=15 crashes=1 avg_out=185.3s avg_ret=187.1s avg_lap=384.3s best_lap=379.4
t=8430.8 TOTAL laps=125 crashes=2
t=8430.8 TUNER gen=1 results=63/64 pending=1 active=1 remaining=1 next_trial=129 rounds=[8,8,8,8,8,8,8,8]
t=8444.1 LAUNCH_BLOCKED reason=tuner_capacity_full active=1 stored=1 no_active_s=0.0 state=IDLE tractor_cleanup=false elevator_transfer=false deck=Aircraft_9_nav_r1_128 pending=none clearance=none queue=0
t=8459.1 LAUNCH_BLOCKED reason=tuner_capacity_full active=1 stored=1 no_active_s=0.0 state=IDLE tractor_cleanup=false elevator_transfer=false deck=Aircraft_9_nav_r1_128 pending=none clearance=none queue=0
t=8460.8 ==== SUMMARY t=8460.8 ====
t=8460.8 route=1 laps=15 crashes=1 avg_out=157.0s avg_ret=176.3s avg_lap=344.5s best_lap=339.8
t=8460.8 route=2 laps=16 crashes=0 avg_out=214.3s avg_ret=251.1s avg_lap=477.4s best_lap=454.8
t=8460.8 route=3 laps=16 crashes=0 avg_out=243.5s avg_ret=268.8s avg_lap=524.3s best_lap=508.2
t=8460.8 route=4 laps=16 crashes=0 avg_out=200.7s avg_ret=168.7s avg_lap=381.5s best_lap=374.9
t=8460.8 route=5 laps=15 crashes=0 avg_out=295.7s avg_ret=257.5s avg_lap=565.2s best_lap=555.9
t=8460.8 route=6 laps=16 crashes=0 avg_out=178.9s avg_ret=159.4s avg_lap=350.3s best_lap=344.4
t=8460.8 route=7 laps=16 crashes=0 avg_out=198.1s avg_ret=158.0s avg_lap=368.1s best_lap=355.8
t=8460.8 route=8 laps=15 crashes=1 avg_out=185.3s avg_ret=187.1s avg_lap=384.3s best_lap=379.4
t=8460.8 TOTAL laps=125 crashes=2
t=8460.8 TUNER gen=1 results=63/64 pending=1 active=1 remaining=1 next_trial=129 rounds=[8,8,8,8,8,8,8,8]
t=8474.2 LAUNCH_BLOCKED reason=tuner_capacity_full active=1 stored=1 no_active_s=0.0 state=IDLE tractor_cleanup=false elevator_transfer=false deck=Aircraft_9_nav_r1_128 pending=none clearance=none queue=0
t=8489.2 LAUNCH_BLOCKED reason=tuner_capacity_full active=1 stored=1 no_active_s=0.0 state=IDLE tractor_cleanup=false elevator_transfer=false deck=Aircraft_9_nav_r1_128 pending=none clearance=none queue=0
t=8490.8 ==== SUMMARY t=8490.8 ====
t=8490.8 route=1 laps=15 crashes=1 avg_out=157.0s avg_ret=176.3s avg_lap=344.5s best_lap=339.8
t=8490.8 route=2 laps=16 crashes=0 avg_out=214.3s avg_ret=251.1s avg_lap=477.4s best_lap=454.8
t=8490.8 route=3 laps=16 crashes=0 avg_out=243.5s avg_ret=268.8s avg_lap=524.3s best_lap=508.2
t=8490.8 route=4 laps=16 crashes=0 avg_out=200.7s avg_ret=168.7s avg_lap=381.5s best_lap=374.9
t=8490.8 route=5 laps=15 crashes=0 avg_out=295.7s avg_ret=257.5s avg_lap=565.2s best_lap=555.9
t=8490.8 route=6 laps=16 crashes=0 avg_out=178.9s avg_ret=159.4s avg_lap=350.3s best_lap=344.4
t=8490.9 route=7 laps=16 crashes=0 avg_out=198.1s avg_ret=158.0s avg_lap=368.1s best_lap=355.8
t=8490.9 route=8 laps=15 crashes=1 avg_out=185.3s avg_ret=187.1s avg_lap=384.3s best_lap=379.4
t=8490.9 TOTAL laps=125 crashes=2
t=8490.9 TUNER gen=1 results=63/64 pending=1 active=1 remaining=1 next_trial=129 rounds=[8,8,8,8,8,8,8,8]
t=8504.3 LAUNCH_BLOCKED reason=tuner_capacity_full active=1 stored=1 no_active_s=0.0 state=IDLE tractor_cleanup=false elevator_transfer=false deck=Aircraft_9_nav_r1_128 pending=none clearance=none queue=0
t=8512.9 LAP_CAPTURE craft=Aircraft_9_nav_r1_128 route=5 return=257.8s lap=564.7s carrier_dist=200m t=8512.8
t=8512.9 IDLE_TUNER_WAIT gen=2 results=0/64 remaining=64 active_nav=0 stored=1 state=IDLE next_trial=129
t=8519.3 LAUNCH_BLOCKED reason=deck_busy active=1 stored=7 no_active_s=0.0 state=RETRIEVING_FROM_HANGAR tractor_cleanup=false elevator_transfer=false deck=Aircraft_9_nav_r4_129 pending=none clearance=none queue=0
t=8520.8 ==== SUMMARY t=8520.8 ====
t=8520.8 route=1 laps=15 crashes=1 avg_out=157.0s avg_ret=176.3s avg_lap=344.5s best_lap=339.8
t=8520.8 route=2 laps=16 crashes=0 avg_out=214.3s avg_ret=251.1s avg_lap=477.4s best_lap=454.8
t=8520.9 route=3 laps=16 crashes=0 avg_out=243.5s avg_ret=268.8s avg_lap=524.3s best_lap=508.2
t=8520.9 route=4 laps=16 crashes=0 avg_out=200.7s avg_ret=168.7s avg_lap=381.5s best_lap=374.9
t=8520.9 route=5 laps=16 crashes=0 avg_out=295.7s avg_ret=257.5s avg_lap=565.2s best_lap=555.9
t=8520.9 route=6 laps=16 crashes=0 avg_out=178.9s avg_ret=159.4s avg_lap=350.3s best_lap=344.4
t=8520.9 route=7 laps=16 crashes=0 avg_out=198.1s avg_ret=158.0s avg_lap=368.1s best_lap=355.8
t=8520.9 route=8 laps=15 crashes=1 avg_out=185.3s avg_ret=187.1s avg_lap=384.3s best_lap=379.4
t=8520.9 TOTAL laps=126 crashes=2
t=8520.9 TUNER gen=2 results=0/64 pending=0 active=0 remaining=64 next_trial=129 rounds=[0,0,0,0,0,0,0,0]
t=8530.2 SPAWN craft=Aircraft_9_nav_r4_129 route=4 candidate=4 trial=129 t=8530.2
t=8534.4 LAUNCH_BLOCKED reason=cleared_unready_nav_deck_aircraft active=1 stored=7 no_active_s=0.0 state=IDLE tractor_cleanup=false elevator_transfer=false deck=Aircraft_9_nav_r4_129 pending=none clearance=none queue=0
t=8549.5 LAUNCH_BLOCKED reason=deck_busy active=2 stored=6 no_active_s=0.0 state=AIRCRAFT_ON_DECK tractor_cleanup=false elevator_transfer=false deck=Aircraft_9_nav_r1_130 pending=none clearance=none queue=0
t=8550.3 SPAWN craft=Aircraft_9_nav_r1_130 route=1 candidate=1 trial=130 t=8550.3
t=8550.9 ==== SUMMARY t=8550.9 ====
t=8550.9 route=1 laps=15 crashes=1 avg_out=157.0s avg_ret=176.3s avg_lap=344.5s best_lap=339.8
t=8550.9 route=2 laps=16 crashes=0 avg_out=214.3s avg_ret=251.1s avg_lap=477.4s best_lap=454.8
t=8550.9 route=3 laps=16 crashes=0 avg_out=243.5s avg_ret=268.8s avg_lap=524.3s best_lap=508.2
t=8550.9 route=4 laps=16 crashes=0 avg_out=200.7s avg_ret=168.7s avg_lap=381.5s best_lap=374.9
t=8550.9 route=5 laps=16 crashes=0 avg_out=295.7s avg_ret=257.5s avg_lap=565.2s best_lap=555.9
t=8550.9 route=6 laps=16 crashes=0 avg_out=178.9s avg_ret=159.4s avg_lap=350.3s best_lap=344.4
t=8550.9 route=7 laps=16 crashes=0 avg_out=198.1s avg_ret=158.0s avg_lap=368.1s best_lap=355.8
t=8550.9 route=8 laps=15 crashes=1 avg_out=185.3s avg_ret=187.1s avg_lap=384.3s best_lap=379.4
t=8550.9 TOTAL laps=126 crashes=2
t=8550.9 TUNER gen=2 results=0/64 pending=2 active=2 remaining=64 next_trial=131 rounds=[1,0,0,1,0,0,0,0]
t=8564.5 LAUNCH_BLOCKED reason=deck_busy active=3 stored=5 no_active_s=0.0 state=AIRCRAFT_ON_DECK tractor_cleanup=false elevator_transfer=true deck=Aircraft_9_nav_r2_131 pending=none clearance=none queue=0
t=8570.4 SPAWN craft=Aircraft_9_nav_r2_131 route=2 candidate=2 trial=131 t=8570.4
t=8579.5 LAUNCH_BLOCKED reason=deck_busy active=4 stored=4 no_active_s=0.0 state=RETRIEVING_FROM_HANGAR tractor_cleanup=false elevator_transfer=false deck=Aircraft_9_nav_r3_132 pending=none clearance=none queue=0
t=8580.9 ==== SUMMARY t=8580.9 ====
t=8580.9 route=1 laps=15 crashes=1 avg_out=157.0s avg_ret=176.3s avg_lap=344.5s best_lap=339.8
t=8580.9 route=2 laps=16 crashes=0 avg_out=214.3s avg_ret=251.1s avg_lap=477.4s best_lap=454.8
t=8580.9 route=3 laps=16 crashes=0 avg_out=243.5s avg_ret=268.8s avg_lap=524.3s best_lap=508.2
t=8580.9 route=4 laps=16 crashes=0 avg_out=200.7s avg_ret=168.7s avg_lap=381.5s best_lap=374.9
t=8580.9 route=5 laps=16 crashes=0 avg_out=295.7s avg_ret=257.5s avg_lap=565.2s best_lap=555.9
t=8580.9 route=6 laps=16 crashes=0 avg_out=178.9s avg_ret=159.4s avg_lap=350.3s best_lap=344.4
t=8580.9 route=7 laps=16 crashes=0 avg_out=198.1s avg_ret=158.0s avg_lap=368.1s best_lap=355.8
t=8580.9 route=8 laps=15 crashes=1 avg_out=185.3s avg_ret=187.1s avg_lap=384.3s best_lap=379.4
t=8580.9 TOTAL laps=126 crashes=2
t=8580.9 TUNER gen=2 results=0/64 pending=3 active=3 remaining=64 next_trial=132 rounds=[1,1,0,1,0,0,0,0]
t=8590.4 SPAWN craft=Aircraft_9_nav_r3_132 route=3 candidate=3 trial=132 t=8590.4
t=8594.6 LAUNCH_BLOCKED reason=cleared_unready_nav_deck_aircraft active=4 stored=4 no_active_s=0.0 state=IDLE tractor_cleanup=false elevator_transfer=false deck=Aircraft_9_nav_r3_132 pending=none clearance=none queue=0
t=8609.7 LAUNCH_BLOCKED reason=deck_busy active=5 stored=3 no_active_s=0.0 state=AIRCRAFT_ON_DECK tractor_cleanup=false elevator_transfer=false deck=Aircraft_9_nav_r5_133 pending=none clearance=none queue=0
t=8610.5 SPAWN craft=Aircraft_9_nav_r5_133 route=5 candidate=5 trial=133 t=8610.5
t=8611.0 ==== SUMMARY t=8611.0 ====
t=8611.0 route=1 laps=15 crashes=1 avg_out=157.0s avg_ret=176.3s avg_lap=344.5s best_lap=339.8
t=8611.0 route=2 laps=16 crashes=0 avg_out=214.3s avg_ret=251.1s avg_lap=477.4s best_lap=454.8
t=8611.0 route=3 laps=16 crashes=0 avg_out=243.5s avg_ret=268.8s avg_lap=524.3s best_lap=508.2
t=8611.0 route=4 laps=16 crashes=0 avg_out=200.7s avg_ret=168.7s avg_lap=381.5s best_lap=374.9
t=8611.0 route=5 laps=16 crashes=0 avg_out=295.7s avg_ret=257.5s avg_lap=565.2s best_lap=555.9
t=8611.0 route=6 laps=16 crashes=0 avg_out=178.9s avg_ret=159.4s avg_lap=350.3s best_lap=344.4
t=8611.0 route=7 laps=16 crashes=0 avg_out=198.1s avg_ret=158.0s avg_lap=368.1s best_lap=355.8
t=8611.0 route=8 laps=15 crashes=1 avg_out=185.3s avg_ret=187.1s avg_lap=384.3s best_lap=379.4
t=8611.0 TOTAL laps=126 crashes=2
t=8611.0 TUNER gen=2 results=0/64 pending=5 active=5 remaining=64 next_trial=134 rounds=[1,1,1,1,1,0,0,0]
t=8624.8 LAUNCH_BLOCKED reason=deck_busy active=6 stored=2 no_active_s=0.0 state=AIRCRAFT_ON_DECK tractor_cleanup=false elevator_transfer=true deck=Aircraft_9_nav_r6_134 pending=none clearance=none queue=0
t=8630.6 SPAWN craft=Aircraft_9_nav_r6_134 route=6 candidate=6 trial=134 t=8630.6
t=8639.9 LAUNCH_BLOCKED reason=deck_busy active=7 stored=1 no_active_s=0.0 state=RETRIEVING_FROM_HANGAR tractor_cleanup=false elevator_transfer=false deck=Aircraft_9_nav_r7_135 pending=none clearance=none queue=0
t=8641.0 ==== SUMMARY t=8641.0 ====
t=8641.0 route=1 laps=15 crashes=1 avg_out=157.0s avg_ret=176.3s avg_lap=344.5s best_lap=339.8
t=8641.0 route=2 laps=16 crashes=0 avg_out=214.3s avg_ret=251.1s avg_lap=477.4s best_lap=454.8
t=8641.0 route=3 laps=16 crashes=0 avg_out=243.5s avg_ret=268.8s avg_lap=524.3s best_lap=508.2
t=8641.0 route=4 laps=16 crashes=0 avg_out=200.7s avg_ret=168.7s avg_lap=381.5s best_lap=374.9
t=8641.0 route=5 laps=16 crashes=0 avg_out=295.7s avg_ret=257.5s avg_lap=565.2s best_lap=555.9
t=8641.0 route=6 laps=16 crashes=0 avg_out=178.9s avg_ret=159.4s avg_lap=350.3s best_lap=344.4
t=8641.1 route=7 laps=16 crashes=0 avg_out=198.1s avg_ret=158.0s avg_lap=368.1s best_lap=355.8
t=8641.1 route=8 laps=15 crashes=1 avg_out=185.3s avg_ret=187.1s avg_lap=384.3s best_lap=379.4
t=8641.1 TOTAL laps=126 crashes=2
t=8641.1 TUNER gen=2 results=0/64 pending=6 active=6 remaining=64 next_trial=135 rounds=[1,1,1,1,1,1,0,0]
t=8650.7 SPAWN craft=Aircraft_9_nav_r7_135 route=7 candidate=7 trial=135 t=8650.7
t=8654.9 LAUNCH_BLOCKED reason=cleared_unready_nav_deck_aircraft active=7 stored=1 no_active_s=0.0 state=IDLE tractor_cleanup=false elevator_transfer=false deck=Aircraft_9_nav_r7_135 pending=none clearance=none queue=0
t=8670.9 SPAWN craft=Aircraft_9_nav_r8_136 route=8 candidate=8 trial=136 t=8670.9
t=8671.1 ==== SUMMARY t=8671.1 ====
t=8671.1 route=1 laps=15 crashes=1 avg_out=157.0s avg_ret=176.3s avg_lap=344.5s best_lap=339.8
t=8671.1 route=2 laps=16 crashes=0 avg_out=214.3s avg_ret=251.1s avg_lap=477.4s best_lap=454.8
t=8671.1 route=3 laps=16 crashes=0 avg_out=243.5s avg_ret=268.8s avg_lap=524.3s best_lap=508.2
t=8671.1 route=4 laps=16 crashes=0 avg_out=200.7s avg_ret=168.7s avg_lap=381.5s best_lap=374.9
t=8671.1 route=5 laps=16 crashes=0 avg_out=295.7s avg_ret=257.5s avg_lap=565.2s best_lap=555.9
t=8671.1 route=6 laps=16 crashes=0 avg_out=178.9s avg_ret=159.4s avg_lap=350.3s best_lap=344.4
t=8671.2 route=7 laps=16 crashes=0 avg_out=198.1s avg_ret=158.0s avg_lap=368.1s best_lap=355.8
t=8671.2 route=8 laps=15 crashes=1 avg_out=185.3s avg_ret=187.1s avg_lap=384.3s best_lap=379.4
t=8671.2 TOTAL laps=126 crashes=2
t=8671.2 TUNER gen=2 results=0/64 pending=8 active=8 remaining=64 next_trial=137 rounds=[1,1,1,1,1,1,1,1]
t=8701.1 ==== SUMMARY t=8701.1 ====
t=8701.1 route=1 laps=15 crashes=1 avg_out=157.0s avg_ret=176.3s avg_lap=344.5s best_lap=339.8
t=8701.2 route=2 laps=16 crashes=0 avg_out=214.3s avg_ret=251.1s avg_lap=477.4s best_lap=454.8
t=8701.2 route=3 laps=16 crashes=0 avg_out=243.5s avg_ret=268.8s avg_lap=524.3s best_lap=508.2
t=8701.2 route=4 laps=16 crashes=0 avg_out=200.7s avg_ret=168.7s avg_lap=381.5s best_lap=374.9
t=8701.2 route=5 laps=16 crashes=0 avg_out=295.7s avg_ret=257.5s avg_lap=565.2s best_lap=555.9
t=8701.2 route=6 laps=16 crashes=0 avg_out=178.9s avg_ret=159.4s avg_lap=350.3s best_lap=344.4
t=8701.2 route=7 laps=16 crashes=0 avg_out=198.1s avg_ret=158.0s avg_lap=368.1s best_lap=355.8
t=8701.2 route=8 laps=15 crashes=1 avg_out=185.3s avg_ret=187.1s avg_lap=384.3s best_lap=379.4
t=8701.2 TOTAL laps=126 crashes=2
t=8701.2 TUNER gen=2 results=0/64 pending=8 active=8 remaining=64 next_trial=137 rounds=[1,1,1,1,1,1,1,1]
t=8709.2 LZ_REACHED craft=Aircraft_9_nav_r1_130 route=1 outbound=158.9s t=8709.2
t=8731.0 LZ_REACHED craft=Aircraft_9_nav_r4_129 route=4 outbound=200.8s t=8731.0
t=8731.1 ==== SUMMARY t=8731.1 ====
t=8731.1 route=1 laps=15 crashes=1 avg_out=157.1s avg_ret=176.3s avg_lap=344.5s best_lap=339.8
t=8731.2 route=2 laps=16 crashes=0 avg_out=214.3s avg_ret=251.1s avg_lap=477.4s best_lap=454.8
t=8731.2 route=3 laps=16 crashes=0 avg_out=243.5s avg_ret=268.8s avg_lap=524.3s best_lap=508.2
t=8731.2 route=4 laps=16 crashes=0 avg_out=200.7s avg_ret=168.7s avg_lap=381.5s best_lap=374.9
t=8731.2 route=5 laps=16 crashes=0 avg_out=295.7s avg_ret=257.5s avg_lap=565.2s best_lap=555.9
t=8731.2 route=6 laps=16 crashes=0 avg_out=178.9s avg_ret=159.4s avg_lap=350.3s best_lap=344.4
t=8731.2 route=7 laps=16 crashes=0 avg_out=198.1s avg_ret=158.0s avg_lap=368.1s best_lap=355.8
t=8731.2 route=8 laps=15 crashes=1 avg_out=185.3s avg_ret=187.1s avg_lap=384.3s best_lap=379.4
t=8731.2 TOTAL laps=126 crashes=2
t=8731.2 TUNER gen=2 results=0/64 pending=8 active=8 remaining=64 next_trial=137 rounds=[1,1,1,1,1,1,1,1]
t=8761.2 ==== SUMMARY t=8761.2 ====
t=8761.2 route=1 laps=15 crashes=1 avg_out=157.1s avg_ret=176.3s avg_lap=344.5s best_lap=339.8
t=8761.2 route=2 laps=16 crashes=0 avg_out=214.3s avg_ret=251.1s avg_lap=477.4s best_lap=454.8
t=8761.2 route=3 laps=16 crashes=0 avg_out=243.5s avg_ret=268.8s avg_lap=524.3s best_lap=508.2
t=8761.2 route=4 laps=16 crashes=0 avg_out=200.7s avg_ret=168.7s avg_lap=381.5s best_lap=374.9
t=8761.2 route=5 laps=16 crashes=0 avg_out=295.7s avg_ret=257.5s avg_lap=565.2s best_lap=555.9
t=8761.2 route=6 laps=16 crashes=0 avg_out=178.9s avg_ret=159.4s avg_lap=350.3s best_lap=344.4
t=8761.2 route=7 laps=16 crashes=0 avg_out=198.1s avg_ret=158.0s avg_lap=368.1s best_lap=355.8
t=8761.2 route=8 laps=15 crashes=1 avg_out=185.3s avg_ret=187.1s avg_lap=384.3s best_lap=379.4
t=8761.2 TOTAL laps=126 crashes=2
t=8761.2 TUNER gen=2 results=0/64 pending=8 active=8 remaining=64 next_trial=137 rounds=[1,1,1,1,1,1,1,1]
t=8784.6 LZ_REACHED craft=Aircraft_9_nav_r2_131 route=2 outbound=214.2s t=8784.6
t=8791.2 ==== SUMMARY t=8791.2 ====
t=8791.2 route=1 laps=15 crashes=1 avg_out=157.1s avg_ret=176.3s avg_lap=344.5s best_lap=339.8
t=8791.2 route=2 laps=16 crashes=0 avg_out=214.3s avg_ret=251.1s avg_lap=477.4s best_lap=454.8
t=8791.2 route=3 laps=16 crashes=0 avg_out=243.5s avg_ret=268.8s avg_lap=524.3s best_lap=508.2
t=8791.2 route=4 laps=16 crashes=0 avg_out=200.7s avg_ret=168.7s avg_lap=381.5s best_lap=374.9
t=8791.2 route=5 laps=16 crashes=0 avg_out=295.7s avg_ret=257.5s avg_lap=565.2s best_lap=555.9
t=8791.2 route=6 laps=16 crashes=0 avg_out=178.9s avg_ret=159.4s avg_lap=350.3s best_lap=344.4
t=8791.2 route=7 laps=16 crashes=0 avg_out=198.1s avg_ret=158.0s avg_lap=368.1s best_lap=355.8
t=8791.2 route=8 laps=15 crashes=1 avg_out=185.3s avg_ret=187.1s avg_lap=384.3s best_lap=379.4
t=8791.2 TOTAL laps=126 crashes=2
t=8791.2 TUNER gen=2 results=0/64 pending=8 active=8 remaining=64 next_trial=137 rounds=[1,1,1,1,1,1,1,1]
t=8809.0 LZ_REACHED craft=Aircraft_9_nav_r6_134 route=6 outbound=178.5s t=8809.0
t=8821.2 ==== SUMMARY t=8821.2 ====
t=8821.2 route=1 laps=15 crashes=1 avg_out=157.1s avg_ret=176.3s avg_lap=344.5s best_lap=339.8
t=8821.2 route=2 laps=16 crashes=0 avg_out=214.3s avg_ret=251.1s avg_lap=477.4s best_lap=454.8
t=8821.2 route=3 laps=16 crashes=0 avg_out=243.5s avg_ret=268.8s avg_lap=524.3s best_lap=508.2
t=8821.2 route=4 laps=16 crashes=0 avg_out=200.7s avg_ret=168.7s avg_lap=381.5s best_lap=374.9
t=8821.2 route=5 laps=16 crashes=0 avg_out=295.7s avg_ret=257.5s avg_lap=565.2s best_lap=555.9
t=8821.2 route=6 laps=16 crashes=0 avg_out=178.9s avg_ret=159.4s avg_lap=350.3s best_lap=344.4
t=8821.2 route=7 laps=16 crashes=0 avg_out=198.1s avg_ret=158.0s avg_lap=368.1s best_lap=355.8
t=8821.2 route=8 laps=15 crashes=1 avg_out=185.3s avg_ret=187.1s avg_lap=384.3s best_lap=379.4
t=8821.3 TOTAL laps=126 crashes=2
t=8821.3 TUNER gen=2 results=0/64 pending=8 active=8 remaining=64 next_trial=137 rounds=[1,1,1,1,1,1,1,1]
t=8837.4 LZ_REACHED craft=Aircraft_9_nav_r3_132 route=3 outbound=247.0s t=8837.4
t=8851.2 ==== SUMMARY t=8851.2 ====
t=8851.2 route=1 laps=15 crashes=1 avg_out=157.1s avg_ret=176.3s avg_lap=344.5s best_lap=339.8
t=8851.2 route=2 laps=16 crashes=0 avg_out=214.3s avg_ret=251.1s avg_lap=477.4s best_lap=454.8
t=8851.2 route=3 laps=16 crashes=0 avg_out=243.7s avg_ret=268.8s avg_lap=524.3s best_lap=508.2
t=8851.2 route=4 laps=16 crashes=0 avg_out=200.7s avg_ret=168.7s avg_lap=381.5s best_lap=374.9
t=8851.2 route=5 laps=16 crashes=0 avg_out=295.7s avg_ret=257.5s avg_lap=565.2s best_lap=555.9
t=8851.3 route=6 laps=16 crashes=0 avg_out=178.9s avg_ret=159.4s avg_lap=350.3s best_lap=344.4
t=8851.3 route=7 laps=16 crashes=0 avg_out=198.1s avg_ret=158.0s avg_lap=368.1s best_lap=355.8
t=8851.3 route=8 laps=15 crashes=1 avg_out=185.3s avg_ret=187.1s avg_lap=384.3s best_lap=379.4
t=8851.3 TOTAL laps=126 crashes=2
t=8851.3 TUNER gen=2 results=0/64 pending=8 active=8 remaining=64 next_trial=137 rounds=[1,1,1,1,1,1,1,1]
t=8851.8 LZ_REACHED craft=Aircraft_9_nav_r7_135 route=7 outbound=201.1s t=8851.8
t=8856.4 LZ_REACHED craft=Aircraft_9_nav_r8_136 route=8 outbound=185.6s t=8856.4
t=8881.3 ==== SUMMARY t=8881.3 ====
t=8881.3 route=1 laps=15 crashes=1 avg_out=157.1s avg_ret=176.3s avg_lap=344.5s best_lap=339.8
t=8881.3 route=2 laps=16 crashes=0 avg_out=214.3s avg_ret=251.1s avg_lap=477.4s best_lap=454.8
t=8881.3 route=3 laps=16 crashes=0 avg_out=243.7s avg_ret=268.8s avg_lap=524.3s best_lap=508.2
t=8881.3 route=4 laps=16 crashes=0 avg_out=200.7s avg_ret=168.7s avg_lap=381.5s best_lap=374.9
t=8881.3 route=5 laps=16 crashes=0 avg_out=295.7s avg_ret=257.5s avg_lap=565.2s best_lap=555.9
t=8881.3 route=6 laps=16 crashes=0 avg_out=178.9s avg_ret=159.4s avg_lap=350.3s best_lap=344.4
t=8881.3 route=7 laps=16 crashes=0 avg_out=198.2s avg_ret=158.0s avg_lap=368.1s best_lap=355.8
t=8881.3 route=8 laps=15 crashes=1 avg_out=185.3s avg_ret=187.1s avg_lap=384.3s best_lap=379.4
t=8881.3 TOTAL laps=126 crashes=2
t=8881.4 TUNER gen=2 results=0/64 pending=8 active=8 remaining=64 next_trial=137 rounds=[1,1,1,1,1,1,1,1]
t=8895.0 LAP_CAPTURE craft=Aircraft_9_nav_r1_130 route=1 return=173.8s lap=344.7s carrier_dist=200m t=8895.0
t=8896.5 LZ_REACHED craft=Aircraft_9_nav_r5_133 route=5 outbound=286.0s t=8896.5
t=8911.4 ==== SUMMARY t=8911.4 ====
t=8911.4 route=1 laps=16 crashes=1 avg_out=157.1s avg_ret=176.1s avg_lap=344.5s best_lap=339.8
t=8911.4 route=2 laps=16 crashes=0 avg_out=214.3s avg_ret=251.1s avg_lap=477.4s best_lap=454.8
t=8911.4 route=3 laps=16 crashes=0 avg_out=243.7s avg_ret=268.8s avg_lap=524.3s best_lap=508.2
t=8911.4 route=4 laps=16 crashes=0 avg_out=200.7s avg_ret=168.7s avg_lap=381.5s best_lap=374.9
t=8911.4 route=5 laps=16 crashes=0 avg_out=295.1s avg_ret=257.5s avg_lap=565.2s best_lap=555.9
t=8911.4 route=6 laps=16 crashes=0 avg_out=178.9s avg_ret=159.4s avg_lap=350.3s best_lap=344.4
t=8911.4 route=7 laps=16 crashes=0 avg_out=198.2s avg_ret=158.0s avg_lap=368.1s best_lap=355.8
t=8911.5 route=8 laps=15 crashes=1 avg_out=185.3s avg_ret=187.1s avg_lap=384.3s best_lap=379.4
t=8911.5 TOTAL laps=127 crashes=2
t=8911.5 TUNER gen=2 results=1/64 pending=8 active=8 remaining=63 next_trial=138 rounds=[2,1,1,1,1,1,1,1]
t=8911.8 LAP_CAPTURE craft=Aircraft_9_nav_r4_129 route=4 return=168.8s lap=381.6s carrier_dist=200m t=8911.8
t=8911.9 SPAWN craft=Aircraft_9_nav_r1_137 route=1 candidate=2 trial=137 t=8911.9
t=8931.8 SPAWN craft=Aircraft_9_nav_r4_138 route=4 candidate=5 trial=138 t=8931.8
t=8941.5 ==== SUMMARY t=8941.4 ====
t=8941.5 route=1 laps=16 crashes=1 avg_out=157.1s avg_ret=176.1s avg_lap=344.5s best_lap=339.8
t=8941.5 route=2 laps=16 crashes=0 avg_out=214.3s avg_ret=251.1s avg_lap=477.4s best_lap=454.8
t=8941.5 route=3 laps=16 crashes=0 avg_out=243.7s avg_ret=268.8s avg_lap=524.3s best_lap=508.2
t=8941.5 route=4 laps=17 crashes=0 avg_out=200.7s avg_ret=168.8s avg_lap=381.5s best_lap=374.9
t=8941.5 route=5 laps=16 crashes=0 avg_out=295.1s avg_ret=257.5s avg_lap=565.2s best_lap=555.9
t=8941.5 route=6 laps=16 crashes=0 avg_out=178.9s avg_ret=159.4s avg_lap=350.3s best_lap=344.4
t=8941.5 route=7 laps=16 crashes=0 avg_out=198.2s avg_ret=158.0s avg_lap=368.1s best_lap=355.8
t=8941.5 route=8 laps=15 crashes=1 avg_out=185.3s avg_ret=187.1s avg_lap=384.3s best_lap=379.4
t=8941.5 TOTAL laps=128 crashes=2
t=8941.5 TUNER gen=2 results=2/64 pending=8 active=8 remaining=62 next_trial=139 rounds=[2,1,1,2,1,1,1,1]
t=8971.5 ==== SUMMARY t=8971.5 ====
t=8971.5 route=1 laps=16 crashes=1 avg_out=157.1s avg_ret=176.1s avg_lap=344.5s best_lap=339.8
t=8971.5 route=2 laps=16 crashes=0 avg_out=214.3s avg_ret=251.1s avg_lap=477.4s best_lap=454.8
t=8971.5 route=3 laps=16 crashes=0 avg_out=243.7s avg_ret=268.8s avg_lap=524.3s best_lap=508.2
t=8971.5 route=4 laps=17 crashes=0 avg_out=200.7s avg_ret=168.8s avg_lap=381.5s best_lap=374.9
t=8971.5 route=5 laps=16 crashes=0 avg_out=295.1s avg_ret=257.5s avg_lap=565.2s best_lap=555.9
t=8971.5 route=6 laps=16 crashes=0 avg_out=178.9s avg_ret=159.4s avg_lap=350.3s best_lap=344.4
t=8971.5 route=7 laps=16 crashes=0 avg_out=198.2s avg_ret=158.0s avg_lap=368.1s best_lap=355.8
t=8971.5 route=8 laps=15 crashes=1 avg_out=185.3s avg_ret=187.1s avg_lap=384.3s best_lap=379.4
t=8971.5 TOTAL laps=128 crashes=2
t=8971.5 TUNER gen=2 results=2/64 pending=8 active=8 remaining=62 next_trial=139 rounds=[2,1,1,2,1,1,1,1]
t=8981.0 LAP_CAPTURE craft=Aircraft_9_nav_r6_134 route=6 return=159.9s lap=350.4s carrier_dist=200m t=8981.0
t=8997.2 SPAWN craft=Aircraft_9_nav_r6_139 route=6 candidate=7 trial=139 t=8997.2
t=9001.6 ==== SUMMARY t=9001.6 ====
t=9001.6 route=1 laps=16 crashes=1 avg_out=157.1s avg_ret=176.1s avg_lap=344.5s best_lap=339.8
t=9001.6 route=2 laps=16 crashes=0 avg_out=214.3s avg_ret=251.1s avg_lap=477.4s best_lap=454.8
t=9001.6 route=3 laps=16 crashes=0 avg_out=243.7s avg_ret=268.8s avg_lap=524.3s best_lap=508.2
t=9001.6 route=4 laps=17 crashes=0 avg_out=200.7s avg_ret=168.8s avg_lap=381.5s best_lap=374.9
t=9001.6 route=5 laps=16 crashes=0 avg_out=295.1s avg_ret=257.5s avg_lap=565.2s best_lap=555.9
t=9001.6 route=6 laps=17 crashes=0 avg_out=178.9s avg_ret=159.4s avg_lap=350.3s best_lap=344.4
t=9001.6 route=7 laps=16 crashes=0 avg_out=198.2s avg_ret=158.0s avg_lap=368.1s best_lap=355.8
t=9001.6 route=8 laps=15 crashes=1 avg_out=185.3s avg_ret=187.1s avg_lap=384.3s best_lap=379.4
t=9001.6 TOTAL laps=129 crashes=2
t=9001.6 TUNER gen=2 results=3/64 pending=8 active=8 remaining=61 next_trial=140 rounds=[2,1,1,2,1,2,1,1]
t=9022.7 LAP_CAPTURE craft=Aircraft_9_nav_r7_135 route=7 return=159.0s lap=372.0s carrier_dist=200m t=9022.7
t=9031.6 ==== SUMMARY t=9031.6 ====
t=9031.6 route=1 laps=16 crashes=1 avg_out=157.1s avg_ret=176.1s avg_lap=344.5s best_lap=339.8
t=9031.6 route=2 laps=16 crashes=0 avg_out=214.3s avg_ret=251.1s avg_lap=477.4s best_lap=454.8
t=9031.6 route=3 laps=16 crashes=0 avg_out=243.7s avg_ret=268.8s avg_lap=524.3s best_lap=508.2
t=9031.6 route=4 laps=17 crashes=0 avg_out=200.7s avg_ret=168.8s avg_lap=381.5s best_lap=374.9
t=9031.6 route=5 laps=16 crashes=0 avg_out=295.1s avg_ret=257.5s avg_lap=565.2s best_lap=555.9
t=9031.6 route=6 laps=17 crashes=0 avg_out=178.9s avg_ret=159.4s avg_lap=350.3s best_lap=344.4
t=9031.6 route=7 laps=17 crashes=0 avg_out=198.2s avg_ret=158.1s avg_lap=368.3s best_lap=355.8
t=9031.6 route=8 laps=15 crashes=1 avg_out=185.3s avg_ret=187.1s avg_lap=384.3s best_lap=379.4
t=9031.6 TOTAL laps=130 crashes=2
t=9031.6 TUNER gen=2 results=4/64 pending=7 active=7 remaining=60 next_trial=140 rounds=[2,1,1,2,1,2,1,1]
t=9042.4 SPAWN craft=Aircraft_9_nav_r7_140 route=7 candidate=8 trial=140 t=9042.4
t=9049.6 LAP_CAPTURE craft=Aircraft_9_nav_r2_131 route=2 return=253.0s lap=479.2s carrier_dist=200m t=9049.6
t=9056.6 LAUNCH_BLOCKED reason=landing_or_storage_busy active=7 stored=1 no_active_s=0.0 state=IDLE tractor_cleanup=false elevator_transfer=false deck=Aircraft_9_nav_r7_140 pending=none clearance=Aircraft_9_nav_r8_136 queue=1
t=9058.0 LAP_CAPTURE craft=Aircraft_9_nav_r8_136 route=8 return=189.6s lap=387.2s carrier_dist=200m t=9058.0
t=9061.6 ==== SUMMARY t=9061.6 ====
t=9061.6 route=1 laps=16 crashes=1 avg_out=157.1s avg_ret=176.1s avg_lap=344.5s best_lap=339.8
t=9061.6 route=2 laps=17 crashes=0 avg_out=214.3s avg_ret=251.2s avg_lap=477.5s best_lap=454.8
t=9061.6 route=3 laps=16 crashes=0 avg_out=243.7s avg_ret=268.8s avg_lap=524.3s best_lap=508.2
t=9061.6 route=4 laps=17 crashes=0 avg_out=200.7s avg_ret=168.8s avg_lap=381.5s best_lap=374.9
t=9061.6 route=5 laps=16 crashes=0 avg_out=295.1s avg_ret=257.5s avg_lap=565.2s best_lap=555.9
t=9061.7 route=6 laps=17 crashes=0 avg_out=178.9s avg_ret=159.4s avg_lap=350.3s best_lap=344.4
t=9061.7 route=7 laps=17 crashes=0 avg_out=198.2s avg_ret=158.1s avg_lap=368.3s best_lap=355.8
t=9061.7 route=8 laps=16 crashes=1 avg_out=185.3s avg_ret=187.3s avg_lap=384.5s best_lap=379.4
t=9061.7 TOTAL laps=132 crashes=2
t=9061.7 TUNER gen=2 results=6/64 pending=6 active=6 remaining=58 next_trial=141 rounds=[2,1,1,2,1,2,2,1]
t=9069.1 LZ_REACHED craft=Aircraft_9_nav_r1_137 route=1 outbound=157.3s t=9069.1
t=9071.7 LAUNCH_BLOCKED reason=deck_busy active=7 stored=1 no_active_s=0.0 state=AIRCRAFT_ON_DECK tractor_cleanup=false elevator_transfer=true deck=Aircraft_9_nav_r2_141 pending=none clearance=none queue=0
t=9077.6 SPAWN craft=Aircraft_9_nav_r2_141 route=2 candidate=3 trial=141 t=9077.6
t=9091.7 ==== SUMMARY t=9091.7 ====
t=9091.8 route=1 laps=16 crashes=1 avg_out=157.1s avg_ret=176.1s avg_lap=344.5s best_lap=339.8
t=9091.8 route=2 laps=17 crashes=0 avg_out=214.3s avg_ret=251.2s avg_lap=477.5s best_lap=454.8
t=9091.8 route=3 laps=16 crashes=0 avg_out=243.7s avg_ret=268.8s avg_lap=524.3s best_lap=508.2
t=9091.8 route=4 laps=17 crashes=0 avg_out=200.7s avg_ret=168.8s avg_lap=381.5s best_lap=374.9
t=9091.8 route=5 laps=16 crashes=0 avg_out=295.1s avg_ret=257.5s avg_lap=565.2s best_lap=555.9
t=9091.8 route=6 laps=17 crashes=0 avg_out=178.9s avg_ret=159.4s avg_lap=350.3s best_lap=344.4
t=9091.8 route=7 laps=17 crashes=0 avg_out=198.2s avg_ret=158.1s avg_lap=368.3s best_lap=355.8
t=9091.8 route=8 laps=16 crashes=1 avg_out=185.3s avg_ret=187.3s avg_lap=384.5s best_lap=379.4
t=9091.8 TOTAL laps=132 crashes=2
t=9091.8 TUNER gen=2 results=6/64 pending=8 active=8 remaining=58 next_trial=143 rounds=[2,2,1,2,1,2,2,2]
t=9097.6 SPAWN craft=Aircraft_9_nav_r8_142 route=8 candidate=1 trial=142 t=9097.6
t=9121.1 LAP_CAPTURE craft=Aircraft_9_nav_r3_132 route=3 return=271.6s lap=530.6s carrier_dist=200m t=9121.0
t=9121.8 ==== SUMMARY t=9121.8 ====
t=9121.8 route=1 laps=16 crashes=1 avg_out=157.1s avg_ret=176.1s avg_lap=344.5s best_lap=339.8
t=9121.8 route=2 laps=17 crashes=0 avg_out=214.3s avg_ret=251.2s avg_lap=477.5s best_lap=454.8
t=9121.8 route=3 laps=17 crashes=0 avg_out=243.7s avg_ret=268.9s avg_lap=524.7s best_lap=508.2
t=9121.8 route=4 laps=17 crashes=0 avg_out=200.7s avg_ret=168.8s avg_lap=381.5s best_lap=374.9
t=9121.8 route=5 laps=16 crashes=0 avg_out=295.1s avg_ret=257.5s avg_lap=565.2s best_lap=555.9
t=9121.8 route=6 laps=17 crashes=0 avg_out=178.9s avg_ret=159.4s avg_lap=350.3s best_lap=344.4
t=9121.8 route=7 laps=17 crashes=0 avg_out=198.2s avg_ret=158.1s avg_lap=368.3s best_lap=355.8
t=9121.8 route=8 laps=16 crashes=1 avg_out=185.3s avg_ret=187.3s avg_lap=384.5s best_lap=379.4
t=9121.8 TOTAL laps=133 crashes=2
t=9121.8 TUNER gen=2 results=7/64 pending=7 active=7 remaining=57 next_trial=143 rounds=[2,2,1,2,1,2,2,2]
t=9129.2 LZ_REACHED craft=Aircraft_9_nav_r4_138 route=4 outbound=197.4s t=9129.2
t=9137.8 SPAWN craft=Aircraft_9_nav_r3_143 route=3 candidate=4 trial=143 t=9137.8
t=9151.8 ==== SUMMARY t=9151.8 ====
t=9151.9 route=1 laps=16 crashes=1 avg_out=157.1s avg_ret=176.1s avg_lap=344.5s best_lap=339.8
t=9151.9 route=2 laps=17 crashes=0 avg_out=214.3s avg_ret=251.2s avg_lap=477.5s best_lap=454.8
t=9151.9 route=3 laps=17 crashes=0 avg_out=243.7s avg_ret=268.9s avg_lap=524.7s best_lap=508.2
t=9151.9 route=4 laps=17 crashes=0 avg_out=200.6s avg_ret=168.8s avg_lap=381.5s best_lap=374.9
t=9151.9 route=5 laps=16 crashes=0 avg_out=295.1s avg_ret=257.5s avg_lap=565.2s best_lap=555.9
t=9151.9 route=6 laps=17 crashes=0 avg_out=178.9s avg_ret=159.4s avg_lap=350.3s best_lap=344.4
t=9151.9 route=7 laps=17 crashes=0 avg_out=198.2s avg_ret=158.1s avg_lap=368.3s best_lap=355.8
t=9151.9 route=8 laps=16 crashes=1 avg_out=185.3s avg_ret=187.3s avg_lap=384.5s best_lap=379.4
t=9151.9 TOTAL laps=133 crashes=2
t=9151.9 TUNER gen=2 results=7/64 pending=8 active=8 remaining=57 next_trial=144 rounds=[2,2,2,2,1,2,2,2]
t=9165.4 LAP_CAPTURE craft=Aircraft_9_nav_r5_133 route=5 return=256.9s lap=554.8s carrier_dist=200m t=9165.4
t=9176.2 LZ_REACHED craft=Aircraft_9_nav_r6_139 route=6 outbound=179.0s t=9176.2
t=9182.0 ==== SUMMARY t=9182.0 ====
t=9182.0 route=1 laps=16 crashes=1 avg_out=157.1s avg_ret=176.1s avg_lap=344.5s best_lap=339.8
t=9182.0 route=2 laps=17 crashes=0 avg_out=214.3s avg_ret=251.2s avg_lap=477.5s best_lap=454.8
t=9182.0 route=3 laps=17 crashes=0 avg_out=243.7s avg_ret=268.9s avg_lap=524.7s best_lap=508.2
t=9182.0 route=4 laps=17 crashes=0 avg_out=200.6s avg_ret=168.8s avg_lap=381.5s best_lap=374.9
t=9182.0 route=5 laps=17 crashes=0 avg_out=295.1s avg_ret=257.5s avg_lap=564.6s best_lap=554.8
t=9182.0 route=6 laps=17 crashes=0 avg_out=178.9s avg_ret=159.4s avg_lap=350.3s best_lap=344.4
t=9182.0 route=7 laps=17 crashes=0 avg_out=198.2s avg_ret=158.1s avg_lap=368.3s best_lap=355.8
t=9182.0 route=8 laps=16 crashes=1 avg_out=185.3s avg_ret=187.3s avg_lap=384.5s best_lap=379.4
t=9182.0 TOTAL laps=134 crashes=2
t=9182.0 TUNER gen=2 results=8/64 pending=8 active=8 remaining=56 next_trial=145 rounds=[2,2,2,2,2,2,2,2]
t=9183.1 SPAWN craft=Aircraft_9_nav_r5_144 route=5 candidate=6 trial=144 t=9183.1
t=9212.0 ==== SUMMARY t=9212.0 ====
t=9212.0 route=1 laps=16 crashes=1 avg_out=157.1s avg_ret=176.1s avg_lap=344.5s best_lap=339.8
t=9212.0 route=2 laps=17 crashes=0 avg_out=214.3s avg_ret=251.2s avg_lap=477.5s best_lap=454.8
t=9212.0 route=3 laps=17 crashes=0 avg_out=243.7s avg_ret=268.9s avg_lap=524.7s best_lap=508.2
t=9212.1 route=4 laps=17 crashes=0 avg_out=200.6s avg_ret=168.8s avg_lap=381.5s best_lap=374.9
t=9212.1 route=5 laps=17 crashes=0 avg_out=295.1s avg_ret=257.5s avg_lap=564.6s best_lap=554.8
t=9212.1 route=6 laps=17 crashes=0 avg_out=178.9s avg_ret=159.4s avg_lap=350.3s best_lap=344.4
t=9212.1 route=7 laps=17 crashes=0 avg_out=198.2s avg_ret=158.1s avg_lap=368.3s best_lap=355.8
t=9212.1 route=8 laps=16 crashes=1 avg_out=185.3s avg_ret=187.3s avg_lap=384.5s best_lap=379.4
t=9212.1 TOTAL laps=134 crashes=2
t=9212.1 TUNER gen=2 results=8/64 pending=8 active=8 remaining=56 next_trial=145 rounds=[2,2,2,2,2,2,2,2]
t=9239.9 LZ_REACHED craft=Aircraft_9_nav_r7_140 route=7 outbound=197.6s t=9239.9
t=9242.0 ==== SUMMARY t=9242.0 ====
t=9242.0 route=1 laps=16 crashes=1 avg_out=157.1s avg_ret=176.1s avg_lap=344.5s best_lap=339.8
t=9242.0 route=2 laps=17 crashes=0 avg_out=214.3s avg_ret=251.2s avg_lap=477.5s best_lap=454.8
t=9242.1 route=3 laps=17 crashes=0 avg_out=243.7s avg_ret=268.9s avg_lap=524.7s best_lap=508.2
t=9242.1 route=4 laps=17 crashes=0 avg_out=200.6s avg_ret=168.8s avg_lap=381.5s best_lap=374.9
t=9242.1 route=5 laps=17 crashes=0 avg_out=295.1s avg_ret=257.5s avg_lap=564.6s best_lap=554.8
t=9242.1 route=6 laps=17 crashes=0 avg_out=178.9s avg_ret=159.4s avg_lap=350.3s best_lap=344.4
t=9242.1 route=7 laps=17 crashes=0 avg_out=198.2s avg_ret=158.1s avg_lap=368.3s best_lap=355.8
t=9242.1 route=8 laps=16 crashes=1 avg_out=185.3s avg_ret=187.3s avg_lap=384.5s best_lap=379.4
t=9242.1 TOTAL laps=134 crashes=2
t=9242.1 TUNER gen=2 results=8/64 pending=8 active=8 remaining=56 next_trial=145 rounds=[2,2,2,2,2,2,2,2]
t=9257.1 LAP_CAPTURE craft=Aircraft_9_nav_r1_137 route=1 return=176.0s lap=345.3s carrier_dist=200m t=9257.1
t=9272.1 ==== SUMMARY t=9272.1 ====
t=9272.1 route=1 laps=17 crashes=1 avg_out=157.1s avg_ret=176.1s avg_lap=344.6s best_lap=339.8
t=9272.1 route=2 laps=17 crashes=0 avg_out=214.3s avg_ret=251.2s avg_lap=477.5s best_lap=454.8
t=9272.1 route=3 laps=17 crashes=0 avg_out=243.7s avg_ret=268.9s avg_lap=524.7s best_lap=508.2
t=9272.1 route=4 laps=17 crashes=0 avg_out=200.6s avg_ret=168.8s avg_lap=381.5s best_lap=374.9
t=9272.1 route=5 laps=17 crashes=0 avg_out=295.1s avg_ret=257.5s avg_lap=564.6s best_lap=554.8
t=9272.1 route=6 laps=17 crashes=0 avg_out=178.9s avg_ret=159.4s avg_lap=350.3s best_lap=344.4
t=9272.1 route=7 laps=17 crashes=0 avg_out=198.2s avg_ret=158.1s avg_lap=368.3s best_lap=355.8
t=9272.1 route=8 laps=16 crashes=1 avg_out=185.3s avg_ret=187.3s avg_lap=384.5s best_lap=379.4
t=9272.1 TOTAL laps=135 crashes=2
t=9272.1 TUNER gen=2 results=9/64 pending=8 active=8 remaining=55 next_trial=146 rounds=[3,2,2,2,2,2,2,2]
t=9273.5 SPAWN craft=Aircraft_9_nav_r1_145 route=1 candidate=3 trial=145 t=9273.5
t=9284.0 LZ_REACHED craft=Aircraft_9_nav_r8_142 route=8 outbound=186.4s t=9284.0
t=9293.1 LZ_REACHED craft=Aircraft_9_nav_r2_141 route=2 outbound=215.5s t=9293.1
t=9302.1 ==== SUMMARY t=9302.1 ====
t=9302.1 route=1 laps=17 crashes=1 avg_out=157.1s avg_ret=176.1s avg_lap=344.6s best_lap=339.8
t=9302.1 route=2 laps=17 crashes=0 avg_out=214.4s avg_ret=251.2s avg_lap=477.5s best_lap=454.8
t=9302.1 route=3 laps=17 crashes=0 avg_out=243.7s avg_ret=268.9s avg_lap=524.7s best_lap=508.2
t=9302.1 route=4 laps=17 crashes=0 avg_out=200.6s avg_ret=168.8s avg_lap=381.5s best_lap=374.9
t=9302.1 route=5 laps=17 crashes=0 avg_out=295.1s avg_ret=257.5s avg_lap=564.6s best_lap=554.8
t=9302.1 route=6 laps=17 crashes=0 avg_out=178.9s avg_ret=159.4s avg_lap=350.3s best_lap=344.4
t=9302.1 route=7 laps=17 crashes=0 avg_out=198.2s avg_ret=158.1s avg_lap=368.3s best_lap=355.8
t=9302.1 route=8 laps=16 crashes=1 avg_out=185.4s avg_ret=187.3s avg_lap=384.5s best_lap=379.4
t=9302.1 TOTAL laps=135 crashes=2
t=9302.1 TUNER gen=2 results=9/64 pending=8 active=8 remaining=55 next_trial=146 rounds=[3,2,2,2,2,2,2,2]
t=9310.1 LAP_CAPTURE craft=Aircraft_9_nav_r4_138 route=4 return=168.8s lap=378.3s carrier_dist=200m t=9310.1
t=9328.7 SPAWN craft=Aircraft_9_nav_r4_146 route=4 candidate=6 trial=146 t=9328.7
t=9332.2 ==== SUMMARY t=9332.2 ====
t=9332.2 route=1 laps=17 crashes=1 avg_out=157.1s avg_ret=176.1s avg_lap=344.6s best_lap=339.8
t=9332.2 route=2 laps=17 crashes=0 avg_out=214.4s avg_ret=251.2s avg_lap=477.5s best_lap=454.8
t=9332.2 route=3 laps=17 crashes=0 avg_out=243.7s avg_ret=268.9s avg_lap=524.7s best_lap=508.2
t=9332.2 route=4 laps=18 crashes=0 avg_out=200.6s avg_ret=168.8s avg_lap=381.3s best_lap=374.9
t=9332.2 route=5 laps=17 crashes=0 avg_out=295.1s avg_ret=257.5s avg_lap=564.6s best_lap=554.8
t=9332.2 route=6 laps=17 crashes=0 avg_out=178.9s avg_ret=159.4s avg_lap=350.3s best_lap=344.4
t=9332.2 route=7 laps=17 crashes=0 avg_out=198.2s avg_ret=158.1s avg_lap=368.3s best_lap=355.8
t=9332.2 route=8 laps=16 crashes=1 avg_out=185.4s avg_ret=187.3s avg_lap=384.5s best_lap=379.4
t=9332.2 TOTAL laps=136 crashes=2
t=9332.2 TUNER gen=2 results=10/64 pending=8 active=8 remaining=54 next_trial=147 rounds=[3,2,2,3,2,2,2,2]
t=9349.0 LAP_CAPTURE craft=Aircraft_9_nav_r6_139 route=6 return=160.7s lap=351.8s carrier_dist=200m t=9349.0
t=9362.2 ==== SUMMARY t=9362.2 ====
t=9362.2 route=1 laps=17 crashes=1 avg_out=157.1s avg_ret=176.1s avg_lap=344.6s best_lap=339.8
t=9362.2 route=2 laps=17 crashes=0 avg_out=214.4s avg_ret=251.2s avg_lap=477.5s best_lap=454.8
t=9362.2 route=3 laps=17 crashes=0 avg_out=243.7s avg_ret=268.9s avg_lap=524.7s best_lap=508.2
t=9362.2 route=4 laps=18 crashes=0 avg_out=200.6s avg_ret=168.8s avg_lap=381.3s best_lap=374.9
t=9362.3 route=5 laps=17 crashes=0 avg_out=295.1s avg_ret=257.5s avg_lap=564.6s best_lap=554.8
t=9362.3 route=6 laps=18 crashes=0 avg_out=178.9s avg_ret=159.5s avg_lap=350.4s best_lap=344.4
t=9362.3 route=7 laps=17 crashes=0 avg_out=198.2s avg_ret=158.1s avg_lap=368.3s best_lap=355.8
t=9362.3 route=8 laps=16 crashes=1 avg_out=185.4s avg_ret=187.3s avg_lap=384.5s best_lap=379.4
t=9362.3 TOTAL laps=137 crashes=2
t=9362.3 TUNER gen=2 results=11/64 pending=8 active=8 remaining=53 next_trial=148 rounds=[3,2,2,3,2,3,2,2]
t=9368.9 SPAWN craft=Aircraft_9_nav_r6_147 route=6 candidate=8 trial=147 t=9368.9
t=9382.9 LZ_REACHED craft=Aircraft_9_nav_r3_143 route=3 outbound=245.0s t=9382.9
t=9392.3 ==== SUMMARY t=9392.3 ====
t=9392.3 route=1 laps=17 crashes=1 avg_out=157.1s avg_ret=176.1s avg_lap=344.6s best_lap=339.8
t=9392.3 route=2 laps=17 crashes=0 avg_out=214.4s avg_ret=251.2s avg_lap=477.5s best_lap=454.8
t=9392.3 route=3 laps=17 crashes=0 avg_out=243.8s avg_ret=268.9s avg_lap=524.7s best_lap=508.2
t=9392.3 route=4 laps=18 crashes=0 avg_out=200.6s avg_ret=168.8s avg_lap=381.3s best_lap=374.9
t=9392.3 route=5 laps=17 crashes=0 avg_out=295.1s avg_ret=257.5s avg_lap=564.6s best_lap=554.8
t=9392.3 route=6 laps=18 crashes=0 avg_out=178.9s avg_ret=159.5s avg_lap=350.4s best_lap=344.4
t=9392.3 route=7 laps=17 crashes=0 avg_out=198.2s avg_ret=158.1s avg_lap=368.3s best_lap=355.8
t=9392.3 route=8 laps=16 crashes=1 avg_out=185.4s avg_ret=187.3s avg_lap=384.5s best_lap=379.4
t=9392.3 TOTAL laps=137 crashes=2
t=9392.3 TUNER gen=2 results=11/64 pending=8 active=8 remaining=53 next_trial=148 rounds=[3,2,2,3,2,3,2,2]
t=9409.6 LAP_CAPTURE craft=Aircraft_9_nav_r7_140 route=7 return=157.6s lap=367.2s carrier_dist=200m t=9409.6
t=9422.3 ==== SUMMARY t=9422.3 ====
t=9422.3 route=1 laps=17 crashes=1 avg_out=157.1s avg_ret=176.1s avg_lap=344.6s best_lap=339.8
t=9422.3 route=2 laps=17 crashes=0 avg_out=214.4s avg_ret=251.2s avg_lap=477.5s best_lap=454.8
t=9422.3 route=3 laps=17 crashes=0 avg_out=243.8s avg_ret=268.9s avg_lap=524.7s best_lap=508.2
t=9422.3 route=4 laps=18 crashes=0 avg_out=200.6s avg_ret=168.8s avg_lap=381.3s best_lap=374.9
t=9422.3 route=5 laps=17 crashes=0 avg_out=295.1s avg_ret=257.5s avg_lap=564.6s best_lap=554.8
t=9422.3 route=6 laps=18 crashes=0 avg_out=178.9s avg_ret=159.5s avg_lap=350.4s best_lap=344.4
t=9422.3 route=7 laps=18 crashes=0 avg_out=198.2s avg_ret=158.1s avg_lap=368.3s best_lap=355.8
t=9422.3 route=8 laps=16 crashes=1 avg_out=185.4s avg_ret=187.3s avg_lap=384.5s best_lap=379.4
t=9422.3 TOTAL laps=138 crashes=2
t=9422.3 TUNER gen=2 results=12/64 pending=8 active=8 remaining=52 next_trial=149 rounds=[3,2,2,3,2,3,3,2]
t=9429.1 SPAWN craft=Aircraft_9_nav_r7_148 route=7 candidate=1 trial=148 t=9429.1
t=9430.3 LZ_REACHED craft=Aircraft_9_nav_r1_145 route=1 outbound=156.8s t=9430.3
t=9452.4 ==== SUMMARY t=9452.4 ====
t=9452.4 route=1 laps=17 crashes=1 avg_out=157.1s avg_ret=176.1s avg_lap=344.6s best_lap=339.8
t=9452.4 route=2 laps=17 crashes=0 avg_out=214.4s avg_ret=251.2s avg_lap=477.5s best_lap=454.8
t=9452.4 route=3 laps=17 crashes=0 avg_out=243.8s avg_ret=268.9s avg_lap=524.7s best_lap=508.2
t=9452.4 route=4 laps=18 crashes=0 avg_out=200.6s avg_ret=168.8s avg_lap=381.3s best_lap=374.9
t=9452.4 route=5 laps=17 crashes=0 avg_out=295.1s avg_ret=257.5s avg_lap=564.6s best_lap=554.8
t=9452.4 route=6 laps=18 crashes=0 avg_out=178.9s avg_ret=159.5s avg_lap=350.4s best_lap=344.4
t=9452.4 route=7 laps=18 crashes=0 avg_out=198.2s avg_ret=158.1s avg_lap=368.3s best_lap=355.8
t=9452.4 route=8 laps=16 crashes=1 avg_out=185.4s avg_ret=187.3s avg_lap=384.5s best_lap=379.4
t=9452.4 TOTAL laps=138 crashes=2
t=9452.4 TUNER gen=2 results=12/64 pending=8 active=8 remaining=52 next_trial=149 rounds=[3,2,2,3,2,3,3,2]
t=9479.7 LZ_REACHED craft=Aircraft_9_nav_r5_144 route=5 outbound=296.6s t=9479.7
t=9481.0 LAP_CAPTURE craft=Aircraft_9_nav_r8_142 route=8 return=185.0s lap=383.4s carrier_dist=200m t=9481.0
t=9482.4 ==== SUMMARY t=9482.4 ====
t=9482.4 route=1 laps=17 crashes=1 avg_out=157.1s avg_ret=176.1s avg_lap=344.6s best_lap=339.8
t=9482.4 route=2 laps=17 crashes=0 avg_out=214.4s avg_ret=251.2s avg_lap=477.5s best_lap=454.8
t=9482.4 route=3 laps=17 crashes=0 avg_out=243.8s avg_ret=268.9s avg_lap=524.7s best_lap=508.2
t=9482.4 route=4 laps=18 crashes=0 avg_out=200.6s avg_ret=168.8s avg_lap=381.3s best_lap=374.9
t=9482.4 route=5 laps=17 crashes=0 avg_out=295.2s avg_ret=257.5s avg_lap=564.6s best_lap=554.8
t=9482.4 route=6 laps=18 crashes=0 avg_out=178.9s avg_ret=159.5s avg_lap=350.4s best_lap=344.4
t=9482.4 route=7 laps=18 crashes=0 avg_out=198.2s avg_ret=158.1s avg_lap=368.3s best_lap=355.8
t=9482.4 route=8 laps=17 crashes=1 avg_out=185.4s avg_ret=187.1s avg_lap=384.5s best_lap=379.4
t=9482.4 TOTAL laps=139 crashes=2
t=9482.4 TUNER gen=2 results=13/64 pending=7 active=7 remaining=51 next_trial=149 rounds=[3,2,2,3,2,3,3,2]
t=9499.5 SPAWN craft=Aircraft_9_nav_r8_149 route=8 candidate=2 trial=149 t=9499.5
t=9512.5 ==== SUMMARY t=9512.5 ====
t=9512.5 route=1 laps=17 crashes=1 avg_out=157.1s avg_ret=176.1s avg_lap=344.6s best_lap=339.8
t=9512.5 route=2 laps=17 crashes=0 avg_out=214.4s avg_ret=251.2s avg_lap=477.5s best_lap=454.8
t=9512.5 route=3 laps=17 crashes=0 avg_out=243.8s avg_ret=268.9s avg_lap=524.7s best_lap=508.2
t=9512.5 route=4 laps=18 crashes=0 avg_out=200.6s avg_ret=168.8s avg_lap=381.3s best_lap=374.9
t=9512.5 route=5 laps=17 crashes=0 avg_out=295.2s avg_ret=257.5s avg_lap=564.6s best_lap=554.8
t=9512.6 route=6 laps=18 crashes=0 avg_out=178.9s avg_ret=159.5s avg_lap=350.4s best_lap=344.4
t=9512.6 route=7 laps=18 crashes=0 avg_out=198.2s avg_ret=158.1s avg_lap=368.3s best_lap=355.8
t=9512.6 route=8 laps=17 crashes=1 avg_out=185.4s avg_ret=187.1s avg_lap=384.5s best_lap=379.4
t=9512.6 TOTAL laps=139 crashes=2
t=9512.6 TUNER gen=2 results=13/64 pending=8 active=8 remaining=51 next_trial=150 rounds=[3,2,2,3,2,3,3,3]
t=9528.2 LZ_REACHED craft=Aircraft_9_nav_r4_146 route=4 outbound=199.5s t=9528.2
t=9542.6 ==== SUMMARY t=9542.6 ====
t=9542.6 route=1 laps=17 crashes=1 avg_out=157.1s avg_ret=176.1s avg_lap=344.6s best_lap=339.8
t=9542.6 route=2 laps=17 crashes=0 avg_out=214.4s avg_ret=251.2s avg_lap=477.5s best_lap=454.8
t=9542.6 route=3 laps=17 crashes=0 avg_out=243.8s avg_ret=268.9s avg_lap=524.7s best_lap=508.2
t=9542.6 route=4 laps=18 crashes=0 avg_out=200.5s avg_ret=168.8s avg_lap=381.3s best_lap=374.9
t=9542.6 route=5 laps=17 crashes=0 avg_out=295.2s avg_ret=257.5s avg_lap=564.6s best_lap=554.8
t=9542.6 route=6 laps=18 crashes=0 avg_out=178.9s avg_ret=159.5s avg_lap=350.4s best_lap=344.4
t=9542.6 route=7 laps=18 crashes=0 avg_out=198.2s avg_ret=158.1s avg_lap=368.3s best_lap=355.8
t=9542.6 route=8 laps=17 crashes=1 avg_out=185.4s avg_ret=187.1s avg_lap=384.5s best_lap=379.4
t=9542.6 TOTAL laps=139 crashes=2
t=9542.6 TUNER gen=2 results=13/64 pending=8 active=8 remaining=51 next_trial=150 rounds=[3,2,2,3,2,3,3,3]
t=9546.1 LZ_REACHED craft=Aircraft_9_nav_r6_147 route=6 outbound=177.2s t=9546.1
t=9567.7 LAP_CAPTURE craft=Aircraft_9_nav_r2_141 route=2 return=262.5s lap=490.1s carrier_dist=200m t=9567.7
t=9572.6 ==== SUMMARY t=9572.6 ====
t=9572.6 route=1 laps=17 crashes=1 avg_out=157.1s avg_ret=176.1s avg_lap=344.6s best_lap=339.8
t=9572.6 route=2 laps=18 crashes=0 avg_out=214.4s avg_ret=251.9s avg_lap=478.2s best_lap=454.8
t=9572.6 route=3 laps=17 crashes=0 avg_out=243.8s avg_ret=268.9s avg_lap=524.7s best_lap=508.2
t=9572.6 route=4 laps=18 crashes=0 avg_out=200.5s avg_ret=168.8s avg_lap=381.3s best_lap=374.9
t=9572.6 route=5 laps=17 crashes=0 avg_out=295.2s avg_ret=257.5s avg_lap=564.6s best_lap=554.8
t=9572.6 route=6 laps=18 crashes=0 avg_out=178.8s avg_ret=159.5s avg_lap=350.4s best_lap=344.4
t=9572.6 route=7 laps=18 crashes=0 avg_out=198.2s avg_ret=158.1s avg_lap=368.3s best_lap=355.8
t=9572.6 route=8 laps=17 crashes=1 avg_out=185.4s avg_ret=187.1s avg_lap=384.5s best_lap=379.4
t=9572.7 TOTAL laps=140 crashes=2
t=9572.7 TUNER gen=2 results=14/64 pending=7 active=7 remaining=50 next_trial=150 rounds=[3,2,2,3,2,3,3,3]
t=9584.9 SPAWN craft=Aircraft_9_nav_r2_150 route=2 candidate=4 trial=150 t=9584.9
t=9602.6 ==== SUMMARY t=9602.6 ====
t=9602.6 route=1 laps=17 crashes=1 avg_out=157.1s avg_ret=176.1s avg_lap=344.6s best_lap=339.8
t=9602.7 route=2 laps=18 crashes=0 avg_out=214.4s avg_ret=251.9s avg_lap=478.2s best_lap=454.8
t=9602.7 route=3 laps=17 crashes=0 avg_out=243.8s avg_ret=268.9s avg_lap=524.7s best_lap=508.2
t=9602.7 route=4 laps=18 crashes=0 avg_out=200.5s avg_ret=168.8s avg_lap=381.3s best_lap=374.9
t=9602.7 route=5 laps=17 crashes=0 avg_out=295.2s avg_ret=257.5s avg_lap=564.6s best_lap=554.8
t=9602.7 route=6 laps=18 crashes=0 avg_out=178.8s avg_ret=159.5s avg_lap=350.4s best_lap=344.4
t=9602.7 route=7 laps=18 crashes=0 avg_out=198.2s avg_ret=158.1s avg_lap=368.3s best_lap=355.8
t=9602.7 route=8 laps=17 crashes=1 avg_out=185.4s avg_ret=187.1s avg_lap=384.5s best_lap=379.4
t=9602.7 TOTAL laps=140 crashes=2
t=9602.7 TUNER gen=2 results=14/64 pending=8 active=8 remaining=50 next_trial=151 rounds=[3,3,2,3,2,3,3,3]
t=9618.6 LAP_CAPTURE craft=Aircraft_9_nav_r1_145 route=1 return=176.3s lap=345.1s carrier_dist=200m t=9618.6
t=9627.5 LZ_REACHED craft=Aircraft_9_nav_r7_148 route=7 outbound=198.4s t=9627.5
t=9632.7 ==== SUMMARY t=9632.7 ====
t=9632.8 route=1 laps=18 crashes=1 avg_out=157.1s avg_ret=176.1s avg_lap=344.6s best_lap=339.8
t=9632.8 route=2 laps=18 crashes=0 avg_out=214.4s avg_ret=251.9s avg_lap=478.2s best_lap=454.8
t=9632.8 route=3 laps=17 crashes=0 avg_out=243.8s avg_ret=268.9s avg_lap=524.7s best_lap=508.2
t=9632.8 route=4 laps=18 crashes=0 avg_out=200.5s avg_ret=168.8s avg_lap=381.3s best_lap=374.9
t=9632.8 route=5 laps=17 crashes=0 avg_out=295.2s avg_ret=257.5s avg_lap=564.6s best_lap=554.8
t=9632.8 route=6 laps=18 crashes=0 avg_out=178.8s avg_ret=159.5s avg_lap=350.4s best_lap=344.4
t=9632.8 route=7 laps=18 crashes=0 avg_out=198.2s avg_ret=158.1s avg_lap=368.3s best_lap=355.8
t=9632.8 route=8 laps=17 crashes=1 avg_out=185.4s avg_ret=187.1s avg_lap=384.5s best_lap=379.4
t=9632.8 TOTAL laps=141 crashes=2
t=9632.8 TUNER gen=2 results=15/64 pending=8 active=8 remaining=49 next_trial=152 rounds=[4,3,2,3,2,3,3,3]
t=9635.2 SPAWN craft=Aircraft_9_nav_r1_151 route=1 candidate=4 trial=151 t=9635.2
t=9662.7 ==== SUMMARY t=9662.7 ====
t=9662.7 route=1 laps=18 crashes=1 avg_out=157.1s avg_ret=176.1s avg_lap=344.6s best_lap=339.8
t=9662.8 route=2 laps=18 crashes=0 avg_out=214.4s avg_ret=251.9s avg_lap=478.2s best_lap=454.8
t=9662.8 route=3 laps=17 crashes=0 avg_out=243.8s avg_ret=268.9s avg_lap=524.7s best_lap=508.2
t=9662.8 route=4 laps=18 crashes=0 avg_out=200.5s avg_ret=168.8s avg_lap=381.3s best_lap=374.9
t=9662.8 route=5 laps=17 crashes=0 avg_out=295.2s avg_ret=257.5s avg_lap=564.6s best_lap=554.8
t=9662.8 route=6 laps=18 crashes=0 avg_out=178.8s avg_ret=159.5s avg_lap=350.4s best_lap=344.4
t=9662.8 route=7 laps=18 crashes=0 avg_out=198.2s avg_ret=158.1s avg_lap=368.3s best_lap=355.8
t=9662.8 route=8 laps=17 crashes=1 avg_out=185.4s avg_ret=187.1s avg_lap=384.5s best_lap=379.4
t=9662.8 TOTAL laps=141 crashes=2
t=9662.8 TUNER gen=2 results=15/64 pending=8 active=8 remaining=49 next_trial=152 rounds=[4,3,2,3,2,3,3,3]
t=9671.1 LAP_CAPTURE craft=Aircraft_9_nav_r3_143 route=3 return=276.3s lap=533.3s carrier_dist=200m t=9671.1
t=9685.1 LZ_REACHED craft=Aircraft_9_nav_r8_149 route=8 outbound=185.5s t=9685.1
t=9690.4 SPAWN craft=Aircraft_9_nav_r3_152 route=3 candidate=5 trial=152 t=9690.4
t=9692.9 ==== SUMMARY t=9692.9 ====
t=9692.9 route=1 laps=18 crashes=1 avg_out=157.1s avg_ret=176.1s avg_lap=344.6s best_lap=339.8
t=9692.9 route=2 laps=18 crashes=0 avg_out=214.4s avg_ret=251.9s avg_lap=478.2s best_lap=454.8
t=9692.9 route=3 laps=18 crashes=0 avg_out=243.8s avg_ret=269.3s avg_lap=525.1s best_lap=508.2
t=9692.9 route=4 laps=18 crashes=0 avg_out=200.5s avg_ret=168.8s avg_lap=381.3s best_lap=374.9
t=9692.9 route=5 laps=17 crashes=0 avg_out=295.2s avg_ret=257.5s avg_lap=564.6s best_lap=554.8
t=9692.9 route=6 laps=18 crashes=0 avg_out=178.8s avg_ret=159.5s avg_lap=350.4s best_lap=344.4
t=9692.9 route=7 laps=18 crashes=0 avg_out=198.2s avg_ret=158.1s avg_lap=368.3s best_lap=355.8
t=9692.9 route=8 laps=17 crashes=1 avg_out=185.4s avg_ret=187.1s avg_lap=384.5s best_lap=379.4
t=9692.9 TOTAL laps=142 crashes=2
t=9692.9 TUNER gen=2 results=16/64 pending=8 active=8 remaining=48 next_trial=153 rounds=[4,3,3,3,2,3,3,3]
t=9707.8 LAP_CAPTURE craft=Aircraft_9_nav_r4_146 route=4 return=167.7s lap=379.1s carrier_dist=200m t=9707.8
t=9716.4 LAP_CAPTURE craft=Aircraft_9_nav_r6_147 route=6 return=158.3s lap=347.5s carrier_dist=200m t=9716.4
t=9722.9 ==== SUMMARY t=9722.9 ====
t=9722.9 route=1 laps=18 crashes=1 avg_out=157.1s avg_ret=176.1s avg_lap=344.6s best_lap=339.8
t=9723.0 route=2 laps=18 crashes=0 avg_out=214.4s avg_ret=251.9s avg_lap=478.2s best_lap=454.8
t=9723.0 route=3 laps=18 crashes=0 avg_out=243.8s avg_ret=269.3s avg_lap=525.1s best_lap=508.2
t=9723.0 route=4 laps=19 crashes=0 avg_out=200.5s avg_ret=168.7s avg_lap=381.2s best_lap=374.9
t=9723.0 route=5 laps=17 crashes=0 avg_out=295.2s avg_ret=257.5s avg_lap=564.6s best_lap=554.8
t=9723.0 route=6 laps=19 crashes=0 avg_out=178.8s avg_ret=159.4s avg_lap=350.3s best_lap=344.4
t=9723.0 route=7 laps=18 crashes=0 avg_out=198.2s avg_ret=158.1s avg_lap=368.3s best_lap=355.8
t=9723.0 route=8 laps=17 crashes=1 avg_out=185.4s avg_ret=187.1s avg_lap=384.5s best_lap=379.4
t=9723.0 TOTAL laps=144 crashes=2
t=9723.0 TUNER gen=2 results=18/64 pending=7 active=7 remaining=46 next_trial=154 rounds=[4,3,3,4,2,3,3,3]
t=9724.8 LAUNCH_BLOCKED reason=deck_busy active=7 stored=1 no_active_s=0.0 state=AIRCRAFT_ON_DECK tractor_cleanup=false elevator_transfer=false deck=Aircraft_9_nav_r4_153 pending=none clearance=none queue=0
t=9725.6 SPAWN craft=Aircraft_9_nav_r4_153 route=4 candidate=7 trial=153 t=9725.6
t=9745.7 SPAWN craft=Aircraft_9_nav_r6_154 route=6 candidate=1 trial=154 t=9745.7
t=9749.1 LAP_CAPTURE craft=Aircraft_9_nav_r5_144 route=5 return=257.3s lap=566.0s carrier_dist=200m t=9749.1
t=9753.0 ==== SUMMARY t=9753.0 ====
t=9753.0 route=1 laps=18 crashes=1 avg_out=157.1s avg_ret=176.1s avg_lap=344.6s best_lap=339.8
t=9753.0 route=2 laps=18 crashes=0 avg_out=214.4s avg_ret=251.9s avg_lap=478.2s best_lap=454.8
t=9753.0 route=3 laps=18 crashes=0 avg_out=243.8s avg_ret=269.3s avg_lap=525.1s best_lap=508.2
t=9753.0 route=4 laps=19 crashes=0 avg_out=200.5s avg_ret=168.7s avg_lap=381.2s best_lap=374.9
t=9753.0 route=5 laps=18 crashes=0 avg_out=295.2s avg_ret=257.5s avg_lap=564.7s best_lap=554.8
t=9753.0 route=6 laps=19 crashes=0 avg_out=178.8s avg_ret=159.4s avg_lap=350.3s best_lap=344.4
t=9753.0 route=7 laps=18 crashes=0 avg_out=198.2s avg_ret=158.1s avg_lap=368.3s best_lap=355.8
t=9753.0 route=8 laps=17 crashes=1 avg_out=185.4s avg_ret=187.1s avg_lap=384.5s best_lap=379.4
t=9753.0 TOTAL laps=145 crashes=2
t=9753.0 TUNER gen=2 results=19/64 pending=7 active=7 remaining=45 next_trial=155 rounds=[4,3,3,4,2,4,3,3]
t=9765.8 SPAWN craft=Aircraft_9_nav_r5_155 route=5 candidate=7 trial=155 t=9765.8
t=9783.1 ==== SUMMARY t=9783.1 ====
t=9783.1 route=1 laps=18 crashes=1 avg_out=157.1s avg_ret=176.1s avg_lap=344.6s best_lap=339.8
t=9783.1 route=2 laps=18 crashes=0 avg_out=214.4s avg_ret=251.9s avg_lap=478.2s best_lap=454.8
t=9783.1 route=3 laps=18 crashes=0 avg_out=243.8s avg_ret=269.3s avg_lap=525.1s best_lap=508.2
t=9783.1 route=4 laps=19 crashes=0 avg_out=200.5s avg_ret=168.7s avg_lap=381.2s best_lap=374.9
t=9783.1 route=5 laps=18 crashes=0 avg_out=295.2s avg_ret=257.5s avg_lap=564.7s best_lap=554.8
t=9783.1 route=6 laps=19 crashes=0 avg_out=178.8s avg_ret=159.4s avg_lap=350.3s best_lap=344.4
t=9783.1 route=7 laps=18 crashes=0 avg_out=198.2s avg_ret=158.1s avg_lap=368.3s best_lap=355.8
t=9783.1 route=8 laps=17 crashes=1 avg_out=185.4s avg_ret=187.1s avg_lap=384.5s best_lap=379.4
t=9783.1 TOTAL laps=145 crashes=2
t=9783.1 TUNER gen=2 results=19/64 pending=8 active=8 remaining=45 next_trial=156 rounds=[4,3,3,4,3,4,3,3]
t=9791.9 LZ_REACHED craft=Aircraft_9_nav_r1_151 route=1 outbound=156.7s t=9791.9
t=9798.7 LAP_CAPTURE craft=Aircraft_9_nav_r7_148 route=7 return=159.1s lap=369.5s carrier_dist=200m t=9798.7
t=9799.1 LZ_REACHED craft=Aircraft_9_nav_r2_150 route=2 outbound=214.3s t=9799.1
t=9813.2 ==== SUMMARY t=9813.2 ====
t=9813.2 route=1 laps=18 crashes=1 avg_out=157.1s avg_ret=176.1s avg_lap=344.6s best_lap=339.8
t=9813.2 route=2 laps=18 crashes=0 avg_out=214.4s avg_ret=251.9s avg_lap=478.2s best_lap=454.8
t=9813.2 route=3 laps=18 crashes=0 avg_out=243.8s avg_ret=269.3s avg_lap=525.1s best_lap=508.2
t=9813.2 route=4 laps=19 crashes=0 avg_out=200.5s avg_ret=168.7s avg_lap=381.2s best_lap=374.9
t=9813.2 route=5 laps=18 crashes=0 avg_out=295.2s avg_ret=257.5s avg_lap=564.7s best_lap=554.8
t=9813.2 route=6 laps=19 crashes=0 avg_out=178.8s avg_ret=159.4s avg_lap=350.3s best_lap=344.4
t=9813.2 route=7 laps=19 crashes=0 avg_out=198.2s avg_ret=158.1s avg_lap=368.3s best_lap=355.8
t=9813.2 route=8 laps=17 crashes=1 avg_out=185.4s avg_ret=187.1s avg_lap=384.5s best_lap=379.4
t=9813.2 TOTAL laps=146 crashes=2
t=9813.2 TUNER gen=2 results=20/64 pending=8 active=8 remaining=44 next_trial=157 rounds=[4,3,3,4,3,4,4,3]
t=9816.0 SPAWN craft=Aircraft_9_nav_r7_156 route=7 candidate=2 trial=156 t=9816.0
t=9843.1 ==== SUMMARY t=9843.1 ====
t=9843.2 route=1 laps=18 crashes=1 avg_out=157.1s avg_ret=176.1s avg_lap=344.6s best_lap=339.8
t=9843.2 route=2 laps=18 crashes=0 avg_out=214.4s avg_ret=251.9s avg_lap=478.2s best_lap=454.8
t=9843.2 route=3 laps=18 crashes=0 avg_out=243.8s avg_ret=269.3s avg_lap=525.1s best_lap=508.2
t=9843.2 route=4 laps=19 crashes=0 avg_out=200.5s avg_ret=168.7s avg_lap=381.2s best_lap=374.9
t=9843.2 route=5 laps=18 crashes=0 avg_out=295.2s avg_ret=257.5s avg_lap=564.7s best_lap=554.8
t=9843.2 route=6 laps=19 crashes=0 avg_out=178.8s avg_ret=159.4s avg_lap=350.3s best_lap=344.4
t=9843.2 route=7 laps=19 crashes=0 avg_out=198.2s avg_ret=158.1s avg_lap=368.3s best_lap=355.8
t=9843.2 route=8 laps=17 crashes=1 avg_out=185.4s avg_ret=187.1s avg_lap=384.5s best_lap=379.4
t=9843.2 TOTAL laps=146 crashes=2
t=9843.2 TUNER gen=2 results=20/64 pending=8 active=8 remaining=44 next_trial=157 rounds=[4,3,3,4,3,4,4,3]
t=9873.2 ==== SUMMARY t=9873.2 ====
t=9873.2 route=1 laps=18 crashes=1 avg_out=157.1s avg_ret=176.1s avg_lap=344.6s best_lap=339.8
t=9873.2 route=2 laps=18 crashes=0 avg_out=214.4s avg_ret=251.9s avg_lap=478.2s best_lap=454.8
t=9873.2 route=3 laps=18 crashes=0 avg_out=243.8s avg_ret=269.3s avg_lap=525.1s best_lap=508.2
t=9873.3 route=4 laps=19 crashes=0 avg_out=200.5s avg_ret=168.7s avg_lap=381.2s best_lap=374.9
t=9873.3 route=5 laps=18 crashes=0 avg_out=295.2s avg_ret=257.5s avg_lap=564.7s best_lap=554.8
t=9873.3 route=6 laps=19 crashes=0 avg_out=178.8s avg_ret=159.4s avg_lap=350.3s best_lap=344.4
t=9873.3 route=7 laps=19 crashes=0 avg_out=198.2s avg_ret=158.1s avg_lap=368.3s best_lap=355.8
t=9873.3 route=8 laps=17 crashes=1 avg_out=185.4s avg_ret=187.1s avg_lap=384.5s best_lap=379.4
t=9873.3 TOTAL laps=146 crashes=2
t=9873.3 TUNER gen=2 results=20/64 pending=8 active=8 remaining=44 next_trial=157 rounds=[4,3,3,4,3,4,4,3]
t=9882.9 LAP_CAPTURE craft=Aircraft_9_nav_r8_149 route=8 return=185.9s lap=383.4s carrier_dist=200m t=9882.9
t=9901.5 SPAWN craft=Aircraft_9_nav_r8_157 route=8 candidate=3 trial=157 t=9901.5
t=9903.4 ==== SUMMARY t=9903.4 ====
t=9903.4 route=1 laps=18 crashes=1 avg_out=157.1s avg_ret=176.1s avg_lap=344.6s best_lap=339.8
t=9903.4 route=2 laps=18 crashes=0 avg_out=214.4s avg_ret=251.9s avg_lap=478.2s best_lap=454.8
t=9903.4 route=3 laps=18 crashes=0 avg_out=243.8s avg_ret=269.3s avg_lap=525.1s best_lap=508.2
t=9903.4 route=4 laps=19 crashes=0 avg_out=200.5s avg_ret=168.7s avg_lap=381.2s best_lap=374.9
t=9903.4 route=5 laps=18 crashes=0 avg_out=295.2s avg_ret=257.5s avg_lap=564.7s best_lap=554.8
t=9903.4 route=6 laps=19 crashes=0 avg_out=178.8s avg_ret=159.4s avg_lap=350.3s best_lap=344.4
t=9903.4 route=7 laps=19 crashes=0 avg_out=198.2s avg_ret=158.1s avg_lap=368.3s best_lap=355.8
t=9903.4 route=8 laps=18 crashes=1 avg_out=185.4s avg_ret=187.1s avg_lap=384.4s best_lap=379.4
t=9903.4 TOTAL laps=147 crashes=2
t=9903.4 TUNER gen=2 results=21/64 pending=8 active=8 remaining=43 next_trial=158 rounds=[4,3,3,4,3,4,4,4]
t=9924.5 LZ_REACHED craft=Aircraft_9_nav_r6_154 route=6 outbound=178.8s t=9924.5
t=9926.2 LZ_REACHED craft=Aircraft_9_nav_r4_153 route=4 outbound=200.6s t=9926.2
t=9931.9 LZ_REACHED craft=Aircraft_9_nav_r3_152 route=3 outbound=241.5s t=9931.9
t=9933.4 ==== SUMMARY t=9933.4 ====
t=9933.4 route=1 laps=18 crashes=1 avg_out=157.1s avg_ret=176.1s avg_lap=344.6s best_lap=339.8
t=9933.4 route=2 laps=18 crashes=0 avg_out=214.4s avg_ret=251.9s avg_lap=478.2s best_lap=454.8
t=9933.4 route=3 laps=18 crashes=0 avg_out=243.7s avg_ret=269.3s avg_lap=525.1s best_lap=508.2
t=9933.5 route=4 laps=19 crashes=0 avg_out=200.5s avg_ret=168.7s avg_lap=381.2s best_lap=374.9
t=9933.5 route=5 laps=18 crashes=0 avg_out=295.2s avg_ret=257.5s avg_lap=564.7s best_lap=554.8
t=9933.5 route=6 laps=19 crashes=0 avg_out=178.8s avg_ret=159.4s avg_lap=350.3s best_lap=344.4
t=9933.5 route=7 laps=19 crashes=0 avg_out=198.2s avg_ret=158.1s avg_lap=368.3s best_lap=355.8
t=9933.5 route=8 laps=18 crashes=1 avg_out=185.4s avg_ret=187.1s avg_lap=384.4s best_lap=379.4
t=9933.5 TOTAL laps=147 crashes=2
t=9933.5 TUNER gen=2 results=21/64 pending=8 active=8 remaining=43 next_trial=158 rounds=[4,3,3,4,3,4,4,4]
t=9963.5 ==== SUMMARY t=9963.5 ====
t=9963.5 route=1 laps=18 crashes=1 avg_out=157.1s avg_ret=176.1s avg_lap=344.6s best_lap=339.8
t=9963.5 route=2 laps=18 crashes=0 avg_out=214.4s avg_ret=251.9s avg_lap=478.2s best_lap=454.8
t=9963.5 route=3 laps=18 crashes=0 avg_out=243.7s avg_ret=269.3s avg_lap=525.1s best_lap=508.2
t=9963.5 route=4 laps=19 crashes=0 avg_out=200.5s avg_ret=168.7s avg_lap=381.2s best_lap=374.9
t=9963.5 route=5 laps=18 crashes=0 avg_out=295.2s avg_ret=257.5s avg_lap=564.7s best_lap=554.8
t=9963.5 route=6 laps=19 crashes=0 avg_out=178.8s avg_ret=159.4s avg_lap=350.3s best_lap=344.4
t=9963.6 route=7 laps=19 crashes=0 avg_out=198.2s avg_ret=158.1s avg_lap=368.3s best_lap=355.8
t=9963.6 route=8 laps=18 crashes=1 avg_out=185.4s avg_ret=187.1s avg_lap=384.4s best_lap=379.4
t=9963.6 TOTAL laps=147 crashes=2
t=9963.6 TUNER gen=2 results=21/64 pending=8 active=8 remaining=43 next_trial=158 rounds=[4,3,3,4,3,4,4,4]
t=9979.1 LAP_CAPTURE craft=Aircraft_9_nav_r1_151 route=1 return=175.2s lap=343.9s carrier_dist=200m t=9979.1
t=9993.5 ==== SUMMARY t=9993.5 ====
t=9993.5 route=1 laps=19 crashes=1 avg_out=157.1s avg_ret=176.1s avg_lap=344.6s best_lap=339.8
t=9993.5 route=2 laps=18 crashes=0 avg_out=214.4s avg_ret=251.9s avg_lap=478.2s best_lap=454.8
t=9993.5 route=3 laps=18 crashes=0 avg_out=243.7s avg_ret=269.3s avg_lap=525.1s best_lap=508.2
t=9993.5 route=4 laps=19 crashes=0 avg_out=200.5s avg_ret=168.7s avg_lap=381.2s best_lap=374.9
t=9993.6 route=5 laps=18 crashes=0 avg_out=295.2s avg_ret=257.5s avg_lap=564.7s best_lap=554.8
t=9993.6 route=6 laps=19 crashes=0 avg_out=178.8s avg_ret=159.4s avg_lap=350.3s best_lap=344.4
t=9993.6 route=7 laps=19 crashes=0 avg_out=198.2s avg_ret=158.1s avg_lap=368.3s best_lap=355.8
t=9993.6 route=8 laps=18 crashes=1 avg_out=185.4s avg_ret=187.1s avg_lap=384.4s best_lap=379.4
t=9993.6 TOTAL laps=148 crashes=2
t=9993.6 TUNER gen=2 results=22/64 pending=8 active=8 remaining=42 next_trial=159 rounds=[5,3,3,4,3,4,4,4]
t=9996.9 SPAWN craft=Aircraft_9_nav_r1_158 route=1 candidate=5 trial=158 t=9996.9
t=10014.8 LZ_REACHED craft=Aircraft_9_nav_r7_156 route=7 outbound=198.8s t=10014.8
t=10023.5 ==== SUMMARY t=10023.5 ====
t=10023.6 route=1 laps=19 crashes=1 avg_out=157.1s avg_ret=176.1s avg_lap=344.6s best_lap=339.8
t=10023.6 route=2 laps=18 crashes=0 avg_out=214.4s avg_ret=251.9s avg_lap=478.2s best_lap=454.8
t=10023.6 route=3 laps=18 crashes=0 avg_out=243.7s avg_ret=269.3s avg_lap=525.1s best_lap=508.2
t=10023.6 route=4 laps=19 crashes=0 avg_out=200.5s avg_ret=168.7s avg_lap=381.2s best_lap=374.9
t=10023.6 route=5 laps=18 crashes=0 avg_out=295.2s avg_ret=257.5s avg_lap=564.7s best_lap=554.8
t=10023.6 route=6 laps=19 crashes=0 avg_out=178.8s avg_ret=159.4s avg_lap=350.3s best_lap=344.4
t=10023.6 route=7 laps=19 crashes=0 avg_out=198.2s avg_ret=158.1s avg_lap=368.3s best_lap=355.8
t=10023.6 route=8 laps=18 crashes=1 avg_out=185.4s avg_ret=187.1s avg_lap=384.4s best_lap=379.4
t=10023.6 TOTAL laps=148 crashes=2
t=10023.6 TUNER gen=2 results=22/64 pending=8 active=8 remaining=42 next_trial=159 rounds=[5,3,3,4,3,4,4,4]
t=10053.6 ==== SUMMARY t=10053.6 ====
t=10053.6 route=1 laps=19 crashes=1 avg_out=157.1s avg_ret=176.1s avg_lap=344.6s best_lap=339.8
t=10053.6 route=2 laps=18 crashes=0 avg_out=214.4s avg_ret=251.9s avg_lap=478.2s best_lap=454.8
t=10053.6 route=3 laps=18 crashes=0 avg_out=243.7s avg_ret=269.3s avg_lap=525.1s best_lap=508.2
t=10053.6 route=4 laps=19 crashes=0 avg_out=200.5s avg_ret=168.7s avg_lap=381.2s best_lap=374.9
t=10053.6 route=5 laps=18 crashes=0 avg_out=295.2s avg_ret=257.5s avg_lap=564.7s best_lap=554.8
t=10053.6 route=6 laps=19 crashes=0 avg_out=178.8s avg_ret=159.4s avg_lap=350.3s best_lap=344.4
t=10053.6 route=7 laps=19 crashes=0 avg_out=198.2s avg_ret=158.1s avg_lap=368.3s best_lap=355.8
t=10053.6 route=8 laps=18 crashes=1 avg_out=185.4s avg_ret=187.1s avg_lap=384.4s best_lap=379.4
t=10053.6 TOTAL laps=148 crashes=2
t=10053.6 TUNER gen=2 results=22/64 pending=8 active=8 remaining=42 next_trial=159 rounds=[5,3,3,4,3,4,4,4]
t=10060.6 LZ_REACHED craft=Aircraft_9_nav_r5_155 route=5 outbound=294.8s t=10060.6
t=10062.2 LAP_CAPTURE craft=Aircraft_9_nav_r2_150 route=2 return=251.0s lap=477.3s carrier_dist=200m t=10062.2
t=10082.4 SPAWN craft=Aircraft_9_nav_r2_159 route=2 candidate=5 trial=159 t=10082.4
t=10083.8 ==== SUMMARY t=10083.8 ====
t=10083.8 route=1 laps=19 crashes=1 avg_out=157.1s avg_ret=176.1s avg_lap=344.6s best_lap=339.8
t=10083.8 route=2 laps=19 crashes=0 avg_out=214.4s avg_ret=251.8s avg_lap=478.2s best_lap=454.8
t=10083.8 route=3 laps=18 crashes=0 avg_out=243.7s avg_ret=269.3s avg_lap=525.1s best_lap=508.2
t=10083.8 route=4 laps=19 crashes=0 avg_out=200.5s avg_ret=168.7s avg_lap=381.2s best_lap=374.9
t=10083.8 route=5 laps=18 crashes=0 avg_out=295.2s avg_ret=257.5s avg_lap=564.7s best_lap=554.8
t=10083.8 route=6 laps=19 crashes=0 avg_out=178.8s avg_ret=159.4s avg_lap=350.3s best_lap=344.4
t=10083.8 route=7 laps=19 crashes=0 avg_out=198.2s avg_ret=158.1s avg_lap=368.3s best_lap=355.8
t=10083.8 route=8 laps=18 crashes=1 avg_out=185.4s avg_ret=187.1s avg_lap=384.4s best_lap=379.4
t=10083.8 TOTAL laps=149 crashes=2
t=10083.8 TUNER gen=2 results=23/64 pending=8 active=8 remaining=41 next_trial=160 rounds=[5,4,3,4,3,4,4,4]
t=10088.1 LZ_REACHED craft=Aircraft_9_nav_r8_157 route=8 outbound=186.7s t=10088.1
t=10096.3 LAP_CAPTURE craft=Aircraft_9_nav_r6_154 route=6 return=159.8s lap=350.6s carrier_dist=200m t=10096.3
t=10108.2 LAP_CAPTURE craft=Aircraft_9_nav_r4_153 route=4 return=170.0s lap=382.6s carrier_dist=200m t=10108.2
t=10112.5 SPAWN craft=Aircraft_9_nav_r6_160 route=6 candidate=2 trial=160 t=10112.5
t=10113.8 ==== SUMMARY t=10113.8 ====
t=10113.8 route=1 laps=19 crashes=1 avg_out=157.1s avg_ret=176.1s avg_lap=344.6s best_lap=339.8
t=10113.8 route=2 laps=19 crashes=0 avg_out=214.4s avg_ret=251.8s avg_lap=478.2s best_lap=454.8
t=10113.8 route=3 laps=18 crashes=0 avg_out=243.7s avg_ret=269.3s avg_lap=525.1s best_lap=508.2
t=10113.8 route=4 laps=20 crashes=0 avg_out=200.5s avg_ret=168.8s avg_lap=381.3s best_lap=374.9
t=10113.8 route=5 laps=18 crashes=0 avg_out=295.2s avg_ret=257.5s avg_lap=564.7s best_lap=554.8
t=10113.8 route=6 laps=20 crashes=0 avg_out=178.8s avg_ret=159.5s avg_lap=350.3s best_lap=344.4
t=10113.8 route=7 laps=19 crashes=0 avg_out=198.2s avg_ret=158.1s avg_lap=368.3s best_lap=355.8
t=10113.8 route=8 laps=18 crashes=1 avg_out=185.5s avg_ret=187.1s avg_lap=384.4s best_lap=379.4
t=10113.8 TOTAL laps=151 crashes=2
t=10113.8 TUNER gen=2 results=25/64 pending=7 active=7 remaining=39 next_trial=161 rounds=[5,4,3,4,3,5,4,4]
t=10116.7 LAUNCH_BLOCKED reason=cleared_unready_nav_deck_aircraft active=7 stored=1 no_active_s=0.0 state=IDLE tractor_cleanup=false elevator_transfer=false deck=Aircraft_9_nav_r6_160 pending=none clearance=none queue=0
t=10132.6 SPAWN craft=Aircraft_9_nav_r4_161 route=4 candidate=8 trial=161 t=10132.6
t=10143.9 ==== SUMMARY t=10143.9 ====
t=10143.9 route=1 laps=19 crashes=1 avg_out=157.1s avg_ret=176.1s avg_lap=344.6s best_lap=339.8
t=10143.9 route=2 laps=19 crashes=0 avg_out=214.4s avg_ret=251.8s avg_lap=478.2s best_lap=454.8
t=10143.9 route=3 laps=18 crashes=0 avg_out=243.7s avg_ret=269.3s avg_lap=525.1s best_lap=508.2
t=10143.9 route=4 laps=20 crashes=0 avg_out=200.5s avg_ret=168.8s avg_lap=381.3s best_lap=374.9
t=10143.9 route=5 laps=18 crashes=0 avg_out=295.2s avg_ret=257.5s avg_lap=564.7s best_lap=554.8
t=10143.9 route=6 laps=20 crashes=0 avg_out=178.8s avg_ret=159.5s avg_lap=350.3s best_lap=344.4
t=10143.9 route=7 laps=19 crashes=0 avg_out=198.2s avg_ret=158.1s avg_lap=368.3s best_lap=355.8
t=10143.9 route=8 laps=18 crashes=1 avg_out=185.5s avg_ret=187.1s avg_lap=384.4s best_lap=379.4
t=10143.9 TOTAL laps=151 crashes=2
t=10143.9 TUNER gen=2 results=25/64 pending=8 active=8 remaining=39 next_trial=162 rounds=[5,4,3,5,3,5,4,4]
t=10149.8 LZ_REACHED craft=Aircraft_9_nav_r1_158 route=1 outbound=152.9s t=10149.8
t=10173.9 ==== SUMMARY t=10173.9 ====
t=10173.9 route=1 laps=19 crashes=1 avg_out=156.9s avg_ret=176.1s avg_lap=344.6s best_lap=339.8
t=10173.9 route=2 laps=19 crashes=0 avg_out=214.4s avg_ret=251.8s avg_lap=478.2s best_lap=454.8
t=10173.9 route=3 laps=18 crashes=0 avg_out=243.7s avg_ret=269.3s avg_lap=525.1s best_lap=508.2
t=10173.9 route=4 laps=20 crashes=0 avg_out=200.5s avg_ret=168.8s avg_lap=381.3s best_lap=374.9
t=10173.9 route=5 laps=18 crashes=0 avg_out=295.2s avg_ret=257.5s avg_lap=564.7s best_lap=554.8
t=10173.9 route=6 laps=20 crashes=0 avg_out=178.8s avg_ret=159.5s avg_lap=350.3s best_lap=344.4
t=10173.9 route=7 laps=19 crashes=0 avg_out=198.2s avg_ret=158.1s avg_lap=368.3s best_lap=355.8
t=10173.9 route=8 laps=18 crashes=1 avg_out=185.5s avg_ret=187.1s avg_lap=384.4s best_lap=379.4
t=10173.9 TOTAL laps=151 crashes=2
t=10174.0 TUNER gen=2 results=25/64 pending=8 active=8 remaining=39 next_trial=162 rounds=[5,4,3,5,3,5,4,4]
t=10185.2 LAP_CAPTURE craft=Aircraft_9_nav_r7_156 route=7 return=158.4s lap=369.2s carrier_dist=200m t=10185.2
t=10202.9 SPAWN craft=Aircraft_9_nav_r7_162 route=7 candidate=3 trial=162 t=10202.9
t=10204.0 ==== SUMMARY t=10204.0 ====
t=10204.0 route=1 laps=19 crashes=1 avg_out=156.9s avg_ret=176.1s avg_lap=344.6s best_lap=339.8
t=10204.0 route=2 laps=19 crashes=0 avg_out=214.4s avg_ret=251.8s avg_lap=478.2s best_lap=454.8
t=10204.0 route=3 laps=18 crashes=0 avg_out=243.7s avg_ret=269.3s avg_lap=525.1s best_lap=508.2
t=10204.0 route=4 laps=20 crashes=0 avg_out=200.5s avg_ret=168.8s avg_lap=381.3s best_lap=374.9
t=10204.0 route=5 laps=18 crashes=0 avg_out=295.2s avg_ret=257.5s avg_lap=564.7s best_lap=554.8
t=10204.0 route=6 laps=20 crashes=0 avg_out=178.8s avg_ret=159.5s avg_lap=350.3s best_lap=344.4
t=10204.0 route=7 laps=20 crashes=0 avg_out=198.2s avg_ret=158.1s avg_lap=368.4s best_lap=355.8
t=10204.0 route=8 laps=18 crashes=1 avg_out=185.5s avg_ret=187.1s avg_lap=384.4s best_lap=379.4
t=10204.0 TOTAL laps=152 crashes=2
t=10204.0 TUNER gen=2 results=26/64 pending=8 active=8 remaining=38 next_trial=163 rounds=[5,4,3,5,3,5,5,4]
t=10213.4 LAP_CAPTURE craft=Aircraft_9_nav_r3_152 route=3 return=269.4s lap=523.0s carrier_dist=200m t=10213.4
t=10233.1 SPAWN craft=Aircraft_9_nav_r3_163 route=3 candidate=6 trial=163 t=10233.1
t=10234.1 ==== SUMMARY t=10234.1 ====
t=10234.1 route=1 laps=19 crashes=1 avg_out=156.9s avg_ret=176.1s avg_lap=344.6s best_lap=339.8
t=10234.1 route=2 laps=19 crashes=0 avg_out=214.4s avg_ret=251.8s avg_lap=478.2s best_lap=454.8
t=10234.1 route=3 laps=19 crashes=0 avg_out=243.7s avg_ret=269.4s avg_lap=525.0s best_lap=508.2
t=10234.1 route=4 laps=20 crashes=0 avg_out=200.5s avg_ret=168.8s avg_lap=381.3s best_lap=374.9
t=10234.1 route=5 laps=18 crashes=0 avg_out=295.2s avg_ret=257.5s avg_lap=564.7s best_lap=554.8
t=10234.1 route=6 laps=20 crashes=0 avg_out=178.8s avg_ret=159.5s avg_lap=350.3s best_lap=344.4
t=10234.1 route=7 laps=20 crashes=0 avg_out=198.2s avg_ret=158.1s avg_lap=368.4s best_lap=355.8
t=10234.1 route=8 laps=18 crashes=1 avg_out=185.5s avg_ret=187.1s avg_lap=384.4s best_lap=379.4
t=10234.2 TOTAL laps=153 crashes=2
t=10234.2 TUNER gen=2 results=27/64 pending=8 active=8 remaining=37 next_trial=164 rounds=[5,4,4,5,3,5,5,4]
t=10264.1 ==== SUMMARY t=10264.1 ====
t=10264.1 route=1 laps=19 crashes=1 avg_out=156.9s avg_ret=176.1s avg_lap=344.6s best_lap=339.8
t=10264.1 route=2 laps=19 crashes=0 avg_out=214.4s avg_ret=251.8s avg_lap=478.2s best_lap=454.8
t=10264.1 route=3 laps=19 crashes=0 avg_out=243.7s avg_ret=269.4s avg_lap=525.0s best_lap=508.2
t=10264.1 route=4 laps=20 crashes=0 avg_out=200.5s avg_ret=168.8s avg_lap=381.3s best_lap=374.9
t=10264.1 route=5 laps=18 crashes=0 avg_out=295.2s avg_ret=257.5s avg_lap=564.7s best_lap=554.8
t=10264.1 route=6 laps=20 crashes=0 avg_out=178.8s avg_ret=159.5s avg_lap=350.3s best_lap=344.4
t=10264.1 route=7 laps=20 crashes=0 avg_out=198.2s avg_ret=158.1s avg_lap=368.4s best_lap=355.8
t=10264.1 route=8 laps=18 crashes=1 avg_out=185.5s avg_ret=187.1s avg_lap=384.4s best_lap=379.4
t=10264.1 TOTAL laps=153 crashes=2
t=10264.1 TUNER gen=2 results=27/64 pending=8 active=8 remaining=37 next_trial=164 rounds=[5,4,4,5,3,5,5,4]
t=10287.1 LAP_CAPTURE craft=Aircraft_9_nav_r8_157 route=8 return=186.9s lap=385.6s carrier_dist=200m t=10287.1
t=10291.8 LZ_REACHED craft=Aircraft_9_nav_r6_160 route=6 outbound=179.3s t=10291.8
t=10294.1 ==== SUMMARY t=10294.1 ====
t=10294.1 route=1 laps=19 crashes=1 avg_out=156.9s avg_ret=176.1s avg_lap=344.6s best_lap=339.8
t=10294.1 route=2 laps=19 crashes=0 avg_out=214.4s avg_ret=251.8s avg_lap=478.2s best_lap=454.8
t=10294.1 route=3 laps=19 crashes=0 avg_out=243.7s avg_ret=269.4s avg_lap=525.0s best_lap=508.2
t=10294.1 route=4 laps=20 crashes=0 avg_out=200.5s avg_ret=168.8s avg_lap=381.3s best_lap=374.9
t=10294.1 route=5 laps=18 crashes=0 avg_out=295.2s avg_ret=257.5s avg_lap=564.7s best_lap=554.8
t=10294.1 route=6 laps=20 crashes=0 avg_out=178.8s avg_ret=159.5s avg_lap=350.3s best_lap=344.4
t=10294.1 route=7 laps=20 crashes=0 avg_out=198.2s avg_ret=158.1s avg_lap=368.4s best_lap=355.8
t=10294.1 route=8 laps=19 crashes=1 avg_out=185.5s avg_ret=187.1s avg_lap=384.5s best_lap=379.4
t=10294.1 TOTAL laps=154 crashes=2
t=10294.2 TUNER gen=2 results=28/64 pending=7 active=7 remaining=36 next_trial=164 rounds=[5,4,4,5,3,5,5,4]
t=10296.6 LZ_REACHED craft=Aircraft_9_nav_r2_159 route=2 outbound=214.3s t=10296.6
t=10303.3 SPAWN craft=Aircraft_9_nav_r8_164 route=8 candidate=4 trial=164 t=10303.3
t=10324.1 ==== SUMMARY t=10324.1 ====
t=10324.2 route=1 laps=19 crashes=1 avg_out=156.9s avg_ret=176.1s avg_lap=344.6s best_lap=339.8
t=10324.2 route=2 laps=19 crashes=0 avg_out=214.4s avg_ret=251.8s avg_lap=478.2s best_lap=454.8
t=10324.2 route=3 laps=19 crashes=0 avg_out=243.7s avg_ret=269.4s avg_lap=525.0s best_lap=508.2
t=10324.2 route=4 laps=20 crashes=0 avg_out=200.5s avg_ret=168.8s avg_lap=381.3s best_lap=374.9
t=10324.2 route=5 laps=18 crashes=0 avg_out=295.2s avg_ret=257.5s avg_lap=564.7s best_lap=554.8
t=10324.2 route=6 laps=20 crashes=0 avg_out=178.8s avg_ret=159.5s avg_lap=350.3s best_lap=344.4
t=10324.2 route=7 laps=20 crashes=0 avg_out=198.2s avg_ret=158.1s avg_lap=368.4s best_lap=355.8
t=10324.2 route=8 laps=19 crashes=1 avg_out=185.5s avg_ret=187.1s avg_lap=384.5s best_lap=379.4
t=10324.2 TOTAL laps=154 crashes=2
t=10324.2 TUNER gen=2 results=28/64 pending=8 active=8 remaining=36 next_trial=165 rounds=[5,4,4,5,3,5,5,5]
t=10331.4 LAP_CAPTURE craft=Aircraft_9_nav_r5_155 route=5 return=258.7s lap=565.5s carrier_dist=200m t=10331.4
t=10332.1 LZ_REACHED craft=Aircraft_9_nav_r4_161 route=4 outbound=199.4s t=10332.1
t=10336.2 LAP_CAPTURE craft=Aircraft_9_nav_r1_158 route=1 return=174.4s lap=339.4s carrier_dist=200m t=10336.2
t=10337.7 LAUNCH_BLOCKED reason=cleared_unready_nav_deck_aircraft active=6 stored=1 no_active_s=0.0 state=IDLE tractor_cleanup=false elevator_transfer=false deck=Aircraft_9_nav_r8_164 pending=none clearance=none queue=0
t=10352.8 LAUNCH_BLOCKED reason=deck_busy active=7 stored=1 no_active_s=0.0 state=AIRCRAFT_ON_DECK tractor_cleanup=false elevator_transfer=false deck=Aircraft_9_nav_r5_165 pending=none clearance=none queue=0
t=10353.7 SPAWN craft=Aircraft_9_nav_r5_165 route=5 candidate=8 trial=165 t=10353.7
t=10354.2 ==== SUMMARY t=10354.2 ====
t=10354.3 route=1 laps=20 crashes=1 avg_out=156.9s avg_ret=176.0s avg_lap=344.3s best_lap=339.4
t=10354.3 route=2 laps=19 crashes=0 avg_out=214.4s avg_ret=251.8s avg_lap=478.2s best_lap=454.8
t=10354.3 route=3 laps=19 crashes=0 avg_out=243.7s avg_ret=269.4s avg_lap=525.0s best_lap=508.2
t=10354.3 route=4 laps=20 crashes=0 avg_out=200.5s avg_ret=168.8s avg_lap=381.3s best_lap=374.9
t=10354.3 route=5 laps=19 crashes=0 avg_out=295.2s avg_ret=257.5s avg_lap=564.7s best_lap=554.8
t=10354.3 route=6 laps=20 crashes=0 avg_out=178.8s avg_ret=159.5s avg_lap=350.3s best_lap=344.4
t=10354.3 route=7 laps=20 crashes=0 avg_out=198.2s avg_ret=158.1s avg_lap=368.4s best_lap=355.8
t=10354.3 route=8 laps=19 crashes=1 avg_out=185.5s avg_ret=187.1s avg_lap=384.5s best_lap=379.4
t=10354.3 TOTAL laps=156 crashes=2
t=10354.3 TUNER gen=2 results=30/64 pending=7 active=7 remaining=34 next_trial=166 rounds=[5,4,4,5,4,5,5,5]
t=10373.7 SPAWN craft=Aircraft_9_nav_r1_166 route=1 candidate=6 trial=166 t=10373.7
t=10384.3 ==== SUMMARY t=10384.3 ====
t=10384.3 route=1 laps=20 crashes=1 avg_out=156.9s avg_ret=176.0s avg_lap=344.3s best_lap=339.4
t=10384.3 route=2 laps=19 crashes=0 avg_out=214.4s avg_ret=251.8s avg_lap=478.2s best_lap=454.8
t=10384.3 route=3 laps=19 crashes=0 avg_out=243.7s avg_ret=269.4s avg_lap=525.0s best_lap=508.2
t=10384.3 route=4 laps=20 crashes=0 avg_out=200.5s avg_ret=168.8s avg_lap=381.3s best_lap=374.9
t=10384.3 route=5 laps=19 crashes=0 avg_out=295.2s avg_ret=257.5s avg_lap=564.7s best_lap=554.8
t=10384.3 route=6 laps=20 crashes=0 avg_out=178.8s avg_ret=159.5s avg_lap=350.3s best_lap=344.4
t=10384.3 route=7 laps=20 crashes=0 avg_out=198.2s avg_ret=158.1s avg_lap=368.4s best_lap=355.8
t=10384.3 route=8 laps=19 crashes=1 avg_out=185.5s avg_ret=187.1s avg_lap=384.5s best_lap=379.4
t=10384.3 TOTAL laps=156 crashes=2
t=10384.3 TUNER gen=2 results=30/64 pending=8 active=8 remaining=34 next_trial=167 rounds=[6,4,4,5,4,5,5,5]
t=10402.6 LZ_REACHED craft=Aircraft_9_nav_r7_162 route=7 outbound=199.6s t=10402.6
t=10414.3 ==== SUMMARY t=10414.3 ====
t=10414.3 route=1 laps=20 crashes=1 avg_out=156.9s avg_ret=176.0s avg_lap=344.3s best_lap=339.4
t=10414.3 route=2 laps=19 crashes=0 avg_out=214.4s avg_ret=251.8s avg_lap=478.2s best_lap=454.8
t=10414.3 route=3 laps=19 crashes=0 avg_out=243.7s avg_ret=269.4s avg_lap=525.0s best_lap=508.2
t=10414.3 route=4 laps=20 crashes=0 avg_out=200.5s avg_ret=168.8s avg_lap=381.3s best_lap=374.9
t=10414.3 route=5 laps=19 crashes=0 avg_out=295.2s avg_ret=257.5s avg_lap=564.7s best_lap=554.8
t=10414.3 route=6 laps=20 crashes=0 avg_out=178.8s avg_ret=159.5s avg_lap=350.3s best_lap=344.4
t=10414.3 route=7 laps=20 crashes=0 avg_out=198.3s avg_ret=158.1s avg_lap=368.4s best_lap=355.8
t=10414.3 route=8 laps=19 crashes=1 avg_out=185.5s avg_ret=187.1s avg_lap=384.5s best_lap=379.4
t=10414.3 TOTAL laps=156 crashes=2
t=10414.3 TUNER gen=2 results=30/64 pending=8 active=8 remaining=34 next_trial=167 rounds=[6,4,4,5,4,5,5,5]
t=10444.3 ==== SUMMARY t=10444.3 ====
t=10444.4 route=1 laps=20 crashes=1 avg_out=156.9s avg_ret=176.0s avg_lap=344.3s best_lap=339.4
t=10444.4 route=2 laps=19 crashes=0 avg_out=214.4s avg_ret=251.8s avg_lap=478.2s best_lap=454.8
t=10444.4 route=3 laps=19 crashes=0 avg_out=243.7s avg_ret=269.4s avg_lap=525.0s best_lap=508.2
t=10444.4 route=4 laps=20 crashes=0 avg_out=200.5s avg_ret=168.8s avg_lap=381.3s best_lap=374.9
t=10444.4 route=5 laps=19 crashes=0 avg_out=295.2s avg_ret=257.5s avg_lap=564.7s best_lap=554.8
t=10444.4 route=6 laps=20 crashes=0 avg_out=178.8s avg_ret=159.5s avg_lap=350.3s best_lap=344.4
t=10444.4 route=7 laps=20 crashes=0 avg_out=198.3s avg_ret=158.1s avg_lap=368.4s best_lap=355.8
t=10444.4 route=8 laps=19 crashes=1 avg_out=185.5s avg_ret=187.1s avg_lap=384.5s best_lap=379.4
t=10444.4 TOTAL laps=156 crashes=2
t=10444.4 TUNER gen=2 results=30/64 pending=8 active=8 remaining=34 next_trial=167 rounds=[6,4,4,5,4,5,5,5]
t=10463.0 LAP_CAPTURE craft=Aircraft_9_nav_r6_160 route=6 return=159.2s lap=350.4s carrier_dist=200m t=10463.0
t=10474.4 ==== SUMMARY t=10474.4 ====
t=10474.4 route=1 laps=20 crashes=1 avg_out=156.9s avg_ret=176.0s avg_lap=344.3s best_lap=339.4
t=10474.4 route=2 laps=19 crashes=0 avg_out=214.4s avg_ret=251.8s avg_lap=478.2s best_lap=454.8
t=10474.4 route=3 laps=19 crashes=0 avg_out=243.7s avg_ret=269.4s avg_lap=525.0s best_lap=508.2
t=10474.4 route=4 laps=20 crashes=0 avg_out=200.5s avg_ret=168.8s avg_lap=381.3s best_lap=374.9
t=10474.4 route=5 laps=19 crashes=0 avg_out=295.2s avg_ret=257.5s avg_lap=564.7s best_lap=554.8
t=10474.4 route=6 laps=21 crashes=0 avg_out=178.8s avg_ret=159.4s avg_lap=350.3s best_lap=344.4
t=10474.4 route=7 laps=20 crashes=0 avg_out=198.3s avg_ret=158.1s avg_lap=368.4s best_lap=355.8
t=10474.4 route=8 laps=19 crashes=1 avg_out=185.5s avg_ret=187.1s avg_lap=384.5s best_lap=379.4
t=10474.4 TOTAL laps=157 crashes=2
t=10474.4 TUNER gen=2 results=31/64 pending=8 active=8 remaining=33 next_trial=168 rounds=[6,4,4,5,4,6,5,5]
t=10475.9 LZ_REACHED craft=Aircraft_9_nav_r3_163 route=3 outbound=242.7s t=10475.9
t=10479.1 SPAWN craft=Aircraft_9_nav_r6_167 route=6 candidate=3 trial=167 t=10479.1
t=10489.1 LZ_REACHED craft=Aircraft_9_nav_r8_164 route=8 outbound=185.7s t=10489.1
t=10504.4 ==== SUMMARY t=10504.4 ====
t=10504.4 route=1 laps=20 crashes=1 avg_out=156.9s avg_ret=176.0s avg_lap=344.3s best_lap=339.4
t=10504.4 route=2 laps=19 crashes=0 avg_out=214.4s avg_ret=251.8s avg_lap=478.2s best_lap=454.8
t=10504.4 route=3 laps=19 crashes=0 avg_out=243.6s avg_ret=269.4s avg_lap=525.0s best_lap=508.2
t=10504.4 route=4 laps=20 crashes=0 avg_out=200.5s avg_ret=168.8s avg_lap=381.3s best_lap=374.9
t=10504.5 route=5 laps=19 crashes=0 avg_out=295.2s avg_ret=257.5s avg_lap=564.7s best_lap=554.8
t=10504.5 route=6 laps=21 crashes=0 avg_out=178.8s avg_ret=159.4s avg_lap=350.3s best_lap=344.4
t=10504.5 route=7 laps=20 crashes=0 avg_out=198.3s avg_ret=158.1s avg_lap=368.4s best_lap=355.8
t=10504.5 route=8 laps=19 crashes=1 avg_out=185.5s avg_ret=187.1s avg_lap=384.5s best_lap=379.4
t=10504.5 TOTAL laps=157 crashes=2
t=10504.5 TUNER gen=2 results=31/64 pending=8 active=8 remaining=33 next_trial=168 rounds=[6,4,4,5,4,6,5,5]
t=10513.0 LAP_CAPTURE craft=Aircraft_9_nav_r4_161 route=4 return=169.0s lap=380.4s carrier_dist=200m t=10513.0
t=10528.1 LZ_REACHED craft=Aircraft_9_nav_r1_166 route=1 outbound=154.5s t=10528.1
t=10529.3 SPAWN craft=Aircraft_9_nav_r4_168 route=4 candidate=1 trial=168 t=10529.3
t=10534.5 ==== SUMMARY t=10534.5 ====
t=10534.5 route=1 laps=20 crashes=1 avg_out=156.8s avg_ret=176.0s avg_lap=344.3s best_lap=339.4
t=10534.5 route=2 laps=19 crashes=0 avg_out=214.4s avg_ret=251.8s avg_lap=478.2s best_lap=454.8
t=10534.5 route=3 laps=19 crashes=0 avg_out=243.6s avg_ret=269.4s avg_lap=525.0s best_lap=508.2
t=10534.5 route=4 laps=21 crashes=0 avg_out=200.5s avg_ret=168.8s avg_lap=381.2s best_lap=374.9
t=10534.5 route=5 laps=19 crashes=0 avg_out=295.2s avg_ret=257.5s avg_lap=564.7s best_lap=554.8
t=10534.5 route=6 laps=21 crashes=0 avg_out=178.8s avg_ret=159.4s avg_lap=350.3s best_lap=344.4
t=10534.5 route=7 laps=20 crashes=0 avg_out=198.3s avg_ret=158.1s avg_lap=368.4s best_lap=355.8
t=10534.5 route=8 laps=19 crashes=1 avg_out=185.5s avg_ret=187.1s avg_lap=384.5s best_lap=379.4
t=10534.5 TOTAL laps=158 crashes=2
t=10534.5 TUNER gen=2 results=32/64 pending=8 active=8 remaining=32 next_trial=169 rounds=[6,4,4,6,4,6,5,5]
t=10542.1 LAP_CAPTURE craft=Aircraft_9_nav_r2_159 route=2 return=233.5s lap=459.7s carrier_dist=200m t=10542.1
t=10559.6 SPAWN craft=Aircraft_9_nav_r2_169 route=2 candidate=6 trial=169 t=10559.6
t=10564.6 ==== SUMMARY t=10564.6 ====
t=10564.6 route=1 laps=20 crashes=1 avg_out=156.8s avg_ret=176.0s avg_lap=344.3s best_lap=339.4
t=10564.6 route=2 laps=20 crashes=0 avg_out=214.4s avg_ret=250.9s avg_lap=477.3s best_lap=454.8
t=10564.6 route=3 laps=19 crashes=0 avg_out=243.6s avg_ret=269.4s avg_lap=525.0s best_lap=508.2
t=10564.6 route=4 laps=21 crashes=0 avg_out=200.5s avg_ret=168.8s avg_lap=381.2s best_lap=374.9
t=10564.6 route=5 laps=19 crashes=0 avg_out=295.2s avg_ret=257.5s avg_lap=564.7s best_lap=554.8
t=10564.6 route=6 laps=21 crashes=0 avg_out=178.8s avg_ret=159.4s avg_lap=350.3s best_lap=344.4
t=10564.6 route=7 laps=20 crashes=0 avg_out=198.3s avg_ret=158.1s avg_lap=368.4s best_lap=355.8
t=10564.6 route=8 laps=19 crashes=1 avg_out=185.5s avg_ret=187.1s avg_lap=384.5s best_lap=379.4
t=10564.6 TOTAL laps=159 crashes=2
t=10564.6 TUNER gen=2 results=33/64 pending=8 active=8 remaining=31 next_trial=170 rounds=[6,5,4,6,4,6,5,5]
t=10574.2 LAP_CAPTURE craft=Aircraft_9_nav_r7_162 route=7 return=159.6s lap=371.2s carrier_dist=200m t=10574.2
t=10594.6 ==== SUMMARY t=10594.6 ====
t=10594.6 route=1 laps=20 crashes=1 avg_out=156.8s avg_ret=176.0s avg_lap=344.3s best_lap=339.4
t=10594.6 route=2 laps=20 crashes=0 avg_out=214.4s avg_ret=250.9s avg_lap=477.3s best_lap=454.8
t=10594.6 route=3 laps=19 crashes=0 avg_out=243.6s avg_ret=269.4s avg_lap=525.0s best_lap=508.2
t=10594.6 route=4 laps=21 crashes=0 avg_out=200.5s avg_ret=168.8s avg_lap=381.2s best_lap=374.9
t=10594.7 route=5 laps=19 crashes=0 avg_out=295.2s avg_ret=257.5s avg_lap=564.7s best_lap=554.8
t=10594.7 route=6 laps=21 crashes=0 avg_out=178.8s avg_ret=159.4s avg_lap=350.3s best_lap=344.4
t=10594.7 route=7 laps=21 crashes=0 avg_out=198.3s avg_ret=158.2s avg_lap=368.5s best_lap=355.8
t=10594.7 route=8 laps=19 crashes=1 avg_out=185.5s avg_ret=187.1s avg_lap=384.5s best_lap=379.4
t=10594.7 TOTAL laps=160 crashes=2
t=10594.7 TUNER gen=2 results=34/64 pending=8 active=8 remaining=30 next_trial=171 rounds=[6,5,4,6,4,6,6,5]
t=10594.8 SPAWN craft=Aircraft_9_nav_r7_170 route=7 candidate=4 trial=170 t=10594.8
t=10624.6 ==== SUMMARY t=10624.6 ====
t=10624.6 route=1 laps=20 crashes=1 avg_out=156.8s avg_ret=176.0s avg_lap=344.3s best_lap=339.4
t=10624.6 route=2 laps=20 crashes=0 avg_out=214.4s avg_ret=250.9s avg_lap=477.3s best_lap=454.8
t=10624.6 route=3 laps=19 crashes=0 avg_out=243.6s avg_ret=269.4s avg_lap=525.0s best_lap=508.2
t=10624.6 route=4 laps=21 crashes=0 avg_out=200.5s avg_ret=168.8s avg_lap=381.2s best_lap=374.9
t=10624.6 route=5 laps=19 crashes=0 avg_out=295.2s avg_ret=257.5s avg_lap=564.7s best_lap=554.8
t=10624.7 route=6 laps=21 crashes=0 avg_out=178.8s avg_ret=159.4s avg_lap=350.3s best_lap=344.4
t=10624.7 route=7 laps=21 crashes=0 avg_out=198.3s avg_ret=158.2s avg_lap=368.5s best_lap=355.8
t=10624.7 route=8 laps=19 crashes=1 avg_out=185.5s avg_ret=187.1s avg_lap=384.5s best_lap=379.4
t=10624.7 TOTAL laps=160 crashes=2
t=10624.7 TUNER gen=2 results=34/64 pending=8 active=8 remaining=30 next_trial=171 rounds=[6,5,4,6,4,6,6,5]
t=10652.1 LZ_REACHED craft=Aircraft_9_nav_r5_165 route=5 outbound=298.4s t=10652.1
t=10654.6 ==== SUMMARY t=10654.6 ====
t=10654.6 route=1 laps=20 crashes=1 avg_out=156.8s avg_ret=176.0s avg_lap=344.3s best_lap=339.4
t=10654.6 route=2 laps=20 crashes=0 avg_out=214.4s avg_ret=250.9s avg_lap=477.3s best_lap=454.8
t=10654.6 route=3 laps=19 crashes=0 avg_out=243.6s avg_ret=269.4s avg_lap=525.0s best_lap=508.2
t=10654.7 route=4 laps=21 crashes=0 avg_out=200.5s avg_ret=168.8s avg_lap=381.2s best_lap=374.9
t=10654.7 route=5 laps=19 crashes=0 avg_out=295.4s avg_ret=257.5s avg_lap=564.7s best_lap=554.8
t=10654.7 route=6 laps=21 crashes=0 avg_out=178.8s avg_ret=159.4s avg_lap=350.3s best_lap=344.4
t=10654.7 route=7 laps=21 crashes=0 avg_out=198.3s avg_ret=158.2s avg_lap=368.5s best_lap=355.8
t=10654.7 route=8 laps=19 crashes=1 avg_out=185.5s avg_ret=187.1s avg_lap=384.5s best_lap=379.4
t=10654.7 TOTAL laps=160 crashes=2
t=10654.7 TUNER gen=2 results=34/64 pending=8 active=8 remaining=30 next_trial=171 rounds=[6,5,4,6,4,6,6,5]
t=10658.9 LZ_REACHED craft=Aircraft_9_nav_r6_167 route=6 outbound=179.7s t=10658.9
t=10684.7 ==== SUMMARY t=10684.7 ====
t=10684.7 route=1 laps=20 crashes=1 avg_out=156.8s avg_ret=176.0s avg_lap=344.3s best_lap=339.4
t=10684.7 route=2 laps=20 crashes=0 avg_out=214.4s avg_ret=250.9s avg_lap=477.3s best_lap=454.8
t=10684.7 route=3 laps=19 crashes=0 avg_out=243.6s avg_ret=269.4s avg_lap=525.0s best_lap=508.2
t=10684.7 route=4 laps=21 crashes=0 avg_out=200.5s avg_ret=168.8s avg_lap=381.2s best_lap=374.9
t=10684.8 route=5 laps=19 crashes=0 avg_out=295.4s avg_ret=257.5s avg_lap=564.7s best_lap=554.8
t=10684.8 route=6 laps=21 crashes=0 avg_out=178.9s avg_ret=159.4s avg_lap=350.3s best_lap=344.4
t=10684.8 route=7 laps=21 crashes=0 avg_out=198.3s avg_ret=158.2s avg_lap=368.5s best_lap=355.8
t=10684.8 route=8 laps=19 crashes=1 avg_out=185.5s avg_ret=187.1s avg_lap=384.5s best_lap=379.4
t=10684.8 TOTAL laps=160 crashes=2
t=10684.8 TUNER gen=2 results=34/64 pending=8 active=8 remaining=30 next_trial=171 rounds=[6,5,4,6,4,6,6,5]
t=10686.1 LAP_CAPTURE craft=Aircraft_9_nav_r8_164 route=8 return=185.0s lap=382.8s carrier_dist=200m t=10686.1
t=10705.1 SPAWN craft=Aircraft_9_nav_r8_171 route=8 candidate=5 trial=171 t=10705.1
t=10714.8 ==== SUMMARY t=10714.8 ====
t=10714.8 route=1 laps=20 crashes=1 avg_out=156.8s avg_ret=176.0s avg_lap=344.3s best_lap=339.4
t=10714.8 route=2 laps=20 crashes=0 avg_out=214.4s avg_ret=250.9s avg_lap=477.3s best_lap=454.8
t=10714.8 route=3 laps=19 crashes=0 avg_out=243.6s avg_ret=269.4s avg_lap=525.0s best_lap=508.2
t=10714.8 route=4 laps=21 crashes=0 avg_out=200.5s avg_ret=168.8s avg_lap=381.2s best_lap=374.9
t=10714.8 route=5 laps=19 crashes=0 avg_out=295.4s avg_ret=257.5s avg_lap=564.7s best_lap=554.8
t=10714.8 route=6 laps=21 crashes=0 avg_out=178.9s avg_ret=159.4s avg_lap=350.3s best_lap=344.4
t=10714.8 route=7 laps=21 crashes=0 avg_out=198.3s avg_ret=158.2s avg_lap=368.5s best_lap=355.8
t=10714.8 route=8 laps=20 crashes=1 avg_out=185.5s avg_ret=187.0s avg_lap=384.4s best_lap=379.4
t=10714.9 TOTAL laps=161 crashes=2
t=10714.9 TUNER gen=2 results=35/64 pending=8 active=8 remaining=29 next_trial=172 rounds=[6,5,4,6,4,6,6,6]
t=10721.7 LAP_CAPTURE craft=Aircraft_9_nav_r1_166 route=1 return=181.5s lap=348.0s carrier_dist=200m t=10721.7
t=10730.4 LZ_REACHED craft=Aircraft_9_nav_r4_168 route=4 outbound=201.1s t=10730.4
t=10740.3 SPAWN craft=Aircraft_9_nav_r1_172 route=1 candidate=7 trial=172 t=10740.3
t=10744.9 ==== SUMMARY t=10744.9 ====
t=10744.9 route=1 laps=21 crashes=1 avg_out=156.8s avg_ret=176.3s avg_lap=344.5s best_lap=339.4
t=10744.9 route=2 laps=20 crashes=0 avg_out=214.4s avg_ret=250.9s avg_lap=477.3s best_lap=454.8
t=10744.9 route=3 laps=19 crashes=0 avg_out=243.6s avg_ret=269.4s avg_lap=525.0s best_lap=508.2
t=10744.9 route=4 laps=21 crashes=0 avg_out=200.5s avg_ret=168.8s avg_lap=381.2s best_lap=374.9
t=10744.9 route=5 laps=19 crashes=0 avg_out=295.4s avg_ret=257.5s avg_lap=564.7s best_lap=554.8
t=10744.9 route=6 laps=21 crashes=0 avg_out=178.9s avg_ret=159.4s avg_lap=350.3s best_lap=344.4
t=10744.9 route=7 laps=21 crashes=0 avg_out=198.3s avg_ret=158.2s avg_lap=368.5s best_lap=355.8
t=10744.9 route=8 laps=20 crashes=1 avg_out=185.5s avg_ret=187.0s avg_lap=384.4s best_lap=379.4
t=10744.9 TOTAL laps=162 crashes=2
t=10744.9 TUNER gen=2 results=36/64 pending=8 active=8 remaining=28 next_trial=173 rounds=[7,5,4,6,4,6,6,6]
t=10758.9 LAP_CAPTURE craft=Aircraft_9_nav_r3_163 route=3 return=271.0s lap=525.7s carrier_dist=200m t=10758.9
t=10774.5 LZ_REACHED craft=Aircraft_9_nav_r2_169 route=2 outbound=215.0s t=10774.5
t=10775.0 ==== SUMMARY t=10775.0 ====
t=10775.0 route=1 laps=21 crashes=1 avg_out=156.8s avg_ret=176.3s avg_lap=344.5s best_lap=339.4
t=10775.0 route=2 laps=20 crashes=0 avg_out=214.4s avg_ret=250.9s avg_lap=477.3s best_lap=454.8
t=10775.0 route=3 laps=20 crashes=0 avg_out=243.6s avg_ret=269.4s avg_lap=525.1s best_lap=508.2
t=10775.0 route=4 laps=21 crashes=0 avg_out=200.5s avg_ret=168.8s avg_lap=381.2s best_lap=374.9
t=10775.0 route=5 laps=19 crashes=0 avg_out=295.4s avg_ret=257.5s avg_lap=564.7s best_lap=554.8
t=10775.0 route=6 laps=21 crashes=0 avg_out=178.9s avg_ret=159.4s avg_lap=350.3s best_lap=344.4
t=10775.0 route=7 laps=21 crashes=0 avg_out=198.3s avg_ret=158.2s avg_lap=368.5s best_lap=355.8
t=10775.0 route=8 laps=20 crashes=1 avg_out=185.5s avg_ret=187.0s avg_lap=384.4s best_lap=379.4
t=10775.0 TOTAL laps=163 crashes=2
t=10775.0 TUNER gen=2 results=37/64 pending=8 active=8 remaining=27 next_trial=174 rounds=[7,5,5,6,4,6,6,6]
t=10775.5 SPAWN craft=Aircraft_9_nav_r3_173 route=3 candidate=7 trial=173 t=10775.5
t=10793.5 LZ_REACHED craft=Aircraft_9_nav_r7_170 route=7 outbound=198.8s t=10793.5
t=10805.0 ==== SUMMARY t=10805.0 ====
t=10805.0 route=1 laps=21 crashes=1 avg_out=156.8s avg_ret=176.3s avg_lap=344.5s best_lap=339.4
t=10805.0 route=2 laps=20 crashes=0 avg_out=214.4s avg_ret=250.9s avg_lap=477.3s best_lap=454.8
t=10805.0 route=3 laps=20 crashes=0 avg_out=243.6s avg_ret=269.4s avg_lap=525.1s best_lap=508.2
t=10805.0 route=4 laps=21 crashes=0 avg_out=200.5s avg_ret=168.8s avg_lap=381.2s best_lap=374.9
t=10805.0 route=5 laps=19 crashes=0 avg_out=295.4s avg_ret=257.5s avg_lap=564.7s best_lap=554.8
t=10805.0 route=6 laps=21 crashes=0 avg_out=178.9s avg_ret=159.4s avg_lap=350.3s best_lap=344.4
t=10805.0 route=7 laps=21 crashes=0 avg_out=198.3s avg_ret=158.2s avg_lap=368.5s best_lap=355.8
t=10805.1 route=8 laps=20 crashes=1 avg_out=185.5s avg_ret=187.0s avg_lap=384.4s best_lap=379.4
t=10805.1 TOTAL laps=163 crashes=2
t=10805.1 TUNER gen=2 results=37/64 pending=8 active=8 remaining=27 next_trial=174 rounds=[7,5,5,6,4,6,6,6]
t=10831.5 LAP_CAPTURE craft=Aircraft_9_nav_r6_167 route=6 return=160.5s lap=352.3s carrier_dist=200m t=10831.5
t=10835.1 ==== SUMMARY t=10835.1 ====
t=10835.1 route=1 laps=21 crashes=1 avg_out=156.8s avg_ret=176.3s avg_lap=344.5s best_lap=339.4
t=10835.1 route=2 laps=20 crashes=0 avg_out=214.4s avg_ret=250.9s avg_lap=477.3s best_lap=454.8
t=10835.1 route=3 laps=20 crashes=0 avg_out=243.6s avg_ret=269.4s avg_lap=525.1s best_lap=508.2
t=10835.1 route=4 laps=21 crashes=0 avg_out=200.5s avg_ret=168.8s avg_lap=381.2s best_lap=374.9
t=10835.1 route=5 laps=19 crashes=0 avg_out=295.4s avg_ret=257.5s avg_lap=564.7s best_lap=554.8
t=10835.1 route=6 laps=22 crashes=0 avg_out=178.9s avg_ret=159.5s avg_lap=350.4s best_lap=344.4
t=10835.1 route=7 laps=21 crashes=0 avg_out=198.3s avg_ret=158.2s avg_lap=368.5s best_lap=355.8
t=10835.1 route=8 laps=20 crashes=1 avg_out=185.5s avg_ret=187.0s avg_lap=384.4s best_lap=379.4
t=10835.1 TOTAL laps=164 crashes=2
t=10835.1 TUNER gen=2 results=38/64 pending=7 active=7 remaining=26 next_trial=174 rounds=[7,5,5,6,4,6,6,6]
t=10851.0 SPAWN craft=Aircraft_9_nav_r6_174 route=6 candidate=4 trial=174 t=10851.0
t=10865.2 ==== SUMMARY t=10865.2 ====
t=10865.2 route=1 laps=21 crashes=1 avg_out=156.8s avg_ret=176.3s avg_lap=344.5s best_lap=339.4
t=10865.2 route=2 laps=20 crashes=0 avg_out=214.4s avg_ret=250.9s avg_lap=477.3s best_lap=454.8
t=10865.2 route=3 laps=20 crashes=0 avg_out=243.6s avg_ret=269.4s avg_lap=525.1s best_lap=508.2
t=10865.2 route=4 laps=21 crashes=0 avg_out=200.5s avg_ret=168.8s avg_lap=381.2s best_lap=374.9
t=10865.2 route=5 laps=19 crashes=0 avg_out=295.4s avg_ret=257.5s avg_lap=564.7s best_lap=554.8
t=10865.2 route=6 laps=22 crashes=0 avg_out=178.9s avg_ret=159.5s avg_lap=350.4s best_lap=344.4
t=10865.2 route=7 laps=21 crashes=0 avg_out=198.3s avg_ret=158.2s avg_lap=368.5s best_lap=355.8
t=10865.2 route=8 laps=20 crashes=1 avg_out=185.5s avg_ret=187.0s avg_lap=384.4s best_lap=379.4
t=10865.2 TOTAL laps=164 crashes=2
t=10865.2 TUNER gen=2 results=38/64 pending=8 active=8 remaining=26 next_trial=175 rounds=[7,5,5,6,4,7,6,6]
t=10886.4 LZ_REACHED craft=Aircraft_9_nav_r8_171 route=8 outbound=181.2s t=10886.4
t=10895.2 ==== SUMMARY t=10895.2 ====
t=10895.2 route=1 laps=21 crashes=1 avg_out=156.8s avg_ret=176.3s avg_lap=344.5s best_lap=339.4
t=10895.2 route=2 laps=20 crashes=0 avg_out=214.4s avg_ret=250.9s avg_lap=477.3s best_lap=454.8
t=10895.2 route=3 laps=20 crashes=0 avg_out=243.6s avg_ret=269.4s avg_lap=525.1s best_lap=508.2
t=10895.2 route=4 laps=21 crashes=0 avg_out=200.5s avg_ret=168.8s avg_lap=381.2s best_lap=374.9
t=10895.2 route=5 laps=19 crashes=0 avg_out=295.4s avg_ret=257.5s avg_lap=564.7s best_lap=554.8
t=10895.2 route=6 laps=22 crashes=0 avg_out=178.9s avg_ret=159.5s avg_lap=350.4s best_lap=344.4
t=10895.2 route=7 laps=21 crashes=0 avg_out=198.3s avg_ret=158.2s avg_lap=368.5s best_lap=355.8
t=10895.2 route=8 laps=20 crashes=1 avg_out=185.3s avg_ret=187.0s avg_lap=384.4s best_lap=379.4
t=10895.2 TOTAL laps=164 crashes=2
t=10895.3 TUNER gen=2 results=38/64 pending=8 active=8 remaining=26 next_trial=175 rounds=[7,5,5,6,4,7,6,6]
t=10899.5 LZ_REACHED craft=Aircraft_9_nav_r1_172 route=1 outbound=159.2s t=10899.5
t=10910.7 LAP_CAPTURE craft=Aircraft_9_nav_r4_168 route=4 return=168.3s lap=381.4s carrier_dist=200m t=10910.7
t=10922.9 LAP_CAPTURE craft=Aircraft_9_nav_r5_165 route=5 return=258.9s lap=569.2s carrier_dist=200m t=10922.9
t=10925.2 ==== SUMMARY t=10925.2 ====
t=10925.2 route=1 laps=21 crashes=1 avg_out=156.9s avg_ret=176.3s avg_lap=344.5s best_lap=339.4
t=10925.2 route=2 laps=20 crashes=0 avg_out=214.4s avg_ret=250.9s avg_lap=477.3s best_lap=454.8
t=10925.2 route=3 laps=20 crashes=0 avg_out=243.6s avg_ret=269.4s avg_lap=525.1s best_lap=508.2
t=10925.2 route=4 laps=22 crashes=0 avg_out=200.5s avg_ret=168.8s avg_lap=381.3s best_lap=374.9
t=10925.2 route=5 laps=20 crashes=0 avg_out=295.4s avg_ret=257.6s avg_lap=565.0s best_lap=554.8
t=10925.2 route=6 laps=22 crashes=0 avg_out=178.9s avg_ret=159.5s avg_lap=350.4s best_lap=344.4
t=10925.2 route=7 laps=21 crashes=0 avg_out=198.3s avg_ret=158.2s avg_lap=368.5s best_lap=355.8
t=10925.3 route=8 laps=20 crashes=1 avg_out=185.3s avg_ret=187.0s avg_lap=384.4s best_lap=379.4
t=10925.3 TOTAL laps=166 crashes=2
t=10925.3 TUNER gen=2 results=40/64 pending=7 active=7 remaining=24 next_trial=176 rounds=[7,5,5,7,4,7,6,6]
t=10930.4 LAUNCH_BLOCKED reason=deck_busy active=7 stored=1 no_active_s=0.0 state=AIRCRAFT_ON_DECK tractor_cleanup=false elevator_transfer=false deck=Aircraft_9_nav_r4_175 pending=none clearance=none queue=0
t=10931.2 SPAWN craft=Aircraft_9_nav_r4_175 route=4 candidate=2 trial=175 t=10931.2
t=10951.4 SPAWN craft=Aircraft_9_nav_r5_176 route=5 candidate=1 trial=176 t=10951.4
t=10955.4 ==== SUMMARY t=10955.4 ====
t=10955.4 route=1 laps=21 crashes=1 avg_out=156.9s avg_ret=176.3s avg_lap=344.5s best_lap=339.4
t=10955.4 route=2 laps=20 crashes=0 avg_out=214.4s avg_ret=250.9s avg_lap=477.3s best_lap=454.8
t=10955.4 route=3 laps=20 crashes=0 avg_out=243.6s avg_ret=269.4s avg_lap=525.1s best_lap=508.2
t=10955.4 route=4 laps=22 crashes=0 avg_out=200.5s avg_ret=168.8s avg_lap=381.3s best_lap=374.9
t=10955.4 route=5 laps=20 crashes=0 avg_out=295.4s avg_ret=257.6s avg_lap=565.0s best_lap=554.8
t=10955.4 route=6 laps=22 crashes=0 avg_out=178.9s avg_ret=159.5s avg_lap=350.4s best_lap=344.4
t=10955.4 route=7 laps=21 crashes=0 avg_out=198.3s avg_ret=158.2s avg_lap=368.5s best_lap=355.8
t=10955.4 route=8 laps=20 crashes=1 avg_out=185.3s avg_ret=187.0s avg_lap=384.4s best_lap=379.4
t=10955.4 TOTAL laps=166 crashes=2
t=10955.4 TUNER gen=2 results=40/64 pending=8 active=8 remaining=24 next_trial=177 rounds=[7,5,5,7,5,7,6,6]
t=10963.8 LAP_CAPTURE craft=Aircraft_9_nav_r7_170 route=7 return=158.3s lap=369.0s carrier_dist=200m t=10963.8
t=10981.5 SPAWN craft=Aircraft_9_nav_r7_177 route=7 candidate=5 trial=177 t=10981.5
t=10985.4 ==== SUMMARY t=10985.4 ====
t=10985.4 route=1 laps=21 crashes=1 avg_out=156.9s avg_ret=176.3s avg_lap=344.5s best_lap=339.4
t=10985.4 route=2 laps=20 crashes=0 avg_out=214.4s avg_ret=250.9s avg_lap=477.3s best_lap=454.8
t=10985.4 route=3 laps=20 crashes=0 avg_out=243.6s avg_ret=269.4s avg_lap=525.1s best_lap=508.2
t=10985.5 route=4 laps=22 crashes=0 avg_out=200.5s avg_ret=168.8s avg_lap=381.3s best_lap=374.9
t=10985.5 route=5 laps=20 crashes=0 avg_out=295.4s avg_ret=257.6s avg_lap=565.0s best_lap=554.8
t=10985.5 route=6 laps=22 crashes=0 avg_out=178.9s avg_ret=159.5s avg_lap=350.4s best_lap=344.4
t=10985.5 route=7 laps=22 crashes=0 avg_out=198.3s avg_ret=158.2s avg_lap=368.5s best_lap=355.8
t=10985.5 route=8 laps=20 crashes=1 avg_out=185.3s avg_ret=187.0s avg_lap=384.4s best_lap=379.4
t=10985.5 TOTAL laps=167 crashes=2
t=10985.5 TUNER gen=2 results=41/64 pending=8 active=8 remaining=23 next_trial=178 rounds=[7,5,5,7,5,7,7,6]
t=11015.4 ==== SUMMARY t=11015.4 ====
t=11015.4 route=1 laps=21 crashes=1 avg_out=156.9s avg_ret=176.3s avg_lap=344.5s best_lap=339.4
t=11015.5 route=2 laps=20 crashes=0 avg_out=214.4s avg_ret=250.9s avg_lap=477.3s best_lap=454.8
t=11015.5 route=3 laps=20 crashes=0 avg_out=243.6s avg_ret=269.4s avg_lap=525.1s best_lap=508.2
t=11015.5 route=4 laps=22 crashes=0 avg_out=200.5s avg_ret=168.8s avg_lap=381.3s best_lap=374.9
t=11015.5 route=5 laps=20 crashes=0 avg_out=295.4s avg_ret=257.6s avg_lap=565.0s best_lap=554.8
t=11015.5 route=6 laps=22 crashes=0 avg_out=178.9s avg_ret=159.5s avg_lap=350.4s best_lap=344.4
t=11015.5 route=7 laps=22 crashes=0 avg_out=198.3s avg_ret=158.2s avg_lap=368.5s best_lap=355.8
t=11015.5 route=8 laps=20 crashes=1 avg_out=185.3s avg_ret=187.0s avg_lap=384.4s best_lap=379.4
t=11015.5 TOTAL laps=167 crashes=2
t=11015.5 TUNER gen=2 results=41/64 pending=8 active=8 remaining=23 next_trial=178 rounds=[7,5,5,7,5,7,7,6]
t=11020.4 LZ_REACHED craft=Aircraft_9_nav_r3_173 route=3 outbound=244.9s t=11020.4
t=11030.0 LZ_REACHED craft=Aircraft_9_nav_r6_174 route=6 outbound=179.1s t=11030.0
t=11035.3 LAP_CAPTURE craft=Aircraft_9_nav_r2_169 route=2 return=248.7s lap=475.7s carrier_dist=200m t=11035.3
t=11045.6 ==== SUMMARY t=11045.6 ====
t=11045.6 route=1 laps=21 crashes=1 avg_out=156.9s avg_ret=176.3s avg_lap=344.5s best_lap=339.4
t=11045.6 route=2 laps=21 crashes=0 avg_out=214.4s avg_ret=250.8s avg_lap=477.2s best_lap=454.8
t=11045.6 route=3 laps=20 crashes=0 avg_out=243.7s avg_ret=269.4s avg_lap=525.1s best_lap=508.2
t=11045.6 route=4 laps=22 crashes=0 avg_out=200.5s avg_ret=168.8s avg_lap=381.3s best_lap=374.9
t=11045.6 route=5 laps=20 crashes=0 avg_out=295.4s avg_ret=257.6s avg_lap=565.0s best_lap=554.8
t=11045.6 route=6 laps=22 crashes=0 avg_out=178.9s avg_ret=159.5s avg_lap=350.4s best_lap=344.4
t=11045.6 route=7 laps=22 crashes=0 avg_out=198.3s avg_ret=158.2s avg_lap=368.5s best_lap=355.8
t=11045.6 route=8 laps=20 crashes=1 avg_out=185.3s avg_ret=187.0s avg_lap=384.4s best_lap=379.4
t=11045.6 TOTAL laps=168 crashes=2
t=11045.6 TUNER gen=2 results=42/64 pending=8 active=8 remaining=22 next_trial=179 rounds=[7,6,5,7,5,7,7,6]
t=11051.9 SPAWN craft=Aircraft_9_nav_r2_178 route=2 candidate=7 trial=178 t=11051.9
t=11075.6 ==== SUMMARY t=11075.6 ====
t=11075.6 route=1 laps=21 crashes=1 avg_out=156.9s avg_ret=176.3s avg_lap=344.5s best_lap=339.4
t=11075.6 route=2 laps=21 crashes=0 avg_out=214.4s avg_ret=250.8s avg_lap=477.2s best_lap=454.8
t=11075.6 route=3 laps=20 crashes=0 avg_out=243.7s avg_ret=269.4s avg_lap=525.1s best_lap=508.2
t=11075.6 route=4 laps=22 crashes=0 avg_out=200.5s avg_ret=168.8s avg_lap=381.3s best_lap=374.9
t=11075.6 route=5 laps=20 crashes=0 avg_out=295.4s avg_ret=257.6s avg_lap=565.0s best_lap=554.8
t=11075.6 route=6 laps=22 crashes=0 avg_out=178.9s avg_ret=159.5s avg_lap=350.4s best_lap=344.4
t=11075.6 route=7 laps=22 crashes=0 avg_out=198.3s avg_ret=158.2s avg_lap=368.5s best_lap=355.8
t=11075.6 route=8 laps=20 crashes=1 avg_out=185.3s avg_ret=187.0s avg_lap=384.4s best_lap=379.4
t=11075.6 TOTAL laps=168 crashes=2
t=11075.6 TUNER gen=2 results=42/64 pending=8 active=8 remaining=22 next_trial=179 rounds=[7,6,5,7,5,7,7,6]
t=11080.9 LAP_CAPTURE craft=Aircraft_9_nav_r8_171 route=8 return=182.6s lap=375.8s carrier_dist=200m t=11080.9
t=11086.2 LAUNCH_BLOCKED reason=landing_or_storage_busy active=7 stored=1 no_active_s=0.0 state=IDLE tractor_cleanup=false elevator_transfer=false deck=Aircraft_9_nav_r2_178 pending=none clearance=Aircraft_9_nav_r1_172 queue=0
t=11101.2 LAUNCH_BLOCKED reason=landing_or_storage_busy active=7 stored=1 no_active_s=0.0 state=IDLE tractor_cleanup=false elevator_transfer=false deck=Aircraft_9_nav_r2_178 pending=none clearance=Aircraft_9_nav_r1_172 queue=0
t=11105.6 ==== SUMMARY t=11105.6 ====
t=11105.6 route=1 laps=21 crashes=1 avg_out=156.9s avg_ret=176.3s avg_lap=344.5s best_lap=339.4
t=11105.6 route=2 laps=21 crashes=0 avg_out=214.4s avg_ret=250.8s avg_lap=477.2s best_lap=454.8
t=11105.6 route=3 laps=20 crashes=0 avg_out=243.7s avg_ret=269.4s avg_lap=525.1s best_lap=508.2
t=11105.6 route=4 laps=22 crashes=0 avg_out=200.5s avg_ret=168.8s avg_lap=381.3s best_lap=374.9
t=11105.6 route=5 laps=20 crashes=0 avg_out=295.4s avg_ret=257.6s avg_lap=565.0s best_lap=554.8
t=11105.6 route=6 laps=22 crashes=0 avg_out=178.9s avg_ret=159.5s avg_lap=350.4s best_lap=344.4
t=11105.6 route=7 laps=22 crashes=0 avg_out=198.3s avg_ret=158.2s avg_lap=368.5s best_lap=355.8
t=11105.6 route=8 laps=21 crashes=1 avg_out=185.3s avg_ret=186.8s avg_lap=384.0s best_lap=375.8
t=11105.7 TOTAL laps=169 crashes=2
t=11105.7 TUNER gen=2 results=43/64 pending=7 active=7 remaining=21 next_trial=179 rounds=[7,6,5,7,5,7,7,6]
t=11116.3 LAUNCH_BLOCKED reason=landing_or_storage_busy active=7 stored=1 no_active_s=0.0 state=IDLE tractor_cleanup=false elevator_transfer=false deck=Aircraft_9_nav_r2_178 pending=none clearance=Aircraft_9_nav_r1_172 queue=0
t=11131.4 LAUNCH_BLOCKED reason=landing_or_storage_busy active=7 stored=1 no_active_s=0.0 state=IDLE tractor_cleanup=false elevator_transfer=false deck=Aircraft_9_nav_r2_178 pending=none clearance=Aircraft_9_nav_r1_172 queue=0
t=11132.9 LZ_REACHED craft=Aircraft_9_nav_r4_175 route=4 outbound=201.7s t=11132.9
t=11135.6 ==== SUMMARY t=11135.6 ====
t=11135.6 route=1 laps=21 crashes=1 avg_out=156.9s avg_ret=176.3s avg_lap=344.5s best_lap=339.4
t=11135.6 route=2 laps=21 crashes=0 avg_out=214.4s avg_ret=250.8s avg_lap=477.2s best_lap=454.8
t=11135.6 route=3 laps=20 crashes=0 avg_out=243.7s avg_ret=269.4s avg_lap=525.1s best_lap=508.2
t=11135.6 route=4 laps=22 crashes=0 avg_out=200.5s avg_ret=168.8s avg_lap=381.3s best_lap=374.9
t=11135.6 route=5 laps=20 crashes=0 avg_out=295.4s avg_ret=257.6s avg_lap=565.0s best_lap=554.8
t=11135.6 route=6 laps=22 crashes=0 avg_out=178.9s avg_ret=159.5s avg_lap=350.4s best_lap=344.4
t=11135.7 route=7 laps=22 crashes=0 avg_out=198.3s avg_ret=158.2s avg_lap=368.5s best_lap=355.8
t=11135.7 route=8 laps=21 crashes=1 avg_out=185.3s avg_ret=186.8s avg_lap=384.0s best_lap=375.8
t=11135.7 TOTAL laps=169 crashes=2
t=11135.7 TUNER gen=2 results=43/64 pending=7 active=7 remaining=21 next_trial=179 rounds=[7,6,5,7,5,7,7,6]
t=11146.4 LAUNCH_BLOCKED reason=landing_or_storage_busy active=7 stored=1 no_active_s=0.0 state=IDLE tractor_cleanup=false elevator_transfer=false deck=Aircraft_9_nav_r2_178 pending=none clearance=Aircraft_9_nav_r1_172 queue=0
t=11161.5 LAUNCH_BLOCKED reason=landing_or_storage_busy active=7 stored=1 no_active_s=0.0 state=IDLE tractor_cleanup=false elevator_transfer=false deck=Aircraft_9_nav_r2_178 pending=none clearance=Aircraft_9_nav_r1_172 queue=0
t=11165.6 ==== SUMMARY t=11165.6 ====
t=11165.6 route=1 laps=21 crashes=1 avg_out=156.9s avg_ret=176.3s avg_lap=344.5s best_lap=339.4
t=11165.6 route=2 laps=21 crashes=0 avg_out=214.4s avg_ret=250.8s avg_lap=477.2s best_lap=454.8
t=11165.7 route=3 laps=20 crashes=0 avg_out=243.7s avg_ret=269.4s avg_lap=525.1s best_lap=508.2
t=11165.7 route=4 laps=22 crashes=0 avg_out=200.5s avg_ret=168.8s avg_lap=381.3s best_lap=374.9
t=11165.7 route=5 laps=20 crashes=0 avg_out=295.4s avg_ret=257.6s avg_lap=565.0s best_lap=554.8
t=11165.7 route=6 laps=22 crashes=0 avg_out=178.9s avg_ret=159.5s avg_lap=350.4s best_lap=344.4
t=11165.7 route=7 laps=22 crashes=0 avg_out=198.3s avg_ret=158.2s avg_lap=368.5s best_lap=355.8
t=11165.7 route=8 laps=21 crashes=1 avg_out=185.3s avg_ret=186.8s avg_lap=384.0s best_lap=375.8
t=11165.7 TOTAL laps=169 crashes=2
t=11165.7 TUNER gen=2 results=43/64 pending=7 active=7 remaining=21 next_trial=179 rounds=[7,6,5,7,5,7,7,6]
t=11176.5 LAUNCH_BLOCKED reason=landing_or_storage_busy active=7 stored=1 no_active_s=0.0 state=IDLE tractor_cleanup=false elevator_transfer=false deck=Aircraft_9_nav_r2_178 pending=none clearance=Aircraft_9_nav_r1_172 queue=0
t=11178.5 LZ_REACHED craft=Aircraft_9_nav_r7_177 route=7 outbound=197.1s t=11178.5
t=11191.6 LAUNCH_BLOCKED reason=landing_or_storage_busy active=7 stored=1 no_active_s=0.0 state=IDLE tractor_cleanup=false elevator_transfer=false deck=Aircraft_9_nav_r2_178 pending=none clearance=Aircraft_9_nav_r1_172 queue=0
t=11195.7 ==== SUMMARY t=11195.7 ====
t=11195.7 route=1 laps=21 crashes=1 avg_out=156.9s avg_ret=176.3s avg_lap=344.5s best_lap=339.4
t=11195.7 route=2 laps=21 crashes=0 avg_out=214.4s avg_ret=250.8s avg_lap=477.2s best_lap=454.8
t=11195.7 route=3 laps=20 crashes=0 avg_out=243.7s avg_ret=269.4s avg_lap=525.1s best_lap=508.2
t=11195.7 route=4 laps=22 crashes=0 avg_out=200.5s avg_ret=168.8s avg_lap=381.3s best_lap=374.9
t=11195.7 route=5 laps=20 crashes=0 avg_out=295.4s avg_ret=257.6s avg_lap=565.0s best_lap=554.8
t=11195.7 route=6 laps=22 crashes=0 avg_out=178.9s avg_ret=159.5s avg_lap=350.4s best_lap=344.4
t=11195.7 route=7 laps=22 crashes=0 avg_out=198.3s avg_ret=158.2s avg_lap=368.5s best_lap=355.8
t=11195.7 route=8 laps=21 crashes=1 avg_out=185.3s avg_ret=186.8s avg_lap=384.0s best_lap=375.8
t=11195.7 TOTAL laps=169 crashes=2
t=11195.7 TUNER gen=2 results=43/64 pending=7 active=7 remaining=21 next_trial=179 rounds=[7,6,5,7,5,7,7,6]
t=11201.7 LAP_CAPTURE craft=Aircraft_9_nav_r6_174 route=6 return=159.5s lap=350.7s carrier_dist=200m t=11201.7
t=11206.6 LAUNCH_BLOCKED reason=landing_or_storage_busy active=6 stored=1 no_active_s=0.0 state=IDLE tractor_cleanup=false elevator_transfer=false deck=Aircraft_9_nav_r2_178 pending=none clearance=Aircraft_9_nav_r1_172 queue=0
t=11221.6 LAUNCH_BLOCKED reason=landing_or_storage_busy active=6 stored=2 no_active_s=0.0 state=IDLE tractor_cleanup=false elevator_transfer=false deck=Aircraft_9_nav_r2_178 pending=none clearance=Aircraft_9_nav_r1_172 queue=0
t=11225.7 ==== SUMMARY t=11225.7 ====
t=11225.7 route=1 laps=21 crashes=1 avg_out=156.9s avg_ret=176.3s avg_lap=344.5s best_lap=339.4
t=11225.7 route=2 laps=21 crashes=0 avg_out=214.4s avg_ret=250.8s avg_lap=477.2s best_lap=454.8
t=11225.7 route=3 laps=20 crashes=0 avg_out=243.7s avg_ret=269.4s avg_lap=525.1s best_lap=508.2
t=11225.7 route=4 laps=22 crashes=0 avg_out=200.5s avg_ret=168.8s avg_lap=381.3s best_lap=374.9
t=11225.7 route=5 laps=20 crashes=0 avg_out=295.4s avg_ret=257.6s avg_lap=565.0s best_lap=554.8
t=11225.7 route=6 laps=23 crashes=0 avg_out=178.9s avg_ret=159.5s avg_lap=350.4s best_lap=344.4
t=11225.7 route=7 laps=22 crashes=0 avg_out=198.3s avg_ret=158.2s avg_lap=368.5s best_lap=355.8
t=11225.7 route=8 laps=21 crashes=1 avg_out=185.3s avg_ret=186.8s avg_lap=384.0s best_lap=375.8
t=11225.7 TOTAL laps=170 crashes=2
t=11225.7 TUNER gen=2 results=44/64 pending=6 active=6 remaining=20 next_trial=179 rounds=[7,6,5,7,5,7,7,6]
t=11236.7 LAUNCH_BLOCKED reason=landing_or_storage_busy active=6 stored=2 no_active_s=0.0 state=IDLE tractor_cleanup=false elevator_transfer=false deck=Aircraft_9_nav_r2_178 pending=none clearance=Aircraft_9_nav_r1_172 queue=0
t=11245.8 LZ_REACHED craft=Aircraft_9_nav_r5_176 route=5 outbound=294.5s t=11245.8
t=11251.8 LAUNCH_BLOCKED reason=landing_or_storage_busy active=6 stored=2 no_active_s=0.0 state=IDLE tractor_cleanup=false elevator_transfer=false deck=Aircraft_9_nav_r2_178 pending=none clearance=Aircraft_9_nav_r1_172 queue=0
t=11255.7 ==== SUMMARY t=11255.7 ====
t=11255.7 route=1 laps=21 crashes=1 avg_out=156.9s avg_ret=176.3s avg_lap=344.5s best_lap=339.4
t=11255.7 route=2 laps=21 crashes=0 avg_out=214.4s avg_ret=250.8s avg_lap=477.2s best_lap=454.8
t=11255.7 route=3 laps=20 crashes=0 avg_out=243.7s avg_ret=269.4s avg_lap=525.1s best_lap=508.2
t=11255.7 route=4 laps=22 crashes=0 avg_out=200.5s avg_ret=168.8s avg_lap=381.3s best_lap=374.9
t=11255.7 route=5 laps=20 crashes=0 avg_out=295.3s avg_ret=257.6s avg_lap=565.0s best_lap=554.8
t=11255.7 route=6 laps=23 crashes=0 avg_out=178.9s avg_ret=159.5s avg_lap=350.4s best_lap=344.4
t=11255.7 route=7 laps=22 crashes=0 avg_out=198.3s avg_ret=158.2s avg_lap=368.5s best_lap=355.8
t=11255.7 route=8 laps=21 crashes=1 avg_out=185.3s avg_ret=186.8s avg_lap=384.0s best_lap=375.8
t=11255.7 TOTAL laps=170 crashes=2
t=11255.7 TUNER gen=2 results=44/64 pending=6 active=6 remaining=20 next_trial=179 rounds=[7,6,5,7,5,7,7,6]
t=11266.0 LZ_REACHED craft=Aircraft_9_nav_r2_178 route=2 outbound=214.1s t=11266.0
t=11266.9 LAUNCH_BLOCKED reason=landing_or_storage_busy active=6 stored=2 no_active_s=0.0 state=IDLE tractor_cleanup=false elevator_transfer=false deck=Aircraft_9_nav_r2_178 pending=none clearance=Aircraft_9_nav_r1_172 queue=0
t=11281.9 LAUNCH_BLOCKED reason=landing_or_storage_busy active=6 stored=2 no_active_s=0.0 state=IDLE tractor_cleanup=false elevator_transfer=false deck=Aircraft_9_nav_r2_178 pending=none clearance=Aircraft_9_nav_r1_172 queue=0
t=11285.8 ==== SUMMARY t=11285.8 ====
t=11285.8 route=1 laps=21 crashes=1 avg_out=156.9s avg_ret=176.3s avg_lap=344.5s best_lap=339.4
t=11285.8 route=2 laps=21 crashes=0 avg_out=214.4s avg_ret=250.8s avg_lap=477.2s best_lap=454.8
t=11285.8 route=3 laps=20 crashes=0 avg_out=243.7s avg_ret=269.4s avg_lap=525.1s best_lap=508.2
t=11285.8 route=4 laps=22 crashes=0 avg_out=200.5s avg_ret=168.8s avg_lap=381.3s best_lap=374.9
t=11285.8 route=5 laps=20 crashes=0 avg_out=295.3s avg_ret=257.6s avg_lap=565.0s best_lap=554.8
t=11285.8 route=6 laps=23 crashes=0 avg_out=178.9s avg_ret=159.5s avg_lap=350.4s best_lap=344.4
t=11285.8 route=7 laps=22 crashes=0 avg_out=198.3s avg_ret=158.2s avg_lap=368.5s best_lap=355.8
t=11285.8 route=8 laps=21 crashes=1 avg_out=185.3s avg_ret=186.8s avg_lap=384.0s best_lap=375.8
t=11285.8 TOTAL laps=170 crashes=2
t=11285.8 TUNER gen=2 results=44/64 pending=6 active=6 remaining=20 next_trial=179 rounds=[7,6,5,7,5,7,7,6]
t=11297.0 LAUNCH_BLOCKED reason=landing_or_storage_busy active=6 stored=2 no_active_s=0.0 state=IDLE tractor_cleanup=false elevator_transfer=false deck=Aircraft_9_nav_r2_178 pending=none clearance=Aircraft_9_nav_r1_172 queue=0
t=11298.1 LAP_CAPTURE craft=Aircraft_9_nav_r3_173 route=3 return=265.8s lap=522.7s carrier_dist=200m t=11298.1
t=11312.0 LAUNCH_BLOCKED reason=landing_or_storage_busy active=5 stored=3 no_active_s=0.0 state=IDLE tractor_cleanup=false elevator_transfer=false deck=Aircraft_9_nav_r2_178 pending=none clearance=Aircraft_9_nav_r1_172 queue=0
t=11313.7 LAP_CAPTURE craft=Aircraft_9_nav_r4_175 route=4 return=168.8s lap=382.5s carrier_dist=200m t=11313.7
t=11315.8 ==== SUMMARY t=11315.8 ====
t=11315.8 route=1 laps=21 crashes=1 avg_out=156.9s avg_ret=176.3s avg_lap=344.5s best_lap=339.4
t=11315.8 route=2 laps=21 crashes=0 avg_out=214.4s avg_ret=250.8s avg_lap=477.2s best_lap=454.8
t=11315.8 route=3 laps=21 crashes=0 avg_out=243.7s avg_ret=269.3s avg_lap=524.9s best_lap=508.2
t=11315.8 route=4 laps=23 crashes=0 avg_out=200.5s avg_ret=168.8s avg_lap=381.3s best_lap=374.9
t=11315.8 route=5 laps=20 crashes=0 avg_out=295.3s avg_ret=257.6s avg_lap=565.0s best_lap=554.8
t=11315.8 route=6 laps=23 crashes=0 avg_out=178.9s avg_ret=159.5s avg_lap=350.4s best_lap=344.4
t=11315.8 route=7 laps=22 crashes=0 avg_out=198.3s avg_ret=158.2s avg_lap=368.5s best_lap=355.8
t=11315.8 route=8 laps=21 crashes=1 avg_out=185.3s avg_ret=186.8s avg_lap=384.0s best_lap=375.8
t=11315.9 TOTAL laps=172 crashes=2
t=11315.9 TUNER gen=2 results=46/64 pending=4 active=4 remaining=18 next_trial=179 rounds=[7,6,5,7,5,7,7,6]
t=11327.1 LAUNCH_BLOCKED reason=landing_or_storage_busy active=4 stored=4 no_active_s=0.0 state=IDLE tractor_cleanup=false elevator_transfer=false deck=Aircraft_9_nav_r2_178 pending=none clearance=Aircraft_9_nav_r1_172 queue=0
t=11342.1 LAUNCH_BLOCKED reason=landing_or_storage_busy active=4 stored=4 no_active_s=0.0 state=IDLE tractor_cleanup=false elevator_transfer=false deck=Aircraft_9_nav_r2_178 pending=none clearance=Aircraft_9_nav_r1_172 queue=0
t=11345.8 ==== SUMMARY t=11345.8 ====
t=11345.8 route=1 laps=21 crashes=1 avg_out=156.9s avg_ret=176.3s avg_lap=344.5s best_lap=339.4
t=11345.8 route=2 laps=21 crashes=0 avg_out=214.4s avg_ret=250.8s avg_lap=477.2s best_lap=454.8
t=11345.8 route=3 laps=21 crashes=0 avg_out=243.7s avg_ret=269.3s avg_lap=524.9s best_lap=508.2
t=11345.8 route=4 laps=23 crashes=0 avg_out=200.5s avg_ret=168.8s avg_lap=381.3s best_lap=374.9
t=11345.8 route=5 laps=20 crashes=0 avg_out=295.3s avg_ret=257.6s avg_lap=565.0s best_lap=554.8
t=11345.8 route=6 laps=23 crashes=0 avg_out=178.9s avg_ret=159.5s avg_lap=350.4s best_lap=344.4
t=11345.8 route=7 laps=22 crashes=0 avg_out=198.3s avg_ret=158.2s avg_lap=368.5s best_lap=355.8
t=11345.8 route=8 laps=21 crashes=1 avg_out=185.3s avg_ret=186.8s avg_lap=384.0s best_lap=375.8
t=11345.8 TOTAL laps=172 crashes=2
t=11345.9 TUNER gen=2 results=46/64 pending=4 active=4 remaining=18 next_trial=179 rounds=[7,6,5,7,5,7,7,6]
t=11346.6 LAP_CAPTURE craft=Aircraft_9_nav_r7_177 route=7 return=156.1s lap=365.2s carrier_dist=200m t=11346.6
t=11357.2 LAUNCH_BLOCKED reason=landing_or_storage_busy active=3 stored=5 no_active_s=0.0 state=IDLE tractor_cleanup=false elevator_transfer=false deck=Aircraft_9_nav_r2_178 pending=none clearance=Aircraft_9_nav_r1_172 queue=0
t=11372.2 LAUNCH_BLOCKED reason=landing_or_storage_busy active=3 stored=5 no_active_s=0.0 state=IDLE tractor_cleanup=false elevator_transfer=false deck=Aircraft_9_nav_r2_178 pending=none clearance=Aircraft_9_nav_r1_172 queue=0
t=11375.8 ==== SUMMARY t=11375.8 ====
t=11375.8 route=1 laps=21 crashes=1 avg_out=156.9s avg_ret=176.3s avg_lap=344.5s best_lap=339.4
t=11375.8 route=2 laps=21 crashes=0 avg_out=214.4s avg_ret=250.8s avg_lap=477.2s best_lap=454.8
t=11375.9 route=3 laps=21 crashes=0 avg_out=243.7s avg_ret=269.3s avg_lap=524.9s best_lap=508.2
t=11375.9 route=4 laps=23 crashes=0 avg_out=200.5s avg_ret=168.8s avg_lap=381.3s best_lap=374.9
t=11375.9 route=5 laps=20 crashes=0 avg_out=295.3s avg_ret=257.6s avg_lap=565.0s best_lap=554.8
t=11375.9 route=6 laps=23 crashes=0 avg_out=178.9s avg_ret=159.5s avg_lap=350.4s best_lap=344.4
t=11375.9 route=7 laps=23 crashes=0 avg_out=198.3s avg_ret=158.1s avg_lap=368.4s best_lap=355.8
t=11375.9 route=8 laps=21 crashes=1 avg_out=185.3s avg_ret=186.8s avg_lap=384.0s best_lap=375.8
t=11375.9 TOTAL laps=173 crashes=2
t=11375.9 TUNER gen=2 results=47/64 pending=3 active=3 remaining=17 next_trial=179 rounds=[7,6,5,7,5,7,7,6]
t=11387.3 LAUNCH_BLOCKED reason=landing_or_storage_busy active=3 stored=5 no_active_s=0.0 state=IDLE tractor_cleanup=false elevator_transfer=false deck=Aircraft_9_nav_r2_178 pending=none clearance=Aircraft_9_nav_r1_172 queue=0
t=11402.3 LAUNCH_BLOCKED reason=landing_or_storage_busy active=3 stored=5 no_active_s=0.0 state=IDLE tractor_cleanup=false elevator_transfer=false deck=Aircraft_9_nav_r2_178 pending=none clearance=Aircraft_9_nav_r1_172 queue=0
t=11405.9 ==== SUMMARY t=11405.9 ====
t=11405.9 route=1 laps=21 crashes=1 avg_out=156.9s avg_ret=176.3s avg_lap=344.5s best_lap=339.4
t=11405.9 route=2 laps=21 crashes=0 avg_out=214.4s avg_ret=250.8s avg_lap=477.2s best_lap=454.8
t=11405.9 route=3 laps=21 crashes=0 avg_out=243.7s avg_ret=269.3s avg_lap=524.9s best_lap=508.2
t=11405.9 route=4 laps=23 crashes=0 avg_out=200.5s avg_ret=168.8s avg_lap=381.3s best_lap=374.9
t=11405.9 route=5 laps=20 crashes=0 avg_out=295.3s avg_ret=257.6s avg_lap=565.0s best_lap=554.8
t=11405.9 route=6 laps=23 crashes=0 avg_out=178.9s avg_ret=159.5s avg_lap=350.4s best_lap=344.4
t=11405.9 route=7 laps=23 crashes=0 avg_out=198.3s avg_ret=158.1s avg_lap=368.4s best_lap=355.8
t=11405.9 route=8 laps=21 crashes=1 avg_out=185.3s avg_ret=186.8s avg_lap=384.0s best_lap=375.8
t=11405.9 TOTAL laps=173 crashes=2
t=11405.9 TUNER gen=2 results=47/64 pending=3 active=3 remaining=17 next_trial=179 rounds=[7,6,5,7,5,7,7,6]
t=11417.4 LAUNCH_BLOCKED reason=landing_or_storage_busy active=3 stored=5 no_active_s=0.0 state=IDLE tractor_cleanup=false elevator_transfer=false deck=Aircraft_9_nav_r2_178 pending=none clearance=Aircraft_9_nav_r1_172 queue=0
t=11432.4 LAUNCH_BLOCKED reason=landing_or_storage_busy active=3 stored=5 no_active_s=0.0 state=IDLE tractor_cleanup=false elevator_transfer=false deck=Aircraft_9_nav_r2_178 pending=none clearance=Aircraft_9_nav_r1_172 queue=0
t=11435.9 ==== SUMMARY t=11435.8 ====
t=11435.9 route=1 laps=21 crashes=1 avg_out=156.9s avg_ret=176.3s avg_lap=344.5s best_lap=339.4
t=11435.9 route=2 laps=21 crashes=0 avg_out=214.4s avg_ret=250.8s avg_lap=477.2s best_lap=454.8
t=11435.9 route=3 laps=21 crashes=0 avg_out=243.7s avg_ret=269.3s avg_lap=524.9s best_lap=508.2
t=11435.9 route=4 laps=23 crashes=0 avg_out=200.5s avg_ret=168.8s avg_lap=381.3s best_lap=374.9
t=11435.9 route=5 laps=20 crashes=0 avg_out=295.3s avg_ret=257.6s avg_lap=565.0s best_lap=554.8
t=11435.9 route=6 laps=23 crashes=0 avg_out=178.9s avg_ret=159.5s avg_lap=350.4s best_lap=344.4
t=11435.9 route=7 laps=23 crashes=0 avg_out=198.3s avg_ret=158.1s avg_lap=368.4s best_lap=355.8
t=11435.9 route=8 laps=21 crashes=1 avg_out=185.3s avg_ret=186.8s avg_lap=384.0s best_lap=375.8
t=11435.9 TOTAL laps=173 crashes=2
t=11435.9 TUNER gen=2 results=47/64 pending=3 active=3 remaining=17 next_trial=179 rounds=[7,6,5,7,5,7,7,6]
t=11447.5 LAUNCH_BLOCKED reason=landing_or_storage_busy active=3 stored=5 no_active_s=0.0 state=IDLE tractor_cleanup=false elevator_transfer=false deck=Aircraft_9_nav_r2_178 pending=none clearance=Aircraft_9_nav_r1_172 queue=0
t=11462.5 LAUNCH_BLOCKED reason=landing_or_storage_busy active=3 stored=5 no_active_s=0.0 state=IDLE tractor_cleanup=false elevator_transfer=false deck=Aircraft_9_nav_r2_178 pending=none clearance=Aircraft_9_nav_r1_172 queue=0
t=11465.9 ==== SUMMARY t=11465.9 ====
t=11465.9 route=1 laps=21 crashes=1 avg_out=156.9s avg_ret=176.3s avg_lap=344.5s best_lap=339.4
t=11465.9 route=2 laps=21 crashes=0 avg_out=214.4s avg_ret=250.8s avg_lap=477.2s best_lap=454.8
t=11465.9 route=3 laps=21 crashes=0 avg_out=243.7s avg_ret=269.3s avg_lap=524.9s best_lap=508.2
t=11465.9 route=4 laps=23 crashes=0 avg_out=200.5s avg_ret=168.8s avg_lap=381.3s best_lap=374.9
t=11465.9 route=5 laps=20 crashes=0 avg_out=295.3s avg_ret=257.6s avg_lap=565.0s best_lap=554.8
t=11465.9 route=6 laps=23 crashes=0 avg_out=178.9s avg_ret=159.5s avg_lap=350.4s best_lap=344.4
t=11465.9 route=7 laps=23 crashes=0 avg_out=198.3s avg_ret=158.1s avg_lap=368.4s best_lap=355.8
t=11465.9 route=8 laps=21 crashes=1 avg_out=185.3s avg_ret=186.8s avg_lap=384.0s best_lap=375.8
t=11465.9 TOTAL laps=173 crashes=2
t=11465.9 TUNER gen=2 results=47/64 pending=3 active=3 remaining=17 next_trial=179 rounds=[7,6,5,7,5,7,7,6]
t=11477.6 LAUNCH_BLOCKED reason=landing_or_storage_busy active=3 stored=5 no_active_s=0.0 state=IDLE tractor_cleanup=false elevator_transfer=false deck=Aircraft_9_nav_r2_178 pending=none clearance=Aircraft_9_nav_r1_172 queue=0
t=11492.6 LAUNCH_BLOCKED reason=landing_or_storage_busy active=3 stored=5 no_active_s=0.0 state=IDLE tractor_cleanup=false elevator_transfer=false deck=Aircraft_9_nav_r2_178 pending=none clearance=Aircraft_9_nav_r1_172 queue=0
t=11495.9 ==== SUMMARY t=11495.9 ====
t=11495.9 route=1 laps=21 crashes=1 avg_out=156.9s avg_ret=176.3s avg_lap=344.5s best_lap=339.4
t=11495.9 route=2 laps=21 crashes=0 avg_out=214.4s avg_ret=250.8s avg_lap=477.2s best_lap=454.8
t=11495.9 route=3 laps=21 crashes=0 avg_out=243.7s avg_ret=269.3s avg_lap=524.9s best_lap=508.2
t=11495.9 route=4 laps=23 crashes=0 avg_out=200.5s avg_ret=168.8s avg_lap=381.3s best_lap=374.9
t=11495.9 route=5 laps=20 crashes=0 avg_out=295.3s avg_ret=257.6s avg_lap=565.0s best_lap=554.8
t=11495.9 route=6 laps=23 crashes=0 avg_out=178.9s avg_ret=159.5s avg_lap=350.4s best_lap=344.4
t=11495.9 route=7 laps=23 crashes=0 avg_out=198.3s avg_ret=158.1s avg_lap=368.4s best_lap=355.8
t=11496.0 route=8 laps=21 crashes=1 avg_out=185.3s avg_ret=186.8s avg_lap=384.0s best_lap=375.8
t=11496.0 TOTAL laps=173 crashes=2
t=11496.0 TUNER gen=2 results=47/64 pending=3 active=3 remaining=17 next_trial=179 rounds=[7,6,5,7,5,7,7,6]
t=11507.7 LAUNCH_BLOCKED reason=landing_or_storage_busy active=3 stored=5 no_active_s=0.0 state=IDLE tractor_cleanup=false elevator_transfer=false deck=Aircraft_9_nav_r2_178 pending=none clearance=Aircraft_9_nav_r1_172 queue=0
t=11514.8 LAP_CAPTURE craft=Aircraft_9_nav_r5_176 route=5 return=257.0s lap=563.5s carrier_dist=200m t=11514.8
t=11522.7 LAUNCH_BLOCKED reason=landing_or_storage_busy active=2 stored=6 no_active_s=0.0 state=IDLE tractor_cleanup=false elevator_transfer=false deck=Aircraft_9_nav_r2_178 pending=none clearance=Aircraft_9_nav_r1_172 queue=0
t=11525.9 ==== SUMMARY t=11525.9 ====
t=11525.9 route=1 laps=21 crashes=1 avg_out=156.9s avg_ret=176.3s avg_lap=344.5s best_lap=339.4
t=11525.9 route=2 laps=21 crashes=0 avg_out=214.4s avg_ret=250.8s avg_lap=477.2s best_lap=454.8
t=11525.9 route=3 laps=21 crashes=0 avg_out=243.7s avg_ret=269.3s avg_lap=524.9s best_lap=508.2
t=11525.9 route=4 laps=23 crashes=0 avg_out=200.5s avg_ret=168.8s avg_lap=381.3s best_lap=374.9
t=11525.9 route=5 laps=21 crashes=0 avg_out=295.3s avg_ret=257.6s avg_lap=564.9s best_lap=554.8
t=11525.9 route=6 laps=23 crashes=0 avg_out=178.9s avg_ret=159.5s avg_lap=350.4s best_lap=344.4
t=11525.9 route=7 laps=23 crashes=0 avg_out=198.3s avg_ret=158.1s avg_lap=368.4s best_lap=355.8
t=11525.9 route=8 laps=21 crashes=1 avg_out=185.3s avg_ret=186.8s avg_lap=384.0s best_lap=375.8
t=11526.0 TOTAL laps=174 crashes=2
t=11526.0 TUNER gen=2 results=48/64 pending=2 active=2 remaining=16 next_trial=179 rounds=[7,6,5,7,5,7,7,6]
t=11532.8 LAP_CAPTURE craft=Aircraft_9_nav_r2_178 route=2 return=254.8s lap=480.9s carrier_dist=200m t=11532.8
t=11537.8 LAUNCH_BLOCKED reason=landing_or_storage_busy active=1 stored=6 no_active_s=0.0 state=IDLE tractor_cleanup=false elevator_transfer=false deck=none pending=none clearance=Aircraft_9_nav_r1_172 queue=1
t=11552.8 LAUNCH_BLOCKED reason=landing_or_storage_busy active=1 stored=7 no_active_s=0.0 state=IDLE tractor_cleanup=false elevator_transfer=false deck=none pending=none clearance=Aircraft_9_nav_r1_172 queue=1
t=11555.9 ==== SUMMARY t=11555.9 ====
t=11555.9 route=1 laps=21 crashes=1 avg_out=156.9s avg_ret=176.3s avg_lap=344.5s best_lap=339.4
t=11556.0 route=2 laps=22 crashes=0 avg_out=214.4s avg_ret=251.0s avg_lap=477.4s best_lap=454.8
t=11556.0 route=3 laps=21 crashes=0 avg_out=243.7s avg_ret=269.3s avg_lap=524.9s best_lap=508.2
t=11556.0 route=4 laps=23 crashes=0 avg_out=200.5s avg_ret=168.8s avg_lap=381.3s best_lap=374.9
t=11556.0 route=5 laps=21 crashes=0 avg_out=295.3s avg_ret=257.6s avg_lap=564.9s best_lap=554.8
t=11556.0 route=6 laps=23 crashes=0 avg_out=178.9s avg_ret=159.5s avg_lap=350.4s best_lap=344.4
t=11556.0 route=7 laps=23 crashes=0 avg_out=198.3s avg_ret=158.1s avg_lap=368.4s best_lap=355.8
t=11556.0 route=8 laps=21 crashes=1 avg_out=185.3s avg_ret=186.8s avg_lap=384.0s best_lap=375.8
t=11556.0 TOTAL laps=175 crashes=2
t=11556.0 TUNER gen=2 results=49/64 pending=1 active=1 remaining=15 next_trial=179 rounds=[7,6,5,7,5,7,7,6]
t=11567.9 LAUNCH_BLOCKED reason=landing_or_storage_busy active=1 stored=7 no_active_s=0.0 state=IDLE tractor_cleanup=false elevator_transfer=false deck=none pending=none clearance=Aircraft_9_nav_r1_172 queue=1
t=11582.9 LAUNCH_BLOCKED reason=landing_or_storage_busy active=1 stored=7 no_active_s=0.0 state=IDLE tractor_cleanup=false elevator_transfer=false deck=none pending=none clearance=Aircraft_9_nav_r1_172 queue=1
t=11585.9 ==== SUMMARY t=11585.9 ====
t=11585.9 route=1 laps=21 crashes=1 avg_out=156.9s avg_ret=176.3s avg_lap=344.5s best_lap=339.4
t=11585.9 route=2 laps=22 crashes=0 avg_out=214.4s avg_ret=251.0s avg_lap=477.4s best_lap=454.8
t=11585.9 route=3 laps=21 crashes=0 avg_out=243.7s avg_ret=269.3s avg_lap=524.9s best_lap=508.2
t=11586.0 route=4 laps=23 crashes=0 avg_out=200.5s avg_ret=168.8s avg_lap=381.3s best_lap=374.9
t=11586.0 route=5 laps=21 crashes=0 avg_out=295.3s avg_ret=257.6s avg_lap=564.9s best_lap=554.8
t=11586.0 route=6 laps=23 crashes=0 avg_out=178.9s avg_ret=159.5s avg_lap=350.4s best_lap=344.4
t=11586.0 route=7 laps=23 crashes=0 avg_out=198.3s avg_ret=158.1s avg_lap=368.4s best_lap=355.8
t=11586.0 route=8 laps=21 crashes=1 avg_out=185.3s avg_ret=186.8s avg_lap=384.0s best_lap=375.8
t=11586.0 TOTAL laps=175 crashes=2
t=11586.0 TUNER gen=2 results=49/64 pending=1 active=1 remaining=15 next_trial=179 rounds=[7,6,5,7,5,7,7,6]
t=11598.0 LAUNCH_BLOCKED reason=landing_or_storage_busy active=1 stored=7 no_active_s=0.0 state=IDLE tractor_cleanup=false elevator_transfer=false deck=none pending=none clearance=Aircraft_9_nav_r1_172 queue=1
t=11613.0 LAUNCH_BLOCKED reason=landing_or_storage_busy active=1 stored=7 no_active_s=0.0 state=IDLE tractor_cleanup=false elevator_transfer=false deck=none pending=none clearance=Aircraft_9_nav_r1_172 queue=1
t=11616.0 ==== SUMMARY t=11616.0 ====
t=11616.0 route=1 laps=21 crashes=1 avg_out=156.9s avg_ret=176.3s avg_lap=344.5s best_lap=339.4
t=11616.0 route=2 laps=22 crashes=0 avg_out=214.4s avg_ret=251.0s avg_lap=477.4s best_lap=454.8
t=11616.0 route=3 laps=21 crashes=0 avg_out=243.7s avg_ret=269.3s avg_lap=524.9s best_lap=508.2
t=11616.0 route=4 laps=23 crashes=0 avg_out=200.5s avg_ret=168.8s avg_lap=381.3s best_lap=374.9
t=11616.0 route=5 laps=21 crashes=0 avg_out=295.3s avg_ret=257.6s avg_lap=564.9s best_lap=554.8
t=11616.0 route=6 laps=23 crashes=0 avg_out=178.9s avg_ret=159.5s avg_lap=350.4s best_lap=344.4
t=11616.0 route=7 laps=23 crashes=0 avg_out=198.3s avg_ret=158.1s avg_lap=368.4s best_lap=355.8
t=11616.0 route=8 laps=21 crashes=1 avg_out=185.3s avg_ret=186.8s avg_lap=384.0s best_lap=375.8
t=11616.0 TOTAL laps=175 crashes=2
t=11616.0 TUNER gen=2 results=49/64 pending=1 active=1 remaining=15 next_trial=179 rounds=[7,6,5,7,5,7,7,6]
t=11628.1 LAUNCH_BLOCKED reason=landing_or_storage_busy active=1 stored=7 no_active_s=0.0 state=IDLE tractor_cleanup=false elevator_transfer=false deck=none pending=none clearance=Aircraft_9_nav_r1_172 queue=1
t=11632.4 TUNING_TIMEOUT craft=Aircraft_9_nav_r1_172 route=1 trial=172
t=11632.4 IDLE_TUNER_WAIT gen=2 results=50/64 remaining=14 active_nav=0 stored=7 state=IDLE next_trial=179
t=11632.4 CRASH craft=Aircraft_9_nav_r1_172 route=1 phase=2 t=11632.4
t=11643.1 LAUNCH_BLOCKED reason=deck_busy active=1 stored=7 no_active_s=0.0 state=AIRCRAFT_ON_DECK tractor_cleanup=false elevator_transfer=true deck=Aircraft_9_nav_r8_179 pending=none clearance=none queue=0
t=11646.0 ==== SUMMARY t=11646.0 ====
t=11646.0 route=1 laps=21 crashes=2 avg_out=156.9s avg_ret=176.3s avg_lap=344.5s best_lap=339.4
t=11646.0 route=2 laps=22 crashes=0 avg_out=214.4s avg_ret=251.0s avg_lap=477.4s best_lap=454.8
t=11646.0 route=3 laps=21 crashes=0 avg_out=243.7s avg_ret=269.3s avg_lap=524.9s best_lap=508.2
t=11646.0 route=4 laps=23 crashes=0 avg_out=200.5s avg_ret=168.8s avg_lap=381.3s best_lap=374.9
t=11646.0 route=5 laps=21 crashes=0 avg_out=295.3s avg_ret=257.6s avg_lap=564.9s best_lap=554.8
t=11646.0 route=6 laps=23 crashes=0 avg_out=178.9s avg_ret=159.5s avg_lap=350.4s best_lap=344.4
t=11646.0 route=7 laps=23 crashes=0 avg_out=198.3s avg_ret=158.1s avg_lap=368.4s best_lap=355.8
t=11646.0 route=8 laps=21 crashes=1 avg_out=185.3s avg_ret=186.8s avg_lap=384.0s best_lap=375.8
t=11646.0 TOTAL laps=175 crashes=3
t=11646.0 TUNER gen=2 results=50/64 pending=1 active=1 remaining=14 next_trial=180 rounds=[7,6,5,7,5,7,7,7]
t=11648.9 SPAWN craft=Aircraft_9_nav_r8_179 route=8 candidate=6 trial=179 t=11648.9
t=11658.2 LAUNCH_BLOCKED reason=deck_busy active=2 stored=6 no_active_s=0.0 state=RETRIEVING_FROM_HANGAR tractor_cleanup=false elevator_transfer=false deck=Aircraft_9_nav_r6_180 pending=none clearance=none queue=0
t=11669.0 SPAWN craft=Aircraft_9_nav_r6_180 route=6 candidate=5 trial=180 t=11669.0
t=11673.2 LAUNCH_BLOCKED reason=cleared_unready_nav_deck_aircraft active=2 stored=6 no_active_s=0.0 state=IDLE tractor_cleanup=false elevator_transfer=false deck=Aircraft_9_nav_r6_180 pending=none clearance=none queue=0
t=11676.0 ==== SUMMARY t=11676.0 ====
t=11676.0 route=1 laps=21 crashes=2 avg_out=156.9s avg_ret=176.3s avg_lap=344.5s best_lap=339.4
t=11676.0 route=2 laps=22 crashes=0 avg_out=214.4s avg_ret=251.0s avg_lap=477.4s best_lap=454.8
t=11676.0 route=3 laps=21 crashes=0 avg_out=243.7s avg_ret=269.3s avg_lap=524.9s best_lap=508.2
t=11676.0 route=4 laps=23 crashes=0 avg_out=200.5s avg_ret=168.8s avg_lap=381.3s best_lap=374.9
t=11676.0 route=5 laps=21 crashes=0 avg_out=295.3s avg_ret=257.6s avg_lap=564.9s best_lap=554.8
t=11676.0 route=6 laps=23 crashes=0 avg_out=178.9s avg_ret=159.5s avg_lap=350.4s best_lap=344.4
t=11676.0 route=7 laps=23 crashes=0 avg_out=198.3s avg_ret=158.1s avg_lap=368.4s best_lap=355.8
t=11676.1 route=8 laps=21 crashes=1 avg_out=185.3s avg_ret=186.8s avg_lap=384.0s best_lap=375.8
t=11676.1 TOTAL laps=175 crashes=3
t=11676.1 TUNER gen=2 results=50/64 pending=2 active=2 remaining=14 next_trial=181 rounds=[7,6,5,7,5,8,7,7]
t=11688.3 LAUNCH_BLOCKED reason=deck_busy active=3 stored=5 no_active_s=0.0 state=AIRCRAFT_ON_DECK tractor_cleanup=false elevator_transfer=false deck=Aircraft_9_nav_r3_181 pending=none clearance=none queue=0
t=11689.2 SPAWN craft=Aircraft_9_nav_r3_181 route=3 candidate=8 trial=181 t=11689.2
t=11703.4 LAUNCH_BLOCKED reason=deck_busy active=4 stored=4 no_active_s=0.0 state=AIRCRAFT_ON_DECK tractor_cleanup=false elevator_transfer=true deck=Aircraft_9_nav_r4_182 pending=none clearance=none queue=0
t=11706.1 ==== SUMMARY t=11706.1 ====
t=11706.1 route=1 laps=21 crashes=2 avg_out=156.9s avg_ret=176.3s avg_lap=344.5s best_lap=339.4
t=11706.1 route=2 laps=22 crashes=0 avg_out=214.4s avg_ret=251.0s avg_lap=477.4s best_lap=454.8
t=11706.1 route=3 laps=21 crashes=0 avg_out=243.7s avg_ret=269.3s avg_lap=524.9s best_lap=508.2
t=11706.1 route=4 laps=23 crashes=0 avg_out=200.5s avg_ret=168.8s avg_lap=381.3s best_lap=374.9
t=11706.1 route=5 laps=21 crashes=0 avg_out=295.3s avg_ret=257.6s avg_lap=564.9s best_lap=554.8
t=11706.1 route=6 laps=23 crashes=0 avg_out=178.9s avg_ret=159.5s avg_lap=350.4s best_lap=344.4
t=11706.1 route=7 laps=23 crashes=0 avg_out=198.3s avg_ret=158.1s avg_lap=368.4s best_lap=355.8
t=11706.1 route=8 laps=21 crashes=1 avg_out=185.3s avg_ret=186.8s avg_lap=384.0s best_lap=375.8
t=11706.1 TOTAL laps=175 crashes=3
t=11706.1 TUNER gen=2 results=50/64 pending=4 active=4 remaining=14 next_trial=183 rounds=[7,6,6,8,5,8,7,7]
t=11709.2 SPAWN craft=Aircraft_9_nav_r4_182 route=4 candidate=3 trial=182 t=11709.2
t=11718.4 LAUNCH_BLOCKED reason=deck_busy active=5 stored=3 no_active_s=0.0 state=RETRIEVING_FROM_HANGAR tractor_cleanup=false elevator_transfer=false deck=Aircraft_9_nav_r7_183 pending=none clearance=none queue=0
t=11729.3 SPAWN craft=Aircraft_9_nav_r7_183 route=7 candidate=6 trial=183 t=11729.3
t=11733.5 LAUNCH_BLOCKED reason=cleared_unready_nav_deck_aircraft active=5 stored=3 no_active_s=0.0 state=IDLE tractor_cleanup=false elevator_transfer=false deck=Aircraft_9_nav_r7_183 pending=none clearance=none queue=0
t=11736.1 ==== SUMMARY t=11736.1 ====
t=11736.1 route=1 laps=21 crashes=2 avg_out=156.9s avg_ret=176.3s avg_lap=344.5s best_lap=339.4
t=11736.1 route=2 laps=22 crashes=0 avg_out=214.4s avg_ret=251.0s avg_lap=477.4s best_lap=454.8
t=11736.1 route=3 laps=21 crashes=0 avg_out=243.7s avg_ret=269.3s avg_lap=524.9s best_lap=508.2
t=11736.1 route=4 laps=23 crashes=0 avg_out=200.5s avg_ret=168.8s avg_lap=381.3s best_lap=374.9
t=11736.1 route=5 laps=21 crashes=0 avg_out=295.3s avg_ret=257.6s avg_lap=564.9s best_lap=554.8
t=11736.1 route=6 laps=23 crashes=0 avg_out=178.9s avg_ret=159.5s avg_lap=350.4s best_lap=344.4
t=11736.1 route=7 laps=23 crashes=0 avg_out=198.3s avg_ret=158.1s avg_lap=368.4s best_lap=355.8
t=11736.1 route=8 laps=21 crashes=1 avg_out=185.3s avg_ret=186.8s avg_lap=384.0s best_lap=375.8
t=11736.1 TOTAL laps=175 crashes=3
t=11736.1 TUNER gen=2 results=50/64 pending=5 active=5 remaining=14 next_trial=184 rounds=[7,6,6,8,5,8,8,7]
t=11748.6 LAUNCH_BLOCKED reason=deck_busy active=6 stored=2 no_active_s=0.0 state=AIRCRAFT_ON_DECK tractor_cleanup=false elevator_transfer=false deck=Aircraft_9_nav_r5_184 pending=none clearance=none queue=0
t=11749.4 SPAWN craft=Aircraft_9_nav_r5_184 route=5 candidate=2 trial=184 t=11749.4
t=11763.7 LAUNCH_BLOCKED reason=deck_busy active=7 stored=1 no_active_s=0.0 state=AIRCRAFT_ON_DECK tractor_cleanup=false elevator_transfer=true deck=Aircraft_9_nav_r2_185 pending=none clearance=none queue=0
t=11766.2 ==== SUMMARY t=11766.2 ====
t=11766.2 route=1 laps=21 crashes=2 avg_out=156.9s avg_ret=176.3s avg_lap=344.5s best_lap=339.4
t=11766.2 route=2 laps=22 crashes=0 avg_out=214.4s avg_ret=251.0s avg_lap=477.4s best_lap=454.8
t=11766.2 route=3 laps=21 crashes=0 avg_out=243.7s avg_ret=269.3s avg_lap=524.9s best_lap=508.2
t=11766.2 route=4 laps=23 crashes=0 avg_out=200.5s avg_ret=168.8s avg_lap=381.3s best_lap=374.9
t=11766.2 route=5 laps=21 crashes=0 avg_out=295.3s avg_ret=257.6s avg_lap=564.9s best_lap=554.8
t=11766.2 route=6 laps=23 crashes=0 avg_out=178.9s avg_ret=159.5s avg_lap=350.4s best_lap=344.4
t=11766.2 route=7 laps=23 crashes=0 avg_out=198.3s avg_ret=158.1s avg_lap=368.4s best_lap=355.8
t=11766.2 route=8 laps=21 crashes=1 avg_out=185.3s avg_ret=186.8s avg_lap=384.0s best_lap=375.8
t=11766.2 TOTAL laps=175 crashes=3
t=11766.2 TUNER gen=2 results=50/64 pending=7 active=7 remaining=14 next_trial=186 rounds=[7,7,6,8,6,8,8,7]
t=11769.4 SPAWN craft=Aircraft_9_nav_r2_185 route=2 candidate=8 trial=185 t=11769.4
t=11789.7 SPAWN craft=Aircraft_9_nav_r1_186 route=1 candidate=8 trial=186 t=11789.7
t=11796.2 ==== SUMMARY t=11796.2 ====
t=11796.3 route=1 laps=21 crashes=2 avg_out=156.9s avg_ret=176.3s avg_lap=344.5s best_lap=339.4
t=11796.3 route=2 laps=22 crashes=0 avg_out=214.4s avg_ret=251.0s avg_lap=477.4s best_lap=454.8
t=11796.3 route=3 laps=21 crashes=0 avg_out=243.7s avg_ret=269.3s avg_lap=524.9s best_lap=508.2
t=11796.3 route=4 laps=23 crashes=0 avg_out=200.5s avg_ret=168.8s avg_lap=381.3s best_lap=374.9
t=11796.3 route=5 laps=21 crashes=0 avg_out=295.3s avg_ret=257.6s avg_lap=564.9s best_lap=554.8
t=11796.3 route=6 laps=23 crashes=0 avg_out=178.9s avg_ret=159.5s avg_lap=350.4s best_lap=344.4
t=11796.3 route=7 laps=23 crashes=0 avg_out=198.3s avg_ret=158.1s avg_lap=368.4s best_lap=355.8
t=11796.3 route=8 laps=21 crashes=1 avg_out=185.3s avg_ret=186.8s avg_lap=384.0s best_lap=375.8
t=11796.3 TOTAL laps=175 crashes=3
t=11796.3 TUNER gen=2 results=50/64 pending=8 active=8 remaining=14 next_trial=187 rounds=[8,7,6,8,6,8,8,7]
t=11826.3 ==== SUMMARY t=11826.3 ====
t=11826.3 route=1 laps=21 crashes=2 avg_out=156.9s avg_ret=176.3s avg_lap=344.5s best_lap=339.4
t=11826.3 route=2 laps=22 crashes=0 avg_out=214.4s avg_ret=251.0s avg_lap=477.4s best_lap=454.8
t=11826.3 route=3 laps=21 crashes=0 avg_out=243.7s avg_ret=269.3s avg_lap=524.9s best_lap=508.2
t=11826.3 route=4 laps=23 crashes=0 avg_out=200.5s avg_ret=168.8s avg_lap=381.3s best_lap=374.9
t=11826.3 route=5 laps=21 crashes=0 avg_out=295.3s avg_ret=257.6s avg_lap=564.9s best_lap=554.8
t=11826.3 route=6 laps=23 crashes=0 avg_out=178.9s avg_ret=159.5s avg_lap=350.4s best_lap=344.4
t=11826.3 route=7 laps=23 crashes=0 avg_out=198.3s avg_ret=158.1s avg_lap=368.4s best_lap=355.8
t=11826.3 route=8 laps=21 crashes=1 avg_out=185.3s avg_ret=186.8s avg_lap=384.0s best_lap=375.8
t=11826.3 TOTAL laps=175 crashes=3
t=11826.3 TUNER gen=2 results=50/64 pending=8 active=8 remaining=14 next_trial=187 rounds=[8,7,6,8,6,8,8,7]
t=11835.4 LZ_REACHED craft=Aircraft_9_nav_r8_179 route=8 outbound=186.5s t=11835.4
t=11849.8 LZ_REACHED craft=Aircraft_9_nav_r6_180 route=6 outbound=180.8s t=11849.8
t=11856.3 ==== SUMMARY t=11856.3 ====
t=11856.3 route=1 laps=21 crashes=2 avg_out=156.9s avg_ret=176.3s avg_lap=344.5s best_lap=339.4
t=11856.3 route=2 laps=22 crashes=0 avg_out=214.4s avg_ret=251.0s avg_lap=477.4s best_lap=454.8
t=11856.3 route=3 laps=21 crashes=0 avg_out=243.7s avg_ret=269.3s avg_lap=524.9s best_lap=508.2
t=11856.3 route=4 laps=23 crashes=0 avg_out=200.5s avg_ret=168.8s avg_lap=381.3s best_lap=374.9
t=11856.3 route=5 laps=21 crashes=0 avg_out=295.3s avg_ret=257.6s avg_lap=564.9s best_lap=554.8
t=11856.3 route=6 laps=23 crashes=0 avg_out=179.0s avg_ret=159.5s avg_lap=350.4s best_lap=344.4
t=11856.3 route=7 laps=23 crashes=0 avg_out=198.3s avg_ret=158.1s avg_lap=368.4s best_lap=355.8
t=11856.3 route=8 laps=21 crashes=1 avg_out=185.3s avg_ret=186.8s avg_lap=384.0s best_lap=375.8
t=11856.3 TOTAL laps=175 crashes=3
t=11856.3 TUNER gen=2 results=50/64 pending=8 active=8 remaining=14 next_trial=187 rounds=[8,7,6,8,6,8,8,7]
t=11886.3 ==== SUMMARY t=11886.3 ====
t=11886.3 route=1 laps=21 crashes=2 avg_out=156.9s avg_ret=176.3s avg_lap=344.5s best_lap=339.4
t=11886.3 route=2 laps=22 crashes=0 avg_out=214.4s avg_ret=251.0s avg_lap=477.4s best_lap=454.8
t=11886.3 route=3 laps=21 crashes=0 avg_out=243.7s avg_ret=269.3s avg_lap=524.9s best_lap=508.2
t=11886.3 route=4 laps=23 crashes=0 avg_out=200.5s avg_ret=168.8s avg_lap=381.3s best_lap=374.9
t=11886.3 route=5 laps=21 crashes=0 avg_out=295.3s avg_ret=257.6s avg_lap=564.9s best_lap=554.8
t=11886.3 route=6 laps=23 crashes=0 avg_out=179.0s avg_ret=159.5s avg_lap=350.4s best_lap=344.4
t=11886.3 route=7 laps=23 crashes=0 avg_out=198.3s avg_ret=158.1s avg_lap=368.4s best_lap=355.8
t=11886.4 route=8 laps=21 crashes=1 avg_out=185.3s avg_ret=186.8s avg_lap=384.0s best_lap=375.8
t=11886.4 TOTAL laps=175 crashes=3
t=11886.4 TUNER gen=2 results=50/64 pending=8 active=8 remaining=14 next_trial=187 rounds=[8,7,6,8,6,8,8,7]
t=11910.8 LZ_REACHED craft=Aircraft_9_nav_r4_182 route=4 outbound=201.7s t=11910.8
t=11916.3 ==== SUMMARY t=11916.3 ====
t=11916.3 route=1 laps=21 crashes=2 avg_out=156.9s avg_ret=176.3s avg_lap=344.5s best_lap=339.4
t=11916.3 route=2 laps=22 crashes=0 avg_out=214.4s avg_ret=251.0s avg_lap=477.4s best_lap=454.8
t=11916.3 route=3 laps=21 crashes=0 avg_out=243.7s avg_ret=269.3s avg_lap=524.9s best_lap=508.2
t=11916.3 route=4 laps=23 crashes=0 avg_out=200.6s avg_ret=168.8s avg_lap=381.3s best_lap=374.9
t=11916.4 route=5 laps=21 crashes=0 avg_out=295.3s avg_ret=257.6s avg_lap=564.9s best_lap=554.8
t=11916.4 route=6 laps=23 crashes=0 avg_out=179.0s avg_ret=159.5s avg_lap=350.4s best_lap=344.4
t=11916.4 route=7 laps=23 crashes=0 avg_out=198.3s avg_ret=158.1s avg_lap=368.4s best_lap=355.8
t=11916.4 route=8 laps=21 crashes=1 avg_out=185.3s avg_ret=186.8s avg_lap=384.0s best_lap=375.8
t=11916.4 TOTAL laps=175 crashes=3
t=11916.4 TUNER gen=2 results=50/64 pending=8 active=8 remaining=14 next_trial=187 rounds=[8,7,6,8,6,8,8,7]
t=11929.3 LZ_REACHED craft=Aircraft_9_nav_r7_183 route=7 outbound=200.0s t=11929.3
t=11930.0 LZ_REACHED craft=Aircraft_9_nav_r3_181 route=3 outbound=240.8s t=11930.0
t=11945.9 LZ_REACHED craft=Aircraft_9_nav_r1_186 route=1 outbound=156.2s t=11945.9
t=11946.4 ==== SUMMARY t=11946.4 ====
t=11946.4 route=1 laps=21 crashes=2 avg_out=156.8s avg_ret=176.3s avg_lap=344.5s best_lap=339.4
t=11946.4 route=2 laps=22 crashes=0 avg_out=214.4s avg_ret=251.0s avg_lap=477.4s best_lap=454.8
t=11946.4 route=3 laps=21 crashes=0 avg_out=243.5s avg_ret=269.3s avg_lap=524.9s best_lap=508.2
t=11946.4 route=4 laps=23 crashes=0 avg_out=200.6s avg_ret=168.8s avg_lap=381.3s best_lap=374.9
t=11946.4 route=5 laps=21 crashes=0 avg_out=295.3s avg_ret=257.6s avg_lap=564.9s best_lap=554.8
t=11946.4 route=6 laps=23 crashes=0 avg_out=179.0s avg_ret=159.5s avg_lap=350.4s best_lap=344.4
t=11946.4 route=7 laps=23 crashes=0 avg_out=198.3s avg_ret=158.1s avg_lap=368.4s best_lap=355.8
t=11946.4 route=8 laps=21 crashes=1 avg_out=185.3s avg_ret=186.8s avg_lap=384.0s best_lap=375.8
t=11946.4 TOTAL laps=175 crashes=3
t=11946.4 TUNER gen=2 results=50/64 pending=8 active=8 remaining=14 next_trial=187 rounds=[8,7,6,8,6,8,8,7]
t=11976.4 ==== SUMMARY t=11976.4 ====
t=11976.5 route=1 laps=21 crashes=2 avg_out=156.8s avg_ret=176.3s avg_lap=344.5s best_lap=339.4
t=11976.5 route=2 laps=22 crashes=0 avg_out=214.4s avg_ret=251.0s avg_lap=477.4s best_lap=454.8
t=11976.5 route=3 laps=21 crashes=0 avg_out=243.5s avg_ret=269.3s avg_lap=524.9s best_lap=508.2
t=11976.5 route=4 laps=23 crashes=0 avg_out=200.6s avg_ret=168.8s avg_lap=381.3s best_lap=374.9
t=11976.5 route=5 laps=21 crashes=0 avg_out=295.3s avg_ret=257.6s avg_lap=564.9s best_lap=554.8
t=11976.5 route=6 laps=23 crashes=0 avg_out=179.0s avg_ret=159.5s avg_lap=350.4s best_lap=344.4
t=11976.5 route=7 laps=23 crashes=0 avg_out=198.3s avg_ret=158.1s avg_lap=368.4s best_lap=355.8
t=11976.5 route=8 laps=21 crashes=1 avg_out=185.3s avg_ret=186.8s avg_lap=384.0s best_lap=375.8
t=11976.5 TOTAL laps=175 crashes=3
t=11976.5 TUNER gen=2 results=50/64 pending=8 active=8 remaining=14 next_trial=187 rounds=[8,7,6,8,6,8,8,7]
t=11982.1 LZ_REACHED craft=Aircraft_9_nav_r2_185 route=2 outbound=212.7s t=11982.1
t=12006.5 ==== SUMMARY t=12006.5 ====
t=12006.5 route=1 laps=21 crashes=2 avg_out=156.8s avg_ret=176.3s avg_lap=344.5s best_lap=339.4
t=12006.5 route=2 laps=22 crashes=0 avg_out=214.3s avg_ret=251.0s avg_lap=477.4s best_lap=454.8
t=12006.5 route=3 laps=21 crashes=0 avg_out=243.5s avg_ret=269.3s avg_lap=524.9s best_lap=508.2
t=12006.5 route=4 laps=23 crashes=0 avg_out=200.6s avg_ret=168.8s avg_lap=381.3s best_lap=374.9
t=12006.5 route=5 laps=21 crashes=0 avg_out=295.3s avg_ret=257.6s avg_lap=564.9s best_lap=554.8
t=12006.5 route=6 laps=23 crashes=0 avg_out=179.0s avg_ret=159.5s avg_lap=350.4s best_lap=344.4
t=12006.5 route=7 laps=23 crashes=0 avg_out=198.3s avg_ret=158.1s avg_lap=368.4s best_lap=355.8
t=12006.5 route=8 laps=21 crashes=1 avg_out=185.3s avg_ret=186.8s avg_lap=384.0s best_lap=375.8
t=12006.5 TOTAL laps=175 crashes=3
t=12006.5 TUNER gen=2 results=50/64 pending=8 active=8 remaining=14 next_trial=187 rounds=[8,7,6,8,6,8,8,7]
t=12017.9 LAP_CAPTURE craft=Aircraft_9_nav_r6_180 route=6 return=156.1s lap=348.9s carrier_dist=200m t=12017.9
t=12024.7 LAUNCH_BLOCKED reason=landing_or_storage_busy active=7 stored=1 no_active_s=0.0 state=IDLE tractor_cleanup=false elevator_transfer=false deck=Aircraft_9_nav_r1_186 pending=none clearance=Aircraft_9_nav_r8_179 queue=0
t=12034.0 LAP_CAPTURE craft=Aircraft_9_nav_r8_179 route=8 return=186.6s lap=385.1s carrier_dist=200m t=12034.0
t=12036.5 ==== SUMMARY t=12036.5 ====
t=12036.5 route=1 laps=21 crashes=2 avg_out=156.8s avg_ret=176.3s avg_lap=344.5s best_lap=339.4
t=12036.5 route=2 laps=22 crashes=0 avg_out=214.3s avg_ret=251.0s avg_lap=477.4s best_lap=454.8
t=12036.5 route=3 laps=21 crashes=0 avg_out=243.5s avg_ret=269.3s avg_lap=524.9s best_lap=508.2
t=12036.5 route=4 laps=23 crashes=0 avg_out=200.6s avg_ret=168.8s avg_lap=381.3s best_lap=374.9
t=12036.5 route=5 laps=21 crashes=0 avg_out=295.3s avg_ret=257.6s avg_lap=564.9s best_lap=554.8
t=12036.5 route=6 laps=24 crashes=0 avg_out=179.0s avg_ret=159.4s avg_lap=350.3s best_lap=344.4
t=12036.5 route=7 laps=23 crashes=0 avg_out=198.3s avg_ret=158.1s avg_lap=368.4s best_lap=355.8
t=12036.5 route=8 laps=22 crashes=1 avg_out=185.3s avg_ret=186.7s avg_lap=384.0s best_lap=375.8
t=12036.5 TOTAL laps=177 crashes=3
t=12036.5 TUNER gen=2 results=52/64 pending=6 active=6 remaining=12 next_trial=187 rounds=[8,7,6,8,6,8,8,7]
t=12039.7 LAUNCH_BLOCKED reason=deck_busy active=7 stored=1 no_active_s=0.0 state=RETRIEVING_FROM_HANGAR tractor_cleanup=false elevator_transfer=false deck=Aircraft_9_nav_r6_187 pending=none clearance=none queue=0
t=12042.5 TUNING_REASSIGN craft=Aircraft_9_nav_r6_187 requested_route=6 assigned_route=3
t=12043.4 LZ_REACHED craft=Aircraft_9_nav_r5_184 route=5 outbound=294.0s t=12043.4
t=12050.6 SPAWN craft=Aircraft_9_nav_r6_187 route=3 candidate=1 trial=187 t=12050.6
t=12054.8 LAUNCH_BLOCKED reason=cleared_unready_nav_deck_aircraft active=7 stored=1 no_active_s=0.0 state=IDLE tractor_cleanup=false elevator_transfer=false deck=Aircraft_9_nav_r6_187 pending=none clearance=none queue=0
t=12066.7 ==== SUMMARY t=12066.7 ====
t=12066.7 route=1 laps=21 crashes=2 avg_out=156.8s avg_ret=176.3s avg_lap=344.5s best_lap=339.4
t=12066.7 route=2 laps=22 crashes=0 avg_out=214.3s avg_ret=251.0s avg_lap=477.4s best_lap=454.8
t=12066.7 route=3 laps=21 crashes=0 avg_out=243.5s avg_ret=269.3s avg_lap=524.9s best_lap=508.2
t=12066.7 route=4 laps=23 crashes=0 avg_out=200.6s avg_ret=168.8s avg_lap=381.3s best_lap=374.9
t=12066.7 route=5 laps=21 crashes=0 avg_out=295.3s avg_ret=257.6s avg_lap=564.9s best_lap=554.8
t=12066.7 route=6 laps=24 crashes=0 avg_out=179.0s avg_ret=159.4s avg_lap=350.3s best_lap=344.4
t=12066.7 route=7 laps=23 crashes=0 avg_out=198.3s avg_ret=158.1s avg_lap=368.4s best_lap=355.8
t=12066.7 route=8 laps=22 crashes=1 avg_out=185.3s avg_ret=186.7s avg_lap=384.0s best_lap=375.8
t=12066.8 TOTAL laps=177 crashes=3
t=12066.8 TUNER gen=2 results=52/64 pending=8 active=8 remaining=12 next_trial=189 rounds=[8,7,7,8,6,8,8,8]
t=12070.0 LAUNCH_BLOCKED reason=tuner_capacity_full active=8 stored=1 no_active_s=0.0 state=AIRCRAFT_ON_DECK tractor_cleanup=false elevator_transfer=false deck=Aircraft_9_nav_r8_188 pending=none clearance=none queue=0
t=12070.9 SPAWN craft=Aircraft_9_nav_r8_188 route=8 candidate=7 trial=188 t=12070.9
t=12085.1 LAUNCH_BLOCKED reason=tuner_capacity_full active=8 stored=1 no_active_s=0.0 state=IDLE tractor_cleanup=false elevator_transfer=false deck=Aircraft_9_nav_r8_188 pending=none clearance=none queue=0
t=12093.1 LAP_CAPTURE craft=Aircraft_9_nav_r4_182 route=4 return=170.3s lap=383.9s carrier_dist=200m t=12093.1
t=12096.7 ==== SUMMARY t=12096.7 ====
t=12096.7 route=1 laps=21 crashes=2 avg_out=156.8s avg_ret=176.3s avg_lap=344.5s best_lap=339.4
t=12096.7 route=2 laps=22 crashes=0 avg_out=214.3s avg_ret=251.0s avg_lap=477.4s best_lap=454.8
t=12096.7 route=3 laps=21 crashes=0 avg_out=243.5s avg_ret=269.3s avg_lap=524.9s best_lap=508.2
t=12096.7 route=4 laps=24 crashes=0 avg_out=200.6s avg_ret=168.8s avg_lap=381.4s best_lap=374.9
t=12096.7 route=5 laps=21 crashes=0 avg_out=295.3s avg_ret=257.6s avg_lap=564.9s best_lap=554.8
t=12096.7 route=6 laps=24 crashes=0 avg_out=179.0s avg_ret=159.4s avg_lap=350.3s best_lap=344.4
t=12096.8 route=7 laps=23 crashes=0 avg_out=198.3s avg_ret=158.1s avg_lap=368.4s best_lap=355.8
t=12096.8 route=8 laps=22 crashes=1 avg_out=185.3s avg_ret=186.7s avg_lap=384.0s best_lap=375.8
t=12096.8 TOTAL laps=178 crashes=3
t=12096.8 TUNER gen=2 results=53/64 pending=7 active=7 remaining=11 next_trial=189 rounds=[8,7,7,8,6,8,8,8]
t=12098.8 LAP_CAPTURE craft=Aircraft_9_nav_r7_183 route=7 return=157.4s lap=369.4s carrier_dist=200m t=12098.8
t=12102.8 TUNING_REASSIGN craft=Aircraft_9_nav_r6_189 requested_route=6 assigned_route=5
t=12105.1 LAUNCH_BLOCKED reason=deck_busy active=7 stored=2 no_active_s=0.0 state=AIRCRAFT_ON_DECK tractor_cleanup=false elevator_transfer=true deck=Aircraft_9_nav_r6_189 pending=none clearance=none queue=0
t=12111.0 SPAWN craft=Aircraft_9_nav_r6_189 route=5 candidate=3 trial=189 t=12111.0
t=12120.2 LAUNCH_BLOCKED reason=landing_or_storage_busy active=7 stored=2 no_active_s=0.0 state=IDLE tractor_cleanup=false elevator_transfer=false deck=Aircraft_9_nav_r6_189 pending=none clearance=Aircraft_9_nav_r1_186 queue=0
t=12126.8 ==== SUMMARY t=12126.8 ====
t=12126.8 route=1 laps=21 crashes=2 avg_out=156.8s avg_ret=176.3s avg_lap=344.5s best_lap=339.4
t=12126.8 route=2 laps=22 crashes=0 avg_out=214.3s avg_ret=251.0s avg_lap=477.4s best_lap=454.8
t=12126.8 route=3 laps=21 crashes=0 avg_out=243.5s avg_ret=269.3s avg_lap=524.9s best_lap=508.2
t=12126.8 route=4 laps=24 crashes=0 avg_out=200.6s avg_ret=168.8s avg_lap=381.4s best_lap=374.9
t=12126.8 route=5 laps=21 crashes=0 avg_out=295.3s avg_ret=257.6s avg_lap=564.9s best_lap=554.8
t=12126.8 route=6 laps=24 crashes=0 avg_out=179.0s avg_ret=159.4s avg_lap=350.3s best_lap=344.4
t=12126.8 route=7 laps=24 crashes=0 avg_out=198.3s avg_ret=158.1s avg_lap=368.4s best_lap=355.8
t=12126.8 route=8 laps=22 crashes=1 avg_out=185.3s avg_ret=186.7s avg_lap=384.0s best_lap=375.8
t=12126.8 TOTAL laps=179 crashes=3
t=12126.8 TUNER gen=2 results=54/64 pending=7 active=7 remaining=10 next_trial=190 rounds=[8,7,7,8,7,8,8,8]
t=12131.7 LAP_CAPTURE craft=Aircraft_9_nav_r1_186 route=1 return=173.8s lap=342.0s carrier_dist=200m t=12131.7
t=12135.3 LAUNCH_BLOCKED reason=cleared_unready_nav_deck_aircraft active=6 stored=2 no_active_s=0.0 state=IDLE tractor_cleanup=false elevator_transfer=false deck=Aircraft_9_nav_r6_189 pending=none clearance=none queue=0
t=12143.0 TUNING_REASSIGN craft=Aircraft_9_nav_r4_190 requested_route=4 assigned_route=2
t=12150.3 LAUNCH_BLOCKED reason=deck_busy active=7 stored=2 no_active_s=0.0 state=AIRCRAFT_ON_DECK tractor_cleanup=false elevator_transfer=false deck=Aircraft_9_nav_r4_190 pending=none clearance=none queue=0
t=12151.1 SPAWN craft=Aircraft_9_nav_r4_190 route=2 candidate=1 trial=190 t=12151.1
t=12156.8 ==== SUMMARY t=12156.8 ====
t=12156.8 route=1 laps=22 crashes=2 avg_out=156.8s avg_ret=176.2s avg_lap=344.4s best_lap=339.4
t=12156.8 route=2 laps=22 crashes=0 avg_out=214.3s avg_ret=251.0s avg_lap=477.4s best_lap=454.8
t=12156.8 route=3 laps=21 crashes=0 avg_out=243.5s avg_ret=269.3s avg_lap=524.9s best_lap=508.2
t=12156.8 route=4 laps=24 crashes=0 avg_out=200.6s avg_ret=168.8s avg_lap=381.4s best_lap=374.9
t=12156.8 route=5 laps=21 crashes=0 avg_out=295.3s avg_ret=257.6s avg_lap=564.9s best_lap=554.8
t=12156.8 route=6 laps=24 crashes=0 avg_out=179.0s avg_ret=159.4s avg_lap=350.3s best_lap=344.4
t=12156.8 route=7 laps=24 crashes=0 avg_out=198.3s avg_ret=158.1s avg_lap=368.4s best_lap=355.8
t=12156.8 route=8 laps=22 crashes=1 avg_out=185.3s avg_ret=186.7s avg_lap=384.0s best_lap=375.8
t=12156.9 TOTAL laps=180 crashes=3
t=12156.9 TUNER gen=2 results=55/64 pending=7 active=7 remaining=9 next_trial=191 rounds=[8,8,7,8,7,8,8,8]
t=12163.2 TUNING_REASSIGN craft=Aircraft_9_nav_r7_191 requested_route=7 assigned_route=3
t=12165.4 LAUNCH_BLOCKED reason=tuner_capacity_full active=8 stored=1 no_active_s=0.0 state=AIRCRAFT_ON_DECK tractor_cleanup=false elevator_transfer=true deck=Aircraft_9_nav_r7_191 pending=none clearance=none queue=0
t=12171.3 SPAWN craft=Aircraft_9_nav_r7_191 route=3 candidate=2 trial=191 t=12171.3
t=12180.5 LAUNCH_BLOCKED reason=tuner_capacity_full active=8 stored=1 no_active_s=0.0 state=IDLE tractor_cleanup=false elevator_transfer=false deck=Aircraft_9_nav_r7_191 pending=none clearance=none queue=0
t=12186.9 ==== SUMMARY t=12186.9 ====
t=12186.9 route=1 laps=22 crashes=2 avg_out=156.8s avg_ret=176.2s avg_lap=344.4s best_lap=339.4
t=12186.9 route=2 laps=22 crashes=0 avg_out=214.3s avg_ret=251.0s avg_lap=477.4s best_lap=454.8
t=12186.9 route=3 laps=21 crashes=0 avg_out=243.5s avg_ret=269.3s avg_lap=524.9s best_lap=508.2
t=12186.9 route=4 laps=24 crashes=0 avg_out=200.6s avg_ret=168.8s avg_lap=381.4s best_lap=374.9
t=12186.9 route=5 laps=21 crashes=0 avg_out=295.3s avg_ret=257.6s avg_lap=564.9s best_lap=554.8
t=12186.9 route=6 laps=24 crashes=0 avg_out=179.0s avg_ret=159.4s avg_lap=350.3s best_lap=344.4
t=12187.0 route=7 laps=24 crashes=0 avg_out=198.3s avg_ret=158.1s avg_lap=368.4s best_lap=355.8
t=12187.0 route=8 laps=22 crashes=1 avg_out=185.3s avg_ret=186.7s avg_lap=384.0s best_lap=375.8
t=12187.0 TOTAL laps=180 crashes=3
t=12187.0 TUNER gen=2 results=55/64 pending=8 active=8 remaining=9 next_trial=192 rounds=[8,8,8,8,7,8,8,8]
t=12195.6 LAUNCH_BLOCKED reason=tuner_capacity_full active=8 stored=1 no_active_s=0.0 state=IDLE tractor_cleanup=false elevator_transfer=false deck=Aircraft_9_nav_r7_191 pending=none clearance=none queue=0
t=12210.6 LAUNCH_BLOCKED reason=tuner_capacity_full active=8 stored=1 no_active_s=0.0 state=IDLE tractor_cleanup=false elevator_transfer=false deck=Aircraft_9_nav_r7_191 pending=none clearance=none queue=0
t=12216.0 LAP_CAPTURE craft=Aircraft_9_nav_r3_181 route=3 return=274.0s lap=526.8s carrier_dist=200m t=12216.0
t=12216.9 ==== SUMMARY t=12216.9 ====
t=12216.9 route=1 laps=22 crashes=2 avg_out=156.8s avg_ret=176.2s avg_lap=344.4s best_lap=339.4
t=12216.9 route=2 laps=22 crashes=0 avg_out=214.3s avg_ret=251.0s avg_lap=477.4s best_lap=454.8
t=12216.9 route=3 laps=22 crashes=0 avg_out=243.5s avg_ret=269.5s avg_lap=525.0s best_lap=508.2
t=12216.9 route=4 laps=24 crashes=0 avg_out=200.6s avg_ret=168.8s avg_lap=381.4s best_lap=374.9
t=12216.9 route=5 laps=21 crashes=0 avg_out=295.3s avg_ret=257.6s avg_lap=564.9s best_lap=554.8
t=12216.9 route=6 laps=24 crashes=0 avg_out=179.0s avg_ret=159.4s avg_lap=350.3s best_lap=344.4
t=12216.9 route=7 laps=24 crashes=0 avg_out=198.3s avg_ret=158.1s avg_lap=368.4s best_lap=355.8
t=12216.9 route=8 laps=22 crashes=1 avg_out=185.3s avg_ret=186.7s avg_lap=384.0s best_lap=375.8
t=12216.9 TOTAL laps=181 crashes=3
t=12216.9 TUNER gen=2 results=56/64 pending=7 active=7 remaining=8 next_trial=192 rounds=[8,8,8,8,7,8,8,8]
t=12228.4 TUNING_REASSIGN craft=Aircraft_9_nav_r1_192 requested_route=1 assigned_route=5
t=12230.7 LAUNCH_BLOCKED reason=tuner_capacity_full active=8 stored=1 no_active_s=0.0 state=AIRCRAFT_ON_DECK tractor_cleanup=false elevator_transfer=true deck=Aircraft_9_nav_r1_192 pending=none clearance=none queue=0
t=12236.5 SPAWN craft=Aircraft_9_nav_r1_192 route=5 candidate=4 trial=192 t=12236.5
t=12245.8 LAUNCH_BLOCKED reason=tuner_capacity_full active=8 stored=1 no_active_s=0.0 state=IDLE tractor_cleanup=false elevator_transfer=false deck=Aircraft_9_nav_r1_192 pending=none clearance=Aircraft_9_nav_r2_185 queue=0
t=12246.9 LAP_CAPTURE craft=Aircraft_9_nav_r2_185 route=2 return=252.8s lap=477.5s carrier_dist=200m t=12246.9
t=12247.0 ==== SUMMARY t=12247.0 ====
t=12247.0 route=1 laps=22 crashes=2 avg_out=156.8s avg_ret=176.2s avg_lap=344.4s best_lap=339.4
t=12247.0 route=2 laps=23 crashes=0 avg_out=214.3s avg_ret=251.1s avg_lap=477.4s best_lap=454.8
t=12247.0 route=3 laps=22 crashes=0 avg_out=243.5s avg_ret=269.5s avg_lap=525.0s best_lap=508.2
t=12247.0 route=4 laps=24 crashes=0 avg_out=200.6s avg_ret=168.8s avg_lap=381.4s best_lap=374.9
t=12247.0 route=5 laps=21 crashes=0 avg_out=295.3s avg_ret=257.6s avg_lap=564.9s best_lap=554.8
t=12247.0 route=6 laps=24 crashes=0 avg_out=179.0s avg_ret=159.4s avg_lap=350.3s best_lap=344.4
t=12247.0 route=7 laps=24 crashes=0 avg_out=198.3s avg_ret=158.1s avg_lap=368.4s best_lap=355.8
t=12247.0 route=8 laps=22 crashes=1 avg_out=185.3s avg_ret=186.7s avg_lap=384.0s best_lap=375.8
t=12247.0 TOTAL laps=182 crashes=3
t=12247.0 TUNER gen=2 results=57/64 pending=7 active=7 remaining=7 next_trial=193 rounds=[8,8,8,8,8,8,8,8]
t=12256.5 LZ_REACHED craft=Aircraft_9_nav_r8_188 route=8 outbound=185.7s t=12256.5
t=12260.8 LAUNCH_BLOCKED reason=tuner_capacity_full active=7 stored=1 no_active_s=0.0 state=IDLE tractor_cleanup=false elevator_transfer=false deck=Aircraft_9_nav_r1_192 pending=none clearance=none queue=0
t=12275.9 LAUNCH_BLOCKED reason=tuner_capacity_full active=7 stored=1 no_active_s=0.0 state=IDLE tractor_cleanup=false elevator_transfer=false deck=Aircraft_9_nav_r1_192 pending=none clearance=none queue=0
t=12277.0 ==== SUMMARY t=12277.0 ====
t=12277.0 route=1 laps=22 crashes=2 avg_out=156.8s avg_ret=176.2s avg_lap=344.4s best_lap=339.4
t=12277.0 route=2 laps=23 crashes=0 avg_out=214.3s avg_ret=251.1s avg_lap=477.4s best_lap=454.8
t=12277.0 route=3 laps=22 crashes=0 avg_out=243.5s avg_ret=269.5s avg_lap=525.0s best_lap=508.2
t=12277.0 route=4 laps=24 crashes=0 avg_out=200.6s avg_ret=168.8s avg_lap=381.4s best_lap=374.9
t=12277.0 route=5 laps=21 crashes=0 avg_out=295.3s avg_ret=257.6s avg_lap=564.9s best_lap=554.8
t=12277.0 route=6 laps=24 crashes=0 avg_out=179.0s avg_ret=159.4s avg_lap=350.3s best_lap=344.4
t=12277.0 route=7 laps=24 crashes=0 avg_out=198.3s avg_ret=158.1s avg_lap=368.4s best_lap=355.8
t=12277.0 route=8 laps=22 crashes=1 avg_out=185.4s avg_ret=186.7s avg_lap=384.0s best_lap=375.8
t=12277.0 TOTAL laps=182 crashes=3
t=12277.0 TUNER gen=2 results=57/64 pending=7 active=7 remaining=7 next_trial=193 rounds=[8,8,8,8,8,8,8,8]
t=12290.9 LAUNCH_BLOCKED reason=tuner_capacity_full active=7 stored=1 no_active_s=0.0 state=IDLE tractor_cleanup=false elevator_transfer=false deck=Aircraft_9_nav_r1_192 pending=none clearance=none queue=0
t=12294.7 LZ_REACHED craft=Aircraft_9_nav_r6_187 route=3 outbound=244.1s t=12294.7
t=12306.0 LAUNCH_BLOCKED reason=tuner_capacity_full active=7 stored=1 no_active_s=0.0 state=IDLE tractor_cleanup=false elevator_transfer=false deck=Aircraft_9_nav_r1_192 pending=none clearance=none queue=0
t=12307.0 ==== SUMMARY t=12307.0 ====
t=12307.0 route=1 laps=22 crashes=2 avg_out=156.8s avg_ret=176.2s avg_lap=344.4s best_lap=339.4
t=12307.0 route=2 laps=23 crashes=0 avg_out=214.3s avg_ret=251.1s avg_lap=477.4s best_lap=454.8
t=12307.0 route=3 laps=22 crashes=0 avg_out=243.6s avg_ret=269.5s avg_lap=525.0s best_lap=508.2
t=12307.0 route=4 laps=24 crashes=0 avg_out=200.6s avg_ret=168.8s avg_lap=381.4s best_lap=374.9
t=12307.0 route=5 laps=21 crashes=0 avg_out=295.3s avg_ret=257.6s avg_lap=564.9s best_lap=554.8
t=12307.0 route=6 laps=24 crashes=0 avg_out=179.0s avg_ret=159.4s avg_lap=350.3s best_lap=344.4
t=12307.0 route=7 laps=24 crashes=0 avg_out=198.3s avg_ret=158.1s avg_lap=368.4s best_lap=355.8
t=12307.0 route=8 laps=22 crashes=1 avg_out=185.4s avg_ret=186.7s avg_lap=384.0s best_lap=375.8
t=12307.0 TOTAL laps=182 crashes=3
t=12307.0 TUNER gen=2 results=57/64 pending=7 active=7 remaining=7 next_trial=193 rounds=[8,8,8,8,8,8,8,8]
t=12314.1 LAP_CAPTURE craft=Aircraft_9_nav_r5_184 route=5 return=258.6s lap=564.7s carrier_dist=200m t=12314.1
t=12321.1 LAUNCH_BLOCKED reason=tuner_capacity_full active=6 stored=1 no_active_s=0.0 state=IDLE tractor_cleanup=false elevator_transfer=false deck=Aircraft_9_nav_r1_192 pending=none clearance=none queue=0
t=12336.1 LAUNCH_BLOCKED reason=tuner_capacity_full active=6 stored=1 no_active_s=0.0 state=IDLE tractor_cleanup=false elevator_transfer=false deck=Aircraft_9_nav_r1_192 pending=none clearance=none queue=0
t=12337.0 ==== SUMMARY t=12337.0 ====
t=12337.0 route=1 laps=22 crashes=2 avg_out=156.8s avg_ret=176.2s avg_lap=344.4s best_lap=339.4
t=12337.0 route=2 laps=23 crashes=0 avg_out=214.3s avg_ret=251.1s avg_lap=477.4s best_lap=454.8
t=12337.0 route=3 laps=22 crashes=0 avg_out=243.6s avg_ret=269.5s avg_lap=525.0s best_lap=508.2
t=12337.0 route=4 laps=24 crashes=0 avg_out=200.6s avg_ret=168.8s avg_lap=381.4s best_lap=374.9
t=12337.1 route=5 laps=22 crashes=0 avg_out=295.3s avg_ret=257.6s avg_lap=564.9s best_lap=554.8
t=12337.1 route=6 laps=24 crashes=0 avg_out=179.0s avg_ret=159.4s avg_lap=350.3s best_lap=344.4
t=12337.1 route=7 laps=24 crashes=0 avg_out=198.3s avg_ret=158.1s avg_lap=368.4s best_lap=355.8
t=12337.1 route=8 laps=22 crashes=1 avg_out=185.4s avg_ret=186.7s avg_lap=384.0s best_lap=375.8
t=12337.1 TOTAL laps=183 crashes=3
t=12337.1 TUNER gen=2 results=58/64 pending=6 active=6 remaining=6 next_trial=193 rounds=[8,8,8,8,8,8,8,8]
t=12351.1 LAUNCH_BLOCKED reason=tuner_capacity_full active=6 stored=1 no_active_s=0.0 state=IDLE tractor_cleanup=false elevator_transfer=false deck=Aircraft_9_nav_r1_192 pending=none clearance=none queue=0
t=12365.6 LZ_REACHED craft=Aircraft_9_nav_r4_190 route=2 outbound=214.5s t=12365.6
t=12366.2 LAUNCH_BLOCKED reason=tuner_capacity_full active=6 stored=1 no_active_s=0.0 state=IDLE tractor_cleanup=false elevator_transfer=false deck=Aircraft_9_nav_r1_192 pending=none clearance=none queue=0
t=12367.0 ==== SUMMARY t=12367.0 ====
t=12367.1 route=1 laps=22 crashes=2 avg_out=156.8s avg_ret=176.2s avg_lap=344.4s best_lap=339.4
t=12367.1 route=2 laps=23 crashes=0 avg_out=214.3s avg_ret=251.1s avg_lap=477.4s best_lap=454.8
t=12367.1 route=3 laps=22 crashes=0 avg_out=243.6s avg_ret=269.5s avg_lap=525.0s best_lap=508.2
t=12367.1 route=4 laps=24 crashes=0 avg_out=200.6s avg_ret=168.8s avg_lap=381.4s best_lap=374.9
t=12367.1 route=5 laps=22 crashes=0 avg_out=295.3s avg_ret=257.6s avg_lap=564.9s best_lap=554.8
t=12367.1 route=6 laps=24 crashes=0 avg_out=179.0s avg_ret=159.4s avg_lap=350.3s best_lap=344.4
t=12367.1 route=7 laps=24 crashes=0 avg_out=198.3s avg_ret=158.1s avg_lap=368.4s best_lap=355.8
t=12367.1 route=8 laps=22 crashes=1 avg_out=185.4s avg_ret=186.7s avg_lap=384.0s best_lap=375.8
t=12367.1 TOTAL laps=183 crashes=3
t=12367.1 TUNER gen=2 results=58/64 pending=6 active=6 remaining=6 next_trial=193 rounds=[8,8,8,8,8,8,8,8]
t=12381.2 LAUNCH_BLOCKED reason=tuner_capacity_full active=6 stored=1 no_active_s=0.0 state=IDLE tractor_cleanup=false elevator_transfer=false deck=Aircraft_9_nav_r1_192 pending=none clearance=none queue=0
t=12396.3 LAUNCH_BLOCKED reason=tuner_capacity_full active=6 stored=1 no_active_s=0.0 state=IDLE tractor_cleanup=false elevator_transfer=false deck=Aircraft_9_nav_r1_192 pending=none clearance=none queue=0
t=12397.0 ==== SUMMARY t=12397.0 ====
t=12397.1 route=1 laps=22 crashes=2 avg_out=156.8s avg_ret=176.2s avg_lap=344.4s best_lap=339.4
t=12397.1 route=2 laps=23 crashes=0 avg_out=214.3s avg_ret=251.1s avg_lap=477.4s best_lap=454.8
t=12397.1 route=3 laps=22 crashes=0 avg_out=243.6s avg_ret=269.5s avg_lap=525.0s best_lap=508.2
t=12397.1 route=4 laps=24 crashes=0 avg_out=200.6s avg_ret=168.8s avg_lap=381.4s best_lap=374.9
t=12397.1 route=5 laps=22 crashes=0 avg_out=295.3s avg_ret=257.6s avg_lap=564.9s best_lap=554.8
t=12397.1 route=6 laps=24 crashes=0 avg_out=179.0s avg_ret=159.4s avg_lap=350.3s best_lap=344.4
t=12397.1 route=7 laps=24 crashes=0 avg_out=198.3s avg_ret=158.1s avg_lap=368.4s best_lap=355.8
t=12397.1 route=8 laps=22 crashes=1 avg_out=185.4s avg_ret=186.7s avg_lap=384.0s best_lap=375.8
t=12397.1 TOTAL laps=183 crashes=3
t=12397.1 TUNER gen=2 results=58/64 pending=6 active=6 remaining=6 next_trial=193 rounds=[8,8,8,8,8,8,8,8]
t=12405.4 LZ_REACHED craft=Aircraft_9_nav_r6_189 route=5 outbound=294.4s t=12405.4
t=12411.3 LAUNCH_BLOCKED reason=tuner_capacity_full active=6 stored=1 no_active_s=0.0 state=IDLE tractor_cleanup=false elevator_transfer=false deck=Aircraft_9_nav_r1_192 pending=none clearance=none queue=0
t=12416.7 LZ_REACHED craft=Aircraft_9_nav_r7_191 route=3 outbound=245.4s t=12416.7
t=12426.5 LAUNCH_BLOCKED reason=tuner_capacity_full active=6 stored=1 no_active_s=0.0 state=IDLE tractor_cleanup=false elevator_transfer=false deck=Aircraft_9_nav_r1_192 pending=none clearance=none queue=0
t=12427.1 ==== SUMMARY t=12427.1 ====
t=12427.1 route=1 laps=22 crashes=2 avg_out=156.8s avg_ret=176.2s avg_lap=344.4s best_lap=339.4
t=12427.2 route=2 laps=23 crashes=0 avg_out=214.3s avg_ret=251.1s avg_lap=477.4s best_lap=454.8
t=12427.2 route=3 laps=22 crashes=0 avg_out=243.6s avg_ret=269.5s avg_lap=525.0s best_lap=508.2
t=12427.2 route=4 laps=24 crashes=0 avg_out=200.6s avg_ret=168.8s avg_lap=381.4s best_lap=374.9
t=12427.2 route=5 laps=22 crashes=0 avg_out=295.2s avg_ret=257.6s avg_lap=564.9s best_lap=554.8
t=12427.2 route=6 laps=24 crashes=0 avg_out=179.0s avg_ret=159.4s avg_lap=350.3s best_lap=344.4
t=12427.2 route=7 laps=24 crashes=0 avg_out=198.3s avg_ret=158.1s avg_lap=368.4s best_lap=355.8
t=12427.2 route=8 laps=22 crashes=1 avg_out=185.4s avg_ret=186.7s avg_lap=384.0s best_lap=375.8
t=12427.2 TOTAL laps=183 crashes=3
t=12427.2 TUNER gen=2 results=58/64 pending=6 active=6 remaining=6 next_trial=193 rounds=[8,8,8,8,8,8,8,8]
t=12441.5 LAUNCH_BLOCKED reason=tuner_capacity_full active=6 stored=1 no_active_s=0.0 state=IDLE tractor_cleanup=false elevator_transfer=false deck=Aircraft_9_nav_r1_192 pending=none clearance=Aircraft_9_nav_r8_188 queue=0
t=12454.0 LAP_CAPTURE craft=Aircraft_9_nav_r8_188 route=8 return=185.4s lap=383.1s carrier_dist=200m t=12454.0
t=12456.6 LAUNCH_BLOCKED reason=tuner_capacity_full active=5 stored=1 no_active_s=0.0 state=IDLE tractor_cleanup=false elevator_transfer=false deck=Aircraft_9_nav_r1_192 pending=none clearance=none queue=0
t=12457.2 ==== SUMMARY t=12457.2 ====
t=12457.2 route=1 laps=22 crashes=2 avg_out=156.8s avg_ret=176.2s avg_lap=344.4s best_lap=339.4
t=12457.2 route=2 laps=23 crashes=0 avg_out=214.3s avg_ret=251.1s avg_lap=477.4s best_lap=454.8
t=12457.2 route=3 laps=22 crashes=0 avg_out=243.6s avg_ret=269.5s avg_lap=525.0s best_lap=508.2
t=12457.2 route=4 laps=24 crashes=0 avg_out=200.6s avg_ret=168.8s avg_lap=381.4s best_lap=374.9
t=12457.2 route=5 laps=22 crashes=0 avg_out=295.2s avg_ret=257.6s avg_lap=564.9s best_lap=554.8
t=12457.2 route=6 laps=24 crashes=0 avg_out=179.0s avg_ret=159.4s avg_lap=350.3s best_lap=344.4
t=12457.2 route=7 laps=24 crashes=0 avg_out=198.3s avg_ret=158.1s avg_lap=368.4s best_lap=355.8
t=12457.2 route=8 laps=23 crashes=1 avg_out=185.4s avg_ret=186.7s avg_lap=384.0s best_lap=375.8
t=12457.2 TOTAL laps=184 crashes=3
t=12457.2 TUNER gen=2 results=59/64 pending=5 active=5 remaining=5 next_trial=193 rounds=[8,8,8,8,8,8,8,8]
t=12471.6 LAUNCH_BLOCKED reason=tuner_capacity_full active=5 stored=1 no_active_s=0.0 state=IDLE tractor_cleanup=false elevator_transfer=false deck=Aircraft_9_nav_r1_192 pending=none clearance=none queue=0
t=12486.7 LAUNCH_BLOCKED reason=tuner_capacity_full active=5 stored=1 no_active_s=0.0 state=IDLE tractor_cleanup=false elevator_transfer=false deck=Aircraft_9_nav_r1_192 pending=none clearance=none queue=0
t=12487.2 ==== SUMMARY t=12487.2 ====
t=12487.2 route=1 laps=22 crashes=2 avg_out=156.8s avg_ret=176.2s avg_lap=344.4s best_lap=339.4
t=12487.2 route=2 laps=23 crashes=0 avg_out=214.3s avg_ret=251.1s avg_lap=477.4s best_lap=454.8
t=12487.2 route=3 laps=22 crashes=0 avg_out=243.6s avg_ret=269.5s avg_lap=525.0s best_lap=508.2
t=12487.2 route=4 laps=24 crashes=0 avg_out=200.6s avg_ret=168.8s avg_lap=381.4s best_lap=374.9
t=12487.2 route=5 laps=22 crashes=0 avg_out=295.2s avg_ret=257.6s avg_lap=564.9s best_lap=554.8
t=12487.2 route=6 laps=24 crashes=0 avg_out=179.0s avg_ret=159.4s avg_lap=350.3s best_lap=344.4
t=12487.2 route=7 laps=24 crashes=0 avg_out=198.3s avg_ret=158.1s avg_lap=368.4s best_lap=355.8
t=12487.2 route=8 laps=23 crashes=1 avg_out=185.4s avg_ret=186.7s avg_lap=384.0s best_lap=375.8
t=12487.2 TOTAL laps=184 crashes=3
t=12487.3 TUNER gen=2 results=59/64 pending=5 active=5 remaining=5 next_trial=193 rounds=[8,8,8,8,8,8,8,8]
t=12501.7 LAUNCH_BLOCKED reason=tuner_capacity_full active=5 stored=1 no_active_s=0.0 state=IDLE tractor_cleanup=false elevator_transfer=false deck=Aircraft_9_nav_r1_192 pending=none clearance=none queue=0
t=12516.8 LAUNCH_BLOCKED reason=tuner_capacity_full active=5 stored=1 no_active_s=0.0 state=IDLE tractor_cleanup=false elevator_transfer=false deck=Aircraft_9_nav_r1_192 pending=none clearance=none queue=0
t=12517.2 ==== SUMMARY t=12517.2 ====
t=12517.2 route=1 laps=22 crashes=2 avg_out=156.8s avg_ret=176.2s avg_lap=344.4s best_lap=339.4
t=12517.2 route=2 laps=23 crashes=0 avg_out=214.3s avg_ret=251.1s avg_lap=477.4s best_lap=454.8
t=12517.2 route=3 laps=22 crashes=0 avg_out=243.6s avg_ret=269.5s avg_lap=525.0s best_lap=508.2
t=12517.2 route=4 laps=24 crashes=0 avg_out=200.6s avg_ret=168.8s avg_lap=381.4s best_lap=374.9
t=12517.3 route=5 laps=22 crashes=0 avg_out=295.2s avg_ret=257.6s avg_lap=564.9s best_lap=554.8
t=12517.3 route=6 laps=24 crashes=0 avg_out=179.0s avg_ret=159.4s avg_lap=350.3s best_lap=344.4
t=12517.3 route=7 laps=24 crashes=0 avg_out=198.3s avg_ret=158.1s avg_lap=368.4s best_lap=355.8
t=12517.3 route=8 laps=23 crashes=1 avg_out=185.4s avg_ret=186.7s avg_lap=384.0s best_lap=375.8
t=12517.3 TOTAL laps=184 crashes=3
t=12517.3 TUNER gen=2 results=59/64 pending=5 active=5 remaining=5 next_trial=193 rounds=[8,8,8,8,8,8,8,8]
t=12531.5 LZ_REACHED craft=Aircraft_9_nav_r1_192 route=5 outbound=294.9s t=12531.5
t=12531.8 LAUNCH_BLOCKED reason=tuner_capacity_full active=5 stored=1 no_active_s=0.0 state=IDLE tractor_cleanup=false elevator_transfer=false deck=Aircraft_9_nav_r1_192 pending=none clearance=none queue=0
t=12546.9 LAUNCH_BLOCKED reason=tuner_capacity_full active=5 stored=1 no_active_s=0.0 state=IDLE tractor_cleanup=false elevator_transfer=false deck=Aircraft_9_nav_r1_192 pending=none clearance=none queue=0
t=12547.3 ==== SUMMARY t=12547.3 ====
t=12547.3 route=1 laps=22 crashes=2 avg_out=156.8s avg_ret=176.2s avg_lap=344.4s best_lap=339.4
t=12547.3 route=2 laps=23 crashes=0 avg_out=214.3s avg_ret=251.1s avg_lap=477.4s best_lap=454.8
t=12547.3 route=3 laps=22 crashes=0 avg_out=243.6s avg_ret=269.5s avg_lap=525.0s best_lap=508.2
t=12547.3 route=4 laps=24 crashes=0 avg_out=200.6s avg_ret=168.8s avg_lap=381.4s best_lap=374.9
t=12547.3 route=5 laps=22 crashes=0 avg_out=295.2s avg_ret=257.6s avg_lap=564.9s best_lap=554.8
t=12547.3 route=6 laps=24 crashes=0 avg_out=179.0s avg_ret=159.4s avg_lap=350.3s best_lap=344.4
t=12547.3 route=7 laps=24 crashes=0 avg_out=198.3s avg_ret=158.1s avg_lap=368.4s best_lap=355.8
t=12547.3 route=8 laps=23 crashes=1 avg_out=185.4s avg_ret=186.7s avg_lap=384.0s best_lap=375.8
t=12547.3 TOTAL laps=184 crashes=3
t=12547.3 TUNER gen=2 results=59/64 pending=5 active=5 remaining=5 next_trial=193 rounds=[8,8,8,8,8,8,8,8]
t=12562.0 LAUNCH_BLOCKED reason=tuner_capacity_full active=5 stored=1 no_active_s=0.0 state=IDLE tractor_cleanup=false elevator_transfer=false deck=Aircraft_9_nav_r1_192 pending=none clearance=none queue=0
t=12572.4 LAP_CAPTURE craft=Aircraft_9_nav_r6_187 route=3 return=265.7s lap=521.8s carrier_dist=200m t=12572.4
t=12577.0 LAUNCH_BLOCKED reason=tuner_capacity_full active=4 stored=1 no_active_s=0.0 state=IDLE tractor_cleanup=false elevator_transfer=false deck=Aircraft_9_nav_r1_192 pending=none clearance=none queue=0
t=12577.3 ==== SUMMARY t=12577.3 ====
t=12577.3 route=1 laps=22 crashes=2 avg_out=156.8s avg_ret=176.2s avg_lap=344.4s best_lap=339.4
t=12577.3 route=2 laps=23 crashes=0 avg_out=214.3s avg_ret=251.1s avg_lap=477.4s best_lap=454.8
t=12577.3 route=3 laps=23 crashes=0 avg_out=243.6s avg_ret=269.3s avg_lap=524.9s best_lap=508.2
t=12577.3 route=4 laps=24 crashes=0 avg_out=200.6s avg_ret=168.8s avg_lap=381.4s best_lap=374.9
t=12577.3 route=5 laps=22 crashes=0 avg_out=295.2s avg_ret=257.6s avg_lap=564.9s best_lap=554.8
t=12577.3 route=6 laps=24 crashes=0 avg_out=179.0s avg_ret=159.4s avg_lap=350.3s best_lap=344.4
t=12577.3 route=7 laps=24 crashes=0 avg_out=198.3s avg_ret=158.1s avg_lap=368.4s best_lap=355.8
t=12577.3 route=8 laps=23 crashes=1 avg_out=185.4s avg_ret=186.7s avg_lap=384.0s best_lap=375.8
t=12577.3 TOTAL laps=185 crashes=3
t=12577.3 TUNER gen=2 results=60/64 pending=4 active=4 remaining=4 next_trial=193 rounds=[8,8,8,8,8,8,8,8]
t=12592.1 LAUNCH_BLOCKED reason=tuner_capacity_full active=4 stored=1 no_active_s=0.0 state=IDLE tractor_cleanup=false elevator_transfer=false deck=Aircraft_9_nav_r1_192 pending=none clearance=none queue=0
t=12607.1 LAUNCH_BLOCKED reason=tuner_capacity_full active=4 stored=1 no_active_s=0.0 state=IDLE tractor_cleanup=false elevator_transfer=false deck=Aircraft_9_nav_r1_192 pending=none clearance=none queue=0
t=12607.3 ==== SUMMARY t=12607.3 ====
t=12607.3 route=1 laps=22 crashes=2 avg_out=156.8s avg_ret=176.2s avg_lap=344.4s best_lap=339.4
t=12607.3 route=2 laps=23 crashes=0 avg_out=214.3s avg_ret=251.1s avg_lap=477.4s best_lap=454.8
t=12607.3 route=3 laps=23 crashes=0 avg_out=243.6s avg_ret=269.3s avg_lap=524.9s best_lap=508.2
t=12607.3 route=4 laps=24 crashes=0 avg_out=200.6s avg_ret=168.8s avg_lap=381.4s best_lap=374.9
t=12607.3 route=5 laps=22 crashes=0 avg_out=295.2s avg_ret=257.6s avg_lap=564.9s best_lap=554.8
t=12607.3 route=6 laps=24 crashes=0 avg_out=179.0s avg_ret=159.4s avg_lap=350.3s best_lap=344.4
t=12607.3 route=7 laps=24 crashes=0 avg_out=198.3s avg_ret=158.1s avg_lap=368.4s best_lap=355.8
t=12607.4 route=8 laps=23 crashes=1 avg_out=185.4s avg_ret=186.7s avg_lap=384.0s best_lap=375.8
t=12607.4 TOTAL laps=185 crashes=3
t=12607.4 TUNER gen=2 results=60/64 pending=4 active=4 remaining=4 next_trial=193 rounds=[8,8,8,8,8,8,8,8]
t=12622.2 LAUNCH_BLOCKED reason=tuner_capacity_full active=4 stored=1 no_active_s=0.0 state=IDLE tractor_cleanup=false elevator_transfer=false deck=Aircraft_9_nav_r1_192 pending=none clearance=none queue=0
t=12629.8 LAP_CAPTURE craft=Aircraft_9_nav_r4_190 route=2 return=252.1s lap=478.6s carrier_dist=200m t=12629.8
t=12637.2 LAUNCH_BLOCKED reason=tuner_capacity_full active=3 stored=1 no_active_s=0.0 state=IDLE tractor_cleanup=false elevator_transfer=false deck=Aircraft_9_nav_r1_192 pending=none clearance=none queue=0
t=12637.3 ==== SUMMARY t=12637.3 ====
t=12637.3 route=1 laps=22 crashes=2 avg_out=156.8s avg_ret=176.2s avg_lap=344.4s best_lap=339.4
t=12637.4 route=2 laps=24 crashes=0 avg_out=214.3s avg_ret=251.1s avg_lap=477.4s best_lap=454.8
t=12637.4 route=3 laps=23 crashes=0 avg_out=243.6s avg_ret=269.3s avg_lap=524.9s best_lap=508.2
t=12637.4 route=4 laps=24 crashes=0 avg_out=200.6s avg_ret=168.8s avg_lap=381.4s best_lap=374.9
t=12637.4 route=5 laps=22 crashes=0 avg_out=295.2s avg_ret=257.6s avg_lap=564.9s best_lap=554.8
t=12637.4 route=6 laps=24 crashes=0 avg_out=179.0s avg_ret=159.4s avg_lap=350.3s best_lap=344.4
t=12637.4 route=7 laps=24 crashes=0 avg_out=198.3s avg_ret=158.1s avg_lap=368.4s best_lap=355.8
t=12637.4 route=8 laps=23 crashes=1 avg_out=185.4s avg_ret=186.7s avg_lap=384.0s best_lap=375.8
t=12637.4 TOTAL laps=186 crashes=3
t=12637.4 TUNER gen=2 results=61/64 pending=3 active=3 remaining=3 next_trial=193 rounds=[8,8,8,8,8,8,8,8]
t=12652.3 LAUNCH_BLOCKED reason=tuner_capacity_full active=3 stored=1 no_active_s=0.0 state=IDLE tractor_cleanup=false elevator_transfer=false deck=Aircraft_9_nav_r1_192 pending=none clearance=none queue=0
t=12667.3 LAUNCH_BLOCKED reason=tuner_capacity_full active=3 stored=1 no_active_s=0.0 state=IDLE tractor_cleanup=false elevator_transfer=false deck=Aircraft_9_nav_r1_192 pending=none clearance=none queue=0
t=12667.3 ==== SUMMARY t=12667.3 ====
t=12667.3 route=1 laps=22 crashes=2 avg_out=156.8s avg_ret=176.2s avg_lap=344.4s best_lap=339.4
t=12667.3 route=2 laps=24 crashes=0 avg_out=214.3s avg_ret=251.1s avg_lap=477.4s best_lap=454.8
t=12667.4 route=3 laps=23 crashes=0 avg_out=243.6s avg_ret=269.3s avg_lap=524.9s best_lap=508.2
t=12667.4 route=4 laps=24 crashes=0 avg_out=200.6s avg_ret=168.8s avg_lap=381.4s best_lap=374.9
t=12667.4 route=5 laps=22 crashes=0 avg_out=295.2s avg_ret=257.6s avg_lap=564.9s best_lap=554.8
t=12667.4 route=6 laps=24 crashes=0 avg_out=179.0s avg_ret=159.4s avg_lap=350.3s best_lap=344.4
t=12667.4 route=7 laps=24 crashes=0 avg_out=198.3s avg_ret=158.1s avg_lap=368.4s best_lap=355.8
t=12667.4 route=8 laps=23 crashes=1 avg_out=185.4s avg_ret=186.7s avg_lap=384.0s best_lap=375.8
t=12667.4 TOTAL laps=186 crashes=3
t=12667.4 TUNER gen=2 results=61/64 pending=3 active=3 remaining=3 next_trial=193 rounds=[8,8,8,8,8,8,8,8]
t=12677.3 LAP_CAPTURE craft=Aircraft_9_nav_r6_189 route=5 return=259.9s lap=566.3s carrier_dist=200m t=12677.3
t=12682.4 LAUNCH_BLOCKED reason=tuner_capacity_full active=2 stored=1 no_active_s=0.0 state=IDLE tractor_cleanup=false elevator_transfer=false deck=Aircraft_9_nav_r1_192 pending=none clearance=none queue=0
t=12697.4 ==== SUMMARY t=12697.4 ====
t=12697.4 route=1 laps=22 crashes=2 avg_out=156.8s avg_ret=176.2s avg_lap=344.4s best_lap=339.4
t=12697.4 route=2 laps=24 crashes=0 avg_out=214.3s avg_ret=251.1s avg_lap=477.4s best_lap=454.8
t=12697.4 route=3 laps=23 crashes=0 avg_out=243.6s avg_ret=269.3s avg_lap=524.9s best_lap=508.2
t=12697.4 route=4 laps=24 crashes=0 avg_out=200.6s avg_ret=168.8s avg_lap=381.4s best_lap=374.9
t=12697.4 route=5 laps=23 crashes=0 avg_out=295.2s avg_ret=257.7s avg_lap=564.9s best_lap=554.8
t=12697.4 route=6 laps=24 crashes=0 avg_out=179.0s avg_ret=159.4s avg_lap=350.3s best_lap=344.4
t=12697.4 route=7 laps=24 crashes=0 avg_out=198.3s avg_ret=158.1s avg_lap=368.4s best_lap=355.8
t=12697.4 route=8 laps=23 crashes=1 avg_out=185.4s avg_ret=186.7s avg_lap=384.0s best_lap=375.8
t=12697.4 TOTAL laps=187 crashes=3
t=12697.4 TUNER gen=2 results=62/64 pending=2 active=2 remaining=2 next_trial=193 rounds=[8,8,8,8,8,8,8,8]
t=12697.4 LAUNCH_BLOCKED reason=tuner_capacity_full active=2 stored=1 no_active_s=0.0 state=IDLE tractor_cleanup=false elevator_transfer=false deck=Aircraft_9_nav_r1_192 pending=none clearance=none queue=0
t=12698.3 LAP_CAPTURE craft=Aircraft_9_nav_r7_191 route=3 return=269.5s lap=527.0s carrier_dist=200m t=12698.3
t=12712.5 LAUNCH_BLOCKED reason=tuner_capacity_full active=1 stored=1 no_active_s=0.0 state=IDLE tractor_cleanup=false elevator_transfer=false deck=Aircraft_9_nav_r1_192 pending=none clearance=none queue=0
t=12727.4 ==== SUMMARY t=12727.4 ====
t=12727.4 route=1 laps=22 crashes=2 avg_out=156.8s avg_ret=176.2s avg_lap=344.4s best_lap=339.4
t=12727.4 route=2 laps=24 crashes=0 avg_out=214.3s avg_ret=251.1s avg_lap=477.4s best_lap=454.8
t=12727.4 route=3 laps=24 crashes=0 avg_out=243.6s avg_ret=269.3s avg_lap=525.0s best_lap=508.2
t=12727.4 route=4 laps=24 crashes=0 avg_out=200.6s avg_ret=168.8s avg_lap=381.4s best_lap=374.9
t=12727.4 route=5 laps=23 crashes=0 avg_out=295.2s avg_ret=257.7s avg_lap=564.9s best_lap=554.8
t=12727.4 route=6 laps=24 crashes=0 avg_out=179.0s avg_ret=159.4s avg_lap=350.3s best_lap=344.4
t=12727.4 route=7 laps=24 crashes=0 avg_out=198.3s avg_ret=158.1s avg_lap=368.4s best_lap=355.8
t=12727.4 route=8 laps=23 crashes=1 avg_out=185.4s avg_ret=186.7s avg_lap=384.0s best_lap=375.8
t=12727.4 TOTAL laps=188 crashes=3
t=12727.4 TUNER gen=2 results=63/64 pending=1 active=1 remaining=1 next_trial=193 rounds=[8,8,8,8,8,8,8,8]
t=12727.5 LAUNCH_BLOCKED reason=tuner_capacity_full active=1 stored=1 no_active_s=0.0 state=IDLE tractor_cleanup=false elevator_transfer=false deck=Aircraft_9_nav_r1_192 pending=none clearance=none queue=0
t=12742.6 LAUNCH_BLOCKED reason=tuner_capacity_full active=1 stored=1 no_active_s=0.0 state=IDLE tractor_cleanup=false elevator_transfer=false deck=Aircraft_9_nav_r1_192 pending=none clearance=none queue=0
t=12757.4 ==== SUMMARY t=12757.4 ====
t=12757.4 route=1 laps=22 crashes=2 avg_out=156.8s avg_ret=176.2s avg_lap=344.4s best_lap=339.4
t=12757.4 route=2 laps=24 crashes=0 avg_out=214.3s avg_ret=251.1s avg_lap=477.4s best_lap=454.8
t=12757.4 route=3 laps=24 crashes=0 avg_out=243.6s avg_ret=269.3s avg_lap=525.0s best_lap=508.2
t=12757.4 route=4 laps=24 crashes=0 avg_out=200.6s avg_ret=168.8s avg_lap=381.4s best_lap=374.9
t=12757.4 route=5 laps=23 crashes=0 avg_out=295.2s avg_ret=257.7s avg_lap=564.9s best_lap=554.8
t=12757.4 route=6 laps=24 crashes=0 avg_out=179.0s avg_ret=159.4s avg_lap=350.3s best_lap=344.4
t=12757.4 route=7 laps=24 crashes=0 avg_out=198.3s avg_ret=158.1s avg_lap=368.4s best_lap=355.8
t=12757.4 route=8 laps=23 crashes=1 avg_out=185.4s avg_ret=186.7s avg_lap=384.0s best_lap=375.8
t=12757.4 TOTAL laps=188 crashes=3
t=12757.4 TUNER gen=2 results=63/64 pending=1 active=1 remaining=1 next_trial=193 rounds=[8,8,8,8,8,8,8,8]
t=12757.6 LAUNCH_BLOCKED reason=tuner_capacity_full active=1 stored=1 no_active_s=0.0 state=IDLE tractor_cleanup=false elevator_transfer=false deck=Aircraft_9_nav_r1_192 pending=none clearance=none queue=0
t=12772.7 LAUNCH_BLOCKED reason=tuner_capacity_full active=1 stored=1 no_active_s=0.0 state=IDLE tractor_cleanup=false elevator_transfer=false deck=Aircraft_9_nav_r1_192 pending=none clearance=none queue=0
t=12787.4 ==== SUMMARY t=12787.4 ====
t=12787.4 route=1 laps=22 crashes=2 avg_out=156.8s avg_ret=176.2s avg_lap=344.4s best_lap=339.4
t=12787.4 route=2 laps=24 crashes=0 avg_out=214.3s avg_ret=251.1s avg_lap=477.4s best_lap=454.8
t=12787.4 route=3 laps=24 crashes=0 avg_out=243.6s avg_ret=269.3s avg_lap=525.0s best_lap=508.2
t=12787.4 route=4 laps=24 crashes=0 avg_out=200.6s avg_ret=168.8s avg_lap=381.4s best_lap=374.9
t=12787.4 route=5 laps=23 crashes=0 avg_out=295.2s avg_ret=257.7s avg_lap=564.9s best_lap=554.8
t=12787.4 route=6 laps=24 crashes=0 avg_out=179.0s avg_ret=159.4s avg_lap=350.3s best_lap=344.4
t=12787.4 route=7 laps=24 crashes=0 avg_out=198.3s avg_ret=158.1s avg_lap=368.4s best_lap=355.8
t=12787.5 route=8 laps=23 crashes=1 avg_out=185.4s avg_ret=186.7s avg_lap=384.0s best_lap=375.8
t=12787.5 TOTAL laps=188 crashes=3
t=12787.5 TUNER gen=2 results=63/64 pending=1 active=1 remaining=1 next_trial=193 rounds=[8,8,8,8,8,8,8,8]
t=12787.7 LAUNCH_BLOCKED reason=tuner_capacity_full active=1 stored=1 no_active_s=0.0 state=IDLE tractor_cleanup=false elevator_transfer=false deck=Aircraft_9_nav_r1_192 pending=none clearance=none queue=0
t=12801.2 LAP_CAPTURE craft=Aircraft_9_nav_r1_192 route=5 return=257.7s lap=564.6s carrier_dist=200m t=12801.2
t=12801.2 IDLE_TUNER_WAIT gen=3 results=0/64 remaining=64 active_nav=0 stored=1 state=IDLE next_trial=193
t=12802.8 LAUNCH_BLOCKED reason=waiting_no_active_grace active=0 stored=1 no_active_s=0.0 state=IDLE tractor_cleanup=false elevator_transfer=false deck=none pending=none clearance=none queue=0
t=12817.4 ==== SUMMARY t=12817.4 ====
t=12817.4 route=1 laps=22 crashes=2 avg_out=156.8s avg_ret=176.2s avg_lap=344.4s best_lap=339.4
t=12817.4 route=2 laps=24 crashes=0 avg_out=214.3s avg_ret=251.1s avg_lap=477.4s best_lap=454.8
t=12817.4 route=3 laps=24 crashes=0 avg_out=243.6s avg_ret=269.3s avg_lap=525.0s best_lap=508.2
t=12817.4 route=4 laps=24 crashes=0 avg_out=200.6s avg_ret=168.8s avg_lap=381.4s best_lap=374.9
t=12817.4 route=5 laps=24 crashes=0 avg_out=295.2s avg_ret=257.7s avg_lap=564.9s best_lap=554.8
t=12817.4 route=6 laps=24 crashes=0 avg_out=179.0s avg_ret=159.4s avg_lap=350.3s best_lap=344.4
t=12817.4 route=7 laps=24 crashes=0 avg_out=198.3s avg_ret=158.1s avg_lap=368.4s best_lap=355.8
t=12817.5 route=8 laps=23 crashes=1 avg_out=185.4s avg_ret=186.7s avg_lap=384.0s best_lap=375.8
t=12817.5 TOTAL laps=189 crashes=3
t=12817.5 TUNER gen=3 results=0/64 pending=1 active=1 remaining=64 next_trial=194 rounds=[0,0,0,1,0,0,0,0]
t=12817.8 LAUNCH_BLOCKED reason=deck_busy active=1 stored=7 no_active_s=0.0 state=AIRCRAFT_ON_DECK tractor_cleanup=false elevator_transfer=false deck=Aircraft_9_nav_r4_193 pending=none clearance=none queue=0
t=12818.6 SPAWN craft=Aircraft_9_nav_r4_193 route=4 candidate=4 trial=193 t=12818.6
t=12832.9 LAUNCH_BLOCKED reason=deck_busy active=2 stored=6 no_active_s=0.0 state=AIRCRAFT_ON_DECK tractor_cleanup=false elevator_transfer=true deck=Aircraft_9_nav_r1_194 pending=none clearance=none queue=0
t=12838.8 SPAWN craft=Aircraft_9_nav_r1_194 route=1 candidate=1 trial=194 t=12838.8
t=12847.4 ==== SUMMARY t=12847.4 ====
t=12847.4 route=1 laps=22 crashes=2 avg_out=156.8s avg_ret=176.2s avg_lap=344.4s best_lap=339.4
t=12847.4 route=2 laps=24 crashes=0 avg_out=214.3s avg_ret=251.1s avg_lap=477.4s best_lap=454.8
t=12847.5 route=3 laps=24 crashes=0 avg_out=243.6s avg_ret=269.3s avg_lap=525.0s best_lap=508.2
t=12847.5 route=4 laps=24 crashes=0 avg_out=200.6s avg_ret=168.8s avg_lap=381.4s best_lap=374.9
t=12847.5 route=5 laps=24 crashes=0 avg_out=295.2s avg_ret=257.7s avg_lap=564.9s best_lap=554.8
t=12847.5 route=6 laps=24 crashes=0 avg_out=179.0s avg_ret=159.4s avg_lap=350.3s best_lap=344.4
t=12847.5 route=7 laps=24 crashes=0 avg_out=198.3s avg_ret=158.1s avg_lap=368.4s best_lap=355.8
t=12847.5 route=8 laps=23 crashes=1 avg_out=185.4s avg_ret=186.7s avg_lap=384.0s best_lap=375.8
t=12847.5 TOTAL laps=189 crashes=3
t=12847.5 TUNER gen=3 results=0/64 pending=2 active=2 remaining=64 next_trial=195 rounds=[1,0,0,1,0,0,0,0]
t=12847.9 LAUNCH_BLOCKED reason=deck_busy active=3 stored=5 no_active_s=0.0 state=RETRIEVING_FROM_HANGAR tractor_cleanup=false elevator_transfer=false deck=Aircraft_9_nav_r2_195 pending=none clearance=none queue=0
t=12858.8 SPAWN craft=Aircraft_9_nav_r2_195 route=2 candidate=2 trial=195 t=12858.8
t=12863.0 LAUNCH_BLOCKED reason=cleared_unready_nav_deck_aircraft active=3 stored=5 no_active_s=0.0 state=IDLE tractor_cleanup=false elevator_transfer=false deck=Aircraft_9_nav_r2_195 pending=none clearance=none queue=0
t=12877.5 ==== SUMMARY t=12877.5 ====
t=12877.5 route=1 laps=22 crashes=2 avg_out=156.8s avg_ret=176.2s avg_lap=344.4s best_lap=339.4
t=12877.5 route=2 laps=24 crashes=0 avg_out=214.3s avg_ret=251.1s avg_lap=477.4s best_lap=454.8
t=12877.5 route=3 laps=24 crashes=0 avg_out=243.6s avg_ret=269.3s avg_lap=525.0s best_lap=508.2
t=12877.6 route=4 laps=24 crashes=0 avg_out=200.6s avg_ret=168.8s avg_lap=381.4s best_lap=374.9
t=12877.6 route=5 laps=24 crashes=0 avg_out=295.2s avg_ret=257.7s avg_lap=564.9s best_lap=554.8
t=12877.6 route=6 laps=24 crashes=0 avg_out=179.0s avg_ret=159.4s avg_lap=350.3s best_lap=344.4
t=12877.6 route=7 laps=24 crashes=0 avg_out=198.3s avg_ret=158.1s avg_lap=368.4s best_lap=355.8
t=12877.6 route=8 laps=23 crashes=1 avg_out=185.4s avg_ret=186.7s avg_lap=384.0s best_lap=375.8
t=12877.6 TOTAL laps=189 crashes=3
t=12877.6 TUNER gen=3 results=0/64 pending=4 active=4 remaining=64 next_trial=197 rounds=[1,1,1,1,0,0,0,0]
t=12878.1 LAUNCH_BLOCKED reason=deck_busy active=4 stored=4 no_active_s=0.0 state=AIRCRAFT_ON_DECK tractor_cleanup=false elevator_transfer=false deck=Aircraft_9_nav_r3_196 pending=none clearance=none queue=0
t=12878.9 SPAWN craft=Aircraft_9_nav_r3_196 route=3 candidate=3 trial=196 t=12878.9
t=12893.1 LAUNCH_BLOCKED reason=deck_busy active=5 stored=3 no_active_s=0.0 state=AIRCRAFT_ON_DECK tractor_cleanup=false elevator_transfer=true deck=Aircraft_9_nav_r5_197 pending=none clearance=none queue=0
t=12899.1 SPAWN craft=Aircraft_9_nav_r5_197 route=5 candidate=5 trial=197 t=12899.1
t=12907.6 ==== SUMMARY t=12907.6 ====
t=12907.6 route=1 laps=22 crashes=2 avg_out=156.8s avg_ret=176.2s avg_lap=344.4s best_lap=339.4
t=12907.6 route=2 laps=24 crashes=0 avg_out=214.3s avg_ret=251.1s avg_lap=477.4s best_lap=454.8
t=12907.6 route=3 laps=24 crashes=0 avg_out=243.6s avg_ret=269.3s avg_lap=525.0s best_lap=508.2
t=12907.6 route=4 laps=24 crashes=0 avg_out=200.6s avg_ret=168.8s avg_lap=381.4s best_lap=374.9
t=12907.6 route=5 laps=24 crashes=0 avg_out=295.2s avg_ret=257.7s avg_lap=564.9s best_lap=554.8
t=12907.6 route=6 laps=24 crashes=0 avg_out=179.0s avg_ret=159.4s avg_lap=350.3s best_lap=344.4
t=12907.6 route=7 laps=24 crashes=0 avg_out=198.3s avg_ret=158.1s avg_lap=368.4s best_lap=355.8
t=12907.6 route=8 laps=23 crashes=1 avg_out=185.4s avg_ret=186.7s avg_lap=384.0s best_lap=375.8
t=12907.6 TOTAL laps=189 crashes=3
t=12907.6 TUNER gen=3 results=0/64 pending=5 active=5 remaining=64 next_trial=198 rounds=[1,1,1,1,1,0,0,0]
t=12908.2 LAUNCH_BLOCKED reason=deck_busy active=6 stored=2 no_active_s=0.0 state=RETRIEVING_FROM_HANGAR tractor_cleanup=false elevator_transfer=false deck=Aircraft_9_nav_r6_198 pending=none clearance=none queue=0
t=12919.0 SPAWN craft=Aircraft_9_nav_r6_198 route=6 candidate=6 trial=198 t=12919.0
t=12923.3 LAUNCH_BLOCKED reason=cleared_unready_nav_deck_aircraft active=6 stored=2 no_active_s=0.0 state=IDLE tractor_cleanup=false elevator_transfer=false deck=Aircraft_9_nav_r6_198 pending=none clearance=none queue=0
t=12937.6 ==== SUMMARY t=12937.6 ====
t=12937.6 route=1 laps=22 crashes=2 avg_out=156.8s avg_ret=176.2s avg_lap=344.4s best_lap=339.4
t=12937.6 route=2 laps=24 crashes=0 avg_out=214.3s avg_ret=251.1s avg_lap=477.4s best_lap=454.8
t=12937.7 route=3 laps=24 crashes=0 avg_out=243.6s avg_ret=269.3s avg_lap=525.0s best_lap=508.2
t=12937.7 route=4 laps=24 crashes=0 avg_out=200.6s avg_ret=168.8s avg_lap=381.4s best_lap=374.9
t=12937.7 route=5 laps=24 crashes=0 avg_out=295.2s avg_ret=257.7s avg_lap=564.9s best_lap=554.8
t=12937.7 route=6 laps=24 crashes=0 avg_out=179.0s avg_ret=159.4s avg_lap=350.3s best_lap=344.4
t=12937.7 route=7 laps=24 crashes=0 avg_out=198.3s avg_ret=158.1s avg_lap=368.4s best_lap=355.8
t=12937.7 route=8 laps=23 crashes=1 avg_out=185.4s avg_ret=186.7s avg_lap=384.0s best_lap=375.8
t=12937.7 TOTAL laps=189 crashes=3
t=12937.7 TUNER gen=3 results=0/64 pending=7 active=7 remaining=64 next_trial=200 rounds=[1,1,1,1,1,1,1,0]
t=12938.4 LAUNCH_BLOCKED reason=deck_busy active=7 stored=1 no_active_s=0.0 state=AIRCRAFT_ON_DECK tractor_cleanup=false elevator_transfer=false deck=Aircraft_9_nav_r7_199 pending=none clearance=none queue=0
t=12939.2 SPAWN craft=Aircraft_9_nav_r7_199 route=7 candidate=7 trial=199 t=12939.2
t=12959.3 SPAWN craft=Aircraft_9_nav_r8_200 route=8 candidate=8 trial=200 t=12959.3
t=12967.7 ==== SUMMARY t=12967.7 ====
t=12967.7 route=1 laps=22 crashes=2 avg_out=156.8s avg_ret=176.2s avg_lap=344.4s best_lap=339.4
t=12967.7 route=2 laps=24 crashes=0 avg_out=214.3s avg_ret=251.1s avg_lap=477.4s best_lap=454.8
t=12967.7 route=3 laps=24 crashes=0 avg_out=243.6s avg_ret=269.3s avg_lap=525.0s best_lap=508.2
t=12967.7 route=4 laps=24 crashes=0 avg_out=200.6s avg_ret=168.8s avg_lap=381.4s best_lap=374.9
t=12967.7 route=5 laps=24 crashes=0 avg_out=295.2s avg_ret=257.7s avg_lap=564.9s best_lap=554.8
t=12967.7 route=6 laps=24 crashes=0 avg_out=179.0s avg_ret=159.4s avg_lap=350.3s best_lap=344.4
t=12967.7 route=7 laps=24 crashes=0 avg_out=198.3s avg_ret=158.1s avg_lap=368.4s best_lap=355.8
t=12967.7 route=8 laps=23 crashes=1 avg_out=185.4s avg_ret=186.7s avg_lap=384.0s best_lap=375.8
t=12967.7 TOTAL laps=189 crashes=3
t=12967.7 TUNER gen=3 results=0/64 pending=8 active=8 remaining=64 next_trial=201 rounds=[1,1,1,1,1,1,1,1]
t=12991.8 LZ_REACHED craft=Aircraft_9_nav_r1_194 route=1 outbound=153.0s t=12991.8
t=12997.7 ==== SUMMARY t=12997.7 ====
t=12997.7 route=1 laps=22 crashes=2 avg_out=156.7s avg_ret=176.2s avg_lap=344.4s best_lap=339.4
t=12997.7 route=2 laps=24 crashes=0 avg_out=214.3s avg_ret=251.1s avg_lap=477.4s best_lap=454.8
t=12997.7 route=3 laps=24 crashes=0 avg_out=243.6s avg_ret=269.3s avg_lap=525.0s best_lap=508.2
t=12997.7 route=4 laps=24 crashes=0 avg_out=200.6s avg_ret=168.8s avg_lap=381.4s best_lap=374.9
t=12997.7 route=5 laps=24 crashes=0 avg_out=295.2s avg_ret=257.7s avg_lap=564.9s best_lap=554.8
t=12997.7 route=6 laps=24 crashes=0 avg_out=179.0s avg_ret=159.4s avg_lap=350.3s best_lap=344.4
t=12997.7 route=7 laps=24 crashes=0 avg_out=198.3s avg_ret=158.1s avg_lap=368.4s best_lap=355.8
t=12997.7 route=8 laps=23 crashes=1 avg_out=185.4s avg_ret=186.7s avg_lap=384.0s best_lap=375.8
t=12997.7 TOTAL laps=189 crashes=3
t=12997.7 TUNER gen=3 results=0/64 pending=8 active=8 remaining=64 next_trial=201 rounds=[1,1,1,1,1,1,1,1]
t=13018.5 LZ_REACHED craft=Aircraft_9_nav_r4_193 route=4 outbound=200.0s t=13018.5
t=13027.7 ==== SUMMARY t=13027.7 ====
t=13027.7 route=1 laps=22 crashes=2 avg_out=156.7s avg_ret=176.2s avg_lap=344.4s best_lap=339.4
t=13027.7 route=2 laps=24 crashes=0 avg_out=214.3s avg_ret=251.1s avg_lap=477.4s best_lap=454.8
t=13027.7 route=3 laps=24 crashes=0 avg_out=243.6s avg_ret=269.3s avg_lap=525.0s best_lap=508.2
t=13027.7 route=4 laps=24 crashes=0 avg_out=200.6s avg_ret=168.8s avg_lap=381.4s best_lap=374.9
t=13027.7 route=5 laps=24 crashes=0 avg_out=295.2s avg_ret=257.7s avg_lap=564.9s best_lap=554.8
t=13027.7 route=6 laps=24 crashes=0 avg_out=179.0s avg_ret=159.4s avg_lap=350.3s best_lap=344.4
t=13027.7 route=7 laps=24 crashes=0 avg_out=198.3s avg_ret=158.1s avg_lap=368.4s best_lap=355.8
t=13027.7 route=8 laps=23 crashes=1 avg_out=185.4s avg_ret=186.7s avg_lap=384.0s best_lap=375.8
t=13027.7 TOTAL laps=189 crashes=3
t=13027.7 TUNER gen=3 results=0/64 pending=8 active=8 remaining=64 next_trial=201 rounds=[1,1,1,1,1,1,1,1]
t=13057.7 ==== SUMMARY t=13057.7 ====
t=13057.7 route=1 laps=22 crashes=2 avg_out=156.7s avg_ret=176.2s avg_lap=344.4s best_lap=339.4
t=13057.7 route=2 laps=24 crashes=0 avg_out=214.3s avg_ret=251.1s avg_lap=477.4s best_lap=454.8
t=13057.7 route=3 laps=24 crashes=0 avg_out=243.6s avg_ret=269.3s avg_lap=525.0s best_lap=508.2
t=13057.7 route=4 laps=24 crashes=0 avg_out=200.6s avg_ret=168.8s avg_lap=381.4s best_lap=374.9
t=13057.8 route=5 laps=24 crashes=0 avg_out=295.2s avg_ret=257.7s avg_lap=564.9s best_lap=554.8
t=13057.8 route=6 laps=24 crashes=0 avg_out=179.0s avg_ret=159.4s avg_lap=350.3s best_lap=344.4
t=13057.8 route=7 laps=24 crashes=0 avg_out=198.3s avg_ret=158.1s avg_lap=368.4s best_lap=355.8
t=13057.8 route=8 laps=23 crashes=1 avg_out=185.4s avg_ret=186.7s avg_lap=384.0s best_lap=375.8
t=13057.8 TOTAL laps=189 crashes=3
t=13057.8 TUNER gen=3 results=0/64 pending=8 active=8 remaining=64 next_trial=201 rounds=[1,1,1,1,1,1,1,1]
t=13074.2 LZ_REACHED craft=Aircraft_9_nav_r2_195 route=2 outbound=215.4s t=13074.2
t=13087.8 ==== SUMMARY t=13087.8 ====
t=13087.9 route=1 laps=22 crashes=2 avg_out=156.7s avg_ret=176.2s avg_lap=344.4s best_lap=339.4
t=13087.9 route=2 laps=24 crashes=0 avg_out=214.4s avg_ret=251.1s avg_lap=477.4s best_lap=454.8
t=13087.9 route=3 laps=24 crashes=0 avg_out=243.6s avg_ret=269.3s avg_lap=525.0s best_lap=508.2
t=13087.9 route=4 laps=24 crashes=0 avg_out=200.6s avg_ret=168.8s avg_lap=381.4s best_lap=374.9
t=13087.9 route=5 laps=24 crashes=0 avg_out=295.2s avg_ret=257.7s avg_lap=564.9s best_lap=554.8
t=13087.9 route=6 laps=24 crashes=0 avg_out=179.0s avg_ret=159.4s avg_lap=350.3s best_lap=344.4
t=13087.9 route=7 laps=24 crashes=0 avg_out=198.3s avg_ret=158.1s avg_lap=368.4s best_lap=355.8
t=13087.9 route=8 laps=23 crashes=1 avg_out=185.4s avg_ret=186.7s avg_lap=384.0s best_lap=375.8
t=13087.9 TOTAL laps=189 crashes=3
t=13087.9 TUNER gen=3 results=0/64 pending=8 active=8 remaining=64 next_trial=201 rounds=[1,1,1,1,1,1,1,1]
t=13098.0 LZ_REACHED craft=Aircraft_9_nav_r6_198 route=6 outbound=179.0s t=13098.0
t=13117.8 ==== SUMMARY t=13117.8 ====
t=13117.8 route=1 laps=22 crashes=2 avg_out=156.7s avg_ret=176.2s avg_lap=344.4s best_lap=339.4
t=13117.8 route=2 laps=24 crashes=0 avg_out=214.4s avg_ret=251.1s avg_lap=477.4s best_lap=454.8
t=13117.8 route=3 laps=24 crashes=0 avg_out=243.6s avg_ret=269.3s avg_lap=525.0s best_lap=508.2
t=13117.8 route=4 laps=24 crashes=0 avg_out=200.6s avg_ret=168.8s avg_lap=381.4s best_lap=374.9
t=13117.9 route=5 laps=24 crashes=0 avg_out=295.2s avg_ret=257.7s avg_lap=564.9s best_lap=554.8
t=13117.9 route=6 laps=24 crashes=0 avg_out=179.0s avg_ret=159.4s avg_lap=350.3s best_lap=344.4
t=13117.9 route=7 laps=24 crashes=0 avg_out=198.3s avg_ret=158.1s avg_lap=368.4s best_lap=355.8
t=13117.9 route=8 laps=23 crashes=1 avg_out=185.4s avg_ret=186.7s avg_lap=384.0s best_lap=375.8
t=13117.9 TOTAL laps=189 crashes=3
t=13117.9 TUNER gen=3 results=0/64 pending=8 active=8 remaining=64 next_trial=201 rounds=[1,1,1,1,1,1,1,1]
t=13124.8 LZ_REACHED craft=Aircraft_9_nav_r3_196 route=3 outbound=245.9s t=13124.8
t=13136.6 LZ_REACHED craft=Aircraft_9_nav_r7_199 route=7 outbound=197.4s t=13136.6
t=13145.7 LZ_REACHED craft=Aircraft_9_nav_r8_200 route=8 outbound=186.4s t=13145.7
t=13147.9 ==== SUMMARY t=13147.9 ====
t=13147.9 route=1 laps=22 crashes=2 avg_out=156.7s avg_ret=176.2s avg_lap=344.4s best_lap=339.4
t=13147.9 route=2 laps=24 crashes=0 avg_out=214.4s avg_ret=251.1s avg_lap=477.4s best_lap=454.8
t=13147.9 route=3 laps=24 crashes=0 avg_out=243.7s avg_ret=269.3s avg_lap=525.0s best_lap=508.2
t=13147.9 route=4 laps=24 crashes=0 avg_out=200.6s avg_ret=168.8s avg_lap=381.4s best_lap=374.9
t=13147.9 route=5 laps=24 crashes=0 avg_out=295.2s avg_ret=257.7s avg_lap=564.9s best_lap=554.8
t=13147.9 route=6 laps=24 crashes=0 avg_out=179.0s avg_ret=159.4s avg_lap=350.3s best_lap=344.4
t=13147.9 route=7 laps=24 crashes=0 avg_out=198.3s avg_ret=158.1s avg_lap=368.4s best_lap=355.8
t=13147.9 route=8 laps=23 crashes=1 avg_out=185.4s avg_ret=186.7s avg_lap=384.0s best_lap=375.8
t=13147.9 TOTAL laps=189 crashes=3
t=13147.9 TUNER gen=3 results=0/64 pending=8 active=8 remaining=64 next_trial=201 rounds=[1,1,1,1,1,1,1,1]
t=13177.4 LAP_CAPTURE craft=Aircraft_9_nav_r1_194 route=1 return=173.7s lap=338.7s carrier_dist=200m t=13177.4
t=13177.9 ==== SUMMARY t=13177.9 ====
t=13177.9 route=1 laps=23 crashes=2 avg_out=156.7s avg_ret=176.0s avg_lap=344.1s best_lap=338.7
t=13177.9 route=2 laps=24 crashes=0 avg_out=214.4s avg_ret=251.1s avg_lap=477.4s best_lap=454.8
t=13177.9 route=3 laps=24 crashes=0 avg_out=243.7s avg_ret=269.3s avg_lap=525.0s best_lap=508.2
t=13177.9 route=4 laps=24 crashes=0 avg_out=200.6s avg_ret=168.8s avg_lap=381.4s best_lap=374.9
t=13177.9 route=5 laps=24 crashes=0 avg_out=295.2s avg_ret=257.7s avg_lap=564.9s best_lap=554.8
t=13177.9 route=6 laps=24 crashes=0 avg_out=179.0s avg_ret=159.4s avg_lap=350.3s best_lap=344.4
t=13177.9 route=7 laps=24 crashes=0 avg_out=198.3s avg_ret=158.1s avg_lap=368.4s best_lap=355.8
t=13177.9 route=8 laps=23 crashes=1 avg_out=185.4s avg_ret=186.7s avg_lap=384.0s best_lap=375.8
t=13178.0 TOTAL laps=190 crashes=3
t=13178.0 TUNER gen=3 results=1/64 pending=7 active=7 remaining=63 next_trial=201 rounds=[1,1,1,1,1,1,1,1]
t=13185.3 LZ_REACHED craft=Aircraft_9_nav_r5_197 route=5 outbound=286.2s t=13185.3
t=13195.2 SPAWN craft=Aircraft_9_nav_r1_201 route=1 candidate=2 trial=201 t=13195.2
t=13198.6 LAP_CAPTURE craft=Aircraft_9_nav_r4_193 route=4 return=168.0s lap=380.0s carrier_dist=200m t=13198.6
t=13208.1 ==== SUMMARY t=13208.1 ====
t=13208.1 route=1 laps=23 crashes=2 avg_out=156.7s avg_ret=176.0s avg_lap=344.1s best_lap=338.7
t=13208.1 route=2 laps=24 crashes=0 avg_out=214.4s avg_ret=251.1s avg_lap=477.4s best_lap=454.8
t=13208.1 route=3 laps=24 crashes=0 avg_out=243.7s avg_ret=269.3s avg_lap=525.0s best_lap=508.2
t=13208.1 route=4 laps=25 crashes=0 avg_out=200.6s avg_ret=168.8s avg_lap=381.4s best_lap=374.9
t=13208.1 route=5 laps=24 crashes=0 avg_out=294.8s avg_ret=257.7s avg_lap=564.9s best_lap=554.8
t=13208.1 route=6 laps=24 crashes=0 avg_out=179.0s avg_ret=159.4s avg_lap=350.3s best_lap=344.4
t=13208.2 route=7 laps=24 crashes=0 avg_out=198.3s avg_ret=158.1s avg_lap=368.4s best_lap=355.8
t=13208.2 route=8 laps=23 crashes=1 avg_out=185.4s avg_ret=186.7s avg_lap=384.0s best_lap=375.8
t=13208.2 TOTAL laps=191 crashes=3
t=13208.2 TUNER gen=3 results=2/64 pending=8 active=8 remaining=62 next_trial=203 rounds=[2,1,1,2,1,1,1,1]
t=13215.4 SPAWN craft=Aircraft_9_nav_r4_202 route=4 candidate=5 trial=202 t=13215.4
t=13238.2 ==== SUMMARY t=13238.2 ====
t=13238.2 route=1 laps=23 crashes=2 avg_out=156.7s avg_ret=176.0s avg_lap=344.1s best_lap=338.7
t=13238.2 route=2 laps=24 crashes=0 avg_out=214.4s avg_ret=251.1s avg_lap=477.4s best_lap=454.8
t=13238.2 route=3 laps=24 crashes=0 avg_out=243.7s avg_ret=269.3s avg_lap=525.0s best_lap=508.2
t=13238.2 route=4 laps=25 crashes=0 avg_out=200.6s avg_ret=168.8s avg_lap=381.4s best_lap=374.9
t=13238.2 route=5 laps=24 crashes=0 avg_out=294.8s avg_ret=257.7s avg_lap=564.9s best_lap=554.8
t=13238.2 route=6 laps=24 crashes=0 avg_out=179.0s avg_ret=159.4s avg_lap=350.3s best_lap=344.4
t=13238.2 route=7 laps=24 crashes=0 avg_out=198.3s avg_ret=158.1s avg_lap=368.4s best_lap=355.8
t=13238.2 route=8 laps=23 crashes=1 avg_out=185.4s avg_ret=186.7s avg_lap=384.0s best_lap=375.8
t=13238.2 TOTAL laps=191 crashes=3
t=13238.2 TUNER gen=3 results=2/64 pending=8 active=8 remaining=62 next_trial=203 rounds=[2,1,1,2,1,1,1,1]
t=13268.2 ==== SUMMARY t=13268.2 ====
t=13268.2 route=1 laps=23 crashes=2 avg_out=156.7s avg_ret=176.0s avg_lap=344.1s best_lap=338.7
t=13268.2 route=2 laps=24 crashes=0 avg_out=214.4s avg_ret=251.1s avg_lap=477.4s best_lap=454.8
t=13268.2 route=3 laps=24 crashes=0 avg_out=243.7s avg_ret=269.3s avg_lap=525.0s best_lap=508.2
t=13268.2 route=4 laps=25 crashes=0 avg_out=200.6s avg_ret=168.8s avg_lap=381.4s best_lap=374.9
t=13268.2 route=5 laps=24 crashes=0 avg_out=294.8s avg_ret=257.7s avg_lap=564.9s best_lap=554.8
t=13268.2 route=6 laps=24 crashes=0 avg_out=179.0s avg_ret=159.4s avg_lap=350.3s best_lap=344.4
t=13268.2 route=7 laps=24 crashes=0 avg_out=198.3s avg_ret=158.1s avg_lap=368.4s best_lap=355.8
t=13268.2 route=8 laps=23 crashes=1 avg_out=185.4s avg_ret=186.7s avg_lap=384.0s best_lap=375.8
t=13268.2 TOTAL laps=191 crashes=3
t=13268.3 TUNER gen=3 results=2/64 pending=8 active=8 remaining=62 next_trial=203 rounds=[2,1,1,2,1,1,1,1]
t=13270.4 LAP_CAPTURE craft=Aircraft_9_nav_r6_198 route=6 return=160.4s lap=351.4s carrier_dist=200m t=13270.4
t=13290.8 SPAWN craft=Aircraft_9_nav_r6_203 route=6 candidate=7 trial=203 t=13290.8
t=13298.3 ==== SUMMARY t=13298.3 ====
t=13298.4 route=1 laps=23 crashes=2 avg_out=156.7s avg_ret=176.0s avg_lap=344.1s best_lap=338.7
t=13298.4 route=2 laps=24 crashes=0 avg_out=214.4s avg_ret=251.1s avg_lap=477.4s best_lap=454.8
t=13298.4 route=3 laps=24 crashes=0 avg_out=243.7s avg_ret=269.3s avg_lap=525.0s best_lap=508.2
t=13298.4 route=4 laps=25 crashes=0 avg_out=200.6s avg_ret=168.8s avg_lap=381.4s best_lap=374.9
t=13298.4 route=5 laps=24 crashes=0 avg_out=294.8s avg_ret=257.7s avg_lap=564.9s best_lap=554.8
t=13298.4 route=6 laps=25 crashes=0 avg_out=179.0s avg_ret=159.4s avg_lap=350.4s best_lap=344.4
t=13298.4 route=7 laps=24 crashes=0 avg_out=198.3s avg_ret=158.1s avg_lap=368.4s best_lap=355.8
t=13298.4 route=8 laps=23 crashes=1 avg_out=185.4s avg_ret=186.7s avg_lap=384.0s best_lap=375.8
t=13298.4 TOTAL laps=192 crashes=3
t=13298.4 TUNER gen=3 results=3/64 pending=8 active=8 remaining=61 next_trial=204 rounds=[2,1,1,2,1,2,1,1]
t=13306.4 LAP_CAPTURE craft=Aircraft_9_nav_r7_199 route=7 return=157.8s lap=367.2s carrier_dist=200m t=13306.4
t=13326.0 SPAWN craft=Aircraft_9_nav_r7_204 route=7 candidate=8 trial=204 t=13326.0
t=13328.4 ==== SUMMARY t=13328.4 ====
t=13328.4 route=1 laps=23 crashes=2 avg_out=156.7s avg_ret=176.0s avg_lap=344.1s best_lap=338.7
t=13328.4 route=2 laps=24 crashes=0 avg_out=214.4s avg_ret=251.1s avg_lap=477.4s best_lap=454.8
t=13328.4 route=3 laps=24 crashes=0 avg_out=243.7s avg_ret=269.3s avg_lap=525.0s best_lap=508.2
t=13328.4 route=4 laps=25 crashes=0 avg_out=200.6s avg_ret=168.8s avg_lap=381.4s best_lap=374.9
t=13328.4 route=5 laps=24 crashes=0 avg_out=294.8s avg_ret=257.7s avg_lap=564.9s best_lap=554.8
t=13328.4 route=6 laps=25 crashes=0 avg_out=179.0s avg_ret=159.4s avg_lap=350.4s best_lap=344.4
t=13328.4 route=7 laps=25 crashes=0 avg_out=198.3s avg_ret=158.1s avg_lap=368.4s best_lap=355.8
t=13328.4 route=8 laps=23 crashes=1 avg_out=185.4s avg_ret=186.7s avg_lap=384.0s best_lap=375.8
t=13328.4 TOTAL laps=193 crashes=3
t=13328.5 TUNER gen=3 results=4/64 pending=8 active=8 remaining=60 next_trial=205 rounds=[2,1,1,2,1,2,2,1]
t=13344.7 LAP_CAPTURE craft=Aircraft_9_nav_r2_195 route=2 return=258.5s lap=485.9s carrier_dist=200m t=13344.7
t=13346.7 LAP_CAPTURE craft=Aircraft_9_nav_r8_200 route=8 return=189.0s lap=387.5s carrier_dist=200m t=13346.7
t=13350.3 LAUNCH_BLOCKED reason=cleared_unready_nav_deck_aircraft active=6 stored=1 no_active_s=0.0 state=IDLE tractor_cleanup=false elevator_transfer=false deck=Aircraft_9_nav_r7_204 pending=none clearance=none queue=0
t=13352.9 LZ_REACHED craft=Aircraft_9_nav_r1_201 route=1 outbound=157.7s t=13352.9
t=13358.4 ==== SUMMARY t=13358.4 ====
t=13358.4 route=1 laps=23 crashes=2 avg_out=156.7s avg_ret=176.0s avg_lap=344.1s best_lap=338.7
t=13358.4 route=2 laps=25 crashes=0 avg_out=214.4s avg_ret=251.4s avg_lap=477.8s best_lap=454.8
t=13358.4 route=3 laps=24 crashes=0 avg_out=243.7s avg_ret=269.3s avg_lap=525.0s best_lap=508.2
t=13358.4 route=4 laps=25 crashes=0 avg_out=200.6s avg_ret=168.8s avg_lap=381.4s best_lap=374.9
t=13358.4 route=5 laps=24 crashes=0 avg_out=294.8s avg_ret=257.7s avg_lap=564.9s best_lap=554.8
t=13358.5 route=6 laps=25 crashes=0 avg_out=179.0s avg_ret=159.4s avg_lap=350.4s best_lap=344.4
t=13358.5 route=7 laps=25 crashes=0 avg_out=198.3s avg_ret=158.1s avg_lap=368.4s best_lap=355.8
t=13358.5 route=8 laps=24 crashes=1 avg_out=185.4s avg_ret=186.8s avg_lap=384.1s best_lap=375.8
t=13358.5 TOTAL laps=195 crashes=3
t=13358.5 TUNER gen=3 results=6/64 pending=7 active=7 remaining=58 next_trial=206 rounds=[2,2,1,2,1,2,2,1]
t=13365.3 LAUNCH_BLOCKED reason=deck_busy active=7 stored=1 no_active_s=0.0 state=AIRCRAFT_ON_DECK tractor_cleanup=false elevator_transfer=false deck=Aircraft_9_nav_r2_205 pending=none clearance=none queue=0
t=13366.1 SPAWN craft=Aircraft_9_nav_r2_205 route=2 candidate=3 trial=205 t=13366.1
t=13386.1 SPAWN craft=Aircraft_9_nav_r8_206 route=8 candidate=1 trial=206 t=13386.1
t=13388.4 ==== SUMMARY t=13388.4 ====
t=13388.4 route=1 laps=23 crashes=2 avg_out=156.7s avg_ret=176.0s avg_lap=344.1s best_lap=338.7
t=13388.4 route=2 laps=25 crashes=0 avg_out=214.4s avg_ret=251.4s avg_lap=477.8s best_lap=454.8
t=13388.4 route=3 laps=24 crashes=0 avg_out=243.7s avg_ret=269.3s avg_lap=525.0s best_lap=508.2
t=13388.4 route=4 laps=25 crashes=0 avg_out=200.6s avg_ret=168.8s avg_lap=381.4s best_lap=374.9
t=13388.5 route=5 laps=24 crashes=0 avg_out=294.8s avg_ret=257.7s avg_lap=564.9s best_lap=554.8
t=13388.5 route=6 laps=25 crashes=0 avg_out=179.0s avg_ret=159.4s avg_lap=350.4s best_lap=344.4
t=13388.5 route=7 laps=25 crashes=0 avg_out=198.3s avg_ret=158.1s avg_lap=368.4s best_lap=355.8
t=13388.5 route=8 laps=24 crashes=1 avg_out=185.4s avg_ret=186.8s avg_lap=384.1s best_lap=375.8
t=13388.5 TOTAL laps=195 crashes=3
t=13388.5 TUNER gen=3 results=6/64 pending=8 active=8 remaining=58 next_trial=207 rounds=[2,2,1,2,1,2,2,2]
t=13406.9 LAP_CAPTURE craft=Aircraft_9_nav_r3_196 route=3 return=270.0s lap=528.0s carrier_dist=200m t=13406.9
t=13412.2 LZ_REACHED craft=Aircraft_9_nav_r4_202 route=4 outbound=196.8s t=13412.2
t=13418.5 ==== SUMMARY t=13418.5 ====
t=13418.5 route=1 laps=23 crashes=2 avg_out=156.7s avg_ret=176.0s avg_lap=344.1s best_lap=338.7
t=13418.5 route=2 laps=25 crashes=0 avg_out=214.4s avg_ret=251.4s avg_lap=477.8s best_lap=454.8
t=13418.5 route=3 laps=25 crashes=0 avg_out=243.7s avg_ret=269.3s avg_lap=525.1s best_lap=508.2
t=13418.5 route=4 laps=25 crashes=0 avg_out=200.4s avg_ret=168.8s avg_lap=381.4s best_lap=374.9
t=13418.5 route=5 laps=24 crashes=0 avg_out=294.8s avg_ret=257.7s avg_lap=564.9s best_lap=554.8
t=13418.5 route=6 laps=25 crashes=0 avg_out=179.0s avg_ret=159.4s avg_lap=350.4s best_lap=344.4
t=13418.5 route=7 laps=25 crashes=0 avg_out=198.3s avg_ret=158.1s avg_lap=368.4s best_lap=355.8
t=13418.5 route=8 laps=24 crashes=1 avg_out=185.4s avg_ret=186.8s avg_lap=384.1s best_lap=375.8
t=13418.5 TOTAL laps=196 crashes=3
t=13418.5 TUNER gen=3 results=7/64 pending=8 active=8 remaining=57 next_trial=208 rounds=[2,2,2,2,1,2,2,2]
t=13426.4 SPAWN craft=Aircraft_9_nav_r3_207 route=3 candidate=4 trial=207 t=13426.4
t=13448.5 ==== SUMMARY t=13448.5 ====
t=13448.5 route=1 laps=23 crashes=2 avg_out=156.7s avg_ret=176.0s avg_lap=344.1s best_lap=338.7
t=13448.6 route=2 laps=25 crashes=0 avg_out=214.4s avg_ret=251.4s avg_lap=477.8s best_lap=454.8
t=13448.6 route=3 laps=25 crashes=0 avg_out=243.7s avg_ret=269.3s avg_lap=525.1s best_lap=508.2
t=13448.6 route=4 laps=25 crashes=0 avg_out=200.4s avg_ret=168.8s avg_lap=381.4s best_lap=374.9
t=13448.6 route=5 laps=24 crashes=0 avg_out=294.8s avg_ret=257.7s avg_lap=564.9s best_lap=554.8
t=13448.6 route=6 laps=25 crashes=0 avg_out=179.0s avg_ret=159.4s avg_lap=350.4s best_lap=344.4
t=13448.6 route=7 laps=25 crashes=0 avg_out=198.3s avg_ret=158.1s avg_lap=368.4s best_lap=355.8
t=13448.6 route=8 laps=24 crashes=1 avg_out=185.4s avg_ret=186.8s avg_lap=384.1s best_lap=375.8
t=13448.6 TOTAL laps=196 crashes=3
t=13448.6 TUNER gen=3 results=7/64 pending=8 active=8 remaining=57 next_trial=208 rounds=[2,2,2,2,1,2,2,2]
t=13453.8 LAP_CAPTURE craft=Aircraft_9_nav_r5_197 route=5 return=256.5s lap=554.7s carrier_dist=200m t=13453.8
t=13469.4 LZ_REACHED craft=Aircraft_9_nav_r6_203 route=6 outbound=178.6s t=13469.4
t=13471.7 SPAWN craft=Aircraft_9_nav_r5_208 route=5 candidate=6 trial=208 t=13471.7
t=13478.7 ==== SUMMARY t=13478.7 ====
t=13478.7 route=1 laps=23 crashes=2 avg_out=156.7s avg_ret=176.0s avg_lap=344.1s best_lap=338.7
t=13478.7 route=2 laps=25 crashes=0 avg_out=214.4s avg_ret=251.4s avg_lap=477.8s best_lap=454.8
t=13478.7 route=3 laps=25 crashes=0 avg_out=243.7s avg_ret=269.3s avg_lap=525.1s best_lap=508.2
t=13478.7 route=4 laps=25 crashes=0 avg_out=200.4s avg_ret=168.8s avg_lap=381.4s best_lap=374.9
t=13478.7 route=5 laps=25 crashes=0 avg_out=294.8s avg_ret=257.7s avg_lap=564.5s best_lap=554.7
t=13478.7 route=6 laps=25 crashes=0 avg_out=179.0s avg_ret=159.4s avg_lap=350.4s best_lap=344.4
t=13478.7 route=7 laps=25 crashes=0 avg_out=198.3s avg_ret=158.1s avg_lap=368.4s best_lap=355.8
t=13478.7 route=8 laps=24 crashes=1 avg_out=185.4s avg_ret=186.8s avg_lap=384.1s best_lap=375.8
t=13478.7 TOTAL laps=197 crashes=3
t=13478.7 TUNER gen=3 results=8/64 pending=8 active=8 remaining=56 next_trial=209 rounds=[2,2,2,2,2,2,2,2]
t=13508.7 ==== SUMMARY t=13508.7 ====
t=13508.7 route=1 laps=23 crashes=2 avg_out=156.7s avg_ret=176.0s avg_lap=344.1s best_lap=338.7
t=13508.7 route=2 laps=25 crashes=0 avg_out=214.4s avg_ret=251.4s avg_lap=477.8s best_lap=454.8
t=13508.7 route=3 laps=25 crashes=0 avg_out=243.7s avg_ret=269.3s avg_lap=525.1s best_lap=508.2
t=13508.7 route=4 laps=25 crashes=0 avg_out=200.4s avg_ret=168.8s avg_lap=381.4s best_lap=374.9
t=13508.7 route=5 laps=25 crashes=0 avg_out=294.8s avg_ret=257.7s avg_lap=564.5s best_lap=554.7
t=13508.7 route=6 laps=25 crashes=0 avg_out=179.0s avg_ret=159.4s avg_lap=350.4s best_lap=344.4
t=13508.7 route=7 laps=25 crashes=0 avg_out=198.3s avg_ret=158.1s avg_lap=368.4s best_lap=355.8
t=13508.7 route=8 laps=24 crashes=1 avg_out=185.4s avg_ret=186.8s avg_lap=384.1s best_lap=375.8
t=13508.7 TOTAL laps=197 crashes=3
t=13508.7 TUNER gen=3 results=8/64 pending=8 active=8 remaining=56 next_trial=209 rounds=[2,2,2,2,2,2,2,2]
t=13522.2 LZ_REACHED craft=Aircraft_9_nav_r7_204 route=7 outbound=196.2s t=13522.2
t=13538.7 ==== SUMMARY t=13538.7 ====
t=13538.7 route=1 laps=23 crashes=2 avg_out=156.7s avg_ret=176.0s avg_lap=344.1s best_lap=338.7
t=13538.7 route=2 laps=25 crashes=0 avg_out=214.4s avg_ret=251.4s avg_lap=477.8s best_lap=454.8
t=13538.7 route=3 laps=25 crashes=0 avg_out=243.7s avg_ret=269.3s avg_lap=525.1s best_lap=508.2
t=13538.7 route=4 laps=25 crashes=0 avg_out=200.4s avg_ret=168.8s avg_lap=381.4s best_lap=374.9
t=13538.7 route=5 laps=25 crashes=0 avg_out=294.8s avg_ret=257.7s avg_lap=564.5s best_lap=554.7
t=13538.7 route=6 laps=25 crashes=0 avg_out=179.0s avg_ret=159.4s avg_lap=350.4s best_lap=344.4
t=13538.7 route=7 laps=25 crashes=0 avg_out=198.2s avg_ret=158.1s avg_lap=368.4s best_lap=355.8
t=13538.7 route=8 laps=24 crashes=1 avg_out=185.4s avg_ret=186.8s avg_lap=384.1s best_lap=375.8
t=13538.7 TOTAL laps=197 crashes=3
t=13538.8 TUNER gen=3 results=8/64 pending=8 active=8 remaining=56 next_trial=209 rounds=[2,2,2,2,2,2,2,2]
t=13542.2 LAP_CAPTURE craft=Aircraft_9_nav_r1_201 route=1 return=177.3s lap=347.1s carrier_dist=200m t=13542.2
t=13562.0 SPAWN craft=Aircraft_9_nav_r1_209 route=1 candidate=3 trial=209 t=13562.0
t=13567.3 LZ_REACHED craft=Aircraft_9_nav_r8_206 route=8 outbound=181.2s t=13567.3
t=13568.7 ==== SUMMARY t=13568.7 ====
t=13568.7 route=1 laps=24 crashes=2 avg_out=156.7s avg_ret=176.1s avg_lap=344.2s best_lap=338.7
t=13568.7 route=2 laps=25 crashes=0 avg_out=214.4s avg_ret=251.4s avg_lap=477.8s best_lap=454.8
t=13568.7 route=3 laps=25 crashes=0 avg_out=243.7s avg_ret=269.3s avg_lap=525.1s best_lap=508.2
t=13568.7 route=4 laps=25 crashes=0 avg_out=200.4s avg_ret=168.8s avg_lap=381.4s best_lap=374.9
t=13568.7 route=5 laps=25 crashes=0 avg_out=294.8s avg_ret=257.7s avg_lap=564.5s best_lap=554.7
t=13568.7 route=6 laps=25 crashes=0 avg_out=179.0s avg_ret=159.4s avg_lap=350.4s best_lap=344.4
t=13568.7 route=7 laps=25 crashes=0 avg_out=198.2s avg_ret=158.1s avg_lap=368.4s best_lap=355.8
t=13568.7 route=8 laps=24 crashes=1 avg_out=185.2s avg_ret=186.8s avg_lap=384.1s best_lap=375.8
t=13568.8 TOTAL laps=198 crashes=3
t=13568.8 TUNER gen=3 results=9/64 pending=8 active=8 remaining=55 next_trial=210 rounds=[3,2,2,2,2,2,2,2]
t=13580.2 LZ_REACHED craft=Aircraft_9_nav_r2_205 route=2 outbound=214.1s t=13580.2
t=13592.4 LAP_CAPTURE craft=Aircraft_9_nav_r4_202 route=4 return=168.1s lap=377.0s carrier_dist=200m t=13592.4
t=13598.8 ==== SUMMARY t=13598.8 ====
t=13598.8 route=1 laps=24 crashes=2 avg_out=156.7s avg_ret=176.1s avg_lap=344.2s best_lap=338.7
t=13598.8 route=2 laps=25 crashes=0 avg_out=214.3s avg_ret=251.4s avg_lap=477.8s best_lap=454.8
t=13598.8 route=3 laps=25 crashes=0 avg_out=243.7s avg_ret=269.3s avg_lap=525.1s best_lap=508.2
t=13598.8 route=4 laps=26 crashes=0 avg_out=200.4s avg_ret=168.8s avg_lap=381.2s best_lap=374.9
t=13598.8 route=5 laps=25 crashes=0 avg_out=294.8s avg_ret=257.7s avg_lap=564.5s best_lap=554.7
t=13598.8 route=6 laps=25 crashes=0 avg_out=179.0s avg_ret=159.4s avg_lap=350.4s best_lap=344.4
t=13598.8 route=7 laps=25 crashes=0 avg_out=198.2s avg_ret=158.1s avg_lap=368.4s best_lap=355.8
t=13598.8 route=8 laps=24 crashes=1 avg_out=185.2s avg_ret=186.8s avg_lap=384.1s best_lap=375.8
t=13598.8 TOTAL laps=199 crashes=3
t=13598.8 TUNER gen=3 results=10/64 pending=7 active=7 remaining=54 next_trial=210 rounds=[3,2,2,2,2,2,2,2]
t=13612.1 SPAWN craft=Aircraft_9_nav_r4_210 route=4 candidate=6 trial=210 t=13612.1
t=13628.8 ==== SUMMARY t=13628.8 ====
t=13628.8 route=1 laps=24 crashes=2 avg_out=156.7s avg_ret=176.1s avg_lap=344.2s best_lap=338.7
t=13628.8 route=2 laps=25 crashes=0 avg_out=214.3s avg_ret=251.4s avg_lap=477.8s best_lap=454.8
t=13628.9 route=3 laps=25 crashes=0 avg_out=243.7s avg_ret=269.3s avg_lap=525.1s best_lap=508.2
t=13628.9 route=4 laps=26 crashes=0 avg_out=200.4s avg_ret=168.8s avg_lap=381.2s best_lap=374.9
t=13628.9 route=5 laps=25 crashes=0 avg_out=294.8s avg_ret=257.7s avg_lap=564.5s best_lap=554.7
t=13628.9 route=6 laps=25 crashes=0 avg_out=179.0s avg_ret=159.4s avg_lap=350.4s best_lap=344.4
t=13628.9 route=7 laps=25 crashes=0 avg_out=198.2s avg_ret=158.1s avg_lap=368.4s best_lap=355.8
t=13628.9 route=8 laps=24 crashes=1 avg_out=185.2s avg_ret=186.8s avg_lap=384.1s best_lap=375.8
t=13628.9 TOTAL laps=199 crashes=3
t=13628.9 TUNER gen=3 results=10/64 pending=8 active=8 remaining=54 next_trial=211 rounds=[3,2,2,3,2,2,2,2]
t=13639.8 LAP_CAPTURE craft=Aircraft_9_nav_r6_203 route=6 return=158.4s lap=349.0s carrier_dist=200m t=13639.8
t=13657.4 SPAWN craft=Aircraft_9_nav_r6_211 route=6 candidate=8 trial=211 t=13657.4
t=13658.9 ==== SUMMARY t=13658.9 ====
t=13658.9 route=1 laps=24 crashes=2 avg_out=156.7s avg_ret=176.1s avg_lap=344.2s best_lap=338.7
t=13658.9 route=2 laps=25 crashes=0 avg_out=214.3s avg_ret=251.4s avg_lap=477.8s best_lap=454.8
t=13658.9 route=3 laps=25 crashes=0 avg_out=243.7s avg_ret=269.3s avg_lap=525.1s best_lap=508.2
t=13658.9 route=4 laps=26 crashes=0 avg_out=200.4s avg_ret=168.8s avg_lap=381.2s best_lap=374.9
t=13658.9 route=5 laps=25 crashes=0 avg_out=294.8s avg_ret=257.7s avg_lap=564.5s best_lap=554.7
t=13658.9 route=6 laps=26 crashes=0 avg_out=179.0s avg_ret=159.4s avg_lap=350.3s best_lap=344.4
t=13658.9 route=7 laps=25 crashes=0 avg_out=198.2s avg_ret=158.1s avg_lap=368.4s best_lap=355.8
t=13658.9 route=8 laps=24 crashes=1 avg_out=185.2s avg_ret=186.8s avg_lap=384.1s best_lap=375.8
t=13658.9 TOTAL laps=200 crashes=3
t=13658.9 TUNER gen=3 results=11/64 pending=8 active=8 remaining=53 next_trial=212 rounds=[3,2,2,3,2,3,2,2]
t=13669.3 LZ_REACHED craft=Aircraft_9_nav_r3_207 route=3 outbound=242.9s t=13669.3
t=13688.9 ==== SUMMARY t=13688.9 ====
t=13688.9 route=1 laps=24 crashes=2 avg_out=156.7s avg_ret=176.1s avg_lap=344.2s best_lap=338.7
t=13688.9 route=2 laps=25 crashes=0 avg_out=214.3s avg_ret=251.4s avg_lap=477.8s best_lap=454.8
t=13688.9 route=3 laps=25 crashes=0 avg_out=243.7s avg_ret=269.3s avg_lap=525.1s best_lap=508.2
t=13688.9 route=4 laps=26 crashes=0 avg_out=200.4s avg_ret=168.8s avg_lap=381.2s best_lap=374.9
t=13689.0 route=5 laps=25 crashes=0 avg_out=294.8s avg_ret=257.7s avg_lap=564.5s best_lap=554.7
t=13689.0 route=6 laps=26 crashes=0 avg_out=179.0s avg_ret=159.4s avg_lap=350.3s best_lap=344.4
t=13689.0 route=7 laps=25 crashes=0 avg_out=198.2s avg_ret=158.1s avg_lap=368.4s best_lap=355.8
t=13689.0 route=8 laps=24 crashes=1 avg_out=185.2s avg_ret=186.8s avg_lap=384.1s best_lap=375.8
t=13689.0 TOTAL laps=200 crashes=3
t=13689.0 TUNER gen=3 results=11/64 pending=8 active=8 remaining=53 next_trial=212 rounds=[3,2,2,3,2,3,2,2]
t=13696.7 LAP_CAPTURE craft=Aircraft_9_nav_r7_204 route=7 return=162.5s lap=370.7s carrier_dist=200m t=13696.7
t=13712.6 SPAWN craft=Aircraft_9_nav_r7_212 route=7 candidate=1 trial=212 t=13712.6
t=13719.0 ==== SUMMARY t=13719.0 ====
t=13719.0 route=1 laps=24 crashes=2 avg_out=156.7s avg_ret=176.1s avg_lap=344.2s best_lap=338.7
t=13719.0 route=2 laps=25 crashes=0 avg_out=214.3s avg_ret=251.4s avg_lap=477.8s best_lap=454.8
t=13719.0 route=3 laps=25 crashes=0 avg_out=243.7s avg_ret=269.3s avg_lap=525.1s best_lap=508.2
t=13719.0 route=4 laps=26 crashes=0 avg_out=200.4s avg_ret=168.8s avg_lap=381.2s best_lap=374.9
t=13719.0 route=5 laps=25 crashes=0 avg_out=294.8s avg_ret=257.7s avg_lap=564.5s best_lap=554.7
t=13719.0 route=6 laps=26 crashes=0 avg_out=179.0s avg_ret=159.4s avg_lap=350.3s best_lap=344.4
t=13719.0 route=7 laps=26 crashes=0 avg_out=198.2s avg_ret=158.3s avg_lap=368.5s best_lap=355.8
t=13719.0 route=8 laps=24 crashes=1 avg_out=185.2s avg_ret=186.8s avg_lap=384.1s best_lap=375.8
t=13719.0 TOTAL laps=201 crashes=3
t=13719.0 TUNER gen=3 results=12/64 pending=8 active=8 remaining=52 next_trial=213 rounds=[3,2,2,3,2,3,3,2]
t=13724.8 LZ_REACHED craft=Aircraft_9_nav_r1_209 route=1 outbound=162.9s t=13724.8
t=13749.0 ==== SUMMARY t=13749.0 ====
t=13749.0 route=1 laps=24 crashes=2 avg_out=157.0s avg_ret=176.1s avg_lap=344.2s best_lap=338.7
t=13749.0 route=2 laps=25 crashes=0 avg_out=214.3s avg_ret=251.4s avg_lap=477.8s best_lap=454.8
t=13749.0 route=3 laps=25 crashes=0 avg_out=243.7s avg_ret=269.3s avg_lap=525.1s best_lap=508.2
t=13749.0 route=4 laps=26 crashes=0 avg_out=200.4s avg_ret=168.8s avg_lap=381.2s best_lap=374.9
t=13749.0 route=5 laps=25 crashes=0 avg_out=294.8s avg_ret=257.7s avg_lap=564.5s best_lap=554.7
t=13749.1 route=6 laps=26 crashes=0 avg_out=179.0s avg_ret=159.4s avg_lap=350.3s best_lap=344.4
t=13749.1 route=7 laps=26 crashes=0 avg_out=198.2s avg_ret=158.3s avg_lap=368.5s best_lap=355.8
t=13749.1 route=8 laps=24 crashes=1 avg_out=185.2s avg_ret=186.8s avg_lap=384.1s best_lap=375.8
t=13749.1 TOTAL laps=201 crashes=3
t=13749.1 TUNER gen=3 results=12/64 pending=8 active=8 remaining=52 next_trial=213 rounds=[3,2,2,3,2,3,3,2]
t=13764.7 LAP_CAPTURE craft=Aircraft_9_nav_r8_206 route=8 return=185.4s lap=378.6s carrier_dist=200m t=13764.7
t=13767.4 LZ_REACHED craft=Aircraft_9_nav_r5_208 route=5 outbound=295.7s t=13767.4
t=13779.0 ==== SUMMARY t=13779.0 ====
t=13779.0 route=1 laps=24 crashes=2 avg_out=157.0s avg_ret=176.1s avg_lap=344.2s best_lap=338.7
t=13779.1 route=2 laps=25 crashes=0 avg_out=214.3s avg_ret=251.4s avg_lap=477.8s best_lap=454.8
t=13779.1 route=3 laps=25 crashes=0 avg_out=243.7s avg_ret=269.3s avg_lap=525.1s best_lap=508.2
t=13779.1 route=4 laps=26 crashes=0 avg_out=200.4s avg_ret=168.8s avg_lap=381.2s best_lap=374.9
t=13779.1 route=5 laps=25 crashes=0 avg_out=294.9s avg_ret=257.7s avg_lap=564.5s best_lap=554.7
t=13779.1 route=6 laps=26 crashes=0 avg_out=179.0s avg_ret=159.4s avg_lap=350.3s best_lap=344.4
t=13779.1 route=7 laps=26 crashes=0 avg_out=198.2s avg_ret=158.3s avg_lap=368.5s best_lap=355.8
t=13779.1 route=8 laps=25 crashes=1 avg_out=185.2s avg_ret=186.7s avg_lap=383.9s best_lap=375.8
t=13779.1 TOTAL laps=202 crashes=3
t=13779.1 TUNER gen=3 results=13/64 pending=8 active=8 remaining=51 next_trial=214 rounds=[3,2,2,3,2,3,3,3]
t=13782.9 SPAWN craft=Aircraft_9_nav_r8_213 route=8 candidate=2 trial=213 t=13782.9
t=13809.1 ==== SUMMARY t=13809.1 ====
t=13809.1 route=1 laps=24 crashes=2 avg_out=157.0s avg_ret=176.1s avg_lap=344.2s best_lap=338.7
t=13809.2 route=2 laps=25 crashes=0 avg_out=214.3s avg_ret=251.4s avg_lap=477.8s best_lap=454.8
t=13809.2 route=3 laps=25 crashes=0 avg_out=243.7s avg_ret=269.3s avg_lap=525.1s best_lap=508.2
t=13809.2 route=4 laps=26 crashes=0 avg_out=200.4s avg_ret=168.8s avg_lap=381.2s best_lap=374.9
t=13809.2 route=5 laps=25 crashes=0 avg_out=294.9s avg_ret=257.7s avg_lap=564.5s best_lap=554.7
t=13809.2 route=6 laps=26 crashes=0 avg_out=179.0s avg_ret=159.4s avg_lap=350.3s best_lap=344.4
t=13809.2 route=7 laps=26 crashes=0 avg_out=198.2s avg_ret=158.3s avg_lap=368.5s best_lap=355.8
t=13809.2 route=8 laps=25 crashes=1 avg_out=185.2s avg_ret=186.7s avg_lap=383.9s best_lap=375.8
t=13809.2 TOTAL laps=202 crashes=3
t=13809.2 TUNER gen=3 results=13/64 pending=8 active=8 remaining=51 next_trial=214 rounds=[3,2,2,3,2,3,3,3]
t=13813.3 LZ_REACHED craft=Aircraft_9_nav_r4_210 route=4 outbound=201.2s t=13813.3
t=13839.2 ==== SUMMARY t=13839.2 ====
t=13839.2 route=1 laps=24 crashes=2 avg_out=157.0s avg_ret=176.1s avg_lap=344.2s best_lap=338.7
t=13839.2 route=2 laps=25 crashes=0 avg_out=214.3s avg_ret=251.4s avg_lap=477.8s best_lap=454.8
t=13839.2 route=3 laps=25 crashes=0 avg_out=243.7s avg_ret=269.3s avg_lap=525.1s best_lap=508.2
t=13839.2 route=4 laps=26 crashes=0 avg_out=200.4s avg_ret=168.8s avg_lap=381.2s best_lap=374.9
t=13839.2 route=5 laps=25 crashes=0 avg_out=294.9s avg_ret=257.7s avg_lap=564.5s best_lap=554.7
t=13839.2 route=6 laps=26 crashes=0 avg_out=179.0s avg_ret=159.4s avg_lap=350.3s best_lap=344.4
t=13839.2 route=7 laps=26 crashes=0 avg_out=198.2s avg_ret=158.3s avg_lap=368.5s best_lap=355.8
t=13839.2 route=8 laps=25 crashes=1 avg_out=185.2s avg_ret=186.7s avg_lap=383.9s best_lap=375.8
t=13839.2 TOTAL laps=202 crashes=3
t=13839.2 TUNER gen=3 results=13/64 pending=8 active=8 remaining=51 next_trial=214 rounds=[3,2,2,3,2,3,3,3]
t=13839.3 LZ_REACHED craft=Aircraft_9_nav_r6_211 route=6 outbound=181.9s t=13839.3
t=13845.9 LAP_CAPTURE craft=Aircraft_9_nav_r2_205 route=2 return=253.7s lap=479.8s carrier_dist=200m t=13845.9
t=13863.3 SPAWN craft=Aircraft_9_nav_r2_214 route=2 candidate=4 trial=214 t=13863.3
t=13869.2 ==== SUMMARY t=13869.2 ====
t=13869.3 route=1 laps=24 crashes=2 avg_out=157.0s avg_ret=176.1s avg_lap=344.2s best_lap=338.7
t=13869.3 route=2 laps=26 crashes=0 avg_out=214.3s avg_ret=251.5s avg_lap=477.8s best_lap=454.8
t=13869.3 route=3 laps=25 crashes=0 avg_out=243.7s avg_ret=269.3s avg_lap=525.1s best_lap=508.2
t=13869.3 route=4 laps=26 crashes=0 avg_out=200.4s avg_ret=168.8s avg_lap=381.2s best_lap=374.9
t=13869.3 route=5 laps=25 crashes=0 avg_out=294.9s avg_ret=257.7s avg_lap=564.5s best_lap=554.7
t=13869.3 route=6 laps=26 crashes=0 avg_out=179.1s avg_ret=159.4s avg_lap=350.3s best_lap=344.4
t=13869.3 route=7 laps=26 crashes=0 avg_out=198.2s avg_ret=158.3s avg_lap=368.5s best_lap=355.8
t=13869.3 route=8 laps=25 crashes=1 avg_out=185.2s avg_ret=186.7s avg_lap=383.9s best_lap=375.8
t=13869.3 TOTAL laps=203 crashes=3
t=13869.3 TUNER gen=3 results=14/64 pending=8 active=8 remaining=50 next_trial=215 rounds=[3,3,2,3,2,3,3,3]
t=13899.3 ==== SUMMARY t=13899.3 ====
t=13899.3 route=1 laps=24 crashes=2 avg_out=157.0s avg_ret=176.1s avg_lap=344.2s best_lap=338.7
t=13899.3 route=2 laps=26 crashes=0 avg_out=214.3s avg_ret=251.5s avg_lap=477.8s best_lap=454.8
t=13899.3 route=3 laps=25 crashes=0 avg_out=243.7s avg_ret=269.3s avg_lap=525.1s best_lap=508.2
t=13899.3 route=4 laps=26 crashes=0 avg_out=200.4s avg_ret=168.8s avg_lap=381.2s best_lap=374.9
t=13899.3 route=5 laps=25 crashes=0 avg_out=294.9s avg_ret=257.7s avg_lap=564.5s best_lap=554.7
t=13899.3 route=6 laps=26 crashes=0 avg_out=179.1s avg_ret=159.4s avg_lap=350.3s best_lap=344.4
t=13899.3 route=7 laps=26 crashes=0 avg_out=198.2s avg_ret=158.3s avg_lap=368.5s best_lap=355.8
t=13899.3 route=8 laps=25 crashes=1 avg_out=185.2s avg_ret=186.7s avg_lap=383.9s best_lap=375.8
t=13899.3 TOTAL laps=203 crashes=3
t=13899.3 TUNER gen=3 results=14/64 pending=8 active=8 remaining=50 next_trial=215 rounds=[3,3,2,3,2,3,3,3]
t=13905.4 LZ_REACHED craft=Aircraft_9_nav_r7_212 route=7 outbound=192.8s t=13905.4
t=13908.7 LAP_CAPTURE craft=Aircraft_9_nav_r1_209 route=1 return=171.9s lap=346.7s carrier_dist=200m t=13908.7
t=13928.6 SPAWN craft=Aircraft_9_nav_r1_215 route=1 candidate=4 trial=215 t=13928.6
t=13929.3 ==== SUMMARY t=13929.3 ====
t=13929.3 route=1 laps=25 crashes=2 avg_out=157.0s avg_ret=175.9s avg_lap=344.3s best_lap=338.7
t=13929.3 route=2 laps=26 crashes=0 avg_out=214.3s avg_ret=251.5s avg_lap=477.8s best_lap=454.8
t=13929.3 route=3 laps=25 crashes=0 avg_out=243.7s avg_ret=269.3s avg_lap=525.1s best_lap=508.2
t=13929.3 route=4 laps=26 crashes=0 avg_out=200.4s avg_ret=168.8s avg_lap=381.2s best_lap=374.9
t=13929.3 route=5 laps=25 crashes=0 avg_out=294.9s avg_ret=257.7s avg_lap=564.5s best_lap=554.7
t=13929.3 route=6 laps=26 crashes=0 avg_out=179.1s avg_ret=159.4s avg_lap=350.3s best_lap=344.4
t=13929.3 route=7 laps=26 crashes=0 avg_out=198.0s avg_ret=158.3s avg_lap=368.5s best_lap=355.8
t=13929.3 route=8 laps=25 crashes=1 avg_out=185.2s avg_ret=186.7s avg_lap=383.9s best_lap=375.8
t=13929.3 TOTAL laps=204 crashes=3
t=13929.3 TUNER gen=3 results=15/64 pending=8 active=8 remaining=49 next_trial=216 rounds=[4,3,2,3,2,3,3,3]
t=13950.4 LAP_CAPTURE craft=Aircraft_9_nav_r3_207 route=3 return=269.1s lap=524.1s carrier_dist=200m t=13950.4
t=13959.4 ==== SUMMARY t=13959.4 ====
t=13959.4 route=1 laps=25 crashes=2 avg_out=157.0s avg_ret=175.9s avg_lap=344.3s best_lap=338.7
t=13959.4 route=2 laps=26 crashes=0 avg_out=214.3s avg_ret=251.5s avg_lap=477.8s best_lap=454.8
t=13959.4 route=3 laps=26 crashes=0 avg_out=243.7s avg_ret=269.3s avg_lap=525.1s best_lap=508.2
t=13959.4 route=4 laps=26 crashes=0 avg_out=200.4s avg_ret=168.8s avg_lap=381.2s best_lap=374.9
t=13959.4 route=5 laps=25 crashes=0 avg_out=294.9s avg_ret=257.7s avg_lap=564.5s best_lap=554.7
t=13959.4 route=6 laps=26 crashes=0 avg_out=179.1s avg_ret=159.4s avg_lap=350.3s best_lap=344.4
t=13959.4 route=7 laps=26 crashes=0 avg_out=198.0s avg_ret=158.3s avg_lap=368.5s best_lap=355.8
t=13959.4 route=8 laps=25 crashes=1 avg_out=185.2s avg_ret=186.7s avg_lap=383.9s best_lap=375.8
t=13959.4 TOTAL laps=205 crashes=3
t=13959.4 TUNER gen=3 results=16/64 pending=7 active=7 remaining=48 next_trial=216 rounds=[4,3,2,3,2,3,3,3]
t=13968.8 SPAWN craft=Aircraft_9_nav_r3_216 route=3 candidate=5 trial=216 t=13968.8
t=13969.5 LZ_REACHED craft=Aircraft_9_nav_r8_213 route=8 outbound=186.6s t=13969.5
t=13989.5 ==== SUMMARY t=13989.5 ====
t=13989.5 route=1 laps=25 crashes=2 avg_out=157.0s avg_ret=175.9s avg_lap=344.3s best_lap=338.7
t=13989.5 route=2 laps=26 crashes=0 avg_out=214.3s avg_ret=251.5s avg_lap=477.8s best_lap=454.8
t=13989.5 route=3 laps=26 crashes=0 avg_out=243.7s avg_ret=269.3s avg_lap=525.1s best_lap=508.2
t=13989.5 route=4 laps=26 crashes=0 avg_out=200.4s avg_ret=168.8s avg_lap=381.2s best_lap=374.9
t=13989.5 route=5 laps=25 crashes=0 avg_out=294.9s avg_ret=257.7s avg_lap=564.5s best_lap=554.7
t=13989.5 route=6 laps=26 crashes=0 avg_out=179.1s avg_ret=159.4s avg_lap=350.3s best_lap=344.4
t=13989.5 route=7 laps=26 crashes=0 avg_out=198.0s avg_ret=158.3s avg_lap=368.5s best_lap=355.8
t=13989.5 route=8 laps=25 crashes=1 avg_out=185.3s avg_ret=186.7s avg_lap=383.9s best_lap=375.8
t=13989.5 TOTAL laps=205 crashes=3
t=13989.5 TUNER gen=3 results=16/64 pending=8 active=8 remaining=48 next_trial=217 rounds=[4,3,3,3,2,3,3,3]
t=13994.0 LAP_CAPTURE craft=Aircraft_9_nav_r4_210 route=4 return=168.7s lap=381.9s carrier_dist=200m t=13994.0
t=14010.5 LAP_CAPTURE craft=Aircraft_9_nav_r6_211 route=6 return=159.3s lap=353.1s carrier_dist=200m t=14010.5
t=14014.0 SPAWN craft=Aircraft_9_nav_r4_217 route=4 candidate=7 trial=217 t=14014.0
t=14018.2 LAUNCH_BLOCKED reason=cleared_unready_nav_deck_aircraft active=7 stored=1 no_active_s=0.0 state=IDLE tractor_cleanup=false elevator_transfer=false deck=Aircraft_9_nav_r4_217 pending=none clearance=none queue=0
t=14019.5 ==== SUMMARY t=14019.5 ====
t=14019.5 route=1 laps=25 crashes=2 avg_out=157.0s avg_ret=175.9s avg_lap=344.3s best_lap=338.7
t=14019.5 route=2 laps=26 crashes=0 avg_out=214.3s avg_ret=251.5s avg_lap=477.8s best_lap=454.8
t=14019.5 route=3 laps=26 crashes=0 avg_out=243.7s avg_ret=269.3s avg_lap=525.1s best_lap=508.2
t=14019.5 route=4 laps=27 crashes=0 avg_out=200.4s avg_ret=168.8s avg_lap=381.2s best_lap=374.9
t=14019.5 route=5 laps=25 crashes=0 avg_out=294.9s avg_ret=257.7s avg_lap=564.5s best_lap=554.7
t=14019.5 route=6 laps=27 crashes=0 avg_out=179.1s avg_ret=159.4s avg_lap=350.4s best_lap=344.4
t=14019.6 route=7 laps=26 crashes=0 avg_out=198.0s avg_ret=158.3s avg_lap=368.5s best_lap=355.8
t=14019.6 route=8 laps=25 crashes=1 avg_out=185.3s avg_ret=186.7s avg_lap=383.9s best_lap=375.8
t=14019.6 TOTAL laps=207 crashes=3
t=14019.6 TUNER gen=3 results=18/64 pending=7 active=7 remaining=46 next_trial=218 rounds=[4,3,3,4,2,3,3,3]
t=14034.2 SPAWN craft=Aircraft_9_nav_r6_218 route=6 candidate=1 trial=218 t=14034.2
t=14038.3 LAP_CAPTURE craft=Aircraft_9_nav_r5_208 route=5 return=258.9s lap=566.6s carrier_dist=200m t=14038.3
t=14049.6 ==== SUMMARY t=14049.6 ====
t=14049.6 route=1 laps=25 crashes=2 avg_out=157.0s avg_ret=175.9s avg_lap=344.3s best_lap=338.7
t=14049.6 route=2 laps=26 crashes=0 avg_out=214.3s avg_ret=251.5s avg_lap=477.8s best_lap=454.8
t=14049.6 route=3 laps=26 crashes=0 avg_out=243.7s avg_ret=269.3s avg_lap=525.1s best_lap=508.2
t=14049.6 route=4 laps=27 crashes=0 avg_out=200.4s avg_ret=168.8s avg_lap=381.2s best_lap=374.9
t=14049.7 route=5 laps=26 crashes=0 avg_out=294.9s avg_ret=257.7s avg_lap=564.6s best_lap=554.7
t=14049.7 route=6 laps=27 crashes=0 avg_out=179.1s avg_ret=159.4s avg_lap=350.4s best_lap=344.4
t=14049.7 route=7 laps=26 crashes=0 avg_out=198.0s avg_ret=158.3s avg_lap=368.5s best_lap=355.8
t=14049.7 route=8 laps=25 crashes=1 avg_out=185.3s avg_ret=186.7s avg_lap=383.9s best_lap=375.8
t=14049.7 TOTAL laps=208 crashes=3
t=14049.7 TUNER gen=3 results=19/64 pending=7 active=7 remaining=45 next_trial=219 rounds=[4,3,3,4,2,4,3,3]
t=14059.3 SPAWN craft=Aircraft_9_nav_r5_219 route=5 candidate=7 trial=219 t=14059.3
t=14074.0 LAP_CAPTURE craft=Aircraft_9_nav_r7_212 route=7 return=156.6s lap=361.4s carrier_dist=200m t=14074.0
t=14078.9 LZ_REACHED craft=Aircraft_9_nav_r2_214 route=2 outbound=215.5s t=14078.9
t=14079.7 ==== SUMMARY t=14079.7 ====
t=14079.7 route=1 laps=25 crashes=2 avg_out=157.0s avg_ret=175.9s avg_lap=344.3s best_lap=338.7
t=14079.7 route=2 laps=26 crashes=0 avg_out=214.4s avg_ret=251.5s avg_lap=477.8s best_lap=454.8
t=14079.7 route=3 laps=26 crashes=0 avg_out=243.7s avg_ret=269.3s avg_lap=525.1s best_lap=508.2
t=14079.7 route=4 laps=27 crashes=0 avg_out=200.4s avg_ret=168.8s avg_lap=381.2s best_lap=374.9
t=14079.8 route=5 laps=26 crashes=0 avg_out=294.9s avg_ret=257.7s avg_lap=564.6s best_lap=554.7
t=14079.8 route=6 laps=27 crashes=0 avg_out=179.1s avg_ret=159.4s avg_lap=350.4s best_lap=344.4
t=14079.8 route=7 laps=27 crashes=0 avg_out=198.0s avg_ret=158.2s avg_lap=368.2s best_lap=355.8
t=14079.8 route=8 laps=25 crashes=1 avg_out=185.3s avg_ret=186.7s avg_lap=383.9s best_lap=375.8
t=14079.8 TOTAL laps=209 crashes=3
t=14079.8 TUNER gen=3 results=20/64 pending=7 active=7 remaining=44 next_trial=220 rounds=[4,3,3,4,3,4,3,3]
t=14085.1 LZ_REACHED craft=Aircraft_9_nav_r1_215 route=1 outbound=156.5s t=14085.1
t=14094.5 SPAWN craft=Aircraft_9_nav_r7_220 route=7 candidate=2 trial=220 t=14094.5
t=14109.8 ==== SUMMARY t=14109.8 ====
t=14109.8 route=1 laps=25 crashes=2 avg_out=156.9s avg_ret=175.9s avg_lap=344.3s best_lap=338.7
t=14109.8 route=2 laps=26 crashes=0 avg_out=214.4s avg_ret=251.5s avg_lap=477.8s best_lap=454.8
t=14109.8 route=3 laps=26 crashes=0 avg_out=243.7s avg_ret=269.3s avg_lap=525.1s best_lap=508.2
t=14109.8 route=4 laps=27 crashes=0 avg_out=200.4s avg_ret=168.8s avg_lap=381.2s best_lap=374.9
t=14109.8 route=5 laps=26 crashes=0 avg_out=294.9s avg_ret=257.7s avg_lap=564.6s best_lap=554.7
t=14109.8 route=6 laps=27 crashes=0 avg_out=179.1s avg_ret=159.4s avg_lap=350.4s best_lap=344.4
t=14109.8 route=7 laps=27 crashes=0 avg_out=198.0s avg_ret=158.2s avg_lap=368.2s best_lap=355.8
t=14109.8 route=8 laps=25 crashes=1 avg_out=185.3s avg_ret=186.7s avg_lap=383.9s best_lap=375.8
t=14109.8 TOTAL laps=209 crashes=3
t=14109.8 TUNER gen=3 results=20/64 pending=8 active=8 remaining=44 next_trial=221 rounds=[4,3,3,4,3,4,4,3]
t=14139.8 ==== SUMMARY t=14139.8 ====
t=14139.8 route=1 laps=25 crashes=2 avg_out=156.9s avg_ret=175.9s avg_lap=344.3s best_lap=338.7
t=14139.8 route=2 laps=26 crashes=0 avg_out=214.4s avg_ret=251.5s avg_lap=477.8s best_lap=454.8
t=14139.8 route=3 laps=26 crashes=0 avg_out=243.7s avg_ret=269.3s avg_lap=525.1s best_lap=508.2
t=14139.8 route=4 laps=27 crashes=0 avg_out=200.4s avg_ret=168.8s avg_lap=381.2s best_lap=374.9
t=14139.8 route=5 laps=26 crashes=0 avg_out=294.9s avg_ret=257.7s avg_lap=564.6s best_lap=554.7
t=14139.8 route=6 laps=27 crashes=0 avg_out=179.1s avg_ret=159.4s avg_lap=350.4s best_lap=344.4
t=14139.8 route=7 laps=27 crashes=0 avg_out=198.0s avg_ret=158.2s avg_lap=368.2s best_lap=355.8
t=14139.8 route=8 laps=25 crashes=1 avg_out=185.3s avg_ret=186.7s avg_lap=383.9s best_lap=375.8
t=14139.8 TOTAL laps=209 crashes=3
t=14139.8 TUNER gen=3 results=20/64 pending=8 active=8 remaining=44 next_trial=221 rounds=[4,3,3,4,3,4,4,3]
t=14168.5 LAP_CAPTURE craft=Aircraft_9_nav_r8_213 route=8 return=187.0s lap=385.6s carrier_dist=200m t=14168.5
t=14169.8 ==== SUMMARY t=14169.8 ====
t=14169.8 route=1 laps=25 crashes=2 avg_out=156.9s avg_ret=175.9s avg_lap=344.3s best_lap=338.7
t=14169.8 route=2 laps=26 crashes=0 avg_out=214.4s avg_ret=251.5s avg_lap=477.8s best_lap=454.8
t=14169.8 route=3 laps=26 crashes=0 avg_out=243.7s avg_ret=269.3s avg_lap=525.1s best_lap=508.2
t=14169.8 route=4 laps=27 crashes=0 avg_out=200.4s avg_ret=168.8s avg_lap=381.2s best_lap=374.9
t=14169.8 route=5 laps=26 crashes=0 avg_out=294.9s avg_ret=257.7s avg_lap=564.6s best_lap=554.7
t=14169.8 route=6 laps=27 crashes=0 avg_out=179.1s avg_ret=159.4s avg_lap=350.4s best_lap=344.4
t=14169.8 route=7 laps=27 crashes=0 avg_out=198.0s avg_ret=158.2s avg_lap=368.2s best_lap=355.8
t=14169.8 route=8 laps=26 crashes=1 avg_out=185.3s avg_ret=186.7s avg_lap=384.0s best_lap=375.8
t=14169.8 TOTAL laps=210 crashes=3
t=14169.8 TUNER gen=3 results=21/64 pending=7 active=7 remaining=43 next_trial=221 rounds=[4,3,3,4,3,4,4,3]
t=14184.8 SPAWN craft=Aircraft_9_nav_r8_221 route=8 candidate=3 trial=221 t=14184.8
t=14199.8 ==== SUMMARY t=14199.8 ====
t=14199.8 route=1 laps=25 crashes=2 avg_out=156.9s avg_ret=175.9s avg_lap=344.3s best_lap=338.7
t=14199.8 route=2 laps=26 crashes=0 avg_out=214.4s avg_ret=251.5s avg_lap=477.8s best_lap=454.8
t=14199.8 route=3 laps=26 crashes=0 avg_out=243.7s avg_ret=269.3s avg_lap=525.1s best_lap=508.2
t=14199.8 route=4 laps=27 crashes=0 avg_out=200.4s avg_ret=168.8s avg_lap=381.2s best_lap=374.9
t=14199.9 route=5 laps=26 crashes=0 avg_out=294.9s avg_ret=257.7s avg_lap=564.6s best_lap=554.7
t=14199.9 route=6 laps=27 crashes=0 avg_out=179.1s avg_ret=159.4s avg_lap=350.4s best_lap=344.4
t=14199.9 route=7 laps=27 crashes=0 avg_out=198.0s avg_ret=158.2s avg_lap=368.2s best_lap=355.8
t=14199.9 route=8 laps=26 crashes=1 avg_out=185.3s avg_ret=186.7s avg_lap=384.0s best_lap=375.8
t=14199.9 TOTAL laps=210 crashes=3
t=14199.9 TUNER gen=3 results=21/64 pending=8 active=8 remaining=43 next_trial=222 rounds=[4,3,3,4,3,4,4,4]
t=14210.5 LZ_REACHED craft=Aircraft_9_nav_r3_216 route=3 outbound=241.7s t=14210.5
t=14212.5 LZ_REACHED craft=Aircraft_9_nav_r4_217 route=4 outbound=198.5s t=14212.5
t=14213.8 LZ_REACHED craft=Aircraft_9_nav_r6_218 route=6 outbound=179.7s t=14213.8
t=14229.9 ==== SUMMARY t=14229.9 ====
t=14229.9 route=1 laps=25 crashes=2 avg_out=156.9s avg_ret=175.9s avg_lap=344.3s best_lap=338.7
t=14229.9 route=2 laps=26 crashes=0 avg_out=214.4s avg_ret=251.5s avg_lap=477.8s best_lap=454.8
t=14229.9 route=3 laps=26 crashes=0 avg_out=243.6s avg_ret=269.3s avg_lap=525.1s best_lap=508.2
t=14229.9 route=4 laps=27 crashes=0 avg_out=200.4s avg_ret=168.8s avg_lap=381.2s best_lap=374.9
t=14229.9 route=5 laps=26 crashes=0 avg_out=294.9s avg_ret=257.7s avg_lap=564.6s best_lap=554.7
t=14229.9 route=6 laps=27 crashes=0 avg_out=179.1s avg_ret=159.4s avg_lap=350.4s best_lap=344.4
t=14229.9 route=7 laps=27 crashes=0 avg_out=198.0s avg_ret=158.2s avg_lap=368.2s best_lap=355.8
t=14229.9 route=8 laps=26 crashes=1 avg_out=185.3s avg_ret=186.7s avg_lap=384.0s best_lap=375.8
t=14229.9 TOTAL laps=210 crashes=3
t=14229.9 TUNER gen=3 results=21/64 pending=8 active=8 remaining=43 next_trial=222 rounds=[4,3,3,4,3,4,4,4]
t=14259.9 ==== SUMMARY t=14259.9 ====
t=14259.9 route=1 laps=25 crashes=2 avg_out=156.9s avg_ret=175.9s avg_lap=344.3s best_lap=338.7
t=14259.9 route=2 laps=26 crashes=0 avg_out=214.4s avg_ret=251.5s avg_lap=477.8s best_lap=454.8
t=14259.9 route=3 laps=26 crashes=0 avg_out=243.6s avg_ret=269.3s avg_lap=525.1s best_lap=508.2
t=14259.9 route=4 laps=27 crashes=0 avg_out=200.4s avg_ret=168.8s avg_lap=381.2s best_lap=374.9
t=14259.9 route=5 laps=26 crashes=0 avg_out=294.9s avg_ret=257.7s avg_lap=564.6s best_lap=554.7
t=14259.9 route=6 laps=27 crashes=0 avg_out=179.1s avg_ret=159.4s avg_lap=350.4s best_lap=344.4
t=14259.9 route=7 laps=27 crashes=0 avg_out=198.0s avg_ret=158.2s avg_lap=368.2s best_lap=355.8
t=14259.9 route=8 laps=26 crashes=1 avg_out=185.3s avg_ret=186.7s avg_lap=384.0s best_lap=375.8
t=14259.9 TOTAL laps=210 crashes=3
t=14259.9 TUNER gen=3 results=21/64 pending=8 active=8 remaining=43 next_trial=222 rounds=[4,3,3,4,3,4,4,4]
t=14270.1 LAP_CAPTURE craft=Aircraft_9_nav_r1_215 route=1 return=172.9s lap=341.5s carrier_dist=200m t=14270.1
t=14289.9 ==== SUMMARY t=14289.9 ====
t=14290.0 route=1 laps=26 crashes=2 avg_out=156.9s avg_ret=175.8s avg_lap=344.2s best_lap=338.7
t=14290.0 route=2 laps=26 crashes=0 avg_out=214.4s avg_ret=251.5s avg_lap=477.8s best_lap=454.8
t=14290.0 route=3 laps=26 crashes=0 avg_out=243.6s avg_ret=269.3s avg_lap=525.1s best_lap=508.2
t=14290.0 route=4 laps=27 crashes=0 avg_out=200.4s avg_ret=168.8s avg_lap=381.2s best_lap=374.9
t=14290.0 route=5 laps=26 crashes=0 avg_out=294.9s avg_ret=257.7s avg_lap=564.6s best_lap=554.7
t=14290.0 route=6 laps=27 crashes=0 avg_out=179.1s avg_ret=159.4s avg_lap=350.4s best_lap=344.4
t=14290.0 route=7 laps=27 crashes=0 avg_out=198.0s avg_ret=158.2s avg_lap=368.2s best_lap=355.8
t=14290.0 route=8 laps=26 crashes=1 avg_out=185.3s avg_ret=186.7s avg_lap=384.0s best_lap=375.8
t=14290.0 TOTAL laps=211 crashes=3
t=14290.0 TUNER gen=3 results=22/64 pending=8 active=8 remaining=42 next_trial=223 rounds=[5,3,3,4,3,4,4,4]
t=14290.2 SPAWN craft=Aircraft_9_nav_r1_222 route=1 candidate=5 trial=222 t=14290.2
t=14294.5 LZ_REACHED craft=Aircraft_9_nav_r7_220 route=7 outbound=200.1s t=14294.5
t=14320.0 ==== SUMMARY t=14320.0 ====
t=14320.0 route=1 laps=26 crashes=2 avg_out=156.9s avg_ret=175.8s avg_lap=344.2s best_lap=338.7
t=14320.0 route=2 laps=26 crashes=0 avg_out=214.4s avg_ret=251.5s avg_lap=477.8s best_lap=454.8
t=14320.0 route=3 laps=26 crashes=0 avg_out=243.6s avg_ret=269.3s avg_lap=525.1s best_lap=508.2
t=14320.0 route=4 laps=27 crashes=0 avg_out=200.4s avg_ret=168.8s avg_lap=381.2s best_lap=374.9
t=14320.0 route=5 laps=26 crashes=0 avg_out=294.9s avg_ret=257.7s avg_lap=564.6s best_lap=554.7
t=14320.0 route=6 laps=27 crashes=0 avg_out=179.1s avg_ret=159.4s avg_lap=350.4s best_lap=344.4
t=14320.0 route=7 laps=27 crashes=0 avg_out=198.1s avg_ret=158.2s avg_lap=368.2s best_lap=355.8
t=14320.0 route=8 laps=26 crashes=1 avg_out=185.3s avg_ret=186.7s avg_lap=384.0s best_lap=375.8
t=14320.0 TOTAL laps=211 crashes=3
t=14320.0 TUNER gen=3 results=22/64 pending=8 active=8 remaining=42 next_trial=223 rounds=[5,3,3,4,3,4,4,4]
t=14331.4 LAP_CAPTURE craft=Aircraft_9_nav_r2_214 route=2 return=240.6s lap=468.1s carrier_dist=200m t=14331.4
t=14350.0 ==== SUMMARY t=14350.0 ====
t=14350.0 route=1 laps=26 crashes=2 avg_out=156.9s avg_ret=175.8s avg_lap=344.2s best_lap=338.7
t=14350.0 route=2 laps=27 crashes=0 avg_out=214.4s avg_ret=251.1s avg_lap=477.5s best_lap=454.8
t=14350.0 route=3 laps=26 crashes=0 avg_out=243.6s avg_ret=269.3s avg_lap=525.1s best_lap=508.2
t=14350.1 route=4 laps=27 crashes=0 avg_out=200.4s avg_ret=168.8s avg_lap=381.2s best_lap=374.9
t=14350.1 route=5 laps=26 crashes=0 avg_out=294.9s avg_ret=257.7s avg_lap=564.6s best_lap=554.7
t=14350.1 route=6 laps=27 crashes=0 avg_out=179.1s avg_ret=159.4s avg_lap=350.4s best_lap=344.4
t=14350.1 route=7 laps=27 crashes=0 avg_out=198.1s avg_ret=158.2s avg_lap=368.2s best_lap=355.8
t=14350.1 route=8 laps=26 crashes=1 avg_out=185.3s avg_ret=186.7s avg_lap=384.0s best_lap=375.8
t=14350.1 TOTAL laps=212 crashes=3
t=14350.1 TUNER gen=3 results=23/64 pending=8 active=8 remaining=41 next_trial=224 rounds=[5,4,3,4,3,4,4,4]
t=14350.5 SPAWN craft=Aircraft_9_nav_r2_223 route=2 candidate=5 trial=223 t=14350.5
t=14353.6 LZ_REACHED craft=Aircraft_9_nav_r5_219 route=5 outbound=294.2s t=14353.6
t=14371.3 LZ_REACHED craft=Aircraft_9_nav_r8_221 route=8 outbound=186.5s t=14371.3
t=14380.1 ==== SUMMARY t=14380.1 ====
t=14380.1 route=1 laps=26 crashes=2 avg_out=156.9s avg_ret=175.8s avg_lap=344.2s best_lap=338.7
t=14380.2 route=2 laps=27 crashes=0 avg_out=214.4s avg_ret=251.1s avg_lap=477.5s best_lap=454.8
t=14380.2 route=3 laps=26 crashes=0 avg_out=243.6s avg_ret=269.3s avg_lap=525.1s best_lap=508.2
t=14380.2 route=4 laps=27 crashes=0 avg_out=200.4s avg_ret=168.8s avg_lap=381.2s best_lap=374.9
t=14380.2 route=5 laps=26 crashes=0 avg_out=294.9s avg_ret=257.7s avg_lap=564.6s best_lap=554.7
t=14380.2 route=6 laps=27 crashes=0 avg_out=179.1s avg_ret=159.4s avg_lap=350.4s best_lap=344.4
t=14380.2 route=7 laps=27 crashes=0 avg_out=198.1s avg_ret=158.2s avg_lap=368.2s best_lap=355.8
t=14380.2 route=8 laps=26 crashes=1 avg_out=185.3s avg_ret=186.7s avg_lap=384.0s best_lap=375.8
t=14380.2 TOTAL laps=212 crashes=3
t=14380.2 TUNER gen=3 results=23/64 pending=8 active=8 remaining=41 next_trial=224 rounds=[5,4,3,4,3,4,4,4]
t=14381.6 LAP_CAPTURE craft=Aircraft_9_nav_r6_218 route=6 return=155.7s lap=347.5s carrier_dist=200m t=14381.6
t=14392.8 LAP_CAPTURE craft=Aircraft_9_nav_r4_217 route=4 return=168.4s lap=378.9s carrier_dist=200m t=14392.8
t=14399.9 LAUNCH_BLOCKED reason=deck_busy active=7 stored=1 no_active_s=0.0 state=AIRCRAFT_ON_DECK tractor_cleanup=false elevator_transfer=false deck=Aircraft_9_nav_r6_224 pending=none clearance=none queue=0
t=14400.7 SPAWN craft=Aircraft_9_nav_r6_224 route=6 candidate=2 trial=224 t=14400.7
t=14410.3 ==== SUMMARY t=14410.3 ====
t=14410.3 route=1 laps=26 crashes=2 avg_out=156.9s avg_ret=175.8s avg_lap=344.2s best_lap=338.7
t=14410.3 route=2 laps=27 crashes=0 avg_out=214.4s avg_ret=251.1s avg_lap=477.5s best_lap=454.8
t=14410.3 route=3 laps=26 crashes=0 avg_out=243.6s avg_ret=269.3s avg_lap=525.1s best_lap=508.2
t=14410.3 route=4 laps=28 crashes=0 avg_out=200.4s avg_ret=168.7s avg_lap=381.1s best_lap=374.9
t=14410.3 route=5 laps=26 crashes=0 avg_out=294.9s avg_ret=257.7s avg_lap=564.6s best_lap=554.7
t=14410.3 route=6 laps=28 crashes=0 avg_out=179.1s avg_ret=159.2s avg_lap=350.3s best_lap=344.4
t=14410.3 route=7 laps=27 crashes=0 avg_out=198.1s avg_ret=158.2s avg_lap=368.2s best_lap=355.8
t=14410.3 route=8 laps=26 crashes=1 avg_out=185.3s avg_ret=186.7s avg_lap=384.0s best_lap=375.8
t=14410.3 TOTAL laps=214 crashes=3
t=14410.3 TUNER gen=3 results=25/64 pending=7 active=7 remaining=39 next_trial=225 rounds=[5,4,3,4,3,5,4,4]
t=14420.8 SPAWN craft=Aircraft_9_nav_r4_225 route=4 candidate=8 trial=225 t=14420.8
t=14440.3 ==== SUMMARY t=14440.3 ====
t=14440.3 route=1 laps=26 crashes=2 avg_out=156.9s avg_ret=175.8s avg_lap=344.2s best_lap=338.7
t=14440.3 route=2 laps=27 crashes=0 avg_out=214.4s avg_ret=251.1s avg_lap=477.5s best_lap=454.8
t=14440.4 route=3 laps=26 crashes=0 avg_out=243.6s avg_ret=269.3s avg_lap=525.1s best_lap=508.2
t=14440.4 route=4 laps=28 crashes=0 avg_out=200.4s avg_ret=168.7s avg_lap=381.1s best_lap=374.9
t=14440.4 route=5 laps=26 crashes=0 avg_out=294.9s avg_ret=257.7s avg_lap=564.6s best_lap=554.7
t=14440.4 route=6 laps=28 crashes=0 avg_out=179.1s avg_ret=159.2s avg_lap=350.3s best_lap=344.4
t=14440.4 route=7 laps=27 crashes=0 avg_out=198.1s avg_ret=158.2s avg_lap=368.2s best_lap=355.8
t=14440.4 route=8 laps=26 crashes=1 avg_out=185.3s avg_ret=186.7s avg_lap=384.0s best_lap=375.8
t=14440.4 TOTAL laps=214 crashes=3
t=14440.4 TUNER gen=3 results=25/64 pending=8 active=8 remaining=39 next_trial=226 rounds=[5,4,3,5,3,5,4,4]
t=14442.5 LZ_REACHED craft=Aircraft_9_nav_r1_222 route=1 outbound=152.3s t=14442.5
t=14465.8 LAP_CAPTURE craft=Aircraft_9_nav_r7_220 route=7 return=159.3s lap=371.3s carrier_dist=200m t=14465.8
t=14470.4 ==== SUMMARY t=14470.4 ====
t=14470.4 route=1 laps=26 crashes=2 avg_out=156.8s avg_ret=175.8s avg_lap=344.2s best_lap=338.7
t=14470.4 route=2 laps=27 crashes=0 avg_out=214.4s avg_ret=251.1s avg_lap=477.5s best_lap=454.8
t=14470.4 route=3 laps=26 crashes=0 avg_out=243.6s avg_ret=269.3s avg_lap=525.1s best_lap=508.2
t=14470.4 route=4 laps=28 crashes=0 avg_out=200.4s avg_ret=168.7s avg_lap=381.1s best_lap=374.9
t=14470.4 route=5 laps=26 crashes=0 avg_out=294.9s avg_ret=257.7s avg_lap=564.6s best_lap=554.7
t=14470.4 route=6 laps=28 crashes=0 avg_out=179.1s avg_ret=159.2s avg_lap=350.3s best_lap=344.4
t=14470.4 route=7 laps=28 crashes=0 avg_out=198.1s avg_ret=158.2s avg_lap=368.3s best_lap=355.8
t=14470.5 route=8 laps=26 crashes=1 avg_out=185.3s avg_ret=186.7s avg_lap=384.0s best_lap=375.8
t=14470.5 TOTAL laps=215 crashes=3
t=14470.5 TUNER gen=3 results=26/64 pending=7 active=7 remaining=38 next_trial=226 rounds=[5,4,3,5,3,5,4,4]
t=14486.2 SPAWN craft=Aircraft_9_nav_r7_226 route=7 candidate=3 trial=226 t=14486.2
t=14492.2 LAP_CAPTURE craft=Aircraft_9_nav_r3_216 route=3 return=269.7s lap=523.4s carrier_dist=200m t=14492.2
t=14500.5 ==== SUMMARY t=14500.5 ====
t=14500.5 route=1 laps=26 crashes=2 avg_out=156.8s avg_ret=175.8s avg_lap=344.2s best_lap=338.7
t=14500.5 route=2 laps=27 crashes=0 avg_out=214.4s avg_ret=251.1s avg_lap=477.5s best_lap=454.8
t=14500.5 route=3 laps=27 crashes=0 avg_out=243.6s avg_ret=269.3s avg_lap=525.0s best_lap=508.2
t=14500.5 route=4 laps=28 crashes=0 avg_out=200.4s avg_ret=168.7s avg_lap=381.1s best_lap=374.9
t=14500.5 route=5 laps=26 crashes=0 avg_out=294.9s avg_ret=257.7s avg_lap=564.6s best_lap=554.7
t=14500.5 route=6 laps=28 crashes=0 avg_out=179.1s avg_ret=159.2s avg_lap=350.3s best_lap=344.4
t=14500.5 route=7 laps=28 crashes=0 avg_out=198.1s avg_ret=158.2s avg_lap=368.3s best_lap=355.8
t=14500.5 route=8 laps=26 crashes=1 avg_out=185.3s avg_ret=186.7s avg_lap=384.0s best_lap=375.8
t=14500.5 TOTAL laps=216 crashes=3
t=14500.5 TUNER gen=3 results=27/64 pending=7 active=7 remaining=37 next_trial=227 rounds=[5,4,3,5,3,5,5,4]
t=14511.5 SPAWN craft=Aircraft_9_nav_r3_227 route=3 candidate=6 trial=227 t=14511.5
t=14530.5 ==== SUMMARY t=14530.5 ====
t=14530.5 route=1 laps=26 crashes=2 avg_out=156.8s avg_ret=175.8s avg_lap=344.2s best_lap=338.7
t=14530.6 route=2 laps=27 crashes=0 avg_out=214.4s avg_ret=251.1s avg_lap=477.5s best_lap=454.8
t=14530.6 route=3 laps=27 crashes=0 avg_out=243.6s avg_ret=269.3s avg_lap=525.0s best_lap=508.2
t=14530.6 route=4 laps=28 crashes=0 avg_out=200.4s avg_ret=168.7s avg_lap=381.1s best_lap=374.9
t=14530.6 route=5 laps=26 crashes=0 avg_out=294.9s avg_ret=257.7s avg_lap=564.6s best_lap=554.7
t=14530.6 route=6 laps=28 crashes=0 avg_out=179.1s avg_ret=159.2s avg_lap=350.3s best_lap=344.4
t=14530.6 route=7 laps=28 crashes=0 avg_out=198.1s avg_ret=158.2s avg_lap=368.3s best_lap=355.8
t=14530.6 route=8 laps=26 crashes=1 avg_out=185.3s avg_ret=186.7s avg_lap=384.0s best_lap=375.8
t=14530.6 TOTAL laps=216 crashes=3
t=14530.6 TUNER gen=3 results=27/64 pending=8 active=8 remaining=37 next_trial=228 rounds=[5,4,4,5,3,5,5,4]
t=14560.6 ==== SUMMARY t=14560.6 ====
t=14560.6 route=1 laps=26 crashes=2 avg_out=156.8s avg_ret=175.8s avg_lap=344.2s best_lap=338.7
t=14560.6 route=2 laps=27 crashes=0 avg_out=214.4s avg_ret=251.1s avg_lap=477.5s best_lap=454.8
t=14560.6 route=3 laps=27 crashes=0 avg_out=243.6s avg_ret=269.3s avg_lap=525.0s best_lap=508.2
t=14560.6 route=4 laps=28 crashes=0 avg_out=200.4s avg_ret=168.7s avg_lap=381.1s best_lap=374.9
t=14560.6 route=5 laps=26 crashes=0 avg_out=294.9s avg_ret=257.7s avg_lap=564.6s best_lap=554.7
t=14560.6 route=6 laps=28 crashes=0 avg_out=179.1s avg_ret=159.2s avg_lap=350.3s best_lap=344.4
t=14560.6 route=7 laps=28 crashes=0 avg_out=198.1s avg_ret=158.2s avg_lap=368.3s best_lap=355.8
t=14560.6 route=8 laps=26 crashes=1 avg_out=185.3s avg_ret=186.7s avg_lap=384.0s best_lap=375.8
t=14560.6 TOTAL laps=216 crashes=3
t=14560.6 TUNER gen=3 results=27/64 pending=8 active=8 remaining=37 next_trial=228 rounds=[5,4,4,5,3,5,5,4]
t=14564.9 LZ_REACHED craft=Aircraft_9_nav_r2_223 route=2 outbound=214.4s t=14564.9
t=14568.7 LAP_CAPTURE craft=Aircraft_9_nav_r8_221 route=8 return=185.4s lap=383.9s carrier_dist=200m t=14568.7
t=14580.9 LZ_REACHED craft=Aircraft_9_nav_r6_224 route=6 outbound=180.2s t=14580.9
t=14586.8 SPAWN craft=Aircraft_9_nav_r8_228 route=8 candidate=4 trial=228 t=14586.8
t=14590.6 ==== SUMMARY t=14590.6 ====
t=14590.6 route=1 laps=26 crashes=2 avg_out=156.8s avg_ret=175.8s avg_lap=344.2s best_lap=338.7
t=14590.6 route=2 laps=27 crashes=0 avg_out=214.4s avg_ret=251.1s avg_lap=477.5s best_lap=454.8
t=14590.6 route=3 laps=27 crashes=0 avg_out=243.6s avg_ret=269.3s avg_lap=525.0s best_lap=508.2
t=14590.6 route=4 laps=28 crashes=0 avg_out=200.4s avg_ret=168.7s avg_lap=381.1s best_lap=374.9
t=14590.6 route=5 laps=26 crashes=0 avg_out=294.9s avg_ret=257.7s avg_lap=564.6s best_lap=554.7
t=14590.6 route=6 laps=28 crashes=0 avg_out=179.1s avg_ret=159.2s avg_lap=350.3s best_lap=344.4
t=14590.6 route=7 laps=28 crashes=0 avg_out=198.1s avg_ret=158.2s avg_lap=368.3s best_lap=355.8
t=14590.6 route=8 laps=27 crashes=1 avg_out=185.3s avg_ret=186.7s avg_lap=384.0s best_lap=375.8
t=14590.6 TOTAL laps=217 crashes=3
t=14590.6 TUNER gen=3 results=28/64 pending=8 active=8 remaining=36 next_trial=229 rounds=[5,4,4,5,3,5,5,5]
t=14620.6 ==== SUMMARY t=14620.6 ====
t=14620.7 route=1 laps=26 crashes=2 avg_out=156.8s avg_ret=175.8s avg_lap=344.2s best_lap=338.7
t=14620.7 route=2 laps=27 crashes=0 avg_out=214.4s avg_ret=251.1s avg_lap=477.5s best_lap=454.8
t=14620.7 route=3 laps=27 crashes=0 avg_out=243.6s avg_ret=269.3s avg_lap=525.0s best_lap=508.2
t=14620.7 route=4 laps=28 crashes=0 avg_out=200.4s avg_ret=168.7s avg_lap=381.1s best_lap=374.9
t=14620.7 route=5 laps=26 crashes=0 avg_out=294.9s avg_ret=257.7s avg_lap=564.6s best_lap=554.7
t=14620.7 route=6 laps=28 crashes=0 avg_out=179.1s avg_ret=159.2s avg_lap=350.3s best_lap=344.4
t=14620.7 route=7 laps=28 crashes=0 avg_out=198.1s avg_ret=158.2s avg_lap=368.3s best_lap=355.8
t=14620.7 route=8 laps=27 crashes=1 avg_out=185.3s avg_ret=186.7s avg_lap=384.0s best_lap=375.8
t=14620.7 TOTAL laps=217 crashes=3
t=14620.7 TUNER gen=3 results=28/64 pending=8 active=8 remaining=36 next_trial=229 rounds=[5,4,4,5,3,5,5,5]
t=14622.4 LAP_CAPTURE craft=Aircraft_9_nav_r5_219 route=5 return=256.8s lap=563.0s carrier_dist=200m t=14622.4
t=14622.7 LZ_REACHED craft=Aircraft_9_nav_r4_225 route=4 outbound=201.9s t=14622.7
t=14629.1 LAP_CAPTURE craft=Aircraft_9_nav_r1_222 route=1 return=174.5s lap=338.8s carrier_dist=200m t=14629.1
t=14631.0 LAUNCH_BLOCKED reason=cleared_unready_nav_deck_aircraft active=6 stored=1 no_active_s=0.0 state=IDLE tractor_cleanup=false elevator_transfer=false deck=Aircraft_9_nav_r8_228 pending=none clearance=none queue=0
t=14646.3 LAUNCH_BLOCKED reason=deck_busy active=7 stored=1 no_active_s=0.0 state=AIRCRAFT_ON_DECK tractor_cleanup=false elevator_transfer=false deck=Aircraft_9_nav_r5_229 pending=none clearance=none queue=0
t=14647.0 SPAWN craft=Aircraft_9_nav_r5_229 route=5 candidate=8 trial=229 t=14647.0
t=14650.8 ==== SUMMARY t=14650.8 ====
t=14650.8 route=1 laps=27 crashes=2 avg_out=156.8s avg_ret=175.8s avg_lap=344.0s best_lap=338.7
t=14650.8 route=2 laps=27 crashes=0 avg_out=214.4s avg_ret=251.1s avg_lap=477.5s best_lap=454.8
t=14650.8 route=3 laps=27 crashes=0 avg_out=243.6s avg_ret=269.3s avg_lap=525.0s best_lap=508.2
t=14650.8 route=4 laps=28 crashes=0 avg_out=200.4s avg_ret=168.7s avg_lap=381.1s best_lap=374.9
t=14650.8 route=5 laps=27 crashes=0 avg_out=294.9s avg_ret=257.7s avg_lap=564.5s best_lap=554.7
t=14650.9 route=6 laps=28 crashes=0 avg_out=179.1s avg_ret=159.2s avg_lap=350.3s best_lap=344.4
t=14650.9 route=7 laps=28 crashes=0 avg_out=198.1s avg_ret=158.2s avg_lap=368.3s best_lap=355.8
t=14650.9 route=8 laps=27 crashes=1 avg_out=185.3s avg_ret=186.7s avg_lap=384.0s best_lap=375.8
t=14650.9 TOTAL laps=219 crashes=3
t=14650.9 TUNER gen=3 results=30/64 pending=7 active=7 remaining=34 next_trial=230 rounds=[5,4,4,5,4,5,5,5]
t=14667.3 SPAWN craft=Aircraft_9_nav_r1_230 route=1 candidate=6 trial=230 t=14667.3
t=14680.9 ==== SUMMARY t=14680.9 ====
t=14680.9 route=1 laps=27 crashes=2 avg_out=156.8s avg_ret=175.8s avg_lap=344.0s best_lap=338.7
t=14680.9 route=2 laps=27 crashes=0 avg_out=214.4s avg_ret=251.1s avg_lap=477.5s best_lap=454.8
t=14680.9 route=3 laps=27 crashes=0 avg_out=243.6s avg_ret=269.3s avg_lap=525.0s best_lap=508.2
t=14680.9 route=4 laps=28 crashes=0 avg_out=200.4s avg_ret=168.7s avg_lap=381.1s best_lap=374.9
t=14680.9 route=5 laps=27 crashes=0 avg_out=294.9s avg_ret=257.7s avg_lap=564.5s best_lap=554.7
t=14680.9 route=6 laps=28 crashes=0 avg_out=179.1s avg_ret=159.2s avg_lap=350.3s best_lap=344.4
t=14680.9 route=7 laps=28 crashes=0 avg_out=198.1s avg_ret=158.2s avg_lap=368.3s best_lap=355.8
t=14680.9 route=8 laps=27 crashes=1 avg_out=185.3s avg_ret=186.7s avg_lap=384.0s best_lap=375.8
t=14680.9 TOTAL laps=219 crashes=3
t=14680.9 TUNER gen=3 results=30/64 pending=8 active=8 remaining=34 next_trial=231 rounds=[6,4,4,5,4,5,5,5]
t=14685.5 LZ_REACHED craft=Aircraft_9_nav_r7_226 route=7 outbound=199.2s t=14685.5
t=14710.9 ==== SUMMARY t=14710.9 ====
t=14710.9 route=1 laps=27 crashes=2 avg_out=156.8s avg_ret=175.8s avg_lap=344.0s best_lap=338.7
t=14710.9 route=2 laps=27 crashes=0 avg_out=214.4s avg_ret=251.1s avg_lap=477.5s best_lap=454.8
t=14710.9 route=3 laps=27 crashes=0 avg_out=243.6s avg_ret=269.3s avg_lap=525.0s best_lap=508.2
t=14710.9 route=4 laps=28 crashes=0 avg_out=200.4s avg_ret=168.7s avg_lap=381.1s best_lap=374.9
t=14710.9 route=5 laps=27 crashes=0 avg_out=294.9s avg_ret=257.7s avg_lap=564.5s best_lap=554.7
t=14710.9 route=6 laps=28 crashes=0 avg_out=179.1s avg_ret=159.2s avg_lap=350.3s best_lap=344.4
t=14711.0 route=7 laps=28 crashes=0 avg_out=198.1s avg_ret=158.2s avg_lap=368.3s best_lap=355.8
t=14711.0 route=8 laps=27 crashes=1 avg_out=185.3s avg_ret=186.7s avg_lap=384.0s best_lap=375.8
t=14711.0 TOTAL laps=219 crashes=3
t=14711.0 TUNER gen=3 results=30/64 pending=8 active=8 remaining=34 next_trial=231 rounds=[6,4,4,5,4,5,5,5]
t=14740.9 ==== SUMMARY t=14740.9 ====
t=14740.9 route=1 laps=27 crashes=2 avg_out=156.8s avg_ret=175.8s avg_lap=344.0s best_lap=338.7
t=14740.9 route=2 laps=27 crashes=0 avg_out=214.4s avg_ret=251.1s avg_lap=477.5s best_lap=454.8
t=14740.9 route=3 laps=27 crashes=0 avg_out=243.6s avg_ret=269.3s avg_lap=525.0s best_lap=508.2
t=14741.0 route=4 laps=28 crashes=0 avg_out=200.4s avg_ret=168.7s avg_lap=381.1s best_lap=374.9
t=14741.0 route=5 laps=27 crashes=0 avg_out=294.9s avg_ret=257.7s avg_lap=564.5s best_lap=554.7
t=14741.0 route=6 laps=28 crashes=0 avg_out=179.1s avg_ret=159.2s avg_lap=350.3s best_lap=344.4
t=14741.0 route=7 laps=28 crashes=0 avg_out=198.1s avg_ret=158.2s avg_lap=368.3s best_lap=355.8
t=14741.0 route=8 laps=27 crashes=1 avg_out=185.3s avg_ret=186.7s avg_lap=384.0s best_lap=375.8
t=14741.0 TOTAL laps=219 crashes=3
t=14741.0 TUNER gen=3 results=30/64 pending=8 active=8 remaining=34 next_trial=231 rounds=[6,4,4,5,4,5,5,5]
t=14752.9 LAP_CAPTURE craft=Aircraft_9_nav_r6_224 route=6 return=160.0s lap=352.2s carrier_dist=200m t=14752.9
t=14757.2 LZ_REACHED craft=Aircraft_9_nav_r3_227 route=3 outbound=245.7s t=14757.2
t=14768.9 LZ_REACHED craft=Aircraft_9_nav_r8_228 route=8 outbound=182.1s t=14768.9
t=14771.0 ==== SUMMARY t=14771.0 ====
t=14771.0 route=1 laps=27 crashes=2 avg_out=156.8s avg_ret=175.8s avg_lap=344.0s best_lap=338.7
t=14771.0 route=2 laps=27 crashes=0 avg_out=214.4s avg_ret=251.1s avg_lap=477.5s best_lap=454.8
t=14771.0 route=3 laps=27 crashes=0 avg_out=243.7s avg_ret=269.3s avg_lap=525.0s best_lap=508.2
t=14771.0 route=4 laps=28 crashes=0 avg_out=200.4s avg_ret=168.7s avg_lap=381.1s best_lap=374.9
t=14771.0 route=5 laps=27 crashes=0 avg_out=294.9s avg_ret=257.7s avg_lap=564.5s best_lap=554.7
t=14771.0 route=6 laps=29 crashes=0 avg_out=179.1s avg_ret=159.3s avg_lap=350.4s best_lap=344.4
t=14771.0 route=7 laps=28 crashes=0 avg_out=198.1s avg_ret=158.2s avg_lap=368.3s best_lap=355.8
t=14771.0 route=8 laps=27 crashes=1 avg_out=185.2s avg_ret=186.7s avg_lap=384.0s best_lap=375.8
t=14771.0 TOTAL laps=220 crashes=3
t=14771.0 TUNER gen=3 results=31/64 pending=8 active=8 remaining=33 next_trial=232 rounds=[6,4,4,5,4,6,5,5]
t=14772.6 SPAWN craft=Aircraft_9_nav_r6_231 route=6 candidate=3 trial=231 t=14772.6
t=14801.1 ==== SUMMARY t=14801.1 ====
t=14801.1 route=1 laps=27 crashes=2 avg_out=156.8s avg_ret=175.8s avg_lap=344.0s best_lap=338.7
t=14801.1 route=2 laps=27 crashes=0 avg_out=214.4s avg_ret=251.1s avg_lap=477.5s best_lap=454.8
t=14801.1 route=3 laps=27 crashes=0 avg_out=243.7s avg_ret=269.3s avg_lap=525.0s best_lap=508.2
t=14801.1 route=4 laps=28 crashes=0 avg_out=200.4s avg_ret=168.7s avg_lap=381.1s best_lap=374.9
t=14801.1 route=5 laps=27 crashes=0 avg_out=294.9s avg_ret=257.7s avg_lap=564.5s best_lap=554.7
t=14801.1 route=6 laps=29 crashes=0 avg_out=179.1s avg_ret=159.3s avg_lap=350.4s best_lap=344.4
t=14801.1 route=7 laps=28 crashes=0 avg_out=198.1s avg_ret=158.2s avg_lap=368.3s best_lap=355.8
t=14801.1 route=8 laps=27 crashes=1 avg_out=185.2s avg_ret=186.7s avg_lap=384.0s best_lap=375.8
t=14801.1 TOTAL laps=220 crashes=3
t=14801.1 TUNER gen=3 results=31/64 pending=8 active=8 remaining=33 next_trial=232 rounds=[6,4,4,5,4,6,5,5]
t=14806.4 LAP_CAPTURE craft=Aircraft_9_nav_r4_225 route=4 return=171.8s lap=385.6s carrier_dist=200m t=14806.4
t=14818.9 LAP_CAPTURE craft=Aircraft_9_nav_r2_223 route=2 return=242.0s lap=468.4s carrier_dist=200m t=14818.9
t=14822.8 SPAWN craft=Aircraft_9_nav_r4_232 route=4 candidate=1 trial=232 t=14822.8
t=14826.9 LZ_REACHED craft=Aircraft_9_nav_r1_230 route=1 outbound=159.6s t=14826.9
t=14827.0 LAUNCH_BLOCKED reason=cleared_unready_nav_deck_aircraft active=7 stored=1 no_active_s=0.0 state=IDLE tractor_cleanup=false elevator_transfer=false deck=Aircraft_9_nav_r4_232 pending=none clearance=none queue=0
t=14831.1 ==== SUMMARY t=14831.1 ====
t=14831.1 route=1 laps=27 crashes=2 avg_out=156.9s avg_ret=175.8s avg_lap=344.0s best_lap=338.7
t=14831.1 route=2 laps=28 crashes=0 avg_out=214.4s avg_ret=250.8s avg_lap=477.1s best_lap=454.8
t=14831.1 route=3 laps=27 crashes=0 avg_out=243.7s avg_ret=269.3s avg_lap=525.0s best_lap=508.2
t=14831.1 route=4 laps=29 crashes=0 avg_out=200.4s avg_ret=168.8s avg_lap=381.3s best_lap=374.9
t=14831.1 route=5 laps=27 crashes=0 avg_out=294.9s avg_ret=257.7s avg_lap=564.5s best_lap=554.7
t=14831.1 route=6 laps=29 crashes=0 avg_out=179.1s avg_ret=159.3s avg_lap=350.4s best_lap=344.4
t=14831.1 route=7 laps=28 crashes=0 avg_out=198.1s avg_ret=158.2s avg_lap=368.3s best_lap=355.8
t=14831.1 route=8 laps=27 crashes=1 avg_out=185.2s avg_ret=186.7s avg_lap=384.0s best_lap=375.8
t=14831.1 TOTAL laps=222 crashes=3
t=14831.1 TUNER gen=3 results=33/64 pending=7 active=7 remaining=31 next_trial=233 rounds=[6,4,4,6,4,6,5,5]
t=14843.0 SPAWN craft=Aircraft_9_nav_r2_233 route=2 candidate=6 trial=233 t=14843.0
t=14858.8 LAP_CAPTURE craft=Aircraft_9_nav_r7_226 route=7 return=161.3s lap=372.6s carrier_dist=200m t=14858.8
t=14861.2 ==== SUMMARY t=14861.2 ====
t=14861.2 route=1 laps=27 crashes=2 avg_out=156.9s avg_ret=175.8s avg_lap=344.0s best_lap=338.7
t=14861.2 route=2 laps=28 crashes=0 avg_out=214.4s avg_ret=250.8s avg_lap=477.1s best_lap=454.8
t=14861.2 route=3 laps=27 crashes=0 avg_out=243.7s avg_ret=269.3s avg_lap=525.0s best_lap=508.2
t=14861.2 route=4 laps=29 crashes=0 avg_out=200.4s avg_ret=168.8s avg_lap=381.3s best_lap=374.9
t=14861.2 route=5 laps=27 crashes=0 avg_out=294.9s avg_ret=257.7s avg_lap=564.5s best_lap=554.7
t=14861.2 route=6 laps=29 crashes=0 avg_out=179.1s avg_ret=159.3s avg_lap=350.4s best_lap=344.4
t=14861.2 route=7 laps=29 crashes=0 avg_out=198.1s avg_ret=158.3s avg_lap=368.5s best_lap=355.8
t=14861.2 route=8 laps=27 crashes=1 avg_out=185.2s avg_ret=186.7s avg_lap=384.0s best_lap=375.8
t=14861.2 TOTAL laps=223 crashes=3
t=14861.2 TUNER gen=3 results=34/64 pending=7 active=7 remaining=30 next_trial=234 rounds=[6,5,4,6,4,6,5,5]
t=14878.1 SPAWN craft=Aircraft_9_nav_r7_234 route=7 candidate=4 trial=234 t=14878.1
t=14891.2 ==== SUMMARY t=14891.2 ====
t=14891.2 route=1 laps=27 crashes=2 avg_out=156.9s avg_ret=175.8s avg_lap=344.0s best_lap=338.7
t=14891.2 route=2 laps=28 crashes=0 avg_out=214.4s avg_ret=250.8s avg_lap=477.1s best_lap=454.8
t=14891.2 route=3 laps=27 crashes=0 avg_out=243.7s avg_ret=269.3s avg_lap=525.0s best_lap=508.2
t=14891.2 route=4 laps=29 crashes=0 avg_out=200.4s avg_ret=168.8s avg_lap=381.3s best_lap=374.9
t=14891.3 route=5 laps=27 crashes=0 avg_out=294.9s avg_ret=257.7s avg_lap=564.5s best_lap=554.7
t=14891.3 route=6 laps=29 crashes=0 avg_out=179.1s avg_ret=159.3s avg_lap=350.4s best_lap=344.4
t=14891.3 route=7 laps=29 crashes=0 avg_out=198.1s avg_ret=158.3s avg_lap=368.5s best_lap=355.8
t=14891.3 route=8 laps=27 crashes=1 avg_out=185.2s avg_ret=186.7s avg_lap=384.0s best_lap=375.8
t=14891.3 TOTAL laps=223 crashes=3
t=14891.3 TUNER gen=3 results=34/64 pending=8 active=8 remaining=30 next_trial=235 rounds=[6,5,4,6,4,6,6,5]
t=14921.2 ==== SUMMARY t=14921.2 ====
t=14921.2 route=1 laps=27 crashes=2 avg_out=156.9s avg_ret=175.8s avg_lap=344.0s best_lap=338.7
t=14921.2 route=2 laps=28 crashes=0 avg_out=214.4s avg_ret=250.8s avg_lap=477.1s best_lap=454.8
t=14921.2 route=3 laps=27 crashes=0 avg_out=243.7s avg_ret=269.3s avg_lap=525.0s best_lap=508.2
t=14921.2 route=4 laps=29 crashes=0 avg_out=200.4s avg_ret=168.8s avg_lap=381.3s best_lap=374.9
t=14921.2 route=5 laps=27 crashes=0 avg_out=294.9s avg_ret=257.7s avg_lap=564.5s best_lap=554.7
t=14921.2 route=6 laps=29 crashes=0 avg_out=179.1s avg_ret=159.3s avg_lap=350.4s best_lap=344.4
t=14921.2 route=7 laps=29 crashes=0 avg_out=198.1s avg_ret=158.3s avg_lap=368.5s best_lap=355.8
t=14921.2 route=8 laps=27 crashes=1 avg_out=185.2s avg_ret=186.7s avg_lap=384.0s best_lap=375.8
t=14921.3 TOTAL laps=223 crashes=3
t=14921.3 TUNER gen=3 results=34/64 pending=8 active=8 remaining=30 next_trial=235 rounds=[6,5,4,6,4,6,6,5]
t=14941.9 LZ_REACHED craft=Aircraft_9_nav_r5_229 route=5 outbound=294.9s t=14941.9
t=14951.2 ==== SUMMARY t=14951.2 ====
t=14951.2 route=1 laps=27 crashes=2 avg_out=156.9s avg_ret=175.8s avg_lap=344.0s best_lap=338.7
t=14951.2 route=2 laps=28 crashes=0 avg_out=214.4s avg_ret=250.8s avg_lap=477.1s best_lap=454.8
t=14951.2 route=3 laps=27 crashes=0 avg_out=243.7s avg_ret=269.3s avg_lap=525.0s best_lap=508.2
t=14951.2 route=4 laps=29 crashes=0 avg_out=200.4s avg_ret=168.8s avg_lap=381.3s best_lap=374.9
t=14951.2 route=5 laps=27 crashes=0 avg_out=294.9s avg_ret=257.7s avg_lap=564.5s best_lap=554.7
t=14951.3 route=6 laps=29 crashes=0 avg_out=179.1s avg_ret=159.3s avg_lap=350.4s best_lap=344.4
t=14951.3 route=7 laps=29 crashes=0 avg_out=198.1s avg_ret=158.3s avg_lap=368.5s best_lap=355.8
t=14951.3 route=8 laps=27 crashes=1 avg_out=185.2s avg_ret=186.7s avg_lap=384.0s best_lap=375.8
t=14951.3 TOTAL laps=223 crashes=3
t=14951.3 TUNER gen=3 results=34/64 pending=8 active=8 remaining=30 next_trial=235 rounds=[6,5,4,6,4,6,6,5]
t=14952.5 LZ_REACHED craft=Aircraft_9_nav_r6_231 route=6 outbound=179.9s t=14952.5
t=14971.3 LAP_CAPTURE craft=Aircraft_9_nav_r8_228 route=8 return=190.3s lap=384.5s carrier_dist=200m t=14971.3
t=14981.4 ==== SUMMARY t=14981.4 ====
t=14981.4 route=1 laps=27 crashes=2 avg_out=156.9s avg_ret=175.8s avg_lap=344.0s best_lap=338.7
t=14981.4 route=2 laps=28 crashes=0 avg_out=214.4s avg_ret=250.8s avg_lap=477.1s best_lap=454.8
t=14981.4 route=3 laps=27 crashes=0 avg_out=243.7s avg_ret=269.3s avg_lap=525.0s best_lap=508.2
t=14981.4 route=4 laps=29 crashes=0 avg_out=200.4s avg_ret=168.8s avg_lap=381.3s best_lap=374.9
t=14981.4 route=5 laps=27 crashes=0 avg_out=294.9s avg_ret=257.7s avg_lap=564.5s best_lap=554.7
t=14981.4 route=6 laps=29 crashes=0 avg_out=179.1s avg_ret=159.3s avg_lap=350.4s best_lap=344.4
t=14981.4 route=7 laps=29 crashes=0 avg_out=198.1s avg_ret=158.3s avg_lap=368.5s best_lap=355.8
t=14981.5 route=8 laps=28 crashes=1 avg_out=185.2s avg_ret=186.8s avg_lap=384.0s best_lap=375.8
t=14981.5 TOTAL laps=224 crashes=3
t=14981.5 TUNER gen=3 results=35/64 pending=8 active=8 remaining=29 next_trial=236 rounds=[6,5,4,6,4,6,6,6]
t=14988.5 SPAWN craft=Aircraft_9_nav_r8_235 route=8 candidate=5 trial=235 t=14988.5
t=15011.4 ==== SUMMARY t=15011.4 ====
t=15011.4 route=1 laps=27 crashes=2 avg_out=156.9s avg_ret=175.8s avg_lap=344.0s best_lap=338.7
t=15011.4 route=2 laps=28 crashes=0 avg_out=214.4s avg_ret=250.8s avg_lap=477.1s best_lap=454.8
t=15011.4 route=3 laps=27 crashes=0 avg_out=243.7s avg_ret=269.3s avg_lap=525.0s best_lap=508.2
t=15011.4 route=4 laps=29 crashes=0 avg_out=200.4s avg_ret=168.8s avg_lap=381.3s best_lap=374.9
t=15011.4 route=5 laps=27 crashes=0 avg_out=294.9s avg_ret=257.7s avg_lap=564.5s best_lap=554.7
t=15011.4 route=6 laps=29 crashes=0 avg_out=179.1s avg_ret=159.3s avg_lap=350.4s best_lap=344.4
t=15011.4 route=7 laps=29 crashes=0 avg_out=198.1s avg_ret=158.3s avg_lap=368.5s best_lap=355.8
t=15011.4 route=8 laps=28 crashes=1 avg_out=185.2s avg_ret=186.8s avg_lap=384.0s best_lap=375.8
t=15011.4 TOTAL laps=224 crashes=3
t=15011.4 TUNER gen=3 results=35/64 pending=8 active=8 remaining=29 next_trial=236 rounds=[6,5,4,6,4,6,6,6]
t=15012.3 LAP_CAPTURE craft=Aircraft_9_nav_r1_230 route=1 return=173.4s lap=345.1s carrier_dist=200m t=15012.3
t=15020.5 LZ_REACHED craft=Aircraft_9_nav_r4_232 route=4 outbound=197.8s t=15020.5
t=15028.7 SPAWN craft=Aircraft_9_nav_r1_236 route=1 candidate=7 trial=236 t=15028.7
t=15041.4 ==== SUMMARY t=15041.4 ====
t=15041.4 route=1 laps=28 crashes=2 avg_out=156.9s avg_ret=175.7s avg_lap=344.1s best_lap=338.7
t=15041.4 route=2 laps=28 crashes=0 avg_out=214.4s avg_ret=250.8s avg_lap=477.1s best_lap=454.8
t=15041.4 route=3 laps=27 crashes=0 avg_out=243.7s avg_ret=269.3s avg_lap=525.0s best_lap=508.2
t=15041.4 route=4 laps=29 crashes=0 avg_out=200.3s avg_ret=168.8s avg_lap=381.3s best_lap=374.9
t=15041.4 route=5 laps=27 crashes=0 avg_out=294.9s avg_ret=257.7s avg_lap=564.5s best_lap=554.7
t=15041.5 route=6 laps=29 crashes=0 avg_out=179.1s avg_ret=159.3s avg_lap=350.4s best_lap=344.4
t=15041.5 route=7 laps=29 crashes=0 avg_out=198.1s avg_ret=158.3s avg_lap=368.5s best_lap=355.8
t=15041.5 route=8 laps=28 crashes=1 avg_out=185.2s avg_ret=186.8s avg_lap=384.0s best_lap=375.8
t=15041.5 TOTAL laps=225 crashes=3
t=15041.5 TUNER gen=3 results=36/64 pending=8 active=8 remaining=28 next_trial=237 rounds=[7,5,4,6,4,6,6,6]
t=15041.8 LAP_CAPTURE craft=Aircraft_9_nav_r3_227 route=3 return=272.6s lap=530.3s carrier_dist=200m t=15041.8
t=15057.9 LZ_REACHED craft=Aircraft_9_nav_r2_233 route=2 outbound=215.0s t=15057.9
t=15058.8 SPAWN craft=Aircraft_9_nav_r3_237 route=3 candidate=7 trial=237 t=15058.8
t=15071.5 ==== SUMMARY t=15071.5 ====
t=15071.5 route=1 laps=28 crashes=2 avg_out=156.9s avg_ret=175.7s avg_lap=344.1s best_lap=338.7
t=15071.5 route=2 laps=28 crashes=0 avg_out=214.4s avg_ret=250.8s avg_lap=477.1s best_lap=454.8
t=15071.5 route=3 laps=28 crashes=0 avg_out=243.7s avg_ret=269.5s avg_lap=525.2s best_lap=508.2
t=15071.5 route=4 laps=29 crashes=0 avg_out=200.3s avg_ret=168.8s avg_lap=381.3s best_lap=374.9
t=15071.5 route=5 laps=27 crashes=0 avg_out=294.9s avg_ret=257.7s avg_lap=564.5s best_lap=554.7
t=15071.5 route=6 laps=29 crashes=0 avg_out=179.1s avg_ret=159.3s avg_lap=350.4s best_lap=344.4
t=15071.5 route=7 laps=29 crashes=0 avg_out=198.1s avg_ret=158.3s avg_lap=368.5s best_lap=355.8
t=15071.5 route=8 laps=28 crashes=1 avg_out=185.2s avg_ret=186.8s avg_lap=384.0s best_lap=375.8
t=15071.5 TOTAL laps=226 crashes=3
t=15071.5 TUNER gen=3 results=37/64 pending=8 active=8 remaining=27 next_trial=238 rounds=[7,5,5,6,4,6,6,6]
t=15075.8 LZ_REACHED craft=Aircraft_9_nav_r7_234 route=7 outbound=197.7s t=15075.8
t=15101.6 ==== SUMMARY t=15101.6 ====
t=15101.6 route=1 laps=28 crashes=2 avg_out=156.9s avg_ret=175.7s avg_lap=344.1s best_lap=338.7
t=15101.6 route=2 laps=28 crashes=0 avg_out=214.4s avg_ret=250.8s avg_lap=477.1s best_lap=454.8
t=15101.6 route=3 laps=28 crashes=0 avg_out=243.7s avg_ret=269.5s avg_lap=525.2s best_lap=508.2
t=15101.6 route=4 laps=29 crashes=0 avg_out=200.3s avg_ret=168.8s avg_lap=381.3s best_lap=374.9
t=15101.6 route=5 laps=27 crashes=0 avg_out=294.9s avg_ret=257.7s avg_lap=564.5s best_lap=554.7
t=15101.6 route=6 laps=29 crashes=0 avg_out=179.1s avg_ret=159.3s avg_lap=350.4s best_lap=344.4
t=15101.6 route=7 laps=29 crashes=0 avg_out=198.1s avg_ret=158.3s avg_lap=368.5s best_lap=355.8
t=15101.6 route=8 laps=28 crashes=1 avg_out=185.2s avg_ret=186.8s avg_lap=384.0s best_lap=375.8
t=15101.6 TOTAL laps=226 crashes=3
t=15101.6 TUNER gen=3 results=37/64 pending=8 active=8 remaining=27 next_trial=238 rounds=[7,5,5,6,4,6,6,6]
t=15124.2 LAP_CAPTURE craft=Aircraft_9_nav_r6_231 route=6 return=159.6s lap=351.6s carrier_dist=200m t=15124.2
t=15131.6 ==== SUMMARY t=15131.6 ====
t=15131.6 route=1 laps=28 crashes=2 avg_out=156.9s avg_ret=175.7s avg_lap=344.1s best_lap=338.7
t=15131.6 route=2 laps=28 crashes=0 avg_out=214.4s avg_ret=250.8s avg_lap=477.1s best_lap=454.8
t=15131.6 route=3 laps=28 crashes=0 avg_out=243.7s avg_ret=269.5s avg_lap=525.2s best_lap=508.2
t=15131.6 route=4 laps=29 crashes=0 avg_out=200.3s avg_ret=168.8s avg_lap=381.3s best_lap=374.9
t=15131.6 route=5 laps=27 crashes=0 avg_out=294.9s avg_ret=257.7s avg_lap=564.5s best_lap=554.7
t=15131.6 route=6 laps=30 crashes=0 avg_out=179.1s avg_ret=159.3s avg_lap=350.4s best_lap=344.4
t=15131.6 route=7 laps=29 crashes=0 avg_out=198.1s avg_ret=158.3s avg_lap=368.5s best_lap=355.8
t=15131.6 route=8 laps=28 crashes=1 avg_out=185.2s avg_ret=186.8s avg_lap=384.0s best_lap=375.8
t=15131.6 TOTAL laps=227 crashes=3
t=15131.6 TUNER gen=3 results=38/64 pending=7 active=7 remaining=26 next_trial=238 rounds=[7,5,5,6,4,6,6,6]
t=15144.1 SPAWN craft=Aircraft_9_nav_r6_238 route=6 candidate=4 trial=238 t=15144.1
t=15161.6 ==== SUMMARY t=15161.6 ====
t=15161.6 route=1 laps=28 crashes=2 avg_out=156.9s avg_ret=175.7s avg_lap=344.1s best_lap=338.7
t=15161.6 route=2 laps=28 crashes=0 avg_out=214.4s avg_ret=250.8s avg_lap=477.1s best_lap=454.8
t=15161.6 route=3 laps=28 crashes=0 avg_out=243.7s avg_ret=269.5s avg_lap=525.2s best_lap=508.2
t=15161.6 route=4 laps=29 crashes=0 avg_out=200.3s avg_ret=168.8s avg_lap=381.3s best_lap=374.9
t=15161.6 route=5 laps=27 crashes=0 avg_out=294.9s avg_ret=257.7s avg_lap=564.5s best_lap=554.7
t=15161.6 route=6 laps=30 crashes=0 avg_out=179.1s avg_ret=159.3s avg_lap=350.4s best_lap=344.4
t=15161.6 route=7 laps=29 crashes=0 avg_out=198.1s avg_ret=158.3s avg_lap=368.5s best_lap=355.8
t=15161.6 route=8 laps=28 crashes=1 avg_out=185.2s avg_ret=186.8s avg_lap=384.0s best_lap=375.8
t=15161.7 TOTAL laps=227 crashes=3
t=15161.7 TUNER gen=3 results=38/64 pending=8 active=8 remaining=26 next_trial=239 rounds=[7,5,5,6,4,7,6,6]
t=15172.1 LZ_REACHED craft=Aircraft_9_nav_r8_235 route=8 outbound=183.6s t=15172.1
t=15181.8 LZ_REACHED craft=Aircraft_9_nav_r1_236 route=1 outbound=153.2s t=15181.8
t=15191.6 ==== SUMMARY t=15191.6 ====
t=15191.6 route=1 laps=28 crashes=2 avg_out=156.8s avg_ret=175.7s avg_lap=344.1s best_lap=338.7
t=15191.6 route=2 laps=28 crashes=0 avg_out=214.4s avg_ret=250.8s avg_lap=477.1s best_lap=454.8
t=15191.6 route=3 laps=28 crashes=0 avg_out=243.7s avg_ret=269.5s avg_lap=525.2s best_lap=508.2
t=15191.6 route=4 laps=29 crashes=0 avg_out=200.3s avg_ret=168.8s avg_lap=381.3s best_lap=374.9
t=15191.6 route=5 laps=27 crashes=0 avg_out=294.9s avg_ret=257.7s avg_lap=564.5s best_lap=554.7
t=15191.6 route=6 laps=30 crashes=0 avg_out=179.1s avg_ret=159.3s avg_lap=350.4s best_lap=344.4
t=15191.7 route=7 laps=29 crashes=0 avg_out=198.1s avg_ret=158.3s avg_lap=368.5s best_lap=355.8
t=15191.7 route=8 laps=28 crashes=1 avg_out=185.2s avg_ret=186.8s avg_lap=384.0s best_lap=375.8
t=15191.7 TOTAL laps=227 crashes=3
t=15191.7 TUNER gen=3 results=38/64 pending=8 active=8 remaining=26 next_trial=239 rounds=[7,5,5,6,4,7,6,6]
t=15201.1 LAP_CAPTURE craft=Aircraft_9_nav_r4_232 route=4 return=168.5s lap=378.3s carrier_dist=200m t=15201.1
t=15215.7 LAP_CAPTURE craft=Aircraft_9_nav_r5_229 route=5 return=261.8s lap=568.8s carrier_dist=200m t=15215.7
t=15219.6 SPAWN craft=Aircraft_9_nav_r4_239 route=4 candidate=2 trial=239 t=15219.6
t=15221.7 ==== SUMMARY t=15221.7 ====
t=15221.7 route=1 laps=28 crashes=2 avg_out=156.8s avg_ret=175.7s avg_lap=344.1s best_lap=338.7
t=15221.7 route=2 laps=28 crashes=0 avg_out=214.4s avg_ret=250.8s avg_lap=477.1s best_lap=454.8
t=15221.7 route=3 laps=28 crashes=0 avg_out=243.7s avg_ret=269.5s avg_lap=525.2s best_lap=508.2
t=15221.7 route=4 laps=30 crashes=0 avg_out=200.3s avg_ret=168.8s avg_lap=381.2s best_lap=374.9
t=15221.7 route=5 laps=28 crashes=0 avg_out=294.9s avg_ret=257.8s avg_lap=564.7s best_lap=554.7
t=15221.7 route=6 laps=30 crashes=0 avg_out=179.1s avg_ret=159.3s avg_lap=350.4s best_lap=344.4
t=15221.7 route=7 laps=29 crashes=0 avg_out=198.1s avg_ret=158.3s avg_lap=368.5s best_lap=355.8
t=15221.7 route=8 laps=28 crashes=1 avg_out=185.2s avg_ret=186.8s avg_lap=384.0s best_lap=375.8
t=15221.7 TOTAL laps=229 crashes=3
t=15221.7 TUNER gen=3 results=40/64 pending=7 active=7 remaining=24 next_trial=240 rounds=[7,5,5,7,4,7,6,6]
t=15223.8 LAUNCH_BLOCKED reason=cleared_unready_nav_deck_aircraft active=7 stored=1 no_active_s=0.0 state=IDLE tractor_cleanup=false elevator_transfer=false deck=Aircraft_9_nav_r4_239 pending=none clearance=none queue=0
t=15239.7 SPAWN craft=Aircraft_9_nav_r5_240 route=5 candidate=1 trial=240 t=15239.7
t=15244.9 LAP_CAPTURE craft=Aircraft_9_nav_r7_234 route=7 return=157.0s lap=366.8s carrier_dist=200m t=15244.8
t=15251.9 ==== SUMMARY t=15251.9 ====
t=15251.9 route=1 laps=28 crashes=2 avg_out=156.8s avg_ret=175.7s avg_lap=344.1s best_lap=338.7
t=15251.9 route=2 laps=28 crashes=0 avg_out=214.4s avg_ret=250.8s avg_lap=477.1s best_lap=454.8
t=15251.9 route=3 laps=28 crashes=0 avg_out=243.7s avg_ret=269.5s avg_lap=525.2s best_lap=508.2
t=15251.9 route=4 laps=30 crashes=0 avg_out=200.3s avg_ret=168.8s avg_lap=381.2s best_lap=374.9
t=15251.9 route=5 laps=28 crashes=0 avg_out=294.9s avg_ret=257.8s avg_lap=564.7s best_lap=554.7
t=15251.9 route=6 laps=30 crashes=0 avg_out=179.1s avg_ret=159.3s avg_lap=350.4s best_lap=344.4
t=15251.9 route=7 laps=30 crashes=0 avg_out=198.1s avg_ret=158.3s avg_lap=368.4s best_lap=355.8
t=15251.9 route=8 laps=28 crashes=1 avg_out=185.2s avg_ret=186.8s avg_lap=384.0s best_lap=375.8
t=15251.9 TOTAL laps=230 crashes=3
t=15251.9 TUNER gen=3 results=41/64 pending=7 active=7 remaining=23 next_trial=241 rounds=[7,5,5,7,5,7,6,6]
t=15264.8 SPAWN craft=Aircraft_9_nav_r7_241 route=7 candidate=5 trial=241 t=15264.8
t=15281.9 ==== SUMMARY t=15281.9 ====
t=15281.9 route=1 laps=28 crashes=2 avg_out=156.8s avg_ret=175.7s avg_lap=344.1s best_lap=338.7
t=15281.9 route=2 laps=28 crashes=0 avg_out=214.4s avg_ret=250.8s avg_lap=477.1s best_lap=454.8
t=15281.9 route=3 laps=28 crashes=0 avg_out=243.7s avg_ret=269.5s avg_lap=525.2s best_lap=508.2
t=15281.9 route=4 laps=30 crashes=0 avg_out=200.3s avg_ret=168.8s avg_lap=381.2s best_lap=374.9
t=15281.9 route=5 laps=28 crashes=0 avg_out=294.9s avg_ret=257.8s avg_lap=564.7s best_lap=554.7
t=15281.9 route=6 laps=30 crashes=0 avg_out=179.1s avg_ret=159.3s avg_lap=350.4s best_lap=344.4
t=15281.9 route=7 laps=30 crashes=0 avg_out=198.1s avg_ret=158.3s avg_lap=368.4s best_lap=355.8
t=15281.9 route=8 laps=28 crashes=1 avg_out=185.2s avg_ret=186.8s avg_lap=384.0s best_lap=375.8
t=15281.9 TOTAL laps=230 crashes=3
t=15281.9 TUNER gen=3 results=41/64 pending=8 active=8 remaining=23 next_trial=242 rounds=[7,5,5,7,5,7,7,6]
t=15299.5 LZ_REACHED craft=Aircraft_9_nav_r3_237 route=3 outbound=240.6s t=15299.5
t=15311.9 ==== SUMMARY t=15311.9 ====
t=15311.9 route=1 laps=28 crashes=2 avg_out=156.8s avg_ret=175.7s avg_lap=344.1s best_lap=338.7
t=15311.9 route=2 laps=28 crashes=0 avg_out=214.4s avg_ret=250.8s avg_lap=477.1s best_lap=454.8
t=15311.9 route=3 laps=28 crashes=0 avg_out=243.6s avg_ret=269.5s avg_lap=525.2s best_lap=508.2
t=15311.9 route=4 laps=30 crashes=0 avg_out=200.3s avg_ret=168.8s avg_lap=381.2s best_lap=374.9
t=15312.0 route=5 laps=28 crashes=0 avg_out=294.9s avg_ret=257.8s avg_lap=564.7s best_lap=554.7
t=15312.0 route=6 laps=30 crashes=0 avg_out=179.1s avg_ret=159.3s avg_lap=350.4s best_lap=344.4
t=15312.0 route=7 laps=30 crashes=0 avg_out=198.1s avg_ret=158.3s avg_lap=368.4s best_lap=355.8
t=15312.0 route=8 laps=28 crashes=1 avg_out=185.2s avg_ret=186.8s avg_lap=384.0s best_lap=375.8
t=15312.0 TOTAL laps=230 crashes=3
t=15312.0 TUNER gen=3 results=41/64 pending=8 active=8 remaining=23 next_trial=242 rounds=[7,5,5,7,5,7,7,6]
t=15322.4 LZ_REACHED craft=Aircraft_9_nav_r6_238 route=6 outbound=178.2s t=15322.4
t=15322.9 LAP_CAPTURE craft=Aircraft_9_nav_r2_233 route=2 return=252.9s lap=479.9s carrier_dist=200m t=15322.9
t=15340.0 SPAWN craft=Aircraft_9_nav_r2_242 route=2 candidate=7 trial=242 t=15340.0
t=15342.0 ==== SUMMARY t=15342.0 ====
t=15342.0 route=1 laps=28 crashes=2 avg_out=156.8s avg_ret=175.7s avg_lap=344.1s best_lap=338.7
t=15342.0 route=2 laps=29 crashes=0 avg_out=214.4s avg_ret=250.8s avg_lap=477.2s best_lap=454.8
t=15342.0 route=3 laps=28 crashes=0 avg_out=243.6s avg_ret=269.5s avg_lap=525.2s best_lap=508.2
t=15342.0 route=4 laps=30 crashes=0 avg_out=200.3s avg_ret=168.8s avg_lap=381.2s best_lap=374.9
t=15342.0 route=5 laps=28 crashes=0 avg_out=294.9s avg_ret=257.8s avg_lap=564.7s best_lap=554.7
t=15342.0 route=6 laps=30 crashes=0 avg_out=179.1s avg_ret=159.3s avg_lap=350.4s best_lap=344.4
t=15342.0 route=7 laps=30 crashes=0 avg_out=198.1s avg_ret=158.3s avg_lap=368.4s best_lap=355.8
t=15342.0 route=8 laps=28 crashes=1 avg_out=185.2s avg_ret=186.8s avg_lap=384.0s best_lap=375.8
t=15342.0 TOTAL laps=231 crashes=3
t=15342.0 TUNER gen=3 results=42/64 pending=8 active=8 remaining=22 next_trial=243 rounds=[7,6,5,7,5,7,7,6]
t=15371.0 LAP_CAPTURE craft=Aircraft_9_nav_r8_235 route=8 return=186.8s lap=382.4s carrier_dist=200m t=15371.0
t=15372.0 ==== SUMMARY t=15372.0 ====
t=15372.0 route=1 laps=28 crashes=2 avg_out=156.8s avg_ret=175.7s avg_lap=344.1s best_lap=338.7
t=15372.0 route=2 laps=29 crashes=0 avg_out=214.4s avg_ret=250.8s avg_lap=477.2s best_lap=454.8
t=15372.0 route=3 laps=28 crashes=0 avg_out=243.6s avg_ret=269.5s avg_lap=525.2s best_lap=508.2
t=15372.0 route=4 laps=30 crashes=0 avg_out=200.3s avg_ret=168.8s avg_lap=381.2s best_lap=374.9
t=15372.0 route=5 laps=28 crashes=0 avg_out=294.9s avg_ret=257.8s avg_lap=564.7s best_lap=554.7
t=15372.0 route=6 laps=30 crashes=0 avg_out=179.1s avg_ret=159.3s avg_lap=350.4s best_lap=344.4
t=15372.0 route=7 laps=30 crashes=0 avg_out=198.1s avg_ret=158.3s avg_lap=368.4s best_lap=355.8
t=15372.0 route=8 laps=29 crashes=1 avg_out=185.2s avg_ret=186.8s avg_lap=383.9s best_lap=375.8
t=15372.0 TOTAL laps=232 crashes=3
t=15372.0 TUNER gen=3 results=43/64 pending=7 active=7 remaining=21 next_trial=243 rounds=[7,6,5,7,5,7,7,6]
t=15379.4 LAUNCH_BLOCKED reason=landing_or_storage_busy active=7 stored=1 no_active_s=0.0 state=IDLE tractor_cleanup=false elevator_transfer=false deck=Aircraft_9_nav_r2_242 pending=none clearance=Aircraft_9_nav_r1_236 queue=0
t=15394.5 LAUNCH_BLOCKED reason=landing_or_storage_busy active=7 stored=1 no_active_s=0.0 state=IDLE tractor_cleanup=false elevator_transfer=false deck=Aircraft_9_nav_r2_242 pending=none clearance=Aircraft_9_nav_r1_236 queue=0
t=15402.0 ==== SUMMARY t=15402.0 ====
t=15402.0 route=1 laps=28 crashes=2 avg_out=156.8s avg_ret=175.7s avg_lap=344.1s best_lap=338.7
t=15402.0 route=2 laps=29 crashes=0 avg_out=214.4s avg_ret=250.8s avg_lap=477.2s best_lap=454.8
t=15402.0 route=3 laps=28 crashes=0 avg_out=243.6s avg_ret=269.5s avg_lap=525.2s best_lap=508.2
t=15402.0 route=4 laps=30 crashes=0 avg_out=200.3s avg_ret=168.8s avg_lap=381.2s best_lap=374.9
t=15402.0 route=5 laps=28 crashes=0 avg_out=294.9s avg_ret=257.8s avg_lap=564.7s best_lap=554.7
t=15402.0 route=6 laps=30 crashes=0 avg_out=179.1s avg_ret=159.3s avg_lap=350.4s best_lap=344.4
t=15402.0 route=7 laps=30 crashes=0 avg_out=198.1s avg_ret=158.3s avg_lap=368.4s best_lap=355.8
t=15402.0 route=8 laps=29 crashes=1 avg_out=185.2s avg_ret=186.8s avg_lap=383.9s best_lap=375.8
t=15402.0 TOTAL laps=232 crashes=3
t=15402.0 TUNER gen=3 results=43/64 pending=7 active=7 remaining=21 next_trial=243 rounds=[7,6,5,7,5,7,7,6]
t=15409.5 LAUNCH_BLOCKED reason=landing_or_storage_busy active=7 stored=1 no_active_s=0.0 state=IDLE tractor_cleanup=false elevator_transfer=false deck=Aircraft_9_nav_r2_242 pending=none clearance=Aircraft_9_nav_r1_236 queue=0
t=15421.0 LZ_REACHED craft=Aircraft_9_nav_r4_239 route=4 outbound=201.3s t=15421.0
t=15424.6 LAUNCH_BLOCKED reason=landing_or_storage_busy active=7 stored=1 no_active_s=0.0 state=IDLE tractor_cleanup=false elevator_transfer=false deck=Aircraft_9_nav_r2_242 pending=none clearance=Aircraft_9_nav_r1_236 queue=0
t=15432.0 ==== SUMMARY t=15432.0 ====
t=15432.0 route=1 laps=28 crashes=2 avg_out=156.8s avg_ret=175.7s avg_lap=344.1s best_lap=338.7
t=15432.0 route=2 laps=29 crashes=0 avg_out=214.4s avg_ret=250.8s avg_lap=477.2s best_lap=454.8
t=15432.0 route=3 laps=28 crashes=0 avg_out=243.6s avg_ret=269.5s avg_lap=525.2s best_lap=508.2
t=15432.0 route=4 laps=30 crashes=0 avg_out=200.4s avg_ret=168.8s avg_lap=381.2s best_lap=374.9
t=15432.0 route=5 laps=28 crashes=0 avg_out=294.9s avg_ret=257.8s avg_lap=564.7s best_lap=554.7
t=15432.0 route=6 laps=30 crashes=0 avg_out=179.1s avg_ret=159.3s avg_lap=350.4s best_lap=344.4
t=15432.0 route=7 laps=30 crashes=0 avg_out=198.1s avg_ret=158.3s avg_lap=368.4s best_lap=355.8
t=15432.0 route=8 laps=29 crashes=1 avg_out=185.2s avg_ret=186.8s avg_lap=383.9s best_lap=375.8
t=15432.0 TOTAL laps=232 crashes=3
t=15432.1 TUNER gen=3 results=43/64 pending=7 active=7 remaining=21 next_trial=243 rounds=[7,6,5,7,5,7,7,6]
t=15439.7 LAUNCH_BLOCKED reason=landing_or_storage_busy active=7 stored=1 no_active_s=0.0 state=IDLE tractor_cleanup=false elevator_transfer=false deck=Aircraft_9_nav_r2_242 pending=none clearance=Aircraft_9_nav_r1_236 queue=0
t=15454.7 LAUNCH_BLOCKED reason=landing_or_storage_busy active=7 stored=1 no_active_s=0.0 state=IDLE tractor_cleanup=false elevator_transfer=false deck=Aircraft_9_nav_r2_242 pending=none clearance=Aircraft_9_nav_r1_236 queue=0
t=15462.0 ==== SUMMARY t=15462.0 ====
t=15462.0 route=1 laps=28 crashes=2 avg_out=156.8s avg_ret=175.7s avg_lap=344.1s best_lap=338.7
t=15462.1 route=2 laps=29 crashes=0 avg_out=214.4s avg_ret=250.8s avg_lap=477.2s best_lap=454.8
t=15462.1 route=3 laps=28 crashes=0 avg_out=243.6s avg_ret=269.5s avg_lap=525.2s best_lap=508.2
t=15462.1 route=4 laps=30 crashes=0 avg_out=200.4s avg_ret=168.8s avg_lap=381.2s best_lap=374.9
t=15462.1 route=5 laps=28 crashes=0 avg_out=294.9s avg_ret=257.8s avg_lap=564.7s best_lap=554.7
t=15462.1 route=6 laps=30 crashes=0 avg_out=179.1s avg_ret=159.3s avg_lap=350.4s best_lap=344.4
t=15462.1 route=7 laps=30 crashes=0 avg_out=198.1s avg_ret=158.3s avg_lap=368.4s best_lap=355.8
t=15462.1 route=8 laps=29 crashes=1 avg_out=185.2s avg_ret=186.8s avg_lap=383.9s best_lap=375.8
t=15462.1 TOTAL laps=232 crashes=3
t=15462.1 TUNER gen=3 results=43/64 pending=7 active=7 remaining=21 next_trial=243 rounds=[7,6,5,7,5,7,7,6]
t=15462.3 LZ_REACHED craft=Aircraft_9_nav_r7_241 route=7 outbound=197.5s t=15462.3
t=15469.8 LAUNCH_BLOCKED reason=landing_or_storage_busy active=7 stored=1 no_active_s=0.0 state=IDLE tractor_cleanup=false elevator_transfer=false deck=Aircraft_9_nav_r2_242 pending=none clearance=Aircraft_9_nav_r1_236 queue=0
t=15484.8 LAUNCH_BLOCKED reason=landing_or_storage_busy active=7 stored=1 no_active_s=0.0 state=IDLE tractor_cleanup=false elevator_transfer=false deck=Aircraft_9_nav_r2_242 pending=none clearance=Aircraft_9_nav_r1_236 queue=0
t=15492.0 ==== SUMMARY t=15492.0 ====
t=15492.0 route=1 laps=28 crashes=2 avg_out=156.8s avg_ret=175.7s avg_lap=344.1s best_lap=338.7
t=15492.1 route=2 laps=29 crashes=0 avg_out=214.4s avg_ret=250.8s avg_lap=477.2s best_lap=454.8
t=15492.1 route=3 laps=28 crashes=0 avg_out=243.6s avg_ret=269.5s avg_lap=525.2s best_lap=508.2
t=15492.1 route=4 laps=30 crashes=0 avg_out=200.4s avg_ret=168.8s avg_lap=381.2s best_lap=374.9
t=15492.1 route=5 laps=28 crashes=0 avg_out=294.9s avg_ret=257.8s avg_lap=564.7s best_lap=554.7
t=15492.1 route=6 laps=30 crashes=0 avg_out=179.1s avg_ret=159.3s avg_lap=350.4s best_lap=344.4
t=15492.1 route=7 laps=30 crashes=0 avg_out=198.1s avg_ret=158.3s avg_lap=368.4s best_lap=355.8
t=15492.1 route=8 laps=29 crashes=1 avg_out=185.2s avg_ret=186.8s avg_lap=383.9s best_lap=375.8
t=15492.1 TOTAL laps=232 crashes=3
t=15492.1 TUNER gen=3 results=43/64 pending=7 active=7 remaining=21 next_trial=243 rounds=[7,6,5,7,5,7,7,6]
t=15492.8 LAP_CAPTURE craft=Aircraft_9_nav_r6_238 route=6 return=158.4s lap=348.7s carrier_dist=200m t=15492.8
t=15499.9 LAUNCH_BLOCKED reason=landing_or_storage_busy active=6 stored=2 no_active_s=0.0 state=IDLE tractor_cleanup=false elevator_transfer=false deck=Aircraft_9_nav_r2_242 pending=none clearance=Aircraft_9_nav_r1_236 queue=0
t=15514.9 LAUNCH_BLOCKED reason=landing_or_storage_busy active=6 stored=2 no_active_s=0.0 state=IDLE tractor_cleanup=false elevator_transfer=false deck=Aircraft_9_nav_r2_242 pending=none clearance=Aircraft_9_nav_r1_236 queue=0
t=15522.1 ==== SUMMARY t=15522.1 ====
t=15522.1 route=1 laps=28 crashes=2 avg_out=156.8s avg_ret=175.7s avg_lap=344.1s best_lap=338.7
t=15522.1 route=2 laps=29 crashes=0 avg_out=214.4s avg_ret=250.8s avg_lap=477.2s best_lap=454.8
t=15522.1 route=3 laps=28 crashes=0 avg_out=243.6s avg_ret=269.5s avg_lap=525.2s best_lap=508.2
t=15522.1 route=4 laps=30 crashes=0 avg_out=200.4s avg_ret=168.8s avg_lap=381.2s best_lap=374.9
t=15522.1 route=5 laps=28 crashes=0 avg_out=294.9s avg_ret=257.8s avg_lap=564.7s best_lap=554.7
t=15522.1 route=6 laps=31 crashes=0 avg_out=179.1s avg_ret=159.2s avg_lap=350.4s best_lap=344.4
t=15522.1 route=7 laps=30 crashes=0 avg_out=198.1s avg_ret=158.3s avg_lap=368.4s best_lap=355.8
t=15522.1 route=8 laps=29 crashes=1 avg_out=185.2s avg_ret=186.8s avg_lap=383.9s best_lap=375.8
t=15522.1 TOTAL laps=233 crashes=3
t=15522.1 TUNER gen=3 results=44/64 pending=6 active=6 remaining=20 next_trial=243 rounds=[7,6,5,7,5,7,7,6]
t=15525.2 LZ_REACHED craft=Aircraft_9_nav_r5_240 route=5 outbound=285.5s t=15525.2
t=15530.0 LAUNCH_BLOCKED reason=landing_or_storage_busy active=6 stored=2 no_active_s=0.0 state=IDLE tractor_cleanup=false elevator_transfer=false deck=Aircraft_9_nav_r2_242 pending=none clearance=Aircraft_9_nav_r1_236 queue=0
t=15545.1 LAUNCH_BLOCKED reason=landing_or_storage_busy active=6 stored=2 no_active_s=0.0 state=IDLE tractor_cleanup=false elevator_transfer=false deck=Aircraft_9_nav_r2_242 pending=none clearance=Aircraft_9_nav_r1_236 queue=0
t=15552.1 ==== SUMMARY t=15552.1 ====
t=15552.1 route=1 laps=28 crashes=2 avg_out=156.8s avg_ret=175.7s avg_lap=344.1s best_lap=338.7
t=15552.1 route=2 laps=29 crashes=0 avg_out=214.4s avg_ret=250.8s avg_lap=477.2s best_lap=454.8
t=15552.1 route=3 laps=28 crashes=0 avg_out=243.6s avg_ret=269.5s avg_lap=525.2s best_lap=508.2
t=15552.1 route=4 laps=30 crashes=0 avg_out=200.4s avg_ret=168.8s avg_lap=381.2s best_lap=374.9
t=15552.1 route=5 laps=28 crashes=0 avg_out=294.5s avg_ret=257.8s avg_lap=564.7s best_lap=554.7
t=15552.2 route=6 laps=31 crashes=0 avg_out=179.1s avg_ret=159.2s avg_lap=350.4s best_lap=344.4
t=15552.2 route=7 laps=30 crashes=0 avg_out=198.1s avg_ret=158.3s avg_lap=368.4s best_lap=355.8
t=15552.2 route=8 laps=29 crashes=1 avg_out=185.2s avg_ret=186.8s avg_lap=383.9s best_lap=375.8
t=15552.2 TOTAL laps=233 crashes=3
t=15552.2 TUNER gen=3 results=44/64 pending=6 active=6 remaining=20 next_trial=243 rounds=[7,6,5,7,5,7,7,6]
t=15552.7 LZ_REACHED craft=Aircraft_9_nav_r2_242 route=2 outbound=212.7s t=15552.7
t=15560.1 LAUNCH_BLOCKED reason=landing_or_storage_busy active=6 stored=2 no_active_s=0.0 state=IDLE tractor_cleanup=false elevator_transfer=false deck=Aircraft_9_nav_r2_242 pending=none clearance=Aircraft_9_nav_r1_236 queue=0
t=15575.2 LAUNCH_BLOCKED reason=landing_or_storage_busy active=6 stored=2 no_active_s=0.0 state=IDLE tractor_cleanup=false elevator_transfer=false deck=Aircraft_9_nav_r2_242 pending=none clearance=Aircraft_9_nav_r1_236 queue=0
t=15582.2 ==== SUMMARY t=15582.2 ====
t=15582.2 route=1 laps=28 crashes=2 avg_out=156.8s avg_ret=175.7s avg_lap=344.1s best_lap=338.7
t=15582.2 route=2 laps=29 crashes=0 avg_out=214.3s avg_ret=250.8s avg_lap=477.2s best_lap=454.8
t=15582.2 route=3 laps=28 crashes=0 avg_out=243.6s avg_ret=269.5s avg_lap=525.2s best_lap=508.2
t=15582.2 route=4 laps=30 crashes=0 avg_out=200.4s avg_ret=168.8s avg_lap=381.2s best_lap=374.9
t=15582.2 route=5 laps=28 crashes=0 avg_out=294.5s avg_ret=257.8s avg_lap=564.7s best_lap=554.7
t=15582.2 route=6 laps=31 crashes=0 avg_out=179.1s avg_ret=159.2s avg_lap=350.4s best_lap=344.4
t=15582.2 route=7 laps=30 crashes=0 avg_out=198.1s avg_ret=158.3s avg_lap=368.4s best_lap=355.8
t=15582.2 route=8 laps=29 crashes=1 avg_out=185.2s avg_ret=186.8s avg_lap=383.9s best_lap=375.8
t=15582.2 TOTAL laps=233 crashes=3
t=15582.2 TUNER gen=3 results=44/64 pending=6 active=6 remaining=20 next_trial=243 rounds=[7,6,5,7,5,7,7,6]
t=15584.7 LAP_CAPTURE craft=Aircraft_9_nav_r3_237 route=3 return=273.2s lap=525.8s carrier_dist=200m t=15584.7
t=15590.2 LAUNCH_BLOCKED reason=landing_or_storage_busy active=5 stored=3 no_active_s=0.0 state=IDLE tractor_cleanup=false elevator_transfer=false deck=Aircraft_9_nav_r2_242 pending=none clearance=Aircraft_9_nav_r1_236 queue=0
t=15603.0 LAP_CAPTURE craft=Aircraft_9_nav_r4_239 route=4 return=170.0s lap=383.3s carrier_dist=200m t=15603.0
t=15605.3 LAUNCH_BLOCKED reason=landing_or_storage_busy active=4 stored=3 no_active_s=0.0 state=IDLE tractor_cleanup=false elevator_transfer=false deck=Aircraft_9_nav_r2_242 pending=none clearance=Aircraft_9_nav_r1_236 queue=0
t=15612.2 ==== SUMMARY t=15612.2 ====
t=15612.2 route=1 laps=28 crashes=2 avg_out=156.8s avg_ret=175.7s avg_lap=344.1s best_lap=338.7
t=15612.2 route=2 laps=29 crashes=0 avg_out=214.3s avg_ret=250.8s avg_lap=477.2s best_lap=454.8
t=15612.2 route=3 laps=29 crashes=0 avg_out=243.6s avg_ret=269.6s avg_lap=525.2s best_lap=508.2
t=15612.2 route=4 laps=31 crashes=0 avg_out=200.4s avg_ret=168.9s avg_lap=381.3s best_lap=374.9
t=15612.2 route=5 laps=28 crashes=0 avg_out=294.5s avg_ret=257.8s avg_lap=564.7s best_lap=554.7
t=15612.2 route=6 laps=31 crashes=0 avg_out=179.1s avg_ret=159.2s avg_lap=350.4s best_lap=344.4
t=15612.2 route=7 laps=30 crashes=0 avg_out=198.1s avg_ret=158.3s avg_lap=368.4s best_lap=355.8
t=15612.2 route=8 laps=29 crashes=1 avg_out=185.2s avg_ret=186.8s avg_lap=383.9s best_lap=375.8
t=15612.2 TOTAL laps=235 crashes=3
t=15612.2 TUNER gen=3 results=46/64 pending=4 active=4 remaining=18 next_trial=243 rounds=[7,6,5,7,5,7,7,6]
t=15620.3 LAUNCH_BLOCKED reason=landing_or_storage_busy active=4 stored=4 no_active_s=0.0 state=IDLE tractor_cleanup=false elevator_transfer=false deck=Aircraft_9_nav_r2_242 pending=none clearance=Aircraft_9_nav_r1_236 queue=0
t=15626.5 LAP_CAPTURE craft=Aircraft_9_nav_r7_241 route=7 return=152.2s lap=361.7s carrier_dist=200m t=15626.5
t=15635.4 LAUNCH_BLOCKED reason=landing_or_storage_busy active=3 stored=5 no_active_s=0.0 state=IDLE tractor_cleanup=false elevator_transfer=false deck=Aircraft_9_nav_r2_242 pending=none clearance=Aircraft_9_nav_r1_236 queue=0
t=15642.2 ==== SUMMARY t=15642.2 ====
t=15642.2 route=1 laps=28 crashes=2 avg_out=156.8s avg_ret=175.7s avg_lap=344.1s best_lap=338.7
t=15642.2 route=2 laps=29 crashes=0 avg_out=214.3s avg_ret=250.8s avg_lap=477.2s best_lap=454.8
t=15642.2 route=3 laps=29 crashes=0 avg_out=243.6s avg_ret=269.6s avg_lap=525.2s best_lap=508.2
t=15642.2 route=4 laps=31 crashes=0 avg_out=200.4s avg_ret=168.9s avg_lap=381.3s best_lap=374.9
t=15642.2 route=5 laps=28 crashes=0 avg_out=294.5s avg_ret=257.8s avg_lap=564.7s best_lap=554.7
t=15642.2 route=6 laps=31 crashes=0 avg_out=179.1s avg_ret=159.2s avg_lap=350.4s best_lap=344.4
t=15642.2 route=7 laps=31 crashes=0 avg_out=198.1s avg_ret=158.1s avg_lap=368.2s best_lap=355.8
t=15642.2 route=8 laps=29 crashes=1 avg_out=185.2s avg_ret=186.8s avg_lap=383.9s best_lap=375.8
t=15642.3 TOTAL laps=236 crashes=3
t=15642.3 TUNER gen=3 results=47/64 pending=3 active=3 remaining=17 next_trial=243 rounds=[7,6,5,7,5,7,7,6]
t=15650.4 LAUNCH_BLOCKED reason=landing_or_storage_busy active=3 stored=5 no_active_s=0.0 state=IDLE tractor_cleanup=false elevator_transfer=false deck=Aircraft_9_nav_r2_242 pending=none clearance=Aircraft_9_nav_r1_236 queue=0
t=15665.5 LAUNCH_BLOCKED reason=landing_or_storage_busy active=3 stored=5 no_active_s=0.0 state=IDLE tractor_cleanup=false elevator_transfer=false deck=Aircraft_9_nav_r2_242 pending=none clearance=Aircraft_9_nav_r1_236 queue=0
t=15672.2 ==== SUMMARY t=15672.2 ====
t=15672.2 route=1 laps=28 crashes=2 avg_out=156.8s avg_ret=175.7s avg_lap=344.1s best_lap=338.7
t=15672.2 route=2 laps=29 crashes=0 avg_out=214.3s avg_ret=250.8s avg_lap=477.2s best_lap=454.8
t=15672.2 route=3 laps=29 crashes=0 avg_out=243.6s avg_ret=269.6s avg_lap=525.2s best_lap=508.2
t=15672.2 route=4 laps=31 crashes=0 avg_out=200.4s avg_ret=168.9s avg_lap=381.3s best_lap=374.9
t=15672.2 route=5 laps=28 crashes=0 avg_out=294.5s avg_ret=257.8s avg_lap=564.7s best_lap=554.7
t=15672.2 route=6 laps=31 crashes=0 avg_out=179.1s avg_ret=159.2s avg_lap=350.4s best_lap=344.4
t=15672.2 route=7 laps=31 crashes=0 avg_out=198.1s avg_ret=158.1s avg_lap=368.2s best_lap=355.8
t=15672.2 route=8 laps=29 crashes=1 avg_out=185.2s avg_ret=186.8s avg_lap=383.9s best_lap=375.8
t=15672.3 TOTAL laps=236 crashes=3
t=15672.3 TUNER gen=3 results=47/64 pending=3 active=3 remaining=17 next_trial=243 rounds=[7,6,5,7,5,7,7,6]
t=15680.5 LAUNCH_BLOCKED reason=landing_or_storage_busy active=3 stored=5 no_active_s=0.0 state=IDLE tractor_cleanup=false elevator_transfer=false deck=Aircraft_9_nav_r2_242 pending=none clearance=Aircraft_9_nav_r1_236 queue=0
t=15695.6 LAUNCH_BLOCKED reason=landing_or_storage_busy active=3 stored=5 no_active_s=0.0 state=IDLE tractor_cleanup=false elevator_transfer=false deck=Aircraft_9_nav_r2_242 pending=none clearance=Aircraft_9_nav_r1_236 queue=0
t=15702.2 ==== SUMMARY t=15702.2 ====
t=15702.2 route=1 laps=28 crashes=2 avg_out=156.8s avg_ret=175.7s avg_lap=344.1s best_lap=338.7
t=15702.2 route=2 laps=29 crashes=0 avg_out=214.3s avg_ret=250.8s avg_lap=477.2s best_lap=454.8
t=15702.2 route=3 laps=29 crashes=0 avg_out=243.6s avg_ret=269.6s avg_lap=525.2s best_lap=508.2
t=15702.3 route=4 laps=31 crashes=0 avg_out=200.4s avg_ret=168.9s avg_lap=381.3s best_lap=374.9
t=15702.3 route=5 laps=28 crashes=0 avg_out=294.5s avg_ret=257.8s avg_lap=564.7s best_lap=554.7
t=15702.3 route=6 laps=31 crashes=0 avg_out=179.1s avg_ret=159.2s avg_lap=350.4s best_lap=344.4
t=15702.3 route=7 laps=31 crashes=0 avg_out=198.1s avg_ret=158.1s avg_lap=368.2s best_lap=355.8
t=15702.3 route=8 laps=29 crashes=1 avg_out=185.2s avg_ret=186.8s avg_lap=383.9s best_lap=375.8
t=15702.3 TOTAL laps=236 crashes=3
t=15702.3 TUNER gen=3 results=47/64 pending=3 active=3 remaining=17 next_trial=243 rounds=[7,6,5,7,5,7,7,6]
t=15710.6 LAUNCH_BLOCKED reason=landing_or_storage_busy active=3 stored=5 no_active_s=0.0 state=IDLE tractor_cleanup=false elevator_transfer=false deck=Aircraft_9_nav_r2_242 pending=none clearance=Aircraft_9_nav_r1_236 queue=0
t=15725.7 LAUNCH_BLOCKED reason=landing_or_storage_busy active=3 stored=5 no_active_s=0.0 state=IDLE tractor_cleanup=false elevator_transfer=false deck=Aircraft_9_nav_r2_242 pending=none clearance=Aircraft_9_nav_r1_236 queue=0
t=15732.3 ==== SUMMARY t=15732.3 ====
t=15732.3 route=1 laps=28 crashes=2 avg_out=156.8s avg_ret=175.7s avg_lap=344.1s best_lap=338.7
t=15732.3 route=2 laps=29 crashes=0 avg_out=214.3s avg_ret=250.8s avg_lap=477.2s best_lap=454.8
t=15732.3 route=3 laps=29 crashes=0 avg_out=243.6s avg_ret=269.6s avg_lap=525.2s best_lap=508.2
t=15732.3 route=4 laps=31 crashes=0 avg_out=200.4s avg_ret=168.9s avg_lap=381.3s best_lap=374.9
t=15732.3 route=5 laps=28 crashes=0 avg_out=294.5s avg_ret=257.8s avg_lap=564.7s best_lap=554.7
t=15732.3 route=6 laps=31 crashes=0 avg_out=179.1s avg_ret=159.2s avg_lap=350.4s best_lap=344.4
t=15732.3 route=7 laps=31 crashes=0 avg_out=198.1s avg_ret=158.1s avg_lap=368.2s best_lap=355.8
t=15732.3 route=8 laps=29 crashes=1 avg_out=185.2s avg_ret=186.8s avg_lap=383.9s best_lap=375.8
t=15732.3 TOTAL laps=236 crashes=3
t=15732.3 TUNER gen=3 results=47/64 pending=3 active=3 remaining=17 next_trial=243 rounds=[7,6,5,7,5,7,7,6]
t=15740.7 LAUNCH_BLOCKED reason=landing_or_storage_busy active=3 stored=5 no_active_s=0.0 state=IDLE tractor_cleanup=false elevator_transfer=false deck=Aircraft_9_nav_r2_242 pending=none clearance=Aircraft_9_nav_r1_236 queue=0
t=15755.8 LAUNCH_BLOCKED reason=landing_or_storage_busy active=3 stored=5 no_active_s=0.0 state=IDLE tractor_cleanup=false elevator_transfer=false deck=Aircraft_9_nav_r2_242 pending=none clearance=Aircraft_9_nav_r1_236 queue=0
t=15762.3 ==== SUMMARY t=15762.3 ====
t=15762.3 route=1 laps=28 crashes=2 avg_out=156.8s avg_ret=175.7s avg_lap=344.1s best_lap=338.7
t=15762.3 route=2 laps=29 crashes=0 avg_out=214.3s avg_ret=250.8s avg_lap=477.2s best_lap=454.8
t=15762.3 route=3 laps=29 crashes=0 avg_out=243.6s avg_ret=269.6s avg_lap=525.2s best_lap=508.2
t=15762.3 route=4 laps=31 crashes=0 avg_out=200.4s avg_ret=168.9s avg_lap=381.3s best_lap=374.9
t=15762.3 route=5 laps=28 crashes=0 avg_out=294.5s avg_ret=257.8s avg_lap=564.7s best_lap=554.7
t=15762.3 route=6 laps=31 crashes=0 avg_out=179.1s avg_ret=159.2s avg_lap=350.4s best_lap=344.4
t=15762.3 route=7 laps=31 crashes=0 avg_out=198.1s avg_ret=158.1s avg_lap=368.2s best_lap=355.8
t=15762.3 route=8 laps=29 crashes=1 avg_out=185.2s avg_ret=186.8s avg_lap=383.9s best_lap=375.8
t=15762.3 TOTAL laps=236 crashes=3
t=15762.3 TUNER gen=3 results=47/64 pending=3 active=3 remaining=17 next_trial=243 rounds=[7,6,5,7,5,7,7,6]
t=15770.8 LAUNCH_BLOCKED reason=landing_or_storage_busy active=3 stored=5 no_active_s=0.0 state=IDLE tractor_cleanup=false elevator_transfer=false deck=Aircraft_9_nav_r2_242 pending=none clearance=Aircraft_9_nav_r1_236 queue=0
t=15785.9 LAUNCH_BLOCKED reason=landing_or_storage_busy active=3 stored=5 no_active_s=0.0 state=IDLE tractor_cleanup=false elevator_transfer=false deck=Aircraft_9_nav_r2_242 pending=none clearance=Aircraft_9_nav_r1_236 queue=0
t=15792.3 ==== SUMMARY t=15792.3 ====
t=15792.3 route=1 laps=28 crashes=2 avg_out=156.8s avg_ret=175.7s avg_lap=344.1s best_lap=338.7
t=15792.3 route=2 laps=29 crashes=0 avg_out=214.3s avg_ret=250.8s avg_lap=477.2s best_lap=454.8
t=15792.3 route=3 laps=29 crashes=0 avg_out=243.6s avg_ret=269.6s avg_lap=525.2s best_lap=508.2
t=15792.3 route=4 laps=31 crashes=0 avg_out=200.4s avg_ret=168.9s avg_lap=381.3s best_lap=374.9
t=15792.3 route=5 laps=28 crashes=0 avg_out=294.5s avg_ret=257.8s avg_lap=564.7s best_lap=554.7
t=15792.3 route=6 laps=31 crashes=0 avg_out=179.1s avg_ret=159.2s avg_lap=350.4s best_lap=344.4
t=15792.3 route=7 laps=31 crashes=0 avg_out=198.1s avg_ret=158.1s avg_lap=368.2s best_lap=355.8
t=15792.3 route=8 laps=29 crashes=1 avg_out=185.2s avg_ret=186.8s avg_lap=383.9s best_lap=375.8
t=15792.3 TOTAL laps=236 crashes=3
t=15792.3 TUNER gen=3 results=47/64 pending=3 active=3 remaining=17 next_trial=243 rounds=[7,6,5,7,5,7,7,6]
t=15792.9 LAP_CAPTURE craft=Aircraft_9_nav_r5_240 route=5 return=255.7s lap=553.2s carrier_dist=200m t=15792.9
t=15800.9 LAUNCH_BLOCKED reason=landing_or_storage_busy active=2 stored=6 no_active_s=0.0 state=IDLE tractor_cleanup=false elevator_transfer=false deck=Aircraft_9_nav_r2_242 pending=none clearance=Aircraft_9_nav_r1_236 queue=0
t=15808.6 LAP_CAPTURE craft=Aircraft_9_nav_r2_242 route=2 return=243.9s lap=468.5s carrier_dist=200m t=15808.6
t=15816.0 LAUNCH_BLOCKED reason=landing_or_storage_busy active=1 stored=7 no_active_s=0.0 state=IDLE tractor_cleanup=false elevator_transfer=false deck=none pending=none clearance=Aircraft_9_nav_r1_236 queue=1
t=15822.3 ==== SUMMARY t=15822.3 ====
t=15822.3 route=1 laps=28 crashes=2 avg_out=156.8s avg_ret=175.7s avg_lap=344.1s best_lap=338.7
t=15822.3 route=2 laps=30 crashes=0 avg_out=214.3s avg_ret=250.6s avg_lap=477.0s best_lap=454.8
t=15822.3 route=3 laps=29 crashes=0 avg_out=243.6s avg_ret=269.6s avg_lap=525.2s best_lap=508.2
t=15822.3 route=4 laps=31 crashes=0 avg_out=200.4s avg_ret=168.9s avg_lap=381.3s best_lap=374.9
t=15822.3 route=5 laps=29 crashes=0 avg_out=294.5s avg_ret=257.7s avg_lap=564.3s best_lap=553.2
t=15822.3 route=6 laps=31 crashes=0 avg_out=179.1s avg_ret=159.2s avg_lap=350.4s best_lap=344.4
t=15822.3 route=7 laps=31 crashes=0 avg_out=198.1s avg_ret=158.1s avg_lap=368.2s best_lap=355.8
t=15822.3 route=8 laps=29 crashes=1 avg_out=185.2s avg_ret=186.8s avg_lap=383.9s best_lap=375.8
t=15822.3 TOTAL laps=238 crashes=3
t=15822.3 TUNER gen=3 results=49/64 pending=1 active=1 remaining=15 next_trial=243 rounds=[7,6,5,7,5,7,7,6]
t=15831.0 LAUNCH_BLOCKED reason=landing_or_storage_busy active=1 stored=7 no_active_s=0.0 state=IDLE tractor_cleanup=false elevator_transfer=false deck=none pending=none clearance=Aircraft_9_nav_r1_236 queue=1
t=15846.1 LAUNCH_BLOCKED reason=landing_or_storage_busy active=1 stored=7 no_active_s=0.0 state=IDLE tractor_cleanup=false elevator_transfer=false deck=none pending=none clearance=Aircraft_9_nav_r1_236 queue=1
t=15852.3 ==== SUMMARY t=15852.3 ====
t=15852.3 route=1 laps=28 crashes=2 avg_out=156.8s avg_ret=175.7s avg_lap=344.1s best_lap=338.7
t=15852.3 route=2 laps=30 crashes=0 avg_out=214.3s avg_ret=250.6s avg_lap=477.0s best_lap=454.8
t=15852.3 route=3 laps=29 crashes=0 avg_out=243.6s avg_ret=269.6s avg_lap=525.2s best_lap=508.2
t=15852.3 route=4 laps=31 crashes=0 avg_out=200.4s avg_ret=168.9s avg_lap=381.3s best_lap=374.9
t=15852.3 route=5 laps=29 crashes=0 avg_out=294.5s avg_ret=257.7s avg_lap=564.3s best_lap=553.2
t=15852.3 route=6 laps=31 crashes=0 avg_out=179.1s avg_ret=159.2s avg_lap=350.4s best_lap=344.4
t=15852.3 route=7 laps=31 crashes=0 avg_out=198.1s avg_ret=158.1s avg_lap=368.2s best_lap=355.8
t=15852.3 route=8 laps=29 crashes=1 avg_out=185.2s avg_ret=186.8s avg_lap=383.9s best_lap=375.8
t=15852.4 TOTAL laps=238 crashes=3
t=15852.4 TUNER gen=3 results=49/64 pending=1 active=1 remaining=15 next_trial=243 rounds=[7,6,5,7,5,7,7,6]
t=15861.1 LAUNCH_BLOCKED reason=landing_or_storage_busy active=1 stored=7 no_active_s=0.0 state=IDLE tractor_cleanup=false elevator_transfer=false deck=none pending=none clearance=Aircraft_9_nav_r1_236 queue=1
t=15876.2 LAUNCH_BLOCKED reason=landing_or_storage_busy active=1 stored=7 no_active_s=0.0 state=IDLE tractor_cleanup=false elevator_transfer=false deck=none pending=none clearance=Aircraft_9_nav_r1_236 queue=1
t=15882.3 ==== SUMMARY t=15882.3 ====
t=15882.3 route=1 laps=28 crashes=2 avg_out=156.8s avg_ret=175.7s avg_lap=344.1s best_lap=338.7
t=15882.4 route=2 laps=30 crashes=0 avg_out=214.3s avg_ret=250.6s avg_lap=477.0s best_lap=454.8
t=15882.4 route=3 laps=29 crashes=0 avg_out=243.6s avg_ret=269.6s avg_lap=525.2s best_lap=508.2
t=15882.4 route=4 laps=31 crashes=0 avg_out=200.4s avg_ret=168.9s avg_lap=381.3s best_lap=374.9
t=15882.4 route=5 laps=29 crashes=0 avg_out=294.5s avg_ret=257.7s avg_lap=564.3s best_lap=553.2
t=15882.4 route=6 laps=31 crashes=0 avg_out=179.1s avg_ret=159.2s avg_lap=350.4s best_lap=344.4
t=15882.4 route=7 laps=31 crashes=0 avg_out=198.1s avg_ret=158.1s avg_lap=368.2s best_lap=355.8
t=15882.4 route=8 laps=29 crashes=1 avg_out=185.2s avg_ret=186.8s avg_lap=383.9s best_lap=375.8
t=15882.4 TOTAL laps=238 crashes=3
t=15882.4 TUNER gen=3 results=49/64 pending=1 active=1 remaining=15 next_trial=243 rounds=[7,6,5,7,5,7,7,6]
t=15891.2 LAUNCH_BLOCKED reason=landing_or_storage_busy active=1 stored=7 no_active_s=0.0 state=IDLE tractor_cleanup=false elevator_transfer=false deck=none pending=none clearance=Aircraft_9_nav_r1_236 queue=1
t=15906.3 LAUNCH_BLOCKED reason=landing_or_storage_busy active=1 stored=7 no_active_s=0.0 state=IDLE tractor_cleanup=false elevator_transfer=false deck=none pending=none clearance=Aircraft_9_nav_r1_236 queue=1
t=15912.3 ==== SUMMARY t=15912.3 ====
t=15912.3 route=1 laps=28 crashes=2 avg_out=156.8s avg_ret=175.7s avg_lap=344.1s best_lap=338.7
t=15912.3 route=2 laps=30 crashes=0 avg_out=214.3s avg_ret=250.6s avg_lap=477.0s best_lap=454.8
t=15912.3 route=3 laps=29 crashes=0 avg_out=243.6s avg_ret=269.6s avg_lap=525.2s best_lap=508.2
t=15912.4 route=4 laps=31 crashes=0 avg_out=200.4s avg_ret=168.9s avg_lap=381.3s best_lap=374.9
t=15912.4 route=5 laps=29 crashes=0 avg_out=294.5s avg_ret=257.7s avg_lap=564.3s best_lap=553.2
t=15912.4 route=6 laps=31 crashes=0 avg_out=179.1s avg_ret=159.2s avg_lap=350.4s best_lap=344.4
t=15912.4 route=7 laps=31 crashes=0 avg_out=198.1s avg_ret=158.1s avg_lap=368.2s best_lap=355.8
t=15912.4 route=8 laps=29 crashes=1 avg_out=185.2s avg_ret=186.8s avg_lap=383.9s best_lap=375.8
t=15912.4 TOTAL laps=238 crashes=3
t=15912.4 TUNER gen=3 results=49/64 pending=1 active=1 remaining=15 next_trial=243 rounds=[7,6,5,7,5,7,7,6]
t=15920.8 TUNING_TIMEOUT craft=Aircraft_9_nav_r1_236 route=1 trial=236
t=15920.9 IDLE_TUNER_WAIT gen=3 results=50/64 remaining=14 active_nav=0 stored=7 state=IDLE next_trial=243
t=15920.9 CRASH craft=Aircraft_9_nav_r1_236 route=1 phase=2 t=15920.9
t=15921.3 LAUNCH_BLOCKED reason=waiting_no_active_grace active=0 stored=7 no_active_s=0.0 state=IDLE tractor_cleanup=false elevator_transfer=false deck=none pending=none clearance=none queue=0
t=15936.4 LAUNCH_BLOCKED reason=deck_busy active=1 stored=7 no_active_s=0.0 state=AIRCRAFT_ON_DECK tractor_cleanup=false elevator_transfer=false deck=Aircraft_9_nav_r8_243 pending=none clearance=none queue=0
t=15937.2 SPAWN craft=Aircraft_9_nav_r8_243 route=8 candidate=6 trial=243 t=15937.2
t=15942.4 ==== SUMMARY t=15942.4 ====
t=15942.4 route=1 laps=28 crashes=3 avg_out=156.8s avg_ret=175.7s avg_lap=344.1s best_lap=338.7
t=15942.4 route=2 laps=30 crashes=0 avg_out=214.3s avg_ret=250.6s avg_lap=477.0s best_lap=454.8
t=15942.4 route=3 laps=29 crashes=0 avg_out=243.6s avg_ret=269.6s avg_lap=525.2s best_lap=508.2
t=15942.4 route=4 laps=31 crashes=0 avg_out=200.4s avg_ret=168.9s avg_lap=381.3s best_lap=374.9
t=15942.4 route=5 laps=29 crashes=0 avg_out=294.5s avg_ret=257.7s avg_lap=564.3s best_lap=553.2
t=15942.4 route=6 laps=31 crashes=0 avg_out=179.1s avg_ret=159.2s avg_lap=350.4s best_lap=344.4
t=15942.4 route=7 laps=31 crashes=0 avg_out=198.1s avg_ret=158.1s avg_lap=368.2s best_lap=355.8
t=15942.4 route=8 laps=29 crashes=1 avg_out=185.2s avg_ret=186.8s avg_lap=383.9s best_lap=375.8
t=15942.4 TOTAL laps=238 crashes=4
t=15942.4 TUNER gen=3 results=50/64 pending=1 active=1 remaining=14 next_trial=244 rounds=[7,6,5,7,5,7,7,7]
t=15951.4 LAUNCH_BLOCKED reason=deck_busy active=2 stored=6 no_active_s=0.0 state=AIRCRAFT_ON_DECK tractor_cleanup=false elevator_transfer=true deck=Aircraft_9_nav_r6_244 pending=none clearance=none queue=0
t=15957.3 SPAWN craft=Aircraft_9_nav_r6_244 route=6 candidate=5 trial=244 t=15957.3
t=15966.5 LAUNCH_BLOCKED reason=deck_busy active=3 stored=5 no_active_s=0.0 state=RETRIEVING_FROM_HANGAR tractor_cleanup=false elevator_transfer=false deck=Aircraft_9_nav_r3_245 pending=none clearance=none queue=0
t=15972.4 ==== SUMMARY t=15972.4 ====
t=15972.4 route=1 laps=28 crashes=3 avg_out=156.8s avg_ret=175.7s avg_lap=344.1s best_lap=338.7
t=15972.4 route=2 laps=30 crashes=0 avg_out=214.3s avg_ret=250.6s avg_lap=477.0s best_lap=454.8
t=15972.4 route=3 laps=29 crashes=0 avg_out=243.6s avg_ret=269.6s avg_lap=525.2s best_lap=508.2
t=15972.4 route=4 laps=31 crashes=0 avg_out=200.4s avg_ret=168.9s avg_lap=381.3s best_lap=374.9
t=15972.4 route=5 laps=29 crashes=0 avg_out=294.5s avg_ret=257.7s avg_lap=564.3s best_lap=553.2
t=15972.5 route=6 laps=31 crashes=0 avg_out=179.1s avg_ret=159.2s avg_lap=350.4s best_lap=344.4
t=15972.5 route=7 laps=31 crashes=0 avg_out=198.1s avg_ret=158.1s avg_lap=368.2s best_lap=355.8
t=15972.5 route=8 laps=29 crashes=1 avg_out=185.2s avg_ret=186.8s avg_lap=383.9s best_lap=375.8
t=15972.5 TOTAL laps=238 crashes=4
t=15972.5 TUNER gen=3 results=50/64 pending=3 active=3 remaining=14 next_trial=246 rounds=[7,6,6,7,5,8,7,7]
t=15977.3 SPAWN craft=Aircraft_9_nav_r3_245 route=3 candidate=8 trial=245 t=15977.3
t=15981.6 LAUNCH_BLOCKED reason=cleared_unready_nav_deck_aircraft active=3 stored=5 no_active_s=0.0 state=IDLE tractor_cleanup=false elevator_transfer=false deck=Aircraft_9_nav_r3_245 pending=none clearance=none queue=0
t=15996.6 LAUNCH_BLOCKED reason=deck_busy active=4 stored=4 no_active_s=0.0 state=AIRCRAFT_ON_DECK tractor_cleanup=false elevator_transfer=false deck=Aircraft_9_nav_r4_246 pending=none clearance=none queue=0
t=15997.5 SPAWN craft=Aircraft_9_nav_r4_246 route=4 candidate=3 trial=246 t=15997.5
t=16002.4 ==== SUMMARY t=16002.4 ====
t=16002.5 route=1 laps=28 crashes=3 avg_out=156.8s avg_ret=175.7s avg_lap=344.1s best_lap=338.7
t=16002.5 route=2 laps=30 crashes=0 avg_out=214.3s avg_ret=250.6s avg_lap=477.0s best_lap=454.8
t=16002.5 route=3 laps=29 crashes=0 avg_out=243.6s avg_ret=269.6s avg_lap=525.2s best_lap=508.2
t=16002.5 route=4 laps=31 crashes=0 avg_out=200.4s avg_ret=168.9s avg_lap=381.3s best_lap=374.9
t=16002.5 route=5 laps=29 crashes=0 avg_out=294.5s avg_ret=257.7s avg_lap=564.3s best_lap=553.2
t=16002.5 route=6 laps=31 crashes=0 avg_out=179.1s avg_ret=159.2s avg_lap=350.4s best_lap=344.4
t=16002.5 route=7 laps=31 crashes=0 avg_out=198.1s avg_ret=158.1s avg_lap=368.2s best_lap=355.8
t=16002.5 route=8 laps=29 crashes=1 avg_out=185.2s avg_ret=186.8s avg_lap=383.9s best_lap=375.8
t=16002.5 TOTAL laps=238 crashes=4
t=16002.5 TUNER gen=3 results=50/64 pending=4 active=4 remaining=14 next_trial=247 rounds=[7,6,6,8,5,8,7,7]
t=16011.7 LAUNCH_BLOCKED reason=deck_busy active=5 stored=3 no_active_s=0.0 state=AIRCRAFT_ON_DECK tractor_cleanup=false elevator_transfer=true deck=Aircraft_9_nav_r7_247 pending=none clearance=none queue=0
t=16017.5 SPAWN craft=Aircraft_9_nav_r7_247 route=7 candidate=6 trial=247 t=16017.5
t=16026.8 LAUNCH_BLOCKED reason=deck_busy active=6 stored=2 no_active_s=0.0 state=RETRIEVING_FROM_HANGAR tractor_cleanup=false elevator_transfer=false deck=Aircraft_9_nav_r5_248 pending=none clearance=none queue=0
t=16032.6 ==== SUMMARY t=16032.6 ====
t=16032.6 route=1 laps=28 crashes=3 avg_out=156.8s avg_ret=175.7s avg_lap=344.1s best_lap=338.7
t=16032.6 route=2 laps=30 crashes=0 avg_out=214.3s avg_ret=250.6s avg_lap=477.0s best_lap=454.8
t=16032.6 route=3 laps=29 crashes=0 avg_out=243.6s avg_ret=269.6s avg_lap=525.2s best_lap=508.2
t=16032.6 route=4 laps=31 crashes=0 avg_out=200.4s avg_ret=168.9s avg_lap=381.3s best_lap=374.9
t=16032.6 route=5 laps=29 crashes=0 avg_out=294.5s avg_ret=257.7s avg_lap=564.3s best_lap=553.2
t=16032.6 route=6 laps=31 crashes=0 avg_out=179.1s avg_ret=159.2s avg_lap=350.4s best_lap=344.4
t=16032.6 route=7 laps=31 crashes=0 avg_out=198.1s avg_ret=158.1s avg_lap=368.2s best_lap=355.8
t=16032.6 route=8 laps=29 crashes=1 avg_out=185.2s avg_ret=186.8s avg_lap=383.9s best_lap=375.8
t=16032.6 TOTAL laps=238 crashes=4
t=16032.6 TUNER gen=3 results=50/64 pending=6 active=6 remaining=14 next_trial=249 rounds=[7,6,6,8,6,8,8,7]
t=16037.6 SPAWN craft=Aircraft_9_nav_r5_248 route=5 candidate=2 trial=248 t=16037.6
t=16041.9 LAUNCH_BLOCKED reason=cleared_unready_nav_deck_aircraft active=6 stored=2 no_active_s=0.0 state=IDLE tractor_cleanup=false elevator_transfer=false deck=Aircraft_9_nav_r5_248 pending=none clearance=none queue=0
t=16056.9 LAUNCH_BLOCKED reason=deck_busy active=7 stored=1 no_active_s=0.0 state=AIRCRAFT_ON_DECK tractor_cleanup=false elevator_transfer=false deck=Aircraft_9_nav_r2_249 pending=none clearance=none queue=0
t=16057.8 SPAWN craft=Aircraft_9_nav_r2_249 route=2 candidate=8 trial=249 t=16057.8
t=16062.6 ==== SUMMARY t=16062.6 ====
t=16062.6 route=1 laps=28 crashes=3 avg_out=156.8s avg_ret=175.7s avg_lap=344.1s best_lap=338.7
t=16062.7 route=2 laps=30 crashes=0 avg_out=214.3s avg_ret=250.6s avg_lap=477.0s best_lap=454.8
t=16062.7 route=3 laps=29 crashes=0 avg_out=243.6s avg_ret=269.6s avg_lap=525.2s best_lap=508.2
t=16062.7 route=4 laps=31 crashes=0 avg_out=200.4s avg_ret=168.9s avg_lap=381.3s best_lap=374.9
t=16062.7 route=5 laps=29 crashes=0 avg_out=294.5s avg_ret=257.7s avg_lap=564.3s best_lap=553.2
t=16062.7 route=6 laps=31 crashes=0 avg_out=179.1s avg_ret=159.2s avg_lap=350.4s best_lap=344.4
t=16062.7 route=7 laps=31 crashes=0 avg_out=198.1s avg_ret=158.1s avg_lap=368.2s best_lap=355.8
t=16062.7 route=8 laps=29 crashes=1 avg_out=185.2s avg_ret=186.8s avg_lap=383.9s best_lap=375.8
t=16062.7 TOTAL laps=238 crashes=4
t=16062.7 TUNER gen=3 results=50/64 pending=7 active=7 remaining=14 next_trial=250 rounds=[7,7,6,8,6,8,8,7]
t=16077.8 SPAWN craft=Aircraft_9_nav_r1_250 route=1 candidate=8 trial=250 t=16077.8
t=16092.7 ==== SUMMARY t=16092.7 ====
t=16092.7 route=1 laps=28 crashes=3 avg_out=156.8s avg_ret=175.7s avg_lap=344.1s best_lap=338.7
t=16092.7 route=2 laps=30 crashes=0 avg_out=214.3s avg_ret=250.6s avg_lap=477.0s best_lap=454.8
t=16092.7 route=3 laps=29 crashes=0 avg_out=243.6s avg_ret=269.6s avg_lap=525.2s best_lap=508.2
t=16092.7 route=4 laps=31 crashes=0 avg_out=200.4s avg_ret=168.9s avg_lap=381.3s best_lap=374.9
t=16092.7 route=5 laps=29 crashes=0 avg_out=294.5s avg_ret=257.7s avg_lap=564.3s best_lap=553.2
t=16092.7 route=6 laps=31 crashes=0 avg_out=179.1s avg_ret=159.2s avg_lap=350.4s best_lap=344.4
t=16092.7 route=7 laps=31 crashes=0 avg_out=198.1s avg_ret=158.1s avg_lap=368.2s best_lap=355.8
t=16092.7 route=8 laps=29 crashes=1 avg_out=185.2s avg_ret=186.8s avg_lap=383.9s best_lap=375.8
t=16092.7 TOTAL laps=238 crashes=4
t=16092.7 TUNER gen=3 results=50/64 pending=8 active=8 remaining=14 next_trial=251 rounds=[8,7,6,8,6,8,8,7]
t=16122.7 ==== SUMMARY t=16122.7 ====
t=16122.7 route=1 laps=28 crashes=3 avg_out=156.8s avg_ret=175.7s avg_lap=344.1s best_lap=338.7
t=16122.7 route=2 laps=30 crashes=0 avg_out=214.3s avg_ret=250.6s avg_lap=477.0s best_lap=454.8
t=16122.7 route=3 laps=29 crashes=0 avg_out=243.6s avg_ret=269.6s avg_lap=525.2s best_lap=508.2
t=16122.7 route=4 laps=31 crashes=0 avg_out=200.4s avg_ret=168.9s avg_lap=381.3s best_lap=374.9
t=16122.7 route=5 laps=29 crashes=0 avg_out=294.5s avg_ret=257.7s avg_lap=564.3s best_lap=553.2
t=16122.7 route=6 laps=31 crashes=0 avg_out=179.1s avg_ret=159.2s avg_lap=350.4s best_lap=344.4
t=16122.7 route=7 laps=31 crashes=0 avg_out=198.1s avg_ret=158.1s avg_lap=368.2s best_lap=355.8
t=16122.7 route=8 laps=29 crashes=1 avg_out=185.2s avg_ret=186.8s avg_lap=383.9s best_lap=375.8
t=16122.7 TOTAL laps=238 crashes=4
t=16122.7 TUNER gen=3 results=50/64 pending=8 active=8 remaining=14 next_trial=251 rounds=[8,7,6,8,6,8,8,7]
t=16123.9 LZ_REACHED craft=Aircraft_9_nav_r8_243 route=8 outbound=186.7s t=16123.9
t=16137.6 LZ_REACHED craft=Aircraft_9_nav_r6_244 route=6 outbound=180.3s t=16137.6
t=16152.7 ==== SUMMARY t=16152.7 ====
t=16152.7 route=1 laps=28 crashes=3 avg_out=156.8s avg_ret=175.7s avg_lap=344.1s best_lap=338.7
t=16152.7 route=2 laps=30 crashes=0 avg_out=214.3s avg_ret=250.6s avg_lap=477.0s best_lap=454.8
t=16152.7 route=3 laps=29 crashes=0 avg_out=243.6s avg_ret=269.6s avg_lap=525.2s best_lap=508.2
t=16152.7 route=4 laps=31 crashes=0 avg_out=200.4s avg_ret=168.9s avg_lap=381.3s best_lap=374.9
t=16152.7 route=5 laps=29 crashes=0 avg_out=294.5s avg_ret=257.7s avg_lap=564.3s best_lap=553.2
t=16152.7 route=6 laps=31 crashes=0 avg_out=179.2s avg_ret=159.2s avg_lap=350.4s best_lap=344.4
t=16152.7 route=7 laps=31 crashes=0 avg_out=198.1s avg_ret=158.1s avg_lap=368.2s best_lap=355.8
t=16152.7 route=8 laps=29 crashes=1 avg_out=185.2s avg_ret=186.8s avg_lap=383.9s best_lap=375.8
t=16152.7 TOTAL laps=238 crashes=4
t=16152.7 TUNER gen=3 results=50/64 pending=8 active=8 remaining=14 next_trial=251 rounds=[8,7,6,8,6,8,8,7]
t=16182.7 ==== SUMMARY t=16182.7 ====
t=16182.7 route=1 laps=28 crashes=3 avg_out=156.8s avg_ret=175.7s avg_lap=344.1s best_lap=338.7
t=16182.7 route=2 laps=30 crashes=0 avg_out=214.3s avg_ret=250.6s avg_lap=477.0s best_lap=454.8
t=16182.7 route=3 laps=29 crashes=0 avg_out=243.6s avg_ret=269.6s avg_lap=525.2s best_lap=508.2
t=16182.7 route=4 laps=31 crashes=0 avg_out=200.4s avg_ret=168.9s avg_lap=381.3s best_lap=374.9
t=16182.7 route=5 laps=29 crashes=0 avg_out=294.5s avg_ret=257.7s avg_lap=564.3s best_lap=553.2
t=16182.7 route=6 laps=31 crashes=0 avg_out=179.2s avg_ret=159.2s avg_lap=350.4s best_lap=344.4
t=16182.7 route=7 laps=31 crashes=0 avg_out=198.1s avg_ret=158.1s avg_lap=368.2s best_lap=355.8
t=16182.7 route=8 laps=29 crashes=1 avg_out=185.2s avg_ret=186.8s avg_lap=383.9s best_lap=375.8
t=16182.7 TOTAL laps=238 crashes=4
t=16182.7 TUNER gen=3 results=50/64 pending=8 active=8 remaining=14 next_trial=251 rounds=[8,7,6,8,6,8,8,7]
t=16199.5 LZ_REACHED craft=Aircraft_9_nav_r4_246 route=4 outbound=202.0s t=16199.5
t=16212.8 ==== SUMMARY t=16212.8 ====
t=16212.8 route=1 laps=28 crashes=3 avg_out=156.8s avg_ret=175.7s avg_lap=344.1s best_lap=338.7
t=16212.8 route=2 laps=30 crashes=0 avg_out=214.3s avg_ret=250.6s avg_lap=477.0s best_lap=454.8
t=16212.8 route=3 laps=29 crashes=0 avg_out=243.6s avg_ret=269.6s avg_lap=525.2s best_lap=508.2
t=16212.8 route=4 laps=31 crashes=0 avg_out=200.4s avg_ret=168.9s avg_lap=381.3s best_lap=374.9
t=16212.8 route=5 laps=29 crashes=0 avg_out=294.5s avg_ret=257.7s avg_lap=564.3s best_lap=553.2
t=16212.8 route=6 laps=31 crashes=0 avg_out=179.2s avg_ret=159.2s avg_lap=350.4s best_lap=344.4
t=16212.8 route=7 laps=31 crashes=0 avg_out=198.1s avg_ret=158.1s avg_lap=368.2s best_lap=355.8
t=16212.8 route=8 laps=29 crashes=1 avg_out=185.2s avg_ret=186.8s avg_lap=383.9s best_lap=375.8
t=16212.8 TOTAL laps=238 crashes=4
t=16212.8 TUNER gen=3 results=50/64 pending=8 active=8 remaining=14 next_trial=251 rounds=[8,7,6,8,6,8,8,7]
t=16216.0 LZ_REACHED craft=Aircraft_9_nav_r7_247 route=7 outbound=198.6s t=16216.0
t=16225.0 LZ_REACHED craft=Aircraft_9_nav_r3_245 route=3 outbound=247.7s t=16225.0
t=16242.8 ==== SUMMARY t=16242.8 ====
t=16242.8 route=1 laps=28 crashes=3 avg_out=156.8s avg_ret=175.7s avg_lap=344.1s best_lap=338.7
t=16242.8 route=2 laps=30 crashes=0 avg_out=214.3s avg_ret=250.6s avg_lap=477.0s best_lap=454.8
t=16242.8 route=3 laps=29 crashes=0 avg_out=243.7s avg_ret=269.6s avg_lap=525.2s best_lap=508.2
t=16242.8 route=4 laps=31 crashes=0 avg_out=200.4s avg_ret=168.9s avg_lap=381.3s best_lap=374.9
t=16242.8 route=5 laps=29 crashes=0 avg_out=294.5s avg_ret=257.7s avg_lap=564.3s best_lap=553.2
t=16242.8 route=6 laps=31 crashes=0 avg_out=179.2s avg_ret=159.2s avg_lap=350.4s best_lap=344.4
t=16242.8 route=7 laps=31 crashes=0 avg_out=198.1s avg_ret=158.1s avg_lap=368.2s best_lap=355.8
t=16242.8 route=8 laps=29 crashes=1 avg_out=185.2s avg_ret=186.8s avg_lap=383.9s best_lap=375.8
t=16242.9 TOTAL laps=238 crashes=4
t=16242.9 TUNER gen=3 results=50/64 pending=8 active=8 remaining=14 next_trial=251 rounds=[8,7,6,8,6,8,8,7]
t=16246.0 LZ_REACHED craft=Aircraft_9_nav_r1_250 route=1 outbound=168.1s t=16246.0
t=16272.6 LZ_REACHED craft=Aircraft_9_nav_r2_249 route=2 outbound=214.8s t=16272.6
t=16272.8 ==== SUMMARY t=16272.8 ====
t=16272.8 route=1 laps=28 crashes=3 avg_out=157.1s avg_ret=175.7s avg_lap=344.1s best_lap=338.7
t=16272.8 route=2 laps=30 crashes=0 avg_out=214.4s avg_ret=250.6s avg_lap=477.0s best_lap=454.8
t=16272.8 route=3 laps=29 crashes=0 avg_out=243.7s avg_ret=269.6s avg_lap=525.2s best_lap=508.2
t=16272.8 route=4 laps=31 crashes=0 avg_out=200.4s avg_ret=168.9s avg_lap=381.3s best_lap=374.9
t=16272.8 route=5 laps=29 crashes=0 avg_out=294.5s avg_ret=257.7s avg_lap=564.3s best_lap=553.2
t=16272.8 route=6 laps=31 crashes=0 avg_out=179.2s avg_ret=159.2s avg_lap=350.4s best_lap=344.4
t=16272.8 route=7 laps=31 crashes=0 avg_out=198.1s avg_ret=158.1s avg_lap=368.2s best_lap=355.8
t=16272.8 route=8 laps=29 crashes=1 avg_out=185.2s avg_ret=186.8s avg_lap=383.9s best_lap=375.8
t=16272.8 TOTAL laps=238 crashes=4
t=16272.8 TUNER gen=3 results=50/64 pending=8 active=8 remaining=14 next_trial=251 rounds=[8,7,6,8,6,8,8,7]
t=16302.8 ==== SUMMARY t=16302.8 ====
t=16302.8 route=1 laps=28 crashes=3 avg_out=157.1s avg_ret=175.7s avg_lap=344.1s best_lap=338.7
t=16302.8 route=2 laps=30 crashes=0 avg_out=214.4s avg_ret=250.6s avg_lap=477.0s best_lap=454.8
t=16302.8 route=3 laps=29 crashes=0 avg_out=243.7s avg_ret=269.6s avg_lap=525.2s best_lap=508.2
t=16302.8 route=4 laps=31 crashes=0 avg_out=200.4s avg_ret=168.9s avg_lap=381.3s best_lap=374.9
t=16302.8 route=5 laps=29 crashes=0 avg_out=294.5s avg_ret=257.7s avg_lap=564.3s best_lap=553.2
t=16302.9 route=6 laps=31 crashes=0 avg_out=179.2s avg_ret=159.2s avg_lap=350.4s best_lap=344.4
t=16302.9 route=7 laps=31 crashes=0 avg_out=198.1s avg_ret=158.1s avg_lap=368.2s best_lap=355.8
t=16302.9 route=8 laps=29 crashes=1 avg_out=185.2s avg_ret=186.8s avg_lap=383.9s best_lap=375.8
t=16302.9 TOTAL laps=238 crashes=4
t=16302.9 TUNER gen=3 results=50/64 pending=8 active=8 remaining=14 next_trial=251 rounds=[8,7,6,8,6,8,8,7]
t=16304.6 LAP_CAPTURE craft=Aircraft_9_nav_r6_244 route=6 return=155.1s lap=347.4s carrier_dist=200m t=16304.6
t=16312.9 LAUNCH_BLOCKED reason=landing_or_storage_busy active=7 stored=1 no_active_s=0.0 state=IDLE tractor_cleanup=false elevator_transfer=false deck=Aircraft_9_nav_r1_250 pending=none clearance=Aircraft_9_nav_r8_243 queue=0
t=16316.1 CRASH craft=Aircraft_9_nav_r3_245 route=3 phase=2 t=16316.1
t=16321.3 LAP_CAPTURE craft=Aircraft_9_nav_r8_243 route=8 return=185.4s lap=384.1s carrier_dist=200m t=16321.3
t=16327.9 LAUNCH_BLOCKED reason=deck_busy active=6 stored=2 no_active_s=0.0 state=RETRIEVING_FROM_HANGAR tractor_cleanup=false elevator_transfer=false deck=Aircraft_9_nav_r6_251 pending=none clearance=none queue=0
t=16330.7 TUNING_REASSIGN craft=Aircraft_9_nav_r6_251 requested_route=6 assigned_route=3
t=16331.8 LZ_REACHED craft=Aircraft_9_nav_r5_248 route=5 outbound=294.2s t=16331.8
t=16332.8 ==== SUMMARY t=16332.8 ====
t=16332.8 route=1 laps=28 crashes=3 avg_out=157.1s avg_ret=175.7s avg_lap=344.1s best_lap=338.7
t=16332.8 route=2 laps=30 crashes=0 avg_out=214.4s avg_ret=250.6s avg_lap=477.0s best_lap=454.8
t=16332.8 route=3 laps=29 crashes=1 avg_out=243.7s avg_ret=269.6s avg_lap=525.2s best_lap=508.2
t=16332.8 route=4 laps=31 crashes=0 avg_out=200.4s avg_ret=168.9s avg_lap=381.3s best_lap=374.9
t=16332.8 route=5 laps=29 crashes=0 avg_out=294.5s avg_ret=257.7s avg_lap=564.3s best_lap=553.2
t=16332.9 route=6 laps=32 crashes=0 avg_out=179.2s avg_ret=159.1s avg_lap=350.3s best_lap=344.4
t=16332.9 route=7 laps=31 crashes=0 avg_out=198.1s avg_ret=158.1s avg_lap=368.2s best_lap=355.8
t=16332.9 route=8 laps=30 crashes=1 avg_out=185.2s avg_ret=186.8s avg_lap=383.9s best_lap=375.8
t=16332.9 TOTAL laps=240 crashes=5
t=16332.9 TUNER gen=3 results=53/64 pending=6 active=6 remaining=11 next_trial=252 rounds=[8,7,7,8,6,8,8,7]
t=16338.8 SPAWN craft=Aircraft_9_nav_r6_251 route=3 candidate=1 trial=251 t=16338.8
t=16343.1 LAUNCH_BLOCKED reason=cleared_unready_nav_deck_aircraft active=6 stored=2 no_active_s=0.0 state=IDLE tractor_cleanup=false elevator_transfer=false deck=Aircraft_9_nav_r6_251 pending=none clearance=none queue=0
t=16358.3 LAUNCH_BLOCKED reason=deck_busy active=7 stored=2 no_active_s=0.0 state=AIRCRAFT_ON_DECK tractor_cleanup=false elevator_transfer=false deck=Aircraft_9_nav_r3_252 pending=none clearance=none queue=0
t=16359.0 SPAWN craft=Aircraft_9_nav_r3_252 route=3 candidate=2 trial=252 t=16359.0
t=16363.1 ==== SUMMARY t=16363.1 ====
t=16363.1 route=1 laps=28 crashes=3 avg_out=157.1s avg_ret=175.7s avg_lap=344.1s best_lap=338.7
t=16363.1 route=2 laps=30 crashes=0 avg_out=214.4s avg_ret=250.6s avg_lap=477.0s best_lap=454.8
t=16363.1 route=3 laps=29 crashes=1 avg_out=243.7s avg_ret=269.6s avg_lap=525.2s best_lap=508.2
t=16363.1 route=4 laps=31 crashes=0 avg_out=200.4s avg_ret=168.9s avg_lap=381.3s best_lap=374.9
t=16363.1 route=5 laps=29 crashes=0 avg_out=294.5s avg_ret=257.7s avg_lap=564.3s best_lap=553.2
t=16363.1 route=6 laps=32 crashes=0 avg_out=179.2s avg_ret=159.1s avg_lap=350.3s best_lap=344.4
t=16363.1 route=7 laps=31 crashes=0 avg_out=198.1s avg_ret=158.1s avg_lap=368.2s best_lap=355.8
t=16363.1 route=8 laps=30 crashes=1 avg_out=185.2s avg_ret=186.8s avg_lap=383.9s best_lap=375.8
t=16363.1 TOTAL laps=240 crashes=5
t=16363.1 TUNER gen=3 results=53/64 pending=7 active=7 remaining=11 next_trial=253 rounds=[8,7,8,8,6,8,8,7]
t=16373.4 LAUNCH_BLOCKED reason=tuner_capacity_full active=8 stored=1 no_active_s=0.0 state=AIRCRAFT_ON_DECK tractor_cleanup=false elevator_transfer=true deck=Aircraft_9_nav_r8_253 pending=none clearance=none queue=0
t=16379.2 SPAWN craft=Aircraft_9_nav_r8_253 route=8 candidate=7 trial=253 t=16379.2
t=16381.1 LAP_CAPTURE craft=Aircraft_9_nav_r4_246 route=4 return=169.6s lap=383.6s carrier_dist=200m t=16381.1
t=16387.8 LAP_CAPTURE craft=Aircraft_9_nav_r7_247 route=7 return=159.8s lap=370.4s carrier_dist=200m t=16387.8
t=16391.2 TUNING_REASSIGN craft=Aircraft_9_nav_r6_254 requested_route=6 assigned_route=5
t=16393.1 ==== SUMMARY t=16393.1 ====
t=16393.2 route=1 laps=28 crashes=3 avg_out=157.1s avg_ret=175.7s avg_lap=344.1s best_lap=338.7
t=16393.2 route=2 laps=30 crashes=0 avg_out=214.4s avg_ret=250.6s avg_lap=477.0s best_lap=454.8
t=16393.2 route=3 laps=29 crashes=1 avg_out=243.7s avg_ret=269.6s avg_lap=525.2s best_lap=508.2
t=16393.2 route=4 laps=32 crashes=0 avg_out=200.4s avg_ret=168.9s avg_lap=381.3s best_lap=374.9
t=16393.2 route=5 laps=29 crashes=0 avg_out=294.5s avg_ret=257.7s avg_lap=564.3s best_lap=553.2
t=16393.2 route=6 laps=32 crashes=0 avg_out=179.2s avg_ret=159.1s avg_lap=350.3s best_lap=344.4
t=16393.2 route=7 laps=32 crashes=0 avg_out=198.1s avg_ret=158.1s avg_lap=368.3s best_lap=355.8
t=16393.2 route=8 laps=30 crashes=1 avg_out=185.2s avg_ret=186.8s avg_lap=383.9s best_lap=375.8
t=16393.2 TOTAL laps=242 crashes=5
t=16393.2 TUNER gen=3 results=55/64 pending=7 active=7 remaining=9 next_trial=255 rounds=[8,7,8,8,7,8,8,8]
t=16393.4 LAUNCH_BLOCKED reason=deck_busy active=7 stored=2 no_active_s=0.0 state=AIRCRAFT_ON_DECK tractor_cleanup=false elevator_transfer=true deck=Aircraft_9_nav_r6_254 pending=none clearance=none queue=0
t=16399.3 SPAWN craft=Aircraft_9_nav_r6_254 route=5 candidate=3 trial=254 t=16399.3
t=16408.5 LAUNCH_BLOCKED reason=deck_busy active=8 stored=1 no_active_s=0.0 state=RETRIEVING_FROM_HANGAR tractor_cleanup=false elevator_transfer=false deck=Aircraft_9_nav_r4_255 pending=none clearance=none queue=0
t=16411.3 TUNING_REASSIGN craft=Aircraft_9_nav_r4_255 requested_route=4 assigned_route=2
t=16419.5 SPAWN craft=Aircraft_9_nav_r4_255 route=2 candidate=1 trial=255 t=16419.5
t=16423.3 ==== SUMMARY t=16423.3 ====
t=16423.3 route=1 laps=28 crashes=3 avg_out=157.1s avg_ret=175.7s avg_lap=344.1s best_lap=338.7
t=16423.3 route=2 laps=30 crashes=0 avg_out=214.4s avg_ret=250.6s avg_lap=477.0s best_lap=454.8
t=16423.3 route=3 laps=29 crashes=1 avg_out=243.7s avg_ret=269.6s avg_lap=525.2s best_lap=508.2
t=16423.3 route=4 laps=32 crashes=0 avg_out=200.4s avg_ret=168.9s avg_lap=381.3s best_lap=374.9
t=16423.3 route=5 laps=29 crashes=0 avg_out=294.5s avg_ret=257.7s avg_lap=564.3s best_lap=553.2
t=16423.3 route=6 laps=32 crashes=0 avg_out=179.2s avg_ret=159.1s avg_lap=350.3s best_lap=344.4
t=16423.3 route=7 laps=32 crashes=0 avg_out=198.1s avg_ret=158.1s avg_lap=368.3s best_lap=355.8
t=16423.3 route=8 laps=30 crashes=1 avg_out=185.2s avg_ret=186.8s avg_lap=383.9s best_lap=375.8
t=16423.3 TOTAL laps=242 crashes=5
t=16423.3 TUNER gen=3 results=55/64 pending=8 active=8 remaining=9 next_trial=256 rounds=[8,8,8,8,7,8,8,8]
t=16423.6 LAUNCH_BLOCKED reason=tuner_capacity_full active=8 stored=1 no_active_s=0.0 state=IDLE tractor_cleanup=false elevator_transfer=false deck=Aircraft_9_nav_r4_255 pending=none clearance=Aircraft_9_nav_r1_250 queue=0
t=16432.1 LAP_CAPTURE craft=Aircraft_9_nav_r1_250 route=1 return=174.1s lap=354.3s carrier_dist=200m t=16432.1
t=16441.5 TUNING_REASSIGN craft=Aircraft_9_nav_r7_256 requested_route=7 assigned_route=5
t=16443.7 LAUNCH_BLOCKED reason=tuner_capacity_full active=8 stored=1 no_active_s=0.0 state=AIRCRAFT_ON_DECK tractor_cleanup=false elevator_transfer=true deck=Aircraft_9_nav_r7_256 pending=none clearance=none queue=0
t=16449.7 SPAWN craft=Aircraft_9_nav_r7_256 route=5 candidate=4 trial=256 t=16449.7
t=16453.4 ==== SUMMARY t=16453.4 ====
t=16453.4 route=1 laps=29 crashes=3 avg_out=157.1s avg_ret=175.6s avg_lap=344.4s best_lap=338.7
t=16453.4 route=2 laps=30 crashes=0 avg_out=214.4s avg_ret=250.6s avg_lap=477.0s best_lap=454.8
t=16453.4 route=3 laps=29 crashes=1 avg_out=243.7s avg_ret=269.6s avg_lap=525.2s best_lap=508.2
t=16453.4 route=4 laps=32 crashes=0 avg_out=200.4s avg_ret=168.9s avg_lap=381.3s best_lap=374.9
t=16453.4 route=5 laps=29 crashes=0 avg_out=294.5s avg_ret=257.7s avg_lap=564.3s best_lap=553.2
t=16453.4 route=6 laps=32 crashes=0 avg_out=179.2s avg_ret=159.1s avg_lap=350.3s best_lap=344.4
t=16453.4 route=7 laps=32 crashes=0 avg_out=198.1s avg_ret=158.1s avg_lap=368.3s best_lap=355.8
t=16453.4 route=8 laps=30 crashes=1 avg_out=185.2s avg_ret=186.8s avg_lap=383.9s best_lap=375.8
t=16453.4 TOTAL laps=243 crashes=5
t=16453.4 TUNER gen=3 results=56/64 pending=8 active=8 remaining=8 next_trial=257 rounds=[8,8,8,8,8,8,8,8]
t=16458.8 LAUNCH_BLOCKED reason=tuner_capacity_full active=8 stored=1 no_active_s=0.0 state=IDLE tractor_cleanup=false elevator_transfer=false deck=Aircraft_9_nav_r7_256 pending=none clearance=none queue=0
t=16473.9 LAUNCH_BLOCKED reason=tuner_capacity_full active=8 stored=1 no_active_s=0.0 state=IDLE tractor_cleanup=false elevator_transfer=false deck=Aircraft_9_nav_r7_256 pending=none clearance=none queue=0
t=16483.4 ==== SUMMARY t=16483.4 ====
t=16483.4 route=1 laps=29 crashes=3 avg_out=157.1s avg_ret=175.6s avg_lap=344.4s best_lap=338.7
t=16483.4 route=2 laps=30 crashes=0 avg_out=214.4s avg_ret=250.6s avg_lap=477.0s best_lap=454.8
t=16483.4 route=3 laps=29 crashes=1 avg_out=243.7s avg_ret=269.6s avg_lap=525.2s best_lap=508.2
t=16483.4 route=4 laps=32 crashes=0 avg_out=200.4s avg_ret=168.9s avg_lap=381.3s best_lap=374.9
t=16483.4 route=5 laps=29 crashes=0 avg_out=294.5s avg_ret=257.7s avg_lap=564.3s best_lap=553.2
t=16483.4 route=6 laps=32 crashes=0 avg_out=179.2s avg_ret=159.1s avg_lap=350.3s best_lap=344.4
t=16483.4 route=7 laps=32 crashes=0 avg_out=198.1s avg_ret=158.1s avg_lap=368.3s best_lap=355.8
t=16483.4 route=8 laps=30 crashes=1 avg_out=185.2s avg_ret=186.8s avg_lap=383.9s best_lap=375.8
t=16483.4 TOTAL laps=243 crashes=5
t=16483.4 TUNER gen=3 results=56/64 pending=8 active=8 remaining=8 next_trial=257 rounds=[8,8,8,8,8,8,8,8]
t=16488.9 LAUNCH_BLOCKED reason=tuner_capacity_full active=8 stored=1 no_active_s=0.0 state=IDLE tractor_cleanup=false elevator_transfer=false deck=Aircraft_9_nav_r7_256 pending=none clearance=none queue=0
t=16504.0 LAUNCH_BLOCKED reason=tuner_capacity_full active=8 stored=1 no_active_s=0.0 state=IDLE tractor_cleanup=false elevator_transfer=false deck=Aircraft_9_nav_r7_256 pending=none clearance=none queue=0
t=16513.4 ==== SUMMARY t=16513.4 ====
t=16513.4 route=1 laps=29 crashes=3 avg_out=157.1s avg_ret=175.6s avg_lap=344.4s best_lap=338.7
t=16513.4 route=2 laps=30 crashes=0 avg_out=214.4s avg_ret=250.6s avg_lap=477.0s best_lap=454.8
t=16513.4 route=3 laps=29 crashes=1 avg_out=243.7s avg_ret=269.6s avg_lap=525.2s best_lap=508.2
t=16513.4 route=4 laps=32 crashes=0 avg_out=200.4s avg_ret=168.9s avg_lap=381.3s best_lap=374.9
t=16513.4 route=5 laps=29 crashes=0 avg_out=294.5s avg_ret=257.7s avg_lap=564.3s best_lap=553.2
t=16513.4 route=6 laps=32 crashes=0 avg_out=179.2s avg_ret=159.1s avg_lap=350.3s best_lap=344.4
t=16513.4 route=7 laps=32 crashes=0 avg_out=198.1s avg_ret=158.1s avg_lap=368.3s best_lap=355.8
t=16513.4 route=8 laps=30 crashes=1 avg_out=185.2s avg_ret=186.8s avg_lap=383.9s best_lap=375.8
t=16513.4 TOTAL laps=243 crashes=5
t=16513.4 TUNER gen=3 results=56/64 pending=8 active=8 remaining=8 next_trial=257 rounds=[8,8,8,8,8,8,8,8]
t=16519.0 LAUNCH_BLOCKED reason=tuner_capacity_full active=8 stored=1 no_active_s=0.0 state=IDLE tractor_cleanup=false elevator_transfer=false deck=Aircraft_9_nav_r7_256 pending=none clearance=none queue=0
t=16534.1 LAUNCH_BLOCKED reason=tuner_capacity_full active=8 stored=1 no_active_s=0.0 state=IDLE tractor_cleanup=false elevator_transfer=false deck=Aircraft_9_nav_r7_256 pending=none clearance=none queue=0
t=16541.4 LAP_CAPTURE craft=Aircraft_9_nav_r2_249 route=2 return=256.8s lap=483.6s carrier_dist=200m t=16541.4
t=16543.4 ==== SUMMARY t=16543.4 ====
t=16543.4 route=1 laps=29 crashes=3 avg_out=157.1s avg_ret=175.6s avg_lap=344.4s best_lap=338.7
t=16543.4 route=2 laps=31 crashes=0 avg_out=214.4s avg_ret=250.8s avg_lap=477.2s best_lap=454.8
t=16543.4 route=3 laps=29 crashes=1 avg_out=243.7s avg_ret=269.6s avg_lap=525.2s best_lap=508.2
t=16543.4 route=4 laps=32 crashes=0 avg_out=200.4s avg_ret=168.9s avg_lap=381.3s best_lap=374.9
t=16543.4 route=5 laps=29 crashes=0 avg_out=294.5s avg_ret=257.7s avg_lap=564.3s best_lap=553.2
t=16543.4 route=6 laps=32 crashes=0 avg_out=179.2s avg_ret=159.1s avg_lap=350.3s best_lap=344.4
t=16543.4 route=7 laps=32 crashes=0 avg_out=198.1s avg_ret=158.1s avg_lap=368.3s best_lap=355.8
t=16543.4 route=8 laps=30 crashes=1 avg_out=185.2s avg_ret=186.8s avg_lap=383.9s best_lap=375.8
t=16543.4 TOTAL laps=244 crashes=5
t=16543.4 TUNER gen=3 results=57/64 pending=7 active=7 remaining=7 next_trial=257 rounds=[8,8,8,8,8,8,8,8]
t=16549.1 LAUNCH_BLOCKED reason=tuner_capacity_full active=7 stored=1 no_active_s=0.0 state=IDLE tractor_cleanup=false elevator_transfer=false deck=Aircraft_9_nav_r7_256 pending=none clearance=none queue=0
t=16564.2 LAUNCH_BLOCKED reason=tuner_capacity_full active=7 stored=1 no_active_s=0.0 state=IDLE tractor_cleanup=false elevator_transfer=false deck=Aircraft_9_nav_r7_256 pending=none clearance=none queue=0
t=16564.2 LZ_REACHED craft=Aircraft_9_nav_r8_253 route=8 outbound=185.1s t=16564.2
t=16573.4 ==== SUMMARY t=16573.4 ====
t=16573.4 route=1 laps=29 crashes=3 avg_out=157.1s avg_ret=175.6s avg_lap=344.4s best_lap=338.7
t=16573.4 route=2 laps=31 crashes=0 avg_out=214.4s avg_ret=250.8s avg_lap=477.2s best_lap=454.8
t=16573.4 route=3 laps=29 crashes=1 avg_out=243.7s avg_ret=269.6s avg_lap=525.2s best_lap=508.2
t=16573.4 route=4 laps=32 crashes=0 avg_out=200.4s avg_ret=168.9s avg_lap=381.3s best_lap=374.9
t=16573.4 route=5 laps=29 crashes=0 avg_out=294.5s avg_ret=257.7s avg_lap=564.3s best_lap=553.2
t=16573.4 route=6 laps=32 crashes=0 avg_out=179.2s avg_ret=159.1s avg_lap=350.3s best_lap=344.4
t=16573.4 route=7 laps=32 crashes=0 avg_out=198.1s avg_ret=158.1s avg_lap=368.3s best_lap=355.8
t=16573.5 route=8 laps=30 crashes=1 avg_out=185.2s avg_ret=186.8s avg_lap=383.9s best_lap=375.8
t=16573.5 TOTAL laps=244 crashes=5
t=16573.5 TUNER gen=3 results=57/64 pending=7 active=7 remaining=7 next_trial=257 rounds=[8,8,8,8,8,8,8,8]
t=16579.2 LAUNCH_BLOCKED reason=tuner_capacity_full active=7 stored=1 no_active_s=0.0 state=IDLE tractor_cleanup=false elevator_transfer=false deck=Aircraft_9_nav_r7_256 pending=none clearance=none queue=0
t=16580.0 LZ_REACHED craft=Aircraft_9_nav_r6_251 route=3 outbound=241.2s t=16580.0
t=16594.3 LAUNCH_BLOCKED reason=tuner_capacity_full active=7 stored=1 no_active_s=0.0 state=IDLE tractor_cleanup=false elevator_transfer=false deck=Aircraft_9_nav_r7_256 pending=none clearance=none queue=0
t=16603.4 ==== SUMMARY t=16603.4 ====
t=16603.4 route=1 laps=29 crashes=3 avg_out=157.1s avg_ret=175.6s avg_lap=344.4s best_lap=338.7
t=16603.5 route=2 laps=31 crashes=0 avg_out=214.4s avg_ret=250.8s avg_lap=477.2s best_lap=454.8
t=16603.5 route=3 laps=29 crashes=1 avg_out=243.7s avg_ret=269.6s avg_lap=525.2s best_lap=508.2
t=16603.5 route=4 laps=32 crashes=0 avg_out=200.4s avg_ret=168.9s avg_lap=381.3s best_lap=374.9
t=16603.5 route=5 laps=29 crashes=0 avg_out=294.5s avg_ret=257.7s avg_lap=564.3s best_lap=553.2
t=16603.5 route=6 laps=32 crashes=0 avg_out=179.2s avg_ret=159.1s avg_lap=350.3s best_lap=344.4
t=16603.5 route=7 laps=32 crashes=0 avg_out=198.1s avg_ret=158.1s avg_lap=368.3s best_lap=355.8
t=16603.5 route=8 laps=30 crashes=1 avg_out=185.2s avg_ret=186.8s avg_lap=383.9s best_lap=375.8
t=16603.5 TOTAL laps=244 crashes=5
t=16603.5 TUNER gen=3 results=57/64 pending=7 active=7 remaining=7 next_trial=257 rounds=[8,8,8,8,8,8,8,8]
t=16604.2 LAP_CAPTURE craft=Aircraft_9_nav_r5_248 route=5 return=260.3s lap=566.7s carrier_dist=200m t=16604.2
t=16606.4 LZ_REACHED craft=Aircraft_9_nav_r3_252 route=3 outbound=247.4s t=16606.4
t=16609.3 LAUNCH_BLOCKED reason=tuner_capacity_full active=6 stored=1 no_active_s=0.0 state=IDLE tractor_cleanup=false elevator_transfer=false deck=Aircraft_9_nav_r7_256 pending=none clearance=none queue=0
t=16624.4 LAUNCH_BLOCKED reason=tuner_capacity_full active=6 stored=1 no_active_s=0.0 state=IDLE tractor_cleanup=false elevator_transfer=false deck=Aircraft_9_nav_r7_256 pending=none clearance=none queue=0
t=16633.5 LZ_REACHED craft=Aircraft_9_nav_r4_255 route=2 outbound=214.0s t=16633.5
t=16633.5 ==== SUMMARY t=16633.5 ====
t=16633.5 route=1 laps=29 crashes=3 avg_out=157.1s avg_ret=175.6s avg_lap=344.4s best_lap=338.7
t=16633.5 route=2 laps=31 crashes=0 avg_out=214.4s avg_ret=250.8s avg_lap=477.2s best_lap=454.8
t=16633.5 route=3 laps=29 crashes=1 avg_out=243.8s avg_ret=269.6s avg_lap=525.2s best_lap=508.2
t=16633.5 route=4 laps=32 crashes=0 avg_out=200.4s avg_ret=168.9s avg_lap=381.3s best_lap=374.9
t=16633.5 route=5 laps=30 crashes=0 avg_out=294.5s avg_ret=257.8s avg_lap=564.4s best_lap=553.2
t=16633.5 route=6 laps=32 crashes=0 avg_out=179.2s avg_ret=159.1s avg_lap=350.3s best_lap=344.4
t=16633.5 route=7 laps=32 crashes=0 avg_out=198.1s avg_ret=158.1s avg_lap=368.3s best_lap=355.8
t=16633.5 route=8 laps=30 crashes=1 avg_out=185.2s avg_ret=186.8s avg_lap=383.9s best_lap=375.8
t=16633.5 TOTAL laps=245 crashes=5
t=16633.5 TUNER gen=3 results=58/64 pending=6 active=6 remaining=6 next_trial=257 rounds=[8,8,8,8,8,8,8,8]
t=16639.5 LAUNCH_BLOCKED reason=tuner_capacity_full active=6 stored=1 no_active_s=0.0 state=IDLE tractor_cleanup=false elevator_transfer=false deck=Aircraft_9_nav_r7_256 pending=none clearance=none queue=0
t=16654.5 LAUNCH_BLOCKED reason=tuner_capacity_full active=6 stored=1 no_active_s=0.0 state=IDLE tractor_cleanup=false elevator_transfer=false deck=Aircraft_9_nav_r7_256 pending=none clearance=none queue=0
t=16663.5 ==== SUMMARY t=16663.5 ====
t=16663.5 route=1 laps=29 crashes=3 avg_out=157.1s avg_ret=175.6s avg_lap=344.4s best_lap=338.7
t=16663.5 route=2 laps=31 crashes=0 avg_out=214.4s avg_ret=250.8s avg_lap=477.2s best_lap=454.8
t=16663.5 route=3 laps=29 crashes=1 avg_out=243.8s avg_ret=269.6s avg_lap=525.2s best_lap=508.2
t=16663.5 route=4 laps=32 crashes=0 avg_out=200.4s avg_ret=168.9s avg_lap=381.3s best_lap=374.9
t=16663.6 route=5 laps=30 crashes=0 avg_out=294.5s avg_ret=257.8s avg_lap=564.4s best_lap=553.2
t=16663.6 route=6 laps=32 crashes=0 avg_out=179.2s avg_ret=159.1s avg_lap=350.3s best_lap=344.4
t=16663.6 route=7 laps=32 crashes=0 avg_out=198.1s avg_ret=158.1s avg_lap=368.3s best_lap=355.8
t=16663.6 route=8 laps=30 crashes=1 avg_out=185.2s avg_ret=186.8s avg_lap=383.9s best_lap=375.8
t=16663.6 TOTAL laps=245 crashes=5
t=16663.6 TUNER gen=3 results=58/64 pending=6 active=6 remaining=6 next_trial=257 rounds=[8,8,8,8,8,8,8,8]
t=16669.6 LAUNCH_BLOCKED reason=tuner_capacity_full active=6 stored=1 no_active_s=0.0 state=IDLE tractor_cleanup=false elevator_transfer=false deck=Aircraft_9_nav_r7_256 pending=none clearance=none queue=0
t=16684.6 LAUNCH_BLOCKED reason=tuner_capacity_full active=6 stored=1 no_active_s=0.0 state=IDLE tractor_cleanup=false elevator_transfer=false deck=Aircraft_9_nav_r7_256 pending=none clearance=none queue=0
t=16693.5 ==== SUMMARY t=16693.5 ====
t=16693.5 route=1 laps=29 crashes=3 avg_out=157.1s avg_ret=175.6s avg_lap=344.4s best_lap=338.7
t=16693.5 route=2 laps=31 crashes=0 avg_out=214.4s avg_ret=250.8s avg_lap=477.2s best_lap=454.8
t=16693.5 route=3 laps=29 crashes=1 avg_out=243.8s avg_ret=269.6s avg_lap=525.2s best_lap=508.2
t=16693.5 route=4 laps=32 crashes=0 avg_out=200.4s avg_ret=168.9s avg_lap=381.3s best_lap=374.9
t=16693.5 route=5 laps=30 crashes=0 avg_out=294.5s avg_ret=257.8s avg_lap=564.4s best_lap=553.2
t=16693.6 route=6 laps=32 crashes=0 avg_out=179.2s avg_ret=159.1s avg_lap=350.3s best_lap=344.4
t=16693.6 route=7 laps=32 crashes=0 avg_out=198.1s avg_ret=158.1s avg_lap=368.3s best_lap=355.8
t=16693.6 route=8 laps=30 crashes=1 avg_out=185.2s avg_ret=186.8s avg_lap=383.9s best_lap=375.8
t=16693.6 TOTAL laps=245 crashes=5
t=16693.6 TUNER gen=3 results=58/64 pending=6 active=6 remaining=6 next_trial=257 rounds=[8,8,8,8,8,8,8,8]
t=16695.8 LZ_REACHED craft=Aircraft_9_nav_r6_254 route=5 outbound=296.5s t=16695.8
t=16699.7 LAUNCH_BLOCKED reason=tuner_capacity_full active=6 stored=1 no_active_s=0.0 state=IDLE tractor_cleanup=false elevator_transfer=false deck=Aircraft_9_nav_r7_256 pending=none clearance=none queue=0
t=16714.8 LAUNCH_BLOCKED reason=tuner_capacity_full active=6 stored=1 no_active_s=0.0 state=IDLE tractor_cleanup=false elevator_transfer=false deck=Aircraft_9_nav_r7_256 pending=none clearance=none queue=0
t=16723.6 ==== SUMMARY t=16723.6 ====
t=16723.6 route=1 laps=29 crashes=3 avg_out=157.1s avg_ret=175.6s avg_lap=344.4s best_lap=338.7
t=16723.6 route=2 laps=31 crashes=0 avg_out=214.4s avg_ret=250.8s avg_lap=477.2s best_lap=454.8
t=16723.6 route=3 laps=29 crashes=1 avg_out=243.8s avg_ret=269.6s avg_lap=525.2s best_lap=508.2
t=16723.6 route=4 laps=32 crashes=0 avg_out=200.4s avg_ret=168.9s avg_lap=381.3s best_lap=374.9
t=16723.7 route=5 laps=30 crashes=0 avg_out=294.6s avg_ret=257.8s avg_lap=564.4s best_lap=553.2
t=16723.7 route=6 laps=32 crashes=0 avg_out=179.2s avg_ret=159.1s avg_lap=350.3s best_lap=344.4
t=16723.7 route=7 laps=32 crashes=0 avg_out=198.1s avg_ret=158.1s avg_lap=368.3s best_lap=355.8
t=16723.7 route=8 laps=30 crashes=1 avg_out=185.2s avg_ret=186.8s avg_lap=383.9s best_lap=375.8
t=16723.7 TOTAL laps=245 crashes=5
t=16723.7 TUNER gen=3 results=58/64 pending=6 active=6 remaining=6 next_trial=257 rounds=[8,8,8,8,8,8,8,8]
t=16729.9 LAUNCH_BLOCKED reason=tuner_capacity_full active=6 stored=1 no_active_s=0.0 state=IDLE tractor_cleanup=false elevator_transfer=false deck=Aircraft_9_nav_r7_256 pending=none clearance=none queue=0
t=16731.7 LZ_REACHED craft=Aircraft_9_nav_r7_256 route=5 outbound=282.0s t=16731.7
t=16744.9 LAUNCH_BLOCKED reason=tuner_capacity_full active=6 stored=1 no_active_s=0.0 state=IDLE tractor_cleanup=false elevator_transfer=false deck=Aircraft_9_nav_r7_256 pending=none clearance=none queue=0
t=16753.7 ==== SUMMARY t=16753.7 ====
t=16753.7 route=1 laps=29 crashes=3 avg_out=157.1s avg_ret=175.6s avg_lap=344.4s best_lap=338.7
t=16753.7 route=2 laps=31 crashes=0 avg_out=214.4s avg_ret=250.8s avg_lap=477.2s best_lap=454.8
t=16753.7 route=3 laps=29 crashes=1 avg_out=243.8s avg_ret=269.6s avg_lap=525.2s best_lap=508.2
t=16753.7 route=4 laps=32 crashes=0 avg_out=200.4s avg_ret=168.9s avg_lap=381.3s best_lap=374.9
t=16753.7 route=5 laps=30 crashes=0 avg_out=294.2s avg_ret=257.8s avg_lap=564.4s best_lap=553.2
t=16753.7 route=6 laps=32 crashes=0 avg_out=179.2s avg_ret=159.1s avg_lap=350.3s best_lap=344.4
t=16753.7 route=7 laps=32 crashes=0 avg_out=198.1s avg_ret=158.1s avg_lap=368.3s best_lap=355.8
t=16753.8 route=8 laps=30 crashes=1 avg_out=185.2s avg_ret=186.8s avg_lap=383.9s best_lap=375.8
t=16753.8 TOTAL laps=245 crashes=5
t=16753.8 TUNER gen=3 results=58/64 pending=6 active=6 remaining=6 next_trial=257 rounds=[8,8,8,8,8,8,8,8]
t=16760.0 LAUNCH_BLOCKED reason=tuner_capacity_full active=6 stored=1 no_active_s=0.0 state=IDLE tractor_cleanup=false elevator_transfer=false deck=Aircraft_9_nav_r7_256 pending=none clearance=Aircraft_9_nav_r8_253 queue=0
t=16763.7 LAP_CAPTURE craft=Aircraft_9_nav_r8_253 route=8 return=187.4s lap=384.5s carrier_dist=200m t=16763.7
t=16775.1 LAUNCH_BLOCKED reason=tuner_capacity_full active=5 stored=1 no_active_s=0.0 state=IDLE tractor_cleanup=false elevator_transfer=false deck=Aircraft_9_nav_r7_256 pending=none clearance=none queue=0
t=16783.7 ==== SUMMARY t=16783.7 ====
t=16783.7 route=1 laps=29 crashes=3 avg_out=157.1s avg_ret=175.6s avg_lap=344.4s best_lap=338.7
t=16783.8 route=2 laps=31 crashes=0 avg_out=214.4s avg_ret=250.8s avg_lap=477.2s best_lap=454.8
t=16783.8 route=3 laps=29 crashes=1 avg_out=243.8s avg_ret=269.6s avg_lap=525.2s best_lap=508.2
t=16783.8 route=4 laps=32 crashes=0 avg_out=200.4s avg_ret=168.9s avg_lap=381.3s best_lap=374.9
t=16783.8 route=5 laps=30 crashes=0 avg_out=294.2s avg_ret=257.8s avg_lap=564.4s best_lap=553.2
t=16783.8 route=6 laps=32 crashes=0 avg_out=179.2s avg_ret=159.1s avg_lap=350.3s best_lap=344.4
t=16783.8 route=7 laps=32 crashes=0 avg_out=198.1s avg_ret=158.1s avg_lap=368.3s best_lap=355.8
t=16783.8 route=8 laps=31 crashes=1 avg_out=185.2s avg_ret=186.8s avg_lap=384.0s best_lap=375.8
t=16783.8 TOTAL laps=246 crashes=5
t=16783.8 TUNER gen=3 results=59/64 pending=5 active=5 remaining=5 next_trial=257 rounds=[8,8,8,8,8,8,8,8]
t=16790.1 LAUNCH_BLOCKED reason=tuner_capacity_full active=5 stored=1 no_active_s=0.0 state=IDLE tractor_cleanup=false elevator_transfer=false deck=Aircraft_9_nav_r7_256 pending=none clearance=none queue=0
t=16805.1 LAUNCH_BLOCKED reason=tuner_capacity_full active=5 stored=1 no_active_s=0.0 state=IDLE tractor_cleanup=false elevator_transfer=false deck=Aircraft_9_nav_r7_256 pending=none clearance=none queue=0
t=16813.7 ==== SUMMARY t=16813.7 ====
t=16813.7 route=1 laps=29 crashes=3 avg_out=157.1s avg_ret=175.6s avg_lap=344.4s best_lap=338.7
t=16813.7 route=2 laps=31 crashes=0 avg_out=214.4s avg_ret=250.8s avg_lap=477.2s best_lap=454.8
t=16813.8 route=3 laps=29 crashes=1 avg_out=243.8s avg_ret=269.6s avg_lap=525.2s best_lap=508.2
t=16813.8 route=4 laps=32 crashes=0 avg_out=200.4s avg_ret=168.9s avg_lap=381.3s best_lap=374.9
t=16813.8 route=5 laps=30 crashes=0 avg_out=294.2s avg_ret=257.8s avg_lap=564.4s best_lap=553.2
t=16813.8 route=6 laps=32 crashes=0 avg_out=179.2s avg_ret=159.1s avg_lap=350.3s best_lap=344.4
t=16813.8 route=7 laps=32 crashes=0 avg_out=198.1s avg_ret=158.1s avg_lap=368.3s best_lap=355.8
t=16813.8 route=8 laps=31 crashes=1 avg_out=185.2s avg_ret=186.8s avg_lap=384.0s best_lap=375.8
t=16813.8 TOTAL laps=246 crashes=5
t=16813.8 TUNER gen=3 results=59/64 pending=5 active=5 remaining=5 next_trial=257 rounds=[8,8,8,8,8,8,8,8]
t=16820.2 LAUNCH_BLOCKED reason=tuner_capacity_full active=5 stored=1 no_active_s=0.0 state=IDLE tractor_cleanup=false elevator_transfer=false deck=Aircraft_9_nav_r7_256 pending=none clearance=none queue=0
t=16835.3 LAUNCH_BLOCKED reason=tuner_capacity_full active=5 stored=1 no_active_s=0.0 state=IDLE tractor_cleanup=false elevator_transfer=false deck=Aircraft_9_nav_r7_256 pending=none clearance=none queue=0
t=16843.8 ==== SUMMARY t=16843.8 ====
t=16843.8 route=1 laps=29 crashes=3 avg_out=157.1s avg_ret=175.6s avg_lap=344.4s best_lap=338.7
t=16843.8 route=2 laps=31 crashes=0 avg_out=214.4s avg_ret=250.8s avg_lap=477.2s best_lap=454.8
t=16843.8 route=3 laps=29 crashes=1 avg_out=243.8s avg_ret=269.6s avg_lap=525.2s best_lap=508.2
t=16843.8 route=4 laps=32 crashes=0 avg_out=200.4s avg_ret=168.9s avg_lap=381.3s best_lap=374.9
t=16843.8 route=5 laps=30 crashes=0 avg_out=294.2s avg_ret=257.8s avg_lap=564.4s best_lap=553.2
t=16843.8 route=6 laps=32 crashes=0 avg_out=179.2s avg_ret=159.1s avg_lap=350.3s best_lap=344.4
t=16843.8 route=7 laps=32 crashes=0 avg_out=198.1s avg_ret=158.1s avg_lap=368.3s best_lap=355.8
t=16843.8 route=8 laps=31 crashes=1 avg_out=185.2s avg_ret=186.8s avg_lap=384.0s best_lap=375.8
t=16843.8 TOTAL laps=246 crashes=5
t=16843.8 TUNER gen=3 results=59/64 pending=5 active=5 remaining=5 next_trial=257 rounds=[8,8,8,8,8,8,8,8]
t=16850.3 LAUNCH_BLOCKED reason=tuner_capacity_full active=5 stored=1 no_active_s=0.0 state=IDLE tractor_cleanup=false elevator_transfer=false deck=Aircraft_9_nav_r7_256 pending=none clearance=none queue=0
t=16863.8 LAP_CAPTURE craft=Aircraft_9_nav_r6_251 route=3 return=271.9s lap=525.0s carrier_dist=200m t=16863.8
t=16865.4 LAUNCH_BLOCKED reason=tuner_capacity_full active=4 stored=1 no_active_s=0.0 state=IDLE tractor_cleanup=false elevator_transfer=false deck=Aircraft_9_nav_r7_256 pending=none clearance=none queue=0
t=16869.3 LAP_CAPTURE craft=Aircraft_9_nav_r3_252 route=3 return=250.9s lap=510.3s carrier_dist=200m t=16869.3
t=16873.8 ==== SUMMARY t=16873.8 ====
t=16873.8 route=1 laps=29 crashes=3 avg_out=157.1s avg_ret=175.6s avg_lap=344.4s best_lap=338.7
t=16873.8 route=2 laps=31 crashes=0 avg_out=214.4s avg_ret=250.8s avg_lap=477.2s best_lap=454.8
t=16873.8 route=3 laps=31 crashes=1 avg_out=243.8s avg_ret=269.1s avg_lap=524.7s best_lap=508.2
t=16873.8 route=4 laps=32 crashes=0 avg_out=200.4s avg_ret=168.9s avg_lap=381.3s best_lap=374.9
t=16873.8 route=5 laps=30 crashes=0 avg_out=294.2s avg_ret=257.8s avg_lap=564.4s best_lap=553.2
t=16873.8 route=6 laps=32 crashes=0 avg_out=179.2s avg_ret=159.1s avg_lap=350.3s best_lap=344.4
t=16873.8 route=7 laps=32 crashes=0 avg_out=198.1s avg_ret=158.1s avg_lap=368.3s best_lap=355.8
t=16873.8 route=8 laps=31 crashes=1 avg_out=185.2s avg_ret=186.8s avg_lap=384.0s best_lap=375.8
t=16873.8 TOTAL laps=248 crashes=5
t=16873.8 TUNER gen=3 results=61/64 pending=3 active=3 remaining=3 next_trial=257 rounds=[8,8,8,8,8,8,8,8]
t=16880.4 LAUNCH_BLOCKED reason=tuner_capacity_full active=3 stored=1 no_active_s=0.0 state=IDLE tractor_cleanup=false elevator_transfer=false deck=Aircraft_9_nav_r7_256 pending=none clearance=none queue=0
t=16886.3 LAP_CAPTURE craft=Aircraft_9_nav_r4_255 route=2 return=240.8s lap=466.9s carrier_dist=200m t=16886.3
t=16895.5 LAUNCH_BLOCKED reason=tuner_capacity_full active=2 stored=1 no_active_s=0.0 state=IDLE tractor_cleanup=false elevator_transfer=false deck=Aircraft_9_nav_r7_256 pending=none clearance=none queue=0
t=16903.8 ==== SUMMARY t=16903.8 ====
t=16903.8 route=1 laps=29 crashes=3 avg_out=157.1s avg_ret=175.6s avg_lap=344.4s best_lap=338.7
t=16903.8 route=2 laps=32 crashes=0 avg_out=214.4s avg_ret=250.5s avg_lap=476.8s best_lap=454.8
t=16903.8 route=3 laps=31 crashes=1 avg_out=243.8s avg_ret=269.1s avg_lap=524.7s best_lap=508.2
t=16903.8 route=4 laps=32 crashes=0 avg_out=200.4s avg_ret=168.9s avg_lap=381.3s best_lap=374.9
t=16903.8 route=5 laps=30 crashes=0 avg_out=294.2s avg_ret=257.8s avg_lap=564.4s best_lap=553.2
t=16903.8 route=6 laps=32 crashes=0 avg_out=179.2s avg_ret=159.1s avg_lap=350.3s best_lap=344.4
t=16903.8 route=7 laps=32 crashes=0 avg_out=198.1s avg_ret=158.1s avg_lap=368.3s best_lap=355.8
t=16903.8 route=8 laps=31 crashes=1 avg_out=185.2s avg_ret=186.8s avg_lap=384.0s best_lap=375.8
t=16903.8 TOTAL laps=249 crashes=5
t=16903.8 TUNER gen=3 results=62/64 pending=2 active=2 remaining=2 next_trial=257 rounds=[8,8,8,8,8,8,8,8]
t=16910.5 LAUNCH_BLOCKED reason=tuner_capacity_full active=2 stored=1 no_active_s=0.0 state=IDLE tractor_cleanup=false elevator_transfer=false deck=Aircraft_9_nav_r7_256 pending=none clearance=none queue=0
t=16925.6 LAUNCH_BLOCKED reason=tuner_capacity_full active=2 stored=1 no_active_s=0.0 state=IDLE tractor_cleanup=false elevator_transfer=false deck=Aircraft_9_nav_r7_256 pending=none clearance=none queue=0
t=16933.8 ==== SUMMARY t=16933.8 ====
t=16933.8 route=1 laps=29 crashes=3 avg_out=157.1s avg_ret=175.6s avg_lap=344.4s best_lap=338.7
t=16933.8 route=2 laps=32 crashes=0 avg_out=214.4s avg_ret=250.5s avg_lap=476.8s best_lap=454.8
t=16933.8 route=3 laps=31 crashes=1 avg_out=243.8s avg_ret=269.1s avg_lap=524.7s best_lap=508.2
t=16933.8 route=4 laps=32 crashes=0 avg_out=200.4s avg_ret=168.9s avg_lap=381.3s best_lap=374.9
t=16933.8 route=5 laps=30 crashes=0 avg_out=294.2s avg_ret=257.8s avg_lap=564.4s best_lap=553.2
t=16933.8 route=6 laps=32 crashes=0 avg_out=179.2s avg_ret=159.1s avg_lap=350.3s best_lap=344.4
t=16933.8 route=7 laps=32 crashes=0 avg_out=198.1s avg_ret=158.1s avg_lap=368.3s best_lap=355.8
t=16933.8 route=8 laps=31 crashes=1 avg_out=185.2s avg_ret=186.8s avg_lap=384.0s best_lap=375.8
t=16933.9 TOTAL laps=249 crashes=5
t=16933.9 TUNER gen=3 results=62/64 pending=2 active=2 remaining=2 next_trial=257 rounds=[8,8,8,8,8,8,8,8]
t=16940.6 LAUNCH_BLOCKED reason=tuner_capacity_full active=2 stored=1 no_active_s=0.0 state=IDLE tractor_cleanup=false elevator_transfer=false deck=Aircraft_9_nav_r7_256 pending=none clearance=none queue=0
t=16955.7 LAUNCH_BLOCKED reason=tuner_capacity_full active=2 stored=1 no_active_s=0.0 state=IDLE tractor_cleanup=false elevator_transfer=false deck=Aircraft_9_nav_r7_256 pending=none clearance=none queue=0
t=16963.8 ==== SUMMARY t=16963.8 ====
t=16963.8 route=1 laps=29 crashes=3 avg_out=157.1s avg_ret=175.6s avg_lap=344.4s best_lap=338.7
t=16963.9 route=2 laps=32 crashes=0 avg_out=214.4s avg_ret=250.5s avg_lap=476.8s best_lap=454.8
t=16963.9 route=3 laps=31 crashes=1 avg_out=243.8s avg_ret=269.1s avg_lap=524.7s best_lap=508.2
t=16963.9 route=4 laps=32 crashes=0 avg_out=200.4s avg_ret=168.9s avg_lap=381.3s best_lap=374.9
t=16963.9 route=5 laps=30 crashes=0 avg_out=294.2s avg_ret=257.8s avg_lap=564.4s best_lap=553.2
t=16963.9 route=6 laps=32 crashes=0 avg_out=179.2s avg_ret=159.1s avg_lap=350.3s best_lap=344.4
t=16963.9 route=7 laps=32 crashes=0 avg_out=198.1s avg_ret=158.1s avg_lap=368.3s best_lap=355.8
t=16963.9 route=8 laps=31 crashes=1 avg_out=185.2s avg_ret=186.8s avg_lap=384.0s best_lap=375.8
t=16963.9 TOTAL laps=249 crashes=5
t=16963.9 TUNER gen=3 results=62/64 pending=2 active=2 remaining=2 next_trial=257 rounds=[8,8,8,8,8,8,8,8]
t=16965.7 LAP_CAPTURE craft=Aircraft_9_nav_r6_254 route=5 return=257.9s lap=566.5s carrier_dist=200m t=16965.7
t=16970.7 LAUNCH_BLOCKED reason=tuner_capacity_full active=1 stored=1 no_active_s=0.0 state=IDLE tractor_cleanup=false elevator_transfer=false deck=Aircraft_9_nav_r7_256 pending=none clearance=none queue=0
t=16985.8 LAUNCH_BLOCKED reason=tuner_capacity_full active=1 stored=1 no_active_s=0.0 state=IDLE tractor_cleanup=false elevator_transfer=false deck=Aircraft_9_nav_r7_256 pending=none clearance=none queue=0
t=16993.8 ==== SUMMARY t=16993.8 ====
t=16993.8 route=1 laps=29 crashes=3 avg_out=157.1s avg_ret=175.6s avg_lap=344.4s best_lap=338.7
t=16993.8 route=2 laps=32 crashes=0 avg_out=214.4s avg_ret=250.5s avg_lap=476.8s best_lap=454.8
t=16993.9 route=3 laps=31 crashes=1 avg_out=243.8s avg_ret=269.1s avg_lap=524.7s best_lap=508.2
t=16993.9 route=4 laps=32 crashes=0 avg_out=200.4s avg_ret=168.9s avg_lap=381.3s best_lap=374.9
t=16993.9 route=5 laps=31 crashes=0 avg_out=294.2s avg_ret=257.8s avg_lap=564.4s best_lap=553.2
t=16993.9 route=6 laps=32 crashes=0 avg_out=179.2s avg_ret=159.1s avg_lap=350.3s best_lap=344.4
t=16993.9 route=7 laps=32 crashes=0 avg_out=198.1s avg_ret=158.1s avg_lap=368.3s best_lap=355.8
t=16993.9 route=8 laps=31 crashes=1 avg_out=185.2s avg_ret=186.8s avg_lap=384.0s best_lap=375.8
t=16993.9 TOTAL laps=250 crashes=5
t=16993.9 TUNER gen=3 results=63/64 pending=1 active=1 remaining=1 next_trial=257 rounds=[8,8,8,8,8,8,8,8]
t=17000.8 LAUNCH_BLOCKED reason=tuner_capacity_full active=1 stored=1 no_active_s=0.0 state=IDLE tractor_cleanup=false elevator_transfer=false deck=Aircraft_9_nav_r7_256 pending=none clearance=none queue=0
t=17003.0 LAP_CAPTURE craft=Aircraft_9_nav_r7_256 route=5 return=259.3s lap=553.3s carrier_dist=200m t=17003.0
t=17003.0 IDLE_TUNER_WAIT gen=4 results=0/64 remaining=64 active_nav=0 stored=1 state=IDLE next_trial=257
t=17015.8 LAUNCH_BLOCKED reason=deck_busy active=1 stored=7 no_active_s=0.0 state=AIRCRAFT_ON_DECK tractor_cleanup=false elevator_transfer=true deck=Aircraft_9_nav_r1_257 pending=none clearance=none queue=0
t=17021.6 SPAWN craft=Aircraft_9_nav_r1_257 route=1 candidate=1 trial=257 t=17021.6
t=17023.9 ==== SUMMARY t=17023.9 ====
t=17023.9 route=1 laps=29 crashes=3 avg_out=157.1s avg_ret=175.6s avg_lap=344.4s best_lap=338.7
t=17023.9 route=2 laps=32 crashes=0 avg_out=214.4s avg_ret=250.5s avg_lap=476.8s best_lap=454.8
t=17023.9 route=3 laps=31 crashes=1 avg_out=243.8s avg_ret=269.1s avg_lap=524.7s best_lap=508.2
t=17023.9 route=4 laps=32 crashes=0 avg_out=200.4s avg_ret=168.9s avg_lap=381.3s best_lap=374.9
t=17023.9 route=5 laps=32 crashes=0 avg_out=294.2s avg_ret=257.9s avg_lap=564.1s best_lap=553.2
t=17023.9 route=6 laps=32 crashes=0 avg_out=179.2s avg_ret=159.1s avg_lap=350.3s best_lap=344.4
t=17023.9 route=7 laps=32 crashes=0 avg_out=198.1s avg_ret=158.1s avg_lap=368.3s best_lap=355.8
t=17023.9 route=8 laps=31 crashes=1 avg_out=185.2s avg_ret=186.8s avg_lap=384.0s best_lap=375.8
t=17023.9 TOTAL laps=251 crashes=5
t=17023.9 TUNER gen=4 results=0/64 pending=1 active=1 remaining=64 next_trial=258 rounds=[1,0,0,0,0,0,0,0]
t=17030.9 LAUNCH_BLOCKED reason=deck_busy active=2 stored=6 no_active_s=0.0 state=RETRIEVING_FROM_HANGAR tractor_cleanup=false elevator_transfer=false deck=Aircraft_9_nav_r2_258 pending=none clearance=none queue=0
t=17041.8 SPAWN craft=Aircraft_9_nav_r2_258 route=2 candidate=2 trial=258 t=17041.8
t=17046.0 LAUNCH_BLOCKED reason=cleared_unready_nav_deck_aircraft active=2 stored=6 no_active_s=0.0 state=IDLE tractor_cleanup=false elevator_transfer=false deck=Aircraft_9_nav_r2_258 pending=none clearance=none queue=0
t=17053.9 ==== SUMMARY t=17053.9 ====
t=17053.9 route=1 laps=29 crashes=3 avg_out=157.1s avg_ret=175.6s avg_lap=344.4s best_lap=338.7
t=17053.9 route=2 laps=32 crashes=0 avg_out=214.4s avg_ret=250.5s avg_lap=476.8s best_lap=454.8
t=17053.9 route=3 laps=31 crashes=1 avg_out=243.8s avg_ret=269.1s avg_lap=524.7s best_lap=508.2
t=17053.9 route=4 laps=32 crashes=0 avg_out=200.4s avg_ret=168.9s avg_lap=381.3s best_lap=374.9
t=17053.9 route=5 laps=32 crashes=0 avg_out=294.2s avg_ret=257.9s avg_lap=564.1s best_lap=553.2
t=17053.9 route=6 laps=32 crashes=0 avg_out=179.2s avg_ret=159.1s avg_lap=350.3s best_lap=344.4
t=17053.9 route=7 laps=32 crashes=0 avg_out=198.1s avg_ret=158.1s avg_lap=368.3s best_lap=355.8
t=17053.9 route=8 laps=31 crashes=1 avg_out=185.2s avg_ret=186.8s avg_lap=384.0s best_lap=375.8
t=17053.9 TOTAL laps=251 crashes=5
t=17053.9 TUNER gen=4 results=0/64 pending=3 active=3 remaining=64 next_trial=260 rounds=[1,1,1,0,0,0,0,0]
t=17061.0 LAUNCH_BLOCKED reason=deck_busy active=3 stored=5 no_active_s=0.0 state=AIRCRAFT_ON_DECK tractor_cleanup=false elevator_transfer=false deck=Aircraft_9_nav_r3_259 pending=none clearance=none queue=0
t=17061.9 SPAWN craft=Aircraft_9_nav_r3_259 route=3 candidate=3 trial=259 t=17061.9
t=17076.1 LAUNCH_BLOCKED reason=deck_busy active=4 stored=4 no_active_s=0.0 state=AIRCRAFT_ON_DECK tractor_cleanup=false elevator_transfer=true deck=Aircraft_9_nav_r4_260 pending=none clearance=none queue=0
t=17082.0 SPAWN craft=Aircraft_9_nav_r4_260 route=4 candidate=4 trial=260 t=17082.0
t=17084.0 ==== SUMMARY t=17084.0 ====
t=17084.0 route=1 laps=29 crashes=3 avg_out=157.1s avg_ret=175.6s avg_lap=344.4s best_lap=338.7
t=17084.0 route=2 laps=32 crashes=0 avg_out=214.4s avg_ret=250.5s avg_lap=476.8s best_lap=454.8
t=17084.0 route=3 laps=31 crashes=1 avg_out=243.8s avg_ret=269.1s avg_lap=524.7s best_lap=508.2
t=17084.0 route=4 laps=32 crashes=0 avg_out=200.4s avg_ret=168.9s avg_lap=381.3s best_lap=374.9
t=17084.0 route=5 laps=32 crashes=0 avg_out=294.2s avg_ret=257.9s avg_lap=564.1s best_lap=553.2
t=17084.0 route=6 laps=32 crashes=0 avg_out=179.2s avg_ret=159.1s avg_lap=350.3s best_lap=344.4
t=17084.0 route=7 laps=32 crashes=0 avg_out=198.1s avg_ret=158.1s avg_lap=368.3s best_lap=355.8
t=17084.0 route=8 laps=31 crashes=1 avg_out=185.2s avg_ret=186.8s avg_lap=384.0s best_lap=375.8
t=17084.0 TOTAL laps=251 crashes=5
t=17084.0 TUNER gen=4 results=0/64 pending=4 active=4 remaining=64 next_trial=261 rounds=[1,1,1,1,0,0,0,0]
t=17091.2 LAUNCH_BLOCKED reason=deck_busy active=5 stored=3 no_active_s=0.0 state=RETRIEVING_FROM_HANGAR tractor_cleanup=false elevator_transfer=false deck=Aircraft_9_nav_r5_261 pending=none clearance=none queue=0
t=17102.0 SPAWN craft=Aircraft_9_nav_r5_261 route=5 candidate=5 trial=261 t=17102.0
t=17106.3 LAUNCH_BLOCKED reason=cleared_unready_nav_deck_aircraft active=5 stored=3 no_active_s=0.0 state=IDLE tractor_cleanup=false elevator_transfer=false deck=Aircraft_9_nav_r5_261 pending=none clearance=none queue=0
t=17114.0 ==== SUMMARY t=17114.0 ====
t=17114.0 route=1 laps=29 crashes=3 avg_out=157.1s avg_ret=175.6s avg_lap=344.4s best_lap=338.7
t=17114.0 route=2 laps=32 crashes=0 avg_out=214.4s avg_ret=250.5s avg_lap=476.8s best_lap=454.8
t=17114.0 route=3 laps=31 crashes=1 avg_out=243.8s avg_ret=269.1s avg_lap=524.7s best_lap=508.2
t=17114.0 route=4 laps=32 crashes=0 avg_out=200.4s avg_ret=168.9s avg_lap=381.3s best_lap=374.9
t=17114.0 route=5 laps=32 crashes=0 avg_out=294.2s avg_ret=257.9s avg_lap=564.1s best_lap=553.2
t=17114.0 route=6 laps=32 crashes=0 avg_out=179.2s avg_ret=159.1s avg_lap=350.3s best_lap=344.4
t=17114.0 route=7 laps=32 crashes=0 avg_out=198.1s avg_ret=158.1s avg_lap=368.3s best_lap=355.8
t=17114.1 route=8 laps=31 crashes=1 avg_out=185.2s avg_ret=186.8s avg_lap=384.0s best_lap=375.8
t=17114.1 TOTAL laps=251 crashes=5
t=17114.1 TUNER gen=4 results=0/64 pending=5 active=5 remaining=64 next_trial=262 rounds=[1,1,1,1,1,0,0,0]
t=17121.3 LAUNCH_BLOCKED reason=deck_busy active=6 stored=2 no_active_s=0.0 state=AIRCRAFT_ON_DECK tractor_cleanup=false elevator_transfer=false deck=Aircraft_9_nav_r6_262 pending=none clearance=none queue=0
t=17122.3 SPAWN craft=Aircraft_9_nav_r6_262 route=6 candidate=6 trial=262 t=17122.3
t=17136.4 LAUNCH_BLOCKED reason=deck_busy active=7 stored=1 no_active_s=0.0 state=AIRCRAFT_ON_DECK tractor_cleanup=false elevator_transfer=true deck=Aircraft_9_nav_r7_263 pending=none clearance=none queue=0
t=17142.2 SPAWN craft=Aircraft_9_nav_r7_263 route=7 candidate=7 trial=263 t=17142.2
t=17144.0 ==== SUMMARY t=17144.0 ====
t=17144.1 route=1 laps=29 crashes=3 avg_out=157.1s avg_ret=175.6s avg_lap=344.4s best_lap=338.7
t=17144.1 route=2 laps=32 crashes=0 avg_out=214.4s avg_ret=250.5s avg_lap=476.8s best_lap=454.8
t=17144.1 route=3 laps=31 crashes=1 avg_out=243.8s avg_ret=269.1s avg_lap=524.7s best_lap=508.2
t=17144.1 route=4 laps=32 crashes=0 avg_out=200.4s avg_ret=168.9s avg_lap=381.3s best_lap=374.9
t=17144.1 route=5 laps=32 crashes=0 avg_out=294.2s avg_ret=257.9s avg_lap=564.1s best_lap=553.2
t=17144.1 route=6 laps=32 crashes=0 avg_out=179.2s avg_ret=159.1s avg_lap=350.3s best_lap=344.4
t=17144.1 route=7 laps=32 crashes=0 avg_out=198.1s avg_ret=158.1s avg_lap=368.3s best_lap=355.8
t=17144.1 route=8 laps=31 crashes=1 avg_out=185.2s avg_ret=186.8s avg_lap=384.0s best_lap=375.8
t=17144.1 TOTAL laps=251 crashes=5
t=17144.1 TUNER gen=4 results=0/64 pending=7 active=7 remaining=64 next_trial=264 rounds=[1,1,1,1,1,1,1,0]
t=17162.4 SPAWN craft=Aircraft_9_nav_r8_264 route=8 candidate=8 trial=264 t=17162.4
t=17173.6 LZ_REACHED craft=Aircraft_9_nav_r1_257 route=1 outbound=152.0s t=17173.6
t=17174.1 ==== SUMMARY t=17174.1 ====
t=17174.1 route=1 laps=29 crashes=3 avg_out=157.0s avg_ret=175.6s avg_lap=344.4s best_lap=338.7
t=17174.1 route=2 laps=32 crashes=0 avg_out=214.4s avg_ret=250.5s avg_lap=476.8s best_lap=454.8
t=17174.1 route=3 laps=31 crashes=1 avg_out=243.8s avg_ret=269.1s avg_lap=524.7s best_lap=508.2
t=17174.1 route=4 laps=32 crashes=0 avg_out=200.4s avg_ret=168.9s avg_lap=381.3s best_lap=374.9
t=17174.1 route=5 laps=32 crashes=0 avg_out=294.2s avg_ret=257.9s avg_lap=564.1s best_lap=553.2
t=17174.1 route=6 laps=32 crashes=0 avg_out=179.2s avg_ret=159.1s avg_lap=350.3s best_lap=344.4
t=17174.1 route=7 laps=32 crashes=0 avg_out=198.1s avg_ret=158.1s avg_lap=368.3s best_lap=355.8
t=17174.1 route=8 laps=31 crashes=1 avg_out=185.2s avg_ret=186.8s avg_lap=384.0s best_lap=375.8
t=17174.1 TOTAL laps=251 crashes=5
t=17174.1 TUNER gen=4 results=0/64 pending=8 active=8 remaining=64 next_trial=265 rounds=[1,1,1,1,1,1,1,1]
t=17204.1 ==== SUMMARY t=17204.1 ====
t=17204.1 route=1 laps=29 crashes=3 avg_out=157.0s avg_ret=175.6s avg_lap=344.4s best_lap=338.7
t=17204.1 route=2 laps=32 crashes=0 avg_out=214.4s avg_ret=250.5s avg_lap=476.8s best_lap=454.8
t=17204.2 route=3 laps=31 crashes=1 avg_out=243.8s avg_ret=269.1s avg_lap=524.7s best_lap=508.2
t=17204.2 route=4 laps=32 crashes=0 avg_out=200.4s avg_ret=168.9s avg_lap=381.3s best_lap=374.9
t=17204.2 route=5 laps=32 crashes=0 avg_out=294.2s avg_ret=257.9s avg_lap=564.1s best_lap=553.2
t=17204.2 route=6 laps=32 crashes=0 avg_out=179.2s avg_ret=159.1s avg_lap=350.3s best_lap=344.4
t=17204.2 route=7 laps=32 crashes=0 avg_out=198.1s avg_ret=158.1s avg_lap=368.3s best_lap=355.8
t=17204.2 route=8 laps=31 crashes=1 avg_out=185.2s avg_ret=186.8s avg_lap=384.0s best_lap=375.8
t=17204.2 TOTAL laps=251 crashes=5
t=17204.2 TUNER gen=4 results=0/64 pending=8 active=8 remaining=64 next_trial=265 rounds=[1,1,1,1,1,1,1,1]
t=17234.1 ==== SUMMARY t=17234.1 ====
t=17234.1 route=1 laps=29 crashes=3 avg_out=157.0s avg_ret=175.6s avg_lap=344.4s best_lap=338.7
t=17234.1 route=2 laps=32 crashes=0 avg_out=214.4s avg_ret=250.5s avg_lap=476.8s best_lap=454.8
t=17234.2 route=3 laps=31 crashes=1 avg_out=243.8s avg_ret=269.1s avg_lap=524.7s best_lap=508.2
t=17234.2 route=4 laps=32 crashes=0 avg_out=200.4s avg_ret=168.9s avg_lap=381.3s best_lap=374.9
t=17234.2 route=5 laps=32 crashes=0 avg_out=294.2s avg_ret=257.9s avg_lap=564.1s best_lap=553.2
t=17234.2 route=6 laps=32 crashes=0 avg_out=179.2s avg_ret=159.1s avg_lap=350.3s best_lap=344.4
t=17234.2 route=7 laps=32 crashes=0 avg_out=198.1s avg_ret=158.1s avg_lap=368.3s best_lap=355.8
t=17234.2 route=8 laps=31 crashes=1 avg_out=185.2s avg_ret=186.8s avg_lap=384.0s best_lap=375.8
t=17234.2 TOTAL laps=251 crashes=5
t=17234.2 TUNER gen=4 results=0/64 pending=8 active=8 remaining=64 next_trial=265 rounds=[1,1,1,1,1,1,1,1]
t=17255.8 LZ_REACHED craft=Aircraft_9_nav_r2_258 route=2 outbound=214.0s t=17255.8
t=17264.1 ==== SUMMARY t=17264.1 ====
t=17264.2 route=1 laps=29 crashes=3 avg_out=157.0s avg_ret=175.6s avg_lap=344.4s best_lap=338.7
t=17264.2 route=2 laps=32 crashes=0 avg_out=214.3s avg_ret=250.5s avg_lap=476.8s best_lap=454.8
t=17264.2 route=3 laps=31 crashes=1 avg_out=243.8s avg_ret=269.1s avg_lap=524.7s best_lap=508.2
t=17264.2 route=4 laps=32 crashes=0 avg_out=200.4s avg_ret=168.9s avg_lap=381.3s best_lap=374.9
t=17264.2 route=5 laps=32 crashes=0 avg_out=294.2s avg_ret=257.9s avg_lap=564.1s best_lap=553.2
t=17264.2 route=6 laps=32 crashes=0 avg_out=179.2s avg_ret=159.1s avg_lap=350.3s best_lap=344.4
t=17264.2 route=7 laps=32 crashes=0 avg_out=198.1s avg_ret=158.1s avg_lap=368.3s best_lap=355.8
t=17264.2 route=8 laps=31 crashes=1 avg_out=185.2s avg_ret=186.8s avg_lap=384.0s best_lap=375.8
t=17264.2 TOTAL laps=251 crashes=5
t=17264.2 TUNER gen=4 results=0/64 pending=8 active=8 remaining=64 next_trial=265 rounds=[1,1,1,1,1,1,1,1]
t=17283.1 LZ_REACHED craft=Aircraft_9_nav_r4_260 route=4 outbound=201.1s t=17283.1
t=17294.2 ==== SUMMARY t=17294.2 ====
t=17294.2 route=1 laps=29 crashes=3 avg_out=157.0s avg_ret=175.6s avg_lap=344.4s best_lap=338.7
t=17294.2 route=2 laps=32 crashes=0 avg_out=214.3s avg_ret=250.5s avg_lap=476.8s best_lap=454.8
t=17294.2 route=3 laps=31 crashes=1 avg_out=243.8s avg_ret=269.1s avg_lap=524.7s best_lap=508.2
t=17294.2 route=4 laps=32 crashes=0 avg_out=200.4s avg_ret=168.9s avg_lap=381.3s best_lap=374.9
t=17294.2 route=5 laps=32 crashes=0 avg_out=294.2s avg_ret=257.9s avg_lap=564.1s best_lap=553.2
t=17294.2 route=6 laps=32 crashes=0 avg_out=179.2s avg_ret=159.1s avg_lap=350.3s best_lap=344.4
t=17294.2 route=7 laps=32 crashes=0 avg_out=198.1s avg_ret=158.1s avg_lap=368.3s best_lap=355.8
t=17294.2 route=8 laps=31 crashes=1 avg_out=185.2s avg_ret=186.8s avg_lap=384.0s best_lap=375.8
t=17294.2 TOTAL laps=251 crashes=5
t=17294.2 TUNER gen=4 results=0/64 pending=8 active=8 remaining=64 next_trial=265 rounds=[1,1,1,1,1,1,1,1]
t=17301.4 LZ_REACHED craft=Aircraft_9_nav_r6_262 route=6 outbound=179.1s t=17301.4
t=17302.7 LZ_REACHED craft=Aircraft_9_nav_r3_259 route=3 outbound=240.8s t=17302.7
t=17324.2 ==== SUMMARY t=17324.2 ====
t=17324.2 route=1 laps=29 crashes=3 avg_out=157.0s avg_ret=175.6s avg_lap=344.4s best_lap=338.7
t=17324.2 route=2 laps=32 crashes=0 avg_out=214.3s avg_ret=250.5s avg_lap=476.8s best_lap=454.8
t=17324.2 route=3 laps=31 crashes=1 avg_out=243.7s avg_ret=269.1s avg_lap=524.7s best_lap=508.2
t=17324.2 route=4 laps=32 crashes=0 avg_out=200.4s avg_ret=168.9s avg_lap=381.3s best_lap=374.9
t=17324.3 route=5 laps=32 crashes=0 avg_out=294.2s avg_ret=257.9s avg_lap=564.1s best_lap=553.2
t=17324.3 route=6 laps=32 crashes=0 avg_out=179.2s avg_ret=159.1s avg_lap=350.3s best_lap=344.4
t=17324.3 route=7 laps=32 crashes=0 avg_out=198.1s avg_ret=158.1s avg_lap=368.3s best_lap=355.8
t=17324.3 route=8 laps=31 crashes=1 avg_out=185.2s avg_ret=186.8s avg_lap=384.0s best_lap=375.8
t=17324.3 TOTAL laps=251 crashes=5
t=17324.3 TUNER gen=4 results=0/64 pending=8 active=8 remaining=64 next_trial=265 rounds=[1,1,1,1,1,1,1,1]
t=17338.0 LZ_REACHED craft=Aircraft_9_nav_r7_263 route=7 outbound=195.8s t=17338.0
t=17344.4 LZ_REACHED craft=Aircraft_9_nav_r8_264 route=8 outbound=182.0s t=17344.4
t=17354.2 ==== SUMMARY t=17354.2 ====
t=17354.2 route=1 laps=29 crashes=3 avg_out=157.0s avg_ret=175.6s avg_lap=344.4s best_lap=338.7
t=17354.3 route=2 laps=32 crashes=0 avg_out=214.3s avg_ret=250.5s avg_lap=476.8s best_lap=454.8
t=17354.3 route=3 laps=31 crashes=1 avg_out=243.7s avg_ret=269.1s avg_lap=524.7s best_lap=508.2
t=17354.3 route=4 laps=32 crashes=0 avg_out=200.4s avg_ret=168.9s avg_lap=381.3s best_lap=374.9
t=17354.3 route=5 laps=32 crashes=0 avg_out=294.2s avg_ret=257.9s avg_lap=564.1s best_lap=553.2
t=17354.3 route=6 laps=32 crashes=0 avg_out=179.2s avg_ret=159.1s avg_lap=350.3s best_lap=344.4
t=17354.3 route=7 laps=32 crashes=0 avg_out=198.0s avg_ret=158.1s avg_lap=368.3s best_lap=355.8
t=17354.3 route=8 laps=31 crashes=1 avg_out=185.1s avg_ret=186.8s avg_lap=384.0s best_lap=375.8
t=17354.3 TOTAL laps=251 crashes=5
t=17354.3 TUNER gen=4 results=0/64 pending=8 active=8 remaining=64 next_trial=265 rounds=[1,1,1,1,1,1,1,1]
t=17359.3 LAP_CAPTURE craft=Aircraft_9_nav_r1_257 route=1 return=173.7s lap=337.7s carrier_dist=200m t=17359.3
t=17378.0 SPAWN craft=Aircraft_9_nav_r1_265 route=1 candidate=2 trial=265 t=17378.0
t=17384.3 ==== SUMMARY t=17384.3 ====
t=17384.3 route=1 laps=30 crashes=3 avg_out=157.0s avg_ret=175.6s avg_lap=344.2s best_lap=337.7
t=17384.3 route=2 laps=32 crashes=0 avg_out=214.3s avg_ret=250.5s avg_lap=476.8s best_lap=454.8
t=17384.3 route=3 laps=31 crashes=1 avg_out=243.7s avg_ret=269.1s avg_lap=524.7s best_lap=508.2
t=17384.3 route=4 laps=32 crashes=0 avg_out=200.4s avg_ret=168.9s avg_lap=381.3s best_lap=374.9
t=17384.3 route=5 laps=32 crashes=0 avg_out=294.2s avg_ret=257.9s avg_lap=564.1s best_lap=553.2
t=17384.3 route=6 laps=32 crashes=0 avg_out=179.2s avg_ret=159.1s avg_lap=350.3s best_lap=344.4
t=17384.3 route=7 laps=32 crashes=0 avg_out=198.0s avg_ret=158.1s avg_lap=368.3s best_lap=355.8
t=17384.3 route=8 laps=31 crashes=1 avg_out=185.1s avg_ret=186.8s avg_lap=384.0s best_lap=375.8
t=17384.3 TOTAL laps=252 crashes=5
t=17384.3 TUNER gen=4 results=1/64 pending=8 active=8 remaining=63 next_trial=266 rounds=[2,1,1,1,1,1,1,1]
t=17387.4 LZ_REACHED craft=Aircraft_9_nav_r5_261 route=5 outbound=285.4s t=17387.4
t=17414.4 ==== SUMMARY t=17414.4 ====
t=17414.4 route=1 laps=30 crashes=3 avg_out=157.0s avg_ret=175.6s avg_lap=344.2s best_lap=337.7
t=17414.4 route=2 laps=32 crashes=0 avg_out=214.3s avg_ret=250.5s avg_lap=476.8s best_lap=454.8
t=17414.4 route=3 laps=31 crashes=1 avg_out=243.7s avg_ret=269.1s avg_lap=524.7s best_lap=508.2
t=17414.4 route=4 laps=32 crashes=0 avg_out=200.4s avg_ret=168.9s avg_lap=381.3s best_lap=374.9
t=17414.4 route=5 laps=32 crashes=0 avg_out=293.9s avg_ret=257.9s avg_lap=564.1s best_lap=553.2
t=17414.4 route=6 laps=32 crashes=0 avg_out=179.2s avg_ret=159.1s avg_lap=350.3s best_lap=344.4
t=17414.4 route=7 laps=32 crashes=0 avg_out=198.0s avg_ret=158.1s avg_lap=368.3s best_lap=355.8
t=17414.4 route=8 laps=31 crashes=1 avg_out=185.1s avg_ret=186.8s avg_lap=384.0s best_lap=375.8
t=17414.4 TOTAL laps=252 crashes=5
t=17414.4 TUNER gen=4 results=1/64 pending=8 active=8 remaining=63 next_trial=266 rounds=[2,1,1,1,1,1,1,1]
t=17444.4 ==== SUMMARY t=17444.4 ====
t=17444.4 route=1 laps=30 crashes=3 avg_out=157.0s avg_ret=175.6s avg_lap=344.2s best_lap=337.7
t=17444.4 route=2 laps=32 crashes=0 avg_out=214.3s avg_ret=250.5s avg_lap=476.8s best_lap=454.8
t=17444.4 route=3 laps=31 crashes=1 avg_out=243.7s avg_ret=269.1s avg_lap=524.7s best_lap=508.2
t=17444.4 route=4 laps=32 crashes=0 avg_out=200.4s avg_ret=168.9s avg_lap=381.3s best_lap=374.9
t=17444.4 route=5 laps=32 crashes=0 avg_out=293.9s avg_ret=257.9s avg_lap=564.1s best_lap=553.2
t=17444.4 route=6 laps=32 crashes=0 avg_out=179.2s avg_ret=159.1s avg_lap=350.3s best_lap=344.4
t=17444.4 route=7 laps=32 crashes=0 avg_out=198.0s avg_ret=158.1s avg_lap=368.3s best_lap=355.8
t=17444.4 route=8 laps=31 crashes=1 avg_out=185.1s avg_ret=186.8s avg_lap=384.0s best_lap=375.8
t=17444.4 TOTAL laps=252 crashes=5
t=17444.4 TUNER gen=4 results=1/64 pending=8 active=8 remaining=63 next_trial=266 rounds=[2,1,1,1,1,1,1,1]
t=17465.7 LAP_CAPTURE craft=Aircraft_9_nav_r4_260 route=4 return=170.5s lap=383.7s carrier_dist=200m t=17465.7
t=17474.5 ==== SUMMARY t=17474.5 ====
t=17474.5 route=1 laps=30 crashes=3 avg_out=157.0s avg_ret=175.6s avg_lap=344.2s best_lap=337.7
t=17474.5 route=2 laps=32 crashes=0 avg_out=214.3s avg_ret=250.5s avg_lap=476.8s best_lap=454.8
t=17474.5 route=3 laps=31 crashes=1 avg_out=243.7s avg_ret=269.1s avg_lap=524.7s best_lap=508.2
t=17474.5 route=4 laps=33 crashes=0 avg_out=200.4s avg_ret=168.9s avg_lap=381.4s best_lap=374.9
t=17474.5 route=5 laps=32 crashes=0 avg_out=293.9s avg_ret=257.9s avg_lap=564.1s best_lap=553.2
t=17474.5 route=6 laps=32 crashes=0 avg_out=179.2s avg_ret=159.1s avg_lap=350.3s best_lap=344.4
t=17474.5 route=7 laps=32 crashes=0 avg_out=198.0s avg_ret=158.1s avg_lap=368.3s best_lap=355.8
t=17474.5 route=8 laps=31 crashes=1 avg_out=185.1s avg_ret=186.8s avg_lap=384.0s best_lap=375.8
t=17474.5 TOTAL laps=253 crashes=5
t=17474.5 TUNER gen=4 results=2/64 pending=7 active=7 remaining=62 next_trial=266 rounds=[2,1,1,1,1,1,1,1]
t=17476.8 LAP_CAPTURE craft=Aircraft_9_nav_r6_262 route=6 return=163.4s lap=354.5s carrier_dist=200m t=17476.8
t=17482.8 LAUNCH_BLOCKED reason=deck_busy active=7 stored=1 no_active_s=0.0 state=AIRCRAFT_ON_DECK tractor_cleanup=false elevator_transfer=false deck=Aircraft_9_nav_r4_266 pending=none clearance=none queue=0
t=17483.6 SPAWN craft=Aircraft_9_nav_r4_266 route=4 candidate=5 trial=266 t=17483.6
t=17503.5 LAP_CAPTURE craft=Aircraft_9_nav_r7_263 route=7 return=153.5s lap=361.3s carrier_dist=200m t=17503.5
t=17503.6 SPAWN craft=Aircraft_9_nav_r6_267 route=6 candidate=7 trial=267 t=17503.6
t=17504.5 ==== SUMMARY t=17504.5 ====
t=17504.5 route=1 laps=30 crashes=3 avg_out=157.0s avg_ret=175.6s avg_lap=344.2s best_lap=337.7
t=17504.5 route=2 laps=32 crashes=0 avg_out=214.3s avg_ret=250.5s avg_lap=476.8s best_lap=454.8
t=17504.5 route=3 laps=31 crashes=1 avg_out=243.7s avg_ret=269.1s avg_lap=524.7s best_lap=508.2
t=17504.5 route=4 laps=33 crashes=0 avg_out=200.4s avg_ret=168.9s avg_lap=381.4s best_lap=374.9
t=17504.5 route=5 laps=32 crashes=0 avg_out=293.9s avg_ret=257.9s avg_lap=564.1s best_lap=553.2
t=17504.5 route=6 laps=33 crashes=0 avg_out=179.2s avg_ret=159.2s avg_lap=350.4s best_lap=344.4
t=17504.5 route=7 laps=33 crashes=0 avg_out=198.0s avg_ret=158.0s avg_lap=368.1s best_lap=355.8
t=17504.5 route=8 laps=31 crashes=1 avg_out=185.1s avg_ret=186.8s avg_lap=384.0s best_lap=375.8
t=17504.5 TOTAL laps=255 crashes=5
t=17504.5 TUNER gen=4 results=4/64 pending=7 active=7 remaining=60 next_trial=268 rounds=[2,1,1,2,1,2,1,1]
t=17508.7 LAP_CAPTURE craft=Aircraft_9_nav_r2_258 route=2 return=240.9s lap=466.9s carrier_dist=200m t=17508.7
t=17517.9 LAUNCH_BLOCKED reason=deck_busy active=7 stored=1 no_active_s=0.0 state=AIRCRAFT_ON_DECK tractor_cleanup=false elevator_transfer=true deck=Aircraft_9_nav_r7_268 pending=none clearance=none queue=0
t=17523.7 SPAWN craft=Aircraft_9_nav_r7_268 route=7 candidate=8 trial=268 t=17523.7
t=17534.5 ==== SUMMARY t=17534.5 ====
t=17534.5 route=1 laps=30 crashes=3 avg_out=157.0s avg_ret=175.6s avg_lap=344.2s best_lap=337.7
t=17534.5 route=2 laps=33 crashes=0 avg_out=214.3s avg_ret=250.2s avg_lap=476.5s best_lap=454.8
t=17534.5 route=3 laps=31 crashes=1 avg_out=243.7s avg_ret=269.1s avg_lap=524.7s best_lap=508.2
t=17534.5 route=4 laps=33 crashes=0 avg_out=200.4s avg_ret=168.9s avg_lap=381.4s best_lap=374.9
t=17534.5 route=5 laps=32 crashes=0 avg_out=293.9s avg_ret=257.9s avg_lap=564.1s best_lap=553.2
t=17534.5 route=6 laps=33 crashes=0 avg_out=179.2s avg_ret=159.2s avg_lap=350.4s best_lap=344.4
t=17534.5 route=7 laps=33 crashes=0 avg_out=198.0s avg_ret=158.0s avg_lap=368.1s best_lap=355.8
t=17534.5 route=8 laps=31 crashes=1 avg_out=185.1s avg_ret=186.8s avg_lap=384.0s best_lap=375.8
t=17534.6 TOTAL laps=256 crashes=5
t=17534.6 TUNER gen=4 results=5/64 pending=7 active=7 remaining=59 next_trial=269 rounds=[2,1,1,2,1,2,2,1]
t=17535.5 LZ_REACHED craft=Aircraft_9_nav_r1_265 route=1 outbound=157.5s t=17535.5
t=17543.8 SPAWN craft=Aircraft_9_nav_r2_269 route=2 candidate=3 trial=269 t=17543.8
t=17554.3 LAP_CAPTURE craft=Aircraft_9_nav_r8_264 route=8 return=197.9s lap=391.9s carrier_dist=200m t=17554.3
t=17564.5 ==== SUMMARY t=17564.5 ====
t=17564.6 route=1 laps=30 crashes=3 avg_out=157.0s avg_ret=175.6s avg_lap=344.2s best_lap=337.7
t=17564.6 route=2 laps=33 crashes=0 avg_out=214.3s avg_ret=250.2s avg_lap=476.5s best_lap=454.8
t=17564.6 route=3 laps=31 crashes=1 avg_out=243.7s avg_ret=269.1s avg_lap=524.7s best_lap=508.2
t=17564.6 route=4 laps=33 crashes=0 avg_out=200.4s avg_ret=168.9s avg_lap=381.4s best_lap=374.9
t=17564.6 route=5 laps=32 crashes=0 avg_out=293.9s avg_ret=257.9s avg_lap=564.1s best_lap=553.2
t=17564.6 route=6 laps=33 crashes=0 avg_out=179.2s avg_ret=159.2s avg_lap=350.4s best_lap=344.4
t=17564.6 route=7 laps=33 crashes=0 avg_out=198.0s avg_ret=158.0s avg_lap=368.1s best_lap=355.8
t=17564.6 route=8 laps=32 crashes=1 avg_out=185.1s avg_ret=187.1s avg_lap=384.2s best_lap=375.8
t=17564.6 TOTAL laps=257 crashes=5
t=17564.6 TUNER gen=4 results=6/64 pending=7 active=7 remaining=58 next_trial=270 rounds=[2,2,1,2,1,2,2,1]
t=17574.0 SPAWN craft=Aircraft_9_nav_r8_270 route=8 candidate=1 trial=270 t=17574.0
t=17583.8 LAP_CAPTURE craft=Aircraft_9_nav_r3_259 route=3 return=269.0s lap=521.9s carrier_dist=200m t=17583.8
t=17594.6 ==== SUMMARY t=17594.6 ====
t=17594.6 route=1 laps=30 crashes=3 avg_out=157.0s avg_ret=175.6s avg_lap=344.2s best_lap=337.7
t=17594.6 route=2 laps=33 crashes=0 avg_out=214.3s avg_ret=250.2s avg_lap=476.5s best_lap=454.8
t=17594.6 route=3 laps=32 crashes=1 avg_out=243.7s avg_ret=269.1s avg_lap=524.6s best_lap=508.2
t=17594.6 route=4 laps=33 crashes=0 avg_out=200.4s avg_ret=168.9s avg_lap=381.4s best_lap=374.9
t=17594.6 route=5 laps=32 crashes=0 avg_out=293.9s avg_ret=257.9s avg_lap=564.1s best_lap=553.2
t=17594.6 route=6 laps=33 crashes=0 avg_out=179.2s avg_ret=159.2s avg_lap=350.4s best_lap=344.4
t=17594.6 route=7 laps=33 crashes=0 avg_out=198.0s avg_ret=158.0s avg_lap=368.1s best_lap=355.8
t=17594.6 route=8 laps=32 crashes=1 avg_out=185.1s avg_ret=187.1s avg_lap=384.2s best_lap=375.8
t=17594.6 TOTAL laps=258 crashes=5
t=17594.6 TUNER gen=4 results=7/64 pending=7 active=7 remaining=57 next_trial=271 rounds=[2,2,1,2,1,2,2,2]
t=17604.0 SPAWN craft=Aircraft_9_nav_r3_271 route=3 candidate=4 trial=271 t=17604.0
t=17624.6 ==== SUMMARY t=17624.6 ====
t=17624.6 route=1 laps=30 crashes=3 avg_out=157.0s avg_ret=175.6s avg_lap=344.2s best_lap=337.7
t=17624.6 route=2 laps=33 crashes=0 avg_out=214.3s avg_ret=250.2s avg_lap=476.5s best_lap=454.8
t=17624.7 route=3 laps=32 crashes=1 avg_out=243.7s avg_ret=269.1s avg_lap=524.6s best_lap=508.2
t=17624.7 route=4 laps=33 crashes=0 avg_out=200.4s avg_ret=168.9s avg_lap=381.4s best_lap=374.9
t=17624.7 route=5 laps=32 crashes=0 avg_out=293.9s avg_ret=257.9s avg_lap=564.1s best_lap=553.2
t=17624.7 route=6 laps=33 crashes=0 avg_out=179.2s avg_ret=159.2s avg_lap=350.4s best_lap=344.4
t=17624.7 route=7 laps=33 crashes=0 avg_out=198.0s avg_ret=158.0s avg_lap=368.1s best_lap=355.8
t=17624.7 route=8 laps=32 crashes=1 avg_out=185.1s avg_ret=187.1s avg_lap=384.2s best_lap=375.8
t=17624.7 TOTAL laps=258 crashes=5
t=17624.7 TUNER gen=4 results=7/64 pending=8 active=8 remaining=57 next_trial=272 rounds=[2,2,2,2,1,2,2,2]
t=17654.6 ==== SUMMARY t=17654.6 ====
t=17654.7 route=1 laps=30 crashes=3 avg_out=157.0s avg_ret=175.6s avg_lap=344.2s best_lap=337.7
t=17654.7 route=2 laps=33 crashes=0 avg_out=214.3s avg_ret=250.2s avg_lap=476.5s best_lap=454.8
t=17654.7 route=3 laps=32 crashes=1 avg_out=243.7s avg_ret=269.1s avg_lap=524.6s best_lap=508.2
t=17654.7 route=4 laps=33 crashes=0 avg_out=200.4s avg_ret=168.9s avg_lap=381.4s best_lap=374.9
t=17654.7 route=5 laps=32 crashes=0 avg_out=293.9s avg_ret=257.9s avg_lap=564.1s best_lap=553.2
t=17654.7 route=6 laps=33 crashes=0 avg_out=179.2s avg_ret=159.2s avg_lap=350.4s best_lap=344.4
t=17654.7 route=7 laps=33 crashes=0 avg_out=198.0s avg_ret=158.0s avg_lap=368.1s best_lap=355.8
t=17654.7 route=8 laps=32 crashes=1 avg_out=185.1s avg_ret=187.1s avg_lap=384.2s best_lap=375.8
t=17654.7 TOTAL laps=258 crashes=5
t=17654.7 TUNER gen=4 results=7/64 pending=8 active=8 remaining=57 next_trial=272 rounds=[2,2,2,2,1,2,2,2]
t=17656.1 LAP_CAPTURE craft=Aircraft_9_nav_r5_261 route=5 return=256.7s lap=554.1s carrier_dist=200m t=17656.1
t=17674.2 SPAWN craft=Aircraft_9_nav_r5_272 route=5 candidate=6 trial=272 t=17674.2
t=17680.3 LZ_REACHED craft=Aircraft_9_nav_r4_266 route=4 outbound=196.7s t=17680.3
t=17682.3 LZ_REACHED craft=Aircraft_9_nav_r6_267 route=6 outbound=178.7s t=17682.3
t=17684.7 ==== SUMMARY t=17684.7 ====
t=17684.7 route=1 laps=30 crashes=3 avg_out=157.0s avg_ret=175.6s avg_lap=344.2s best_lap=337.7
t=17684.7 route=2 laps=33 crashes=0 avg_out=214.3s avg_ret=250.2s avg_lap=476.5s best_lap=454.8
t=17684.7 route=3 laps=32 crashes=1 avg_out=243.7s avg_ret=269.1s avg_lap=524.6s best_lap=508.2
t=17684.7 route=4 laps=33 crashes=0 avg_out=200.3s avg_ret=168.9s avg_lap=381.4s best_lap=374.9
t=17684.7 route=5 laps=33 crashes=0 avg_out=293.9s avg_ret=257.8s avg_lap=563.8s best_lap=553.2
t=17684.8 route=6 laps=33 crashes=0 avg_out=179.1s avg_ret=159.2s avg_lap=350.4s best_lap=344.4
t=17684.8 route=7 laps=33 crashes=0 avg_out=198.0s avg_ret=158.0s avg_lap=368.1s best_lap=355.8
t=17684.8 route=8 laps=32 crashes=1 avg_out=185.1s avg_ret=187.1s avg_lap=384.2s best_lap=375.8
t=17684.8 TOTAL laps=259 crashes=5
t=17684.8 TUNER gen=4 results=8/64 pending=8 active=8 remaining=56 next_trial=273 rounds=[2,2,2,2,2,2,2,2]
t=17714.7 ==== SUMMARY t=17714.7 ====
t=17714.7 route=1 laps=30 crashes=3 avg_out=157.0s avg_ret=175.6s avg_lap=344.2s best_lap=337.7
t=17714.7 route=2 laps=33 crashes=0 avg_out=214.3s avg_ret=250.2s avg_lap=476.5s best_lap=454.8
t=17714.7 route=3 laps=32 crashes=1 avg_out=243.7s avg_ret=269.1s avg_lap=524.6s best_lap=508.2
t=17714.7 route=4 laps=33 crashes=0 avg_out=200.3s avg_ret=168.9s avg_lap=381.4s best_lap=374.9
t=17714.8 route=5 laps=33 crashes=0 avg_out=293.9s avg_ret=257.8s avg_lap=563.8s best_lap=553.2
t=17714.8 route=6 laps=33 crashes=0 avg_out=179.1s avg_ret=159.2s avg_lap=350.4s best_lap=344.4
t=17714.8 route=7 laps=33 crashes=0 avg_out=198.0s avg_ret=158.0s avg_lap=368.1s best_lap=355.8
t=17714.8 route=8 laps=32 crashes=1 avg_out=185.1s avg_ret=187.1s avg_lap=384.2s best_lap=375.8
t=17714.8 TOTAL laps=259 crashes=5
t=17714.8 TUNER gen=4 results=8/64 pending=8 active=8 remaining=56 next_trial=273 rounds=[2,2,2,2,2,2,2,2]
t=17719.5 LAP_CAPTURE craft=Aircraft_9_nav_r1_265 route=1 return=172.0s lap=341.5s carrier_dist=200m t=17719.5
t=17721.0 LZ_REACHED craft=Aircraft_9_nav_r7_268 route=7 outbound=197.4s t=17721.0
t=17739.6 SPAWN craft=Aircraft_9_nav_r1_273 route=1 candidate=3 trial=273 t=17739.6
t=17744.8 ==== SUMMARY t=17744.8 ====
t=17744.8 route=1 laps=31 crashes=3 avg_out=157.0s avg_ret=175.5s avg_lap=344.1s best_lap=337.7
t=17744.8 route=2 laps=33 crashes=0 avg_out=214.3s avg_ret=250.2s avg_lap=476.5s best_lap=454.8
t=17744.8 route=3 laps=32 crashes=1 avg_out=243.7s avg_ret=269.1s avg_lap=524.6s best_lap=508.2
t=17744.8 route=4 laps=33 crashes=0 avg_out=200.3s avg_ret=168.9s avg_lap=381.4s best_lap=374.9
t=17744.8 route=5 laps=33 crashes=0 avg_out=293.9s avg_ret=257.8s avg_lap=563.8s best_lap=553.2
t=17744.8 route=6 laps=33 crashes=0 avg_out=179.1s avg_ret=159.2s avg_lap=350.4s best_lap=344.4
t=17744.8 route=7 laps=33 crashes=0 avg_out=198.0s avg_ret=158.0s avg_lap=368.1s best_lap=355.8
t=17744.8 route=8 laps=32 crashes=1 avg_out=185.1s avg_ret=187.1s avg_lap=384.2s best_lap=375.8
t=17744.8 TOTAL laps=260 crashes=5
t=17744.8 TUNER gen=4 results=9/64 pending=8 active=8 remaining=55 next_trial=274 rounds=[3,2,2,2,2,2,2,2]
t=17757.3 LZ_REACHED craft=Aircraft_9_nav_r8_270 route=8 outbound=183.3s t=17757.3
t=17757.7 LZ_REACHED craft=Aircraft_9_nav_r2_269 route=2 outbound=213.9s t=17757.7
t=17774.8 ==== SUMMARY t=17774.8 ====
t=17774.8 route=1 laps=31 crashes=3 avg_out=157.0s avg_ret=175.5s avg_lap=344.1s best_lap=337.7
t=17774.8 route=2 laps=33 crashes=0 avg_out=214.3s avg_ret=250.2s avg_lap=476.5s best_lap=454.8
t=17774.8 route=3 laps=32 crashes=1 avg_out=243.7s avg_ret=269.1s avg_lap=524.6s best_lap=508.2
t=17774.8 route=4 laps=33 crashes=0 avg_out=200.3s avg_ret=168.9s avg_lap=381.4s best_lap=374.9
t=17774.8 route=5 laps=33 crashes=0 avg_out=293.9s avg_ret=257.8s avg_lap=563.8s best_lap=553.2
t=17774.8 route=6 laps=33 crashes=0 avg_out=179.1s avg_ret=159.2s avg_lap=350.4s best_lap=344.4
t=17774.8 route=7 laps=33 crashes=0 avg_out=198.0s avg_ret=158.0s avg_lap=368.1s best_lap=355.8
t=17774.8 route=8 laps=32 crashes=1 avg_out=185.1s avg_ret=187.1s avg_lap=384.2s best_lap=375.8
t=17774.8 TOTAL laps=260 crashes=5
t=17774.8 TUNER gen=4 results=9/64 pending=8 active=8 remaining=55 next_trial=274 rounds=[3,2,2,2,2,2,2,2]
t=17804.8 ==== SUMMARY t=17804.8 ====
t=17804.8 route=1 laps=31 crashes=3 avg_out=157.0s avg_ret=175.5s avg_lap=344.1s best_lap=337.7
t=17804.8 route=2 laps=33 crashes=0 avg_out=214.3s avg_ret=250.2s avg_lap=476.5s best_lap=454.8
t=17804.8 route=3 laps=32 crashes=1 avg_out=243.7s avg_ret=269.1s avg_lap=524.6s best_lap=508.2
t=17804.8 route=4 laps=33 crashes=0 avg_out=200.3s avg_ret=168.9s avg_lap=381.4s best_lap=374.9
t=17804.8 route=5 laps=33 crashes=0 avg_out=293.9s avg_ret=257.8s avg_lap=563.8s best_lap=553.2
t=17804.8 route=6 laps=33 crashes=0 avg_out=179.1s avg_ret=159.2s avg_lap=350.4s best_lap=344.4
t=17804.8 route=7 laps=33 crashes=0 avg_out=198.0s avg_ret=158.0s avg_lap=368.1s best_lap=355.8
t=17804.9 route=8 laps=32 crashes=1 avg_out=185.1s avg_ret=187.1s avg_lap=384.2s best_lap=375.8
t=17804.9 TOTAL laps=260 crashes=5
t=17804.9 TUNER gen=4 results=9/64 pending=8 active=8 remaining=55 next_trial=274 rounds=[3,2,2,2,2,2,2,2]
t=17834.8 ==== SUMMARY t=17834.8 ====
t=17834.8 route=1 laps=31 crashes=3 avg_out=157.0s avg_ret=175.5s avg_lap=344.1s best_lap=337.7
t=17834.8 route=2 laps=33 crashes=0 avg_out=214.3s avg_ret=250.2s avg_lap=476.5s best_lap=454.8
t=17834.8 route=3 laps=32 crashes=1 avg_out=243.7s avg_ret=269.1s avg_lap=524.6s best_lap=508.2
t=17834.8 route=4 laps=33 crashes=0 avg_out=200.3s avg_ret=168.9s avg_lap=381.4s best_lap=374.9
t=17834.8 route=5 laps=33 crashes=0 avg_out=293.9s avg_ret=257.8s avg_lap=563.8s best_lap=553.2
t=17834.8 route=6 laps=33 crashes=0 avg_out=179.1s avg_ret=159.2s avg_lap=350.4s best_lap=344.4
t=17834.9 route=7 laps=33 crashes=0 avg_out=198.0s avg_ret=158.0s avg_lap=368.1s best_lap=355.8
t=17834.9 route=8 laps=32 crashes=1 avg_out=185.1s avg_ret=187.1s avg_lap=384.2s best_lap=375.8
t=17834.9 TOTAL laps=260 crashes=5
t=17834.9 TUNER gen=4 results=9/64 pending=8 active=8 remaining=55 next_trial=274 rounds=[3,2,2,2,2,2,2,2]
t=17849.1 LAP_CAPTURE craft=Aircraft_9_nav_r6_267 route=6 return=154.7s lap=345.5s carrier_dist=200m t=17849.1
t=17850.0 LZ_REACHED craft=Aircraft_9_nav_r3_271 route=3 outbound=246.0s t=17850.0
t=17860.7 LAP_CAPTURE craft=Aircraft_9_nav_r4_266 route=4 return=168.4s lap=377.2s carrier_dist=200m t=17860.7
t=17864.9 ==== SUMMARY t=17864.9 ====
t=17864.9 route=1 laps=31 crashes=3 avg_out=157.0s avg_ret=175.5s avg_lap=344.1s best_lap=337.7
t=17864.9 route=2 laps=33 crashes=0 avg_out=214.3s avg_ret=250.2s avg_lap=476.5s best_lap=454.8
t=17864.9 route=3 laps=32 crashes=1 avg_out=243.8s avg_ret=269.1s avg_lap=524.6s best_lap=508.2
t=17864.9 route=4 laps=34 crashes=0 avg_out=200.3s avg_ret=168.9s avg_lap=381.3s best_lap=374.9
t=17864.9 route=5 laps=33 crashes=0 avg_out=293.9s avg_ret=257.8s avg_lap=563.8s best_lap=553.2
t=17864.9 route=6 laps=34 crashes=0 avg_out=179.1s avg_ret=159.1s avg_lap=350.3s best_lap=344.4
t=17864.9 route=7 laps=33 crashes=0 avg_out=198.0s avg_ret=158.0s avg_lap=368.1s best_lap=355.8
t=17864.9 route=8 laps=32 crashes=1 avg_out=185.1s avg_ret=187.1s avg_lap=384.2s best_lap=375.8
t=17864.9 TOTAL laps=262 crashes=5
t=17864.9 TUNER gen=4 results=11/64 pending=7 active=7 remaining=53 next_trial=275 rounds=[3,2,2,2,2,3,2,2]
t=17865.0 SPAWN craft=Aircraft_9_nav_r6_274 route=6 candidate=8 trial=274 t=17865.0
t=17869.2 LAUNCH_BLOCKED reason=cleared_unready_nav_deck_aircraft active=7 stored=1 no_active_s=0.0 state=IDLE tractor_cleanup=false elevator_transfer=false deck=Aircraft_9_nav_r6_274 pending=none clearance=none queue=0
t=17885.2 SPAWN craft=Aircraft_9_nav_r4_275 route=4 candidate=6 trial=275 t=17885.2
t=17891.3 LAP_CAPTURE craft=Aircraft_9_nav_r7_268 route=7 return=158.2s lap=367.6s carrier_dist=200m t=17891.3
t=17892.7 LZ_REACHED craft=Aircraft_9_nav_r1_273 route=1 outbound=153.1s t=17892.7
t=17895.1 ==== SUMMARY t=17895.1 ====
t=17895.1 route=1 laps=31 crashes=3 avg_out=156.9s avg_ret=175.5s avg_lap=344.1s best_lap=337.7
t=17895.1 route=2 laps=33 crashes=0 avg_out=214.3s avg_ret=250.2s avg_lap=476.5s best_lap=454.8
t=17895.1 route=3 laps=32 crashes=1 avg_out=243.8s avg_ret=269.1s avg_lap=524.6s best_lap=508.2
t=17895.1 route=4 laps=34 crashes=0 avg_out=200.3s avg_ret=168.9s avg_lap=381.3s best_lap=374.9
t=17895.1 route=5 laps=33 crashes=0 avg_out=293.9s avg_ret=257.8s avg_lap=563.8s best_lap=553.2
t=17895.1 route=6 laps=34 crashes=0 avg_out=179.1s avg_ret=159.1s avg_lap=350.3s best_lap=344.4
t=17895.1 route=7 laps=34 crashes=0 avg_out=198.0s avg_ret=158.0s avg_lap=368.0s best_lap=355.8
t=17895.1 route=8 laps=32 crashes=1 avg_out=185.1s avg_ret=187.1s avg_lap=384.2s best_lap=375.8
t=17895.1 TOTAL laps=263 crashes=5
t=17895.1 TUNER gen=4 results=12/64 pending=7 active=7 remaining=52 next_trial=276 rounds=[3,2,2,3,2,3,2,2]
t=17910.3 SPAWN craft=Aircraft_9_nav_r7_276 route=7 candidate=1 trial=276 t=17910.3
t=17925.1 ==== SUMMARY t=17925.1 ====
t=17925.1 route=1 laps=31 crashes=3 avg_out=156.9s avg_ret=175.5s avg_lap=344.1s best_lap=337.7
t=17925.1 route=2 laps=33 crashes=0 avg_out=214.3s avg_ret=250.2s avg_lap=476.5s best_lap=454.8
t=17925.1 route=3 laps=32 crashes=1 avg_out=243.8s avg_ret=269.1s avg_lap=524.6s best_lap=508.2
t=17925.1 route=4 laps=34 crashes=0 avg_out=200.3s avg_ret=168.9s avg_lap=381.3s best_lap=374.9
t=17925.1 route=5 laps=33 crashes=0 avg_out=293.9s avg_ret=257.8s avg_lap=563.8s best_lap=553.2
t=17925.1 route=6 laps=34 crashes=0 avg_out=179.1s avg_ret=159.1s avg_lap=350.3s best_lap=344.4
t=17925.1 route=7 laps=34 crashes=0 avg_out=198.0s avg_ret=158.0s avg_lap=368.0s best_lap=355.8
t=17925.1 route=8 laps=32 crashes=1 avg_out=185.1s avg_ret=187.1s avg_lap=384.2s best_lap=375.8
t=17925.1 TOTAL laps=263 crashes=5
t=17925.1 TUNER gen=4 results=12/64 pending=8 active=8 remaining=52 next_trial=277 rounds=[3,2,2,3,2,3,3,2]
t=17955.1 ==== SUMMARY t=17955.1 ====
t=17955.1 route=1 laps=31 crashes=3 avg_out=156.9s avg_ret=175.5s avg_lap=344.1s best_lap=337.7
t=17955.1 route=2 laps=33 crashes=0 avg_out=214.3s avg_ret=250.2s avg_lap=476.5s best_lap=454.8
t=17955.1 route=3 laps=32 crashes=1 avg_out=243.8s avg_ret=269.1s avg_lap=524.6s best_lap=508.2
t=17955.1 route=4 laps=34 crashes=0 avg_out=200.3s avg_ret=168.9s avg_lap=381.3s best_lap=374.9
t=17955.1 route=5 laps=33 crashes=0 avg_out=293.9s avg_ret=257.8s avg_lap=563.8s best_lap=553.2
t=17955.1 route=6 laps=34 crashes=0 avg_out=179.1s avg_ret=159.1s avg_lap=350.3s best_lap=344.4
t=17955.1 route=7 laps=34 crashes=0 avg_out=198.0s avg_ret=158.0s avg_lap=368.0s best_lap=355.8
t=17955.1 route=8 laps=32 crashes=1 avg_out=185.1s avg_ret=187.1s avg_lap=384.2s best_lap=375.8
t=17955.1 TOTAL laps=263 crashes=5
t=17955.1 TUNER gen=4 results=12/64 pending=8 active=8 remaining=52 next_trial=277 rounds=[3,2,2,3,2,3,3,2]
t=17957.6 LAP_CAPTURE craft=Aircraft_9_nav_r8_270 route=8 return=188.3s lap=383.7s carrier_dist=200m t=17957.6
t=17968.0 LZ_REACHED craft=Aircraft_9_nav_r5_272 route=5 outbound=293.8s t=17968.0
t=17975.6 SPAWN craft=Aircraft_9_nav_r8_277 route=8 candidate=2 trial=277 t=17975.6
t=17985.2 ==== SUMMARY t=17985.2 ====
t=17985.2 route=1 laps=31 crashes=3 avg_out=156.9s avg_ret=175.5s avg_lap=344.1s best_lap=337.7
t=17985.2 route=2 laps=33 crashes=0 avg_out=214.3s avg_ret=250.2s avg_lap=476.5s best_lap=454.8
t=17985.2 route=3 laps=32 crashes=1 avg_out=243.8s avg_ret=269.1s avg_lap=524.6s best_lap=508.2
t=17985.2 route=4 laps=34 crashes=0 avg_out=200.3s avg_ret=168.9s avg_lap=381.3s best_lap=374.9
t=17985.2 route=5 laps=33 crashes=0 avg_out=293.9s avg_ret=257.8s avg_lap=563.8s best_lap=553.2
t=17985.2 route=6 laps=34 crashes=0 avg_out=179.1s avg_ret=159.1s avg_lap=350.3s best_lap=344.4
t=17985.2 route=7 laps=34 crashes=0 avg_out=198.0s avg_ret=158.0s avg_lap=368.0s best_lap=355.8
t=17985.2 route=8 laps=33 crashes=1 avg_out=185.1s avg_ret=187.2s avg_lap=384.2s best_lap=375.8
t=17985.2 TOTAL laps=264 crashes=5
t=17985.3 TUNER gen=4 results=13/64 pending=8 active=8 remaining=51 next_trial=278 rounds=[3,2,2,3,2,3,3,3]
t=18007.7 LAP_CAPTURE craft=Aircraft_9_nav_r2_269 route=2 return=238.0s lap=464.0s carrier_dist=200m t=18007.7
t=18015.2 ==== SUMMARY t=18015.2 ====
t=18015.2 route=1 laps=31 crashes=3 avg_out=156.9s avg_ret=175.5s avg_lap=344.1s best_lap=337.7
t=18015.2 route=2 laps=34 crashes=0 avg_out=214.3s avg_ret=249.8s avg_lap=476.2s best_lap=454.8
t=18015.2 route=3 laps=32 crashes=1 avg_out=243.8s avg_ret=269.1s avg_lap=524.6s best_lap=508.2
t=18015.2 route=4 laps=34 crashes=0 avg_out=200.3s avg_ret=168.9s avg_lap=381.3s best_lap=374.9
t=18015.2 route=5 laps=33 crashes=0 avg_out=293.9s avg_ret=257.8s avg_lap=563.8s best_lap=553.2
t=18015.2 route=6 laps=34 crashes=0 avg_out=179.1s avg_ret=159.1s avg_lap=350.3s best_lap=344.4
t=18015.3 route=7 laps=34 crashes=0 avg_out=198.0s avg_ret=158.0s avg_lap=368.0s best_lap=355.8
t=18015.3 route=8 laps=33 crashes=1 avg_out=185.1s avg_ret=187.2s avg_lap=384.2s best_lap=375.8
t=18015.3 TOTAL laps=265 crashes=5
t=18015.3 TUNER gen=4 results=14/64 pending=7 active=7 remaining=50 next_trial=278 rounds=[3,2,2,3,2,3,3,3]
t=18025.8 SPAWN craft=Aircraft_9_nav_r2_278 route=2 candidate=4 trial=278 t=18025.8
t=18044.0 LZ_REACHED craft=Aircraft_9_nav_r6_274 route=6 outbound=179.0s t=18044.0
t=18045.2 ==== SUMMARY t=18045.2 ====
t=18045.3 route=1 laps=31 crashes=3 avg_out=156.9s avg_ret=175.5s avg_lap=344.1s best_lap=337.7
t=18045.3 route=2 laps=34 crashes=0 avg_out=214.3s avg_ret=249.8s avg_lap=476.2s best_lap=454.8
t=18045.3 route=3 laps=32 crashes=1 avg_out=243.8s avg_ret=269.1s avg_lap=524.6s best_lap=508.2
t=18045.3 route=4 laps=34 crashes=0 avg_out=200.3s avg_ret=168.9s avg_lap=381.3s best_lap=374.9
t=18045.3 route=5 laps=33 crashes=0 avg_out=293.9s avg_ret=257.8s avg_lap=563.8s best_lap=553.2
t=18045.3 route=6 laps=34 crashes=0 avg_out=179.1s avg_ret=159.1s avg_lap=350.3s best_lap=344.4
t=18045.3 route=7 laps=34 crashes=0 avg_out=198.0s avg_ret=158.0s avg_lap=368.0s best_lap=355.8
t=18045.3 route=8 laps=33 crashes=1 avg_out=185.1s avg_ret=187.2s avg_lap=384.2s best_lap=375.8
t=18045.3 TOTAL laps=265 crashes=5
t=18045.3 TUNER gen=4 results=14/64 pending=8 active=8 remaining=50 next_trial=279 rounds=[3,3,2,3,2,3,3,3]
t=18075.3 ==== SUMMARY t=18075.3 ====
t=18075.3 route=1 laps=31 crashes=3 avg_out=156.9s avg_ret=175.5s avg_lap=344.1s best_lap=337.7
t=18075.3 route=2 laps=34 crashes=0 avg_out=214.3s avg_ret=249.8s avg_lap=476.2s best_lap=454.8
t=18075.3 route=3 laps=32 crashes=1 avg_out=243.8s avg_ret=269.1s avg_lap=524.6s best_lap=508.2
t=18075.3 route=4 laps=34 crashes=0 avg_out=200.3s avg_ret=168.9s avg_lap=381.3s best_lap=374.9
t=18075.3 route=5 laps=33 crashes=0 avg_out=293.9s avg_ret=257.8s avg_lap=563.8s best_lap=553.2
t=18075.3 route=6 laps=34 crashes=0 avg_out=179.1s avg_ret=159.1s avg_lap=350.3s best_lap=344.4
t=18075.3 route=7 laps=34 crashes=0 avg_out=198.0s avg_ret=158.0s avg_lap=368.0s best_lap=355.8
t=18075.3 route=8 laps=33 crashes=1 avg_out=185.1s avg_ret=187.2s avg_lap=384.2s best_lap=375.8
t=18075.3 TOTAL laps=265 crashes=5
t=18075.3 TUNER gen=4 results=14/64 pending=8 active=8 remaining=50 next_trial=279 rounds=[3,3,2,3,2,3,3,3]
t=18078.0 LAP_CAPTURE craft=Aircraft_9_nav_r1_273 route=1 return=173.2s lap=338.4s carrier_dist=200m t=18078.0
t=18085.0 LZ_REACHED craft=Aircraft_9_nav_r4_275 route=4 outbound=199.9s t=18085.0
t=18096.1 SPAWN craft=Aircraft_9_nav_r1_279 route=1 candidate=4 trial=279 t=18096.1
t=18105.4 ==== SUMMARY t=18105.4 ====
t=18105.4 route=1 laps=32 crashes=3 avg_out=156.9s avg_ret=175.4s avg_lap=343.9s best_lap=337.7
t=18105.4 route=2 laps=34 crashes=0 avg_out=214.3s avg_ret=249.8s avg_lap=476.2s best_lap=454.8
t=18105.4 route=3 laps=32 crashes=1 avg_out=243.8s avg_ret=269.1s avg_lap=524.6s best_lap=508.2
t=18105.4 route=4 laps=34 crashes=0 avg_out=200.3s avg_ret=168.9s avg_lap=381.3s best_lap=374.9
t=18105.4 route=5 laps=33 crashes=0 avg_out=293.9s avg_ret=257.8s avg_lap=563.8s best_lap=553.2
t=18105.4 route=6 laps=34 crashes=0 avg_out=179.1s avg_ret=159.1s avg_lap=350.3s best_lap=344.4
t=18105.4 route=7 laps=34 crashes=0 avg_out=198.0s avg_ret=158.0s avg_lap=368.0s best_lap=355.8
t=18105.4 route=8 laps=33 crashes=1 avg_out=185.1s avg_ret=187.2s avg_lap=384.2s best_lap=375.8
t=18105.4 TOTAL laps=266 crashes=5
t=18105.4 TUNER gen=4 results=15/64 pending=8 active=8 remaining=49 next_trial=280 rounds=[4,3,2,3,2,3,3,3]
t=18107.0 LZ_REACHED craft=Aircraft_9_nav_r7_276 route=7 outbound=196.8s t=18107.0
t=18135.4 ==== SUMMARY t=18135.4 ====
t=18135.4 route=1 laps=32 crashes=3 avg_out=156.9s avg_ret=175.4s avg_lap=343.9s best_lap=337.7
t=18135.4 route=2 laps=34 crashes=0 avg_out=214.3s avg_ret=249.8s avg_lap=476.2s best_lap=454.8
t=18135.4 route=3 laps=32 crashes=1 avg_out=243.8s avg_ret=269.1s avg_lap=524.6s best_lap=508.2
t=18135.4 route=4 laps=34 crashes=0 avg_out=200.3s avg_ret=168.9s avg_lap=381.3s best_lap=374.9
t=18135.4 route=5 laps=33 crashes=0 avg_out=293.9s avg_ret=257.8s avg_lap=563.8s best_lap=553.2
t=18135.4 route=6 laps=34 crashes=0 avg_out=179.1s avg_ret=159.1s avg_lap=350.3s best_lap=344.4
t=18135.4 route=7 laps=34 crashes=0 avg_out=198.0s avg_ret=158.0s avg_lap=368.0s best_lap=355.8
t=18135.4 route=8 laps=33 crashes=1 avg_out=185.1s avg_ret=187.2s avg_lap=384.2s best_lap=375.8
t=18135.4 TOTAL laps=266 crashes=5
t=18135.4 TUNER gen=4 results=15/64 pending=8 active=8 remaining=49 next_trial=280 rounds=[4,3,2,3,2,3,3,3]
t=18156.7 LZ_REACHED craft=Aircraft_9_nav_r8_277 route=8 outbound=181.1s t=18156.7
t=18165.4 ==== SUMMARY t=18165.4 ====
t=18165.4 route=1 laps=32 crashes=3 avg_out=156.9s avg_ret=175.4s avg_lap=343.9s best_lap=337.7
t=18165.4 route=2 laps=34 crashes=0 avg_out=214.3s avg_ret=249.8s avg_lap=476.2s best_lap=454.8
t=18165.4 route=3 laps=32 crashes=1 avg_out=243.8s avg_ret=269.1s avg_lap=524.6s best_lap=508.2
t=18165.4 route=4 laps=34 crashes=0 avg_out=200.3s avg_ret=168.9s avg_lap=381.3s best_lap=374.9
t=18165.4 route=5 laps=33 crashes=0 avg_out=293.9s avg_ret=257.8s avg_lap=563.8s best_lap=553.2
t=18165.4 route=6 laps=34 crashes=0 avg_out=179.1s avg_ret=159.1s avg_lap=350.3s best_lap=344.4
t=18165.4 route=7 laps=34 crashes=0 avg_out=198.0s avg_ret=158.0s avg_lap=368.0s best_lap=355.8
t=18165.4 route=8 laps=33 crashes=1 avg_out=184.9s avg_ret=187.2s avg_lap=384.2s best_lap=375.8
t=18165.4 TOTAL laps=266 crashes=5
t=18165.4 TUNER gen=4 results=15/64 pending=8 active=8 remaining=49 next_trial=280 rounds=[4,3,2,3,2,3,3,3]
t=18170.8 LAP_CAPTURE craft=Aircraft_9_nav_r3_271 route=3 return=308.8s lap=566.8s carrier_dist=200m t=18170.8
t=18191.6 SPAWN craft=Aircraft_9_nav_r3_280 route=3 candidate=5 trial=280 t=18191.6
t=18195.5 ==== SUMMARY t=18195.5 ====
t=18195.5 route=1 laps=32 crashes=3 avg_out=156.9s avg_ret=175.4s avg_lap=343.9s best_lap=337.7
t=18195.6 route=2 laps=34 crashes=0 avg_out=214.3s avg_ret=249.8s avg_lap=476.2s best_lap=454.8
t=18195.6 route=3 laps=33 crashes=1 avg_out=243.8s avg_ret=270.3s avg_lap=525.9s best_lap=508.2
t=18195.6 route=4 laps=34 crashes=0 avg_out=200.3s avg_ret=168.9s avg_lap=381.3s best_lap=374.9
t=18195.6 route=5 laps=33 crashes=0 avg_out=293.9s avg_ret=257.8s avg_lap=563.8s best_lap=553.2
t=18195.6 route=6 laps=34 crashes=0 avg_out=179.1s avg_ret=159.1s avg_lap=350.3s best_lap=344.4
t=18195.6 route=7 laps=34 crashes=0 avg_out=198.0s avg_ret=158.0s avg_lap=368.0s best_lap=355.8
t=18195.6 route=8 laps=33 crashes=1 avg_out=184.9s avg_ret=187.2s avg_lap=384.2s best_lap=375.8
t=18195.6 TOTAL laps=267 crashes=5
t=18195.6 TUNER gen=4 results=16/64 pending=8 active=8 remaining=48 next_trial=281 rounds=[4,3,3,3,2,3,3,3]
t=18215.0 LAP_CAPTURE craft=Aircraft_9_nav_r6_274 route=6 return=159.0s lap=350.0s carrier_dist=200m t=18215.0
t=18225.5 ==== SUMMARY t=18225.5 ====
t=18225.6 route=1 laps=32 crashes=3 avg_out=156.9s avg_ret=175.4s avg_lap=343.9s best_lap=337.7
t=18225.6 route=2 laps=34 crashes=0 avg_out=214.3s avg_ret=249.8s avg_lap=476.2s best_lap=454.8
t=18225.6 route=3 laps=33 crashes=1 avg_out=243.8s avg_ret=270.3s avg_lap=525.9s best_lap=508.2
t=18225.6 route=4 laps=34 crashes=0 avg_out=200.3s avg_ret=168.9s avg_lap=381.3s best_lap=374.9
t=18225.6 route=5 laps=33 crashes=0 avg_out=293.9s avg_ret=257.8s avg_lap=563.8s best_lap=553.2
t=18225.6 route=6 laps=35 crashes=0 avg_out=179.1s avg_ret=159.1s avg_lap=350.3s best_lap=344.4
t=18225.6 route=7 laps=34 crashes=0 avg_out=198.0s avg_ret=158.0s avg_lap=368.0s best_lap=355.8
t=18225.6 route=8 laps=33 crashes=1 avg_out=184.9s avg_ret=187.2s avg_lap=384.2s best_lap=375.8
t=18225.6 TOTAL laps=268 crashes=5
t=18225.6 TUNER gen=4 results=17/64 pending=8 active=8 remaining=47 next_trial=282 rounds=[4,3,3,3,2,4,3,3]
t=18231.6 SPAWN craft=Aircraft_9_nav_r6_281 route=6 candidate=1 trial=281 t=18231.6
t=18238.1 LAP_CAPTURE craft=Aircraft_9_nav_r5_272 route=5 return=258.1s lap=563.8s carrier_dist=200m t=18238.1
t=18241.2 LZ_REACHED craft=Aircraft_9_nav_r2_278 route=2 outbound=215.4s t=18241.2
t=18254.6 LZ_REACHED craft=Aircraft_9_nav_r1_279 route=1 outbound=158.5s t=18254.6
t=18255.6 ==== SUMMARY t=18255.6 ====
t=18255.7 route=1 laps=32 crashes=3 avg_out=156.9s avg_ret=175.4s avg_lap=343.9s best_lap=337.7
t=18255.7 route=2 laps=34 crashes=0 avg_out=214.4s avg_ret=249.8s avg_lap=476.2s best_lap=454.8
t=18255.7 route=3 laps=33 crashes=1 avg_out=243.8s avg_ret=270.3s avg_lap=525.9s best_lap=508.2
t=18255.7 route=4 laps=34 crashes=0 avg_out=200.3s avg_ret=168.9s avg_lap=381.3s best_lap=374.9
t=18255.7 route=5 laps=34 crashes=0 avg_out=293.9s avg_ret=257.9s avg_lap=563.8s best_lap=553.2
t=18255.7 route=6 laps=35 crashes=0 avg_out=179.1s avg_ret=159.1s avg_lap=350.3s best_lap=344.4
t=18255.7 route=7 laps=34 crashes=0 avg_out=198.0s avg_ret=158.0s avg_lap=368.0s best_lap=355.8
t=18255.7 route=8 laps=33 crashes=1 avg_out=184.9s avg_ret=187.2s avg_lap=384.2s best_lap=375.8
t=18255.7 TOTAL laps=269 crashes=5
t=18255.7 TUNER gen=4 results=18/64 pending=8 active=8 remaining=46 next_trial=283 rounds=[4,3,3,3,3,4,3,3]
t=18256.9 SPAWN craft=Aircraft_9_nav_r5_282 route=5 candidate=7 trial=282 t=18256.9
t=18266.3 LAP_CAPTURE craft=Aircraft_9_nav_r4_275 route=4 return=169.3s lap=381.2s carrier_dist=200m t=18266.3
t=18272.2 LAP_CAPTURE craft=Aircraft_9_nav_r7_276 route=7 return=153.2s lap=362.0s carrier_dist=200m t=18272.2
t=18281.2 LAUNCH_BLOCKED reason=deck_busy active=7 stored=1 no_active_s=0.0 state=AIRCRAFT_ON_DECK tractor_cleanup=false elevator_transfer=true deck=Aircraft_9_nav_r4_283 pending=none clearance=none queue=0
t=18285.7 ==== SUMMARY t=18285.7 ====
t=18285.7 route=1 laps=32 crashes=3 avg_out=156.9s avg_ret=175.4s avg_lap=343.9s best_lap=337.7
t=18285.7 route=2 laps=34 crashes=0 avg_out=214.4s avg_ret=249.8s avg_lap=476.2s best_lap=454.8
t=18285.7 route=3 laps=33 crashes=1 avg_out=243.8s avg_ret=270.3s avg_lap=525.9s best_lap=508.2
t=18285.7 route=4 laps=35 crashes=0 avg_out=200.3s avg_ret=168.9s avg_lap=381.3s best_lap=374.9
t=18285.7 route=5 laps=34 crashes=0 avg_out=293.9s avg_ret=257.9s avg_lap=563.8s best_lap=553.2
t=18285.7 route=6 laps=35 crashes=0 avg_out=179.1s avg_ret=159.1s avg_lap=350.3s best_lap=344.4
t=18285.7 route=7 laps=35 crashes=0 avg_out=198.0s avg_ret=157.9s avg_lap=367.9s best_lap=355.8
t=18285.7 route=8 laps=33 crashes=1 avg_out=184.9s avg_ret=187.2s avg_lap=384.2s best_lap=375.8
t=18285.8 TOTAL laps=271 crashes=5
t=18285.8 TUNER gen=4 results=20/64 pending=7 active=7 remaining=44 next_trial=284 rounds=[4,3,3,4,3,4,3,3]
t=18287.0 SPAWN craft=Aircraft_9_nav_r4_283 route=4 candidate=7 trial=283 t=18287.0
t=18307.0 SPAWN craft=Aircraft_9_nav_r7_284 route=7 candidate=2 trial=284 t=18307.0
t=18315.8 ==== SUMMARY t=18315.8 ====
t=18315.8 route=1 laps=32 crashes=3 avg_out=156.9s avg_ret=175.4s avg_lap=343.9s best_lap=337.7
t=18315.8 route=2 laps=34 crashes=0 avg_out=214.4s avg_ret=249.8s avg_lap=476.2s best_lap=454.8
t=18315.8 route=3 laps=33 crashes=1 avg_out=243.8s avg_ret=270.3s avg_lap=525.9s best_lap=508.2
t=18315.8 route=4 laps=35 crashes=0 avg_out=200.3s avg_ret=168.9s avg_lap=381.3s best_lap=374.9
t=18315.8 route=5 laps=34 crashes=0 avg_out=293.9s avg_ret=257.9s avg_lap=563.8s best_lap=553.2
t=18315.8 route=6 laps=35 crashes=0 avg_out=179.1s avg_ret=159.1s avg_lap=350.3s best_lap=344.4
t=18315.8 route=7 laps=35 crashes=0 avg_out=198.0s avg_ret=157.9s avg_lap=367.9s best_lap=355.8
t=18315.8 route=8 laps=33 crashes=1 avg_out=184.9s avg_ret=187.2s avg_lap=384.2s best_lap=375.8
t=18315.8 TOTAL laps=271 crashes=5
t=18315.8 TUNER gen=4 results=20/64 pending=8 active=8 remaining=44 next_trial=285 rounds=[4,3,3,4,3,4,4,3]
t=18345.8 ==== SUMMARY t=18345.8 ====
t=18345.8 route=1 laps=32 crashes=3 avg_out=156.9s avg_ret=175.4s avg_lap=343.9s best_lap=337.7
t=18345.8 route=2 laps=34 crashes=0 avg_out=214.4s avg_ret=249.8s avg_lap=476.2s best_lap=454.8
t=18345.8 route=3 laps=33 crashes=1 avg_out=243.8s avg_ret=270.3s avg_lap=525.9s best_lap=508.2
t=18345.8 route=4 laps=35 crashes=0 avg_out=200.3s avg_ret=168.9s avg_lap=381.3s best_lap=374.9
t=18345.8 route=5 laps=34 crashes=0 avg_out=293.9s avg_ret=257.9s avg_lap=563.8s best_lap=553.2
t=18345.8 route=6 laps=35 crashes=0 avg_out=179.1s avg_ret=159.1s avg_lap=350.3s best_lap=344.4
t=18345.8 route=7 laps=35 crashes=0 avg_out=198.0s avg_ret=157.9s avg_lap=367.9s best_lap=355.8
t=18345.8 route=8 laps=33 crashes=1 avg_out=184.9s avg_ret=187.2s avg_lap=384.2s best_lap=375.8
t=18345.9 TOTAL laps=271 crashes=5
t=18345.9 TUNER gen=4 results=20/64 pending=8 active=8 remaining=44 next_trial=285 rounds=[4,3,3,4,3,4,4,3]
t=18353.0 LAP_CAPTURE craft=Aircraft_9_nav_r8_277 route=8 return=184.3s lap=377.4s carrier_dist=200m t=18353.0
t=18372.4 SPAWN craft=Aircraft_9_nav_r8_285 route=8 candidate=3 trial=285 t=18372.4
t=18375.9 ==== SUMMARY t=18375.9 ====
t=18375.9 route=1 laps=32 crashes=3 avg_out=156.9s avg_ret=175.4s avg_lap=343.9s best_lap=337.7
t=18375.9 route=2 laps=34 crashes=0 avg_out=214.4s avg_ret=249.8s avg_lap=476.2s best_lap=454.8
t=18375.9 route=3 laps=33 crashes=1 avg_out=243.8s avg_ret=270.3s avg_lap=525.9s best_lap=508.2
t=18375.9 route=4 laps=35 crashes=0 avg_out=200.3s avg_ret=168.9s avg_lap=381.3s best_lap=374.9
t=18375.9 route=5 laps=34 crashes=0 avg_out=293.9s avg_ret=257.9s avg_lap=563.8s best_lap=553.2
t=18375.9 route=6 laps=35 crashes=0 avg_out=179.1s avg_ret=159.1s avg_lap=350.3s best_lap=344.4
t=18375.9 route=7 laps=35 crashes=0 avg_out=198.0s avg_ret=157.9s avg_lap=367.9s best_lap=355.8
t=18375.9 route=8 laps=34 crashes=1 avg_out=184.9s avg_ret=187.1s avg_lap=384.0s best_lap=375.8
t=18375.9 TOTAL laps=272 crashes=5
t=18375.9 TUNER gen=4 results=21/64 pending=8 active=8 remaining=43 next_trial=286 rounds=[4,3,3,4,3,4,4,4]
t=18405.9 ==== SUMMARY t=18405.9 ====
t=18405.9 route=1 laps=32 crashes=3 avg_out=156.9s avg_ret=175.4s avg_lap=343.9s best_lap=337.7
t=18405.9 route=2 laps=34 crashes=0 avg_out=214.4s avg_ret=249.8s avg_lap=476.2s best_lap=454.8
t=18405.9 route=3 laps=33 crashes=1 avg_out=243.8s avg_ret=270.3s avg_lap=525.9s best_lap=508.2
t=18405.9 route=4 laps=35 crashes=0 avg_out=200.3s avg_ret=168.9s avg_lap=381.3s best_lap=374.9
t=18405.9 route=5 laps=34 crashes=0 avg_out=293.9s avg_ret=257.9s avg_lap=563.8s best_lap=553.2
t=18405.9 route=6 laps=35 crashes=0 avg_out=179.1s avg_ret=159.1s avg_lap=350.3s best_lap=344.4
t=18405.9 route=7 laps=35 crashes=0 avg_out=198.0s avg_ret=157.9s avg_lap=367.9s best_lap=355.8
t=18405.9 route=8 laps=34 crashes=1 avg_out=184.9s avg_ret=187.1s avg_lap=384.0s best_lap=375.8
t=18405.9 TOTAL laps=272 crashes=5
t=18406.0 TUNER gen=4 results=21/64 pending=8 active=8 remaining=43 next_trial=286 rounds=[4,3,3,4,3,4,4,4]
t=18412.5 LZ_REACHED craft=Aircraft_9_nav_r6_281 route=6 outbound=180.9s t=18412.5
t=18433.5 LZ_REACHED craft=Aircraft_9_nav_r3_280 route=3 outbound=241.9s t=18433.5
t=18435.9 ==== SUMMARY t=18435.9 ====
t=18435.9 route=1 laps=32 crashes=3 avg_out=156.9s avg_ret=175.4s avg_lap=343.9s best_lap=337.7
t=18435.9 route=2 laps=34 crashes=0 avg_out=214.4s avg_ret=249.8s avg_lap=476.2s best_lap=454.8
t=18435.9 route=3 laps=33 crashes=1 avg_out=243.7s avg_ret=270.3s avg_lap=525.9s best_lap=508.2
t=18435.9 route=4 laps=35 crashes=0 avg_out=200.3s avg_ret=168.9s avg_lap=381.3s best_lap=374.9
t=18435.9 route=5 laps=34 crashes=0 avg_out=293.9s avg_ret=257.9s avg_lap=563.8s best_lap=553.2
t=18436.0 route=6 laps=35 crashes=0 avg_out=179.2s avg_ret=159.1s avg_lap=350.3s best_lap=344.4
t=18436.0 route=7 laps=35 crashes=0 avg_out=198.0s avg_ret=157.9s avg_lap=367.9s best_lap=355.8
t=18436.0 route=8 laps=34 crashes=1 avg_out=184.9s avg_ret=187.1s avg_lap=384.0s best_lap=375.8
t=18436.0 TOTAL laps=272 crashes=5
t=18436.0 TUNER gen=4 results=21/64 pending=8 active=8 remaining=43 next_trial=286 rounds=[4,3,3,4,3,4,4,4]
t=18438.8 LAP_CAPTURE craft=Aircraft_9_nav_r1_279 route=1 return=172.2s lap=342.7s carrier_dist=200m t=18438.8
t=18457.7 SPAWN craft=Aircraft_9_nav_r1_286 route=1 candidate=5 trial=286 t=18457.7
t=18466.0 ==== SUMMARY t=18466.0 ====
t=18466.0 route=1 laps=33 crashes=3 avg_out=156.9s avg_ret=175.3s avg_lap=343.9s best_lap=337.7
t=18466.0 route=2 laps=34 crashes=0 avg_out=214.4s avg_ret=249.8s avg_lap=476.2s best_lap=454.8
t=18466.0 route=3 laps=33 crashes=1 avg_out=243.7s avg_ret=270.3s avg_lap=525.9s best_lap=508.2
t=18466.0 route=4 laps=35 crashes=0 avg_out=200.3s avg_ret=168.9s avg_lap=381.3s best_lap=374.9
t=18466.0 route=5 laps=34 crashes=0 avg_out=293.9s avg_ret=257.9s avg_lap=563.8s best_lap=553.2
t=18466.0 route=6 laps=35 crashes=0 avg_out=179.2s avg_ret=159.1s avg_lap=350.3s best_lap=344.4
t=18466.0 route=7 laps=35 crashes=0 avg_out=198.0s avg_ret=157.9s avg_lap=367.9s best_lap=355.8
t=18466.0 route=8 laps=34 crashes=1 avg_out=184.9s avg_ret=187.1s avg_lap=384.0s best_lap=375.8
t=18466.0 TOTAL laps=273 crashes=5
t=18466.0 TUNER gen=4 results=22/64 pending=8 active=8 remaining=42 next_trial=287 rounds=[5,3,3,4,3,4,4,4]
t=18484.3 LZ_REACHED craft=Aircraft_9_nav_r4_283 route=4 outbound=197.3s t=18484.3
t=18496.0 ==== SUMMARY t=18496.0 ====
t=18496.0 route=1 laps=33 crashes=3 avg_out=156.9s avg_ret=175.3s avg_lap=343.9s best_lap=337.7
t=18496.0 route=2 laps=34 crashes=0 avg_out=214.4s avg_ret=249.8s avg_lap=476.2s best_lap=454.8
t=18496.0 route=3 laps=33 crashes=1 avg_out=243.7s avg_ret=270.3s avg_lap=525.9s best_lap=508.2
t=18496.0 route=4 laps=35 crashes=0 avg_out=200.2s avg_ret=168.9s avg_lap=381.3s best_lap=374.9
t=18496.0 route=5 laps=34 crashes=0 avg_out=293.9s avg_ret=257.9s avg_lap=563.8s best_lap=553.2
t=18496.0 route=6 laps=35 crashes=0 avg_out=179.2s avg_ret=159.1s avg_lap=350.3s best_lap=344.4
t=18496.0 route=7 laps=35 crashes=0 avg_out=198.0s avg_ret=157.9s avg_lap=367.9s best_lap=355.8
t=18496.0 route=8 laps=34 crashes=1 avg_out=184.9s avg_ret=187.1s avg_lap=384.0s best_lap=375.8
t=18496.0 TOTAL laps=273 crashes=5
t=18496.0 TUNER gen=4 results=22/64 pending=8 active=8 remaining=42 next_trial=287 rounds=[5,3,3,4,3,4,4,4]
t=18504.5 LZ_REACHED craft=Aircraft_9_nav_r7_284 route=7 outbound=197.4s t=18504.5
t=18509.6 LAP_CAPTURE craft=Aircraft_9_nav_r2_278 route=2 return=256.4s lap=483.8s carrier_dist=200m t=18509.6
t=18526.0 ==== SUMMARY t=18526.0 ====
t=18526.0 route=1 laps=33 crashes=3 avg_out=156.9s avg_ret=175.3s avg_lap=343.9s best_lap=337.7
t=18526.0 route=2 laps=35 crashes=0 avg_out=214.4s avg_ret=250.0s avg_lap=476.4s best_lap=454.8
t=18526.1 route=3 laps=33 crashes=1 avg_out=243.7s avg_ret=270.3s avg_lap=525.9s best_lap=508.2
t=18526.1 route=4 laps=35 crashes=0 avg_out=200.2s avg_ret=168.9s avg_lap=381.3s best_lap=374.9
t=18526.1 route=5 laps=34 crashes=0 avg_out=293.9s avg_ret=257.9s avg_lap=563.8s best_lap=553.2
t=18526.1 route=6 laps=35 crashes=0 avg_out=179.2s avg_ret=159.1s avg_lap=350.3s best_lap=344.4
t=18526.1 route=7 laps=35 crashes=0 avg_out=198.0s avg_ret=157.9s avg_lap=367.9s best_lap=355.8
t=18526.1 route=8 laps=34 crashes=1 avg_out=184.9s avg_ret=187.1s avg_lap=384.0s best_lap=375.8
t=18526.1 TOTAL laps=274 crashes=5
t=18526.1 TUNER gen=4 results=23/64 pending=8 active=8 remaining=41 next_trial=288 rounds=[5,4,3,4,3,4,4,4]
t=18528.0 SPAWN craft=Aircraft_9_nav_r2_287 route=2 candidate=5 trial=287 t=18528.0
t=18549.4 LZ_REACHED craft=Aircraft_9_nav_r5_282 route=5 outbound=292.4s t=18549.4
t=18553.5 LZ_REACHED craft=Aircraft_9_nav_r8_285 route=8 outbound=181.1s t=18553.5
t=18556.1 ==== SUMMARY t=18556.1 ====
t=18556.1 route=1 laps=33 crashes=3 avg_out=156.9s avg_ret=175.3s avg_lap=343.9s best_lap=337.7
t=18556.1 route=2 laps=35 crashes=0 avg_out=214.4s avg_ret=250.0s avg_lap=476.4s best_lap=454.8
t=18556.1 route=3 laps=33 crashes=1 avg_out=243.7s avg_ret=270.3s avg_lap=525.9s best_lap=508.2
t=18556.1 route=4 laps=35 crashes=0 avg_out=200.2s avg_ret=168.9s avg_lap=381.3s best_lap=374.9
t=18556.1 route=5 laps=34 crashes=0 avg_out=293.9s avg_ret=257.9s avg_lap=563.8s best_lap=553.2
t=18556.1 route=6 laps=35 crashes=0 avg_out=179.2s avg_ret=159.1s avg_lap=350.3s best_lap=344.4
t=18556.1 route=7 laps=35 crashes=0 avg_out=198.0s avg_ret=157.9s avg_lap=367.9s best_lap=355.8
t=18556.1 route=8 laps=34 crashes=1 avg_out=184.8s avg_ret=187.1s avg_lap=384.0s best_lap=375.8
t=18556.1 TOTAL laps=274 crashes=5
t=18556.1 TUNER gen=4 results=23/64 pending=8 active=8 remaining=41 next_trial=288 rounds=[5,4,3,4,3,4,4,4]
t=18580.3 LAP_CAPTURE craft=Aircraft_9_nav_r6_281 route=6 return=155.8s lap=348.7s carrier_dist=200m t=18580.3
t=18586.2 ==== SUMMARY t=18586.2 ====
t=18586.2 route=1 laps=33 crashes=3 avg_out=156.9s avg_ret=175.3s avg_lap=343.9s best_lap=337.7
t=18586.2 route=2 laps=35 crashes=0 avg_out=214.4s avg_ret=250.0s avg_lap=476.4s best_lap=454.8
t=18586.2 route=3 laps=33 crashes=1 avg_out=243.7s avg_ret=270.3s avg_lap=525.9s best_lap=508.2
t=18586.2 route=4 laps=35 crashes=0 avg_out=200.2s avg_ret=168.9s avg_lap=381.3s best_lap=374.9
t=18586.2 route=5 laps=34 crashes=0 avg_out=293.9s avg_ret=257.9s avg_lap=563.8s best_lap=553.2
t=18586.2 route=6 laps=36 crashes=0 avg_out=179.2s avg_ret=159.0s avg_lap=350.2s best_lap=344.4
t=18586.2 route=7 laps=35 crashes=0 avg_out=198.0s avg_ret=157.9s avg_lap=367.9s best_lap=355.8
t=18586.3 route=8 laps=34 crashes=1 avg_out=184.8s avg_ret=187.1s avg_lap=384.0s best_lap=375.8
t=18586.3 TOTAL laps=275 crashes=5
t=18586.3 TUNER gen=4 results=24/64 pending=7 active=7 remaining=40 next_trial=288 rounds=[5,4,3,4,3,4,4,4]
t=18598.4 SPAWN craft=Aircraft_9_nav_r6_288 route=6 candidate=2 trial=288 t=18598.4
t=18609.7 LZ_REACHED craft=Aircraft_9_nav_r1_286 route=1 outbound=152.0s t=18609.7
t=18616.2 ==== SUMMARY t=18616.2 ====
t=18616.2 route=1 laps=33 crashes=3 avg_out=156.8s avg_ret=175.3s avg_lap=343.9s best_lap=337.7
t=18616.2 route=2 laps=35 crashes=0 avg_out=214.4s avg_ret=250.0s avg_lap=476.4s best_lap=454.8
t=18616.2 route=3 laps=33 crashes=1 avg_out=243.7s avg_ret=270.3s avg_lap=525.9s best_lap=508.2
t=18616.2 route=4 laps=35 crashes=0 avg_out=200.2s avg_ret=168.9s avg_lap=381.3s best_lap=374.9
t=18616.2 route=5 laps=34 crashes=0 avg_out=293.9s avg_ret=257.9s avg_lap=563.8s best_lap=553.2
t=18616.3 route=6 laps=36 crashes=0 avg_out=179.2s avg_ret=159.0s avg_lap=350.2s best_lap=344.4
t=18616.3 route=7 laps=35 crashes=0 avg_out=198.0s avg_ret=157.9s avg_lap=367.9s best_lap=355.8
t=18616.3 route=8 laps=34 crashes=1 avg_out=184.8s avg_ret=187.1s avg_lap=384.0s best_lap=375.8
t=18616.3 TOTAL laps=275 crashes=5
t=18616.3 TUNER gen=4 results=24/64 pending=8 active=8 remaining=40 next_trial=289 rounds=[5,4,3,4,3,5,4,4]
t=18646.3 ==== SUMMARY t=18646.3 ====
t=18646.3 route=1 laps=33 crashes=3 avg_out=156.8s avg_ret=175.3s avg_lap=343.9s best_lap=337.7
t=18646.3 route=2 laps=35 crashes=0 avg_out=214.4s avg_ret=250.0s avg_lap=476.4s best_lap=454.8
t=18646.3 route=3 laps=33 crashes=1 avg_out=243.7s avg_ret=270.3s avg_lap=525.9s best_lap=508.2
t=18646.3 route=4 laps=35 crashes=0 avg_out=200.2s avg_ret=168.9s avg_lap=381.3s best_lap=374.9
t=18646.3 route=5 laps=34 crashes=0 avg_out=293.9s avg_ret=257.9s avg_lap=563.8s best_lap=553.2
t=18646.3 route=6 laps=36 crashes=0 avg_out=179.2s avg_ret=159.0s avg_lap=350.2s best_lap=344.4
t=18646.3 route=7 laps=35 crashes=0 avg_out=198.0s avg_ret=157.9s avg_lap=367.9s best_lap=355.8
t=18646.3 route=8 laps=34 crashes=1 avg_out=184.8s avg_ret=187.1s avg_lap=384.0s best_lap=375.8
t=18646.3 TOTAL laps=275 crashes=5
t=18646.3 TUNER gen=4 results=24/64 pending=8 active=8 remaining=40 next_trial=289 rounds=[5,4,3,4,3,5,4,4]
t=18664.4 LAP_CAPTURE craft=Aircraft_9_nav_r4_283 route=4 return=168.2s lap=377.5s carrier_dist=200m t=18664.4
t=18673.2 LAP_CAPTURE craft=Aircraft_9_nav_r7_284 route=7 return=156.7s lap=366.1s carrier_dist=200m t=18673.2
t=18676.3 ==== SUMMARY t=18676.3 ====
t=18676.3 route=1 laps=33 crashes=3 avg_out=156.8s avg_ret=175.3s avg_lap=343.9s best_lap=337.7
t=18676.3 route=2 laps=35 crashes=0 avg_out=214.4s avg_ret=250.0s avg_lap=476.4s best_lap=454.8
t=18676.3 route=3 laps=33 crashes=1 avg_out=243.7s avg_ret=270.3s avg_lap=525.9s best_lap=508.2
t=18676.3 route=4 laps=36 crashes=0 avg_out=200.2s avg_ret=168.9s avg_lap=381.2s best_lap=374.9
t=18676.3 route=5 laps=34 crashes=0 avg_out=293.9s avg_ret=257.9s avg_lap=563.8s best_lap=553.2
t=18676.3 route=6 laps=36 crashes=0 avg_out=179.2s avg_ret=159.0s avg_lap=350.2s best_lap=344.4
t=18676.3 route=7 laps=36 crashes=0 avg_out=198.0s avg_ret=157.8s avg_lap=367.8s best_lap=355.8
t=18676.3 route=8 laps=34 crashes=1 avg_out=184.8s avg_ret=187.1s avg_lap=384.0s best_lap=375.8
t=18676.3 TOTAL laps=277 crashes=5
t=18676.3 TUNER gen=4 results=26/64 pending=7 active=7 remaining=38 next_trial=290 rounds=[5,4,3,5,3,5,4,4]
t=18682.9 LAUNCH_BLOCKED reason=deck_busy active=7 stored=1 no_active_s=0.0 state=AIRCRAFT_ON_DECK tractor_cleanup=false elevator_transfer=false deck=Aircraft_9_nav_r4_289 pending=none clearance=none queue=0
t=18683.6 SPAWN craft=Aircraft_9_nav_r4_289 route=4 candidate=8 trial=289 t=18683.6
t=18703.7 SPAWN craft=Aircraft_9_nav_r7_290 route=7 candidate=3 trial=290 t=18703.7
t=18706.3 ==== SUMMARY t=18706.3 ====
t=18706.3 route=1 laps=33 crashes=3 avg_out=156.8s avg_ret=175.3s avg_lap=343.9s best_lap=337.7
t=18706.3 route=2 laps=35 crashes=0 avg_out=214.4s avg_ret=250.0s avg_lap=476.4s best_lap=454.8
t=18706.3 route=3 laps=33 crashes=1 avg_out=243.7s avg_ret=270.3s avg_lap=525.9s best_lap=508.2
t=18706.3 route=4 laps=36 crashes=0 avg_out=200.2s avg_ret=168.9s avg_lap=381.2s best_lap=374.9
t=18706.3 route=5 laps=34 crashes=0 avg_out=293.9s avg_ret=257.9s avg_lap=563.8s best_lap=553.2
t=18706.3 route=6 laps=36 crashes=0 avg_out=179.2s avg_ret=159.0s avg_lap=350.2s best_lap=344.4
t=18706.3 route=7 laps=36 crashes=0 avg_out=198.0s avg_ret=157.8s avg_lap=367.8s best_lap=355.8
t=18706.3 route=8 laps=34 crashes=1 avg_out=184.8s avg_ret=187.1s avg_lap=384.0s best_lap=375.8
t=18706.3 TOTAL laps=277 crashes=5
t=18706.3 TUNER gen=4 results=26/64 pending=8 active=8 remaining=38 next_trial=291 rounds=[5,4,3,5,3,5,5,4]
t=18711.4 LAP_CAPTURE craft=Aircraft_9_nav_r3_280 route=3 return=265.9s lap=519.8s carrier_dist=200m t=18711.4
t=18728.9 SPAWN craft=Aircraft_9_nav_r3_291 route=3 candidate=6 trial=291 t=18728.9
t=18736.4 ==== SUMMARY t=18736.4 ====
t=18736.4 route=1 laps=33 crashes=3 avg_out=156.8s avg_ret=175.3s avg_lap=343.9s best_lap=337.7
t=18736.4 route=2 laps=35 crashes=0 avg_out=214.4s avg_ret=250.0s avg_lap=476.4s best_lap=454.8
t=18736.4 route=3 laps=34 crashes=1 avg_out=243.7s avg_ret=270.1s avg_lap=525.7s best_lap=508.2
t=18736.4 route=4 laps=36 crashes=0 avg_out=200.2s avg_ret=168.9s avg_lap=381.2s best_lap=374.9
t=18736.4 route=5 laps=34 crashes=0 avg_out=293.9s avg_ret=257.9s avg_lap=563.8s best_lap=553.2
t=18736.4 route=6 laps=36 crashes=0 avg_out=179.2s avg_ret=159.0s avg_lap=350.2s best_lap=344.4
t=18736.4 route=7 laps=36 crashes=0 avg_out=198.0s avg_ret=157.8s avg_lap=367.8s best_lap=355.8
t=18736.4 route=8 laps=34 crashes=1 avg_out=184.8s avg_ret=187.1s avg_lap=384.0s best_lap=375.8
t=18736.4 TOTAL laps=278 crashes=5
t=18736.4 TUNER gen=4 results=27/64 pending=8 active=8 remaining=37 next_trial=292 rounds=[5,4,4,5,3,5,5,4]
t=18742.4 LZ_REACHED craft=Aircraft_9_nav_r2_287 route=2 outbound=214.3s t=18742.3
t=18750.5 LAP_CAPTURE craft=Aircraft_9_nav_r8_285 route=8 return=184.9s lap=378.1s carrier_dist=200m t=18750.5
t=18766.4 ==== SUMMARY t=18766.4 ====
t=18766.4 route=1 laps=33 crashes=3 avg_out=156.8s avg_ret=175.3s avg_lap=343.9s best_lap=337.7
t=18766.4 route=2 laps=35 crashes=0 avg_out=214.4s avg_ret=250.0s avg_lap=476.4s best_lap=454.8
t=18766.4 route=3 laps=34 crashes=1 avg_out=243.7s avg_ret=270.1s avg_lap=525.7s best_lap=508.2
t=18766.4 route=4 laps=36 crashes=0 avg_out=200.2s avg_ret=168.9s avg_lap=381.2s best_lap=374.9
t=18766.4 route=5 laps=34 crashes=0 avg_out=293.9s avg_ret=257.9s avg_lap=563.8s best_lap=553.2
t=18766.4 route=6 laps=36 crashes=0 avg_out=179.2s avg_ret=159.0s avg_lap=350.2s best_lap=344.4
t=18766.4 route=7 laps=36 crashes=0 avg_out=198.0s avg_ret=157.8s avg_lap=367.8s best_lap=355.8
t=18766.4 route=8 laps=35 crashes=1 avg_out=184.8s avg_ret=187.0s avg_lap=383.8s best_lap=375.8
t=18766.4 TOTAL laps=279 crashes=5
t=18766.4 TUNER gen=4 results=28/64 pending=8 active=8 remaining=36 next_trial=293 rounds=[5,4,4,5,3,5,5,5]
t=18769.0 SPAWN craft=Aircraft_9_nav_r8_292 route=8 candidate=4 trial=292 t=18769.0
t=18778.9 LZ_REACHED craft=Aircraft_9_nav_r6_288 route=6 outbound=180.5s t=18778.9
t=18795.6 LAP_CAPTURE craft=Aircraft_9_nav_r1_286 route=1 return=173.9s lap=337.9s carrier_dist=200m t=18795.6
t=18796.4 ==== SUMMARY t=18796.4 ====
t=18796.4 route=1 laps=34 crashes=3 avg_out=156.8s avg_ret=175.2s avg_lap=343.7s best_lap=337.7
t=18796.4 route=2 laps=35 crashes=0 avg_out=214.4s avg_ret=250.0s avg_lap=476.4s best_lap=454.8
t=18796.4 route=3 laps=34 crashes=1 avg_out=243.7s avg_ret=270.1s avg_lap=525.7s best_lap=508.2
t=18796.4 route=4 laps=36 crashes=0 avg_out=200.2s avg_ret=168.9s avg_lap=381.2s best_lap=374.9
t=18796.4 route=5 laps=34 crashes=0 avg_out=293.9s avg_ret=257.9s avg_lap=563.8s best_lap=553.2
t=18796.4 route=6 laps=36 crashes=0 avg_out=179.2s avg_ret=159.0s avg_lap=350.2s best_lap=344.4
t=18796.4 route=7 laps=36 crashes=0 avg_out=198.0s avg_ret=157.8s avg_lap=367.8s best_lap=355.8
t=18796.4 route=8 laps=35 crashes=1 avg_out=184.8s avg_ret=187.0s avg_lap=383.8s best_lap=375.8
t=18796.4 TOTAL laps=280 crashes=5
t=18796.4 TUNER gen=4 results=29/64 pending=7 active=7 remaining=35 next_trial=293 rounds=[5,4,4,5,3,5,5,5]
t=18814.2 SPAWN craft=Aircraft_9_nav_r1_293 route=1 candidate=6 trial=293 t=18814.2
t=18817.2 LAP_CAPTURE craft=Aircraft_9_nav_r5_282 route=5 return=255.8s lap=560.2s carrier_dist=200m t=18817.2
t=18826.5 ==== SUMMARY t=18826.5 ====
t=18826.5 route=1 laps=34 crashes=3 avg_out=156.8s avg_ret=175.2s avg_lap=343.7s best_lap=337.7
t=18826.5 route=2 laps=35 crashes=0 avg_out=214.4s avg_ret=250.0s avg_lap=476.4s best_lap=454.8
t=18826.5 route=3 laps=34 crashes=1 avg_out=243.7s avg_ret=270.1s avg_lap=525.7s best_lap=508.2
t=18826.5 route=4 laps=36 crashes=0 avg_out=200.2s avg_ret=168.9s avg_lap=381.2s best_lap=374.9
t=18826.5 route=5 laps=35 crashes=0 avg_out=293.9s avg_ret=257.8s avg_lap=563.7s best_lap=553.2
t=18826.5 route=6 laps=36 crashes=0 avg_out=179.2s avg_ret=159.0s avg_lap=350.2s best_lap=344.4
t=18826.5 route=7 laps=36 crashes=0 avg_out=198.0s avg_ret=157.8s avg_lap=367.8s best_lap=355.8
t=18826.5 route=8 laps=35 crashes=1 avg_out=184.8s avg_ret=187.0s avg_lap=383.8s best_lap=375.8
t=18826.5 TOTAL laps=281 crashes=5
t=18826.5 TUNER gen=4 results=30/64 pending=8 active=8 remaining=34 next_trial=295 rounds=[6,4,4,5,4,5,5,5]
t=18834.4 SPAWN craft=Aircraft_9_nav_r5_294 route=5 candidate=8 trial=294 t=18834.4
t=18856.6 ==== SUMMARY t=18856.6 ====
t=18856.6 route=1 laps=34 crashes=3 avg_out=156.8s avg_ret=175.2s avg_lap=343.7s best_lap=337.7
t=18856.6 route=2 laps=35 crashes=0 avg_out=214.4s avg_ret=250.0s avg_lap=476.4s best_lap=454.8
t=18856.6 route=3 laps=34 crashes=1 avg_out=243.7s avg_ret=270.1s avg_lap=525.7s best_lap=508.2
t=18856.6 route=4 laps=36 crashes=0 avg_out=200.2s avg_ret=168.9s avg_lap=381.2s best_lap=374.9
t=18856.6 route=5 laps=35 crashes=0 avg_out=293.9s avg_ret=257.8s avg_lap=563.7s best_lap=553.2
t=18856.6 route=6 laps=36 crashes=0 avg_out=179.2s avg_ret=159.0s avg_lap=350.2s best_lap=344.4
t=18856.6 route=7 laps=36 crashes=0 avg_out=198.0s avg_ret=157.8s avg_lap=367.8s best_lap=355.8
t=18856.6 route=8 laps=35 crashes=1 avg_out=184.8s avg_ret=187.0s avg_lap=383.8s best_lap=375.8
t=18856.6 TOTAL laps=281 crashes=5
t=18856.6 TUNER gen=4 results=30/64 pending=8 active=8 remaining=34 next_trial=295 rounds=[6,4,4,5,4,5,5,5]
t=18882.7 LZ_REACHED craft=Aircraft_9_nav_r4_289 route=4 outbound=199.1s t=18882.7
t=18886.6 ==== SUMMARY t=18886.6 ====
t=18886.6 route=1 laps=34 crashes=3 avg_out=156.8s avg_ret=175.2s avg_lap=343.7s best_lap=337.7
t=18886.6 route=2 laps=35 crashes=0 avg_out=214.4s avg_ret=250.0s avg_lap=476.4s best_lap=454.8
t=18886.6 route=3 laps=34 crashes=1 avg_out=243.7s avg_ret=270.1s avg_lap=525.7s best_lap=508.2
t=18886.6 route=4 laps=36 crashes=0 avg_out=200.2s avg_ret=168.9s avg_lap=381.2s best_lap=374.9
t=18886.6 route=5 laps=35 crashes=0 avg_out=293.9s avg_ret=257.8s avg_lap=563.7s best_lap=553.2
t=18886.6 route=6 laps=36 crashes=0 avg_out=179.2s avg_ret=159.0s avg_lap=350.2s best_lap=344.4
t=18886.6 route=7 laps=36 crashes=0 avg_out=198.0s avg_ret=157.8s avg_lap=367.8s best_lap=355.8
t=18886.6 route=8 laps=35 crashes=1 avg_out=184.8s avg_ret=187.0s avg_lap=383.8s best_lap=375.8
t=18886.6 TOTAL laps=281 crashes=5
t=18886.6 TUNER gen=4 results=30/64 pending=8 active=8 remaining=34 next_trial=295 rounds=[6,4,4,5,4,5,5,5]
t=18901.3 LZ_REACHED craft=Aircraft_9_nav_r7_290 route=7 outbound=197.5s t=18901.3
t=18916.6 ==== SUMMARY t=18916.6 ====
t=18916.6 route=1 laps=34 crashes=3 avg_out=156.8s avg_ret=175.2s avg_lap=343.7s best_lap=337.7
t=18916.6 route=2 laps=35 crashes=0 avg_out=214.4s avg_ret=250.0s avg_lap=476.4s best_lap=454.8
t=18916.6 route=3 laps=34 crashes=1 avg_out=243.7s avg_ret=270.1s avg_lap=525.7s best_lap=508.2
t=18916.6 route=4 laps=36 crashes=0 avg_out=200.2s avg_ret=168.9s avg_lap=381.2s best_lap=374.9
t=18916.6 route=5 laps=35 crashes=0 avg_out=293.9s avg_ret=257.8s avg_lap=563.7s best_lap=553.2
t=18916.6 route=6 laps=36 crashes=0 avg_out=179.2s avg_ret=159.0s avg_lap=350.2s best_lap=344.4
t=18916.7 route=7 laps=36 crashes=0 avg_out=198.0s avg_ret=157.8s avg_lap=367.8s best_lap=355.8
t=18916.7 route=8 laps=35 crashes=1 avg_out=184.8s avg_ret=187.0s avg_lap=383.8s best_lap=375.8
t=18916.7 TOTAL laps=281 crashes=5
t=18916.7 TUNER gen=4 results=30/64 pending=8 active=8 remaining=34 next_trial=295 rounds=[6,4,4,5,4,5,5,5]
t=18946.0 LAP_CAPTURE craft=Aircraft_9_nav_r6_288 route=6 return=155.1s lap=347.6s carrier_dist=200m t=18946.0
t=18946.6 ==== SUMMARY t=18946.6 ====
t=18946.6 route=1 laps=34 crashes=3 avg_out=156.8s avg_ret=175.2s avg_lap=343.7s best_lap=337.7
t=18946.6 route=2 laps=35 crashes=0 avg_out=214.4s avg_ret=250.0s avg_lap=476.4s best_lap=454.8
t=18946.7 route=3 laps=34 crashes=1 avg_out=243.7s avg_ret=270.1s avg_lap=525.7s best_lap=508.2
t=18946.7 route=4 laps=36 crashes=0 avg_out=200.2s avg_ret=168.9s avg_lap=381.2s best_lap=374.9
t=18946.7 route=5 laps=35 crashes=0 avg_out=293.9s avg_ret=257.8s avg_lap=563.7s best_lap=553.2
t=18946.7 route=6 laps=37 crashes=0 avg_out=179.2s avg_ret=158.9s avg_lap=350.1s best_lap=344.4
t=18946.7 route=7 laps=36 crashes=0 avg_out=198.0s avg_ret=157.8s avg_lap=367.8s best_lap=355.8
t=18946.7 route=8 laps=35 crashes=1 avg_out=184.8s avg_ret=187.0s avg_lap=383.8s best_lap=375.8
t=18946.7 TOTAL laps=282 crashes=5
t=18946.7 TUNER gen=4 results=31/64 pending=7 active=7 remaining=33 next_trial=295 rounds=[6,4,4,5,4,5,5,5]
t=18953.9 LZ_REACHED craft=Aircraft_9_nav_r8_292 route=8 outbound=184.9s t=18953.9
t=18964.8 SPAWN craft=Aircraft_9_nav_r6_295 route=6 candidate=3 trial=295 t=18964.8
t=18972.3 LZ_REACHED craft=Aircraft_9_nav_r1_293 route=1 outbound=158.1s t=18972.3
t=18972.3 LZ_REACHED craft=Aircraft_9_nav_r3_291 route=3 outbound=243.5s t=18972.3
t=18976.7 ==== SUMMARY t=18976.7 ====
t=18976.7 route=1 laps=34 crashes=3 avg_out=156.8s avg_ret=175.2s avg_lap=343.7s best_lap=337.7
t=18976.7 route=2 laps=35 crashes=0 avg_out=214.4s avg_ret=250.0s avg_lap=476.4s best_lap=454.8
t=18976.7 route=3 laps=34 crashes=1 avg_out=243.7s avg_ret=270.1s avg_lap=525.7s best_lap=508.2
t=18976.7 route=4 laps=36 crashes=0 avg_out=200.2s avg_ret=168.9s avg_lap=381.2s best_lap=374.9
t=18976.7 route=5 laps=35 crashes=0 avg_out=293.9s avg_ret=257.8s avg_lap=563.7s best_lap=553.2
t=18976.7 route=6 laps=37 crashes=0 avg_out=179.2s avg_ret=158.9s avg_lap=350.1s best_lap=344.4
t=18976.7 route=7 laps=36 crashes=0 avg_out=198.0s avg_ret=157.8s avg_lap=367.8s best_lap=355.8
t=18976.7 route=8 laps=35 crashes=1 avg_out=184.8s avg_ret=187.0s avg_lap=383.8s best_lap=375.8
t=18976.7 TOTAL laps=282 crashes=5
t=18976.7 TUNER gen=4 results=31/64 pending=8 active=8 remaining=33 next_trial=296 rounds=[6,4,4,5,4,6,5,5]
t=18986.9 LAP_CAPTURE craft=Aircraft_9_nav_r2_287 route=2 return=232.5s lap=458.8s carrier_dist=200m t=18986.8
t=19005.1 SPAWN craft=Aircraft_9_nav_r2_296 route=2 candidate=6 trial=296 t=19005.1
t=19006.8 ==== SUMMARY t=19006.8 ====
t=19006.8 route=1 laps=34 crashes=3 avg_out=156.8s avg_ret=175.2s avg_lap=343.7s best_lap=337.7
t=19006.8 route=2 laps=36 crashes=0 avg_out=214.4s avg_ret=249.5s avg_lap=475.9s best_lap=454.8
t=19006.8 route=3 laps=34 crashes=1 avg_out=243.7s avg_ret=270.1s avg_lap=525.7s best_lap=508.2
t=19006.9 route=4 laps=36 crashes=0 avg_out=200.2s avg_ret=168.9s avg_lap=381.2s best_lap=374.9
t=19006.9 route=5 laps=35 crashes=0 avg_out=293.9s avg_ret=257.8s avg_lap=563.7s best_lap=553.2
t=19006.9 route=6 laps=37 crashes=0 avg_out=179.2s avg_ret=158.9s avg_lap=350.1s best_lap=344.4
t=19006.9 route=7 laps=36 crashes=0 avg_out=198.0s avg_ret=157.8s avg_lap=367.8s best_lap=355.8
t=19006.9 route=8 laps=35 crashes=1 avg_out=184.8s avg_ret=187.0s avg_lap=383.8s best_lap=375.8
t=19006.9 TOTAL laps=283 crashes=5
t=19006.9 TUNER gen=4 results=32/64 pending=8 active=8 remaining=32 next_trial=297 rounds=[6,5,4,5,4,6,5,5]
t=19036.9 ==== SUMMARY t=19036.9 ====
t=19036.9 route=1 laps=34 crashes=3 avg_out=156.8s avg_ret=175.2s avg_lap=343.7s best_lap=337.7
t=19036.9 route=2 laps=36 crashes=0 avg_out=214.4s avg_ret=249.5s avg_lap=475.9s best_lap=454.8
t=19036.9 route=3 laps=34 crashes=1 avg_out=243.7s avg_ret=270.1s avg_lap=525.7s best_lap=508.2
t=19036.9 route=4 laps=36 crashes=0 avg_out=200.2s avg_ret=168.9s avg_lap=381.2s best_lap=374.9
t=19036.9 route=5 laps=35 crashes=0 avg_out=293.9s avg_ret=257.8s avg_lap=563.7s best_lap=553.2
t=19036.9 route=6 laps=37 crashes=0 avg_out=179.2s avg_ret=158.9s avg_lap=350.1s best_lap=344.4
t=19036.9 route=7 laps=36 crashes=0 avg_out=198.0s avg_ret=157.8s avg_lap=367.8s best_lap=355.8
t=19036.9 route=8 laps=35 crashes=1 avg_out=184.8s avg_ret=187.0s avg_lap=383.8s best_lap=375.8
t=19036.9 TOTAL laps=283 crashes=5
t=19036.9 TUNER gen=4 results=32/64 pending=8 active=8 remaining=32 next_trial=297 rounds=[6,5,4,5,4,6,5,5]
t=19062.8 LAP_CAPTURE craft=Aircraft_9_nav_r4_289 route=4 return=168.1s lap=379.1s carrier_dist=200m t=19062.8
t=19066.9 ==== SUMMARY t=19066.9 ====
t=19066.9 route=1 laps=34 crashes=3 avg_out=156.8s avg_ret=175.2s avg_lap=343.7s best_lap=337.7
t=19066.9 route=2 laps=36 crashes=0 avg_out=214.4s avg_ret=249.5s avg_lap=475.9s best_lap=454.8
t=19066.9 route=3 laps=34 crashes=1 avg_out=243.7s avg_ret=270.1s avg_lap=525.7s best_lap=508.2
t=19066.9 route=4 laps=37 crashes=0 avg_out=200.2s avg_ret=168.9s avg_lap=381.1s best_lap=374.9
t=19066.9 route=5 laps=35 crashes=0 avg_out=293.9s avg_ret=257.8s avg_lap=563.7s best_lap=553.2
t=19066.9 route=6 laps=37 crashes=0 avg_out=179.2s avg_ret=158.9s avg_lap=350.1s best_lap=344.4
t=19066.9 route=7 laps=36 crashes=0 avg_out=198.0s avg_ret=157.8s avg_lap=367.8s best_lap=355.8
t=19066.9 route=8 laps=35 crashes=1 avg_out=184.8s avg_ret=187.0s avg_lap=383.8s best_lap=375.8
t=19066.9 TOTAL laps=284 crashes=5
t=19066.9 TUNER gen=4 results=33/64 pending=7 active=7 remaining=31 next_trial=297 rounds=[6,5,4,5,4,6,5,5]
t=19069.7 LAP_CAPTURE craft=Aircraft_9_nav_r7_290 route=7 return=156.4s lap=366.0s carrier_dist=200m t=19069.7
t=19079.6 LAUNCH_BLOCKED reason=deck_busy active=7 stored=1 no_active_s=0.0 state=AIRCRAFT_ON_DECK tractor_cleanup=false elevator_transfer=false deck=Aircraft_9_nav_r4_297 pending=none clearance=none queue=0
t=19080.2 SPAWN craft=Aircraft_9_nav_r4_297 route=4 candidate=1 trial=297 t=19080.2
t=19096.9 ==== SUMMARY t=19096.9 ====
t=19096.9 route=1 laps=34 crashes=3 avg_out=156.8s avg_ret=175.2s avg_lap=343.7s best_lap=337.7
t=19096.9 route=2 laps=36 crashes=0 avg_out=214.4s avg_ret=249.5s avg_lap=475.9s best_lap=454.8
t=19096.9 route=3 laps=34 crashes=1 avg_out=243.7s avg_ret=270.1s avg_lap=525.7s best_lap=508.2
t=19096.9 route=4 laps=37 crashes=0 avg_out=200.2s avg_ret=168.9s avg_lap=381.1s best_lap=374.9
t=19096.9 route=5 laps=35 crashes=0 avg_out=293.9s avg_ret=257.8s avg_lap=563.7s best_lap=553.2
t=19096.9 route=6 laps=37 crashes=0 avg_out=179.2s avg_ret=158.9s avg_lap=350.1s best_lap=344.4
t=19096.9 route=7 laps=37 crashes=0 avg_out=198.0s avg_ret=157.8s avg_lap=367.8s best_lap=355.8
t=19096.9 route=8 laps=35 crashes=1 avg_out=184.8s avg_ret=187.0s avg_lap=383.8s best_lap=375.8
t=19096.9 TOTAL laps=285 crashes=5
t=19097.0 TUNER gen=4 results=34/64 pending=8 active=8 remaining=30 next_trial=299 rounds=[6,5,4,6,4,6,6,5]
t=19100.4 SPAWN craft=Aircraft_9_nav_r7_298 route=7 candidate=4 trial=298 t=19100.4
t=19126.4 LZ_REACHED craft=Aircraft_9_nav_r5_294 route=5 outbound=292.0s t=19126.4
t=19126.9 ==== SUMMARY t=19126.9 ====
t=19126.9 route=1 laps=34 crashes=3 avg_out=156.8s avg_ret=175.2s avg_lap=343.7s best_lap=337.7
t=19126.9 route=2 laps=36 crashes=0 avg_out=214.4s avg_ret=249.5s avg_lap=475.9s best_lap=454.8
t=19126.9 route=3 laps=34 crashes=1 avg_out=243.7s avg_ret=270.1s avg_lap=525.7s best_lap=508.2
t=19126.9 route=4 laps=37 crashes=0 avg_out=200.2s avg_ret=168.9s avg_lap=381.1s best_lap=374.9
t=19126.9 route=5 laps=35 crashes=0 avg_out=293.8s avg_ret=257.8s avg_lap=563.7s best_lap=553.2
t=19126.9 route=6 laps=37 crashes=0 avg_out=179.2s avg_ret=158.9s avg_lap=350.1s best_lap=344.4
t=19126.9 route=7 laps=37 crashes=0 avg_out=198.0s avg_ret=157.8s avg_lap=367.8s best_lap=355.8
t=19126.9 route=8 laps=35 crashes=1 avg_out=184.8s avg_ret=187.0s avg_lap=383.8s best_lap=375.8
t=19126.9 TOTAL laps=285 crashes=5
t=19127.0 TUNER gen=4 results=34/64 pending=8 active=8 remaining=30 next_trial=299 rounds=[6,5,4,6,4,6,6,5]
t=19144.5 LAP_CAPTURE craft=Aircraft_9_nav_r8_292 route=8 return=178.6s lap=375.5s carrier_dist=200m t=19144.5
t=19145.4 LZ_REACHED craft=Aircraft_9_nav_r6_295 route=6 outbound=180.5s t=19145.4
t=19149.9 LAUNCH_BLOCKED reason=landing_or_storage_busy active=7 stored=1 no_active_s=0.0 state=IDLE tractor_cleanup=false elevator_transfer=false deck=Aircraft_9_nav_r7_298 pending=none clearance=Aircraft_9_nav_r1_293 queue=0
t=19157.0 ==== SUMMARY t=19157.0 ====
t=19157.0 route=1 laps=34 crashes=3 avg_out=156.8s avg_ret=175.2s avg_lap=343.7s best_lap=337.7
t=19157.0 route=2 laps=36 crashes=0 avg_out=214.4s avg_ret=249.5s avg_lap=475.9s best_lap=454.8
t=19157.0 route=3 laps=34 crashes=1 avg_out=243.7s avg_ret=270.1s avg_lap=525.7s best_lap=508.2
t=19157.0 route=4 laps=37 crashes=0 avg_out=200.2s avg_ret=168.9s avg_lap=381.1s best_lap=374.9
t=19157.0 route=5 laps=35 crashes=0 avg_out=293.8s avg_ret=257.8s avg_lap=563.7s best_lap=553.2
t=19157.0 route=6 laps=37 crashes=0 avg_out=179.3s avg_ret=158.9s avg_lap=350.1s best_lap=344.4
t=19157.0 route=7 laps=37 crashes=0 avg_out=198.0s avg_ret=157.8s avg_lap=367.8s best_lap=355.8
t=19157.0 route=8 laps=36 crashes=1 avg_out=184.8s avg_ret=186.8s avg_lap=383.6s best_lap=375.5
t=19157.0 TOTAL laps=286 crashes=5
t=19157.0 TUNER gen=4 results=35/64 pending=7 active=7 remaining=29 next_trial=299 rounds=[6,5,4,6,4,6,6,5]
t=19159.2 LAP_CAPTURE craft=Aircraft_9_nav_r1_293 route=1 return=175.0s lap=345.0s carrier_dist=200m t=19159.2
t=19164.9 LAUNCH_BLOCKED reason=deck_busy active=7 stored=1 no_active_s=0.0 state=RETRIEVING_FROM_HANGAR tractor_cleanup=false elevator_transfer=false deck=Aircraft_9_nav_r8_299 pending=none clearance=none queue=0
t=19175.8 SPAWN craft=Aircraft_9_nav_r8_299 route=8 candidate=5 trial=299 t=19175.8
t=19180.0 LAUNCH_BLOCKED reason=cleared_unready_nav_deck_aircraft active=7 stored=1 no_active_s=0.0 state=IDLE tractor_cleanup=false elevator_transfer=false deck=Aircraft_9_nav_r8_299 pending=none clearance=none queue=0
t=19187.0 ==== SUMMARY t=19187.0 ====
t=19187.0 route=1 laps=35 crashes=3 avg_out=156.8s avg_ret=175.2s avg_lap=343.8s best_lap=337.7
t=19187.0 route=2 laps=36 crashes=0 avg_out=214.4s avg_ret=249.5s avg_lap=475.9s best_lap=454.8
t=19187.0 route=3 laps=34 crashes=1 avg_out=243.7s avg_ret=270.1s avg_lap=525.7s best_lap=508.2
t=19187.0 route=4 laps=37 crashes=0 avg_out=200.2s avg_ret=168.9s avg_lap=381.1s best_lap=374.9
t=19187.0 route=5 laps=35 crashes=0 avg_out=293.8s avg_ret=257.8s avg_lap=563.7s best_lap=553.2
t=19187.0 route=6 laps=37 crashes=0 avg_out=179.3s avg_ret=158.9s avg_lap=350.1s best_lap=344.4
t=19187.0 route=7 laps=37 crashes=0 avg_out=198.0s avg_ret=157.8s avg_lap=367.8s best_lap=355.8
t=19187.0 route=8 laps=36 crashes=1 avg_out=184.8s avg_ret=186.8s avg_lap=383.6s best_lap=375.5
t=19187.0 TOTAL laps=287 crashes=5
t=19187.0 TUNER gen=4 results=36/64 pending=7 active=7 remaining=28 next_trial=300 rounds=[6,5,4,6,4,6,6,6]
t=19195.8 SPAWN craft=Aircraft_9_nav_r1_300 route=1 candidate=7 trial=300 t=19195.8
t=19217.0 ==== SUMMARY t=19217.0 ====
t=19217.0 route=1 laps=35 crashes=3 avg_out=156.8s avg_ret=175.2s avg_lap=343.8s best_lap=337.7
t=19217.0 route=2 laps=36 crashes=0 avg_out=214.4s avg_ret=249.5s avg_lap=475.9s best_lap=454.8
t=19217.0 route=3 laps=34 crashes=1 avg_out=243.7s avg_ret=270.1s avg_lap=525.7s best_lap=508.2
t=19217.0 route=4 laps=37 crashes=0 avg_out=200.2s avg_ret=168.9s avg_lap=381.1s best_lap=374.9
t=19217.0 route=5 laps=35 crashes=0 avg_out=293.8s avg_ret=257.8s avg_lap=563.7s best_lap=553.2
t=19217.0 route=6 laps=37 crashes=0 avg_out=179.3s avg_ret=158.9s avg_lap=350.1s best_lap=344.4
t=19217.0 route=7 laps=37 crashes=0 avg_out=198.0s avg_ret=157.8s avg_lap=367.8s best_lap=355.8
t=19217.0 route=8 laps=36 crashes=1 avg_out=184.8s avg_ret=186.8s avg_lap=383.6s best_lap=375.5
t=19217.1 TOTAL laps=287 crashes=5
t=19217.1 TUNER gen=4 results=36/64 pending=8 active=8 remaining=28 next_trial=301 rounds=[7,5,4,6,4,6,6,6]
t=19222.2 LZ_REACHED craft=Aircraft_9_nav_r2_296 route=2 outbound=217.1s t=19222.2
t=19247.0 ==== SUMMARY t=19247.0 ====
t=19247.0 route=1 laps=35 crashes=3 avg_out=156.8s avg_ret=175.2s avg_lap=343.8s best_lap=337.7
t=19247.0 route=2 laps=36 crashes=0 avg_out=214.4s avg_ret=249.5s avg_lap=475.9s best_lap=454.8
t=19247.0 route=3 laps=34 crashes=1 avg_out=243.7s avg_ret=270.1s avg_lap=525.7s best_lap=508.2
t=19247.0 route=4 laps=37 crashes=0 avg_out=200.2s avg_ret=168.9s avg_lap=381.1s best_lap=374.9
t=19247.0 route=5 laps=35 crashes=0 avg_out=293.8s avg_ret=257.8s avg_lap=563.7s best_lap=553.2
t=19247.1 route=6 laps=37 crashes=0 avg_out=179.3s avg_ret=158.9s avg_lap=350.1s best_lap=344.4
t=19247.1 route=7 laps=37 crashes=0 avg_out=198.0s avg_ret=157.8s avg_lap=367.8s best_lap=355.8
t=19247.1 route=8 laps=36 crashes=1 avg_out=184.8s avg_ret=186.8s avg_lap=383.6s best_lap=375.5
t=19247.1 TOTAL laps=287 crashes=5
t=19247.1 TUNER gen=4 results=36/64 pending=8 active=8 remaining=28 next_trial=301 rounds=[7,5,4,6,4,6,6,6]
t=19252.2 LAP_CAPTURE craft=Aircraft_9_nav_r3_291 route=3 return=267.9s lap=523.4s carrier_dist=200m t=19252.2
t=19271.1 SPAWN craft=Aircraft_9_nav_r3_301 route=3 candidate=7 trial=301 t=19271.1
t=19277.1 ==== SUMMARY t=19277.1 ====
t=19277.1 route=1 laps=35 crashes=3 avg_out=156.8s avg_ret=175.2s avg_lap=343.8s best_lap=337.7
t=19277.1 route=2 laps=36 crashes=0 avg_out=214.4s avg_ret=249.5s avg_lap=475.9s best_lap=454.8
t=19277.1 route=3 laps=35 crashes=1 avg_out=243.7s avg_ret=270.1s avg_lap=525.7s best_lap=508.2
t=19277.1 route=4 laps=37 crashes=0 avg_out=200.2s avg_ret=168.9s avg_lap=381.1s best_lap=374.9
t=19277.1 route=5 laps=35 crashes=0 avg_out=293.8s avg_ret=257.8s avg_lap=563.7s best_lap=553.2
t=19277.1 route=6 laps=37 crashes=0 avg_out=179.3s avg_ret=158.9s avg_lap=350.1s best_lap=344.4
t=19277.1 route=7 laps=37 crashes=0 avg_out=198.0s avg_ret=157.8s avg_lap=367.8s best_lap=355.8
t=19277.1 route=8 laps=36 crashes=1 avg_out=184.8s avg_ret=186.8s avg_lap=383.6s best_lap=375.5
t=19277.1 TOTAL laps=288 crashes=5
t=19277.1 TUNER gen=4 results=37/64 pending=8 active=8 remaining=27 next_trial=302 rounds=[7,5,5,6,4,6,6,6]
t=19278.4 LZ_REACHED craft=Aircraft_9_nav_r4_297 route=4 outbound=198.2s t=19278.4
t=19301.3 LZ_REACHED craft=Aircraft_9_nav_r7_298 route=7 outbound=200.9s t=19301.3
t=19307.1 ==== SUMMARY t=19307.1 ====
t=19307.1 route=1 laps=35 crashes=3 avg_out=156.8s avg_ret=175.2s avg_lap=343.8s best_lap=337.7
t=19307.1 route=2 laps=36 crashes=0 avg_out=214.4s avg_ret=249.5s avg_lap=475.9s best_lap=454.8
t=19307.2 route=3 laps=35 crashes=1 avg_out=243.7s avg_ret=270.1s avg_lap=525.7s best_lap=508.2
t=19307.2 route=4 laps=37 crashes=0 avg_out=200.2s avg_ret=168.9s avg_lap=381.1s best_lap=374.9
t=19307.2 route=5 laps=35 crashes=0 avg_out=293.8s avg_ret=257.8s avg_lap=563.7s best_lap=553.2
t=19307.2 route=6 laps=37 crashes=0 avg_out=179.3s avg_ret=158.9s avg_lap=350.1s best_lap=344.4
t=19307.2 route=7 laps=37 crashes=0 avg_out=198.0s avg_ret=157.8s avg_lap=367.8s best_lap=355.8
t=19307.2 route=8 laps=36 crashes=1 avg_out=184.8s avg_ret=186.8s avg_lap=383.6s best_lap=375.5
t=19307.2 TOTAL laps=288 crashes=5
t=19307.2 TUNER gen=4 results=37/64 pending=8 active=8 remaining=27 next_trial=302 rounds=[7,5,5,6,4,6,6,6]
t=19312.9 LAP_CAPTURE craft=Aircraft_9_nav_r6_295 route=6 return=155.5s lap=348.1s carrier_dist=200m t=19312.9
t=19331.3 SPAWN craft=Aircraft_9_nav_r6_302 route=6 candidate=4 trial=302 t=19331.3
t=19337.2 ==== SUMMARY t=19337.2 ====
t=19337.2 route=1 laps=35 crashes=3 avg_out=156.8s avg_ret=175.2s avg_lap=343.8s best_lap=337.7
t=19337.2 route=2 laps=36 crashes=0 avg_out=214.4s avg_ret=249.5s avg_lap=475.9s best_lap=454.8
t=19337.2 route=3 laps=35 crashes=1 avg_out=243.7s avg_ret=270.1s avg_lap=525.7s best_lap=508.2
t=19337.2 route=4 laps=37 crashes=0 avg_out=200.2s avg_ret=168.9s avg_lap=381.1s best_lap=374.9
t=19337.2 route=5 laps=35 crashes=0 avg_out=293.8s avg_ret=257.8s avg_lap=563.7s best_lap=553.2
t=19337.2 route=6 laps=38 crashes=0 avg_out=179.3s avg_ret=158.8s avg_lap=350.1s best_lap=344.4
t=19337.2 route=7 laps=37 crashes=0 avg_out=198.0s avg_ret=157.8s avg_lap=367.8s best_lap=355.8
t=19337.2 route=8 laps=36 crashes=1 avg_out=184.8s avg_ret=186.8s avg_lap=383.6s best_lap=375.5
t=19337.2 TOTAL laps=289 crashes=5
t=19337.2 TUNER gen=4 results=38/64 pending=8 active=8 remaining=26 next_trial=303 rounds=[7,5,5,6,4,7,6,6]
t=19352.5 LZ_REACHED craft=Aircraft_9_nav_r1_300 route=1 outbound=156.7s t=19352.5
t=19356.9 LZ_REACHED craft=Aircraft_9_nav_r8_299 route=8 outbound=181.2s t=19356.9
t=19367.2 ==== SUMMARY t=19367.2 ====
t=19367.2 route=1 laps=35 crashes=3 avg_out=156.8s avg_ret=175.2s avg_lap=343.8s best_lap=337.7
t=19367.2 route=2 laps=36 crashes=0 avg_out=214.4s avg_ret=249.5s avg_lap=475.9s best_lap=454.8
t=19367.2 route=3 laps=35 crashes=1 avg_out=243.7s avg_ret=270.1s avg_lap=525.7s best_lap=508.2
t=19367.2 route=4 laps=37 crashes=0 avg_out=200.2s avg_ret=168.9s avg_lap=381.1s best_lap=374.9
t=19367.3 route=5 laps=35 crashes=0 avg_out=293.8s avg_ret=257.8s avg_lap=563.7s best_lap=553.2
t=19367.3 route=6 laps=38 crashes=0 avg_out=179.3s avg_ret=158.8s avg_lap=350.1s best_lap=344.4
t=19367.3 route=7 laps=37 crashes=0 avg_out=198.0s avg_ret=157.8s avg_lap=367.8s best_lap=355.8
t=19367.3 route=8 laps=36 crashes=1 avg_out=184.7s avg_ret=186.8s avg_lap=383.6s best_lap=375.5
t=19367.3 TOTAL laps=289 crashes=5
t=19367.3 TUNER gen=4 results=38/64 pending=8 active=8 remaining=26 next_trial=303 rounds=[7,5,5,6,4,7,6,6]
t=19394.7 LAP_CAPTURE craft=Aircraft_9_nav_r5_294 route=5 return=256.3s lap=560.3s carrier_dist=200m t=19394.7
t=19397.3 ==== SUMMARY t=19397.3 ====
t=19397.3 route=1 laps=35 crashes=3 avg_out=156.8s avg_ret=175.2s avg_lap=343.8s best_lap=337.7
t=19397.3 route=2 laps=36 crashes=0 avg_out=214.4s avg_ret=249.5s avg_lap=475.9s best_lap=454.8
t=19397.3 route=3 laps=35 crashes=1 avg_out=243.7s avg_ret=270.1s avg_lap=525.7s best_lap=508.2
t=19397.3 route=4 laps=37 crashes=0 avg_out=200.2s avg_ret=168.9s avg_lap=381.1s best_lap=374.9
t=19397.3 route=5 laps=36 crashes=0 avg_out=293.8s avg_ret=257.8s avg_lap=563.6s best_lap=553.2
t=19397.3 route=6 laps=38 crashes=0 avg_out=179.3s avg_ret=158.8s avg_lap=350.1s best_lap=344.4
t=19397.3 route=7 laps=37 crashes=0 avg_out=198.0s avg_ret=157.8s avg_lap=367.8s best_lap=355.8
t=19397.3 route=8 laps=36 crashes=1 avg_out=184.7s avg_ret=186.8s avg_lap=383.6s best_lap=375.5
t=19397.3 TOTAL laps=290 crashes=5
t=19397.3 TUNER gen=4 results=39/64 pending=7 active=7 remaining=25 next_trial=303 rounds=[7,5,5,6,4,7,6,6]
t=19411.7 SPAWN craft=Aircraft_9_nav_r5_303 route=5 candidate=1 trial=303 t=19411.7
t=19427.4 ==== SUMMARY t=19427.4 ====
t=19427.4 route=1 laps=35 crashes=3 avg_out=156.8s avg_ret=175.2s avg_lap=343.8s best_lap=337.7
t=19427.4 route=2 laps=36 crashes=0 avg_out=214.4s avg_ret=249.5s avg_lap=475.9s best_lap=454.8
t=19427.4 route=3 laps=35 crashes=1 avg_out=243.7s avg_ret=270.1s avg_lap=525.7s best_lap=508.2
t=19427.4 route=4 laps=37 crashes=0 avg_out=200.2s avg_ret=168.9s avg_lap=381.1s best_lap=374.9
t=19427.4 route=5 laps=36 crashes=0 avg_out=293.8s avg_ret=257.8s avg_lap=563.6s best_lap=553.2
t=19427.4 route=6 laps=38 crashes=0 avg_out=179.3s avg_ret=158.8s avg_lap=350.1s best_lap=344.4
t=19427.4 route=7 laps=37 crashes=0 avg_out=198.0s avg_ret=157.8s avg_lap=367.8s best_lap=355.8
t=19427.4 route=8 laps=36 crashes=1 avg_out=184.7s avg_ret=186.8s avg_lap=383.6s best_lap=375.5
t=19427.4 TOTAL laps=290 crashes=5
t=19427.4 TUNER gen=4 results=39/64 pending=8 active=8 remaining=25 next_trial=304 rounds=[7,5,5,6,5,7,6,6]
t=19457.4 ==== SUMMARY t=19457.4 ====
t=19457.4 route=1 laps=35 crashes=3 avg_out=156.8s avg_ret=175.2s avg_lap=343.8s best_lap=337.7
t=19457.4 route=2 laps=36 crashes=0 avg_out=214.4s avg_ret=249.5s avg_lap=475.9s best_lap=454.8
t=19457.4 route=3 laps=35 crashes=1 avg_out=243.7s avg_ret=270.1s avg_lap=525.7s best_lap=508.2
t=19457.4 route=4 laps=37 crashes=0 avg_out=200.2s avg_ret=168.9s avg_lap=381.1s best_lap=374.9
t=19457.4 route=5 laps=36 crashes=0 avg_out=293.8s avg_ret=257.8s avg_lap=563.6s best_lap=553.2
t=19457.4 route=6 laps=38 crashes=0 avg_out=179.3s avg_ret=158.8s avg_lap=350.1s best_lap=344.4
t=19457.4 route=7 laps=37 crashes=0 avg_out=198.0s avg_ret=157.8s avg_lap=367.8s best_lap=355.8
t=19457.4 route=8 laps=36 crashes=1 avg_out=184.7s avg_ret=186.8s avg_lap=383.6s best_lap=375.5
t=19457.4 TOTAL laps=290 crashes=5
t=19457.4 TUNER gen=4 results=39/64 pending=8 active=8 remaining=25 next_trial=304 rounds=[7,5,5,6,5,7,6,6]
t=19458.6 LAP_CAPTURE craft=Aircraft_9_nav_r4_297 route=4 return=168.2s lap=378.3s carrier_dist=200m t=19458.6
t=19472.8 LAP_CAPTURE craft=Aircraft_9_nav_r7_298 route=7 return=159.5s lap=372.4s carrier_dist=200m t=19472.8
t=19477.0 SPAWN craft=Aircraft_9_nav_r4_304 route=4 candidate=2 trial=304 t=19477.0
t=19481.2 LAUNCH_BLOCKED reason=cleared_unready_nav_deck_aircraft active=7 stored=1 no_active_s=0.0 state=IDLE tractor_cleanup=false elevator_transfer=false deck=Aircraft_9_nav_r4_304 pending=none clearance=none queue=0
t=19486.0 LAP_CAPTURE craft=Aircraft_9_nav_r2_296 route=2 return=251.8s lap=480.9s carrier_dist=200m t=19486.0
t=19487.4 ==== SUMMARY t=19487.4 ====
t=19487.4 route=1 laps=35 crashes=3 avg_out=156.8s avg_ret=175.2s avg_lap=343.8s best_lap=337.7
t=19487.4 route=2 laps=37 crashes=0 avg_out=214.4s avg_ret=249.6s avg_lap=476.0s best_lap=454.8
t=19487.4 route=3 laps=35 crashes=1 avg_out=243.7s avg_ret=270.1s avg_lap=525.7s best_lap=508.2
t=19487.4 route=4 laps=38 crashes=0 avg_out=200.2s avg_ret=168.9s avg_lap=381.0s best_lap=374.9
t=19487.4 route=5 laps=36 crashes=0 avg_out=293.8s avg_ret=257.8s avg_lap=563.6s best_lap=553.2
t=19487.4 route=6 laps=38 crashes=0 avg_out=179.3s avg_ret=158.8s avg_lap=350.1s best_lap=344.4
t=19487.4 route=7 laps=38 crashes=0 avg_out=198.0s avg_ret=157.8s avg_lap=367.9s best_lap=355.8
t=19487.4 route=8 laps=36 crashes=1 avg_out=184.7s avg_ret=186.8s avg_lap=383.6s best_lap=375.5
t=19487.4 TOTAL laps=293 crashes=5
t=19487.4 TUNER gen=4 results=42/64 pending=6 active=6 remaining=22 next_trial=305 rounds=[7,5,5,7,5,7,6,6]
t=19496.3 LAUNCH_BLOCKED reason=deck_busy active=7 stored=1 no_active_s=0.0 state=AIRCRAFT_ON_DECK tractor_cleanup=false elevator_transfer=false deck=Aircraft_9_nav_r7_305 pending=none clearance=none queue=0
t=19497.0 SPAWN craft=Aircraft_9_nav_r7_305 route=7 candidate=5 trial=305 t=19497.0
t=19509.7 LZ_REACHED craft=Aircraft_9_nav_r3_301 route=3 outbound=238.6s t=19509.7
t=19514.1 LZ_REACHED craft=Aircraft_9_nav_r6_302 route=6 outbound=182.8s t=19514.1
t=19517.1 SPAWN craft=Aircraft_9_nav_r2_306 route=2 candidate=7 trial=306 t=19517.1
t=19517.4 ==== SUMMARY t=19517.4 ====
t=19517.4 route=1 laps=35 crashes=3 avg_out=156.8s avg_ret=175.2s avg_lap=343.8s best_lap=337.7
t=19517.4 route=2 laps=37 crashes=0 avg_out=214.4s avg_ret=249.6s avg_lap=476.0s best_lap=454.8
t=19517.4 route=3 laps=35 crashes=1 avg_out=243.6s avg_ret=270.1s avg_lap=525.7s best_lap=508.2
t=19517.4 route=4 laps=38 crashes=0 avg_out=200.2s avg_ret=168.9s avg_lap=381.0s best_lap=374.9
t=19517.4 route=5 laps=36 crashes=0 avg_out=293.8s avg_ret=257.8s avg_lap=563.6s best_lap=553.2
t=19517.4 route=6 laps=38 crashes=0 avg_out=179.3s avg_ret=158.8s avg_lap=350.1s best_lap=344.4
t=19517.4 route=7 laps=38 crashes=0 avg_out=198.0s avg_ret=157.8s avg_lap=367.9s best_lap=355.8
t=19517.5 route=8 laps=36 crashes=1 avg_out=184.7s avg_ret=186.8s avg_lap=383.6s best_lap=375.5
t=19517.5 TOTAL laps=293 crashes=5
t=19517.5 TUNER gen=4 results=42/64 pending=8 active=8 remaining=22 next_trial=307 rounds=[7,6,5,7,5,7,7,6]
t=19534.4 LAP_CAPTURE craft=Aircraft_9_nav_r1_300 route=1 return=169.9s lap=338.5s carrier_dist=200m t=19534.4
t=19541.4 LAUNCH_BLOCKED reason=landing_or_storage_busy active=7 stored=1 no_active_s=0.0 state=IDLE tractor_cleanup=false elevator_transfer=false deck=Aircraft_9_nav_r2_306 pending=none clearance=Aircraft_9_nav_r8_299 queue=0
t=19547.5 ==== SUMMARY t=19547.5 ====
t=19547.5 route=1 laps=36 crashes=3 avg_out=156.8s avg_ret=175.1s avg_lap=343.6s best_lap=337.7
t=19547.5 route=2 laps=37 crashes=0 avg_out=214.4s avg_ret=249.6s avg_lap=476.0s best_lap=454.8
t=19547.5 route=3 laps=35 crashes=1 avg_out=243.6s avg_ret=270.1s avg_lap=525.7s best_lap=508.2
t=19547.5 route=4 laps=38 crashes=0 avg_out=200.2s avg_ret=168.9s avg_lap=381.0s best_lap=374.9
t=19547.5 route=5 laps=36 crashes=0 avg_out=293.8s avg_ret=257.8s avg_lap=563.6s best_lap=553.2
t=19547.5 route=6 laps=38 crashes=0 avg_out=179.3s avg_ret=158.8s avg_lap=350.1s best_lap=344.4
t=19547.5 route=7 laps=38 crashes=0 avg_out=198.0s avg_ret=157.8s avg_lap=367.9s best_lap=355.8
t=19547.5 route=8 laps=36 crashes=1 avg_out=184.7s avg_ret=186.8s avg_lap=383.6s best_lap=375.5
t=19547.5 TOTAL laps=294 crashes=5
t=19547.5 TUNER gen=4 results=43/64 pending=7 active=7 remaining=21 next_trial=307 rounds=[7,6,5,7,5,7,7,6]
t=19553.5 LAP_CAPTURE craft=Aircraft_9_nav_r8_299 route=8 return=184.6s lap=377.7s carrier_dist=200m t=19553.5
t=19556.5 LAUNCH_BLOCKED reason=cleared_unready_nav_deck_aircraft active=6 stored=1 no_active_s=0.0 state=IDLE tractor_cleanup=false elevator_transfer=false deck=Aircraft_9_nav_r2_306 pending=none clearance=none queue=0
t=19571.6 LAUNCH_BLOCKED reason=deck_busy active=7 stored=1 no_active_s=0.0 state=AIRCRAFT_ON_DECK tractor_cleanup=false elevator_transfer=false deck=Aircraft_9_nav_r1_307 pending=none clearance=none queue=0
t=19572.5 SPAWN craft=Aircraft_9_nav_r1_307 route=1 candidate=8 trial=307 t=19572.5
t=19577.6 ==== SUMMARY t=19577.6 ====
t=19577.6 route=1 laps=36 crashes=3 avg_out=156.8s avg_ret=175.1s avg_lap=343.6s best_lap=337.7
t=19577.6 route=2 laps=37 crashes=0 avg_out=214.4s avg_ret=249.6s avg_lap=476.0s best_lap=454.8
t=19577.6 route=3 laps=35 crashes=1 avg_out=243.6s avg_ret=270.1s avg_lap=525.7s best_lap=508.2
t=19577.6 route=4 laps=38 crashes=0 avg_out=200.2s avg_ret=168.9s avg_lap=381.0s best_lap=374.9
t=19577.6 route=5 laps=36 crashes=0 avg_out=293.8s avg_ret=257.8s avg_lap=563.6s best_lap=553.2
t=19577.6 route=6 laps=38 crashes=0 avg_out=179.3s avg_ret=158.8s avg_lap=350.1s best_lap=344.4
t=19577.6 route=7 laps=38 crashes=0 avg_out=198.0s avg_ret=157.8s avg_lap=367.9s best_lap=355.8
t=19577.6 route=8 laps=37 crashes=1 avg_out=184.7s avg_ret=186.7s avg_lap=383.4s best_lap=375.5
t=19577.6 TOTAL laps=295 crashes=5
t=19577.6 TUNER gen=4 results=44/64 pending=7 active=7 remaining=20 next_trial=308 rounds=[8,6,5,7,5,7,7,6]
t=19592.5 SPAWN craft=Aircraft_9_nav_r8_308 route=8 candidate=6 trial=308 t=19592.5
t=19607.6 ==== SUMMARY t=19607.6 ====
t=19607.6 route=1 laps=36 crashes=3 avg_out=156.8s avg_ret=175.1s avg_lap=343.6s best_lap=337.7
t=19607.6 route=2 laps=37 crashes=0 avg_out=214.4s avg_ret=249.6s avg_lap=476.0s best_lap=454.8
t=19607.6 route=3 laps=35 crashes=1 avg_out=243.6s avg_ret=270.1s avg_lap=525.7s best_lap=508.2
t=19607.6 route=4 laps=38 crashes=0 avg_out=200.2s avg_ret=168.9s avg_lap=381.0s best_lap=374.9
t=19607.6 route=5 laps=36 crashes=0 avg_out=293.8s avg_ret=257.8s avg_lap=563.6s best_lap=553.2
t=19607.6 route=6 laps=38 crashes=0 avg_out=179.3s avg_ret=158.8s avg_lap=350.1s best_lap=344.4
t=19607.6 route=7 laps=38 crashes=0 avg_out=198.0s avg_ret=157.8s avg_lap=367.9s best_lap=355.8
t=19607.6 route=8 laps=37 crashes=1 avg_out=184.7s avg_ret=186.7s avg_lap=383.4s best_lap=375.5
t=19607.6 TOTAL laps=295 crashes=5
t=19607.7 TUNER gen=4 results=44/64 pending=8 active=8 remaining=20 next_trial=309 rounds=[8,6,5,7,5,7,7,7]
t=19637.6 ==== SUMMARY t=19637.6 ====
t=19637.6 route=1 laps=36 crashes=3 avg_out=156.8s avg_ret=175.1s avg_lap=343.6s best_lap=337.7
t=19637.6 route=2 laps=37 crashes=0 avg_out=214.4s avg_ret=249.6s avg_lap=476.0s best_lap=454.8
t=19637.6 route=3 laps=35 crashes=1 avg_out=243.6s avg_ret=270.1s avg_lap=525.7s best_lap=508.2
t=19637.6 route=4 laps=38 crashes=0 avg_out=200.2s avg_ret=168.9s avg_lap=381.0s best_lap=374.9
t=19637.7 route=5 laps=36 crashes=0 avg_out=293.8s avg_ret=257.8s avg_lap=563.6s best_lap=553.2
t=19637.7 route=6 laps=38 crashes=0 avg_out=179.3s avg_ret=158.8s avg_lap=350.1s best_lap=344.4
t=19637.7 route=7 laps=38 crashes=0 avg_out=198.0s avg_ret=157.8s avg_lap=367.9s best_lap=355.8
t=19637.7 route=8 laps=37 crashes=1 avg_out=184.7s avg_ret=186.7s avg_lap=383.4s best_lap=375.5
t=19637.7 TOTAL laps=295 crashes=5
t=19637.7 TUNER gen=4 results=44/64 pending=8 active=8 remaining=20 next_trial=309 rounds=[8,6,5,7,5,7,7,7]
t=19667.6 ==== SUMMARY t=19667.6 ====
t=19667.6 route=1 laps=36 crashes=3 avg_out=156.8s avg_ret=175.1s avg_lap=343.6s best_lap=337.7
t=19667.6 route=2 laps=37 crashes=0 avg_out=214.4s avg_ret=249.6s avg_lap=476.0s best_lap=454.8
t=19667.7 route=3 laps=35 crashes=1 avg_out=243.6s avg_ret=270.1s avg_lap=525.7s best_lap=508.2
t=19667.7 route=4 laps=38 crashes=0 avg_out=200.2s avg_ret=168.9s avg_lap=381.0s best_lap=374.9
t=19667.7 route=5 laps=36 crashes=0 avg_out=293.8s avg_ret=257.8s avg_lap=563.6s best_lap=553.2
t=19667.7 route=6 laps=38 crashes=0 avg_out=179.3s avg_ret=158.8s avg_lap=350.1s best_lap=344.4
t=19667.7 route=7 laps=38 crashes=0 avg_out=198.0s avg_ret=157.8s avg_lap=367.9s best_lap=355.8
t=19667.7 route=8 laps=37 crashes=1 avg_out=184.7s avg_ret=186.7s avg_lap=383.4s best_lap=375.5
t=19667.7 TOTAL laps=295 crashes=5
t=19667.7 TUNER gen=4 results=44/64 pending=8 active=8 remaining=20 next_trial=309 rounds=[8,6,5,7,5,7,7,7]
t=19674.3 LZ_REACHED craft=Aircraft_9_nav_r4_304 route=4 outbound=197.4s t=19674.3
t=19684.9 LAP_CAPTURE craft=Aircraft_9_nav_r6_302 route=6 return=158.8s lap=353.6s carrier_dist=200m t=19684.9
t=19693.7 LZ_REACHED craft=Aircraft_9_nav_r7_305 route=7 outbound=196.7s t=19693.7
t=19697.2 LZ_REACHED craft=Aircraft_9_nav_r5_303 route=5 outbound=285.5s t=19697.2
t=19697.8 ==== SUMMARY t=19697.8 ====
t=19697.8 route=1 laps=36 crashes=3 avg_out=156.8s avg_ret=175.1s avg_lap=343.6s best_lap=337.7
t=19697.8 route=2 laps=37 crashes=0 avg_out=214.4s avg_ret=249.6s avg_lap=476.0s best_lap=454.8
t=19697.8 route=3 laps=35 crashes=1 avg_out=243.6s avg_ret=270.1s avg_lap=525.7s best_lap=508.2
t=19697.8 route=4 laps=38 crashes=0 avg_out=200.1s avg_ret=168.9s avg_lap=381.0s best_lap=374.9
t=19697.8 route=5 laps=36 crashes=0 avg_out=293.6s avg_ret=257.8s avg_lap=563.6s best_lap=553.2
t=19697.8 route=6 laps=39 crashes=0 avg_out=179.3s avg_ret=158.8s avg_lap=350.2s best_lap=344.4
t=19697.8 route=7 laps=38 crashes=0 avg_out=198.0s avg_ret=157.8s avg_lap=367.9s best_lap=355.8
t=19697.8 route=8 laps=37 crashes=1 avg_out=184.7s avg_ret=186.7s avg_lap=383.4s best_lap=375.5
t=19697.8 TOTAL laps=296 crashes=5
t=19697.8 TUNER gen=4 results=45/64 pending=8 active=8 remaining=19 next_trial=310 rounds=[8,6,5,7,5,8,7,7]
t=19703.0 SPAWN craft=Aircraft_9_nav_r6_309 route=6 candidate=5 trial=309 t=19703.0
t=19727.2 LZ_REACHED craft=Aircraft_9_nav_r1_307 route=1 outbound=154.8s t=19727.2
t=19727.9 ==== SUMMARY t=19727.9 ====
t=19727.9 route=1 laps=36 crashes=3 avg_out=156.8s avg_ret=175.1s avg_lap=343.6s best_lap=337.7
t=19727.9 route=2 laps=37 crashes=0 avg_out=214.4s avg_ret=249.6s avg_lap=476.0s best_lap=454.8
t=19727.9 route=3 laps=35 crashes=1 avg_out=243.6s avg_ret=270.1s avg_lap=525.7s best_lap=508.2
t=19727.9 route=4 laps=38 crashes=0 avg_out=200.1s avg_ret=168.9s avg_lap=381.0s best_lap=374.9
t=19727.9 route=5 laps=36 crashes=0 avg_out=293.6s avg_ret=257.8s avg_lap=563.6s best_lap=553.2
t=19727.9 route=6 laps=39 crashes=0 avg_out=179.3s avg_ret=158.8s avg_lap=350.2s best_lap=344.4
t=19727.9 route=7 laps=38 crashes=0 avg_out=198.0s avg_ret=157.8s avg_lap=367.9s best_lap=355.8
t=19727.9 route=8 laps=37 crashes=1 avg_out=184.7s avg_ret=186.7s avg_lap=383.4s best_lap=375.5
t=19727.9 TOTAL laps=296 crashes=5
t=19728.0 TUNER gen=4 results=45/64 pending=8 active=8 remaining=19 next_trial=310 rounds=[8,6,5,7,5,8,7,7]
t=19729.2 LZ_REACHED craft=Aircraft_9_nav_r2_306 route=2 outbound=212.1s t=19729.2
t=19757.9 ==== SUMMARY t=19757.9 ====
t=19757.9 route=1 laps=36 crashes=3 avg_out=156.8s avg_ret=175.1s avg_lap=343.6s best_lap=337.7
t=19758.0 route=2 laps=37 crashes=0 avg_out=214.4s avg_ret=249.6s avg_lap=476.0s best_lap=454.8
t=19758.0 route=3 laps=35 crashes=1 avg_out=243.6s avg_ret=270.1s avg_lap=525.7s best_lap=508.2
t=19758.0 route=4 laps=38 crashes=0 avg_out=200.1s avg_ret=168.9s avg_lap=381.0s best_lap=374.9
t=19758.0 route=5 laps=36 crashes=0 avg_out=293.6s avg_ret=257.8s avg_lap=563.6s best_lap=553.2
t=19758.0 route=6 laps=39 crashes=0 avg_out=179.3s avg_ret=158.8s avg_lap=350.2s best_lap=344.4
t=19758.0 route=7 laps=38 crashes=0 avg_out=198.0s avg_ret=157.8s avg_lap=367.9s best_lap=355.8
t=19758.0 route=8 laps=37 crashes=1 avg_out=184.7s avg_ret=186.7s avg_lap=383.4s best_lap=375.5
t=19758.0 TOTAL laps=296 crashes=5
t=19758.0 TUNER gen=4 results=45/64 pending=8 active=8 remaining=19 next_trial=310 rounds=[8,6,5,7,5,8,7,7]
t=19776.0 LZ_REACHED craft=Aircraft_9_nav_r8_308 route=8 outbound=183.5s t=19776.0
t=19788.0 ==== SUMMARY t=19788.0 ====
t=19788.0 route=1 laps=36 crashes=3 avg_out=156.8s avg_ret=175.1s avg_lap=343.6s best_lap=337.7
t=19788.0 route=2 laps=37 crashes=0 avg_out=214.4s avg_ret=249.6s avg_lap=476.0s best_lap=454.8
t=19788.0 route=3 laps=35 crashes=1 avg_out=243.6s avg_ret=270.1s avg_lap=525.7s best_lap=508.2
t=19788.0 route=4 laps=38 crashes=0 avg_out=200.1s avg_ret=168.9s avg_lap=381.0s best_lap=374.9
t=19788.0 route=5 laps=36 crashes=0 avg_out=293.6s avg_ret=257.8s avg_lap=563.6s best_lap=553.2
t=19788.0 route=6 laps=39 crashes=0 avg_out=179.3s avg_ret=158.8s avg_lap=350.2s best_lap=344.4
t=19788.0 route=7 laps=38 crashes=0 avg_out=198.0s avg_ret=157.8s avg_lap=367.9s best_lap=355.8
t=19788.0 route=8 laps=37 crashes=1 avg_out=184.7s avg_ret=186.7s avg_lap=383.4s best_lap=375.5
t=19788.0 TOTAL laps=296 crashes=5
t=19788.0 TUNER gen=4 results=45/64 pending=8 active=8 remaining=19 next_trial=310 rounds=[8,6,5,7,5,8,7,7]
t=19791.4 LAP_CAPTURE craft=Aircraft_9_nav_r3_301 route=3 return=269.7s lap=520.3s carrier_dist=200m t=19791.4
t=19808.5 SPAWN craft=Aircraft_9_nav_r3_310 route=3 candidate=8 trial=310 t=19808.5
t=19818.0 ==== SUMMARY t=19818.0 ====
t=19818.0 route=1 laps=36 crashes=3 avg_out=156.8s avg_ret=175.1s avg_lap=343.6s best_lap=337.7
t=19818.0 route=2 laps=37 crashes=0 avg_out=214.4s avg_ret=249.6s avg_lap=476.0s best_lap=454.8
t=19818.0 route=3 laps=36 crashes=1 avg_out=243.6s avg_ret=270.1s avg_lap=525.5s best_lap=508.2
t=19818.0 route=4 laps=38 crashes=0 avg_out=200.1s avg_ret=168.9s avg_lap=381.0s best_lap=374.9
t=19818.0 route=5 laps=36 crashes=0 avg_out=293.6s avg_ret=257.8s avg_lap=563.6s best_lap=553.2
t=19818.0 route=6 laps=39 crashes=0 avg_out=179.3s avg_ret=158.8s avg_lap=350.2s best_lap=344.4
t=19818.1 route=7 laps=38 crashes=0 avg_out=198.0s avg_ret=157.8s avg_lap=367.9s best_lap=355.8
t=19818.1 route=8 laps=37 crashes=1 avg_out=184.7s avg_ret=186.7s avg_lap=383.4s best_lap=375.5
t=19818.1 TOTAL laps=297 crashes=5
t=19818.1 TUNER gen=4 results=46/64 pending=8 active=8 remaining=18 next_trial=311 rounds=[8,6,6,7,5,8,7,7]
t=19848.0 ==== SUMMARY t=19848.0 ====
t=19848.0 route=1 laps=36 crashes=3 avg_out=156.8s avg_ret=175.1s avg_lap=343.6s best_lap=337.7
t=19848.0 route=2 laps=37 crashes=0 avg_out=214.4s avg_ret=249.6s avg_lap=476.0s best_lap=454.8
t=19848.1 route=3 laps=36 crashes=1 avg_out=243.6s avg_ret=270.1s avg_lap=525.5s best_lap=508.2
t=19848.1 route=4 laps=38 crashes=0 avg_out=200.1s avg_ret=168.9s avg_lap=381.0s best_lap=374.9
t=19848.1 route=5 laps=36 crashes=0 avg_out=293.6s avg_ret=257.8s avg_lap=563.6s best_lap=553.2
t=19848.1 route=6 laps=39 crashes=0 avg_out=179.3s avg_ret=158.8s avg_lap=350.2s best_lap=344.4
t=19848.1 route=7 laps=38 crashes=0 avg_out=198.0s avg_ret=157.8s avg_lap=367.9s best_lap=355.8
t=19848.1 route=8 laps=37 crashes=1 avg_out=184.7s avg_ret=186.7s avg_lap=383.4s best_lap=375.5
t=19848.1 TOTAL laps=297 crashes=5
t=19848.1 TUNER gen=4 results=46/64 pending=8 active=8 remaining=18 next_trial=311 rounds=[8,6,6,7,5,8,7,7]
t=19854.8 LAP_CAPTURE craft=Aircraft_9_nav_r4_304 route=4 return=168.4s lap=377.8s carrier_dist=200m t=19854.8
t=19861.9 LAP_CAPTURE craft=Aircraft_9_nav_r7_305 route=7 return=156.2s lap=364.9s carrier_dist=200m t=19861.9
t=19868.0 LAUNCH_BLOCKED reason=deck_busy active=7 stored=1 no_active_s=0.0 state=AIRCRAFT_ON_DECK tractor_cleanup=false elevator_transfer=true deck=Aircraft_9_nav_r4_311 pending=none clearance=none queue=0
t=19873.8 SPAWN craft=Aircraft_9_nav_r4_311 route=4 candidate=3 trial=311 t=19873.8
t=19878.1 ==== SUMMARY t=19878.1 ====
t=19878.1 route=1 laps=36 crashes=3 avg_out=156.8s avg_ret=175.1s avg_lap=343.6s best_lap=337.7
t=19878.1 route=2 laps=37 crashes=0 avg_out=214.4s avg_ret=249.6s avg_lap=476.0s best_lap=454.8
t=19878.1 route=3 laps=36 crashes=1 avg_out=243.6s avg_ret=270.1s avg_lap=525.5s best_lap=508.2
t=19878.1 route=4 laps=39 crashes=0 avg_out=200.1s avg_ret=168.9s avg_lap=381.0s best_lap=374.9
t=19878.2 route=5 laps=36 crashes=0 avg_out=293.6s avg_ret=257.8s avg_lap=563.6s best_lap=553.2
t=19878.2 route=6 laps=39 crashes=0 avg_out=179.3s avg_ret=158.8s avg_lap=350.2s best_lap=344.4
t=19878.2 route=7 laps=39 crashes=0 avg_out=198.0s avg_ret=157.8s avg_lap=367.8s best_lap=355.8
t=19878.2 route=8 laps=37 crashes=1 avg_out=184.7s avg_ret=186.7s avg_lap=383.4s best_lap=375.5
t=19878.2 TOTAL laps=299 crashes=5
t=19878.2 TUNER gen=4 results=48/64 pending=7 active=7 remaining=16 next_trial=312 rounds=[8,6,6,8,5,8,7,7]
t=19884.2 LZ_REACHED craft=Aircraft_9_nav_r6_309 route=6 outbound=181.3s t=19884.2
t=19893.9 SPAWN craft=Aircraft_9_nav_r7_312 route=7 candidate=6 trial=312 t=19893.9
t=19908.2 ==== SUMMARY t=19908.2 ====
t=19908.2 route=1 laps=36 crashes=3 avg_out=156.8s avg_ret=175.1s avg_lap=343.6s best_lap=337.7
t=19908.2 route=2 laps=37 crashes=0 avg_out=214.4s avg_ret=249.6s avg_lap=476.0s best_lap=454.8
t=19908.2 route=3 laps=36 crashes=1 avg_out=243.6s avg_ret=270.1s avg_lap=525.5s best_lap=508.2
t=19908.2 route=4 laps=39 crashes=0 avg_out=200.1s avg_ret=168.9s avg_lap=381.0s best_lap=374.9
t=19908.2 route=5 laps=36 crashes=0 avg_out=293.6s avg_ret=257.8s avg_lap=563.6s best_lap=553.2
t=19908.2 route=6 laps=39 crashes=0 avg_out=179.4s avg_ret=158.8s avg_lap=350.2s best_lap=344.4
t=19908.2 route=7 laps=39 crashes=0 avg_out=198.0s avg_ret=157.8s avg_lap=367.8s best_lap=355.8
t=19908.2 route=8 laps=37 crashes=1 avg_out=184.7s avg_ret=186.7s avg_lap=383.4s best_lap=375.5
t=19908.2 TOTAL laps=299 crashes=5
t=19908.2 TUNER gen=4 results=48/64 pending=8 active=8 remaining=16 next_trial=313 rounds=[8,6,6,8,5,8,8,7]
t=19913.9 LAP_CAPTURE craft=Aircraft_9_nav_r1_307 route=1 return=174.6s lap=341.4s carrier_dist=200m t=19913.9
t=19926.1 TUNING_REASSIGN craft=Aircraft_9_nav_r1_313 requested_route=1 assigned_route=5
t=19934.2 SPAWN craft=Aircraft_9_nav_r1_313 route=5 candidate=2 trial=313 t=19934.2
t=19938.3 ==== SUMMARY t=19938.3 ====
t=19938.3 route=1 laps=37 crashes=3 avg_out=156.8s avg_ret=175.1s avg_lap=343.5s best_lap=337.7
t=19938.3 route=2 laps=37 crashes=0 avg_out=214.4s avg_ret=249.6s avg_lap=476.0s best_lap=454.8
t=19938.3 route=3 laps=36 crashes=1 avg_out=243.6s avg_ret=270.1s avg_lap=525.5s best_lap=508.2
t=19938.3 route=4 laps=39 crashes=0 avg_out=200.1s avg_ret=168.9s avg_lap=381.0s best_lap=374.9
t=19938.3 route=5 laps=36 crashes=0 avg_out=293.6s avg_ret=257.8s avg_lap=563.6s best_lap=553.2
t=19938.3 route=6 laps=39 crashes=0 avg_out=179.4s avg_ret=158.8s avg_lap=350.2s best_lap=344.4
t=19938.3 route=7 laps=39 crashes=0 avg_out=198.0s avg_ret=157.8s avg_lap=367.8s best_lap=355.8
t=19938.3 route=8 laps=37 crashes=1 avg_out=184.7s avg_ret=186.7s avg_lap=383.4s best_lap=375.5
t=19938.3 TOTAL laps=300 crashes=5
t=19938.3 TUNER gen=4 results=49/64 pending=8 active=8 remaining=15 next_trial=314 rounds=[8,6,6,8,6,8,8,7]
t=19965.7 LAP_CAPTURE craft=Aircraft_9_nav_r5_303 route=5 return=256.5s lap=554.0s carrier_dist=200m t=19965.7
t=19968.3 ==== SUMMARY t=19968.3 ====
t=19968.3 route=1 laps=37 crashes=3 avg_out=156.8s avg_ret=175.1s avg_lap=343.5s best_lap=337.7
t=19968.3 route=2 laps=37 crashes=0 avg_out=214.4s avg_ret=249.6s avg_lap=476.0s best_lap=454.8
t=19968.3 route=3 laps=36 crashes=1 avg_out=243.6s avg_ret=270.1s avg_lap=525.5s best_lap=508.2
t=19968.3 route=4 laps=39 crashes=0 avg_out=200.1s avg_ret=168.9s avg_lap=381.0s best_lap=374.9
t=19968.3 route=5 laps=37 crashes=0 avg_out=293.6s avg_ret=257.7s avg_lap=563.3s best_lap=553.2
t=19968.3 route=6 laps=39 crashes=0 avg_out=179.4s avg_ret=158.8s avg_lap=350.2s best_lap=344.4
t=19968.3 route=7 laps=39 crashes=0 avg_out=198.0s avg_ret=157.8s avg_lap=367.8s best_lap=355.8
t=19968.3 route=8 laps=37 crashes=1 avg_out=184.7s avg_ret=186.7s avg_lap=383.4s best_lap=375.5
t=19968.3 TOTAL laps=301 crashes=5
t=19968.3 TUNER gen=4 results=50/64 pending=7 active=7 remaining=14 next_trial=314 rounds=[8,6,6,8,6,8,8,7]
t=19973.5 LAUNCH_BLOCKED reason=landing_or_storage_busy active=7 stored=1 no_active_s=0.0 state=IDLE tractor_cleanup=false elevator_transfer=false deck=Aircraft_9_nav_r1_313 pending=none clearance=Aircraft_9_nav_r8_308 queue=0
t=19976.9 LAP_CAPTURE craft=Aircraft_9_nav_r8_308 route=8 return=188.8s lap=384.4s carrier_dist=200m t=19976.9
t=19986.2 TUNING_REASSIGN craft=Aircraft_9_nav_r1_314 requested_route=1 assigned_route=2
t=19988.4 LAP_CAPTURE craft=Aircraft_9_nav_r2_306 route=2 return=247.2s lap=471.3s carrier_dist=200m t=19988.4
t=19988.5 LAUNCH_BLOCKED reason=deck_busy active=6 stored=1 no_active_s=0.0 state=AIRCRAFT_ON_DECK tractor_cleanup=false elevator_transfer=true deck=Aircraft_9_nav_r1_314 pending=none clearance=none queue=0
t=19994.3 SPAWN craft=Aircraft_9_nav_r1_314 route=2 candidate=8 trial=314 t=19994.3
t=19998.3 ==== SUMMARY t=19998.3 ====
t=19998.3 route=1 laps=37 crashes=3 avg_out=156.8s avg_ret=175.1s avg_lap=343.5s best_lap=337.7
t=19998.3 route=2 laps=38 crashes=0 avg_out=214.4s avg_ret=249.5s avg_lap=475.9s best_lap=454.8
t=19998.3 route=3 laps=36 crashes=1 avg_out=243.6s avg_ret=270.1s avg_lap=525.5s best_lap=508.2
t=19998.3 route=4 laps=39 crashes=0 avg_out=200.1s avg_ret=168.9s avg_lap=381.0s best_lap=374.9
t=19998.3 route=5 laps=37 crashes=0 avg_out=293.6s avg_ret=257.7s avg_lap=563.3s best_lap=553.2
t=19998.3 route=6 laps=39 crashes=0 avg_out=179.4s avg_ret=158.8s avg_lap=350.2s best_lap=344.4
t=19998.3 route=7 laps=39 crashes=0 avg_out=198.0s avg_ret=157.8s avg_lap=367.8s best_lap=355.8
t=19998.3 route=8 laps=38 crashes=1 avg_out=184.7s avg_ret=186.8s avg_lap=383.5s best_lap=375.5
t=19998.3 TOTAL laps=303 crashes=5
t=19998.4 TUNER gen=4 results=52/64 pending=6 active=6 remaining=12 next_trial=315 rounds=[8,7,6,8,6,8,8,7]
t=20003.6 LAUNCH_BLOCKED reason=deck_busy active=7 stored=1 no_active_s=0.0 state=RETRIEVING_FROM_HANGAR tractor_cleanup=false elevator_transfer=false deck=Aircraft_9_nav_r8_315 pending=none clearance=none queue=0
t=20014.4 SPAWN craft=Aircraft_9_nav_r8_315 route=8 candidate=7 trial=315 t=20014.4
t=20018.6 LAUNCH_BLOCKED reason=cleared_unready_nav_deck_aircraft active=7 stored=1 no_active_s=0.0 state=IDLE tractor_cleanup=false elevator_transfer=false deck=Aircraft_9_nav_r8_315 pending=none clearance=none queue=0
t=20026.4 TUNING_REASSIGN craft=Aircraft_9_nav_r1_316 requested_route=1 assigned_route=3
t=20028.4 ==== SUMMARY t=20028.4 ====
t=20028.4 route=1 laps=37 crashes=3 avg_out=156.8s avg_ret=175.1s avg_lap=343.5s best_lap=337.7
t=20028.4 route=2 laps=38 crashes=0 avg_out=214.4s avg_ret=249.5s avg_lap=475.9s best_lap=454.8
t=20028.4 route=3 laps=36 crashes=1 avg_out=243.6s avg_ret=270.1s avg_lap=525.5s best_lap=508.2
t=20028.4 route=4 laps=39 crashes=0 avg_out=200.1s avg_ret=168.9s avg_lap=381.0s best_lap=374.9
t=20028.4 route=5 laps=37 crashes=0 avg_out=293.6s avg_ret=257.7s avg_lap=563.3s best_lap=553.2
t=20028.4 route=6 laps=39 crashes=0 avg_out=179.4s avg_ret=158.8s avg_lap=350.2s best_lap=344.4
t=20028.4 route=7 laps=39 crashes=0 avg_out=198.0s avg_ret=157.8s avg_lap=367.8s best_lap=355.8
t=20028.4 route=8 laps=38 crashes=1 avg_out=184.7s avg_ret=186.8s avg_lap=383.5s best_lap=375.5
t=20028.4 TOTAL laps=303 crashes=5
t=20028.4 TUNER gen=4 results=52/64 pending=8 active=8 remaining=12 next_trial=317 rounds=[8,7,7,8,6,8,8,8]
t=20034.5 SPAWN craft=Aircraft_9_nav_r1_316 route=3 candidate=1 trial=316 t=20034.5
t=20051.2 LZ_REACHED craft=Aircraft_9_nav_r3_310 route=3 outbound=242.7s t=20051.2
t=20052.1 LAP_CAPTURE craft=Aircraft_9_nav_r6_309 route=6 return=155.8s lap=349.1s carrier_dist=200m t=20052.1
t=20058.4 ==== SUMMARY t=20058.4 ====
t=20058.4 route=1 laps=37 crashes=3 avg_out=156.8s avg_ret=175.1s avg_lap=343.5s best_lap=337.7
t=20058.4 route=2 laps=38 crashes=0 avg_out=214.4s avg_ret=249.5s avg_lap=475.9s best_lap=454.8
t=20058.4 route=3 laps=36 crashes=1 avg_out=243.5s avg_ret=270.1s avg_lap=525.5s best_lap=508.2
t=20058.4 route=4 laps=39 crashes=0 avg_out=200.1s avg_ret=168.9s avg_lap=381.0s best_lap=374.9
t=20058.4 route=5 laps=37 crashes=0 avg_out=293.6s avg_ret=257.7s avg_lap=563.3s best_lap=553.2
t=20058.4 route=6 laps=40 crashes=0 avg_out=179.4s avg_ret=158.7s avg_lap=350.1s best_lap=344.4
t=20058.4 route=7 laps=39 crashes=0 avg_out=198.0s avg_ret=157.8s avg_lap=367.8s best_lap=355.8
t=20058.4 route=8 laps=38 crashes=1 avg_out=184.7s avg_ret=186.8s avg_lap=383.5s best_lap=375.5
t=20058.4 TOTAL laps=304 crashes=5
t=20058.5 TUNER gen=4 results=53/64 pending=7 active=7 remaining=11 next_trial=317 rounds=[8,7,7,8,6,8,8,8]
t=20061.5 TUNING_REASSIGN craft=Aircraft_9_nav_r1_317 requested_route=1 assigned_route=5
t=20063.8 LAUNCH_BLOCKED reason=tuner_capacity_full active=8 stored=1 no_active_s=0.0 state=AIRCRAFT_ON_DECK tractor_cleanup=false elevator_transfer=true deck=Aircraft_9_nav_r1_317 pending=none clearance=none queue=0
t=20069.7 SPAWN craft=Aircraft_9_nav_r1_317 route=5 candidate=3 trial=317 t=20069.7
t=20071.5 LZ_REACHED craft=Aircraft_9_nav_r4_311 route=4 outbound=197.6s t=20071.5
t=20079.0 LAUNCH_BLOCKED reason=tuner_capacity_full active=8 stored=1 no_active_s=0.0 state=IDLE tractor_cleanup=false elevator_transfer=false deck=Aircraft_9_nav_r1_317 pending=none clearance=none queue=0
t=20088.5 ==== SUMMARY t=20088.5 ====
t=20088.5 route=1 laps=37 crashes=3 avg_out=156.8s avg_ret=175.1s avg_lap=343.5s best_lap=337.7
t=20088.5 route=2 laps=38 crashes=0 avg_out=214.4s avg_ret=249.5s avg_lap=475.9s best_lap=454.8
t=20088.6 route=3 laps=36 crashes=1 avg_out=243.5s avg_ret=270.1s avg_lap=525.5s best_lap=508.2
t=20088.6 route=4 laps=39 crashes=0 avg_out=200.0s avg_ret=168.9s avg_lap=381.0s best_lap=374.9
t=20088.6 route=5 laps=37 crashes=0 avg_out=293.6s avg_ret=257.7s avg_lap=563.3s best_lap=553.2
t=20088.6 route=6 laps=40 crashes=0 avg_out=179.4s avg_ret=158.7s avg_lap=350.1s best_lap=344.4
t=20088.6 route=7 laps=39 crashes=0 avg_out=198.0s avg_ret=157.8s avg_lap=367.8s best_lap=355.8
t=20088.6 route=8 laps=38 crashes=1 avg_out=184.7s avg_ret=186.8s avg_lap=383.5s best_lap=375.5
t=20088.6 TOTAL laps=304 crashes=5
t=20088.6 TUNER gen=4 results=53/64 pending=8 active=8 remaining=11 next_trial=318 rounds=[8,7,7,8,7,8,8,8]
t=20091.8 LZ_REACHED craft=Aircraft_9_nav_r7_312 route=7 outbound=197.9s t=20091.8
t=20094.1 LAUNCH_BLOCKED reason=tuner_capacity_full active=8 stored=1 no_active_s=0.0 state=IDLE tractor_cleanup=false elevator_transfer=false deck=Aircraft_9_nav_r1_317 pending=none clearance=none queue=0
t=20109.1 LAUNCH_BLOCKED reason=tuner_capacity_full active=8 stored=1 no_active_s=0.0 state=IDLE tractor_cleanup=false elevator_transfer=false deck=Aircraft_9_nav_r1_317 pending=none clearance=none queue=0
t=20118.6 ==== SUMMARY t=20118.6 ====
t=20118.6 route=1 laps=37 crashes=3 avg_out=156.8s avg_ret=175.1s avg_lap=343.5s best_lap=337.7
t=20118.6 route=2 laps=38 crashes=0 avg_out=214.4s avg_ret=249.5s avg_lap=475.9s best_lap=454.8
t=20118.6 route=3 laps=36 crashes=1 avg_out=243.5s avg_ret=270.1s avg_lap=525.5s best_lap=508.2
t=20118.6 route=4 laps=39 crashes=0 avg_out=200.0s avg_ret=168.9s avg_lap=381.0s best_lap=374.9
t=20118.6 route=5 laps=37 crashes=0 avg_out=293.6s avg_ret=257.7s avg_lap=563.3s best_lap=553.2
t=20118.6 route=6 laps=40 crashes=0 avg_out=179.4s avg_ret=158.7s avg_lap=350.1s best_lap=344.4
t=20118.6 route=7 laps=39 crashes=0 avg_out=198.0s avg_ret=157.8s avg_lap=367.8s best_lap=355.8
t=20118.6 route=8 laps=38 crashes=1 avg_out=184.7s avg_ret=186.8s avg_lap=383.5s best_lap=375.5
t=20118.6 TOTAL laps=304 crashes=5
t=20118.6 TUNER gen=4 results=53/64 pending=8 active=8 remaining=11 next_trial=318 rounds=[8,7,7,8,7,8,8,8]
t=20124.2 LAUNCH_BLOCKED reason=tuner_capacity_full active=8 stored=1 no_active_s=0.0 state=IDLE tractor_cleanup=false elevator_transfer=false deck=Aircraft_9_nav_r1_317 pending=none clearance=none queue=0
t=20139.2 LAUNCH_BLOCKED reason=tuner_capacity_full active=8 stored=1 no_active_s=0.0 state=IDLE tractor_cleanup=false elevator_transfer=false deck=Aircraft_9_nav_r1_317 pending=none clearance=none queue=0
t=20148.6 ==== SUMMARY t=20148.6 ====
t=20148.6 route=1 laps=37 crashes=3 avg_out=156.8s avg_ret=175.1s avg_lap=343.5s best_lap=337.7
t=20148.6 route=2 laps=38 crashes=0 avg_out=214.4s avg_ret=249.5s avg_lap=475.9s best_lap=454.8
t=20148.6 route=3 laps=36 crashes=1 avg_out=243.5s avg_ret=270.1s avg_lap=525.5s best_lap=508.2
t=20148.6 route=4 laps=39 crashes=0 avg_out=200.0s avg_ret=168.9s avg_lap=381.0s best_lap=374.9
t=20148.6 route=5 laps=37 crashes=0 avg_out=293.6s avg_ret=257.7s avg_lap=563.3s best_lap=553.2
t=20148.6 route=6 laps=40 crashes=0 avg_out=179.4s avg_ret=158.7s avg_lap=350.1s best_lap=344.4
t=20148.6 route=7 laps=39 crashes=0 avg_out=198.0s avg_ret=157.8s avg_lap=367.8s best_lap=355.8
t=20148.6 route=8 laps=38 crashes=1 avg_out=184.7s avg_ret=186.8s avg_lap=383.5s best_lap=375.5
t=20148.6 TOTAL laps=304 crashes=5
t=20148.6 TUNER gen=4 results=53/64 pending=8 active=8 remaining=11 next_trial=318 rounds=[8,7,7,8,7,8,8,8]
t=20154.3 LAUNCH_BLOCKED reason=tuner_capacity_full active=8 stored=1 no_active_s=0.0 state=IDLE tractor_cleanup=false elevator_transfer=false deck=Aircraft_9_nav_r1_317 pending=none clearance=none queue=0
t=20169.3 LAUNCH_BLOCKED reason=tuner_capacity_full active=8 stored=1 no_active_s=0.0 state=IDLE tractor_cleanup=false elevator_transfer=false deck=Aircraft_9_nav_r1_317 pending=none clearance=none queue=0
t=20178.6 ==== SUMMARY t=20178.6 ====
t=20178.6 route=1 laps=37 crashes=3 avg_out=156.8s avg_ret=175.1s avg_lap=343.5s best_lap=337.7
t=20178.6 route=2 laps=38 crashes=0 avg_out=214.4s avg_ret=249.5s avg_lap=475.9s best_lap=454.8
t=20178.6 route=3 laps=36 crashes=1 avg_out=243.5s avg_ret=270.1s avg_lap=525.5s best_lap=508.2
t=20178.6 route=4 laps=39 crashes=0 avg_out=200.0s avg_ret=168.9s avg_lap=381.0s best_lap=374.9
t=20178.6 route=5 laps=37 crashes=0 avg_out=293.6s avg_ret=257.7s avg_lap=563.3s best_lap=553.2
t=20178.6 route=6 laps=40 crashes=0 avg_out=179.4s avg_ret=158.7s avg_lap=350.1s best_lap=344.4
t=20178.6 route=7 laps=39 crashes=0 avg_out=198.0s avg_ret=157.8s avg_lap=367.8s best_lap=355.8
t=20178.6 route=8 laps=38 crashes=1 avg_out=184.7s avg_ret=186.8s avg_lap=383.5s best_lap=375.5
t=20178.6 TOTAL laps=304 crashes=5
t=20178.6 TUNER gen=4 results=53/64 pending=8 active=8 remaining=11 next_trial=318 rounds=[8,7,7,8,7,8,8,8]
t=20184.4 LAUNCH_BLOCKED reason=tuner_capacity_full active=8 stored=1 no_active_s=0.0 state=IDLE tractor_cleanup=false elevator_transfer=false deck=Aircraft_9_nav_r1_317 pending=none clearance=none queue=0
t=20199.4 LAUNCH_BLOCKED reason=tuner_capacity_full active=8 stored=1 no_active_s=0.0 state=IDLE tractor_cleanup=false elevator_transfer=false deck=Aircraft_9_nav_r1_317 pending=none clearance=none queue=0
t=20199.5 LZ_REACHED craft=Aircraft_9_nav_r8_315 route=8 outbound=185.0s t=20199.5
t=20208.6 ==== SUMMARY t=20208.6 ====
t=20208.6 route=1 laps=37 crashes=3 avg_out=156.8s avg_ret=175.1s avg_lap=343.5s best_lap=337.7
t=20208.6 route=2 laps=38 crashes=0 avg_out=214.4s avg_ret=249.5s avg_lap=475.9s best_lap=454.8
t=20208.6 route=3 laps=36 crashes=1 avg_out=243.5s avg_ret=270.1s avg_lap=525.5s best_lap=508.2
t=20208.6 route=4 laps=39 crashes=0 avg_out=200.0s avg_ret=168.9s avg_lap=381.0s best_lap=374.9
t=20208.6 route=5 laps=37 crashes=0 avg_out=293.6s avg_ret=257.7s avg_lap=563.3s best_lap=553.2
t=20208.6 route=6 laps=40 crashes=0 avg_out=179.4s avg_ret=158.7s avg_lap=350.1s best_lap=344.4
t=20208.7 route=7 laps=39 crashes=0 avg_out=198.0s avg_ret=157.8s avg_lap=367.8s best_lap=355.8
t=20208.7 route=8 laps=38 crashes=1 avg_out=184.7s avg_ret=186.8s avg_lap=383.5s best_lap=375.5
t=20208.7 TOTAL laps=304 crashes=5
t=20208.7 TUNER gen=4 results=53/64 pending=8 active=8 remaining=11 next_trial=318 rounds=[8,7,7,8,7,8,8,8]
t=20209.4 LZ_REACHED craft=Aircraft_9_nav_r1_314 route=2 outbound=215.2s t=20209.4
t=20214.4 LAUNCH_BLOCKED reason=tuner_capacity_full active=8 stored=1 no_active_s=0.0 state=IDLE tractor_cleanup=false elevator_transfer=false deck=Aircraft_9_nav_r1_317 pending=none clearance=none queue=0
t=20219.5 LZ_REACHED craft=Aircraft_9_nav_r1_313 route=5 outbound=285.3s t=20219.5
t=20229.5 LAUNCH_BLOCKED reason=tuner_capacity_full active=8 stored=1 no_active_s=0.0 state=IDLE tractor_cleanup=false elevator_transfer=false deck=Aircraft_9_nav_r1_317 pending=none clearance=none queue=0
t=20238.7 ==== SUMMARY t=20238.7 ====
t=20238.7 route=1 laps=37 crashes=3 avg_out=156.8s avg_ret=175.1s avg_lap=343.5s best_lap=337.7
t=20238.7 route=2 laps=38 crashes=0 avg_out=214.4s avg_ret=249.5s avg_lap=475.9s best_lap=454.8
t=20238.7 route=3 laps=36 crashes=1 avg_out=243.5s avg_ret=270.1s avg_lap=525.5s best_lap=508.2
t=20238.7 route=4 laps=39 crashes=0 avg_out=200.0s avg_ret=168.9s avg_lap=381.0s best_lap=374.9
t=20238.7 route=5 laps=37 crashes=0 avg_out=293.4s avg_ret=257.7s avg_lap=563.3s best_lap=553.2
t=20238.8 route=6 laps=40 crashes=0 avg_out=179.4s avg_ret=158.7s avg_lap=350.1s best_lap=344.4
t=20238.8 route=7 laps=39 crashes=0 avg_out=198.0s avg_ret=157.8s avg_lap=367.8s best_lap=355.8
t=20238.8 route=8 laps=38 crashes=1 avg_out=184.7s avg_ret=186.8s avg_lap=383.5s best_lap=375.5
t=20238.8 TOTAL laps=304 crashes=5
t=20238.8 TUNER gen=4 results=53/64 pending=8 active=8 remaining=11 next_trial=318 rounds=[8,7,7,8,7,8,8,8]
t=20244.6 LAUNCH_BLOCKED reason=tuner_capacity_full active=8 stored=1 no_active_s=0.0 state=IDLE tractor_cleanup=false elevator_transfer=false deck=Aircraft_9_nav_r1_317 pending=none clearance=none queue=0
t=20251.9 LAP_CAPTURE craft=Aircraft_9_nav_r4_311 route=4 return=168.4s lap=378.1s carrier_dist=200m t=20251.9
t=20262.4 TUNING_REASSIGN craft=Aircraft_9_nav_r6_318 requested_route=6 assigned_route=2
t=20264.7 LAUNCH_BLOCKED reason=tuner_capacity_full active=8 stored=1 no_active_s=0.0 state=AIRCRAFT_ON_DECK tractor_cleanup=false elevator_transfer=true deck=Aircraft_9_nav_r6_318 pending=none clearance=none queue=0
t=20266.0 LAP_CAPTURE craft=Aircraft_9_nav_r7_312 route=7 return=162.2s lap=372.1s carrier_dist=200m t=20266.0
t=20268.7 ==== SUMMARY t=20268.7 ====
t=20268.7 route=1 laps=37 crashes=3 avg_out=156.8s avg_ret=175.1s avg_lap=343.5s best_lap=337.7
t=20268.7 route=2 laps=38 crashes=0 avg_out=214.4s avg_ret=249.5s avg_lap=475.9s best_lap=454.8
t=20268.8 route=3 laps=36 crashes=1 avg_out=243.5s avg_ret=270.1s avg_lap=525.5s best_lap=508.2
t=20268.8 route=4 laps=40 crashes=0 avg_out=200.0s avg_ret=168.9s avg_lap=380.9s best_lap=374.9
t=20268.8 route=5 laps=37 crashes=0 avg_out=293.4s avg_ret=257.7s avg_lap=563.3s best_lap=553.2
t=20268.8 route=6 laps=40 crashes=0 avg_out=179.4s avg_ret=158.7s avg_lap=350.1s best_lap=344.4
t=20268.8 route=7 laps=40 crashes=0 avg_out=198.0s avg_ret=157.9s avg_lap=367.9s best_lap=355.8
t=20268.8 route=8 laps=38 crashes=1 avg_out=184.7s avg_ret=186.8s avg_lap=383.5s best_lap=375.5
t=20268.8 TOTAL laps=306 crashes=5
t=20268.8 TUNER gen=4 results=55/64 pending=7 active=7 remaining=9 next_trial=319 rounds=[8,8,7,8,7,8,8,8]
t=20270.5 SPAWN craft=Aircraft_9_nav_r6_318 route=2 candidate=1 trial=318 t=20270.5
t=20275.0 LZ_REACHED craft=Aircraft_9_nav_r1_316 route=3 outbound=240.5s t=20275.0
t=20282.5 TUNING_REASSIGN craft=Aircraft_9_nav_r1_319 requested_route=1 assigned_route=3
t=20284.9 LAUNCH_BLOCKED reason=tuner_capacity_full active=8 stored=1 no_active_s=0.0 state=AIRCRAFT_ON_DECK tractor_cleanup=false elevator_transfer=true deck=Aircraft_9_nav_r1_319 pending=none clearance=none queue=0
t=20290.6 SPAWN craft=Aircraft_9_nav_r1_319 route=3 candidate=2 trial=319 t=20290.6
t=20298.8 ==== SUMMARY t=20298.8 ====
t=20298.9 route=1 laps=37 crashes=3 avg_out=156.8s avg_ret=175.1s avg_lap=343.5s best_lap=337.7
t=20298.9 route=2 laps=38 crashes=0 avg_out=214.4s avg_ret=249.5s avg_lap=475.9s best_lap=454.8
t=20298.9 route=3 laps=36 crashes=1 avg_out=243.5s avg_ret=270.1s avg_lap=525.5s best_lap=508.2
t=20298.9 route=4 laps=40 crashes=0 avg_out=200.0s avg_ret=168.9s avg_lap=380.9s best_lap=374.9
t=20298.9 route=5 laps=37 crashes=0 avg_out=293.4s avg_ret=257.7s avg_lap=563.3s best_lap=553.2
t=20298.9 route=6 laps=40 crashes=0 avg_out=179.4s avg_ret=158.7s avg_lap=350.1s best_lap=344.4
t=20298.9 route=7 laps=40 crashes=0 avg_out=198.0s avg_ret=157.9s avg_lap=367.9s best_lap=355.8
t=20298.9 route=8 laps=38 crashes=1 avg_out=184.7s avg_ret=186.8s avg_lap=383.5s best_lap=375.5
t=20298.9 TOTAL laps=306 crashes=5
t=20298.9 TUNER gen=4 results=55/64 pending=8 active=8 remaining=9 next_trial=320 rounds=[8,8,8,8,7,8,8,8]
t=20299.9 LAUNCH_BLOCKED reason=tuner_capacity_full active=8 stored=1 no_active_s=0.0 state=IDLE tractor_cleanup=false elevator_transfer=false deck=Aircraft_9_nav_r1_319 pending=none clearance=none queue=0
t=20315.0 LAUNCH_BLOCKED reason=tuner_capacity_full active=8 stored=1 no_active_s=0.0 state=IDLE tractor_cleanup=false elevator_transfer=false deck=Aircraft_9_nav_r1_319 pending=none clearance=none queue=0
t=20328.8 ==== SUMMARY t=20328.8 ====
t=20328.8 route=1 laps=37 crashes=3 avg_out=156.8s avg_ret=175.1s avg_lap=343.5s best_lap=337.7
t=20328.9 route=2 laps=38 crashes=0 avg_out=214.4s avg_ret=249.5s avg_lap=475.9s best_lap=454.8
t=20328.9 route=3 laps=36 crashes=1 avg_out=243.5s avg_ret=270.1s avg_lap=525.5s best_lap=508.2
t=20328.9 route=4 laps=40 crashes=0 avg_out=200.0s avg_ret=168.9s avg_lap=380.9s best_lap=374.9
t=20328.9 route=5 laps=37 crashes=0 avg_out=293.4s avg_ret=257.7s avg_lap=563.3s best_lap=553.2
t=20328.9 route=6 laps=40 crashes=0 avg_out=179.4s avg_ret=158.7s avg_lap=350.1s best_lap=344.4
t=20328.9 route=7 laps=40 crashes=0 avg_out=198.0s avg_ret=157.9s avg_lap=367.9s best_lap=355.8
t=20328.9 route=8 laps=38 crashes=1 avg_out=184.7s avg_ret=186.8s avg_lap=383.5s best_lap=375.5
t=20328.9 TOTAL laps=306 crashes=5
t=20328.9 TUNER gen=4 results=55/64 pending=8 active=8 remaining=9 next_trial=320 rounds=[8,8,8,8,7,8,8,8]
t=20330.0 LAUNCH_BLOCKED reason=tuner_capacity_full active=8 stored=1 no_active_s=0.0 state=IDLE tractor_cleanup=false elevator_transfer=false deck=Aircraft_9_nav_r1_319 pending=none clearance=none queue=0
t=20331.7 LAP_CAPTURE craft=Aircraft_9_nav_r3_310 route=3 return=268.5s lap=523.2s carrier_dist=200m t=20331.7
t=20342.9 TUNING_REASSIGN craft=Aircraft_9_nav_r4_320 requested_route=4 assigned_route=5
t=20345.1 LAUNCH_BLOCKED reason=tuner_capacity_full active=8 stored=1 no_active_s=0.0 state=AIRCRAFT_ON_DECK tractor_cleanup=false elevator_transfer=true deck=Aircraft_9_nav_r4_320 pending=none clearance=none queue=0
t=20351.0 SPAWN craft=Aircraft_9_nav_r4_320 route=5 candidate=4 trial=320 t=20351.0
t=20355.8 LZ_REACHED craft=Aircraft_9_nav_r1_317 route=5 outbound=286.2s t=20355.8
t=20358.9 ==== SUMMARY t=20358.9 ====
t=20358.9 route=1 laps=37 crashes=3 avg_out=156.8s avg_ret=175.1s avg_lap=343.5s best_lap=337.7
t=20358.9 route=2 laps=38 crashes=0 avg_out=214.4s avg_ret=249.5s avg_lap=475.9s best_lap=454.8
t=20359.0 route=3 laps=37 crashes=1 avg_out=243.5s avg_ret=270.0s avg_lap=525.4s best_lap=508.2
t=20359.0 route=4 laps=40 crashes=0 avg_out=200.0s avg_ret=168.9s avg_lap=380.9s best_lap=374.9
t=20359.0 route=5 laps=37 crashes=0 avg_out=293.2s avg_ret=257.7s avg_lap=563.3s best_lap=553.2
t=20359.0 route=6 laps=40 crashes=0 avg_out=179.4s avg_ret=158.7s avg_lap=350.1s best_lap=344.4
t=20359.0 route=7 laps=40 crashes=0 avg_out=198.0s avg_ret=157.9s avg_lap=367.9s best_lap=355.8
t=20359.0 route=8 laps=38 crashes=1 avg_out=184.7s avg_ret=186.8s avg_lap=383.5s best_lap=375.5
t=20359.0 TOTAL laps=307 crashes=5
t=20359.0 TUNER gen=4 results=56/64 pending=8 active=8 remaining=8 next_trial=321 rounds=[8,8,8,8,8,8,8,8]
t=20360.2 LAUNCH_BLOCKED reason=tuner_capacity_full active=8 stored=1 no_active_s=0.0 state=IDLE tractor_cleanup=false elevator_transfer=false deck=Aircraft_9_nav_r4_320 pending=none clearance=none queue=0
t=20375.3 LAUNCH_BLOCKED reason=tuner_capacity_full active=8 stored=1 no_active_s=0.0 state=IDLE tractor_cleanup=false elevator_transfer=false deck=Aircraft_9_nav_r4_320 pending=none clearance=none queue=0
t=20389.0 ==== SUMMARY t=20389.0 ====
t=20389.0 route=1 laps=37 crashes=3 avg_out=156.8s avg_ret=175.1s avg_lap=343.5s best_lap=337.7
t=20389.0 route=2 laps=38 crashes=0 avg_out=214.4s avg_ret=249.5s avg_lap=475.9s best_lap=454.8
t=20389.1 route=3 laps=37 crashes=1 avg_out=243.5s avg_ret=270.0s avg_lap=525.4s best_lap=508.2
t=20389.1 route=4 laps=40 crashes=0 avg_out=200.0s avg_ret=168.9s avg_lap=380.9s best_lap=374.9
t=20389.1 route=5 laps=37 crashes=0 avg_out=293.2s avg_ret=257.7s avg_lap=563.3s best_lap=553.2
t=20389.1 route=6 laps=40 crashes=0 avg_out=179.4s avg_ret=158.7s avg_lap=350.1s best_lap=344.4
t=20389.1 route=7 laps=40 crashes=0 avg_out=198.0s avg_ret=157.9s avg_lap=367.9s best_lap=355.8
t=20389.1 route=8 laps=38 crashes=1 avg_out=184.7s avg_ret=186.8s avg_lap=383.5s best_lap=375.5
t=20389.1 TOTAL laps=307 crashes=5
t=20389.1 TUNER gen=4 results=56/64 pending=8 active=8 remaining=8 next_trial=321 rounds=[8,8,8,8,8,8,8,8]
t=20390.4 LAUNCH_BLOCKED reason=tuner_capacity_full active=8 stored=1 no_active_s=0.0 state=IDLE tractor_cleanup=false elevator_transfer=false deck=Aircraft_9_nav_r4_320 pending=none clearance=Aircraft_9_nav_r8_315 queue=0
t=20398.2 LAP_CAPTURE craft=Aircraft_9_nav_r8_315 route=8 return=186.7s lap=383.7s carrier_dist=200m t=20398.2
t=20405.4 LAUNCH_BLOCKED reason=tuner_capacity_full active=7 stored=1 no_active_s=0.0 state=IDLE tractor_cleanup=false elevator_transfer=false deck=Aircraft_9_nav_r4_320 pending=none clearance=none queue=0
t=20419.0 ==== SUMMARY t=20419.0 ====
t=20419.0 route=1 laps=37 crashes=3 avg_out=156.8s avg_ret=175.1s avg_lap=343.5s best_lap=337.7
t=20419.1 route=2 laps=38 crashes=0 avg_out=214.4s avg_ret=249.5s avg_lap=475.9s best_lap=454.8
t=20419.1 route=3 laps=37 crashes=1 avg_out=243.5s avg_ret=270.0s avg_lap=525.4s best_lap=508.2
t=20419.1 route=4 laps=40 crashes=0 avg_out=200.0s avg_ret=168.9s avg_lap=380.9s best_lap=374.9
t=20419.1 route=5 laps=37 crashes=0 avg_out=293.2s avg_ret=257.7s avg_lap=563.3s best_lap=553.2
t=20419.1 route=6 laps=40 crashes=0 avg_out=179.4s avg_ret=158.7s avg_lap=350.1s best_lap=344.4
t=20419.1 route=7 laps=40 crashes=0 avg_out=198.0s avg_ret=157.9s avg_lap=367.9s best_lap=355.8
t=20419.1 route=8 laps=39 crashes=1 avg_out=184.7s avg_ret=186.8s avg_lap=383.5s best_lap=375.5
t=20419.1 TOTAL laps=308 crashes=5
t=20419.1 TUNER gen=4 results=57/64 pending=7 active=7 remaining=7 next_trial=321 rounds=[8,8,8,8,8,8,8,8]
t=20420.5 LAUNCH_BLOCKED reason=tuner_capacity_full active=7 stored=1 no_active_s=0.0 state=IDLE tractor_cleanup=false elevator_transfer=false deck=Aircraft_9_nav_r4_320 pending=none clearance=none queue=0
t=20435.5 LAUNCH_BLOCKED reason=tuner_capacity_full active=7 stored=1 no_active_s=0.0 state=IDLE tractor_cleanup=false elevator_transfer=false deck=Aircraft_9_nav_r4_320 pending=none clearance=none queue=0
t=20449.1 ==== SUMMARY t=20449.1 ====
t=20449.1 route=1 laps=37 crashes=3 avg_out=156.8s avg_ret=175.1s avg_lap=343.5s best_lap=337.7
t=20449.1 route=2 laps=38 crashes=0 avg_out=214.4s avg_ret=249.5s avg_lap=475.9s best_lap=454.8
t=20449.1 route=3 laps=37 crashes=1 avg_out=243.5s avg_ret=270.0s avg_lap=525.4s best_lap=508.2
t=20449.1 route=4 laps=40 crashes=0 avg_out=200.0s avg_ret=168.9s avg_lap=380.9s best_lap=374.9
t=20449.1 route=5 laps=37 crashes=0 avg_out=293.2s avg_ret=257.7s avg_lap=563.3s best_lap=553.2
t=20449.1 route=6 laps=40 crashes=0 avg_out=179.4s avg_ret=158.7s avg_lap=350.1s best_lap=344.4
t=20449.1 route=7 laps=40 crashes=0 avg_out=198.0s avg_ret=157.9s avg_lap=367.9s best_lap=355.8
t=20449.1 route=8 laps=39 crashes=1 avg_out=184.7s avg_ret=186.8s avg_lap=383.5s best_lap=375.5
t=20449.1 TOTAL laps=308 crashes=5
t=20449.1 TUNER gen=4 results=57/64 pending=7 active=7 remaining=7 next_trial=321 rounds=[8,8,8,8,8,8,8,8]
t=20450.6 LAUNCH_BLOCKED reason=tuner_capacity_full active=7 stored=1 no_active_s=0.0 state=IDLE tractor_cleanup=false elevator_transfer=false deck=Aircraft_9_nav_r4_320 pending=none clearance=none queue=0
t=20463.8 LAP_CAPTURE craft=Aircraft_9_nav_r1_314 route=2 return=242.3s lap=469.5s carrier_dist=200m t=20463.8
t=20465.6 LAUNCH_BLOCKED reason=tuner_capacity_full active=6 stored=1 no_active_s=0.0 state=IDLE tractor_cleanup=false elevator_transfer=false deck=Aircraft_9_nav_r4_320 pending=none clearance=none queue=0
t=20479.1 ==== SUMMARY t=20479.1 ====
t=20479.1 route=1 laps=37 crashes=3 avg_out=156.8s avg_ret=175.1s avg_lap=343.5s best_lap=337.7
t=20479.1 route=2 laps=39 crashes=0 avg_out=214.4s avg_ret=249.4s avg_lap=475.7s best_lap=454.8
t=20479.1 route=3 laps=37 crashes=1 avg_out=243.5s avg_ret=270.0s avg_lap=525.4s best_lap=508.2
t=20479.1 route=4 laps=40 crashes=0 avg_out=200.0s avg_ret=168.9s avg_lap=380.9s best_lap=374.9
t=20479.1 route=5 laps=37 crashes=0 avg_out=293.2s avg_ret=257.7s avg_lap=563.3s best_lap=553.2
t=20479.1 route=6 laps=40 crashes=0 avg_out=179.4s avg_ret=158.7s avg_lap=350.1s best_lap=344.4
t=20479.1 route=7 laps=40 crashes=0 avg_out=198.0s avg_ret=157.9s avg_lap=367.9s best_lap=355.8
t=20479.1 route=8 laps=39 crashes=1 avg_out=184.7s avg_ret=186.8s avg_lap=383.5s best_lap=375.5
t=20479.1 TOTAL laps=309 crashes=5
t=20479.1 TUNER gen=4 results=58/64 pending=6 active=6 remaining=6 next_trial=321 rounds=[8,8,8,8,8,8,8,8]
t=20480.7 LAUNCH_BLOCKED reason=tuner_capacity_full active=6 stored=1 no_active_s=0.0 state=IDLE tractor_cleanup=false elevator_transfer=false deck=Aircraft_9_nav_r4_320 pending=none clearance=none queue=0
t=20484.4 LZ_REACHED craft=Aircraft_9_nav_r6_318 route=2 outbound=213.9s t=20484.4
t=20487.8 LAP_CAPTURE craft=Aircraft_9_nav_r1_313 route=5 return=256.3s lap=553.6s carrier_dist=200m t=20487.8
t=20495.7 LAUNCH_BLOCKED reason=tuner_capacity_full active=5 stored=1 no_active_s=0.0 state=IDLE tractor_cleanup=false elevator_transfer=false deck=Aircraft_9_nav_r4_320 pending=none clearance=none queue=0
t=20509.1 ==== SUMMARY t=20509.1 ====
t=20509.1 route=1 laps=37 crashes=3 avg_out=156.8s avg_ret=175.1s avg_lap=343.5s best_lap=337.7
t=20509.1 route=2 laps=39 crashes=0 avg_out=214.4s avg_ret=249.4s avg_lap=475.7s best_lap=454.8
t=20509.1 route=3 laps=37 crashes=1 avg_out=243.5s avg_ret=270.0s avg_lap=525.4s best_lap=508.2
t=20509.1 route=4 laps=40 crashes=0 avg_out=200.0s avg_ret=168.9s avg_lap=380.9s best_lap=374.9
t=20509.1 route=5 laps=38 crashes=0 avg_out=293.2s avg_ret=257.7s avg_lap=563.1s best_lap=553.2
t=20509.1 route=6 laps=40 crashes=0 avg_out=179.4s avg_ret=158.7s avg_lap=350.1s best_lap=344.4
t=20509.1 route=7 laps=40 crashes=0 avg_out=198.0s avg_ret=157.9s avg_lap=367.9s best_lap=355.8
t=20509.1 route=8 laps=39 crashes=1 avg_out=184.7s avg_ret=186.8s avg_lap=383.5s best_lap=375.5
t=20509.1 TOTAL laps=310 crashes=5
t=20509.1 TUNER gen=4 results=59/64 pending=5 active=5 remaining=5 next_trial=321 rounds=[8,8,8,8,8,8,8,8]
t=20510.7 LAUNCH_BLOCKED reason=tuner_capacity_full active=5 stored=1 no_active_s=0.0 state=IDLE tractor_cleanup=false elevator_transfer=false deck=Aircraft_9_nav_r4_320 pending=none clearance=none queue=0
t=20525.8 LAUNCH_BLOCKED reason=tuner_capacity_full active=5 stored=1 no_active_s=0.0 state=IDLE tractor_cleanup=false elevator_transfer=false deck=Aircraft_9_nav_r4_320 pending=none clearance=none queue=0
t=20532.9 LZ_REACHED craft=Aircraft_9_nav_r1_319 route=3 outbound=242.3s t=20532.9
t=20539.1 ==== SUMMARY t=20539.1 ====
t=20539.1 route=1 laps=37 crashes=3 avg_out=156.8s avg_ret=175.1s avg_lap=343.5s best_lap=337.7
t=20539.1 route=2 laps=39 crashes=0 avg_out=214.4s avg_ret=249.4s avg_lap=475.7s best_lap=454.8
t=20539.1 route=3 laps=37 crashes=1 avg_out=243.4s avg_ret=270.0s avg_lap=525.4s best_lap=508.2
t=20539.1 route=4 laps=40 crashes=0 avg_out=200.0s avg_ret=168.9s avg_lap=380.9s best_lap=374.9
t=20539.1 route=5 laps=38 crashes=0 avg_out=293.2s avg_ret=257.7s avg_lap=563.1s best_lap=553.2
t=20539.1 route=6 laps=40 crashes=0 avg_out=179.4s avg_ret=158.7s avg_lap=350.1s best_lap=344.4
t=20539.1 route=7 laps=40 crashes=0 avg_out=198.0s avg_ret=157.9s avg_lap=367.9s best_lap=355.8
t=20539.1 route=8 laps=39 crashes=1 avg_out=184.7s avg_ret=186.8s avg_lap=383.5s best_lap=375.5
t=20539.2 TOTAL laps=310 crashes=5
t=20539.2 TUNER gen=4 results=59/64 pending=5 active=5 remaining=5 next_trial=321 rounds=[8,8,8,8,8,8,8,8]
t=20540.8 LAUNCH_BLOCKED reason=tuner_capacity_full active=5 stored=1 no_active_s=0.0 state=IDLE tractor_cleanup=false elevator_transfer=false deck=Aircraft_9_nav_r4_320 pending=none clearance=none queue=0
t=20555.9 LAUNCH_BLOCKED reason=tuner_capacity_full active=5 stored=1 no_active_s=0.0 state=IDLE tractor_cleanup=false elevator_transfer=false deck=Aircraft_9_nav_r4_320 pending=none clearance=none queue=0
t=20557.0 LAP_CAPTURE craft=Aircraft_9_nav_r1_316 route=3 return=269.9s lap=522.5s carrier_dist=200m t=20557.0
t=20569.1 ==== SUMMARY t=20569.1 ====
t=20569.1 route=1 laps=37 crashes=3 avg_out=156.8s avg_ret=175.1s avg_lap=343.5s best_lap=337.7
t=20569.2 route=2 laps=39 crashes=0 avg_out=214.4s avg_ret=249.4s avg_lap=475.7s best_lap=454.8
t=20569.2 route=3 laps=38 crashes=1 avg_out=243.4s avg_ret=270.0s avg_lap=525.4s best_lap=508.2
t=20569.2 route=4 laps=40 crashes=0 avg_out=200.0s avg_ret=168.9s avg_lap=380.9s best_lap=374.9
t=20569.2 route=5 laps=38 crashes=0 avg_out=293.2s avg_ret=257.7s avg_lap=563.1s best_lap=553.2
t=20569.2 route=6 laps=40 crashes=0 avg_out=179.4s avg_ret=158.7s avg_lap=350.1s best_lap=344.4
t=20569.2 route=7 laps=40 crashes=0 avg_out=198.0s avg_ret=157.9s avg_lap=367.9s best_lap=355.8
t=20569.2 route=8 laps=39 crashes=1 avg_out=184.7s avg_ret=186.8s avg_lap=383.5s best_lap=375.5
t=20569.2 TOTAL laps=311 crashes=5
t=20569.2 TUNER gen=4 results=60/64 pending=4 active=4 remaining=4 next_trial=321 rounds=[8,8,8,8,8,8,8,8]
t=20571.0 LAUNCH_BLOCKED reason=tuner_capacity_full active=4 stored=1 no_active_s=0.0 state=IDLE tractor_cleanup=false elevator_transfer=false deck=Aircraft_9_nav_r4_320 pending=none clearance=none queue=0
t=20586.0 LAUNCH_BLOCKED reason=tuner_capacity_full active=4 stored=1 no_active_s=0.0 state=IDLE tractor_cleanup=false elevator_transfer=false deck=Aircraft_9_nav_r4_320 pending=none clearance=none queue=0
t=20599.2 ==== SUMMARY t=20599.2 ====
t=20599.2 route=1 laps=37 crashes=3 avg_out=156.8s avg_ret=175.1s avg_lap=343.5s best_lap=337.7
t=20599.2 route=2 laps=39 crashes=0 avg_out=214.4s avg_ret=249.4s avg_lap=475.7s best_lap=454.8
t=20599.2 route=3 laps=38 crashes=1 avg_out=243.4s avg_ret=270.0s avg_lap=525.4s best_lap=508.2
t=20599.2 route=4 laps=40 crashes=0 avg_out=200.0s avg_ret=168.9s avg_lap=380.9s best_lap=374.9
t=20599.2 route=5 laps=38 crashes=0 avg_out=293.2s avg_ret=257.7s avg_lap=563.1s best_lap=553.2
t=20599.2 route=6 laps=40 crashes=0 avg_out=179.4s avg_ret=158.7s avg_lap=350.1s best_lap=344.4
t=20599.2 route=7 laps=40 crashes=0 avg_out=198.0s avg_ret=157.9s avg_lap=367.9s best_lap=355.8
t=20599.2 route=8 laps=39 crashes=1 avg_out=184.7s avg_ret=186.8s avg_lap=383.5s best_lap=375.5
t=20599.2 TOTAL laps=311 crashes=5
t=20599.2 TUNER gen=4 results=60/64 pending=4 active=4 remaining=4 next_trial=321 rounds=[8,8,8,8,8,8,8,8]
t=20601.1 LAUNCH_BLOCKED reason=tuner_capacity_full active=4 stored=1 no_active_s=0.0 state=IDLE tractor_cleanup=false elevator_transfer=false deck=Aircraft_9_nav_r4_320 pending=none clearance=none queue=0
t=20616.1 LAUNCH_BLOCKED reason=tuner_capacity_full active=4 stored=1 no_active_s=0.0 state=IDLE tractor_cleanup=false elevator_transfer=false deck=Aircraft_9_nav_r4_320 pending=none clearance=none queue=0
t=20624.0 LAP_CAPTURE craft=Aircraft_9_nav_r1_317 route=5 return=256.2s lap=554.4s carrier_dist=200m t=20624.0
t=20629.2 ==== SUMMARY t=20629.2 ====
t=20629.2 route=1 laps=37 crashes=3 avg_out=156.8s avg_ret=175.1s avg_lap=343.5s best_lap=337.7
t=20629.2 route=2 laps=39 crashes=0 avg_out=214.4s avg_ret=249.4s avg_lap=475.7s best_lap=454.8
t=20629.2 route=3 laps=38 crashes=1 avg_out=243.4s avg_ret=270.0s avg_lap=525.4s best_lap=508.2
t=20629.2 route=4 laps=40 crashes=0 avg_out=200.0s avg_ret=168.9s avg_lap=380.9s best_lap=374.9
t=20629.2 route=5 laps=39 crashes=0 avg_out=293.2s avg_ret=257.6s avg_lap=562.9s best_lap=553.2
t=20629.2 route=6 laps=40 crashes=0 avg_out=179.4s avg_ret=158.7s avg_lap=350.1s best_lap=344.4
t=20629.2 route=7 laps=40 crashes=0 avg_out=198.0s avg_ret=157.9s avg_lap=367.9s best_lap=355.8
t=20629.2 route=8 laps=39 crashes=1 avg_out=184.7s avg_ret=186.8s avg_lap=383.5s best_lap=375.5
t=20629.2 TOTAL laps=312 crashes=5
t=20629.2 TUNER gen=4 results=61/64 pending=3 active=3 remaining=3 next_trial=321 rounds=[8,8,8,8,8,8,8,8]
t=20631.2 LAUNCH_BLOCKED reason=tuner_capacity_full active=3 stored=1 no_active_s=0.0 state=IDLE tractor_cleanup=false elevator_transfer=false deck=Aircraft_9_nav_r4_320 pending=none clearance=none queue=0
t=20646.2 LAUNCH_BLOCKED reason=tuner_capacity_full active=3 stored=1 no_active_s=0.0 state=IDLE tractor_cleanup=false elevator_transfer=false deck=Aircraft_9_nav_r4_320 pending=none clearance=none queue=0
t=20646.4 LZ_REACHED craft=Aircraft_9_nav_r4_320 route=5 outbound=295.4s t=20646.4
t=20659.2 ==== SUMMARY t=20659.2 ====
t=20659.2 route=1 laps=37 crashes=3 avg_out=156.8s avg_ret=175.1s avg_lap=343.5s best_lap=337.7
t=20659.2 route=2 laps=39 crashes=0 avg_out=214.4s avg_ret=249.4s avg_lap=475.7s best_lap=454.8
t=20659.2 route=3 laps=38 crashes=1 avg_out=243.4s avg_ret=270.0s avg_lap=525.4s best_lap=508.2
t=20659.2 route=4 laps=40 crashes=0 avg_out=200.0s avg_ret=168.9s avg_lap=380.9s best_lap=374.9
t=20659.2 route=5 laps=39 crashes=0 avg_out=293.3s avg_ret=257.6s avg_lap=562.9s best_lap=553.2
t=20659.2 route=6 laps=40 crashes=0 avg_out=179.4s avg_ret=158.7s avg_lap=350.1s best_lap=344.4
t=20659.2 route=7 laps=40 crashes=0 avg_out=198.0s avg_ret=157.9s avg_lap=367.9s best_lap=355.8
t=20659.2 route=8 laps=39 crashes=1 avg_out=184.7s avg_ret=186.8s avg_lap=383.5s best_lap=375.5
t=20659.2 TOTAL laps=312 crashes=5
t=20659.2 TUNER gen=4 results=61/64 pending=3 active=3 remaining=3 next_trial=321 rounds=[8,8,8,8,8,8,8,8]
t=20661.3 LAUNCH_BLOCKED reason=tuner_capacity_full active=3 stored=1 no_active_s=0.0 state=IDLE tractor_cleanup=false elevator_transfer=false deck=Aircraft_9_nav_r4_320 pending=none clearance=none queue=0
t=20676.4 LAUNCH_BLOCKED reason=tuner_capacity_full active=3 stored=1 no_active_s=0.0 state=IDLE tractor_cleanup=false elevator_transfer=false deck=Aircraft_9_nav_r4_320 pending=none clearance=none queue=0
t=20689.2 ==== SUMMARY t=20689.2 ====
t=20689.3 route=1 laps=37 crashes=3 avg_out=156.8s avg_ret=175.1s avg_lap=343.5s best_lap=337.7
t=20689.3 route=2 laps=39 crashes=0 avg_out=214.4s avg_ret=249.4s avg_lap=475.7s best_lap=454.8
t=20689.3 route=3 laps=38 crashes=1 avg_out=243.4s avg_ret=270.0s avg_lap=525.4s best_lap=508.2
t=20689.3 route=4 laps=40 crashes=0 avg_out=200.0s avg_ret=168.9s avg_lap=380.9s best_lap=374.9
t=20689.3 route=5 laps=39 crashes=0 avg_out=293.3s avg_ret=257.6s avg_lap=562.9s best_lap=553.2
t=20689.3 route=6 laps=40 crashes=0 avg_out=179.4s avg_ret=158.7s avg_lap=350.1s best_lap=344.4
t=20689.3 route=7 laps=40 crashes=0 avg_out=198.0s avg_ret=157.9s avg_lap=367.9s best_lap=355.8
t=20689.3 route=8 laps=39 crashes=1 avg_out=184.7s avg_ret=186.8s avg_lap=383.5s best_lap=375.5
t=20689.3 TOTAL laps=312 crashes=5
t=20689.3 TUNER gen=4 results=61/64 pending=3 active=3 remaining=3 next_trial=321 rounds=[8,8,8,8,8,8,8,8]
t=20691.4 LAUNCH_BLOCKED reason=tuner_capacity_full active=3 stored=1 no_active_s=0.0 state=IDLE tractor_cleanup=false elevator_transfer=false deck=Aircraft_9_nav_r4_320 pending=none clearance=none queue=0
t=20706.5 LAUNCH_BLOCKED reason=tuner_capacity_full active=3 stored=1 no_active_s=0.0 state=IDLE tractor_cleanup=false elevator_transfer=false deck=Aircraft_9_nav_r4_320 pending=none clearance=none queue=0
t=20719.3 ==== SUMMARY t=20719.3 ====
t=20719.3 route=1 laps=37 crashes=3 avg_out=156.8s avg_ret=175.1s avg_lap=343.5s best_lap=337.7
t=20719.3 route=2 laps=39 crashes=0 avg_out=214.4s avg_ret=249.4s avg_lap=475.7s best_lap=454.8
t=20719.3 route=3 laps=38 crashes=1 avg_out=243.4s avg_ret=270.0s avg_lap=525.4s best_lap=508.2
t=20719.3 route=4 laps=40 crashes=0 avg_out=200.0s avg_ret=168.9s avg_lap=380.9s best_lap=374.9
t=20719.3 route=5 laps=39 crashes=0 avg_out=293.3s avg_ret=257.6s avg_lap=562.9s best_lap=553.2
t=20719.3 route=6 laps=40 crashes=0 avg_out=179.4s avg_ret=158.7s avg_lap=350.1s best_lap=344.4
t=20719.3 route=7 laps=40 crashes=0 avg_out=198.0s avg_ret=157.9s avg_lap=367.9s best_lap=355.8
t=20719.3 route=8 laps=39 crashes=1 avg_out=184.7s avg_ret=186.8s avg_lap=383.5s best_lap=375.5
t=20719.3 TOTAL laps=312 crashes=5
t=20719.3 TUNER gen=4 results=61/64 pending=3 active=3 remaining=3 next_trial=321 rounds=[8,8,8,8,8,8,8,8]
t=20721.5 LAUNCH_BLOCKED reason=tuner_capacity_full active=3 stored=1 no_active_s=0.0 state=IDLE tractor_cleanup=false elevator_transfer=false deck=Aircraft_9_nav_r4_320 pending=none clearance=none queue=0
t=20736.6 LAUNCH_BLOCKED reason=tuner_capacity_full active=3 stored=1 no_active_s=0.0 state=IDLE tractor_cleanup=false elevator_transfer=false deck=Aircraft_9_nav_r4_320 pending=none clearance=none queue=0
t=20743.1 LAP_CAPTURE craft=Aircraft_9_nav_r6_318 route=2 return=246.7s lap=472.6s carrier_dist=200m t=20743.1
t=20749.3 ==== SUMMARY t=20749.3 ====
t=20749.3 route=1 laps=37 crashes=3 avg_out=156.8s avg_ret=175.1s avg_lap=343.5s best_lap=337.7
t=20749.3 route=2 laps=40 crashes=0 avg_out=214.4s avg_ret=249.3s avg_lap=475.7s best_lap=454.8
t=20749.3 route=3 laps=38 crashes=1 avg_out=243.4s avg_ret=270.0s avg_lap=525.4s best_lap=508.2
t=20749.3 route=4 laps=40 crashes=0 avg_out=200.0s avg_ret=168.9s avg_lap=380.9s best_lap=374.9
t=20749.3 route=5 laps=39 crashes=0 avg_out=293.3s avg_ret=257.6s avg_lap=562.9s best_lap=553.2
t=20749.3 route=6 laps=40 crashes=0 avg_out=179.4s avg_ret=158.7s avg_lap=350.1s best_lap=344.4
t=20749.3 route=7 laps=40 crashes=0 avg_out=198.0s avg_ret=157.9s avg_lap=367.9s best_lap=355.8
t=20749.3 route=8 laps=39 crashes=1 avg_out=184.7s avg_ret=186.8s avg_lap=383.5s best_lap=375.5
t=20749.4 TOTAL laps=313 crashes=5
t=20749.4 TUNER gen=4 results=62/64 pending=2 active=2 remaining=2 next_trial=321 rounds=[8,8,8,8,8,8,8,8]
t=20751.6 LAUNCH_BLOCKED reason=tuner_capacity_full active=2 stored=1 no_active_s=0.0 state=IDLE tractor_cleanup=false elevator_transfer=false deck=Aircraft_9_nav_r4_320 pending=none clearance=none queue=0
t=20766.7 LAUNCH_BLOCKED reason=tuner_capacity_full active=2 stored=1 no_active_s=0.0 state=IDLE tractor_cleanup=false elevator_transfer=false deck=Aircraft_9_nav_r4_320 pending=none clearance=none queue=0
t=20779.3 ==== SUMMARY t=20779.3 ====
t=20779.3 route=1 laps=37 crashes=3 avg_out=156.8s avg_ret=175.1s avg_lap=343.5s best_lap=337.7
t=20779.3 route=2 laps=40 crashes=0 avg_out=214.4s avg_ret=249.3s avg_lap=475.7s best_lap=454.8
t=20779.3 route=3 laps=38 crashes=1 avg_out=243.4s avg_ret=270.0s avg_lap=525.4s best_lap=508.2
t=20779.3 route=4 laps=40 crashes=0 avg_out=200.0s avg_ret=168.9s avg_lap=380.9s best_lap=374.9
t=20779.3 route=5 laps=39 crashes=0 avg_out=293.3s avg_ret=257.6s avg_lap=562.9s best_lap=553.2
t=20779.3 route=6 laps=40 crashes=0 avg_out=179.4s avg_ret=158.7s avg_lap=350.1s best_lap=344.4
t=20779.3 route=7 laps=40 crashes=0 avg_out=198.0s avg_ret=157.9s avg_lap=367.9s best_lap=355.8
t=20779.3 route=8 laps=39 crashes=1 avg_out=184.7s avg_ret=186.8s avg_lap=383.5s best_lap=375.5
t=20779.3 TOTAL laps=313 crashes=5
t=20779.3 TUNER gen=4 results=62/64 pending=2 active=2 remaining=2 next_trial=321 rounds=[8,8,8,8,8,8,8,8]
t=20781.7 LAUNCH_BLOCKED reason=tuner_capacity_full active=2 stored=1 no_active_s=0.0 state=IDLE tractor_cleanup=false elevator_transfer=false deck=Aircraft_9_nav_r4_320 pending=none clearance=none queue=0
t=20796.8 LAUNCH_BLOCKED reason=tuner_capacity_full active=2 stored=1 no_active_s=0.0 state=IDLE tractor_cleanup=false elevator_transfer=false deck=Aircraft_9_nav_r4_320 pending=none clearance=none queue=0
t=20809.3 ==== SUMMARY t=20809.3 ====
t=20809.3 route=1 laps=37 crashes=3 avg_out=156.8s avg_ret=175.1s avg_lap=343.5s best_lap=337.7
t=20809.3 route=2 laps=40 crashes=0 avg_out=214.4s avg_ret=249.3s avg_lap=475.7s best_lap=454.8
t=20809.3 route=3 laps=38 crashes=1 avg_out=243.4s avg_ret=270.0s avg_lap=525.4s best_lap=508.2
t=20809.4 route=4 laps=40 crashes=0 avg_out=200.0s avg_ret=168.9s avg_lap=380.9s best_lap=374.9
t=20809.4 route=5 laps=39 crashes=0 avg_out=293.3s avg_ret=257.6s avg_lap=562.9s best_lap=553.2
t=20809.4 route=6 laps=40 crashes=0 avg_out=179.4s avg_ret=158.7s avg_lap=350.1s best_lap=344.4
t=20809.4 route=7 laps=40 crashes=0 avg_out=198.0s avg_ret=157.9s avg_lap=367.9s best_lap=355.8
t=20809.4 route=8 laps=39 crashes=1 avg_out=184.7s avg_ret=186.8s avg_lap=383.5s best_lap=375.5
t=20809.4 TOTAL laps=313 crashes=5
t=20809.4 TUNER gen=4 results=62/64 pending=2 active=2 remaining=2 next_trial=321 rounds=[8,8,8,8,8,8,8,8]
t=20811.8 LAUNCH_BLOCKED reason=tuner_capacity_full active=2 stored=1 no_active_s=0.0 state=IDLE tractor_cleanup=false elevator_transfer=false deck=Aircraft_9_nav_r4_320 pending=none clearance=none queue=0
t=20816.5 LAP_CAPTURE craft=Aircraft_9_nav_r1_319 route=3 return=271.7s lap=525.9s carrier_dist=200m t=20816.5
t=20826.9 LAUNCH_BLOCKED reason=tuner_capacity_full active=1 stored=1 no_active_s=0.0 state=IDLE tractor_cleanup=false elevator_transfer=false deck=Aircraft_9_nav_r4_320 pending=none clearance=none queue=0
t=20839.4 ==== SUMMARY t=20839.4 ====
t=20839.4 route=1 laps=37 crashes=3 avg_out=156.8s avg_ret=175.1s avg_lap=343.5s best_lap=337.7
t=20839.4 route=2 laps=40 crashes=0 avg_out=214.4s avg_ret=249.3s avg_lap=475.7s best_lap=454.8
t=20839.4 route=3 laps=39 crashes=1 avg_out=243.4s avg_ret=270.1s avg_lap=525.4s best_lap=508.2
t=20839.4 route=4 laps=40 crashes=0 avg_out=200.0s avg_ret=168.9s avg_lap=380.9s best_lap=374.9
t=20839.4 route=5 laps=39 crashes=0 avg_out=293.3s avg_ret=257.6s avg_lap=562.9s best_lap=553.2
t=20839.4 route=6 laps=40 crashes=0 avg_out=179.4s avg_ret=158.7s avg_lap=350.1s best_lap=344.4
t=20839.4 route=7 laps=40 crashes=0 avg_out=198.0s avg_ret=157.9s avg_lap=367.9s best_lap=355.8
t=20839.4 route=8 laps=39 crashes=1 avg_out=184.7s avg_ret=186.8s avg_lap=383.5s best_lap=375.5
t=20839.4 TOTAL laps=314 crashes=5
t=20839.4 TUNER gen=4 results=63/64 pending=1 active=1 remaining=1 next_trial=321 rounds=[8,8,8,8,8,8,8,8]
t=20841.9 LAUNCH_BLOCKED reason=tuner_capacity_full active=1 stored=1 no_active_s=0.0 state=IDLE tractor_cleanup=false elevator_transfer=false deck=Aircraft_9_nav_r4_320 pending=none clearance=none queue=0
t=20857.0 LAUNCH_BLOCKED reason=tuner_capacity_full active=1 stored=1 no_active_s=0.0 state=IDLE tractor_cleanup=false elevator_transfer=false deck=Aircraft_9_nav_r4_320 pending=none clearance=none queue=0
t=20869.4 ==== SUMMARY t=20869.4 ====
t=20869.4 route=1 laps=37 crashes=3 avg_out=156.8s avg_ret=175.1s avg_lap=343.5s best_lap=337.7
t=20869.4 route=2 laps=40 crashes=0 avg_out=214.4s avg_ret=249.3s avg_lap=475.7s best_lap=454.8
t=20869.4 route=3 laps=39 crashes=1 avg_out=243.4s avg_ret=270.1s avg_lap=525.4s best_lap=508.2
t=20869.4 route=4 laps=40 crashes=0 avg_out=200.0s avg_ret=168.9s avg_lap=380.9s best_lap=374.9
t=20869.4 route=5 laps=39 crashes=0 avg_out=293.3s avg_ret=257.6s avg_lap=562.9s best_lap=553.2
t=20869.4 route=6 laps=40 crashes=0 avg_out=179.4s avg_ret=158.7s avg_lap=350.1s best_lap=344.4
t=20869.4 route=7 laps=40 crashes=0 avg_out=198.0s avg_ret=157.9s avg_lap=367.9s best_lap=355.8
t=20869.4 route=8 laps=39 crashes=1 avg_out=184.7s avg_ret=186.8s avg_lap=383.5s best_lap=375.5
t=20869.4 TOTAL laps=314 crashes=5
t=20869.4 TUNER gen=4 results=63/64 pending=1 active=1 remaining=1 next_trial=321 rounds=[8,8,8,8,8,8,8,8]
t=20872.0 LAUNCH_BLOCKED reason=tuner_capacity_full active=1 stored=1 no_active_s=0.0 state=IDLE tractor_cleanup=false elevator_transfer=false deck=Aircraft_9_nav_r4_320 pending=none clearance=none queue=0
t=20887.1 LAUNCH_BLOCKED reason=tuner_capacity_full active=1 stored=1 no_active_s=0.0 state=IDLE tractor_cleanup=false elevator_transfer=false deck=Aircraft_9_nav_r4_320 pending=none clearance=none queue=0
t=20899.4 ==== SUMMARY t=20899.4 ====
t=20899.4 route=1 laps=37 crashes=3 avg_out=156.8s avg_ret=175.1s avg_lap=343.5s best_lap=337.7
t=20899.4 route=2 laps=40 crashes=0 avg_out=214.4s avg_ret=249.3s avg_lap=475.7s best_lap=454.8
t=20899.4 route=3 laps=39 crashes=1 avg_out=243.4s avg_ret=270.1s avg_lap=525.4s best_lap=508.2
t=20899.4 route=4 laps=40 crashes=0 avg_out=200.0s avg_ret=168.9s avg_lap=380.9s best_lap=374.9
t=20899.4 route=5 laps=39 crashes=0 avg_out=293.3s avg_ret=257.6s avg_lap=562.9s best_lap=553.2
t=20899.4 route=6 laps=40 crashes=0 avg_out=179.4s avg_ret=158.7s avg_lap=350.1s best_lap=344.4
t=20899.4 route=7 laps=40 crashes=0 avg_out=198.0s avg_ret=157.9s avg_lap=367.9s best_lap=355.8
t=20899.4 route=8 laps=39 crashes=1 avg_out=184.7s avg_ret=186.8s avg_lap=383.5s best_lap=375.5
t=20899.4 TOTAL laps=314 crashes=5
t=20899.4 TUNER gen=4 results=63/64 pending=1 active=1 remaining=1 next_trial=321 rounds=[8,8,8,8,8,8,8,8]
t=20902.1 LAUNCH_BLOCKED reason=tuner_capacity_full active=1 stored=1 no_active_s=0.0 state=IDLE tractor_cleanup=false elevator_transfer=false deck=Aircraft_9_nav_r4_320 pending=none clearance=none queue=0
t=20917.2 LAUNCH_BLOCKED reason=tuner_capacity_full active=1 stored=1 no_active_s=0.0 state=IDLE tractor_cleanup=false elevator_transfer=false deck=Aircraft_9_nav_r4_320 pending=none clearance=none queue=0
t=20919.9 LAP_CAPTURE craft=Aircraft_9_nav_r4_320 route=5 return=261.4s lap=568.8s carrier_dist=200m t=20919.9
t=20919.9 IDLE_TUNER_WAIT gen=5 results=0/64 remaining=64 active_nav=0 stored=1 state=IDLE next_trial=321
t=20929.4 ==== SUMMARY t=20929.4 ====
t=20929.4 route=1 laps=37 crashes=3 avg_out=156.8s avg_ret=175.1s avg_lap=343.5s best_lap=337.7
t=20929.4 route=2 laps=40 crashes=0 avg_out=214.4s avg_ret=249.3s avg_lap=475.7s best_lap=454.8
t=20929.4 route=3 laps=39 crashes=1 avg_out=243.4s avg_ret=270.1s avg_lap=525.4s best_lap=508.2
t=20929.4 route=4 laps=40 crashes=0 avg_out=200.0s avg_ret=168.9s avg_lap=380.9s best_lap=374.9
t=20929.4 route=5 laps=40 crashes=0 avg_out=293.3s avg_ret=257.7s avg_lap=563.0s best_lap=553.2
t=20929.4 route=6 laps=40 crashes=0 avg_out=179.4s avg_ret=158.7s avg_lap=350.1s best_lap=344.4
t=20929.4 route=7 laps=40 crashes=0 avg_out=198.0s avg_ret=157.9s avg_lap=367.9s best_lap=355.8
t=20929.4 route=8 laps=39 crashes=1 avg_out=184.7s avg_ret=186.8s avg_lap=383.5s best_lap=375.5
t=20929.4 TOTAL laps=315 crashes=5
t=20929.4 TUNER gen=5 results=0/64 pending=0 active=0 remaining=64 next_trial=321 rounds=[0,0,0,0,0,0,0,0]
t=20932.2 LAUNCH_BLOCKED reason=deck_busy active=1 stored=7 no_active_s=0.0 state=AIRCRAFT_ON_DECK tractor_cleanup=false elevator_transfer=true deck=Aircraft_9_nav_r1_321 pending=none clearance=none queue=0
t=20938.0 SPAWN craft=Aircraft_9_nav_r1_321 route=1 candidate=1 trial=321 t=20938.0
t=20947.3 LAUNCH_BLOCKED reason=deck_busy active=2 stored=6 no_active_s=0.0 state=RETRIEVING_FROM_HANGAR tractor_cleanup=false elevator_transfer=false deck=Aircraft_9_nav_r2_322 pending=none clearance=none queue=0
t=20958.2 SPAWN craft=Aircraft_9_nav_r2_322 route=2 candidate=2 trial=322 t=20958.2
t=20959.4 ==== SUMMARY t=20959.4 ====
t=20959.4 route=1 laps=37 crashes=3 avg_out=156.8s avg_ret=175.1s avg_lap=343.5s best_lap=337.7
t=20959.4 route=2 laps=40 crashes=0 avg_out=214.4s avg_ret=249.3s avg_lap=475.7s best_lap=454.8
t=20959.4 route=3 laps=39 crashes=1 avg_out=243.4s avg_ret=270.1s avg_lap=525.4s best_lap=508.2
t=20959.4 route=4 laps=40 crashes=0 avg_out=200.0s avg_ret=168.9s avg_lap=380.9s best_lap=374.9
t=20959.4 route=5 laps=40 crashes=0 avg_out=293.3s avg_ret=257.7s avg_lap=563.0s best_lap=553.2
t=20959.4 route=6 laps=40 crashes=0 avg_out=179.4s avg_ret=158.7s avg_lap=350.1s best_lap=344.4
t=20959.4 route=7 laps=40 crashes=0 avg_out=198.0s avg_ret=157.9s avg_lap=367.9s best_lap=355.8
t=20959.4 route=8 laps=39 crashes=1 avg_out=184.7s avg_ret=186.8s avg_lap=383.5s best_lap=375.5
t=20959.4 TOTAL laps=315 crashes=5
t=20959.4 TUNER gen=5 results=0/64 pending=2 active=2 remaining=64 next_trial=323 rounds=[1,1,0,0,0,0,0,0]
t=20962.3 LAUNCH_BLOCKED reason=cleared_unready_nav_deck_aircraft active=2 stored=6 no_active_s=0.0 state=IDLE tractor_cleanup=false elevator_transfer=false deck=Aircraft_9_nav_r2_322 pending=none clearance=none queue=0
t=20977.4 LAUNCH_BLOCKED reason=deck_busy active=3 stored=5 no_active_s=0.0 state=AIRCRAFT_ON_DECK tractor_cleanup=false elevator_transfer=false deck=Aircraft_9_nav_r3_323 pending=none clearance=none queue=0
t=20978.3 SPAWN craft=Aircraft_9_nav_r3_323 route=3 candidate=3 trial=323 t=20978.3
t=20989.4 ==== SUMMARY t=20989.4 ====
t=20989.4 route=1 laps=37 crashes=3 avg_out=156.8s avg_ret=175.1s avg_lap=343.5s best_lap=337.7
t=20989.4 route=2 laps=40 crashes=0 avg_out=214.4s avg_ret=249.3s avg_lap=475.7s best_lap=454.8
t=20989.5 route=3 laps=39 crashes=1 avg_out=243.4s avg_ret=270.1s avg_lap=525.4s best_lap=508.2
t=20989.5 route=4 laps=40 crashes=0 avg_out=200.0s avg_ret=168.9s avg_lap=380.9s best_lap=374.9
t=20989.5 route=5 laps=40 crashes=0 avg_out=293.3s avg_ret=257.7s avg_lap=563.0s best_lap=553.2
t=20989.5 route=6 laps=40 crashes=0 avg_out=179.4s avg_ret=158.7s avg_lap=350.1s best_lap=344.4
t=20989.5 route=7 laps=40 crashes=0 avg_out=198.0s avg_ret=157.9s avg_lap=367.9s best_lap=355.8
t=20989.5 route=8 laps=39 crashes=1 avg_out=184.7s avg_ret=186.8s avg_lap=383.5s best_lap=375.5
t=20989.5 TOTAL laps=315 crashes=5
t=20989.5 TUNER gen=5 results=0/64 pending=3 active=3 remaining=64 next_trial=324 rounds=[1,1,1,0,0,0,0,0]
t=20992.4 LAUNCH_BLOCKED reason=deck_busy active=4 stored=4 no_active_s=0.0 state=AIRCRAFT_ON_DECK tractor_cleanup=false elevator_transfer=true deck=Aircraft_9_nav_r4_324 pending=none clearance=none queue=0
t=20998.3 SPAWN craft=Aircraft_9_nav_r4_324 route=4 candidate=4 trial=324 t=20998.3
t=21007.5 LAUNCH_BLOCKED reason=deck_busy active=5 stored=3 no_active_s=0.0 state=RETRIEVING_FROM_HANGAR tractor_cleanup=false elevator_transfer=false deck=Aircraft_9_nav_r5_325 pending=none clearance=none queue=0
t=21018.5 SPAWN craft=Aircraft_9_nav_r5_325 route=5 candidate=5 trial=325 t=21018.5
t=21019.5 ==== SUMMARY t=21019.5 ====
t=21019.5 route=1 laps=37 crashes=3 avg_out=156.8s avg_ret=175.1s avg_lap=343.5s best_lap=337.7
t=21019.5 route=2 laps=40 crashes=0 avg_out=214.4s avg_ret=249.3s avg_lap=475.7s best_lap=454.8
t=21019.5 route=3 laps=39 crashes=1 avg_out=243.4s avg_ret=270.1s avg_lap=525.4s best_lap=508.2
t=21019.5 route=4 laps=40 crashes=0 avg_out=200.0s avg_ret=168.9s avg_lap=380.9s best_lap=374.9
t=21019.5 route=5 laps=40 crashes=0 avg_out=293.3s avg_ret=257.7s avg_lap=563.0s best_lap=553.2
t=21019.5 route=6 laps=40 crashes=0 avg_out=179.4s avg_ret=158.7s avg_lap=350.1s best_lap=344.4
t=21019.6 route=7 laps=40 crashes=0 avg_out=198.0s avg_ret=157.9s avg_lap=367.9s best_lap=355.8
t=21019.6 route=8 laps=39 crashes=1 avg_out=184.7s avg_ret=186.8s avg_lap=383.5s best_lap=375.5
t=21019.6 TOTAL laps=315 crashes=5
t=21019.6 TUNER gen=5 results=0/64 pending=5 active=5 remaining=64 next_trial=326 rounds=[1,1,1,1,1,0,0,0]
t=21022.6 LAUNCH_BLOCKED reason=cleared_unready_nav_deck_aircraft active=5 stored=3 no_active_s=0.0 state=IDLE tractor_cleanup=false elevator_transfer=false deck=Aircraft_9_nav_r5_325 pending=none clearance=none queue=0
t=21037.7 LAUNCH_BLOCKED reason=deck_busy active=6 stored=2 no_active_s=0.0 state=AIRCRAFT_ON_DECK tractor_cleanup=false elevator_transfer=false deck=Aircraft_9_nav_r6_326 pending=none clearance=none queue=0
t=21038.4 SPAWN craft=Aircraft_9_nav_r6_326 route=6 candidate=6 trial=326 t=21038.4
t=21049.5 ==== SUMMARY t=21049.5 ====
t=21049.6 route=1 laps=37 crashes=3 avg_out=156.8s avg_ret=175.1s avg_lap=343.5s best_lap=337.7
t=21049.6 route=2 laps=40 crashes=0 avg_out=214.4s avg_ret=249.3s avg_lap=475.7s best_lap=454.8
t=21049.6 route=3 laps=39 crashes=1 avg_out=243.4s avg_ret=270.1s avg_lap=525.4s best_lap=508.2
t=21049.6 route=4 laps=40 crashes=0 avg_out=200.0s avg_ret=168.9s avg_lap=380.9s best_lap=374.9
t=21049.6 route=5 laps=40 crashes=0 avg_out=293.3s avg_ret=257.7s avg_lap=563.0s best_lap=553.2
t=21049.6 route=6 laps=40 crashes=0 avg_out=179.4s avg_ret=158.7s avg_lap=350.1s best_lap=344.4
t=21049.6 route=7 laps=40 crashes=0 avg_out=198.0s avg_ret=157.9s avg_lap=367.9s best_lap=355.8
t=21049.6 route=8 laps=39 crashes=1 avg_out=184.7s avg_ret=186.8s avg_lap=383.5s best_lap=375.5
t=21049.6 TOTAL laps=315 crashes=5
t=21049.6 TUNER gen=5 results=0/64 pending=6 active=6 remaining=64 next_trial=327 rounds=[1,1,1,1,1,1,0,0]
t=21052.7 LAUNCH_BLOCKED reason=deck_busy active=7 stored=1 no_active_s=0.0 state=AIRCRAFT_ON_DECK tractor_cleanup=false elevator_transfer=true deck=Aircraft_9_nav_r7_327 pending=none clearance=none queue=0
t=21058.5 SPAWN craft=Aircraft_9_nav_r7_327 route=7 candidate=7 trial=327 t=21058.5
t=21078.7 SPAWN craft=Aircraft_9_nav_r8_328 route=8 candidate=8 trial=328 t=21078.7
t=21079.6 ==== SUMMARY t=21079.6 ====
t=21079.6 route=1 laps=37 crashes=3 avg_out=156.8s avg_ret=175.1s avg_lap=343.5s best_lap=337.7
t=21079.6 route=2 laps=40 crashes=0 avg_out=214.4s avg_ret=249.3s avg_lap=475.7s best_lap=454.8
t=21079.6 route=3 laps=39 crashes=1 avg_out=243.4s avg_ret=270.1s avg_lap=525.4s best_lap=508.2
t=21079.6 route=4 laps=40 crashes=0 avg_out=200.0s avg_ret=168.9s avg_lap=380.9s best_lap=374.9
t=21079.6 route=5 laps=40 crashes=0 avg_out=293.3s avg_ret=257.7s avg_lap=563.0s best_lap=553.2
t=21079.6 route=6 laps=40 crashes=0 avg_out=179.4s avg_ret=158.7s avg_lap=350.1s best_lap=344.4
t=21079.6 route=7 laps=40 crashes=0 avg_out=198.0s avg_ret=157.9s avg_lap=367.9s best_lap=355.8
t=21079.6 route=8 laps=39 crashes=1 avg_out=184.7s avg_ret=186.8s avg_lap=383.5s best_lap=375.5
t=21079.6 TOTAL laps=315 crashes=5
t=21079.7 TUNER gen=5 results=0/64 pending=8 active=8 remaining=64 next_trial=329 rounds=[1,1,1,1,1,1,1,1]
t=21091.4 LZ_REACHED craft=Aircraft_9_nav_r1_321 route=1 outbound=153.4s t=21091.4
t=21109.6 ==== SUMMARY t=21109.6 ====
t=21109.6 route=1 laps=37 crashes=3 avg_out=156.7s avg_ret=175.1s avg_lap=343.5s best_lap=337.7
t=21109.6 route=2 laps=40 crashes=0 avg_out=214.4s avg_ret=249.3s avg_lap=475.7s best_lap=454.8
t=21109.7 route=3 laps=39 crashes=1 avg_out=243.4s avg_ret=270.1s avg_lap=525.4s best_lap=508.2
t=21109.7 route=4 laps=40 crashes=0 avg_out=200.0s avg_ret=168.9s avg_lap=380.9s best_lap=374.9
t=21109.7 route=5 laps=40 crashes=0 avg_out=293.3s avg_ret=257.7s avg_lap=563.0s best_lap=553.2
t=21109.7 route=6 laps=40 crashes=0 avg_out=179.4s avg_ret=158.7s avg_lap=350.1s best_lap=344.4
t=21109.7 route=7 laps=40 crashes=0 avg_out=198.0s avg_ret=157.9s avg_lap=367.9s best_lap=355.8
t=21109.7 route=8 laps=39 crashes=1 avg_out=184.7s avg_ret=186.8s avg_lap=383.5s best_lap=375.5
t=21109.7 TOTAL laps=315 crashes=5
t=21109.7 TUNER gen=5 results=0/64 pending=8 active=8 remaining=64 next_trial=329 rounds=[1,1,1,1,1,1,1,1]
t=21139.6 ==== SUMMARY t=21139.6 ====
t=21139.6 route=1 laps=37 crashes=3 avg_out=156.7s avg_ret=175.1s avg_lap=343.5s best_lap=337.7
t=21139.7 route=2 laps=40 crashes=0 avg_out=214.4s avg_ret=249.3s avg_lap=475.7s best_lap=454.8
t=21139.7 route=3 laps=39 crashes=1 avg_out=243.4s avg_ret=270.1s avg_lap=525.4s best_lap=508.2
t=21139.7 route=4 laps=40 crashes=0 avg_out=200.0s avg_ret=168.9s avg_lap=380.9s best_lap=374.9
t=21139.7 route=5 laps=40 crashes=0 avg_out=293.3s avg_ret=257.7s avg_lap=563.0s best_lap=553.2
t=21139.7 route=6 laps=40 crashes=0 avg_out=179.4s avg_ret=158.7s avg_lap=350.1s best_lap=344.4
t=21139.7 route=7 laps=40 crashes=0 avg_out=198.0s avg_ret=157.9s avg_lap=367.9s best_lap=355.8
t=21139.7 route=8 laps=39 crashes=1 avg_out=184.7s avg_ret=186.8s avg_lap=383.5s best_lap=375.5
t=21139.7 TOTAL laps=315 crashes=5
t=21139.7 TUNER gen=5 results=0/64 pending=8 active=8 remaining=64 next_trial=329 rounds=[1,1,1,1,1,1,1,1]
t=21169.7 ==== SUMMARY t=21169.7 ====
t=21169.7 route=1 laps=37 crashes=3 avg_out=156.7s avg_ret=175.1s avg_lap=343.5s best_lap=337.7
t=21169.7 route=2 laps=40 crashes=0 avg_out=214.4s avg_ret=249.3s avg_lap=475.7s best_lap=454.8
t=21169.7 route=3 laps=39 crashes=1 avg_out=243.4s avg_ret=270.1s avg_lap=525.4s best_lap=508.2
t=21169.7 route=4 laps=40 crashes=0 avg_out=200.0s avg_ret=168.9s avg_lap=380.9s best_lap=374.9
t=21169.7 route=5 laps=40 crashes=0 avg_out=293.3s avg_ret=257.7s avg_lap=563.0s best_lap=553.2
t=21169.7 route=6 laps=40 crashes=0 avg_out=179.4s avg_ret=158.7s avg_lap=350.1s best_lap=344.4
t=21169.7 route=7 laps=40 crashes=0 avg_out=198.0s avg_ret=157.9s avg_lap=367.9s best_lap=355.8
t=21169.7 route=8 laps=39 crashes=1 avg_out=184.7s avg_ret=186.8s avg_lap=383.5s best_lap=375.5
t=21169.7 TOTAL laps=315 crashes=5
t=21169.7 TUNER gen=5 results=0/64 pending=8 active=8 remaining=64 next_trial=329 rounds=[1,1,1,1,1,1,1,1]
t=21172.4 LZ_REACHED craft=Aircraft_9_nav_r2_322 route=2 outbound=214.2s t=21172.4
t=21196.5 LZ_REACHED craft=Aircraft_9_nav_r4_324 route=4 outbound=198.2s t=21196.5
t=21199.7 ==== SUMMARY t=21199.7 ====
t=21199.7 route=1 laps=37 crashes=3 avg_out=156.7s avg_ret=175.1s avg_lap=343.5s best_lap=337.7
t=21199.7 route=2 laps=40 crashes=0 avg_out=214.4s avg_ret=249.3s avg_lap=475.7s best_lap=454.8
t=21199.7 route=3 laps=39 crashes=1 avg_out=243.4s avg_ret=270.1s avg_lap=525.4s best_lap=508.2
t=21199.7 route=4 laps=40 crashes=0 avg_out=200.0s avg_ret=168.9s avg_lap=380.9s best_lap=374.9
t=21199.7 route=5 laps=40 crashes=0 avg_out=293.3s avg_ret=257.7s avg_lap=563.0s best_lap=553.2
t=21199.7 route=6 laps=40 crashes=0 avg_out=179.4s avg_ret=158.7s avg_lap=350.1s best_lap=344.4
t=21199.7 route=7 laps=40 crashes=0 avg_out=198.0s avg_ret=157.9s avg_lap=367.9s best_lap=355.8
t=21199.7 route=8 laps=39 crashes=1 avg_out=184.7s avg_ret=186.8s avg_lap=383.5s best_lap=375.5
t=21199.7 TOTAL laps=315 crashes=5
t=21199.7 TUNER gen=5 results=0/64 pending=8 active=8 remaining=64 next_trial=329 rounds=[1,1,1,1,1,1,1,1]
t=21218.7 LZ_REACHED craft=Aircraft_9_nav_r3_323 route=3 outbound=240.4s t=21218.7
t=21219.2 LZ_REACHED craft=Aircraft_9_nav_r6_326 route=6 outbound=180.8s t=21219.2
t=21229.7 ==== SUMMARY t=21229.7 ====
t=21229.7 route=1 laps=37 crashes=3 avg_out=156.7s avg_ret=175.1s avg_lap=343.5s best_lap=337.7
t=21229.7 route=2 laps=40 crashes=0 avg_out=214.4s avg_ret=249.3s avg_lap=475.7s best_lap=454.8
t=21229.7 route=3 laps=39 crashes=1 avg_out=243.4s avg_ret=270.1s avg_lap=525.4s best_lap=508.2
t=21229.7 route=4 laps=40 crashes=0 avg_out=200.0s avg_ret=168.9s avg_lap=380.9s best_lap=374.9
t=21229.7 route=5 laps=40 crashes=0 avg_out=293.3s avg_ret=257.7s avg_lap=563.0s best_lap=553.2
t=21229.7 route=6 laps=40 crashes=0 avg_out=179.4s avg_ret=158.7s avg_lap=350.1s best_lap=344.4
t=21229.7 route=7 laps=40 crashes=0 avg_out=198.0s avg_ret=157.9s avg_lap=367.9s best_lap=355.8
t=21229.7 route=8 laps=39 crashes=1 avg_out=184.7s avg_ret=186.8s avg_lap=383.5s best_lap=375.5
t=21229.7 TOTAL laps=315 crashes=5
t=21229.8 TUNER gen=5 results=0/64 pending=8 active=8 remaining=64 next_trial=329 rounds=[1,1,1,1,1,1,1,1]
t=21259.6 LZ_REACHED craft=Aircraft_9_nav_r8_328 route=8 outbound=180.9s t=21259.6
t=21259.7 ==== SUMMARY t=21259.7 ====
t=21259.7 route=1 laps=37 crashes=3 avg_out=156.7s avg_ret=175.1s avg_lap=343.5s best_lap=337.7
t=21259.8 route=2 laps=40 crashes=0 avg_out=214.4s avg_ret=249.3s avg_lap=475.7s best_lap=454.8
t=21259.8 route=3 laps=39 crashes=1 avg_out=243.4s avg_ret=270.1s avg_lap=525.4s best_lap=508.2
t=21259.8 route=4 laps=40 crashes=0 avg_out=200.0s avg_ret=168.9s avg_lap=380.9s best_lap=374.9
t=21259.8 route=5 laps=40 crashes=0 avg_out=293.3s avg_ret=257.7s avg_lap=563.0s best_lap=553.2
t=21259.8 route=6 laps=40 crashes=0 avg_out=179.4s avg_ret=158.7s avg_lap=350.1s best_lap=344.4
t=21259.8 route=7 laps=40 crashes=0 avg_out=198.0s avg_ret=157.9s avg_lap=367.9s best_lap=355.8
t=21259.8 route=8 laps=39 crashes=1 avg_out=184.6s avg_ret=186.8s avg_lap=383.5s best_lap=375.5
t=21259.8 TOTAL laps=315 crashes=5
t=21259.8 TUNER gen=5 results=0/64 pending=8 active=8 remaining=64 next_trial=329 rounds=[1,1,1,1,1,1,1,1]
t=21264.3 LZ_REACHED craft=Aircraft_9_nav_r7_327 route=7 outbound=205.7s t=21264.3
t=21276.4 LAP_CAPTURE craft=Aircraft_9_nav_r1_321 route=1 return=173.0s lap=338.4s carrier_dist=200m t=21276.4
t=21289.8 ==== SUMMARY t=21289.8 ====
t=21289.8 route=1 laps=38 crashes=3 avg_out=156.7s avg_ret=175.0s avg_lap=343.4s best_lap=337.7
t=21289.8 route=2 laps=40 crashes=0 avg_out=214.4s avg_ret=249.3s avg_lap=475.7s best_lap=454.8
t=21289.8 route=3 laps=39 crashes=1 avg_out=243.4s avg_ret=270.1s avg_lap=525.4s best_lap=508.2
t=21289.8 route=4 laps=40 crashes=0 avg_out=200.0s avg_ret=168.9s avg_lap=380.9s best_lap=374.9
t=21289.8 route=5 laps=40 crashes=0 avg_out=293.3s avg_ret=257.7s avg_lap=563.0s best_lap=553.2
t=21289.8 route=6 laps=40 crashes=0 avg_out=179.4s avg_ret=158.7s avg_lap=350.1s best_lap=344.4
t=21289.8 route=7 laps=40 crashes=0 avg_out=198.2s avg_ret=157.9s avg_lap=367.9s best_lap=355.8
t=21289.8 route=8 laps=39 crashes=1 avg_out=184.6s avg_ret=186.8s avg_lap=383.5s best_lap=375.5
t=21289.8 TOTAL laps=316 crashes=5
t=21289.8 TUNER gen=5 results=1/64 pending=8 active=8 remaining=63 next_trial=330 rounds=[2,1,1,1,1,1,1,1]
t=21294.4 SPAWN craft=Aircraft_9_nav_r1_329 route=1 candidate=2 trial=329 t=21294.4
t=21304.8 LZ_REACHED craft=Aircraft_9_nav_r5_325 route=5 outbound=286.4s t=21304.8
t=21319.9 ==== SUMMARY t=21319.9 ====
t=21319.9 route=1 laps=38 crashes=3 avg_out=156.7s avg_ret=175.0s avg_lap=343.4s best_lap=337.7
t=21319.9 route=2 laps=40 crashes=0 avg_out=214.4s avg_ret=249.3s avg_lap=475.7s best_lap=454.8
t=21319.9 route=3 laps=39 crashes=1 avg_out=243.4s avg_ret=270.1s avg_lap=525.4s best_lap=508.2
t=21319.9 route=4 laps=40 crashes=0 avg_out=200.0s avg_ret=168.9s avg_lap=380.9s best_lap=374.9
t=21319.9 route=5 laps=40 crashes=0 avg_out=293.1s avg_ret=257.7s avg_lap=563.0s best_lap=553.2
t=21319.9 route=6 laps=40 crashes=0 avg_out=179.4s avg_ret=158.7s avg_lap=350.1s best_lap=344.4
t=21319.9 route=7 laps=40 crashes=0 avg_out=198.2s avg_ret=157.9s avg_lap=367.9s best_lap=355.8
t=21319.9 route=8 laps=39 crashes=1 avg_out=184.6s avg_ret=186.8s avg_lap=383.5s best_lap=375.5
t=21319.9 TOTAL laps=316 crashes=5
t=21319.9 TUNER gen=5 results=1/64 pending=8 active=8 remaining=63 next_trial=330 rounds=[2,1,1,1,1,1,1,1]
t=21349.9 ==== SUMMARY t=21349.9 ====
t=21349.9 route=1 laps=38 crashes=3 avg_out=156.7s avg_ret=175.0s avg_lap=343.4s best_lap=337.7
t=21349.9 route=2 laps=40 crashes=0 avg_out=214.4s avg_ret=249.3s avg_lap=475.7s best_lap=454.8
t=21349.9 route=3 laps=39 crashes=1 avg_out=243.4s avg_ret=270.1s avg_lap=525.4s best_lap=508.2
t=21349.9 route=4 laps=40 crashes=0 avg_out=200.0s avg_ret=168.9s avg_lap=380.9s best_lap=374.9
t=21349.9 route=5 laps=40 crashes=0 avg_out=293.1s avg_ret=257.7s avg_lap=563.0s best_lap=553.2
t=21349.9 route=6 laps=40 crashes=0 avg_out=179.4s avg_ret=158.7s avg_lap=350.1s best_lap=344.4
t=21349.9 route=7 laps=40 crashes=0 avg_out=198.2s avg_ret=157.9s avg_lap=367.9s best_lap=355.8
t=21349.9 route=8 laps=39 crashes=1 avg_out=184.6s avg_ret=186.8s avg_lap=383.5s best_lap=375.5
t=21349.9 TOTAL laps=316 crashes=5
t=21349.9 TUNER gen=5 results=1/64 pending=8 active=8 remaining=63 next_trial=330 rounds=[2,1,1,1,1,1,1,1]
t=21376.9 LAP_CAPTURE craft=Aircraft_9_nav_r4_324 route=4 return=168.3s lap=378.5s carrier_dist=200m t=21376.9
t=21380.0 ==== SUMMARY t=21380.0 ====
t=21380.0 route=1 laps=38 crashes=3 avg_out=156.7s avg_ret=175.0s avg_lap=343.4s best_lap=337.7
t=21380.0 route=2 laps=40 crashes=0 avg_out=214.4s avg_ret=249.3s avg_lap=475.7s best_lap=454.8
t=21380.0 route=3 laps=39 crashes=1 avg_out=243.4s avg_ret=270.1s avg_lap=525.4s best_lap=508.2
t=21380.0 route=4 laps=41 crashes=0 avg_out=200.0s avg_ret=168.8s avg_lap=380.8s best_lap=374.9
t=21380.0 route=5 laps=40 crashes=0 avg_out=293.1s avg_ret=257.7s avg_lap=563.0s best_lap=553.2
t=21380.0 route=6 laps=40 crashes=0 avg_out=179.4s avg_ret=158.7s avg_lap=350.1s best_lap=344.4
t=21380.0 route=7 laps=40 crashes=0 avg_out=198.2s avg_ret=157.9s avg_lap=367.9s best_lap=355.8
t=21380.0 route=8 laps=39 crashes=1 avg_out=184.6s avg_ret=186.8s avg_lap=383.5s best_lap=375.5
t=21380.0 TOTAL laps=317 crashes=5
t=21380.0 TUNER gen=5 results=2/64 pending=7 active=7 remaining=62 next_trial=330 rounds=[2,1,1,1,1,1,1,1]
t=21386.4 LAP_CAPTURE craft=Aircraft_9_nav_r6_326 route=6 return=155.2s lap=348.0s carrier_dist=200m t=21386.4
t=21394.1 LAUNCH_BLOCKED reason=deck_busy active=7 stored=1 no_active_s=0.0 state=AIRCRAFT_ON_DECK tractor_cleanup=false elevator_transfer=false deck=Aircraft_9_nav_r4_330 pending=none clearance=none queue=0
t=21394.9 SPAWN craft=Aircraft_9_nav_r4_330 route=4 candidate=5 trial=330 t=21394.9
t=21410.0 ==== SUMMARY t=21410.0 ====
t=21410.0 route=1 laps=38 crashes=3 avg_out=156.7s avg_ret=175.0s avg_lap=343.4s best_lap=337.7
t=21410.0 route=2 laps=40 crashes=0 avg_out=214.4s avg_ret=249.3s avg_lap=475.7s best_lap=454.8
t=21410.0 route=3 laps=39 crashes=1 avg_out=243.4s avg_ret=270.1s avg_lap=525.4s best_lap=508.2
t=21410.0 route=4 laps=41 crashes=0 avg_out=200.0s avg_ret=168.8s avg_lap=380.8s best_lap=374.9
t=21410.0 route=5 laps=40 crashes=0 avg_out=293.1s avg_ret=257.7s avg_lap=563.0s best_lap=553.2
t=21410.1 route=6 laps=41 crashes=0 avg_out=179.4s avg_ret=158.7s avg_lap=350.1s best_lap=344.4
t=21410.1 route=7 laps=40 crashes=0 avg_out=198.2s avg_ret=157.9s avg_lap=367.9s best_lap=355.8
t=21410.1 route=8 laps=39 crashes=1 avg_out=184.6s avg_ret=186.8s avg_lap=383.5s best_lap=375.5
t=21410.1 TOTAL laps=318 crashes=5
t=21410.1 TUNER gen=5 results=3/64 pending=8 active=8 remaining=61 next_trial=332 rounds=[2,1,1,2,1,2,1,1]
t=21415.0 SPAWN craft=Aircraft_9_nav_r6_331 route=6 candidate=7 trial=331 t=21415.0
t=21424.9 LAP_CAPTURE craft=Aircraft_9_nav_r2_322 route=2 return=240.5s lap=466.7s carrier_dist=200m t=21424.9
t=21440.0 ==== SUMMARY t=21440.0 ====
t=21440.0 route=1 laps=38 crashes=3 avg_out=156.7s avg_ret=175.0s avg_lap=343.4s best_lap=337.7
t=21440.0 route=2 laps=41 crashes=0 avg_out=214.4s avg_ret=249.1s avg_lap=475.5s best_lap=454.8
t=21440.0 route=3 laps=39 crashes=1 avg_out=243.4s avg_ret=270.1s avg_lap=525.4s best_lap=508.2
t=21440.0 route=4 laps=41 crashes=0 avg_out=200.0s avg_ret=168.8s avg_lap=380.8s best_lap=374.9
t=21440.0 route=5 laps=40 crashes=0 avg_out=293.1s avg_ret=257.7s avg_lap=563.0s best_lap=553.2
t=21440.0 route=6 laps=41 crashes=0 avg_out=179.4s avg_ret=158.7s avg_lap=350.1s best_lap=344.4
t=21440.0 route=7 laps=40 crashes=0 avg_out=198.2s avg_ret=157.9s avg_lap=367.9s best_lap=355.8
t=21440.0 route=8 laps=39 crashes=1 avg_out=184.6s avg_ret=186.8s avg_lap=383.5s best_lap=375.5
t=21440.1 TOTAL laps=319 crashes=5
t=21440.1 TUNER gen=5 results=4/64 pending=8 active=8 remaining=60 next_trial=333 rounds=[2,2,1,2,1,2,1,1]
t=21440.5 LAP_CAPTURE craft=Aircraft_9_nav_r7_327 route=7 return=164.2s lap=381.9s carrier_dist=200m t=21440.5
t=21445.1 SPAWN craft=Aircraft_9_nav_r2_332 route=2 candidate=3 trial=332 t=21445.1
t=21449.3 LAUNCH_BLOCKED reason=landing_or_storage_busy active=7 stored=1 no_active_s=0.0 state=IDLE tractor_cleanup=false elevator_transfer=false deck=Aircraft_9_nav_r2_332 pending=none clearance=Aircraft_9_nav_r8_328 queue=0
t=21460.3 LAP_CAPTURE craft=Aircraft_9_nav_r8_328 route=8 return=188.8s lap=381.6s carrier_dist=200m t=21460.3
t=21460.7 LZ_REACHED craft=Aircraft_9_nav_r1_329 route=1 outbound=166.3s t=21460.7
t=21464.3 LAUNCH_BLOCKED reason=cleared_unready_nav_deck_aircraft active=6 stored=1 no_active_s=0.0 state=IDLE tractor_cleanup=false elevator_transfer=false deck=Aircraft_9_nav_r2_332 pending=none clearance=none queue=0
t=21470.0 ==== SUMMARY t=21470.0 ====
t=21470.0 route=1 laps=38 crashes=3 avg_out=156.9s avg_ret=175.0s avg_lap=343.4s best_lap=337.7
t=21470.0 route=2 laps=41 crashes=0 avg_out=214.4s avg_ret=249.1s avg_lap=475.5s best_lap=454.8
t=21470.0 route=3 laps=39 crashes=1 avg_out=243.4s avg_ret=270.1s avg_lap=525.4s best_lap=508.2
t=21470.0 route=4 laps=41 crashes=0 avg_out=200.0s avg_ret=168.8s avg_lap=380.8s best_lap=374.9
t=21470.0 route=5 laps=40 crashes=0 avg_out=293.1s avg_ret=257.7s avg_lap=563.0s best_lap=553.2
t=21470.1 route=6 laps=41 crashes=0 avg_out=179.4s avg_ret=158.7s avg_lap=350.1s best_lap=344.4
t=21470.1 route=7 laps=41 crashes=0 avg_out=198.2s avg_ret=158.1s avg_lap=368.3s best_lap=355.8
t=21470.1 route=8 laps=40 crashes=1 avg_out=184.6s avg_ret=186.8s avg_lap=383.4s best_lap=375.5
t=21470.1 TOTAL laps=321 crashes=5
t=21470.1 TUNER gen=5 results=6/64 pending=6 active=6 remaining=58 next_trial=333 rounds=[2,2,1,2,1,2,1,1]
t=21479.5 LAUNCH_BLOCKED reason=deck_busy active=7 stored=1 no_active_s=0.0 state=AIRCRAFT_ON_DECK tractor_cleanup=false elevator_transfer=false deck=Aircraft_9_nav_r7_333 pending=none clearance=none queue=0
t=21480.2 SPAWN craft=Aircraft_9_nav_r7_333 route=7 candidate=8 trial=333 t=21480.2
t=21500.1 ==== SUMMARY t=21500.1 ====
t=21500.1 route=1 laps=38 crashes=3 avg_out=156.9s avg_ret=175.0s avg_lap=343.4s best_lap=337.7
t=21500.1 route=2 laps=41 crashes=0 avg_out=214.4s avg_ret=249.1s avg_lap=475.5s best_lap=454.8
t=21500.1 route=3 laps=39 crashes=1 avg_out=243.4s avg_ret=270.1s avg_lap=525.4s best_lap=508.2
t=21500.2 route=4 laps=41 crashes=0 avg_out=200.0s avg_ret=168.8s avg_lap=380.8s best_lap=374.9
t=21500.2 route=5 laps=40 crashes=0 avg_out=293.1s avg_ret=257.7s avg_lap=563.0s best_lap=553.2
t=21500.2 route=6 laps=41 crashes=0 avg_out=179.4s avg_ret=158.7s avg_lap=350.1s best_lap=344.4
t=21500.2 route=7 laps=41 crashes=0 avg_out=198.2s avg_ret=158.1s avg_lap=368.3s best_lap=355.8
t=21500.2 route=8 laps=40 crashes=1 avg_out=184.6s avg_ret=186.8s avg_lap=383.4s best_lap=375.5
t=21500.2 TOTAL laps=321 crashes=5
t=21500.2 TUNER gen=5 results=6/64 pending=8 active=8 remaining=58 next_trial=335 rounds=[2,2,1,2,1,2,2,2]
t=21500.3 SPAWN craft=Aircraft_9_nav_r8_334 route=8 candidate=1 trial=334 t=21500.3
t=21502.2 LAP_CAPTURE craft=Aircraft_9_nav_r3_323 route=3 return=271.5s lap=523.9s carrier_dist=200m t=21502.2
t=21520.4 SPAWN craft=Aircraft_9_nav_r3_335 route=3 candidate=4 trial=335 t=21520.4
t=21530.2 ==== SUMMARY t=21530.2 ====
t=21530.2 route=1 laps=38 crashes=3 avg_out=156.9s avg_ret=175.0s avg_lap=343.4s best_lap=337.7
t=21530.2 route=2 laps=41 crashes=0 avg_out=214.4s avg_ret=249.1s avg_lap=475.5s best_lap=454.8
t=21530.2 route=3 laps=40 crashes=1 avg_out=243.4s avg_ret=270.1s avg_lap=525.3s best_lap=508.2
t=21530.2 route=4 laps=41 crashes=0 avg_out=200.0s avg_ret=168.8s avg_lap=380.8s best_lap=374.9
t=21530.2 route=5 laps=40 crashes=0 avg_out=293.1s avg_ret=257.7s avg_lap=563.0s best_lap=553.2
t=21530.2 route=6 laps=41 crashes=0 avg_out=179.4s avg_ret=158.7s avg_lap=350.1s best_lap=344.4
t=21530.2 route=7 laps=41 crashes=0 avg_out=198.2s avg_ret=158.1s avg_lap=368.3s best_lap=355.8
t=21530.2 route=8 laps=40 crashes=1 avg_out=184.6s avg_ret=186.8s avg_lap=383.4s best_lap=375.5
t=21530.2 TOTAL laps=322 crashes=5
t=21530.2 TUNER gen=5 results=7/64 pending=8 active=8 remaining=57 next_trial=336 rounds=[2,2,2,2,1,2,2,2]
t=21560.2 ==== SUMMARY t=21560.2 ====
t=21560.2 route=1 laps=38 crashes=3 avg_out=156.9s avg_ret=175.0s avg_lap=343.4s best_lap=337.7
t=21560.2 route=2 laps=41 crashes=0 avg_out=214.4s avg_ret=249.1s avg_lap=475.5s best_lap=454.8
t=21560.2 route=3 laps=40 crashes=1 avg_out=243.4s avg_ret=270.1s avg_lap=525.3s best_lap=508.2
t=21560.2 route=4 laps=41 crashes=0 avg_out=200.0s avg_ret=168.8s avg_lap=380.8s best_lap=374.9
t=21560.2 route=5 laps=40 crashes=0 avg_out=293.1s avg_ret=257.7s avg_lap=563.0s best_lap=553.2
t=21560.2 route=6 laps=41 crashes=0 avg_out=179.4s avg_ret=158.7s avg_lap=350.1s best_lap=344.4
t=21560.2 route=7 laps=41 crashes=0 avg_out=198.2s avg_ret=158.1s avg_lap=368.3s best_lap=355.8
t=21560.2 route=8 laps=40 crashes=1 avg_out=184.6s avg_ret=186.8s avg_lap=383.4s best_lap=375.5
t=21560.2 TOTAL laps=322 crashes=5
t=21560.3 TUNER gen=5 results=7/64 pending=8 active=8 remaining=57 next_trial=336 rounds=[2,2,2,2,1,2,2,2]
t=21574.5 LAP_CAPTURE craft=Aircraft_9_nav_r5_325 route=5 return=257.6s lap=556.0s carrier_dist=200m t=21574.5
t=21590.3 ==== SUMMARY t=21590.3 ====
t=21590.3 route=1 laps=38 crashes=3 avg_out=156.9s avg_ret=175.0s avg_lap=343.4s best_lap=337.7
t=21590.3 route=2 laps=41 crashes=0 avg_out=214.4s avg_ret=249.1s avg_lap=475.5s best_lap=454.8
t=21590.3 route=3 laps=40 crashes=1 avg_out=243.4s avg_ret=270.1s avg_lap=525.3s best_lap=508.2
t=21590.3 route=4 laps=41 crashes=0 avg_out=200.0s avg_ret=168.8s avg_lap=380.8s best_lap=374.9
t=21590.3 route=5 laps=41 crashes=0 avg_out=293.1s avg_ret=257.7s avg_lap=562.8s best_lap=553.2
t=21590.4 route=6 laps=41 crashes=0 avg_out=179.4s avg_ret=158.7s avg_lap=350.1s best_lap=344.4
t=21590.4 route=7 laps=41 crashes=0 avg_out=198.2s avg_ret=158.1s avg_lap=368.3s best_lap=355.8
t=21590.4 route=8 laps=40 crashes=1 avg_out=184.6s avg_ret=186.8s avg_lap=383.4s best_lap=375.5
t=21590.4 TOTAL laps=323 crashes=5
t=21590.4 TUNER gen=5 results=8/64 pending=8 active=8 remaining=56 next_trial=337 rounds=[2,2,2,2,2,2,2,2]
t=21590.7 SPAWN craft=Aircraft_9_nav_r5_336 route=5 candidate=6 trial=336 t=21590.7
t=21593.3 LZ_REACHED craft=Aircraft_9_nav_r4_330 route=4 outbound=198.4s t=21593.3
t=21601.0 LZ_REACHED craft=Aircraft_9_nav_r6_331 route=6 outbound=186.0s t=21601.0
t=21620.3 ==== SUMMARY t=21620.3 ====
t=21620.3 route=1 laps=38 crashes=3 avg_out=156.9s avg_ret=175.0s avg_lap=343.4s best_lap=337.7
t=21620.4 route=2 laps=41 crashes=0 avg_out=214.4s avg_ret=249.1s avg_lap=475.5s best_lap=454.8
t=21620.4 route=3 laps=40 crashes=1 avg_out=243.4s avg_ret=270.1s avg_lap=525.3s best_lap=508.2
t=21620.4 route=4 laps=41 crashes=0 avg_out=199.9s avg_ret=168.8s avg_lap=380.8s best_lap=374.9
t=21620.4 route=5 laps=41 crashes=0 avg_out=293.1s avg_ret=257.7s avg_lap=562.8s best_lap=553.2
t=21620.4 route=6 laps=41 crashes=0 avg_out=179.6s avg_ret=158.7s avg_lap=350.1s best_lap=344.4
t=21620.4 route=7 laps=41 crashes=0 avg_out=198.2s avg_ret=158.1s avg_lap=368.3s best_lap=355.8
t=21620.4 route=8 laps=40 crashes=1 avg_out=184.6s avg_ret=186.8s avg_lap=383.4s best_lap=375.5
t=21620.4 TOTAL laps=323 crashes=5
t=21620.4 TUNER gen=5 results=8/64 pending=8 active=8 remaining=56 next_trial=337 rounds=[2,2,2,2,2,2,2,2]
t=21643.7 LAP_CAPTURE craft=Aircraft_9_nav_r1_329 route=1 return=170.9s lap=349.2s carrier_dist=200m t=21643.7
t=21650.3 ==== SUMMARY t=21650.3 ====
t=21650.4 route=1 laps=39 crashes=3 avg_out=156.9s avg_ret=174.9s avg_lap=343.6s best_lap=337.7
t=21650.4 route=2 laps=41 crashes=0 avg_out=214.4s avg_ret=249.1s avg_lap=475.5s best_lap=454.8
t=21650.4 route=3 laps=40 crashes=1 avg_out=243.4s avg_ret=270.1s avg_lap=525.3s best_lap=508.2
t=21650.4 route=4 laps=41 crashes=0 avg_out=199.9s avg_ret=168.8s avg_lap=380.8s best_lap=374.9
t=21650.4 route=5 laps=41 crashes=0 avg_out=293.1s avg_ret=257.7s avg_lap=562.8s best_lap=553.2
t=21650.4 route=6 laps=41 crashes=0 avg_out=179.6s avg_ret=158.7s avg_lap=350.1s best_lap=344.4
t=21650.4 route=7 laps=41 crashes=0 avg_out=198.2s avg_ret=158.1s avg_lap=368.3s best_lap=355.8
t=21650.4 route=8 laps=40 crashes=1 avg_out=184.6s avg_ret=186.8s avg_lap=383.4s best_lap=375.5
t=21650.4 TOTAL laps=324 crashes=5
t=21650.4 TUNER gen=5 results=9/64 pending=7 active=7 remaining=55 next_trial=337 rounds=[2,2,2,2,2,2,2,2]
t=21659.4 LZ_REACHED craft=Aircraft_9_nav_r2_332 route=2 outbound=214.3s t=21659.4
t=21661.0 SPAWN craft=Aircraft_9_nav_r1_337 route=1 candidate=3 trial=337 t=21661.0
t=21676.0 LZ_REACHED craft=Aircraft_9_nav_r7_333 route=7 outbound=195.7s t=21676.0
t=21680.4 ==== SUMMARY t=21680.4 ====
t=21680.4 route=1 laps=39 crashes=3 avg_out=156.9s avg_ret=174.9s avg_lap=343.6s best_lap=337.7
t=21680.4 route=2 laps=41 crashes=0 avg_out=214.4s avg_ret=249.1s avg_lap=475.5s best_lap=454.8
t=21680.4 route=3 laps=40 crashes=1 avg_out=243.4s avg_ret=270.1s avg_lap=525.3s best_lap=508.2
t=21680.4 route=4 laps=41 crashes=0 avg_out=199.9s avg_ret=168.8s avg_lap=380.8s best_lap=374.9
t=21680.4 route=5 laps=41 crashes=0 avg_out=293.1s avg_ret=257.7s avg_lap=562.8s best_lap=553.2
t=21680.4 route=6 laps=41 crashes=0 avg_out=179.6s avg_ret=158.7s avg_lap=350.1s best_lap=344.4
t=21680.4 route=7 laps=41 crashes=0 avg_out=198.1s avg_ret=158.1s avg_lap=368.3s best_lap=355.8
t=21680.4 route=8 laps=40 crashes=1 avg_out=184.6s avg_ret=186.8s avg_lap=383.4s best_lap=375.5
t=21680.4 TOTAL laps=324 crashes=5
t=21680.4 TUNER gen=5 results=9/64 pending=8 active=8 remaining=55 next_trial=338 rounds=[3,2,2,2,2,2,2,2]
t=21683.8 LZ_REACHED craft=Aircraft_9_nav_r8_334 route=8 outbound=183.5s t=21683.8
t=21710.4 ==== SUMMARY t=21710.4 ====
t=21710.4 route=1 laps=39 crashes=3 avg_out=156.9s avg_ret=174.9s avg_lap=343.6s best_lap=337.7
t=21710.4 route=2 laps=41 crashes=0 avg_out=214.4s avg_ret=249.1s avg_lap=475.5s best_lap=454.8
t=21710.4 route=3 laps=40 crashes=1 avg_out=243.4s avg_ret=270.1s avg_lap=525.3s best_lap=508.2
t=21710.4 route=4 laps=41 crashes=0 avg_out=199.9s avg_ret=168.8s avg_lap=380.8s best_lap=374.9
t=21710.4 route=5 laps=41 crashes=0 avg_out=293.1s avg_ret=257.7s avg_lap=562.8s best_lap=553.2
t=21710.4 route=6 laps=41 crashes=0 avg_out=179.6s avg_ret=158.7s avg_lap=350.1s best_lap=344.4
t=21710.5 route=7 laps=41 crashes=0 avg_out=198.1s avg_ret=158.1s avg_lap=368.3s best_lap=355.8
t=21710.5 route=8 laps=40 crashes=1 avg_out=184.6s avg_ret=186.8s avg_lap=383.4s best_lap=375.5
t=21710.5 TOTAL laps=324 crashes=5
t=21710.5 TUNER gen=5 results=9/64 pending=8 active=8 remaining=55 next_trial=338 rounds=[3,2,2,2,2,2,2,2]
t=21740.4 ==== SUMMARY t=21740.4 ====
t=21740.4 route=1 laps=39 crashes=3 avg_out=156.9s avg_ret=174.9s avg_lap=343.6s best_lap=337.7
t=21740.4 route=2 laps=41 crashes=0 avg_out=214.4s avg_ret=249.1s avg_lap=475.5s best_lap=454.8
t=21740.4 route=3 laps=40 crashes=1 avg_out=243.4s avg_ret=270.1s avg_lap=525.3s best_lap=508.2
t=21740.4 route=4 laps=41 crashes=0 avg_out=199.9s avg_ret=168.8s avg_lap=380.8s best_lap=374.9
t=21740.5 route=5 laps=41 crashes=0 avg_out=293.1s avg_ret=257.7s avg_lap=562.8s best_lap=553.2
t=21740.5 route=6 laps=41 crashes=0 avg_out=179.6s avg_ret=158.7s avg_lap=350.1s best_lap=344.4
t=21740.5 route=7 laps=41 crashes=0 avg_out=198.1s avg_ret=158.1s avg_lap=368.3s best_lap=355.8
t=21740.5 route=8 laps=40 crashes=1 avg_out=184.6s avg_ret=186.8s avg_lap=383.4s best_lap=375.5
t=21740.5 TOTAL laps=324 crashes=5
t=21740.5 TUNER gen=5 results=9/64 pending=8 active=8 remaining=55 next_trial=338 rounds=[3,2,2,2,2,2,2,2]
t=21761.9 LZ_REACHED craft=Aircraft_9_nav_r3_335 route=3 outbound=241.5s t=21761.9
t=21770.4 ==== SUMMARY t=21770.4 ====
t=21770.5 route=1 laps=39 crashes=3 avg_out=156.9s avg_ret=174.9s avg_lap=343.6s best_lap=337.7
t=21770.5 route=2 laps=41 crashes=0 avg_out=214.4s avg_ret=249.1s avg_lap=475.5s best_lap=454.8
t=21770.5 route=3 laps=40 crashes=1 avg_out=243.3s avg_ret=270.1s avg_lap=525.3s best_lap=508.2
t=21770.5 route=4 laps=41 crashes=0 avg_out=199.9s avg_ret=168.8s avg_lap=380.8s best_lap=374.9
t=21770.5 route=5 laps=41 crashes=0 avg_out=293.1s avg_ret=257.7s avg_lap=562.8s best_lap=553.2
t=21770.5 route=6 laps=41 crashes=0 avg_out=179.6s avg_ret=158.7s avg_lap=350.1s best_lap=344.4
t=21770.5 route=7 laps=41 crashes=0 avg_out=198.1s avg_ret=158.1s avg_lap=368.3s best_lap=355.8
t=21770.5 route=8 laps=40 crashes=1 avg_out=184.6s avg_ret=186.8s avg_lap=383.4s best_lap=375.5
t=21770.5 TOTAL laps=324 crashes=5
t=21770.5 TUNER gen=5 results=9/64 pending=8 active=8 remaining=55 next_trial=338 rounds=[3,2,2,2,2,2,2,2]
t=21774.5 LAP_CAPTURE craft=Aircraft_9_nav_r6_331 route=6 return=161.5s lap=359.5s carrier_dist=200m t=21774.5
t=21791.6 SPAWN craft=Aircraft_9_nav_r6_338 route=6 candidate=8 trial=338 t=21791.6
t=21791.7 LAP_CAPTURE craft=Aircraft_9_nav_r4_330 route=4 return=186.4s lap=396.8s carrier_dist=200m t=21791.7
t=21800.6 ==== SUMMARY t=21800.6 ====
t=21800.6 route=1 laps=39 crashes=3 avg_out=156.9s avg_ret=174.9s avg_lap=343.6s best_lap=337.7
t=21800.6 route=2 laps=41 crashes=0 avg_out=214.4s avg_ret=249.1s avg_lap=475.5s best_lap=454.8
t=21800.6 route=3 laps=40 crashes=1 avg_out=243.3s avg_ret=270.1s avg_lap=525.3s best_lap=508.2
t=21800.6 route=4 laps=42 crashes=0 avg_out=199.9s avg_ret=169.3s avg_lap=381.2s best_lap=374.9
t=21800.6 route=5 laps=41 crashes=0 avg_out=293.1s avg_ret=257.7s avg_lap=562.8s best_lap=553.2
t=21800.6 route=6 laps=42 crashes=0 avg_out=179.6s avg_ret=158.7s avg_lap=350.3s best_lap=344.4
t=21800.6 route=7 laps=41 crashes=0 avg_out=198.1s avg_ret=158.1s avg_lap=368.3s best_lap=355.8
t=21800.6 route=8 laps=40 crashes=1 avg_out=184.6s avg_ret=186.8s avg_lap=383.4s best_lap=375.5
t=21800.7 TOTAL laps=326 crashes=5
t=21800.7 TUNER gen=5 results=11/64 pending=7 active=7 remaining=53 next_trial=339 rounds=[3,2,2,2,2,3,2,2]
t=21811.7 SPAWN craft=Aircraft_9_nav_r4_339 route=4 candidate=6 trial=339 t=21811.7
t=21812.9 LZ_REACHED craft=Aircraft_9_nav_r1_337 route=1 outbound=151.8s t=21812.9
t=21830.7 ==== SUMMARY t=21830.7 ====
t=21830.7 route=1 laps=39 crashes=3 avg_out=156.8s avg_ret=174.9s avg_lap=343.6s best_lap=337.7
t=21830.7 route=2 laps=41 crashes=0 avg_out=214.4s avg_ret=249.1s avg_lap=475.5s best_lap=454.8
t=21830.7 route=3 laps=40 crashes=1 avg_out=243.3s avg_ret=270.1s avg_lap=525.3s best_lap=508.2
t=21830.7 route=4 laps=42 crashes=0 avg_out=199.9s avg_ret=169.3s avg_lap=381.2s best_lap=374.9
t=21830.7 route=5 laps=41 crashes=0 avg_out=293.1s avg_ret=257.7s avg_lap=562.8s best_lap=553.2
t=21830.7 route=6 laps=42 crashes=0 avg_out=179.6s avg_ret=158.7s avg_lap=350.3s best_lap=344.4
t=21830.7 route=7 laps=41 crashes=0 avg_out=198.1s avg_ret=158.1s avg_lap=368.3s best_lap=355.8
t=21830.7 route=8 laps=40 crashes=1 avg_out=184.6s avg_ret=186.8s avg_lap=383.4s best_lap=375.5
t=21830.7 TOTAL laps=326 crashes=5
t=21830.7 TUNER gen=5 results=11/64 pending=8 active=8 remaining=53 next_trial=340 rounds=[3,2,2,3,2,3,2,2]
t=21843.6 LAP_CAPTURE craft=Aircraft_9_nav_r7_333 route=7 return=155.6s lap=363.4s carrier_dist=200m t=21843.6
t=21860.7 ==== SUMMARY t=21860.7 ====
t=21860.7 route=1 laps=39 crashes=3 avg_out=156.8s avg_ret=174.9s avg_lap=343.6s best_lap=337.7
t=21860.7 route=2 laps=41 crashes=0 avg_out=214.4s avg_ret=249.1s avg_lap=475.5s best_lap=454.8
t=21860.7 route=3 laps=40 crashes=1 avg_out=243.3s avg_ret=270.1s avg_lap=525.3s best_lap=508.2
t=21860.7 route=4 laps=42 crashes=0 avg_out=199.9s avg_ret=169.3s avg_lap=381.2s best_lap=374.9
t=21860.7 route=5 laps=41 crashes=0 avg_out=293.1s avg_ret=257.7s avg_lap=562.8s best_lap=553.2
t=21860.7 route=6 laps=42 crashes=0 avg_out=179.6s avg_ret=158.7s avg_lap=350.3s best_lap=344.4
t=21860.7 route=7 laps=42 crashes=0 avg_out=198.1s avg_ret=158.0s avg_lap=368.1s best_lap=355.8
t=21860.7 route=8 laps=40 crashes=1 avg_out=184.6s avg_ret=186.8s avg_lap=383.4s best_lap=375.5
t=21860.7 TOTAL laps=327 crashes=5
t=21860.7 TUNER gen=5 results=12/64 pending=8 active=8 remaining=52 next_trial=341 rounds=[3,2,2,3,2,3,3,2]
t=21861.9 SPAWN craft=Aircraft_9_nav_r7_340 route=7 candidate=1 trial=340 t=21861.9
t=21877.8 LZ_REACHED craft=Aircraft_9_nav_r5_336 route=5 outbound=287.0s t=21877.8
t=21884.4 LAP_CAPTURE craft=Aircraft_9_nav_r8_334 route=8 return=188.6s lap=384.1s carrier_dist=200m t=21884.4
t=21890.7 ==== SUMMARY t=21890.7 ====
t=21890.7 route=1 laps=39 crashes=3 avg_out=156.8s avg_ret=174.9s avg_lap=343.6s best_lap=337.7
t=21890.8 route=2 laps=41 crashes=0 avg_out=214.4s avg_ret=249.1s avg_lap=475.5s best_lap=454.8
t=21890.8 route=3 laps=40 crashes=1 avg_out=243.3s avg_ret=270.1s avg_lap=525.3s best_lap=508.2
t=21890.8 route=4 laps=42 crashes=0 avg_out=199.9s avg_ret=169.3s avg_lap=381.2s best_lap=374.9
t=21890.8 route=5 laps=41 crashes=0 avg_out=292.9s avg_ret=257.7s avg_lap=562.8s best_lap=553.2
t=21890.8 route=6 laps=42 crashes=0 avg_out=179.6s avg_ret=158.7s avg_lap=350.3s best_lap=344.4
t=21890.8 route=7 laps=42 crashes=0 avg_out=198.1s avg_ret=158.0s avg_lap=368.1s best_lap=355.8
t=21890.8 route=8 laps=41 crashes=1 avg_out=184.6s avg_ret=186.9s avg_lap=383.4s best_lap=375.5
t=21890.8 TOTAL laps=328 crashes=5
t=21890.8 TUNER gen=5 results=13/64 pending=7 active=7 remaining=51 next_trial=341 rounds=[3,2,2,3,2,3,3,2]
t=21902.2 SPAWN craft=Aircraft_9_nav_r8_341 route=8 candidate=2 trial=341 t=21902.2
t=21910.9 LAP_CAPTURE craft=Aircraft_9_nav_r2_332 route=2 return=239.5s lap=465.8s carrier_dist=200m t=21910.9
t=21920.8 ==== SUMMARY t=21920.8 ====
t=21920.8 route=1 laps=39 crashes=3 avg_out=156.8s avg_ret=174.9s avg_lap=343.6s best_lap=337.7
t=21920.9 route=2 laps=42 crashes=0 avg_out=214.4s avg_ret=248.8s avg_lap=475.2s best_lap=454.8
t=21920.9 route=3 laps=40 crashes=1 avg_out=243.3s avg_ret=270.1s avg_lap=525.3s best_lap=508.2
t=21920.9 route=4 laps=42 crashes=0 avg_out=199.9s avg_ret=169.3s avg_lap=381.2s best_lap=374.9
t=21920.9 route=5 laps=41 crashes=0 avg_out=292.9s avg_ret=257.7s avg_lap=562.8s best_lap=553.2
t=21920.9 route=6 laps=42 crashes=0 avg_out=179.6s avg_ret=158.7s avg_lap=350.3s best_lap=344.4
t=21920.9 route=7 laps=42 crashes=0 avg_out=198.1s avg_ret=158.0s avg_lap=368.1s best_lap=355.8
t=21920.9 route=8 laps=41 crashes=1 avg_out=184.6s avg_ret=186.9s avg_lap=383.4s best_lap=375.5
t=21920.9 TOTAL laps=329 crashes=5
t=21920.9 TUNER gen=5 results=14/64 pending=8 active=8 remaining=50 next_trial=343 rounds=[3,3,2,3,2,3,3,3]
t=21927.2 SPAWN craft=Aircraft_9_nav_r2_342 route=2 candidate=4 trial=342 t=21927.2
t=21950.9 ==== SUMMARY t=21950.9 ====
t=21951.0 route=1 laps=39 crashes=3 avg_out=156.8s avg_ret=174.9s avg_lap=343.6s best_lap=337.7
t=21951.0 route=2 laps=42 crashes=0 avg_out=214.4s avg_ret=248.8s avg_lap=475.2s best_lap=454.8
t=21951.0 route=3 laps=40 crashes=1 avg_out=243.3s avg_ret=270.1s avg_lap=525.3s best_lap=508.2
t=21951.0 route=4 laps=42 crashes=0 avg_out=199.9s avg_ret=169.3s avg_lap=381.2s best_lap=374.9
t=21951.0 route=5 laps=41 crashes=0 avg_out=292.9s avg_ret=257.7s avg_lap=562.8s best_lap=553.2
t=21951.0 route=6 laps=42 crashes=0 avg_out=179.6s avg_ret=158.7s avg_lap=350.3s best_lap=344.4
t=21951.0 route=7 laps=42 crashes=0 avg_out=198.1s avg_ret=158.0s avg_lap=368.1s best_lap=355.8
t=21951.0 route=8 laps=41 crashes=1 avg_out=184.6s avg_ret=186.9s avg_lap=383.4s best_lap=375.5
t=21951.0 TOTAL laps=329 crashes=5
t=21951.0 TUNER gen=5 results=14/64 pending=8 active=8 remaining=50 next_trial=343 rounds=[3,3,2,3,2,3,3,3]
t=21972.2 LZ_REACHED craft=Aircraft_9_nav_r6_338 route=6 outbound=180.6s t=21972.2
t=21981.0 ==== SUMMARY t=21981.0 ====
t=21981.0 route=1 laps=39 crashes=3 avg_out=156.8s avg_ret=174.9s avg_lap=343.6s best_lap=337.7
t=21981.0 route=2 laps=42 crashes=0 avg_out=214.4s avg_ret=248.8s avg_lap=475.2s best_lap=454.8
t=21981.0 route=3 laps=40 crashes=1 avg_out=243.3s avg_ret=270.1s avg_lap=525.3s best_lap=508.2
t=21981.0 route=4 laps=42 crashes=0 avg_out=199.9s avg_ret=169.3s avg_lap=381.2s best_lap=374.9
t=21981.0 route=5 laps=41 crashes=0 avg_out=292.9s avg_ret=257.7s avg_lap=562.8s best_lap=553.2
t=21981.0 route=6 laps=42 crashes=0 avg_out=179.6s avg_ret=158.7s avg_lap=350.3s best_lap=344.4
t=21981.0 route=7 laps=42 crashes=0 avg_out=198.1s avg_ret=158.0s avg_lap=368.1s best_lap=355.8
t=21981.0 route=8 laps=41 crashes=1 avg_out=184.6s avg_ret=186.9s avg_lap=383.4s best_lap=375.5
t=21981.0 TOTAL laps=329 crashes=5
t=21981.0 TUNER gen=5 results=14/64 pending=8 active=8 remaining=50 next_trial=343 rounds=[3,3,2,3,2,3,3,3]
t=21998.9 LAP_CAPTURE craft=Aircraft_9_nav_r1_337 route=1 return=174.0s lap=337.9s carrier_dist=200m t=21998.9
t=22008.9 LZ_REACHED craft=Aircraft_9_nav_r4_339 route=4 outbound=197.2s t=22008.9
t=22011.0 ==== SUMMARY t=22011.0 ====
t=22011.0 route=1 laps=40 crashes=3 avg_out=156.8s avg_ret=174.9s avg_lap=343.4s best_lap=337.7
t=22011.0 route=2 laps=42 crashes=0 avg_out=214.4s avg_ret=248.8s avg_lap=475.2s best_lap=454.8
t=22011.0 route=3 laps=40 crashes=1 avg_out=243.3s avg_ret=270.1s avg_lap=525.3s best_lap=508.2
t=22011.0 route=4 laps=42 crashes=0 avg_out=199.9s avg_ret=169.3s avg_lap=381.2s best_lap=374.9
t=22011.0 route=5 laps=41 crashes=0 avg_out=292.9s avg_ret=257.7s avg_lap=562.8s best_lap=553.2
t=22011.0 route=6 laps=42 crashes=0 avg_out=179.6s avg_ret=158.7s avg_lap=350.3s best_lap=344.4
t=22011.0 route=7 laps=42 crashes=0 avg_out=198.1s avg_ret=158.0s avg_lap=368.1s best_lap=355.8
t=22011.0 route=8 laps=41 crashes=1 avg_out=184.6s avg_ret=186.9s avg_lap=383.4s best_lap=375.5
t=22011.0 TOTAL laps=330 crashes=5
t=22011.0 TUNER gen=5 results=15/64 pending=8 active=8 remaining=49 next_trial=344 rounds=[4,3,2,3,2,3,3,3]
t=22017.5 SPAWN craft=Aircraft_9_nav_r1_343 route=1 candidate=4 trial=343 t=22017.5
t=22041.0 ==== SUMMARY t=22041.0 ====
t=22041.0 route=1 laps=40 crashes=3 avg_out=156.8s avg_ret=174.9s avg_lap=343.4s best_lap=337.7
t=22041.0 route=2 laps=42 crashes=0 avg_out=214.4s avg_ret=248.8s avg_lap=475.2s best_lap=454.8
t=22041.0 route=3 laps=40 crashes=1 avg_out=243.3s avg_ret=270.1s avg_lap=525.3s best_lap=508.2
t=22041.0 route=4 laps=42 crashes=0 avg_out=199.9s avg_ret=169.3s avg_lap=381.2s best_lap=374.9
t=22041.0 route=5 laps=41 crashes=0 avg_out=292.9s avg_ret=257.7s avg_lap=562.8s best_lap=553.2
t=22041.0 route=6 laps=42 crashes=0 avg_out=179.6s avg_ret=158.7s avg_lap=350.3s best_lap=344.4
t=22041.0 route=7 laps=42 crashes=0 avg_out=198.1s avg_ret=158.0s avg_lap=368.1s best_lap=355.8
t=22041.0 route=8 laps=41 crashes=1 avg_out=184.6s avg_ret=186.9s avg_lap=383.4s best_lap=375.5
t=22041.1 TOTAL laps=330 crashes=5
t=22041.1 TUNER gen=5 results=15/64 pending=8 active=8 remaining=49 next_trial=344 rounds=[4,3,2,3,2,3,3,3]
t=22046.8 LAP_CAPTURE craft=Aircraft_9_nav_r3_335 route=3 return=272.9s lap=526.4s carrier_dist=200m t=22046.8
t=22059.5 LZ_REACHED craft=Aircraft_9_nav_r7_340 route=7 outbound=197.6s t=22059.5
t=22062.8 SPAWN craft=Aircraft_9_nav_r3_344 route=3 candidate=5 trial=344 t=22062.8
t=22071.1 ==== SUMMARY t=22071.1 ====
t=22071.1 route=1 laps=40 crashes=3 avg_out=156.8s avg_ret=174.9s avg_lap=343.4s best_lap=337.7
t=22071.1 route=2 laps=42 crashes=0 avg_out=214.4s avg_ret=248.8s avg_lap=475.2s best_lap=454.8
t=22071.1 route=3 laps=41 crashes=1 avg_out=243.3s avg_ret=270.2s avg_lap=525.4s best_lap=508.2
t=22071.1 route=4 laps=42 crashes=0 avg_out=199.9s avg_ret=169.3s avg_lap=381.2s best_lap=374.9
t=22071.1 route=5 laps=41 crashes=0 avg_out=292.9s avg_ret=257.7s avg_lap=562.8s best_lap=553.2
t=22071.1 route=6 laps=42 crashes=0 avg_out=179.6s avg_ret=158.7s avg_lap=350.3s best_lap=344.4
t=22071.2 route=7 laps=42 crashes=0 avg_out=198.1s avg_ret=158.0s avg_lap=368.1s best_lap=355.8
t=22071.2 route=8 laps=41 crashes=1 avg_out=184.6s avg_ret=186.9s avg_lap=383.4s best_lap=375.5
t=22071.2 TOTAL laps=331 crashes=5
t=22071.2 TUNER gen=5 results=16/64 pending=8 active=8 remaining=48 next_trial=345 rounds=[4,3,3,3,2,3,3,3]
t=22083.4 LZ_REACHED craft=Aircraft_9_nav_r8_341 route=8 outbound=181.3s t=22083.4
t=22101.1 ==== SUMMARY t=22101.1 ====
t=22101.2 route=1 laps=40 crashes=3 avg_out=156.8s avg_ret=174.9s avg_lap=343.4s best_lap=337.7
t=22101.2 route=2 laps=42 crashes=0 avg_out=214.4s avg_ret=248.8s avg_lap=475.2s best_lap=454.8
t=22101.2 route=3 laps=41 crashes=1 avg_out=243.3s avg_ret=270.2s avg_lap=525.4s best_lap=508.2
t=22101.2 route=4 laps=42 crashes=0 avg_out=199.9s avg_ret=169.3s avg_lap=381.2s best_lap=374.9
t=22101.2 route=5 laps=41 crashes=0 avg_out=292.9s avg_ret=257.7s avg_lap=562.8s best_lap=553.2
t=22101.2 route=6 laps=42 crashes=0 avg_out=179.6s avg_ret=158.7s avg_lap=350.3s best_lap=344.4
t=22101.2 route=7 laps=42 crashes=0 avg_out=198.1s avg_ret=158.0s avg_lap=368.1s best_lap=355.8
t=22101.2 route=8 laps=41 crashes=1 avg_out=184.5s avg_ret=186.9s avg_lap=383.4s best_lap=375.5
t=22101.2 TOTAL laps=331 crashes=5
t=22101.2 TUNER gen=5 results=16/64 pending=8 active=8 remaining=48 next_trial=345 rounds=[4,3,3,3,2,3,3,3]
t=22131.2 ==== SUMMARY t=22131.2 ====
t=22131.2 route=1 laps=40 crashes=3 avg_out=156.8s avg_ret=174.9s avg_lap=343.4s best_lap=337.7
t=22131.2 route=2 laps=42 crashes=0 avg_out=214.4s avg_ret=248.8s avg_lap=475.2s best_lap=454.8
t=22131.2 route=3 laps=41 crashes=1 avg_out=243.3s avg_ret=270.2s avg_lap=525.4s best_lap=508.2
t=22131.2 route=4 laps=42 crashes=0 avg_out=199.9s avg_ret=169.3s avg_lap=381.2s best_lap=374.9
t=22131.2 route=5 laps=41 crashes=0 avg_out=292.9s avg_ret=257.7s avg_lap=562.8s best_lap=553.2
t=22131.2 route=6 laps=42 crashes=0 avg_out=179.6s avg_ret=158.7s avg_lap=350.3s best_lap=344.4
t=22131.2 route=7 laps=42 crashes=0 avg_out=198.1s avg_ret=158.0s avg_lap=368.1s best_lap=355.8
t=22131.2 route=8 laps=41 crashes=1 avg_out=184.5s avg_ret=186.9s avg_lap=383.4s best_lap=375.5
t=22131.2 TOTAL laps=331 crashes=5
t=22131.2 TUNER gen=5 results=16/64 pending=8 active=8 remaining=48 next_trial=345 rounds=[4,3,3,3,2,3,3,3]
t=22139.4 LAP_CAPTURE craft=Aircraft_9_nav_r6_338 route=6 return=155.2s lap=347.8s carrier_dist=200m t=22139.4
t=22140.9 LZ_REACHED craft=Aircraft_9_nav_r2_342 route=2 outbound=213.7s t=22140.9
t=22145.7 LAP_CAPTURE craft=Aircraft_9_nav_r5_336 route=5 return=256.0s lap=555.0s carrier_dist=200m t=22145.7
t=22152.4 LAUNCH_BLOCKED reason=deck_busy active=7 stored=1 no_active_s=0.0 state=AIRCRAFT_ON_DECK tractor_cleanup=false elevator_transfer=true deck=Aircraft_9_nav_r6_345 pending=none clearance=none queue=0
t=22158.1 SPAWN craft=Aircraft_9_nav_r6_345 route=6 candidate=1 trial=345 t=22158.1
t=22161.2 ==== SUMMARY t=22161.2 ====
t=22161.2 route=1 laps=40 crashes=3 avg_out=156.8s avg_ret=174.9s avg_lap=343.4s best_lap=337.7
t=22161.2 route=2 laps=42 crashes=0 avg_out=214.4s avg_ret=248.8s avg_lap=475.2s best_lap=454.8
t=22161.2 route=3 laps=41 crashes=1 avg_out=243.3s avg_ret=270.2s avg_lap=525.4s best_lap=508.2
t=22161.2 route=4 laps=42 crashes=0 avg_out=199.9s avg_ret=169.3s avg_lap=381.2s best_lap=374.9
t=22161.2 route=5 laps=42 crashes=0 avg_out=292.9s avg_ret=257.7s avg_lap=562.6s best_lap=553.2
t=22161.2 route=6 laps=43 crashes=0 avg_out=179.6s avg_ret=158.6s avg_lap=350.3s best_lap=344.4
t=22161.2 route=7 laps=42 crashes=0 avg_out=198.1s avg_ret=158.0s avg_lap=368.1s best_lap=355.8
t=22161.2 route=8 laps=41 crashes=1 avg_out=184.5s avg_ret=186.9s avg_lap=383.4s best_lap=375.5
t=22161.2 TOTAL laps=333 crashes=5
t=22161.2 TUNER gen=5 results=18/64 pending=7 active=7 remaining=46 next_trial=346 rounds=[4,3,3,3,2,4,3,3]
t=22170.7 LZ_REACHED craft=Aircraft_9_nav_r1_343 route=1 outbound=153.1s t=22170.7
t=22178.3 SPAWN craft=Aircraft_9_nav_r5_346 route=5 candidate=7 trial=346 t=22178.3
t=22189.1 LAP_CAPTURE craft=Aircraft_9_nav_r4_339 route=4 return=168.2s lap=377.4s carrier_dist=200m t=22189.1
t=22191.3 ==== SUMMARY t=22191.3 ====
t=22191.3 route=1 laps=40 crashes=3 avg_out=156.7s avg_ret=174.9s avg_lap=343.4s best_lap=337.7
t=22191.3 route=2 laps=42 crashes=0 avg_out=214.4s avg_ret=248.8s avg_lap=475.2s best_lap=454.8
t=22191.3 route=3 laps=41 crashes=1 avg_out=243.3s avg_ret=270.2s avg_lap=525.4s best_lap=508.2
t=22191.3 route=4 laps=43 crashes=0 avg_out=199.9s avg_ret=169.2s avg_lap=381.1s best_lap=374.9
t=22191.3 route=5 laps=42 crashes=0 avg_out=292.9s avg_ret=257.7s avg_lap=562.6s best_lap=553.2
t=22191.3 route=6 laps=43 crashes=0 avg_out=179.6s avg_ret=158.6s avg_lap=350.3s best_lap=344.4
t=22191.3 route=7 laps=42 crashes=0 avg_out=198.1s avg_ret=158.0s avg_lap=368.1s best_lap=355.8
t=22191.3 route=8 laps=41 crashes=1 avg_out=184.5s avg_ret=186.9s avg_lap=383.4s best_lap=375.5
t=22191.3 TOTAL laps=334 crashes=5
t=22191.3 TUNER gen=5 results=19/64 pending=7 active=7 remaining=45 next_trial=347 rounds=[4,3,3,3,3,4,3,3]
t=22208.5 SPAWN craft=Aircraft_9_nav_r4_347 route=4 candidate=7 trial=347 t=22208.5
t=22221.3 ==== SUMMARY t=22221.3 ====
t=22221.3 route=1 laps=40 crashes=3 avg_out=156.7s avg_ret=174.9s avg_lap=343.4s best_lap=337.7
t=22221.3 route=2 laps=42 crashes=0 avg_out=214.4s avg_ret=248.8s avg_lap=475.2s best_lap=454.8
t=22221.3 route=3 laps=41 crashes=1 avg_out=243.3s avg_ret=270.2s avg_lap=525.4s best_lap=508.2
t=22221.4 route=4 laps=43 crashes=0 avg_out=199.9s avg_ret=169.2s avg_lap=381.1s best_lap=374.9
t=22221.4 route=5 laps=42 crashes=0 avg_out=292.9s avg_ret=257.7s avg_lap=562.6s best_lap=553.2
t=22221.4 route=6 laps=43 crashes=0 avg_out=179.6s avg_ret=158.6s avg_lap=350.3s best_lap=344.4
t=22221.4 route=7 laps=42 crashes=0 avg_out=198.1s avg_ret=158.0s avg_lap=368.1s best_lap=355.8
t=22221.4 route=8 laps=41 crashes=1 avg_out=184.5s avg_ret=186.9s avg_lap=383.4s best_lap=375.5
t=22221.4 TOTAL laps=334 crashes=5
t=22221.4 TUNER gen=5 results=19/64 pending=8 active=8 remaining=45 next_trial=348 rounds=[4,3,3,4,3,4,3,3]
t=22223.9 LAP_CAPTURE craft=Aircraft_9_nav_r7_340 route=7 return=152.4s lap=362.0s carrier_dist=200m t=22223.9
t=22243.6 SPAWN craft=Aircraft_9_nav_r7_348 route=7 candidate=2 trial=348 t=22243.6
t=22251.4 ==== SUMMARY t=22251.4 ====
t=22251.4 route=1 laps=40 crashes=3 avg_out=156.7s avg_ret=174.9s avg_lap=343.4s best_lap=337.7
t=22251.4 route=2 laps=42 crashes=0 avg_out=214.4s avg_ret=248.8s avg_lap=475.2s best_lap=454.8
t=22251.4 route=3 laps=41 crashes=1 avg_out=243.3s avg_ret=270.2s avg_lap=525.4s best_lap=508.2
t=22251.4 route=4 laps=43 crashes=0 avg_out=199.9s avg_ret=169.2s avg_lap=381.1s best_lap=374.9
t=22251.4 route=5 laps=42 crashes=0 avg_out=292.9s avg_ret=257.7s avg_lap=562.6s best_lap=553.2
t=22251.4 route=6 laps=43 crashes=0 avg_out=179.6s avg_ret=158.6s avg_lap=350.3s best_lap=344.4
t=22251.4 route=7 laps=43 crashes=0 avg_out=198.1s avg_ret=157.9s avg_lap=368.0s best_lap=355.8
t=22251.5 route=8 laps=41 crashes=1 avg_out=184.5s avg_ret=186.9s avg_lap=383.4s best_lap=375.5
t=22251.5 TOTAL laps=335 crashes=5
t=22251.5 TUNER gen=5 results=20/64 pending=8 active=8 remaining=44 next_trial=349 rounds=[4,3,3,4,3,4,4,3]
t=22280.0 LAP_CAPTURE craft=Aircraft_9_nav_r8_341 route=8 return=184.6s lap=377.8s carrier_dist=200m t=22280.0
t=22281.4 ==== SUMMARY t=22281.4 ====
t=22281.4 route=1 laps=40 crashes=3 avg_out=156.7s avg_ret=174.9s avg_lap=343.4s best_lap=337.7
t=22281.4 route=2 laps=42 crashes=0 avg_out=214.4s avg_ret=248.8s avg_lap=475.2s best_lap=454.8
t=22281.4 route=3 laps=41 crashes=1 avg_out=243.3s avg_ret=270.2s avg_lap=525.4s best_lap=508.2
t=22281.4 route=4 laps=43 crashes=0 avg_out=199.9s avg_ret=169.2s avg_lap=381.1s best_lap=374.9
t=22281.4 route=5 laps=42 crashes=0 avg_out=292.9s avg_ret=257.7s avg_lap=562.6s best_lap=553.2
t=22281.4 route=6 laps=43 crashes=0 avg_out=179.6s avg_ret=158.6s avg_lap=350.3s best_lap=344.4
t=22281.4 route=7 laps=43 crashes=0 avg_out=198.1s avg_ret=157.9s avg_lap=368.0s best_lap=355.8
t=22281.4 route=8 laps=42 crashes=1 avg_out=184.5s avg_ret=186.8s avg_lap=383.3s best_lap=375.5
t=22281.4 TOTAL laps=336 crashes=5
t=22281.5 TUNER gen=5 results=21/64 pending=7 active=7 remaining=43 next_trial=349 rounds=[4,3,3,4,3,4,4,3]
t=22298.9 SPAWN craft=Aircraft_9_nav_r8_349 route=8 candidate=3 trial=349 t=22298.9
t=22305.4 LZ_REACHED craft=Aircraft_9_nav_r3_344 route=3 outbound=242.6s t=22305.4
t=22311.4 ==== SUMMARY t=22311.4 ====
t=22311.5 route=1 laps=40 crashes=3 avg_out=156.7s avg_ret=174.9s avg_lap=343.4s best_lap=337.7
t=22311.5 route=2 laps=42 crashes=0 avg_out=214.4s avg_ret=248.8s avg_lap=475.2s best_lap=454.8
t=22311.5 route=3 laps=41 crashes=1 avg_out=243.3s avg_ret=270.2s avg_lap=525.4s best_lap=508.2
t=22311.5 route=4 laps=43 crashes=0 avg_out=199.9s avg_ret=169.2s avg_lap=381.1s best_lap=374.9
t=22311.5 route=5 laps=42 crashes=0 avg_out=292.9s avg_ret=257.7s avg_lap=562.6s best_lap=553.2
t=22311.5 route=6 laps=43 crashes=0 avg_out=179.6s avg_ret=158.6s avg_lap=350.3s best_lap=344.4
t=22311.5 route=7 laps=43 crashes=0 avg_out=198.1s avg_ret=157.9s avg_lap=368.0s best_lap=355.8
t=22311.5 route=8 laps=42 crashes=1 avg_out=184.5s avg_ret=186.8s avg_lap=383.3s best_lap=375.5
t=22311.5 TOTAL laps=336 crashes=5
t=22311.5 TUNER gen=5 results=21/64 pending=8 active=8 remaining=43 next_trial=350 rounds=[4,3,3,4,3,4,4,4]
t=22339.0 LZ_REACHED craft=Aircraft_9_nav_r6_345 route=6 outbound=180.9s t=22339.0
t=22341.5 ==== SUMMARY t=22341.5 ====
t=22341.5 route=1 laps=40 crashes=3 avg_out=156.7s avg_ret=174.9s avg_lap=343.4s best_lap=337.7
t=22341.5 route=2 laps=42 crashes=0 avg_out=214.4s avg_ret=248.8s avg_lap=475.2s best_lap=454.8
t=22341.5 route=3 laps=41 crashes=1 avg_out=243.3s avg_ret=270.2s avg_lap=525.4s best_lap=508.2
t=22341.5 route=4 laps=43 crashes=0 avg_out=199.9s avg_ret=169.2s avg_lap=381.1s best_lap=374.9
t=22341.5 route=5 laps=42 crashes=0 avg_out=292.9s avg_ret=257.7s avg_lap=562.6s best_lap=553.2
t=22341.6 route=6 laps=43 crashes=0 avg_out=179.6s avg_ret=158.6s avg_lap=350.3s best_lap=344.4
t=22341.6 route=7 laps=43 crashes=0 avg_out=198.1s avg_ret=157.9s avg_lap=368.0s best_lap=355.8
t=22341.6 route=8 laps=42 crashes=1 avg_out=184.5s avg_ret=186.8s avg_lap=383.3s best_lap=375.5
t=22341.6 TOTAL laps=336 crashes=5
t=22341.6 TUNER gen=5 results=21/64 pending=8 active=8 remaining=43 next_trial=350 rounds=[4,3,3,4,3,4,4,4]
t=22357.3 LAP_CAPTURE craft=Aircraft_9_nav_r1_343 route=1 return=174.6s lap=339.8s carrier_dist=200m t=22357.3
t=22371.5 ==== SUMMARY t=22371.5 ====
t=22371.5 route=1 laps=41 crashes=3 avg_out=156.7s avg_ret=174.9s avg_lap=343.3s best_lap=337.7
t=22371.5 route=2 laps=42 crashes=0 avg_out=214.4s avg_ret=248.8s avg_lap=475.2s best_lap=454.8
t=22371.5 route=3 laps=41 crashes=1 avg_out=243.3s avg_ret=270.2s avg_lap=525.4s best_lap=508.2
t=22371.5 route=4 laps=43 crashes=0 avg_out=199.9s avg_ret=169.2s avg_lap=381.1s best_lap=374.9
t=22371.5 route=5 laps=42 crashes=0 avg_out=292.9s avg_ret=257.7s avg_lap=562.6s best_lap=553.2
t=22371.5 route=6 laps=43 crashes=0 avg_out=179.6s avg_ret=158.6s avg_lap=350.3s best_lap=344.4
t=22371.5 route=7 laps=43 crashes=0 avg_out=198.1s avg_ret=157.9s avg_lap=368.0s best_lap=355.8
t=22371.6 route=8 laps=42 crashes=1 avg_out=184.5s avg_ret=186.8s avg_lap=383.3s best_lap=375.5
t=22371.6 TOTAL laps=337 crashes=5
t=22371.6 TUNER gen=5 results=22/64 pending=8 active=8 remaining=42 next_trial=351 rounds=[5,3,3,4,3,4,4,4]
t=22374.1 SPAWN craft=Aircraft_9_nav_r1_350 route=1 candidate=5 trial=350 t=22374.1
t=22394.4 LAP_CAPTURE craft=Aircraft_9_nav_r2_342 route=2 return=241.4s lap=467.1s carrier_dist=200m t=22394.4
t=22400.3 LZ_REACHED craft=Aircraft_9_nav_r4_347 route=4 outbound=191.9s t=22400.3
t=22401.5 ==== SUMMARY t=22401.5 ====
t=22401.5 route=1 laps=41 crashes=3 avg_out=156.7s avg_ret=174.9s avg_lap=343.3s best_lap=337.7
t=22401.6 route=2 laps=43 crashes=0 avg_out=214.4s avg_ret=248.7s avg_lap=475.0s best_lap=454.8
t=22401.6 route=3 laps=41 crashes=1 avg_out=243.3s avg_ret=270.2s avg_lap=525.4s best_lap=508.2
t=22401.6 route=4 laps=43 crashes=0 avg_out=199.7s avg_ret=169.2s avg_lap=381.1s best_lap=374.9
t=22401.6 route=5 laps=42 crashes=0 avg_out=292.9s avg_ret=257.7s avg_lap=562.6s best_lap=553.2
t=22401.6 route=6 laps=43 crashes=0 avg_out=179.6s avg_ret=158.6s avg_lap=350.3s best_lap=344.4
t=22401.6 route=7 laps=43 crashes=0 avg_out=198.1s avg_ret=157.9s avg_lap=368.0s best_lap=355.8
t=22401.6 route=8 laps=42 crashes=1 avg_out=184.5s avg_ret=186.8s avg_lap=383.3s best_lap=375.5
t=22401.6 TOTAL laps=338 crashes=5
t=22401.6 TUNER gen=5 results=23/64 pending=7 active=7 remaining=41 next_trial=351 rounds=[5,3,3,4,3,4,4,4]
t=22414.2 SPAWN craft=Aircraft_9_nav_r2_351 route=2 candidate=5 trial=351 t=22414.2
t=22431.5 ==== SUMMARY t=22431.5 ====
t=22431.6 route=1 laps=41 crashes=3 avg_out=156.7s avg_ret=174.9s avg_lap=343.3s best_lap=337.7
t=22431.6 route=2 laps=43 crashes=0 avg_out=214.4s avg_ret=248.7s avg_lap=475.0s best_lap=454.8
t=22431.6 route=3 laps=41 crashes=1 avg_out=243.3s avg_ret=270.2s avg_lap=525.4s best_lap=508.2
t=22431.6 route=4 laps=43 crashes=0 avg_out=199.7s avg_ret=169.2s avg_lap=381.1s best_lap=374.9
t=22431.6 route=5 laps=42 crashes=0 avg_out=292.9s avg_ret=257.7s avg_lap=562.6s best_lap=553.2
t=22431.6 route=6 laps=43 crashes=0 avg_out=179.6s avg_ret=158.6s avg_lap=350.3s best_lap=344.4
t=22431.6 route=7 laps=43 crashes=0 avg_out=198.1s avg_ret=157.9s avg_lap=368.0s best_lap=355.8
t=22431.6 route=8 laps=42 crashes=1 avg_out=184.5s avg_ret=186.8s avg_lap=383.3s best_lap=375.5
t=22431.6 TOTAL laps=338 crashes=5
t=22431.6 TUNER gen=5 results=23/64 pending=8 active=8 remaining=41 next_trial=352 rounds=[5,4,3,4,3,4,4,4]
t=22440.8 LZ_REACHED craft=Aircraft_9_nav_r7_348 route=7 outbound=197.2s t=22440.8
t=22461.6 ==== SUMMARY t=22461.6 ====
t=22461.6 route=1 laps=41 crashes=3 avg_out=156.7s avg_ret=174.9s avg_lap=343.3s best_lap=337.7
t=22461.6 route=2 laps=43 crashes=0 avg_out=214.4s avg_ret=248.7s avg_lap=475.0s best_lap=454.8
t=22461.6 route=3 laps=41 crashes=1 avg_out=243.3s avg_ret=270.2s avg_lap=525.4s best_lap=508.2
t=22461.6 route=4 laps=43 crashes=0 avg_out=199.7s avg_ret=169.2s avg_lap=381.1s best_lap=374.9
t=22461.6 route=5 laps=42 crashes=0 avg_out=292.9s avg_ret=257.7s avg_lap=562.6s best_lap=553.2
t=22461.6 route=6 laps=43 crashes=0 avg_out=179.6s avg_ret=158.6s avg_lap=350.3s best_lap=344.4
t=22461.6 route=7 laps=43 crashes=0 avg_out=198.1s avg_ret=157.9s avg_lap=368.0s best_lap=355.8
t=22461.6 route=8 laps=42 crashes=1 avg_out=184.5s avg_ret=186.8s avg_lap=383.3s best_lap=375.5
t=22461.6 TOTAL laps=338 crashes=5
t=22461.6 TUNER gen=5 results=23/64 pending=8 active=8 remaining=41 next_trial=352 rounds=[5,4,3,4,3,4,4,4]
t=22470.1 LZ_REACHED craft=Aircraft_9_nav_r5_346 route=5 outbound=291.8s t=22470.1
t=22479.6 LZ_REACHED craft=Aircraft_9_nav_r8_349 route=8 outbound=180.8s t=22479.6
t=22491.7 ==== SUMMARY t=22491.7 ====
t=22491.7 route=1 laps=41 crashes=3 avg_out=156.7s avg_ret=174.9s avg_lap=343.3s best_lap=337.7
t=22491.7 route=2 laps=43 crashes=0 avg_out=214.4s avg_ret=248.7s avg_lap=475.0s best_lap=454.8
t=22491.7 route=3 laps=41 crashes=1 avg_out=243.3s avg_ret=270.2s avg_lap=525.4s best_lap=508.2
t=22491.7 route=4 laps=43 crashes=0 avg_out=199.7s avg_ret=169.2s avg_lap=381.1s best_lap=374.9
t=22491.7 route=5 laps=42 crashes=0 avg_out=292.9s avg_ret=257.7s avg_lap=562.6s best_lap=553.2
t=22491.7 route=6 laps=43 crashes=0 avg_out=179.6s avg_ret=158.6s avg_lap=350.3s best_lap=344.4
t=22491.7 route=7 laps=43 crashes=0 avg_out=198.1s avg_ret=157.9s avg_lap=368.0s best_lap=355.8
t=22491.7 route=8 laps=42 crashes=1 avg_out=184.4s avg_ret=186.8s avg_lap=383.3s best_lap=375.5
t=22491.7 TOTAL laps=338 crashes=5
t=22491.7 TUNER gen=5 results=23/64 pending=8 active=8 remaining=41 next_trial=352 rounds=[5,4,3,4,3,4,4,4]
t=22506.7 LAP_CAPTURE craft=Aircraft_9_nav_r6_345 route=6 return=155.7s lap=348.6s carrier_dist=200m t=22506.7
t=22521.7 ==== SUMMARY t=22521.7 ====
t=22521.7 route=1 laps=41 crashes=3 avg_out=156.7s avg_ret=174.9s avg_lap=343.3s best_lap=337.7
t=22521.7 route=2 laps=43 crashes=0 avg_out=214.4s avg_ret=248.7s avg_lap=475.0s best_lap=454.8
t=22521.7 route=3 laps=41 crashes=1 avg_out=243.3s avg_ret=270.2s avg_lap=525.4s best_lap=508.2
t=22521.7 route=4 laps=43 crashes=0 avg_out=199.7s avg_ret=169.2s avg_lap=381.1s best_lap=374.9
t=22521.7 route=5 laps=42 crashes=0 avg_out=292.9s avg_ret=257.7s avg_lap=562.6s best_lap=553.2
t=22521.7 route=6 laps=44 crashes=0 avg_out=179.6s avg_ret=158.6s avg_lap=350.2s best_lap=344.4
t=22521.7 route=7 laps=43 crashes=0 avg_out=198.1s avg_ret=157.9s avg_lap=368.0s best_lap=355.8
t=22521.7 route=8 laps=42 crashes=1 avg_out=184.4s avg_ret=186.8s avg_lap=383.3s best_lap=375.5
t=22521.7 TOTAL laps=339 crashes=5
t=22521.8 TUNER gen=5 results=24/64 pending=8 active=8 remaining=40 next_trial=353 rounds=[5,4,3,4,3,5,4,4]
t=22524.7 SPAWN craft=Aircraft_9_nav_r6_352 route=6 candidate=2 trial=352 t=22524.7
t=22528.6 LZ_REACHED craft=Aircraft_9_nav_r1_350 route=1 outbound=154.5s t=22528.6
t=22551.7 ==== SUMMARY t=22551.7 ====
t=22551.7 route=1 laps=41 crashes=3 avg_out=156.7s avg_ret=174.9s avg_lap=343.3s best_lap=337.7
t=22551.7 route=2 laps=43 crashes=0 avg_out=214.4s avg_ret=248.7s avg_lap=475.0s best_lap=454.8
t=22551.7 route=3 laps=41 crashes=1 avg_out=243.3s avg_ret=270.2s avg_lap=525.4s best_lap=508.2
t=22551.7 route=4 laps=43 crashes=0 avg_out=199.7s avg_ret=169.2s avg_lap=381.1s best_lap=374.9
t=22551.8 route=5 laps=42 crashes=0 avg_out=292.9s avg_ret=257.7s avg_lap=562.6s best_lap=553.2
t=22551.8 route=6 laps=44 crashes=0 avg_out=179.6s avg_ret=158.6s avg_lap=350.2s best_lap=344.4
t=22551.8 route=7 laps=43 crashes=0 avg_out=198.1s avg_ret=157.9s avg_lap=368.0s best_lap=355.8
t=22551.8 route=8 laps=42 crashes=1 avg_out=184.4s avg_ret=186.8s avg_lap=383.3s best_lap=375.5
t=22551.8 TOTAL laps=339 crashes=5
t=22551.8 TUNER gen=5 results=24/64 pending=8 active=8 remaining=40 next_trial=353 rounds=[5,4,3,4,3,5,4,4]
t=22575.1 LAP_CAPTURE craft=Aircraft_9_nav_r3_344 route=3 return=257.6s lap=512.3s carrier_dist=200m t=22575.1
t=22581.7 ==== SUMMARY t=22581.7 ====
t=22581.7 route=1 laps=41 crashes=3 avg_out=156.7s avg_ret=174.9s avg_lap=343.3s best_lap=337.7
t=22581.7 route=2 laps=43 crashes=0 avg_out=214.4s avg_ret=248.7s avg_lap=475.0s best_lap=454.8
t=22581.7 route=3 laps=42 crashes=1 avg_out=243.3s avg_ret=269.9s avg_lap=525.1s best_lap=508.2
t=22581.7 route=4 laps=43 crashes=0 avg_out=199.7s avg_ret=169.2s avg_lap=381.1s best_lap=374.9
t=22581.7 route=5 laps=42 crashes=0 avg_out=292.9s avg_ret=257.7s avg_lap=562.6s best_lap=553.2
t=22581.7 route=6 laps=44 crashes=0 avg_out=179.6s avg_ret=158.6s avg_lap=350.2s best_lap=344.4
t=22581.8 route=7 laps=43 crashes=0 avg_out=198.1s avg_ret=157.9s avg_lap=368.0s best_lap=355.8
t=22581.8 route=8 laps=42 crashes=1 avg_out=184.4s avg_ret=186.8s avg_lap=383.3s best_lap=375.5
t=22581.8 TOTAL laps=340 crashes=5
t=22581.8 TUNER gen=5 results=25/64 pending=7 active=7 remaining=39 next_trial=353 rounds=[5,4,3,4,3,5,4,4]
t=22586.3 LAP_CAPTURE craft=Aircraft_9_nav_r4_347 route=4 return=174.0s lap=377.8s carrier_dist=200m t=22586.3
t=22594.2 LAUNCH_BLOCKED reason=deck_busy active=7 stored=1 no_active_s=0.0 state=AIRCRAFT_ON_DECK tractor_cleanup=false elevator_transfer=false deck=Aircraft_9_nav_r3_353 pending=none clearance=none queue=0
t=22594.9 SPAWN craft=Aircraft_9_nav_r3_353 route=3 candidate=6 trial=353 t=22594.9
t=22609.1 LAP_CAPTURE craft=Aircraft_9_nav_r7_348 route=7 return=156.3s lap=365.5s carrier_dist=200m t=22609.1
t=22611.8 ==== SUMMARY t=22611.8 ====
t=22611.9 route=1 laps=41 crashes=3 avg_out=156.7s avg_ret=174.9s avg_lap=343.3s best_lap=337.7
t=22611.9 route=2 laps=43 crashes=0 avg_out=214.4s avg_ret=248.7s avg_lap=475.0s best_lap=454.8
t=22611.9 route=3 laps=42 crashes=1 avg_out=243.3s avg_ret=269.9s avg_lap=525.1s best_lap=508.2
t=22611.9 route=4 laps=44 crashes=0 avg_out=199.7s avg_ret=169.3s avg_lap=381.0s best_lap=374.9
t=22611.9 route=5 laps=42 crashes=0 avg_out=292.9s avg_ret=257.7s avg_lap=562.6s best_lap=553.2
t=22611.9 route=6 laps=44 crashes=0 avg_out=179.6s avg_ret=158.6s avg_lap=350.2s best_lap=344.4
t=22611.9 route=7 laps=44 crashes=0 avg_out=198.1s avg_ret=157.8s avg_lap=367.9s best_lap=355.8
t=22611.9 route=8 laps=42 crashes=1 avg_out=184.4s avg_ret=186.8s avg_lap=383.3s best_lap=375.5
t=22611.9 TOTAL laps=342 crashes=5
t=22611.9 TUNER gen=5 results=27/64 pending=7 active=7 remaining=37 next_trial=355 rounds=[5,4,4,5,3,5,4,4]
t=22614.3 LAUNCH_BLOCKED reason=deck_busy active=7 stored=1 no_active_s=0.0 state=AIRCRAFT_ON_DECK tractor_cleanup=false elevator_transfer=false deck=Aircraft_9_nav_r4_354 pending=none clearance=none queue=0
t=22615.1 SPAWN craft=Aircraft_9_nav_r4_354 route=4 candidate=8 trial=354 t=22615.1
t=22628.8 LZ_REACHED craft=Aircraft_9_nav_r2_351 route=2 outbound=214.6s t=22628.8
t=22635.3 SPAWN craft=Aircraft_9_nav_r7_355 route=7 candidate=3 trial=355 t=22635.3
t=22641.9 ==== SUMMARY t=22641.9 ====
t=22641.9 route=1 laps=41 crashes=3 avg_out=156.7s avg_ret=174.9s avg_lap=343.3s best_lap=337.7
t=22641.9 route=2 laps=43 crashes=0 avg_out=214.4s avg_ret=248.7s avg_lap=475.0s best_lap=454.8
t=22641.9 route=3 laps=42 crashes=1 avg_out=243.3s avg_ret=269.9s avg_lap=525.1s best_lap=508.2
t=22641.9 route=4 laps=44 crashes=0 avg_out=199.7s avg_ret=169.3s avg_lap=381.0s best_lap=374.9
t=22641.9 route=5 laps=42 crashes=0 avg_out=292.9s avg_ret=257.7s avg_lap=562.6s best_lap=553.2
t=22641.9 route=6 laps=44 crashes=0 avg_out=179.6s avg_ret=158.6s avg_lap=350.2s best_lap=344.4
t=22641.9 route=7 laps=44 crashes=0 avg_out=198.1s avg_ret=157.8s avg_lap=367.9s best_lap=355.8
t=22641.9 route=8 laps=42 crashes=1 avg_out=184.4s avg_ret=186.8s avg_lap=383.3s best_lap=375.5
t=22641.9 TOTAL laps=342 crashes=5
t=22641.9 TUNER gen=5 results=27/64 pending=8 active=8 remaining=37 next_trial=356 rounds=[5,4,4,5,3,5,5,4]
t=22671.9 ==== SUMMARY t=22671.9 ====
t=22671.9 route=1 laps=41 crashes=3 avg_out=156.7s avg_ret=174.9s avg_lap=343.3s best_lap=337.7
t=22671.9 route=2 laps=43 crashes=0 avg_out=214.4s avg_ret=248.7s avg_lap=475.0s best_lap=454.8
t=22671.9 route=3 laps=42 crashes=1 avg_out=243.3s avg_ret=269.9s avg_lap=525.1s best_lap=508.2
t=22671.9 route=4 laps=44 crashes=0 avg_out=199.7s avg_ret=169.3s avg_lap=381.0s best_lap=374.9
t=22671.9 route=5 laps=42 crashes=0 avg_out=292.9s avg_ret=257.7s avg_lap=562.6s best_lap=553.2
t=22671.9 route=6 laps=44 crashes=0 avg_out=179.6s avg_ret=158.6s avg_lap=350.2s best_lap=344.4
t=22671.9 route=7 laps=44 crashes=0 avg_out=198.1s avg_ret=157.8s avg_lap=367.9s best_lap=355.8
t=22671.9 route=8 laps=42 crashes=1 avg_out=184.4s avg_ret=186.8s avg_lap=383.3s best_lap=375.5
t=22672.0 TOTAL laps=342 crashes=5
t=22672.0 TUNER gen=5 results=27/64 pending=8 active=8 remaining=37 next_trial=356 rounds=[5,4,4,5,3,5,5,4]
t=22676.3 LAP_CAPTURE craft=Aircraft_9_nav_r8_349 route=8 return=184.6s lap=377.5s carrier_dist=200m t=22676.3
t=22695.4 SPAWN craft=Aircraft_9_nav_r8_356 route=8 candidate=4 trial=356 t=22695.4
t=22701.9 ==== SUMMARY t=22701.9 ====
t=22702.0 route=1 laps=41 crashes=3 avg_out=156.7s avg_ret=174.9s avg_lap=343.3s best_lap=337.7
t=22702.0 route=2 laps=43 crashes=0 avg_out=214.4s avg_ret=248.7s avg_lap=475.0s best_lap=454.8
t=22702.0 route=3 laps=42 crashes=1 avg_out=243.3s avg_ret=269.9s avg_lap=525.1s best_lap=508.2
t=22702.0 route=4 laps=44 crashes=0 avg_out=199.7s avg_ret=169.3s avg_lap=381.0s best_lap=374.9
t=22702.0 route=5 laps=42 crashes=0 avg_out=292.9s avg_ret=257.7s avg_lap=562.6s best_lap=553.2
t=22702.0 route=6 laps=44 crashes=0 avg_out=179.6s avg_ret=158.6s avg_lap=350.2s best_lap=344.4
t=22702.0 route=7 laps=44 crashes=0 avg_out=198.1s avg_ret=157.8s avg_lap=367.9s best_lap=355.8
t=22702.0 route=8 laps=43 crashes=1 avg_out=184.4s avg_ret=186.8s avg_lap=383.2s best_lap=375.5
t=22702.0 TOTAL laps=343 crashes=5
t=22702.0 TUNER gen=5 results=28/64 pending=8 active=8 remaining=36 next_trial=357 rounds=[5,4,4,5,3,5,5,5]
t=22706.8 LZ_REACHED craft=Aircraft_9_nav_r6_352 route=6 outbound=182.1s t=22706.8
t=22714.0 LAP_CAPTURE craft=Aircraft_9_nav_r1_350 route=1 return=173.4s lap=339.9s carrier_dist=200m t=22714.0
t=22730.6 SPAWN craft=Aircraft_9_nav_r1_357 route=1 candidate=6 trial=357 t=22730.6
t=22732.0 ==== SUMMARY t=22732.0 ====
t=22732.0 route=1 laps=42 crashes=3 avg_out=156.7s avg_ret=174.8s avg_lap=343.2s best_lap=337.7
t=22732.0 route=2 laps=43 crashes=0 avg_out=214.4s avg_ret=248.7s avg_lap=475.0s best_lap=454.8
t=22732.0 route=3 laps=42 crashes=1 avg_out=243.3s avg_ret=269.9s avg_lap=525.1s best_lap=508.2
t=22732.0 route=4 laps=44 crashes=0 avg_out=199.7s avg_ret=169.3s avg_lap=381.0s best_lap=374.9
t=22732.0 route=5 laps=42 crashes=0 avg_out=292.9s avg_ret=257.7s avg_lap=562.6s best_lap=553.2
t=22732.0 route=6 laps=44 crashes=0 avg_out=179.7s avg_ret=158.6s avg_lap=350.2s best_lap=344.4
t=22732.0 route=7 laps=44 crashes=0 avg_out=198.1s avg_ret=157.8s avg_lap=367.9s best_lap=355.8
t=22732.0 route=8 laps=43 crashes=1 avg_out=184.4s avg_ret=186.8s avg_lap=383.2s best_lap=375.5
t=22732.0 TOTAL laps=344 crashes=5
t=22732.0 TUNER gen=5 results=29/64 pending=8 active=8 remaining=35 next_trial=358 rounds=[6,4,4,5,3,5,5,5]
t=22748.7 LAP_CAPTURE craft=Aircraft_9_nav_r5_346 route=5 return=266.6s lap=570.4s carrier_dist=200m t=22748.7
t=22762.1 ==== SUMMARY t=22762.1 ====
t=22762.1 route=1 laps=42 crashes=3 avg_out=156.7s avg_ret=174.8s avg_lap=343.2s best_lap=337.7
t=22762.1 route=2 laps=43 crashes=0 avg_out=214.4s avg_ret=248.7s avg_lap=475.0s best_lap=454.8
t=22762.1 route=3 laps=42 crashes=1 avg_out=243.3s avg_ret=269.9s avg_lap=525.1s best_lap=508.2
t=22762.1 route=4 laps=44 crashes=0 avg_out=199.7s avg_ret=169.3s avg_lap=381.0s best_lap=374.9
t=22762.2 route=5 laps=43 crashes=0 avg_out=292.9s avg_ret=257.9s avg_lap=562.8s best_lap=553.2
t=22762.2 route=6 laps=44 crashes=0 avg_out=179.7s avg_ret=158.6s avg_lap=350.2s best_lap=344.4
t=22762.2 route=7 laps=44 crashes=0 avg_out=198.1s avg_ret=157.8s avg_lap=367.9s best_lap=355.8
t=22762.2 route=8 laps=43 crashes=1 avg_out=184.4s avg_ret=186.8s avg_lap=383.2s best_lap=375.5
t=22762.2 TOTAL laps=345 crashes=5
t=22762.2 TUNER gen=5 results=30/64 pending=8 active=8 remaining=34 next_trial=359 rounds=[6,4,4,5,4,5,5,5]
t=22765.9 SPAWN craft=Aircraft_9_nav_r5_358 route=5 candidate=8 trial=358 t=22765.9
t=22792.1 ==== SUMMARY t=22792.1 ====
t=22792.1 route=1 laps=42 crashes=3 avg_out=156.7s avg_ret=174.8s avg_lap=343.2s best_lap=337.7
t=22792.1 route=2 laps=43 crashes=0 avg_out=214.4s avg_ret=248.7s avg_lap=475.0s best_lap=454.8
t=22792.1 route=3 laps=42 crashes=1 avg_out=243.3s avg_ret=269.9s avg_lap=525.1s best_lap=508.2
t=22792.1 route=4 laps=44 crashes=0 avg_out=199.7s avg_ret=169.3s avg_lap=381.0s best_lap=374.9
t=22792.1 route=5 laps=43 crashes=0 avg_out=292.9s avg_ret=257.9s avg_lap=562.8s best_lap=553.2
t=22792.1 route=6 laps=44 crashes=0 avg_out=179.7s avg_ret=158.6s avg_lap=350.2s best_lap=344.4
t=22792.1 route=7 laps=44 crashes=0 avg_out=198.1s avg_ret=157.8s avg_lap=367.9s best_lap=355.8
t=22792.2 route=8 laps=43 crashes=1 avg_out=184.4s avg_ret=186.8s avg_lap=383.2s best_lap=375.5
t=22792.2 TOTAL laps=345 crashes=5
t=22792.2 TUNER gen=5 results=30/64 pending=8 active=8 remaining=34 next_trial=359 rounds=[6,4,4,5,4,5,5,5]
t=22812.5 LZ_REACHED craft=Aircraft_9_nav_r4_354 route=4 outbound=197.4s t=22812.5
t=22822.1 ==== SUMMARY t=22822.1 ====
t=22822.2 route=1 laps=42 crashes=3 avg_out=156.7s avg_ret=174.8s avg_lap=343.2s best_lap=337.7
t=22822.2 route=2 laps=43 crashes=0 avg_out=214.4s avg_ret=248.7s avg_lap=475.0s best_lap=454.8
t=22822.2 route=3 laps=42 crashes=1 avg_out=243.3s avg_ret=269.9s avg_lap=525.1s best_lap=508.2
t=22822.2 route=4 laps=44 crashes=0 avg_out=199.6s avg_ret=169.3s avg_lap=381.0s best_lap=374.9
t=22822.2 route=5 laps=43 crashes=0 avg_out=292.9s avg_ret=257.9s avg_lap=562.8s best_lap=553.2
t=22822.2 route=6 laps=44 crashes=0 avg_out=179.7s avg_ret=158.6s avg_lap=350.2s best_lap=344.4
t=22822.2 route=7 laps=44 crashes=0 avg_out=198.1s avg_ret=157.8s avg_lap=367.9s best_lap=355.8
t=22822.2 route=8 laps=43 crashes=1 avg_out=184.4s avg_ret=186.8s avg_lap=383.2s best_lap=375.5
t=22822.2 TOTAL laps=345 crashes=5
t=22822.2 TUNER gen=5 results=30/64 pending=8 active=8 remaining=34 next_trial=359 rounds=[6,4,4,5,4,5,5,5]
t=22831.9 LZ_REACHED craft=Aircraft_9_nav_r7_355 route=7 outbound=196.7s t=22831.9
t=22834.7 LZ_REACHED craft=Aircraft_9_nav_r3_353 route=3 outbound=239.8s t=22834.7
t=22852.2 ==== SUMMARY t=22852.2 ====
t=22852.2 route=1 laps=42 crashes=3 avg_out=156.7s avg_ret=174.8s avg_lap=343.2s best_lap=337.7
t=22852.2 route=2 laps=43 crashes=0 avg_out=214.4s avg_ret=248.7s avg_lap=475.0s best_lap=454.8
t=22852.2 route=3 laps=42 crashes=1 avg_out=243.2s avg_ret=269.9s avg_lap=525.1s best_lap=508.2
t=22852.2 route=4 laps=44 crashes=0 avg_out=199.6s avg_ret=169.3s avg_lap=381.0s best_lap=374.9
t=22852.2 route=5 laps=43 crashes=0 avg_out=292.9s avg_ret=257.9s avg_lap=562.8s best_lap=553.2
t=22852.2 route=6 laps=44 crashes=0 avg_out=179.7s avg_ret=158.6s avg_lap=350.2s best_lap=344.4
t=22852.3 route=7 laps=44 crashes=0 avg_out=198.1s avg_ret=157.8s avg_lap=367.9s best_lap=355.8
t=22852.3 route=8 laps=43 crashes=1 avg_out=184.4s avg_ret=186.8s avg_lap=383.2s best_lap=375.5
t=22852.3 TOTAL laps=345 crashes=5
t=22852.3 TUNER gen=5 results=30/64 pending=8 active=8 remaining=34 next_trial=359 rounds=[6,4,4,5,4,5,5,5]
t=22875.1 LAP_CAPTURE craft=Aircraft_9_nav_r6_352 route=6 return=156.1s lap=350.3s carrier_dist=200m t=22875.1
t=22878.6 LZ_REACHED craft=Aircraft_9_nav_r8_356 route=8 outbound=183.2s t=22878.6
t=22882.2 ==== SUMMARY t=22882.2 ====
t=22882.2 route=1 laps=42 crashes=3 avg_out=156.7s avg_ret=174.8s avg_lap=343.2s best_lap=337.7
t=22882.2 route=2 laps=43 crashes=0 avg_out=214.4s avg_ret=248.7s avg_lap=475.0s best_lap=454.8
t=22882.2 route=3 laps=42 crashes=1 avg_out=243.2s avg_ret=269.9s avg_lap=525.1s best_lap=508.2
t=22882.2 route=4 laps=44 crashes=0 avg_out=199.6s avg_ret=169.3s avg_lap=381.0s best_lap=374.9
t=22882.2 route=5 laps=43 crashes=0 avg_out=292.9s avg_ret=257.9s avg_lap=562.8s best_lap=553.2
t=22882.3 route=6 laps=45 crashes=0 avg_out=179.7s avg_ret=158.5s avg_lap=350.2s best_lap=344.4
t=22882.3 route=7 laps=44 crashes=0 avg_out=198.1s avg_ret=157.8s avg_lap=367.9s best_lap=355.8
t=22882.3 route=8 laps=43 crashes=1 avg_out=184.4s avg_ret=186.8s avg_lap=383.2s best_lap=375.5
t=22882.3 TOTAL laps=346 crashes=5
t=22882.3 TUNER gen=5 results=31/64 pending=7 active=7 remaining=33 next_trial=359 rounds=[6,4,4,5,4,5,5,5]
t=22882.7 LZ_REACHED craft=Aircraft_9_nav_r1_357 route=1 outbound=152.0s t=22882.7
t=22882.8 LAP_CAPTURE craft=Aircraft_9_nav_r2_351 route=2 return=242.0s lap=468.5s carrier_dist=200m t=22882.8
t=22890.5 LAUNCH_BLOCKED reason=deck_busy active=7 stored=1 no_active_s=0.0 state=AIRCRAFT_ON_DECK tractor_cleanup=false elevator_transfer=false deck=Aircraft_9_nav_r6_359 pending=none clearance=none queue=0
t=22891.3 SPAWN craft=Aircraft_9_nav_r6_359 route=6 candidate=3 trial=359 t=22891.3
t=22911.4 SPAWN craft=Aircraft_9_nav_r2_360 route=2 candidate=6 trial=360 t=22911.4
t=22912.3 ==== SUMMARY t=22912.3 ====
t=22912.3 route=1 laps=42 crashes=3 avg_out=156.6s avg_ret=174.8s avg_lap=343.2s best_lap=337.7
t=22912.3 route=2 laps=44 crashes=0 avg_out=214.4s avg_ret=248.5s avg_lap=474.9s best_lap=454.8
t=22912.3 route=3 laps=42 crashes=1 avg_out=243.2s avg_ret=269.9s avg_lap=525.1s best_lap=508.2
t=22912.3 route=4 laps=44 crashes=0 avg_out=199.6s avg_ret=169.3s avg_lap=381.0s best_lap=374.9
t=22912.3 route=5 laps=43 crashes=0 avg_out=292.9s avg_ret=257.9s avg_lap=562.8s best_lap=553.2
t=22912.3 route=6 laps=45 crashes=0 avg_out=179.7s avg_ret=158.5s avg_lap=350.2s best_lap=344.4
t=22912.4 route=7 laps=44 crashes=0 avg_out=198.1s avg_ret=157.8s avg_lap=367.9s best_lap=355.8
t=22912.4 route=8 laps=43 crashes=1 avg_out=184.4s avg_ret=186.8s avg_lap=383.2s best_lap=375.5
t=22912.4 TOTAL laps=347 crashes=5
t=22912.4 TUNER gen=5 results=32/64 pending=8 active=8 remaining=32 next_trial=361 rounds=[6,5,4,5,4,6,5,5]
t=22942.3 ==== SUMMARY t=22942.3 ====
t=22942.3 route=1 laps=42 crashes=3 avg_out=156.6s avg_ret=174.8s avg_lap=343.2s best_lap=337.7
t=22942.3 route=2 laps=44 crashes=0 avg_out=214.4s avg_ret=248.5s avg_lap=474.9s best_lap=454.8
t=22942.3 route=3 laps=42 crashes=1 avg_out=243.2s avg_ret=269.9s avg_lap=525.1s best_lap=508.2
t=22942.3 route=4 laps=44 crashes=0 avg_out=199.6s avg_ret=169.3s avg_lap=381.0s best_lap=374.9
t=22942.3 route=5 laps=43 crashes=0 avg_out=292.9s avg_ret=257.9s avg_lap=562.8s best_lap=553.2
t=22942.4 route=6 laps=45 crashes=0 avg_out=179.7s avg_ret=158.5s avg_lap=350.2s best_lap=344.4
t=22942.4 route=7 laps=44 crashes=0 avg_out=198.1s avg_ret=157.8s avg_lap=367.9s best_lap=355.8
t=22942.4 route=8 laps=43 crashes=1 avg_out=184.4s avg_ret=186.8s avg_lap=383.2s best_lap=375.5
t=22942.4 TOTAL laps=347 crashes=5
t=22942.4 TUNER gen=5 results=32/64 pending=8 active=8 remaining=32 next_trial=361 rounds=[6,5,4,5,4,6,5,5]
t=22972.8 ==== SUMMARY t=22972.8 ====
t=22972.8 route=1 laps=42 crashes=3 avg_out=156.6s avg_ret=174.8s avg_lap=343.2s best_lap=337.7
t=22972.8 route=2 laps=44 crashes=0 avg_out=214.4s avg_ret=248.5s avg_lap=474.9s best_lap=454.8
t=22972.8 route=3 laps=42 crashes=1 avg_out=243.2s avg_ret=269.9s avg_lap=525.1s best_lap=508.2
t=22972.8 route=4 laps=44 crashes=0 avg_out=199.6s avg_ret=169.3s avg_lap=381.0s best_lap=374.9
t=22972.8 route=5 laps=43 crashes=0 avg_out=292.9s avg_ret=257.9s avg_lap=562.8s best_lap=553.2
t=22972.9 route=6 laps=45 crashes=0 avg_out=179.7s avg_ret=158.5s avg_lap=350.2s best_lap=344.4
t=22972.9 route=7 laps=44 crashes=0 avg_out=198.1s avg_ret=157.8s avg_lap=367.9s best_lap=355.8
t=22972.9 route=8 laps=43 crashes=1 avg_out=184.4s avg_ret=186.8s avg_lap=383.2s best_lap=375.5
t=22972.9 TOTAL laps=347 crashes=5
t=22972.9 TUNER gen=5 results=32/64 pending=8 active=8 remaining=32 next_trial=361 rounds=[6,5,4,5,4,6,5,5]
t=22993.4 LAP_CAPTURE craft=Aircraft_9_nav_r4_354 route=4 return=168.9s lap=378.3s carrier_dist=200m t=22993.4
t=23000.3 LAP_CAPTURE craft=Aircraft_9_nav_r7_355 route=7 return=156.3s lap=365.0s carrier_dist=200m t=23000.3
t=23002.9 ==== SUMMARY t=23002.9 ====
t=23002.9 route=1 laps=42 crashes=3 avg_out=156.6s avg_ret=174.8s avg_lap=343.2s best_lap=337.7
t=23002.9 route=2 laps=44 crashes=0 avg_out=214.4s avg_ret=248.5s avg_lap=474.9s best_lap=454.8
t=23002.9 route=3 laps=42 crashes=1 avg_out=243.2s avg_ret=269.9s avg_lap=525.1s best_lap=508.2
t=23002.9 route=4 laps=45 crashes=0 avg_out=199.6s avg_ret=169.3s avg_lap=381.0s best_lap=374.9
t=23003.0 route=5 laps=43 crashes=0 avg_out=292.9s avg_ret=257.9s avg_lap=562.8s best_lap=553.2
t=23003.0 route=6 laps=45 crashes=0 avg_out=179.7s avg_ret=158.5s avg_lap=350.2s best_lap=344.4
t=23003.0 route=7 laps=45 crashes=0 avg_out=198.1s avg_ret=157.8s avg_lap=367.9s best_lap=355.8
t=23003.0 route=8 laps=43 crashes=1 avg_out=184.4s avg_ret=186.8s avg_lap=383.2s best_lap=375.5
t=23003.0 TOTAL laps=349 crashes=5
t=23003.0 TUNER gen=5 results=34/64 pending=6 active=6 remaining=30 next_trial=361 rounds=[6,5,4,5,4,6,5,5]
t=23006.5 LAUNCH_BLOCKED reason=deck_busy active=7 stored=1 no_active_s=0.0 state=AIRCRAFT_ON_DECK tractor_cleanup=false elevator_transfer=true deck=Aircraft_9_nav_r4_361 pending=none clearance=none queue=0
t=23012.4 SPAWN craft=Aircraft_9_nav_r4_361 route=4 candidate=1 trial=361 t=23012.4
t=23032.4 SPAWN craft=Aircraft_9_nav_r7_362 route=7 candidate=4 trial=362 t=23032.4
t=23033.0 ==== SUMMARY t=23033.0 ====
t=23033.0 route=1 laps=42 crashes=3 avg_out=156.6s avg_ret=174.8s avg_lap=343.2s best_lap=337.7
t=23033.0 route=2 laps=44 crashes=0 avg_out=214.4s avg_ret=248.5s avg_lap=474.9s best_lap=454.8
t=23033.0 route=3 laps=42 crashes=1 avg_out=243.2s avg_ret=269.9s avg_lap=525.1s best_lap=508.2
t=23033.0 route=4 laps=45 crashes=0 avg_out=199.6s avg_ret=169.3s avg_lap=381.0s best_lap=374.9
t=23033.0 route=5 laps=43 crashes=0 avg_out=292.9s avg_ret=257.9s avg_lap=562.8s best_lap=553.2
t=23033.0 route=6 laps=45 crashes=0 avg_out=179.7s avg_ret=158.5s avg_lap=350.2s best_lap=344.4
t=23033.0 route=7 laps=45 crashes=0 avg_out=198.1s avg_ret=157.8s avg_lap=367.9s best_lap=355.8
t=23033.0 route=8 laps=43 crashes=1 avg_out=184.4s avg_ret=186.8s avg_lap=383.2s best_lap=375.5
t=23033.0 TOTAL laps=349 crashes=5
t=23033.0 TUNER gen=5 results=34/64 pending=8 active=8 remaining=30 next_trial=363 rounds=[6,5,4,6,4,6,6,5]
t=23052.7 LZ_REACHED craft=Aircraft_9_nav_r5_358 route=5 outbound=286.8s t=23052.7
t=23063.0 ==== SUMMARY t=23063.0 ====
t=23063.0 route=1 laps=42 crashes=3 avg_out=156.6s avg_ret=174.8s avg_lap=343.2s best_lap=337.7
t=23063.0 route=2 laps=44 crashes=0 avg_out=214.4s avg_ret=248.5s avg_lap=474.9s best_lap=454.8
t=23063.0 route=3 laps=42 crashes=1 avg_out=243.2s avg_ret=269.9s avg_lap=525.1s best_lap=508.2
t=23063.0 route=4 laps=45 crashes=0 avg_out=199.6s avg_ret=169.3s avg_lap=381.0s best_lap=374.9
t=23063.0 route=5 laps=43 crashes=0 avg_out=292.8s avg_ret=257.9s avg_lap=562.8s best_lap=553.2
t=23063.0 route=6 laps=45 crashes=0 avg_out=179.7s avg_ret=158.5s avg_lap=350.2s best_lap=344.4
t=23063.0 route=7 laps=45 crashes=0 avg_out=198.1s avg_ret=157.8s avg_lap=367.9s best_lap=355.8
t=23063.0 route=8 laps=43 crashes=1 avg_out=184.4s avg_ret=186.8s avg_lap=383.2s best_lap=375.5
t=23063.0 TOTAL laps=349 crashes=5
t=23063.0 TUNER gen=5 results=34/64 pending=8 active=8 remaining=30 next_trial=363 rounds=[6,5,4,6,4,6,6,5]
t=23067.7 LAP_CAPTURE craft=Aircraft_9_nav_r1_357 route=1 return=173.0s lap=337.1s carrier_dist=200m t=23067.7
t=23072.3 LZ_REACHED craft=Aircraft_9_nav_r6_359 route=6 outbound=181.1s t=23072.3
t=23076.8 LAUNCH_BLOCKED reason=landing_or_storage_busy active=7 stored=1 no_active_s=0.0 state=IDLE tractor_cleanup=false elevator_transfer=false deck=Aircraft_9_nav_r7_362 pending=none clearance=Aircraft_9_nav_r8_356 queue=0
t=23091.9 LAUNCH_BLOCKED reason=landing_or_storage_busy active=7 stored=1 no_active_s=0.0 state=IDLE tractor_cleanup=false elevator_transfer=false deck=Aircraft_9_nav_r7_362 pending=none clearance=Aircraft_9_nav_r8_356 queue=0
t=23093.1 ==== SUMMARY t=23093.1 ====
t=23093.1 route=1 laps=43 crashes=3 avg_out=156.6s avg_ret=174.8s avg_lap=343.1s best_lap=337.1
t=23093.1 route=2 laps=44 crashes=0 avg_out=214.4s avg_ret=248.5s avg_lap=474.9s best_lap=454.8
t=23093.1 route=3 laps=42 crashes=1 avg_out=243.2s avg_ret=269.9s avg_lap=525.1s best_lap=508.2
t=23093.1 route=4 laps=45 crashes=0 avg_out=199.6s avg_ret=169.3s avg_lap=381.0s best_lap=374.9
t=23093.1 route=5 laps=43 crashes=0 avg_out=292.8s avg_ret=257.9s avg_lap=562.8s best_lap=553.2
t=23093.1 route=6 laps=45 crashes=0 avg_out=179.7s avg_ret=158.5s avg_lap=350.2s best_lap=344.4
t=23093.1 route=7 laps=45 crashes=0 avg_out=198.1s avg_ret=157.8s avg_lap=367.9s best_lap=355.8
t=23093.1 route=8 laps=43 crashes=1 avg_out=184.4s avg_ret=186.8s avg_lap=383.2s best_lap=375.5
t=23093.1 TOTAL laps=350 crashes=5
t=23093.1 TUNER gen=5 results=35/64 pending=7 active=7 remaining=29 next_trial=363 rounds=[6,5,4,6,4,6,6,5]
t=23106.9 LAUNCH_BLOCKED reason=landing_or_storage_busy active=7 stored=1 no_active_s=0.0 state=IDLE tractor_cleanup=false elevator_transfer=false deck=Aircraft_9_nav_r7_362 pending=none clearance=Aircraft_9_nav_r8_356 queue=0
t=23113.6 LAP_CAPTURE craft=Aircraft_9_nav_r3_353 route=3 return=266.9s lap=518.7s carrier_dist=200m t=23113.6
t=23122.0 LAUNCH_BLOCKED reason=landing_or_storage_busy active=6 stored=2 no_active_s=0.0 state=IDLE tractor_cleanup=false elevator_transfer=false deck=Aircraft_9_nav_r7_362 pending=none clearance=Aircraft_9_nav_r8_356 queue=0
t=23123.1 ==== SUMMARY t=23123.1 ====
t=23123.1 route=1 laps=43 crashes=3 avg_out=156.6s avg_ret=174.8s avg_lap=343.1s best_lap=337.1
t=23123.1 route=2 laps=44 crashes=0 avg_out=214.4s avg_ret=248.5s avg_lap=474.9s best_lap=454.8
t=23123.1 route=3 laps=43 crashes=1 avg_out=243.2s avg_ret=269.8s avg_lap=524.9s best_lap=508.2
t=23123.1 route=4 laps=45 crashes=0 avg_out=199.6s avg_ret=169.3s avg_lap=381.0s best_lap=374.9
t=23123.1 route=5 laps=43 crashes=0 avg_out=292.8s avg_ret=257.9s avg_lap=562.8s best_lap=553.2
t=23123.1 route=6 laps=45 crashes=0 avg_out=179.7s avg_ret=158.5s avg_lap=350.2s best_lap=344.4
t=23123.1 route=7 laps=45 crashes=0 avg_out=198.1s avg_ret=157.8s avg_lap=367.9s best_lap=355.8
t=23123.1 route=8 laps=43 crashes=1 avg_out=184.4s avg_ret=186.8s avg_lap=383.2s best_lap=375.5
t=23123.1 TOTAL laps=351 crashes=5
t=23123.1 TUNER gen=5 results=36/64 pending=6 active=6 remaining=28 next_trial=363 rounds=[6,5,4,6,4,6,6,5]
t=23125.2 LZ_REACHED craft=Aircraft_9_nav_r2_360 route=2 outbound=213.7s t=23125.2
t=23137.0 LAUNCH_BLOCKED reason=landing_or_storage_busy active=6 stored=2 no_active_s=0.0 state=IDLE tractor_cleanup=false elevator_transfer=false deck=Aircraft_9_nav_r7_362 pending=none clearance=Aircraft_9_nav_r8_356 queue=0
t=23152.1 LAUNCH_BLOCKED reason=landing_or_storage_busy active=6 stored=2 no_active_s=0.0 state=IDLE tractor_cleanup=false elevator_transfer=false deck=Aircraft_9_nav_r7_362 pending=none clearance=Aircraft_9_nav_r8_356 queue=0
t=23153.1 ==== SUMMARY t=23153.1 ====
t=23153.1 route=1 laps=43 crashes=3 avg_out=156.6s avg_ret=174.8s avg_lap=343.1s best_lap=337.1
t=23153.1 route=2 laps=44 crashes=0 avg_out=214.4s avg_ret=248.5s avg_lap=474.9s best_lap=454.8
t=23153.1 route=3 laps=43 crashes=1 avg_out=243.2s avg_ret=269.8s avg_lap=524.9s best_lap=508.2
t=23153.1 route=4 laps=45 crashes=0 avg_out=199.6s avg_ret=169.3s avg_lap=381.0s best_lap=374.9
t=23153.1 route=5 laps=43 crashes=0 avg_out=292.8s avg_ret=257.9s avg_lap=562.8s best_lap=553.2
t=23153.1 route=6 laps=45 crashes=0 avg_out=179.7s avg_ret=158.5s avg_lap=350.2s best_lap=344.4
t=23153.1 route=7 laps=45 crashes=0 avg_out=198.1s avg_ret=157.8s avg_lap=367.9s best_lap=355.8
t=23153.1 route=8 laps=43 crashes=1 avg_out=184.4s avg_ret=186.8s avg_lap=383.2s best_lap=375.5
t=23153.1 TOTAL laps=351 crashes=5
t=23153.2 TUNER gen=5 results=36/64 pending=6 active=6 remaining=28 next_trial=363 rounds=[6,5,4,6,4,6,6,5]
t=23167.1 LAUNCH_BLOCKED reason=landing_or_storage_busy active=6 stored=2 no_active_s=0.0 state=IDLE tractor_cleanup=false elevator_transfer=false deck=Aircraft_9_nav_r7_362 pending=none clearance=Aircraft_9_nav_r8_356 queue=0
t=23182.2 LAUNCH_BLOCKED reason=landing_or_storage_busy active=6 stored=2 no_active_s=0.0 state=IDLE tractor_cleanup=false elevator_transfer=false deck=Aircraft_9_nav_r7_362 pending=none clearance=Aircraft_9_nav_r8_356 queue=0
t=23183.1 ==== SUMMARY t=23183.1 ====
t=23183.1 route=1 laps=43 crashes=3 avg_out=156.6s avg_ret=174.8s avg_lap=343.1s best_lap=337.1
t=23183.1 route=2 laps=44 crashes=0 avg_out=214.4s avg_ret=248.5s avg_lap=474.9s best_lap=454.8
t=23183.2 route=3 laps=43 crashes=1 avg_out=243.2s avg_ret=269.8s avg_lap=524.9s best_lap=508.2
t=23183.2 route=4 laps=45 crashes=0 avg_out=199.6s avg_ret=169.3s avg_lap=381.0s best_lap=374.9
t=23183.2 route=5 laps=43 crashes=0 avg_out=292.8s avg_ret=257.9s avg_lap=562.8s best_lap=553.2
t=23183.2 route=6 laps=45 crashes=0 avg_out=179.7s avg_ret=158.5s avg_lap=350.2s best_lap=344.4
t=23183.2 route=7 laps=45 crashes=0 avg_out=198.1s avg_ret=157.8s avg_lap=367.9s best_lap=355.8
t=23183.2 route=8 laps=43 crashes=1 avg_out=184.4s avg_ret=186.8s avg_lap=383.2s best_lap=375.5
t=23183.2 TOTAL laps=351 crashes=5
t=23183.2 TUNER gen=5 results=36/64 pending=6 active=6 remaining=28 next_trial=363 rounds=[6,5,4,6,4,6,6,5]
t=23197.2 LAUNCH_BLOCKED reason=landing_or_storage_busy active=6 stored=2 no_active_s=0.0 state=IDLE tractor_cleanup=false elevator_transfer=false deck=Aircraft_9_nav_r7_362 pending=none clearance=Aircraft_9_nav_r8_356 queue=0
t=23209.5 LZ_REACHED craft=Aircraft_9_nav_r4_361 route=4 outbound=197.1s t=23209.5
t=23212.3 LAUNCH_BLOCKED reason=landing_or_storage_busy active=6 stored=2 no_active_s=0.0 state=IDLE tractor_cleanup=false elevator_transfer=false deck=Aircraft_9_nav_r7_362 pending=none clearance=Aircraft_9_nav_r8_356 queue=0
t=23213.1 ==== SUMMARY t=23213.1 ====
t=23213.1 route=1 laps=43 crashes=3 avg_out=156.6s avg_ret=174.8s avg_lap=343.1s best_lap=337.1
t=23213.2 route=2 laps=44 crashes=0 avg_out=214.4s avg_ret=248.5s avg_lap=474.9s best_lap=454.8
t=23213.2 route=3 laps=43 crashes=1 avg_out=243.2s avg_ret=269.8s avg_lap=524.9s best_lap=508.2
t=23213.2 route=4 laps=45 crashes=0 avg_out=199.6s avg_ret=169.3s avg_lap=381.0s best_lap=374.9
t=23213.2 route=5 laps=43 crashes=0 avg_out=292.8s avg_ret=257.9s avg_lap=562.8s best_lap=553.2
t=23213.2 route=6 laps=45 crashes=0 avg_out=179.7s avg_ret=158.5s avg_lap=350.2s best_lap=344.4
t=23213.2 route=7 laps=45 crashes=0 avg_out=198.1s avg_ret=157.8s avg_lap=367.9s best_lap=355.8
t=23213.2 route=8 laps=43 crashes=1 avg_out=184.4s avg_ret=186.8s avg_lap=383.2s best_lap=375.5
t=23213.2 TOTAL laps=351 crashes=5
t=23213.2 TUNER gen=5 results=36/64 pending=6 active=6 remaining=28 next_trial=363 rounds=[6,5,4,6,4,6,6,5]
t=23227.3 LAUNCH_BLOCKED reason=landing_or_storage_busy active=6 stored=2 no_active_s=0.0 state=IDLE tractor_cleanup=false elevator_transfer=false deck=Aircraft_9_nav_r7_362 pending=none clearance=Aircraft_9_nav_r8_356 queue=0
t=23229.4 LZ_REACHED craft=Aircraft_9_nav_r7_362 route=7 outbound=197.0s t=23229.4
t=23239.4 LAP_CAPTURE craft=Aircraft_9_nav_r6_359 route=6 return=155.1s lap=348.2s carrier_dist=200m t=23239.4
t=23242.4 LAUNCH_BLOCKED reason=landing_or_storage_busy active=5 stored=2 no_active_s=0.0 state=IDLE tractor_cleanup=false elevator_transfer=false deck=Aircraft_9_nav_r7_362 pending=none clearance=Aircraft_9_nav_r8_356 queue=0
t=23243.2 ==== SUMMARY t=23243.2 ====
t=23243.2 route=1 laps=43 crashes=3 avg_out=156.6s avg_ret=174.8s avg_lap=343.1s best_lap=337.1
t=23243.2 route=2 laps=44 crashes=0 avg_out=214.4s avg_ret=248.5s avg_lap=474.9s best_lap=454.8
t=23243.2 route=3 laps=43 crashes=1 avg_out=243.2s avg_ret=269.8s avg_lap=524.9s best_lap=508.2
t=23243.2 route=4 laps=45 crashes=0 avg_out=199.6s avg_ret=169.3s avg_lap=381.0s best_lap=374.9
t=23243.2 route=5 laps=43 crashes=0 avg_out=292.8s avg_ret=257.9s avg_lap=562.8s best_lap=553.2
t=23243.2 route=6 laps=46 crashes=0 avg_out=179.7s avg_ret=158.4s avg_lap=350.2s best_lap=344.4
t=23243.2 route=7 laps=45 crashes=0 avg_out=198.0s avg_ret=157.8s avg_lap=367.9s best_lap=355.8
t=23243.2 route=8 laps=43 crashes=1 avg_out=184.4s avg_ret=186.8s avg_lap=383.2s best_lap=375.5
t=23243.2 TOTAL laps=352 crashes=5
t=23243.2 TUNER gen=5 results=37/64 pending=5 active=5 remaining=27 next_trial=363 rounds=[6,5,4,6,4,6,6,5]
t=23257.4 LAUNCH_BLOCKED reason=landing_or_storage_busy active=5 stored=3 no_active_s=0.0 state=IDLE tractor_cleanup=false elevator_transfer=false deck=Aircraft_9_nav_r7_362 pending=none clearance=Aircraft_9_nav_r8_356 queue=0
t=23272.5 LAUNCH_BLOCKED reason=landing_or_storage_busy active=5 stored=3 no_active_s=0.0 state=IDLE tractor_cleanup=false elevator_transfer=false deck=Aircraft_9_nav_r7_362 pending=none clearance=Aircraft_9_nav_r8_356 queue=0
t=23273.2 ==== SUMMARY t=23273.2 ====
t=23273.2 route=1 laps=43 crashes=3 avg_out=156.6s avg_ret=174.8s avg_lap=343.1s best_lap=337.1
t=23273.2 route=2 laps=44 crashes=0 avg_out=214.4s avg_ret=248.5s avg_lap=474.9s best_lap=454.8
t=23273.2 route=3 laps=43 crashes=1 avg_out=243.2s avg_ret=269.8s avg_lap=524.9s best_lap=508.2
t=23273.2 route=4 laps=45 crashes=0 avg_out=199.6s avg_ret=169.3s avg_lap=381.0s best_lap=374.9
t=23273.2 route=5 laps=43 crashes=0 avg_out=292.8s avg_ret=257.9s avg_lap=562.8s best_lap=553.2
t=23273.2 route=6 laps=46 crashes=0 avg_out=179.7s avg_ret=158.4s avg_lap=350.2s best_lap=344.4
t=23273.2 route=7 laps=45 crashes=0 avg_out=198.0s avg_ret=157.8s avg_lap=367.9s best_lap=355.8
t=23273.2 route=8 laps=43 crashes=1 avg_out=184.4s avg_ret=186.8s avg_lap=383.2s best_lap=375.5
t=23273.2 TOTAL laps=352 crashes=5
t=23273.2 TUNER gen=5 results=37/64 pending=5 active=5 remaining=27 next_trial=363 rounds=[6,5,4,6,4,6,6,5]
t=23287.5 LAUNCH_BLOCKED reason=landing_or_storage_busy active=5 stored=3 no_active_s=0.0 state=IDLE tractor_cleanup=false elevator_transfer=false deck=Aircraft_9_nav_r7_362 pending=none clearance=Aircraft_9_nav_r8_356 queue=0
t=23302.6 LAUNCH_BLOCKED reason=landing_or_storage_busy active=5 stored=3 no_active_s=0.0 state=IDLE tractor_cleanup=false elevator_transfer=false deck=Aircraft_9_nav_r7_362 pending=none clearance=Aircraft_9_nav_r8_356 queue=0
t=23303.2 ==== SUMMARY t=23303.2 ====
t=23303.2 route=1 laps=43 crashes=3 avg_out=156.6s avg_ret=174.8s avg_lap=343.1s best_lap=337.1
t=23303.2 route=2 laps=44 crashes=0 avg_out=214.4s avg_ret=248.5s avg_lap=474.9s best_lap=454.8
t=23303.2 route=3 laps=43 crashes=1 avg_out=243.2s avg_ret=269.8s avg_lap=524.9s best_lap=508.2
t=23303.2 route=4 laps=45 crashes=0 avg_out=199.6s avg_ret=169.3s avg_lap=381.0s best_lap=374.9
t=23303.2 route=5 laps=43 crashes=0 avg_out=292.8s avg_ret=257.9s avg_lap=562.8s best_lap=553.2
t=23303.2 route=6 laps=46 crashes=0 avg_out=179.7s avg_ret=158.4s avg_lap=350.2s best_lap=344.4
t=23303.2 route=7 laps=45 crashes=0 avg_out=198.0s avg_ret=157.8s avg_lap=367.9s best_lap=355.8
t=23303.2 route=8 laps=43 crashes=1 avg_out=184.4s avg_ret=186.8s avg_lap=383.2s best_lap=375.5
t=23303.2 TOTAL laps=352 crashes=5
t=23303.2 TUNER gen=5 results=37/64 pending=5 active=5 remaining=27 next_trial=363 rounds=[6,5,4,6,4,6,6,5]
t=23317.6 LAUNCH_BLOCKED reason=landing_or_storage_busy active=5 stored=3 no_active_s=0.0 state=IDLE tractor_cleanup=false elevator_transfer=false deck=Aircraft_9_nav_r7_362 pending=none clearance=Aircraft_9_nav_r8_356 queue=0
t=23320.5 LAP_CAPTURE craft=Aircraft_9_nav_r5_358 route=5 return=255.8s lap=554.6s carrier_dist=200m t=23320.5
t=23332.7 LAUNCH_BLOCKED reason=landing_or_storage_busy active=4 stored=4 no_active_s=0.0 state=IDLE tractor_cleanup=false elevator_transfer=false deck=Aircraft_9_nav_r7_362 pending=none clearance=Aircraft_9_nav_r8_356 queue=0
t=23333.2 ==== SUMMARY t=23333.2 ====
t=23333.2 route=1 laps=43 crashes=3 avg_out=156.6s avg_ret=174.8s avg_lap=343.1s best_lap=337.1
t=23333.2 route=2 laps=44 crashes=0 avg_out=214.4s avg_ret=248.5s avg_lap=474.9s best_lap=454.8
t=23333.2 route=3 laps=43 crashes=1 avg_out=243.2s avg_ret=269.8s avg_lap=524.9s best_lap=508.2
t=23333.2 route=4 laps=45 crashes=0 avg_out=199.6s avg_ret=169.3s avg_lap=381.0s best_lap=374.9
t=23333.2 route=5 laps=44 crashes=0 avg_out=292.8s avg_ret=257.9s avg_lap=562.6s best_lap=553.2
t=23333.2 route=6 laps=46 crashes=0 avg_out=179.7s avg_ret=158.4s avg_lap=350.2s best_lap=344.4
t=23333.2 route=7 laps=45 crashes=0 avg_out=198.0s avg_ret=157.8s avg_lap=367.9s best_lap=355.8
t=23333.3 route=8 laps=43 crashes=1 avg_out=184.4s avg_ret=186.8s avg_lap=383.2s best_lap=375.5
t=23333.3 TOTAL laps=353 crashes=5
t=23333.3 TUNER gen=5 results=38/64 pending=4 active=4 remaining=26 next_trial=363 rounds=[6,5,4,6,4,6,6,5]
t=23347.7 LAUNCH_BLOCKED reason=landing_or_storage_busy active=4 stored=4 no_active_s=0.0 state=IDLE tractor_cleanup=false elevator_transfer=false deck=Aircraft_9_nav_r7_362 pending=none clearance=Aircraft_9_nav_r8_356 queue=0
t=23362.8 LAUNCH_BLOCKED reason=landing_or_storage_busy active=4 stored=4 no_active_s=0.0 state=IDLE tractor_cleanup=false elevator_transfer=false deck=Aircraft_9_nav_r7_362 pending=none clearance=Aircraft_9_nav_r8_356 queue=0
t=23363.2 ==== SUMMARY t=23363.2 ====
t=23363.2 route=1 laps=43 crashes=3 avg_out=156.6s avg_ret=174.8s avg_lap=343.1s best_lap=337.1
t=23363.2 route=2 laps=44 crashes=0 avg_out=214.4s avg_ret=248.5s avg_lap=474.9s best_lap=454.8
t=23363.3 route=3 laps=43 crashes=1 avg_out=243.2s avg_ret=269.8s avg_lap=524.9s best_lap=508.2
t=23363.3 route=4 laps=45 crashes=0 avg_out=199.6s avg_ret=169.3s avg_lap=381.0s best_lap=374.9
t=23363.3 route=5 laps=44 crashes=0 avg_out=292.8s avg_ret=257.9s avg_lap=562.6s best_lap=553.2
t=23363.3 route=6 laps=46 crashes=0 avg_out=179.7s avg_ret=158.4s avg_lap=350.2s best_lap=344.4
t=23363.3 route=7 laps=45 crashes=0 avg_out=198.0s avg_ret=157.8s avg_lap=367.9s best_lap=355.8
t=23363.3 route=8 laps=43 crashes=1 avg_out=184.4s avg_ret=186.8s avg_lap=383.2s best_lap=375.5
t=23363.3 TOTAL laps=353 crashes=5
t=23363.3 TUNER gen=5 results=38/64 pending=4 active=4 remaining=26 next_trial=363 rounds=[6,5,4,6,4,6,6,5]
t=23376.3 LAP_CAPTURE craft=Aircraft_9_nav_r2_360 route=2 return=239.1s lap=464.9s carrier_dist=200m t=23376.3
t=23377.8 LAUNCH_BLOCKED reason=landing_or_storage_busy active=3 stored=4 no_active_s=0.0 state=IDLE tractor_cleanup=false elevator_transfer=false deck=Aircraft_9_nav_r7_362 pending=none clearance=Aircraft_9_nav_r8_356 queue=1
t=23389.4 LAP_CAPTURE craft=Aircraft_9_nav_r4_361 route=4 return=167.9s lap=377.0s carrier_dist=200m t=23389.4
t=23392.9 LAUNCH_BLOCKED reason=landing_or_storage_busy active=2 stored=5 no_active_s=0.0 state=IDLE tractor_cleanup=false elevator_transfer=false deck=Aircraft_9_nav_r7_362 pending=none clearance=Aircraft_9_nav_r8_356 queue=1
t=23393.2 ==== SUMMARY t=23393.2 ====
t=23393.2 route=1 laps=43 crashes=3 avg_out=156.6s avg_ret=174.8s avg_lap=343.1s best_lap=337.1
t=23393.2 route=2 laps=45 crashes=0 avg_out=214.4s avg_ret=248.3s avg_lap=474.7s best_lap=454.8
t=23393.3 route=3 laps=43 crashes=1 avg_out=243.2s avg_ret=269.8s avg_lap=524.9s best_lap=508.2
t=23393.3 route=4 laps=46 crashes=0 avg_out=199.6s avg_ret=169.3s avg_lap=380.9s best_lap=374.9
t=23393.3 route=5 laps=44 crashes=0 avg_out=292.8s avg_ret=257.9s avg_lap=562.6s best_lap=553.2
t=23393.3 route=6 laps=46 crashes=0 avg_out=179.7s avg_ret=158.4s avg_lap=350.2s best_lap=344.4
t=23393.3 route=7 laps=45 crashes=0 avg_out=198.0s avg_ret=157.8s avg_lap=367.9s best_lap=355.8
t=23393.3 route=8 laps=43 crashes=1 avg_out=184.4s avg_ret=186.8s avg_lap=383.2s best_lap=375.5
t=23393.3 TOTAL laps=355 crashes=5
t=23393.3 TUNER gen=5 results=40/64 pending=2 active=2 remaining=24 next_trial=363 rounds=[6,5,4,6,4,6,6,5]
t=23393.9 LAP_CAPTURE craft=Aircraft_9_nav_r7_362 route=7 return=152.6s lap=361.6s carrier_dist=200m t=23393.9
t=23407.9 LAUNCH_BLOCKED reason=landing_or_storage_busy active=1 stored=7 no_active_s=0.0 state=IDLE tractor_cleanup=false elevator_transfer=false deck=none pending=none clearance=Aircraft_9_nav_r8_356 queue=1
t=23423.0 LAUNCH_BLOCKED reason=landing_or_storage_busy active=1 stored=7 no_active_s=0.0 state=IDLE tractor_cleanup=false elevator_transfer=false deck=none pending=none clearance=Aircraft_9_nav_r8_356 queue=1
t=23423.3 ==== SUMMARY t=23423.3 ====
t=23423.3 route=1 laps=43 crashes=3 avg_out=156.6s avg_ret=174.8s avg_lap=343.1s best_lap=337.1
t=23423.3 route=2 laps=45 crashes=0 avg_out=214.4s avg_ret=248.3s avg_lap=474.7s best_lap=454.8
t=23423.3 route=3 laps=43 crashes=1 avg_out=243.2s avg_ret=269.8s avg_lap=524.9s best_lap=508.2
t=23423.3 route=4 laps=46 crashes=0 avg_out=199.6s avg_ret=169.3s avg_lap=380.9s best_lap=374.9
t=23423.3 route=5 laps=44 crashes=0 avg_out=292.8s avg_ret=257.9s avg_lap=562.6s best_lap=553.2
t=23423.3 route=6 laps=46 crashes=0 avg_out=179.7s avg_ret=158.4s avg_lap=350.2s best_lap=344.4
t=23423.3 route=7 laps=46 crashes=0 avg_out=198.0s avg_ret=157.7s avg_lap=367.7s best_lap=355.8
t=23423.3 route=8 laps=43 crashes=1 avg_out=184.4s avg_ret=186.8s avg_lap=383.2s best_lap=375.5
t=23423.3 TOTAL laps=356 crashes=5
t=23423.3 TUNER gen=5 results=41/64 pending=1 active=1 remaining=23 next_trial=363 rounds=[6,5,4,6,4,6,6,5]
t=23438.0 LAUNCH_BLOCKED reason=landing_or_storage_busy active=1 stored=7 no_active_s=0.0 state=IDLE tractor_cleanup=false elevator_transfer=false deck=none pending=none clearance=Aircraft_9_nav_r8_356 queue=1
t=23453.1 LAUNCH_BLOCKED reason=landing_or_storage_busy active=1 stored=7 no_active_s=0.0 state=IDLE tractor_cleanup=false elevator_transfer=false deck=none pending=none clearance=Aircraft_9_nav_r8_356 queue=1
t=23453.3 ==== SUMMARY t=23453.3 ====
t=23453.3 route=1 laps=43 crashes=3 avg_out=156.6s avg_ret=174.8s avg_lap=343.1s best_lap=337.1
t=23453.3 route=2 laps=45 crashes=0 avg_out=214.4s avg_ret=248.3s avg_lap=474.7s best_lap=454.8
t=23453.3 route=3 laps=43 crashes=1 avg_out=243.2s avg_ret=269.8s avg_lap=524.9s best_lap=508.2
t=23453.3 route=4 laps=46 crashes=0 avg_out=199.6s avg_ret=169.3s avg_lap=380.9s best_lap=374.9
t=23453.3 route=5 laps=44 crashes=0 avg_out=292.8s avg_ret=257.9s avg_lap=562.6s best_lap=553.2
t=23453.3 route=6 laps=46 crashes=0 avg_out=179.7s avg_ret=158.4s avg_lap=350.2s best_lap=344.4
t=23453.3 route=7 laps=46 crashes=0 avg_out=198.0s avg_ret=157.7s avg_lap=367.7s best_lap=355.8
t=23453.3 route=8 laps=43 crashes=1 avg_out=184.4s avg_ret=186.8s avg_lap=383.2s best_lap=375.5
t=23453.3 TOTAL laps=356 crashes=5
t=23453.3 TUNER gen=5 results=41/64 pending=1 active=1 remaining=23 next_trial=363 rounds=[6,5,4,6,4,6,6,5]
t=23468.1 LAUNCH_BLOCKED reason=landing_or_storage_busy active=1 stored=7 no_active_s=0.0 state=IDLE tractor_cleanup=false elevator_transfer=false deck=none pending=none clearance=Aircraft_9_nav_r8_356 queue=1
t=23483.2 LAUNCH_BLOCKED reason=landing_or_storage_busy active=1 stored=7 no_active_s=0.0 state=IDLE tractor_cleanup=false elevator_transfer=false deck=none pending=none clearance=Aircraft_9_nav_r8_356 queue=1
t=23483.3 ==== SUMMARY t=23483.3 ====
t=23483.3 route=1 laps=43 crashes=3 avg_out=156.6s avg_ret=174.8s avg_lap=343.1s best_lap=337.1
t=23483.3 route=2 laps=45 crashes=0 avg_out=214.4s avg_ret=248.3s avg_lap=474.7s best_lap=454.8
t=23483.3 route=3 laps=43 crashes=1 avg_out=243.2s avg_ret=269.8s avg_lap=524.9s best_lap=508.2
t=23483.3 route=4 laps=46 crashes=0 avg_out=199.6s avg_ret=169.3s avg_lap=380.9s best_lap=374.9
t=23483.3 route=5 laps=44 crashes=0 avg_out=292.8s avg_ret=257.9s avg_lap=562.6s best_lap=553.2
t=23483.3 route=6 laps=46 crashes=0 avg_out=179.7s avg_ret=158.4s avg_lap=350.2s best_lap=344.4
t=23483.3 route=7 laps=46 crashes=0 avg_out=198.0s avg_ret=157.7s avg_lap=367.7s best_lap=355.8
t=23483.3 route=8 laps=43 crashes=1 avg_out=184.4s avg_ret=186.8s avg_lap=383.2s best_lap=375.5
t=23483.3 TOTAL laps=356 crashes=5
t=23483.3 TUNER gen=5 results=41/64 pending=1 active=1 remaining=23 next_trial=363 rounds=[6,5,4,6,4,6,6,5]
t=23498.2 LAUNCH_BLOCKED reason=landing_or_storage_busy active=1 stored=7 no_active_s=0.0 state=IDLE tractor_cleanup=false elevator_transfer=false deck=none pending=none clearance=Aircraft_9_nav_r8_356 queue=1
t=23513.3 LAUNCH_BLOCKED reason=landing_or_storage_busy active=1 stored=7 no_active_s=0.0 state=IDLE tractor_cleanup=false elevator_transfer=false deck=none pending=none clearance=Aircraft_9_nav_r8_356 queue=1
t=23513.3 ==== SUMMARY t=23513.3 ====
t=23513.3 route=1 laps=43 crashes=3 avg_out=156.6s avg_ret=174.8s avg_lap=343.1s best_lap=337.1
t=23513.3 route=2 laps=45 crashes=0 avg_out=214.4s avg_ret=248.3s avg_lap=474.7s best_lap=454.8
t=23513.3 route=3 laps=43 crashes=1 avg_out=243.2s avg_ret=269.8s avg_lap=524.9s best_lap=508.2
t=23513.3 route=4 laps=46 crashes=0 avg_out=199.6s avg_ret=169.3s avg_lap=380.9s best_lap=374.9
t=23513.3 route=5 laps=44 crashes=0 avg_out=292.8s avg_ret=257.9s avg_lap=562.6s best_lap=553.2
t=23513.3 route=6 laps=46 crashes=0 avg_out=179.7s avg_ret=158.4s avg_lap=350.2s best_lap=344.4
t=23513.4 route=7 laps=46 crashes=0 avg_out=198.0s avg_ret=157.7s avg_lap=367.7s best_lap=355.8
t=23513.4 route=8 laps=43 crashes=1 avg_out=184.4s avg_ret=186.8s avg_lap=383.2s best_lap=375.5
t=23513.4 TOTAL laps=356 crashes=5
t=23513.4 TUNER gen=5 results=41/64 pending=1 active=1 remaining=23 next_trial=363 rounds=[6,5,4,6,4,6,6,5]
t=23528.3 LAUNCH_BLOCKED reason=landing_or_storage_busy active=1 stored=7 no_active_s=0.0 state=IDLE tractor_cleanup=false elevator_transfer=false deck=none pending=none clearance=Aircraft_9_nav_r8_356 queue=1
t=23543.3 ==== SUMMARY t=23543.3 ====
t=23543.3 route=1 laps=43 crashes=3 avg_out=156.6s avg_ret=174.8s avg_lap=343.1s best_lap=337.1
t=23543.3 route=2 laps=45 crashes=0 avg_out=214.4s avg_ret=248.3s avg_lap=474.7s best_lap=454.8
t=23543.3 route=3 laps=43 crashes=1 avg_out=243.2s avg_ret=269.8s avg_lap=524.9s best_lap=508.2
t=23543.3 route=4 laps=46 crashes=0 avg_out=199.6s avg_ret=169.3s avg_lap=380.9s best_lap=374.9
t=23543.3 route=5 laps=44 crashes=0 avg_out=292.8s avg_ret=257.9s avg_lap=562.6s best_lap=553.2
t=23543.3 route=6 laps=46 crashes=0 avg_out=179.7s avg_ret=158.4s avg_lap=350.2s best_lap=344.4
t=23543.3 route=7 laps=46 crashes=0 avg_out=198.0s avg_ret=157.7s avg_lap=367.7s best_lap=355.8
t=23543.4 route=8 laps=43 crashes=1 avg_out=184.4s avg_ret=186.8s avg_lap=383.2s best_lap=375.5
t=23543.4 TOTAL laps=356 crashes=5
t=23543.4 TUNER gen=5 results=41/64 pending=1 active=1 remaining=23 next_trial=363 rounds=[6,5,4,6,4,6,6,5]
t=23543.4 LAUNCH_BLOCKED reason=landing_or_storage_busy active=1 stored=7 no_active_s=0.0 state=IDLE tractor_cleanup=false elevator_transfer=false deck=none pending=none clearance=Aircraft_9_nav_r8_356 queue=1
t=23558.4 LAUNCH_BLOCKED reason=landing_or_storage_busy active=1 stored=7 no_active_s=0.0 state=IDLE tractor_cleanup=false elevator_transfer=false deck=none pending=none clearance=Aircraft_9_nav_r8_356 queue=1
t=23573.3 ==== SUMMARY t=23573.3 ====
t=23573.4 route=1 laps=43 crashes=3 avg_out=156.6s avg_ret=174.8s avg_lap=343.1s best_lap=337.1
t=23573.4 route=2 laps=45 crashes=0 avg_out=214.4s avg_ret=248.3s avg_lap=474.7s best_lap=454.8
t=23573.4 route=3 laps=43 crashes=1 avg_out=243.2s avg_ret=269.8s avg_lap=524.9s best_lap=508.2
t=23573.4 route=4 laps=46 crashes=0 avg_out=199.6s avg_ret=169.3s avg_lap=380.9s best_lap=374.9
t=23573.4 route=5 laps=44 crashes=0 avg_out=292.8s avg_ret=257.9s avg_lap=562.6s best_lap=553.2
t=23573.4 route=6 laps=46 crashes=0 avg_out=179.7s avg_ret=158.4s avg_lap=350.2s best_lap=344.4
t=23573.4 route=7 laps=46 crashes=0 avg_out=198.0s avg_ret=157.7s avg_lap=367.7s best_lap=355.8
t=23573.4 route=8 laps=43 crashes=1 avg_out=184.4s avg_ret=186.8s avg_lap=383.2s best_lap=375.5
t=23573.4 TOTAL laps=356 crashes=5
t=23573.4 TUNER gen=5 results=41/64 pending=1 active=1 remaining=23 next_trial=363 rounds=[6,5,4,6,4,6,6,5]
t=23573.5 LAUNCH_BLOCKED reason=landing_or_storage_busy active=1 stored=7 no_active_s=0.0 state=IDLE tractor_cleanup=false elevator_transfer=false deck=none pending=none clearance=Aircraft_9_nav_r8_356 queue=1
t=23587.5 TUNING_TIMEOUT craft=Aircraft_9_nav_r8_356 route=8 trial=356
t=23587.5 IDLE_TUNER_WAIT gen=5 results=42/64 remaining=22 active_nav=0 stored=7 state=IDLE next_trial=363
t=23587.5 CRASH craft=Aircraft_9_nav_r8_356 route=8 phase=2 t=23587.5
t=23588.5 LAUNCH_BLOCKED reason=waiting_no_active_grace active=0 stored=7 no_active_s=0.0 state=IDLE tractor_cleanup=false elevator_transfer=false deck=none pending=none clearance=none queue=0
t=23603.4 ==== SUMMARY t=23603.4 ====
t=23603.4 route=1 laps=43 crashes=3 avg_out=156.6s avg_ret=174.8s avg_lap=343.1s best_lap=337.1
t=23603.4 route=2 laps=45 crashes=0 avg_out=214.4s avg_ret=248.3s avg_lap=474.7s best_lap=454.8
t=23603.4 route=3 laps=43 crashes=1 avg_out=243.2s avg_ret=269.8s avg_lap=524.9s best_lap=508.2
t=23603.4 route=4 laps=46 crashes=0 avg_out=199.6s avg_ret=169.3s avg_lap=380.9s best_lap=374.9
t=23603.4 route=5 laps=44 crashes=0 avg_out=292.8s avg_ret=257.9s avg_lap=562.6s best_lap=553.2
t=23603.4 route=6 laps=46 crashes=0 avg_out=179.7s avg_ret=158.4s avg_lap=350.2s best_lap=344.4
t=23603.4 route=7 laps=46 crashes=0 avg_out=198.0s avg_ret=157.7s avg_lap=367.7s best_lap=355.8
t=23603.4 route=8 laps=43 crashes=2 avg_out=184.4s avg_ret=186.8s avg_lap=383.2s best_lap=375.5
t=23603.4 TOTAL laps=356 crashes=6
t=23603.4 TUNER gen=5 results=42/64 pending=1 active=1 remaining=22 next_trial=364 rounds=[7,5,4,6,4,6,6,5]
t=23603.6 LAUNCH_BLOCKED reason=deck_busy active=1 stored=7 no_active_s=0.0 state=AIRCRAFT_ON_DECK tractor_cleanup=false elevator_transfer=false deck=Aircraft_9_nav_r1_363 pending=none clearance=none queue=0
t=23604.3 SPAWN craft=Aircraft_9_nav_r1_363 route=1 candidate=7 trial=363 t=23604.3
t=23618.6 LAUNCH_BLOCKED reason=deck_busy active=2 stored=6 no_active_s=0.0 state=AIRCRAFT_ON_DECK tractor_cleanup=false elevator_transfer=true deck=Aircraft_9_nav_r3_364 pending=none clearance=none queue=0
t=23624.5 SPAWN craft=Aircraft_9_nav_r3_364 route=3 candidate=7 trial=364 t=23624.5
t=23633.4 ==== SUMMARY t=23633.4 ====
t=23633.4 route=1 laps=43 crashes=3 avg_out=156.6s avg_ret=174.8s avg_lap=343.1s best_lap=337.1
t=23633.4 route=2 laps=45 crashes=0 avg_out=214.4s avg_ret=248.3s avg_lap=474.7s best_lap=454.8
t=23633.4 route=3 laps=43 crashes=1 avg_out=243.2s avg_ret=269.8s avg_lap=524.9s best_lap=508.2
t=23633.4 route=4 laps=46 crashes=0 avg_out=199.6s avg_ret=169.3s avg_lap=380.9s best_lap=374.9
t=23633.4 route=5 laps=44 crashes=0 avg_out=292.8s avg_ret=257.9s avg_lap=562.6s best_lap=553.2
t=23633.4 route=6 laps=46 crashes=0 avg_out=179.7s avg_ret=158.4s avg_lap=350.2s best_lap=344.4
t=23633.4 route=7 laps=46 crashes=0 avg_out=198.0s avg_ret=157.7s avg_lap=367.7s best_lap=355.8
t=23633.4 route=8 laps=43 crashes=2 avg_out=184.4s avg_ret=186.8s avg_lap=383.2s best_lap=375.5
t=23633.4 TOTAL laps=356 crashes=6
t=23633.4 TUNER gen=5 results=42/64 pending=2 active=2 remaining=22 next_trial=365 rounds=[7,5,5,6,4,6,6,5]
t=23633.7 LAUNCH_BLOCKED reason=deck_busy active=3 stored=5 no_active_s=0.0 state=RETRIEVING_FROM_HANGAR tractor_cleanup=false elevator_transfer=false deck=Aircraft_9_nav_r6_365 pending=none clearance=none queue=0
t=23644.6 SPAWN craft=Aircraft_9_nav_r6_365 route=6 candidate=4 trial=365 t=23644.6
t=23648.7 LAUNCH_BLOCKED reason=cleared_unready_nav_deck_aircraft active=3 stored=5 no_active_s=0.0 state=IDLE tractor_cleanup=false elevator_transfer=false deck=Aircraft_9_nav_r6_365 pending=none clearance=none queue=0
t=23663.4 ==== SUMMARY t=23663.4 ====
t=23663.4 route=1 laps=43 crashes=3 avg_out=156.6s avg_ret=174.8s avg_lap=343.1s best_lap=337.1
t=23663.4 route=2 laps=45 crashes=0 avg_out=214.4s avg_ret=248.3s avg_lap=474.7s best_lap=454.8
t=23663.4 route=3 laps=43 crashes=1 avg_out=243.2s avg_ret=269.8s avg_lap=524.9s best_lap=508.2
t=23663.5 route=4 laps=46 crashes=0 avg_out=199.6s avg_ret=169.3s avg_lap=380.9s best_lap=374.9
t=23663.5 route=5 laps=44 crashes=0 avg_out=292.8s avg_ret=257.9s avg_lap=562.6s best_lap=553.2
t=23663.5 route=6 laps=46 crashes=0 avg_out=179.7s avg_ret=158.4s avg_lap=350.2s best_lap=344.4
t=23663.5 route=7 laps=46 crashes=0 avg_out=198.0s avg_ret=157.7s avg_lap=367.7s best_lap=355.8
t=23663.5 route=8 laps=43 crashes=2 avg_out=184.4s avg_ret=186.8s avg_lap=383.2s best_lap=375.5
t=23663.5 TOTAL laps=356 crashes=6
t=23663.5 TUNER gen=5 results=42/64 pending=4 active=4 remaining=22 next_trial=367 rounds=[7,5,5,6,5,7,6,5]
t=23663.8 LAUNCH_BLOCKED reason=deck_busy active=4 stored=4 no_active_s=0.0 state=AIRCRAFT_ON_DECK tractor_cleanup=false elevator_transfer=false deck=Aircraft_9_nav_r5_366 pending=none clearance=none queue=0
t=23664.6 SPAWN craft=Aircraft_9_nav_r5_366 route=5 candidate=1 trial=366 t=23664.6
t=23678.9 LAUNCH_BLOCKED reason=deck_busy active=5 stored=3 no_active_s=0.0 state=AIRCRAFT_ON_DECK tractor_cleanup=false elevator_transfer=true deck=Aircraft_9_nav_r2_367 pending=none clearance=none queue=0
t=23684.8 SPAWN craft=Aircraft_9_nav_r2_367 route=2 candidate=7 trial=367 t=23684.8
t=23693.5 ==== SUMMARY t=23693.5 ====
t=23693.5 route=1 laps=43 crashes=3 avg_out=156.6s avg_ret=174.8s avg_lap=343.1s best_lap=337.1
t=23693.5 route=2 laps=45 crashes=0 avg_out=214.4s avg_ret=248.3s avg_lap=474.7s best_lap=454.8
t=23693.5 route=3 laps=43 crashes=1 avg_out=243.2s avg_ret=269.8s avg_lap=524.9s best_lap=508.2
t=23693.5 route=4 laps=46 crashes=0 avg_out=199.6s avg_ret=169.3s avg_lap=380.9s best_lap=374.9
t=23693.5 route=5 laps=44 crashes=0 avg_out=292.8s avg_ret=257.9s avg_lap=562.6s best_lap=553.2
t=23693.5 route=6 laps=46 crashes=0 avg_out=179.7s avg_ret=158.4s avg_lap=350.2s best_lap=344.4
t=23693.5 route=7 laps=46 crashes=0 avg_out=198.0s avg_ret=157.7s avg_lap=367.7s best_lap=355.8
t=23693.5 route=8 laps=43 crashes=2 avg_out=184.4s avg_ret=186.8s avg_lap=383.2s best_lap=375.5
t=23693.5 TOTAL laps=356 crashes=6
t=23693.5 TUNER gen=5 results=42/64 pending=5 active=5 remaining=22 next_trial=368 rounds=[7,6,5,6,5,7,6,5]
t=23693.9 LAUNCH_BLOCKED reason=deck_busy active=6 stored=2 no_active_s=0.0 state=RETRIEVING_FROM_HANGAR tractor_cleanup=false elevator_transfer=false deck=Aircraft_9_nav_r4_368 pending=none clearance=none queue=0
t=23704.7 SPAWN craft=Aircraft_9_nav_r4_368 route=4 candidate=2 trial=368 t=23704.7
t=23709.0 LAUNCH_BLOCKED reason=cleared_unready_nav_deck_aircraft active=6 stored=2 no_active_s=0.0 state=IDLE tractor_cleanup=false elevator_transfer=false deck=Aircraft_9_nav_r4_368 pending=none clearance=none queue=0
t=23723.5 ==== SUMMARY t=23723.5 ====
t=23723.6 route=1 laps=43 crashes=3 avg_out=156.6s avg_ret=174.8s avg_lap=343.1s best_lap=337.1
t=23723.6 route=2 laps=45 crashes=0 avg_out=214.4s avg_ret=248.3s avg_lap=474.7s best_lap=454.8
t=23723.6 route=3 laps=43 crashes=1 avg_out=243.2s avg_ret=269.8s avg_lap=524.9s best_lap=508.2
t=23723.6 route=4 laps=46 crashes=0 avg_out=199.6s avg_ret=169.3s avg_lap=380.9s best_lap=374.9
t=23723.6 route=5 laps=44 crashes=0 avg_out=292.8s avg_ret=257.9s avg_lap=562.6s best_lap=553.2
t=23723.6 route=6 laps=46 crashes=0 avg_out=179.7s avg_ret=158.4s avg_lap=350.2s best_lap=344.4
t=23723.6 route=7 laps=46 crashes=0 avg_out=198.0s avg_ret=157.7s avg_lap=367.7s best_lap=355.8
t=23723.6 route=8 laps=43 crashes=2 avg_out=184.4s avg_ret=186.8s avg_lap=383.2s best_lap=375.5
t=23723.6 TOTAL laps=356 crashes=6
t=23723.6 TUNER gen=5 results=42/64 pending=7 active=7 remaining=22 next_trial=370 rounds=[7,6,5,7,5,7,7,5]
t=23724.1 LAUNCH_BLOCKED reason=deck_busy active=7 stored=1 no_active_s=0.0 state=AIRCRAFT_ON_DECK tractor_cleanup=false elevator_transfer=false deck=Aircraft_9_nav_r7_369 pending=none clearance=none queue=0
t=23724.9 SPAWN craft=Aircraft_9_nav_r7_369 route=7 candidate=5 trial=369 t=23724.9
t=23744.9 SPAWN craft=Aircraft_9_nav_r8_370 route=8 candidate=5 trial=370 t=23744.9
t=23753.6 ==== SUMMARY t=23753.6 ====
t=23753.6 route=1 laps=43 crashes=3 avg_out=156.6s avg_ret=174.8s avg_lap=343.1s best_lap=337.1
t=23753.6 route=2 laps=45 crashes=0 avg_out=214.4s avg_ret=248.3s avg_lap=474.7s best_lap=454.8
t=23753.6 route=3 laps=43 crashes=1 avg_out=243.2s avg_ret=269.8s avg_lap=524.9s best_lap=508.2
t=23753.6 route=4 laps=46 crashes=0 avg_out=199.6s avg_ret=169.3s avg_lap=380.9s best_lap=374.9
t=23753.6 route=5 laps=44 crashes=0 avg_out=292.8s avg_ret=257.9s avg_lap=562.6s best_lap=553.2
t=23753.6 route=6 laps=46 crashes=0 avg_out=179.7s avg_ret=158.4s avg_lap=350.2s best_lap=344.4
t=23753.6 route=7 laps=46 crashes=0 avg_out=198.0s avg_ret=157.7s avg_lap=367.7s best_lap=355.8
t=23753.6 route=8 laps=43 crashes=2 avg_out=184.4s avg_ret=186.8s avg_lap=383.2s best_lap=375.5
t=23753.6 TOTAL laps=356 crashes=6
t=23753.6 TUNER gen=5 results=42/64 pending=8 active=8 remaining=22 next_trial=371 rounds=[7,6,5,7,5,7,7,6]
t=23770.1 LZ_REACHED craft=Aircraft_9_nav_r1_363 route=1 outbound=165.8s t=23770.1
t=23783.6 ==== SUMMARY t=23783.6 ====
t=23783.6 route=1 laps=43 crashes=3 avg_out=156.8s avg_ret=174.8s avg_lap=343.1s best_lap=337.1
t=23783.6 route=2 laps=45 crashes=0 avg_out=214.4s avg_ret=248.3s avg_lap=474.7s best_lap=454.8
t=23783.6 route=3 laps=43 crashes=1 avg_out=243.2s avg_ret=269.8s avg_lap=524.9s best_lap=508.2
t=23783.6 route=4 laps=46 crashes=0 avg_out=199.6s avg_ret=169.3s avg_lap=380.9s best_lap=374.9
t=23783.6 route=5 laps=44 crashes=0 avg_out=292.8s avg_ret=257.9s avg_lap=562.6s best_lap=553.2
t=23783.6 route=6 laps=46 crashes=0 avg_out=179.7s avg_ret=158.4s avg_lap=350.2s best_lap=344.4
t=23783.6 route=7 laps=46 crashes=0 avg_out=198.0s avg_ret=157.7s avg_lap=367.7s best_lap=355.8
t=23783.6 route=8 laps=43 crashes=2 avg_out=184.4s avg_ret=186.8s avg_lap=383.2s best_lap=375.5
t=23783.6 TOTAL laps=356 crashes=6
t=23783.6 TUNER gen=5 results=42/64 pending=8 active=8 remaining=22 next_trial=371 rounds=[7,6,5,7,5,7,7,6]
t=23813.6 ==== SUMMARY t=23813.6 ====
t=23813.6 route=1 laps=43 crashes=3 avg_out=156.8s avg_ret=174.8s avg_lap=343.1s best_lap=337.1
t=23813.6 route=2 laps=45 crashes=0 avg_out=214.4s avg_ret=248.3s avg_lap=474.7s best_lap=454.8
t=23813.6 route=3 laps=43 crashes=1 avg_out=243.2s avg_ret=269.8s avg_lap=524.9s best_lap=508.2
t=23813.6 route=4 laps=46 crashes=0 avg_out=199.6s avg_ret=169.3s avg_lap=380.9s best_lap=374.9
t=23813.6 route=5 laps=44 crashes=0 avg_out=292.8s avg_ret=257.9s avg_lap=562.6s best_lap=553.2
t=23813.6 route=6 laps=46 crashes=0 avg_out=179.7s avg_ret=158.4s avg_lap=350.2s best_lap=344.4
t=23813.6 route=7 laps=46 crashes=0 avg_out=198.0s avg_ret=157.7s avg_lap=367.7s best_lap=355.8
t=23813.6 route=8 laps=43 crashes=2 avg_out=184.4s avg_ret=186.8s avg_lap=383.2s best_lap=375.5
t=23813.7 TOTAL laps=356 crashes=6
t=23813.7 TUNER gen=5 results=42/64 pending=8 active=8 remaining=22 next_trial=371 rounds=[7,6,5,7,5,7,7,6]
t=23825.1 LZ_REACHED craft=Aircraft_9_nav_r6_365 route=6 outbound=180.5s t=23825.1
t=23843.6 ==== SUMMARY t=23843.6 ====
t=23843.6 route=1 laps=43 crashes=3 avg_out=156.8s avg_ret=174.8s avg_lap=343.1s best_lap=337.1
t=23843.6 route=2 laps=45 crashes=0 avg_out=214.4s avg_ret=248.3s avg_lap=474.7s best_lap=454.8
t=23843.6 route=3 laps=43 crashes=1 avg_out=243.2s avg_ret=269.8s avg_lap=524.9s best_lap=508.2
t=23843.7 route=4 laps=46 crashes=0 avg_out=199.6s avg_ret=169.3s avg_lap=380.9s best_lap=374.9
t=23843.7 route=5 laps=44 crashes=0 avg_out=292.8s avg_ret=257.9s avg_lap=562.6s best_lap=553.2
t=23843.7 route=6 laps=46 crashes=0 avg_out=179.7s avg_ret=158.4s avg_lap=350.2s best_lap=344.4
t=23843.7 route=7 laps=46 crashes=0 avg_out=198.0s avg_ret=157.7s avg_lap=367.7s best_lap=355.8
t=23843.7 route=8 laps=43 crashes=2 avg_out=184.4s avg_ret=186.8s avg_lap=383.2s best_lap=375.5
t=23843.7 TOTAL laps=356 crashes=6
t=23843.7 TUNER gen=5 results=42/64 pending=8 active=8 remaining=22 next_trial=371 rounds=[7,6,5,7,5,7,7,6]
t=23872.3 LZ_REACHED craft=Aircraft_9_nav_r3_364 route=3 outbound=247.8s t=23872.3
t=23873.6 ==== SUMMARY t=23873.6 ====
t=23873.7 route=1 laps=43 crashes=3 avg_out=156.8s avg_ret=174.8s avg_lap=343.1s best_lap=337.1
t=23873.7 route=2 laps=45 crashes=0 avg_out=214.4s avg_ret=248.3s avg_lap=474.7s best_lap=454.8
t=23873.7 route=3 laps=43 crashes=1 avg_out=243.3s avg_ret=269.8s avg_lap=524.9s best_lap=508.2
t=23873.7 route=4 laps=46 crashes=0 avg_out=199.6s avg_ret=169.3s avg_lap=380.9s best_lap=374.9
t=23873.7 route=5 laps=44 crashes=0 avg_out=292.8s avg_ret=257.9s avg_lap=562.6s best_lap=553.2
t=23873.7 route=6 laps=46 crashes=0 avg_out=179.7s avg_ret=158.4s avg_lap=350.2s best_lap=344.4
t=23873.7 route=7 laps=46 crashes=0 avg_out=198.0s avg_ret=157.7s avg_lap=367.7s best_lap=355.8
t=23873.7 route=8 laps=43 crashes=2 avg_out=184.4s avg_ret=186.8s avg_lap=383.2s best_lap=375.5
t=23873.7 TOTAL laps=356 crashes=6
t=23873.7 TUNER gen=5 results=42/64 pending=8 active=8 remaining=22 next_trial=371 rounds=[7,6,5,7,5,7,7,6]
t=23902.1 LZ_REACHED craft=Aircraft_9_nav_r4_368 route=4 outbound=197.4s t=23902.1
t=23903.7 ==== SUMMARY t=23903.7 ====
t=23903.8 route=1 laps=43 crashes=3 avg_out=156.8s avg_ret=174.8s avg_lap=343.1s best_lap=337.1
t=23903.8 route=2 laps=45 crashes=0 avg_out=214.4s avg_ret=248.3s avg_lap=474.7s best_lap=454.8
t=23903.8 route=3 laps=43 crashes=1 avg_out=243.3s avg_ret=269.8s avg_lap=524.9s best_lap=508.2
t=23903.8 route=4 laps=46 crashes=0 avg_out=199.5s avg_ret=169.3s avg_lap=380.9s best_lap=374.9
t=23903.8 route=5 laps=44 crashes=0 avg_out=292.8s avg_ret=257.9s avg_lap=562.6s best_lap=553.2
t=23903.8 route=6 laps=46 crashes=0 avg_out=179.7s avg_ret=158.4s avg_lap=350.2s best_lap=344.4
t=23903.8 route=7 laps=46 crashes=0 avg_out=198.0s avg_ret=157.7s avg_lap=367.7s best_lap=355.8
t=23903.8 route=8 laps=43 crashes=2 avg_out=184.4s avg_ret=186.8s avg_lap=383.2s best_lap=375.5
t=23903.8 TOTAL laps=356 crashes=6
t=23903.8 TUNER gen=5 results=42/64 pending=8 active=8 remaining=22 next_trial=371 rounds=[7,6,5,7,5,7,7,6]
t=23904.6 LZ_REACHED craft=Aircraft_9_nav_r2_367 route=2 outbound=219.8s t=23904.6
t=23924.8 LZ_REACHED craft=Aircraft_9_nav_r7_369 route=7 outbound=200.0s t=23924.8
t=23927.0 LZ_REACHED craft=Aircraft_9_nav_r8_370 route=8 outbound=182.0s t=23927.0
t=23933.9 ==== SUMMARY t=23933.9 ====
t=23933.9 route=1 laps=43 crashes=3 avg_out=156.8s avg_ret=174.8s avg_lap=343.1s best_lap=337.1
t=23933.9 route=2 laps=45 crashes=0 avg_out=214.5s avg_ret=248.3s avg_lap=474.7s best_lap=454.8
t=23933.9 route=3 laps=43 crashes=1 avg_out=243.3s avg_ret=269.8s avg_lap=524.9s best_lap=508.2
t=23933.9 route=4 laps=46 crashes=0 avg_out=199.5s avg_ret=169.3s avg_lap=380.9s best_lap=374.9
t=23933.9 route=5 laps=44 crashes=0 avg_out=292.8s avg_ret=257.9s avg_lap=562.6s best_lap=553.2
t=23933.9 route=6 laps=46 crashes=0 avg_out=179.7s avg_ret=158.4s avg_lap=350.2s best_lap=344.4
t=23933.9 route=7 laps=46 crashes=0 avg_out=198.1s avg_ret=157.7s avg_lap=367.7s best_lap=355.8
t=23933.9 route=8 laps=43 crashes=2 avg_out=184.4s avg_ret=186.8s avg_lap=383.2s best_lap=375.5
t=23933.9 TOTAL laps=356 crashes=6
t=23934.0 TUNER gen=5 results=42/64 pending=8 active=8 remaining=22 next_trial=371 rounds=[7,6,5,7,5,7,7,6]
t=23950.5 LZ_REACHED craft=Aircraft_9_nav_r5_366 route=5 outbound=286.0s t=23950.5
t=23958.8 LAP_CAPTURE craft=Aircraft_9_nav_r1_363 route=1 return=176.7s lap=354.5s carrier_dist=200m t=23958.8
t=23964.0 ==== SUMMARY t=23964.0 ====
t=23964.0 route=1 laps=44 crashes=3 avg_out=156.8s avg_ret=174.8s avg_lap=343.4s best_lap=337.1
t=23964.0 route=2 laps=45 crashes=0 avg_out=214.5s avg_ret=248.3s avg_lap=474.7s best_lap=454.8
t=23964.0 route=3 laps=43 crashes=1 avg_out=243.3s avg_ret=269.8s avg_lap=524.9s best_lap=508.2
t=23964.0 route=4 laps=46 crashes=0 avg_out=199.5s avg_ret=169.3s avg_lap=380.9s best_lap=374.9
t=23964.0 route=5 laps=44 crashes=0 avg_out=292.6s avg_ret=257.9s avg_lap=562.6s best_lap=553.2
t=23964.0 route=6 laps=46 crashes=0 avg_out=179.7s avg_ret=158.4s avg_lap=350.2s best_lap=344.4
t=23964.0 route=7 laps=46 crashes=0 avg_out=198.1s avg_ret=157.7s avg_lap=367.7s best_lap=355.8
t=23964.0 route=8 laps=43 crashes=2 avg_out=184.4s avg_ret=186.8s avg_lap=383.2s best_lap=375.5
t=23964.0 TOTAL laps=357 crashes=6
t=23964.0 TUNER gen=5 results=43/64 pending=7 active=7 remaining=21 next_trial=371 rounds=[7,6,5,7,5,7,7,6]
t=23976.1 SPAWN craft=Aircraft_9_nav_r1_371 route=1 candidate=8 trial=371 t=23976.1
t=23979.6 CRASH craft=Aircraft_9_nav_r3_364 route=3 phase=2 t=23979.6
t=23992.6 LAP_CAPTURE craft=Aircraft_9_nav_r6_365 route=6 return=155.4s lap=348.0s carrier_dist=200m t=23992.6
t=23994.1 ==== SUMMARY t=23994.1 ====
t=23994.1 route=1 laps=44 crashes=3 avg_out=156.8s avg_ret=174.8s avg_lap=343.4s best_lap=337.1
t=23994.1 route=2 laps=45 crashes=0 avg_out=214.5s avg_ret=248.3s avg_lap=474.7s best_lap=454.8
t=23994.1 route=3 laps=43 crashes=2 avg_out=243.3s avg_ret=269.8s avg_lap=524.9s best_lap=508.2
t=23994.1 route=4 laps=46 crashes=0 avg_out=199.5s avg_ret=169.3s avg_lap=380.9s best_lap=374.9
t=23994.1 route=5 laps=44 crashes=0 avg_out=292.6s avg_ret=257.9s avg_lap=562.6s best_lap=553.2
t=23994.1 route=6 laps=47 crashes=0 avg_out=179.7s avg_ret=158.4s avg_lap=350.1s best_lap=344.4
t=23994.1 route=7 laps=46 crashes=0 avg_out=198.1s avg_ret=157.7s avg_lap=367.7s best_lap=355.8
t=23994.1 route=8 laps=43 crashes=2 avg_out=184.4s avg_ret=186.8s avg_lap=383.2s best_lap=375.5
t=23994.1 TOTAL laps=358 crashes=7
t=23994.2 TUNER gen=5 results=45/64 pending=7 active=7 remaining=19 next_trial=373 rounds=[8,6,6,7,5,7,7,6]
t=23996.3 SPAWN craft=Aircraft_9_nav_r3_372 route=3 candidate=8 trial=372 t=23996.3
t=24000.4 LAUNCH_BLOCKED reason=cleared_unready_nav_deck_aircraft active=7 stored=1 no_active_s=0.0 state=IDLE tractor_cleanup=false elevator_transfer=false deck=Aircraft_9_nav_r3_372 pending=none clearance=none queue=0
t=24016.4 SPAWN craft=Aircraft_9_nav_r6_373 route=6 candidate=5 trial=373 t=24016.4
t=24024.2 ==== SUMMARY t=24024.2 ====
t=24024.2 route=1 laps=44 crashes=3 avg_out=156.8s avg_ret=174.8s avg_lap=343.4s best_lap=337.1
t=24024.2 route=2 laps=45 crashes=0 avg_out=214.5s avg_ret=248.3s avg_lap=474.7s best_lap=454.8
t=24024.2 route=3 laps=43 crashes=2 avg_out=243.3s avg_ret=269.8s avg_lap=524.9s best_lap=508.2
t=24024.2 route=4 laps=46 crashes=0 avg_out=199.5s avg_ret=169.3s avg_lap=380.9s best_lap=374.9
t=24024.2 route=5 laps=44 crashes=0 avg_out=292.6s avg_ret=257.9s avg_lap=562.6s best_lap=553.2
t=24024.2 route=6 laps=47 crashes=0 avg_out=179.7s avg_ret=158.4s avg_lap=350.1s best_lap=344.4
t=24024.2 route=7 laps=46 crashes=0 avg_out=198.1s avg_ret=157.7s avg_lap=367.7s best_lap=355.8
t=24024.2 route=8 laps=43 crashes=2 avg_out=184.4s avg_ret=186.8s avg_lap=383.2s best_lap=375.5
t=24024.2 TOTAL laps=358 crashes=7
t=24024.2 TUNER gen=5 results=45/64 pending=8 active=8 remaining=19 next_trial=374 rounds=[8,6,6,7,5,8,7,6]
t=24054.2 ==== SUMMARY t=24054.2 ====
t=24054.2 route=1 laps=44 crashes=3 avg_out=156.8s avg_ret=174.8s avg_lap=343.4s best_lap=337.1
t=24054.2 route=2 laps=45 crashes=0 avg_out=214.5s avg_ret=248.3s avg_lap=474.7s best_lap=454.8
t=24054.2 route=3 laps=43 crashes=2 avg_out=243.3s avg_ret=269.8s avg_lap=524.9s best_lap=508.2
t=24054.2 route=4 laps=46 crashes=0 avg_out=199.5s avg_ret=169.3s avg_lap=380.9s best_lap=374.9
t=24054.2 route=5 laps=44 crashes=0 avg_out=292.6s avg_ret=257.9s avg_lap=562.6s best_lap=553.2
t=24054.2 route=6 laps=47 crashes=0 avg_out=179.7s avg_ret=158.4s avg_lap=350.1s best_lap=344.4
t=24054.2 route=7 laps=46 crashes=0 avg_out=198.1s avg_ret=157.7s avg_lap=367.7s best_lap=355.8
t=24054.2 route=8 laps=43 crashes=2 avg_out=184.4s avg_ret=186.8s avg_lap=383.2s best_lap=375.5
t=24054.2 TOTAL laps=358 crashes=7
t=24054.2 TUNER gen=5 results=45/64 pending=8 active=8 remaining=19 next_trial=374 rounds=[8,6,6,7,5,8,7,6]
t=24082.5 LAP_CAPTURE craft=Aircraft_9_nav_r4_368 route=4 return=168.4s lap=377.8s carrier_dist=200m t=24082.5
t=24084.2 ==== SUMMARY t=24084.2 ====
t=24084.2 route=1 laps=44 crashes=3 avg_out=156.8s avg_ret=174.8s avg_lap=343.4s best_lap=337.1
t=24084.2 route=2 laps=45 crashes=0 avg_out=214.5s avg_ret=248.3s avg_lap=474.7s best_lap=454.8
t=24084.2 route=3 laps=43 crashes=2 avg_out=243.3s avg_ret=269.8s avg_lap=524.9s best_lap=508.2
t=24084.2 route=4 laps=47 crashes=0 avg_out=199.5s avg_ret=169.3s avg_lap=380.8s best_lap=374.9
t=24084.2 route=5 laps=44 crashes=0 avg_out=292.6s avg_ret=257.9s avg_lap=562.6s best_lap=553.2
t=24084.2 route=6 laps=47 crashes=0 avg_out=179.7s avg_ret=158.4s avg_lap=350.1s best_lap=344.4
t=24084.2 route=7 laps=46 crashes=0 avg_out=198.1s avg_ret=157.7s avg_lap=367.7s best_lap=355.8
t=24084.2 route=8 laps=43 crashes=2 avg_out=184.4s avg_ret=186.8s avg_lap=383.2s best_lap=375.5
t=24084.2 TOTAL laps=359 crashes=7
t=24084.2 TUNER gen=5 results=46/64 pending=7 active=7 remaining=18 next_trial=374 rounds=[8,6,6,7,5,8,7,6]
t=24093.8 LAP_CAPTURE craft=Aircraft_9_nav_r7_369 route=7 return=157.0s lap=369.0s carrier_dist=200m t=24093.8
t=24100.9 LAUNCH_BLOCKED reason=deck_busy active=7 stored=1 no_active_s=0.0 state=AIRCRAFT_ON_DECK tractor_cleanup=false elevator_transfer=false deck=Aircraft_9_nav_r4_374 pending=none clearance=none queue=0
t=24101.6 SPAWN craft=Aircraft_9_nav_r4_374 route=4 candidate=3 trial=374 t=24101.6
t=24114.3 ==== SUMMARY t=24114.3 ====
t=24114.3 route=1 laps=44 crashes=3 avg_out=156.8s avg_ret=174.8s avg_lap=343.4s best_lap=337.1
t=24114.3 route=2 laps=45 crashes=0 avg_out=214.5s avg_ret=248.3s avg_lap=474.7s best_lap=454.8
t=24114.3 route=3 laps=43 crashes=2 avg_out=243.3s avg_ret=269.8s avg_lap=524.9s best_lap=508.2
t=24114.3 route=4 laps=47 crashes=0 avg_out=199.5s avg_ret=169.3s avg_lap=380.8s best_lap=374.9
t=24114.3 route=5 laps=44 crashes=0 avg_out=292.6s avg_ret=257.9s avg_lap=562.6s best_lap=553.2
t=24114.3 route=6 laps=47 crashes=0 avg_out=179.7s avg_ret=158.4s avg_lap=350.1s best_lap=344.4
t=24114.3 route=7 laps=47 crashes=0 avg_out=198.1s avg_ret=157.7s avg_lap=367.8s best_lap=355.8
t=24114.3 route=8 laps=43 crashes=2 avg_out=184.4s avg_ret=186.8s avg_lap=383.2s best_lap=375.5
t=24114.3 TOTAL laps=360 crashes=7
t=24114.3 TUNER gen=5 results=47/64 pending=8 active=8 remaining=17 next_trial=376 rounds=[8,6,6,8,5,8,8,6]
t=24121.8 SPAWN craft=Aircraft_9_nav_r7_375 route=7 candidate=6 trial=375 t=24121.8
t=24130.1 LZ_REACHED craft=Aircraft_9_nav_r1_371 route=1 outbound=154.1s t=24130.1
t=24133.3 LAP_CAPTURE craft=Aircraft_9_nav_r8_370 route=8 return=194.3s lap=388.3s carrier_dist=200m t=24133.3
t=24144.3 ==== SUMMARY t=24144.3 ====
t=24144.3 route=1 laps=44 crashes=3 avg_out=156.7s avg_ret=174.8s avg_lap=343.4s best_lap=337.1
t=24144.4 route=2 laps=45 crashes=0 avg_out=214.5s avg_ret=248.3s avg_lap=474.7s best_lap=454.8
t=24144.4 route=3 laps=43 crashes=2 avg_out=243.3s avg_ret=269.8s avg_lap=524.9s best_lap=508.2
t=24144.4 route=4 laps=47 crashes=0 avg_out=199.5s avg_ret=169.3s avg_lap=380.8s best_lap=374.9
t=24144.4 route=5 laps=44 crashes=0 avg_out=292.6s avg_ret=257.9s avg_lap=562.6s best_lap=553.2
t=24144.4 route=6 laps=47 crashes=0 avg_out=179.7s avg_ret=158.4s avg_lap=350.1s best_lap=344.4
t=24144.4 route=7 laps=47 crashes=0 avg_out=198.1s avg_ret=157.7s avg_lap=367.8s best_lap=355.8
t=24144.4 route=8 laps=44 crashes=2 avg_out=184.4s avg_ret=186.9s avg_lap=383.3s best_lap=375.5
t=24144.4 TOTAL laps=361 crashes=7
t=24144.4 TUNER gen=5 results=48/64 pending=8 active=8 remaining=16 next_trial=377 rounds=[8,6,6,8,5,8,8,7]
t=24151.9 SPAWN craft=Aircraft_9_nav_r8_376 route=8 candidate=6 trial=376 t=24151.9
t=24170.5 LAP_CAPTURE craft=Aircraft_9_nav_r2_367 route=2 return=253.8s lap=485.7s carrier_dist=200m t=24170.5
t=24174.4 ==== SUMMARY t=24174.4 ====
t=24174.4 route=1 laps=44 crashes=3 avg_out=156.7s avg_ret=174.8s avg_lap=343.4s best_lap=337.1
t=24174.4 route=2 laps=46 crashes=0 avg_out=214.5s avg_ret=248.4s avg_lap=474.9s best_lap=454.8
t=24174.4 route=3 laps=43 crashes=2 avg_out=243.3s avg_ret=269.8s avg_lap=524.9s best_lap=508.2
t=24174.4 route=4 laps=47 crashes=0 avg_out=199.5s avg_ret=169.3s avg_lap=380.8s best_lap=374.9
t=24174.4 route=5 laps=44 crashes=0 avg_out=292.6s avg_ret=257.9s avg_lap=562.6s best_lap=553.2
t=24174.4 route=6 laps=47 crashes=0 avg_out=179.7s avg_ret=158.4s avg_lap=350.1s best_lap=344.4
t=24174.4 route=7 laps=47 crashes=0 avg_out=198.1s avg_ret=157.7s avg_lap=367.8s best_lap=355.8
t=24174.4 route=8 laps=44 crashes=2 avg_out=184.4s avg_ret=186.9s avg_lap=383.3s best_lap=375.5
t=24174.4 TOTAL laps=362 crashes=7
t=24174.4 TUNER gen=5 results=49/64 pending=7 active=7 remaining=15 next_trial=377 rounds=[8,6,6,8,5,8,8,7]
t=24187.0 SPAWN craft=Aircraft_9_nav_r2_377 route=2 candidate=8 trial=377 t=24187.0
t=24197.1 LZ_REACHED craft=Aircraft_9_nav_r6_373 route=6 outbound=180.7s t=24197.1
t=24204.4 ==== SUMMARY t=24204.4 ====
t=24204.4 route=1 laps=44 crashes=3 avg_out=156.7s avg_ret=174.8s avg_lap=343.4s best_lap=337.1
t=24204.4 route=2 laps=46 crashes=0 avg_out=214.5s avg_ret=248.4s avg_lap=474.9s best_lap=454.8
t=24204.4 route=3 laps=43 crashes=2 avg_out=243.3s avg_ret=269.8s avg_lap=524.9s best_lap=508.2
t=24204.4 route=4 laps=47 crashes=0 avg_out=199.5s avg_ret=169.3s avg_lap=380.8s best_lap=374.9
t=24204.4 route=5 laps=44 crashes=0 avg_out=292.6s avg_ret=257.9s avg_lap=562.6s best_lap=553.2
t=24204.4 route=6 laps=47 crashes=0 avg_out=179.8s avg_ret=158.4s avg_lap=350.1s best_lap=344.4
t=24204.4 route=7 laps=47 crashes=0 avg_out=198.1s avg_ret=157.7s avg_lap=367.8s best_lap=355.8
t=24204.4 route=8 laps=44 crashes=2 avg_out=184.4s avg_ret=186.9s avg_lap=383.3s best_lap=375.5
t=24204.4 TOTAL laps=362 crashes=7
t=24204.4 TUNER gen=5 results=49/64 pending=8 active=8 remaining=15 next_trial=378 rounds=[8,7,6,8,5,8,8,7]
t=24218.6 LAP_CAPTURE craft=Aircraft_9_nav_r5_366 route=5 return=256.0s lap=554.1s carrier_dist=200m t=24218.6
t=24234.5 ==== SUMMARY t=24234.5 ====
t=24234.5 route=1 laps=44 crashes=3 avg_out=156.7s avg_ret=174.8s avg_lap=343.4s best_lap=337.1
t=24234.5 route=2 laps=46 crashes=0 avg_out=214.5s avg_ret=248.4s avg_lap=474.9s best_lap=454.8
t=24234.5 route=3 laps=43 crashes=2 avg_out=243.3s avg_ret=269.8s avg_lap=524.9s best_lap=508.2
t=24234.5 route=4 laps=47 crashes=0 avg_out=199.5s avg_ret=169.3s avg_lap=380.8s best_lap=374.9
t=24234.5 route=5 laps=45 crashes=0 avg_out=292.6s avg_ret=257.8s avg_lap=562.5s best_lap=553.2
t=24234.5 route=6 laps=47 crashes=0 avg_out=179.8s avg_ret=158.4s avg_lap=350.1s best_lap=344.4
t=24234.5 route=7 laps=47 crashes=0 avg_out=198.1s avg_ret=157.7s avg_lap=367.8s best_lap=355.8
t=24234.5 route=8 laps=44 crashes=2 avg_out=184.4s avg_ret=186.9s avg_lap=383.3s best_lap=375.5
t=24234.5 TOTAL laps=363 crashes=7
t=24234.5 TUNER gen=5 results=50/64 pending=8 active=8 remaining=14 next_trial=379 rounds=[8,7,6,8,6,8,8,7]
t=24237.2 SPAWN craft=Aircraft_9_nav_r5_378 route=5 candidate=2 trial=378 t=24237.2
t=24237.7 LZ_REACHED craft=Aircraft_9_nav_r3_372 route=3 outbound=241.4s t=24237.7
