HELI NAVIGATION REPORT START t=18.4 routes=8 center=(25520.0, 482.0, -28080.0)
SETUP route=1 carrier=(25520.0, 482.0, -28080.0) LZ=(30220.0, 485.0, -28080.0) distance=4700m terrain_delta_y=3m
SETUP route=2 carrier=(25520.0, 482.0, -28080.0) LZ=(27620.0, 482.0, -24443.0) distance=4200m terrain_delta_y=0m
SETUP route=3 carrier=(25520.0, 482.0, -28080.0) LZ=(25520.0, 482.0, -22980.0) distance=5100m terrain_delta_y=0m
SETUP route=4 carrier=(25520.0, 482.0, -28080.0) LZ=(21834.0, 485.0, -24702.0) distance=5000m terrain_delta_y=3m
SETUP route=5 carrier=(25520.0, 482.0, -28080.0) LZ=(19825.0, 482.0, -28329.0) distance=5700m terrain_delta_y=0m
SETUP route=6 carrier=(25520.0, 482.0, -28080.0) LZ=(21686.0, 479.0, -31593.0) distance=5200m terrain_delta_y=-3m
SETUP route=7 carrier=(25520.0, 482.0, -28080.0) LZ=(23365.0, 485.0, -32702.0) distance=5100m terrain_delta_y=3m
SETUP route=8 carrier=(25520.0, 482.0, -28080.0) LZ=(30050.0, 482.0, -28879.0) distance=4600m terrain_delta_y=0m
t=18.4 IDLE_TUNER_REFILL gen=0 results=0/64 remaining=64 active_nav=0 stored_before=0 queued=8 stored_after=8 retrieval_started=true state=RETRIEVING_FROM_HANGAR next_trial=1
t=18.4 LAUNCH_BLOCKED reason=waiting_no_active_grace active=0 stored=8 no_active_s=0.0 state=RETRIEVING_FROM_HANGAR tractor_cleanup=false elevator_transfer=false deck=none pending=none clearance=none queue=0
t=33.7 LAUNCH_BLOCKED reason=deck_busy active=1 stored=7 no_active_s=0.0 state=AIRCRAFT_ON_DECK tractor_cleanup=false elevator_transfer=false deck=Aircraft_11_nav_r1_1 pending=none clearance=none queue=0
t=34.0 SPAWN craft=Aircraft_11_nav_r1_1 route=1 candidate=1 trial=1 t=34.0
t=48.7 ==== SUMMARY t=48.7 ====
t=48.7 route=1 laps=0 crashes=0 avg_out=0.0s avg_ret=0.0s avg_lap=0.0s best_lap=-
t=48.7 route=2 laps=0 crashes=0 avg_out=0.0s avg_ret=0.0s avg_lap=0.0s best_lap=-
t=48.7 route=3 laps=0 crashes=0 avg_out=0.0s avg_ret=0.0s avg_lap=0.0s best_lap=-
t=48.7 route=4 laps=0 crashes=0 avg_out=0.0s avg_ret=0.0s avg_lap=0.0s best_lap=-
t=48.7 route=5 laps=0 crashes=0 avg_out=0.0s avg_ret=0.0s avg_lap=0.0s best_lap=-
t=48.7 route=6 laps=0 crashes=0 avg_out=0.0s avg_ret=0.0s avg_lap=0.0s best_lap=-
t=48.7 route=7 laps=0 crashes=0 avg_out=0.0s avg_ret=0.0s avg_lap=0.0s best_lap=-
t=48.7 route=8 laps=0 crashes=0 avg_out=0.0s avg_ret=0.0s avg_lap=0.0s best_lap=-
t=48.7 TOTAL laps=0 crashes=0
t=48.7 TUNER gen=0 results=0/64 pending=2 active=2 remaining=64 next_trial=3 rounds=[1,1,0,0,0,0,0,0]
t=48.8 LAUNCH_BLOCKED reason=deck_busy active=2 stored=6 no_active_s=0.0 state=AIRCRAFT_ON_DECK tractor_cleanup=false elevator_transfer=true deck=Aircraft_11_nav_r2_2 pending=none clearance=none queue=0
t=54.0 SPAWN craft=Aircraft_11_nav_r2_2 route=2 candidate=2 trial=2 t=54.0
t=63.9 LAUNCH_BLOCKED reason=deck_busy active=3 stored=5 no_active_s=0.0 state=RETRIEVING_FROM_HANGAR tractor_cleanup=false elevator_transfer=false deck=Aircraft_11_nav_r3_3 pending=none clearance=none queue=0
t=74.1 SPAWN craft=Aircraft_11_nav_r3_3 route=3 candidate=3 trial=3 t=74.1
t=78.8 ==== SUMMARY t=78.8 ====
t=78.8 route=1 laps=0 crashes=0 avg_out=0.0s avg_ret=0.0s avg_lap=0.0s best_lap=-
t=78.8 route=2 laps=0 crashes=0 avg_out=0.0s avg_ret=0.0s avg_lap=0.0s best_lap=-
t=78.8 route=3 laps=0 crashes=0 avg_out=0.0s avg_ret=0.0s avg_lap=0.0s best_lap=-
t=78.8 route=4 laps=0 crashes=0 avg_out=0.0s avg_ret=0.0s avg_lap=0.0s best_lap=-
t=78.8 route=5 laps=0 crashes=0 avg_out=0.0s avg_ret=0.0s avg_lap=0.0s best_lap=-
t=78.8 route=6 laps=0 crashes=0 avg_out=0.0s avg_ret=0.0s avg_lap=0.0s best_lap=-
t=78.8 route=7 laps=0 crashes=0 avg_out=0.0s avg_ret=0.0s avg_lap=0.0s best_lap=-
t=78.8 route=8 laps=0 crashes=0 avg_out=0.0s avg_ret=0.0s avg_lap=0.0s best_lap=-
t=78.8 TOTAL laps=0 crashes=0
t=78.8 TUNER gen=0 results=0/64 pending=3 active=3 remaining=64 next_trial=4 rounds=[1,1,1,0,0,0,0,0]
t=78.9 LAUNCH_BLOCKED reason=cleared_unready_nav_deck_aircraft active=3 stored=5 no_active_s=0.0 state=IDLE tractor_cleanup=false elevator_transfer=false deck=Aircraft_11_nav_r3_3 pending=none clearance=none queue=0
t=94.0 LAUNCH_BLOCKED reason=deck_busy active=4 stored=4 no_active_s=0.0 state=AIRCRAFT_ON_DECK tractor_cleanup=false elevator_transfer=false deck=Aircraft_11_nav_r4_4 pending=none clearance=none queue=0
t=94.2 SPAWN craft=Aircraft_11_nav_r4_4 route=4 candidate=4 trial=4 t=94.2
t=108.8 ==== SUMMARY t=108.8 ====
t=108.8 route=1 laps=0 crashes=0 avg_out=0.0s avg_ret=0.0s avg_lap=0.0s best_lap=-
t=108.8 route=2 laps=0 crashes=0 avg_out=0.0s avg_ret=0.0s avg_lap=0.0s best_lap=-
t=108.8 route=3 laps=0 crashes=0 avg_out=0.0s avg_ret=0.0s avg_lap=0.0s best_lap=-
t=108.8 route=4 laps=0 crashes=0 avg_out=0.0s avg_ret=0.0s avg_lap=0.0s best_lap=-
t=108.8 route=5 laps=0 crashes=0 avg_out=0.0s avg_ret=0.0s avg_lap=0.0s best_lap=-
t=108.8 route=6 laps=0 crashes=0 avg_out=0.0s avg_ret=0.0s avg_lap=0.0s best_lap=-
t=108.8 route=7 laps=0 crashes=0 avg_out=0.0s avg_ret=0.0s avg_lap=0.0s best_lap=-
t=108.9 route=8 laps=0 crashes=0 avg_out=0.0s avg_ret=0.0s avg_lap=0.0s best_lap=-
t=108.9 TOTAL laps=0 crashes=0
t=108.9 TUNER gen=0 results=0/64 pending=5 active=5 remaining=64 next_trial=6 rounds=[1,1,1,1,1,0,0,0]
t=109.1 LAUNCH_BLOCKED reason=deck_busy active=5 stored=3 no_active_s=0.0 state=AIRCRAFT_ON_DECK tractor_cleanup=false elevator_transfer=true deck=Aircraft_11_nav_r5_5 pending=none clearance=none queue=0
t=114.3 SPAWN craft=Aircraft_11_nav_r5_5 route=5 candidate=5 trial=5 t=114.3
t=124.2 LAUNCH_BLOCKED reason=deck_busy active=6 stored=2 no_active_s=0.0 state=RETRIEVING_FROM_HANGAR tractor_cleanup=false elevator_transfer=false deck=Aircraft_11_nav_r6_6 pending=none clearance=none queue=0
t=134.4 SPAWN craft=Aircraft_11_nav_r6_6 route=6 candidate=6 trial=6 t=134.4
t=138.9 ==== SUMMARY t=138.9 ====
t=138.9 route=1 laps=0 crashes=0 avg_out=0.0s avg_ret=0.0s avg_lap=0.0s best_lap=-
t=138.9 route=2 laps=0 crashes=0 avg_out=0.0s avg_ret=0.0s avg_lap=0.0s best_lap=-
t=138.9 route=3 laps=0 crashes=0 avg_out=0.0s avg_ret=0.0s avg_lap=0.0s best_lap=-
t=138.9 route=4 laps=0 crashes=0 avg_out=0.0s avg_ret=0.0s avg_lap=0.0s best_lap=-
t=138.9 route=5 laps=0 crashes=0 avg_out=0.0s avg_ret=0.0s avg_lap=0.0s best_lap=-
t=138.9 route=6 laps=0 crashes=0 avg_out=0.0s avg_ret=0.0s avg_lap=0.0s best_lap=-
t=138.9 route=7 laps=0 crashes=0 avg_out=0.0s avg_ret=0.0s avg_lap=0.0s best_lap=-
t=138.9 route=8 laps=0 crashes=0 avg_out=0.0s avg_ret=0.0s avg_lap=0.0s best_lap=-
t=138.9 TOTAL laps=0 crashes=0
t=138.9 TUNER gen=0 results=0/64 pending=6 active=6 remaining=64 next_trial=7 rounds=[1,1,1,1,1,1,0,0]
t=139.2 LAUNCH_BLOCKED reason=cleared_unready_nav_deck_aircraft active=6 stored=2 no_active_s=0.0 state=IDLE tractor_cleanup=false elevator_transfer=false deck=Aircraft_11_nav_r6_6 pending=none clearance=none queue=0
t=154.3 LAUNCH_BLOCKED reason=deck_busy active=7 stored=1 no_active_s=0.0 state=AIRCRAFT_ON_DECK tractor_cleanup=false elevator_transfer=false deck=Aircraft_11_nav_r7_7 pending=none clearance=none queue=0
t=154.5 SPAWN craft=Aircraft_11_nav_r7_7 route=7 candidate=7 trial=7 t=154.5
t=168.9 ==== SUMMARY t=168.9 ====
t=168.9 route=1 laps=0 crashes=0 avg_out=0.0s avg_ret=0.0s avg_lap=0.0s best_lap=-
t=168.9 route=2 laps=0 crashes=0 avg_out=0.0s avg_ret=0.0s avg_lap=0.0s best_lap=-
t=168.9 route=3 laps=0 crashes=0 avg_out=0.0s avg_ret=0.0s avg_lap=0.0s best_lap=-
t=168.9 route=4 laps=0 crashes=0 avg_out=0.0s avg_ret=0.0s avg_lap=0.0s best_lap=-
t=169.0 route=5 laps=0 crashes=0 avg_out=0.0s avg_ret=0.0s avg_lap=0.0s best_lap=-
t=169.0 route=6 laps=0 crashes=0 avg_out=0.0s avg_ret=0.0s avg_lap=0.0s best_lap=-
t=169.0 route=7 laps=0 crashes=0 avg_out=0.0s avg_ret=0.0s avg_lap=0.0s best_lap=-
t=169.0 route=8 laps=0 crashes=0 avg_out=0.0s avg_ret=0.0s avg_lap=0.0s best_lap=-
t=169.0 TOTAL laps=0 crashes=0
t=169.0 TUNER gen=0 results=0/64 pending=8 active=8 remaining=64 next_trial=9 rounds=[1,1,1,1,1,1,1,1]
t=174.7 SPAWN craft=Aircraft_11_nav_r8_8 route=8 candidate=8 trial=8 t=174.7
t=187.0 LZ_REACHED craft=Aircraft_11_nav_r1_1 route=1 outbound=153.0s t=187.0
t=198.9 ==== SUMMARY t=198.9 ====
t=198.9 route=1 laps=0 crashes=0 avg_out=153.0s avg_ret=0.0s avg_lap=0.0s best_lap=-
t=198.9 route=2 laps=0 crashes=0 avg_out=0.0s avg_ret=0.0s avg_lap=0.0s best_lap=-
t=199.0 route=3 laps=0 crashes=0 avg_out=0.0s avg_ret=0.0s avg_lap=0.0s best_lap=-
t=199.0 route=4 laps=0 crashes=0 avg_out=0.0s avg_ret=0.0s avg_lap=0.0s best_lap=-
t=199.0 route=5 laps=0 crashes=0 avg_out=0.0s avg_ret=0.0s avg_lap=0.0s best_lap=-
t=199.0 route=6 laps=0 crashes=0 avg_out=0.0s avg_ret=0.0s avg_lap=0.0s best_lap=-
t=199.0 route=7 laps=0 crashes=0 avg_out=0.0s avg_ret=0.0s avg_lap=0.0s best_lap=-
t=199.0 route=8 laps=0 crashes=0 avg_out=0.0s avg_ret=0.0s avg_lap=0.0s best_lap=-
t=199.0 TOTAL laps=0 crashes=0
t=199.0 TUNER gen=0 results=0/64 pending=8 active=8 remaining=64 next_trial=9 rounds=[1,1,1,1,1,1,1,1]
t=229.0 ==== SUMMARY t=229.0 ====
t=229.0 route=1 laps=0 crashes=0 avg_out=153.0s avg_ret=0.0s avg_lap=0.0s best_lap=-
t=229.0 route=2 laps=0 crashes=0 avg_out=0.0s avg_ret=0.0s avg_lap=0.0s best_lap=-
t=229.0 route=3 laps=0 crashes=0 avg_out=0.0s avg_ret=0.0s avg_lap=0.0s best_lap=-
t=229.0 route=4 laps=0 crashes=0 avg_out=0.0s avg_ret=0.0s avg_lap=0.0s best_lap=-
t=229.0 route=5 laps=0 crashes=0 avg_out=0.0s avg_ret=0.0s avg_lap=0.0s best_lap=-
t=229.0 route=6 laps=0 crashes=0 avg_out=0.0s avg_ret=0.0s avg_lap=0.0s best_lap=-
t=229.0 route=7 laps=0 crashes=0 avg_out=0.0s avg_ret=0.0s avg_lap=0.0s best_lap=-
t=229.0 route=8 laps=0 crashes=0 avg_out=0.0s avg_ret=0.0s avg_lap=0.0s best_lap=-
t=229.0 TOTAL laps=0 crashes=0
t=229.0 TUNER gen=0 results=0/64 pending=8 active=8 remaining=64 next_trial=9 rounds=[1,1,1,1,1,1,1,1]
t=238.1 LZ_REACHED craft=Aircraft_11_nav_r2_2 route=2 outbound=184.0s t=238.1
t=259.0 ==== SUMMARY t=259.0 ====
t=259.0 route=1 laps=0 crashes=0 avg_out=153.0s avg_ret=0.0s avg_lap=0.0s best_lap=-
t=259.0 route=2 laps=0 crashes=0 avg_out=184.0s avg_ret=0.0s avg_lap=0.0s best_lap=-
t=259.0 route=3 laps=0 crashes=0 avg_out=0.0s avg_ret=0.0s avg_lap=0.0s best_lap=-
t=259.0 route=4 laps=0 crashes=0 avg_out=0.0s avg_ret=0.0s avg_lap=0.0s best_lap=-
t=259.0 route=5 laps=0 crashes=0 avg_out=0.0s avg_ret=0.0s avg_lap=0.0s best_lap=-
t=259.0 route=6 laps=0 crashes=0 avg_out=0.0s avg_ret=0.0s avg_lap=0.0s best_lap=-
t=259.0 route=7 laps=0 crashes=0 avg_out=0.0s avg_ret=0.0s avg_lap=0.0s best_lap=-
t=259.0 route=8 laps=0 crashes=0 avg_out=0.0s avg_ret=0.0s avg_lap=0.0s best_lap=-
t=259.0 TOTAL laps=0 crashes=0
t=259.0 TUNER gen=0 results=0/64 pending=8 active=8 remaining=64 next_trial=9 rounds=[1,1,1,1,1,1,1,1]
t=272.3 LZ_REACHED craft=Aircraft_11_nav_r4_4 route=4 outbound=178.1s t=272.3
t=273.3 LZ_REACHED craft=Aircraft_11_nav_r6_6 route=6 outbound=139.0s t=273.3
t=289.0 ==== SUMMARY t=289.0 ====
t=289.0 route=1 laps=0 crashes=0 avg_out=153.0s avg_ret=0.0s avg_lap=0.0s best_lap=-
t=289.0 route=2 laps=0 crashes=0 avg_out=184.0s avg_ret=0.0s avg_lap=0.0s best_lap=-
t=289.0 route=3 laps=0 crashes=0 avg_out=0.0s avg_ret=0.0s avg_lap=0.0s best_lap=-
t=289.0 route=4 laps=0 crashes=0 avg_out=178.1s avg_ret=0.0s avg_lap=0.0s best_lap=-
t=289.0 route=5 laps=0 crashes=0 avg_out=0.0s avg_ret=0.0s avg_lap=0.0s best_lap=-
t=289.1 route=6 laps=0 crashes=0 avg_out=139.0s avg_ret=0.0s avg_lap=0.0s best_lap=-
t=289.1 route=7 laps=0 crashes=0 avg_out=0.0s avg_ret=0.0s avg_lap=0.0s best_lap=-
t=289.1 route=8 laps=0 crashes=0 avg_out=0.0s avg_ret=0.0s avg_lap=0.0s best_lap=-
t=289.1 TOTAL laps=0 crashes=0
t=289.1 TUNER gen=0 results=0/64 pending=8 active=8 remaining=64 next_trial=9 rounds=[1,1,1,1,1,1,1,1]
t=298.3 LZ_REACHED craft=Aircraft_11_nav_r3_3 route=3 outbound=224.2s t=298.3
t=314.4 LZ_REACHED craft=Aircraft_11_nav_r7_7 route=7 outbound=159.9s t=314.4
t=319.0 ==== SUMMARY t=319.0 ====
t=319.1 route=1 laps=0 crashes=0 avg_out=153.0s avg_ret=0.0s avg_lap=0.0s best_lap=-
t=319.1 route=2 laps=0 crashes=0 avg_out=184.0s avg_ret=0.0s avg_lap=0.0s best_lap=-
t=319.1 route=3 laps=0 crashes=0 avg_out=224.2s avg_ret=0.0s avg_lap=0.0s best_lap=-
t=319.1 route=4 laps=0 crashes=0 avg_out=178.1s avg_ret=0.0s avg_lap=0.0s best_lap=-
t=319.1 route=5 laps=0 crashes=0 avg_out=0.0s avg_ret=0.0s avg_lap=0.0s best_lap=-
t=319.1 route=6 laps=0 crashes=0 avg_out=139.0s avg_ret=0.0s avg_lap=0.0s best_lap=-
t=319.1 route=7 laps=0 crashes=0 avg_out=159.9s avg_ret=0.0s avg_lap=0.0s best_lap=-
t=319.1 route=8 laps=0 crashes=0 avg_out=0.0s avg_ret=0.0s avg_lap=0.0s best_lap=-
t=319.1 TOTAL laps=0 crashes=0
t=319.1 TUNER gen=0 results=0/64 pending=8 active=8 remaining=64 next_trial=9 rounds=[1,1,1,1,1,1,1,1]
t=338.0 LAP_CAPTURE craft=Aircraft_11_nav_r1_1 route=1 return=138.9s lap=304.0s carrier_dist=200m t=338.0
t=341.6 LZ_REACHED craft=Aircraft_11_nav_r8_8 route=8 outbound=167.0s t=341.6
t=349.1 ==== SUMMARY t=349.1 ====
t=349.1 route=1 laps=1 crashes=0 avg_out=153.0s avg_ret=138.9s avg_lap=304.0s best_lap=304.0
t=349.1 route=2 laps=0 crashes=0 avg_out=184.0s avg_ret=0.0s avg_lap=0.0s best_lap=-
t=349.1 route=3 laps=0 crashes=0 avg_out=224.2s avg_ret=0.0s avg_lap=0.0s best_lap=-
t=349.1 route=4 laps=0 crashes=0 avg_out=178.1s avg_ret=0.0s avg_lap=0.0s best_lap=-
t=349.1 route=5 laps=0 crashes=0 avg_out=0.0s avg_ret=0.0s avg_lap=0.0s best_lap=-
t=349.1 route=6 laps=0 crashes=0 avg_out=139.0s avg_ret=0.0s avg_lap=0.0s best_lap=-
t=349.1 route=7 laps=0 crashes=0 avg_out=159.9s avg_ret=0.0s avg_lap=0.0s best_lap=-
t=349.1 route=8 laps=0 crashes=0 avg_out=167.0s avg_ret=0.0s avg_lap=0.0s best_lap=-
t=349.1 TOTAL laps=1 crashes=0
t=349.1 TUNER gen=0 results=1/64 pending=8 active=8 remaining=63 next_trial=10 rounds=[2,1,1,1,1,1,1,1]
t=355.3 SPAWN craft=Aircraft_11_nav_r1_9 route=1 candidate=2 trial=9 t=355.3
t=372.7 LZ_REACHED craft=Aircraft_11_nav_r5_5 route=5 outbound=258.4s t=372.7
t=379.1 ==== SUMMARY t=379.1 ====
t=379.1 route=1 laps=1 crashes=0 avg_out=153.0s avg_ret=138.9s avg_lap=304.0s best_lap=304.0
t=379.1 route=2 laps=0 crashes=0 avg_out=184.0s avg_ret=0.0s avg_lap=0.0s best_lap=-
t=379.1 route=3 laps=0 crashes=0 avg_out=224.2s avg_ret=0.0s avg_lap=0.0s best_lap=-
t=379.1 route=4 laps=0 crashes=0 avg_out=178.1s avg_ret=0.0s avg_lap=0.0s best_lap=-
t=379.1 route=5 laps=0 crashes=0 avg_out=258.4s avg_ret=0.0s avg_lap=0.0s best_lap=-
t=379.1 route=6 laps=0 crashes=0 avg_out=139.0s avg_ret=0.0s avg_lap=0.0s best_lap=-
t=379.1 route=7 laps=0 crashes=0 avg_out=159.9s avg_ret=0.0s avg_lap=0.0s best_lap=-
t=379.1 route=8 laps=0 crashes=0 avg_out=167.0s avg_ret=0.0s avg_lap=0.0s best_lap=-
t=379.1 TOTAL laps=1 crashes=0
t=379.1 TUNER gen=0 results=1/64 pending=8 active=8 remaining=63 next_trial=10 rounds=[2,1,1,1,1,1,1,1]
t=408.7 LAP_CAPTURE craft=Aircraft_11_nav_r6_6 route=6 return=123.3s lap=274.4s carrier_dist=200m t=408.7
t=409.2 ==== SUMMARY t=409.2 ====
t=409.2 route=1 laps=1 crashes=0 avg_out=153.0s avg_ret=138.9s avg_lap=304.0s best_lap=304.0
t=409.2 route=2 laps=0 crashes=0 avg_out=184.0s avg_ret=0.0s avg_lap=0.0s best_lap=-
t=409.2 route=3 laps=0 crashes=0 avg_out=224.2s avg_ret=0.0s avg_lap=0.0s best_lap=-
t=409.2 route=4 laps=0 crashes=0 avg_out=178.1s avg_ret=0.0s avg_lap=0.0s best_lap=-
t=409.2 route=5 laps=0 crashes=0 avg_out=258.4s avg_ret=0.0s avg_lap=0.0s best_lap=-
t=409.2 route=6 laps=1 crashes=0 avg_out=139.0s avg_ret=123.3s avg_lap=274.4s best_lap=274.4
t=409.2 route=7 laps=0 crashes=0 avg_out=159.9s avg_ret=0.0s avg_lap=0.0s best_lap=-
t=409.2 route=8 laps=0 crashes=0 avg_out=167.0s avg_ret=0.0s avg_lap=0.0s best_lap=-
t=409.2 TOTAL laps=2 crashes=0
t=409.2 TUNER gen=0 results=2/64 pending=7 active=7 remaining=62 next_trial=10 rounds=[2,1,1,1,1,1,1,1]
t=421.9 LAP_CAPTURE craft=Aircraft_11_nav_r4_4 route=4 return=137.5s lap=327.6s carrier_dist=200m t=421.9
t=425.6 SPAWN craft=Aircraft_11_nav_r6_10 route=6 candidate=7 trial=10 t=425.6
t=430.3 LAUNCH_BLOCKED reason=cleared_unready_nav_deck_aircraft active=7 stored=1 no_active_s=0.0 state=IDLE tractor_cleanup=false elevator_transfer=false deck=Aircraft_11_nav_r6_10 pending=none clearance=none queue=0
t=439.2 ==== SUMMARY t=439.2 ====
t=439.2 route=1 laps=1 crashes=0 avg_out=153.0s avg_ret=138.9s avg_lap=304.0s best_lap=304.0
t=439.2 route=2 laps=0 crashes=0 avg_out=184.0s avg_ret=0.0s avg_lap=0.0s best_lap=-
t=439.2 route=3 laps=0 crashes=0 avg_out=224.2s avg_ret=0.0s avg_lap=0.0s best_lap=-
t=439.2 route=4 laps=1 crashes=0 avg_out=178.1s avg_ret=137.5s avg_lap=327.6s best_lap=327.6
t=439.2 route=5 laps=0 crashes=0 avg_out=258.4s avg_ret=0.0s avg_lap=0.0s best_lap=-
t=439.2 route=6 laps=1 crashes=0 avg_out=139.0s avg_ret=123.3s avg_lap=274.4s best_lap=274.4
t=439.2 route=7 laps=0 crashes=0 avg_out=159.9s avg_ret=0.0s avg_lap=0.0s best_lap=-
t=439.2 route=8 laps=0 crashes=0 avg_out=167.0s avg_ret=0.0s avg_lap=0.0s best_lap=-
t=439.2 TOTAL laps=3 crashes=0
t=439.2 TUNER gen=0 results=3/64 pending=8 active=8 remaining=61 next_trial=12 rounds=[2,1,1,2,1,2,1,1]
t=445.6 SPAWN craft=Aircraft_11_nav_r4_11 route=4 candidate=5 trial=11 t=445.6
t=450.9 LAP_CAPTURE craft=Aircraft_11_nav_r7_7 route=7 return=124.4s lap=296.3s carrier_dist=200m t=450.9
t=453.1 LAP_CAPTURE craft=Aircraft_11_nav_r2_2 route=2 return=203.0s lap=399.1s carrier_dist=200m t=453.1
t=460.4 LAUNCH_BLOCKED reason=deck_busy active=7 stored=1 no_active_s=0.0 state=RETRIEVING_FROM_HANGAR tractor_cleanup=false elevator_transfer=false deck=Aircraft_11_nav_r2_12 pending=none clearance=none queue=0
t=469.2 ==== SUMMARY t=469.2 ====
t=469.2 route=1 laps=1 crashes=0 avg_out=153.0s avg_ret=138.9s avg_lap=304.0s best_lap=304.0
t=469.2 route=2 laps=1 crashes=0 avg_out=184.0s avg_ret=203.0s avg_lap=399.1s best_lap=399.1
t=469.2 route=3 laps=0 crashes=0 avg_out=224.2s avg_ret=0.0s avg_lap=0.0s best_lap=-
t=469.2 route=4 laps=1 crashes=0 avg_out=178.1s avg_ret=137.5s avg_lap=327.6s best_lap=327.6
t=469.2 route=5 laps=0 crashes=0 avg_out=258.4s avg_ret=0.0s avg_lap=0.0s best_lap=-
t=469.2 route=6 laps=1 crashes=0 avg_out=139.0s avg_ret=123.3s avg_lap=274.4s best_lap=274.4
t=469.2 route=7 laps=1 crashes=0 avg_out=159.9s avg_ret=124.4s avg_lap=296.3s best_lap=296.3
t=469.2 route=8 laps=0 crashes=0 avg_out=167.0s avg_ret=0.0s avg_lap=0.0s best_lap=-
t=469.2 TOTAL laps=5 crashes=0
t=469.2 TUNER gen=0 results=5/64 pending=7 active=7 remaining=59 next_trial=13 rounds=[2,2,1,2,1,2,1,1]
t=470.7 SPAWN craft=Aircraft_11_nav_r2_12 route=2 candidate=3 trial=12 t=470.7
t=475.5 LAUNCH_BLOCKED reason=cleared_unready_nav_deck_aircraft active=7 stored=1 no_active_s=0.0 state=IDLE tractor_cleanup=false elevator_transfer=false deck=Aircraft_11_nav_r2_12 pending=none clearance=none queue=0
t=490.8 SPAWN craft=Aircraft_11_nav_r7_13 route=7 candidate=8 trial=13 t=490.8
t=499.2 ==== SUMMARY t=499.2 ====
t=499.2 route=1 laps=1 crashes=0 avg_out=153.0s avg_ret=138.9s avg_lap=304.0s best_lap=304.0
t=499.2 route=2 laps=1 crashes=0 avg_out=184.0s avg_ret=203.0s avg_lap=399.1s best_lap=399.1
t=499.2 route=3 laps=0 crashes=0 avg_out=224.2s avg_ret=0.0s avg_lap=0.0s best_lap=-
t=499.3 route=4 laps=1 crashes=0 avg_out=178.1s avg_ret=137.5s avg_lap=327.6s best_lap=327.6
t=499.3 route=5 laps=0 crashes=0 avg_out=258.4s avg_ret=0.0s avg_lap=0.0s best_lap=-
t=499.3 route=6 laps=1 crashes=0 avg_out=139.0s avg_ret=123.3s avg_lap=274.4s best_lap=274.4
t=499.3 route=7 laps=1 crashes=0 avg_out=159.9s avg_ret=124.4s avg_lap=296.3s best_lap=296.3
t=499.3 route=8 laps=0 crashes=0 avg_out=167.0s avg_ret=0.0s avg_lap=0.0s best_lap=-
t=499.3 TOTAL laps=5 crashes=0
t=499.3 TUNER gen=0 results=5/64 pending=8 active=8 remaining=59 next_trial=14 rounds=[2,2,1,2,1,2,2,1]
t=502.6 LAP_CAPTURE craft=Aircraft_11_nav_r8_8 route=8 return=149.0s lap=327.9s carrier_dist=200m t=502.6
t=507.0 LZ_REACHED craft=Aircraft_11_nav_r1_9 route=1 outbound=151.7s t=507.0
t=520.8 SPAWN craft=Aircraft_11_nav_r8_14 route=8 candidate=1 trial=14 t=520.8
t=529.2 ==== SUMMARY t=529.2 ====
t=529.2 route=1 laps=1 crashes=0 avg_out=152.4s avg_ret=138.9s avg_lap=304.0s best_lap=304.0
t=529.3 route=2 laps=1 crashes=0 avg_out=184.0s avg_ret=203.0s avg_lap=399.1s best_lap=399.1
t=529.3 route=3 laps=0 crashes=0 avg_out=224.2s avg_ret=0.0s avg_lap=0.0s best_lap=-
t=529.3 route=4 laps=1 crashes=0 avg_out=178.1s avg_ret=137.5s avg_lap=327.6s best_lap=327.6
t=529.3 route=5 laps=0 crashes=0 avg_out=258.4s avg_ret=0.0s avg_lap=0.0s best_lap=-
t=529.3 route=6 laps=1 crashes=0 avg_out=139.0s avg_ret=123.3s avg_lap=274.4s best_lap=274.4
t=529.3 route=7 laps=1 crashes=0 avg_out=159.9s avg_ret=124.4s avg_lap=296.3s best_lap=296.3
t=529.3 route=8 laps=1 crashes=0 avg_out=167.0s avg_ret=149.0s avg_lap=327.9s best_lap=327.9
t=529.3 TOTAL laps=6 crashes=0
t=529.3 TUNER gen=0 results=6/64 pending=8 active=8 remaining=58 next_trial=15 rounds=[2,2,1,2,1,2,2,2]
t=554.1 LAP_CAPTURE craft=Aircraft_11_nav_r3_3 route=3 return=243.8s lap=480.0s carrier_dist=200m t=554.1
t=559.3 ==== SUMMARY t=559.3 ====
t=559.3 route=1 laps=1 crashes=0 avg_out=152.4s avg_ret=138.9s avg_lap=304.0s best_lap=304.0
t=559.3 route=2 laps=1 crashes=0 avg_out=184.0s avg_ret=203.0s avg_lap=399.1s best_lap=399.1
t=559.3 route=3 laps=1 crashes=0 avg_out=224.2s avg_ret=243.8s avg_lap=480.0s best_lap=480.0
t=559.3 route=4 laps=1 crashes=0 avg_out=178.1s avg_ret=137.5s avg_lap=327.6s best_lap=327.6
t=559.3 route=5 laps=0 crashes=0 avg_out=258.4s avg_ret=0.0s avg_lap=0.0s best_lap=-
t=559.3 route=6 laps=1 crashes=0 avg_out=139.0s avg_ret=123.3s avg_lap=274.4s best_lap=274.4
t=559.3 route=7 laps=1 crashes=0 avg_out=159.9s avg_ret=124.4s avg_lap=296.3s best_lap=296.3
t=559.3 route=8 laps=1 crashes=0 avg_out=167.0s avg_ret=149.0s avg_lap=327.9s best_lap=327.9
t=559.3 TOTAL laps=7 crashes=0
t=559.3 TUNER gen=0 results=7/64 pending=7 active=7 remaining=57 next_trial=15 rounds=[2,2,1,2,1,2,2,2]
t=568.5 LZ_REACHED craft=Aircraft_11_nav_r6_10 route=6 outbound=142.9s t=568.5
t=571.0 SPAWN craft=Aircraft_11_nav_r3_15 route=3 candidate=4 trial=15 t=571.0
t=589.3 ==== SUMMARY t=589.3 ====
t=589.3 route=1 laps=1 crashes=0 avg_out=152.4s avg_ret=138.9s avg_lap=304.0s best_lap=304.0
t=589.4 route=2 laps=1 crashes=0 avg_out=184.0s avg_ret=203.0s avg_lap=399.1s best_lap=399.1
t=589.4 route=3 laps=1 crashes=0 avg_out=224.2s avg_ret=243.8s avg_lap=480.0s best_lap=480.0
t=589.4 route=4 laps=1 crashes=0 avg_out=178.1s avg_ret=137.5s avg_lap=327.6s best_lap=327.6
t=589.4 route=5 laps=0 crashes=0 avg_out=258.4s avg_ret=0.0s avg_lap=0.0s best_lap=-
t=589.4 route=6 laps=1 crashes=0 avg_out=140.9s avg_ret=123.3s avg_lap=274.4s best_lap=274.4
t=589.4 route=7 laps=1 crashes=0 avg_out=159.9s avg_ret=124.4s avg_lap=296.3s best_lap=296.3
t=589.4 route=8 laps=1 crashes=0 avg_out=167.0s avg_ret=149.0s avg_lap=327.9s best_lap=327.9
t=589.4 TOTAL laps=7 crashes=0
t=589.4 TUNER gen=0 results=7/64 pending=8 active=8 remaining=57 next_trial=16 rounds=[2,2,2,2,1,2,2,2]
t=596.4 LAP_CAPTURE craft=Aircraft_11_nav_r5_5 route=5 return=211.7s lap=482.1s carrier_dist=200m t=596.4
t=616.2 SPAWN craft=Aircraft_11_nav_r5_16 route=5 candidate=6 trial=16 t=616.2
t=619.4 ==== SUMMARY t=619.4 ====
t=619.4 route=1 laps=1 crashes=0 avg_out=152.4s avg_ret=138.9s avg_lap=304.0s best_lap=304.0
t=619.4 route=2 laps=1 crashes=0 avg_out=184.0s avg_ret=203.0s avg_lap=399.1s best_lap=399.1
t=619.4 route=3 laps=1 crashes=0 avg_out=224.2s avg_ret=243.8s avg_lap=480.0s best_lap=480.0
t=619.4 route=4 laps=1 crashes=0 avg_out=178.1s avg_ret=137.5s avg_lap=327.6s best_lap=327.6
t=619.4 route=5 laps=1 crashes=0 avg_out=258.4s avg_ret=211.7s avg_lap=482.1s best_lap=482.1
t=619.4 route=6 laps=1 crashes=0 avg_out=140.9s avg_ret=123.3s avg_lap=274.4s best_lap=274.4
t=619.4 route=7 laps=1 crashes=0 avg_out=159.9s avg_ret=124.4s avg_lap=296.3s best_lap=296.3
t=619.4 route=8 laps=1 crashes=0 avg_out=167.0s avg_ret=149.0s avg_lap=327.9s best_lap=327.9
t=619.4 TOTAL laps=8 crashes=0
t=619.4 TUNER gen=0 results=8/64 pending=8 active=8 remaining=56 next_trial=17 rounds=[2,2,2,2,2,2,2,2]
t=623.4 LZ_REACHED craft=Aircraft_11_nav_r4_11 route=4 outbound=177.7s t=623.4
t=649.4 ==== SUMMARY t=649.4 ====
t=649.4 route=1 laps=1 crashes=0 avg_out=152.4s avg_ret=138.9s avg_lap=304.0s best_lap=304.0
t=649.4 route=2 laps=1 crashes=0 avg_out=184.0s avg_ret=203.0s avg_lap=399.1s best_lap=399.1
t=649.4 route=3 laps=1 crashes=0 avg_out=224.2s avg_ret=243.8s avg_lap=480.0s best_lap=480.0
t=649.4 route=4 laps=1 crashes=0 avg_out=177.9s avg_ret=137.5s avg_lap=327.6s best_lap=327.6
t=649.4 route=5 laps=1 crashes=0 avg_out=258.4s avg_ret=211.7s avg_lap=482.1s best_lap=482.1
t=649.4 route=6 laps=1 crashes=0 avg_out=140.9s avg_ret=123.3s avg_lap=274.4s best_lap=274.4
t=649.4 route=7 laps=1 crashes=0 avg_out=159.9s avg_ret=124.4s avg_lap=296.3s best_lap=296.3
t=649.4 route=8 laps=1 crashes=0 avg_out=167.0s avg_ret=149.0s avg_lap=327.9s best_lap=327.9
t=649.4 TOTAL laps=8 crashes=0
t=649.4 TUNER gen=0 results=8/64 pending=8 active=8 remaining=56 next_trial=17 rounds=[2,2,2,2,2,2,2,2]
t=651.4 LZ_REACHED craft=Aircraft_11_nav_r7_13 route=7 outbound=160.7s t=651.4
t=654.6 LZ_REACHED craft=Aircraft_11_nav_r2_12 route=2 outbound=183.9s t=654.6
t=655.9 LAP_CAPTURE craft=Aircraft_11_nav_r1_9 route=1 return=137.0s lap=300.7s carrier_dist=200m t=655.9
t=671.6 SPAWN craft=Aircraft_11_nav_r1_17 route=1 candidate=3 trial=17 t=671.6
t=679.5 ==== SUMMARY t=679.5 ====
t=679.5 route=1 laps=2 crashes=0 avg_out=152.4s avg_ret=137.9s avg_lap=302.3s best_lap=300.7
t=679.5 route=2 laps=1 crashes=0 avg_out=184.0s avg_ret=203.0s avg_lap=399.1s best_lap=399.1
t=679.5 route=3 laps=1 crashes=0 avg_out=224.2s avg_ret=243.8s avg_lap=480.0s best_lap=480.0
t=679.5 route=4 laps=1 crashes=0 avg_out=177.9s avg_ret=137.5s avg_lap=327.6s best_lap=327.6
t=679.5 route=5 laps=1 crashes=0 avg_out=258.4s avg_ret=211.7s avg_lap=482.1s best_lap=482.1
t=679.5 route=6 laps=1 crashes=0 avg_out=140.9s avg_ret=123.3s avg_lap=274.4s best_lap=274.4
t=679.5 route=7 laps=1 crashes=0 avg_out=160.3s avg_ret=124.4s avg_lap=296.3s best_lap=296.3
t=679.5 route=8 laps=1 crashes=0 avg_out=167.0s avg_ret=149.0s avg_lap=327.9s best_lap=327.9
t=679.5 TOTAL laps=9 crashes=0
t=679.5 TUNER gen=0 results=9/64 pending=8 active=8 remaining=55 next_trial=18 rounds=[3,2,2,2,2,2,2,2]
t=687.9 LZ_REACHED craft=Aircraft_11_nav_r8_14 route=8 outbound=167.1s t=687.9
t=705.7 LAP_CAPTURE craft=Aircraft_11_nav_r6_10 route=6 return=125.2s lap=280.1s carrier_dist=200m t=705.7
t=709.5 ==== SUMMARY t=709.5 ====
t=709.5 route=1 laps=2 crashes=0 avg_out=152.4s avg_ret=137.9s avg_lap=302.3s best_lap=300.7
t=709.5 route=2 laps=1 crashes=0 avg_out=184.0s avg_ret=203.0s avg_lap=399.1s best_lap=399.1
t=709.5 route=3 laps=1 crashes=0 avg_out=224.2s avg_ret=243.8s avg_lap=480.0s best_lap=480.0
t=709.5 route=4 laps=1 crashes=0 avg_out=177.9s avg_ret=137.5s avg_lap=327.6s best_lap=327.6
t=709.5 route=5 laps=1 crashes=0 avg_out=258.4s avg_ret=211.7s avg_lap=482.1s best_lap=482.1
t=709.5 route=6 laps=2 crashes=0 avg_out=140.9s avg_ret=124.3s avg_lap=277.2s best_lap=274.4
t=709.5 route=7 laps=1 crashes=0 avg_out=160.3s avg_ret=124.4s avg_lap=296.3s best_lap=296.3
t=709.5 route=8 laps=1 crashes=0 avg_out=167.0s avg_ret=149.0s avg_lap=327.9s best_lap=327.9
t=709.6 TOTAL laps=10 crashes=0
t=709.6 TUNER gen=0 results=10/64 pending=7 active=7 remaining=54 next_trial=18 rounds=[3,2,2,2,2,2,2,2]
t=721.6 SPAWN craft=Aircraft_11_nav_r6_18 route=6 candidate=8 trial=18 t=721.6
t=739.5 ==== SUMMARY t=739.5 ====
t=739.5 route=1 laps=2 crashes=0 avg_out=152.4s avg_ret=137.9s avg_lap=302.3s best_lap=300.7
t=739.6 route=2 laps=1 crashes=0 avg_out=184.0s avg_ret=203.0s avg_lap=399.1s best_lap=399.1
t=739.6 route=3 laps=1 crashes=0 avg_out=224.2s avg_ret=243.8s avg_lap=480.0s best_lap=480.0
t=739.6 route=4 laps=1 crashes=0 avg_out=177.9s avg_ret=137.5s avg_lap=327.6s best_lap=327.6
t=739.6 route=5 laps=1 crashes=0 avg_out=258.4s avg_ret=211.7s avg_lap=482.1s best_lap=482.1
t=739.6 route=6 laps=2 crashes=0 avg_out=140.9s avg_ret=124.3s avg_lap=277.2s best_lap=274.4
t=739.6 route=7 laps=1 crashes=0 avg_out=160.3s avg_ret=124.4s avg_lap=296.3s best_lap=296.3
t=739.6 route=8 laps=1 crashes=0 avg_out=167.0s avg_ret=149.0s avg_lap=327.9s best_lap=327.9
t=739.6 TOTAL laps=10 crashes=0
t=739.6 TUNER gen=0 results=10/64 pending=8 active=8 remaining=54 next_trial=19 rounds=[3,2,2,2,2,3,2,2]
t=757.9 CRASH craft=Aircraft_11_nav_r4_11 route=4 phase=2 t=757.9
t=759.9 CRASH craft=Aircraft_11_nav_r6_18 route=6 phase=0 t=759.9
t=766.6 LAUNCH_BLOCKED reason=deck_busy active=7 stored=1 no_active_s=0.0 state=RETRIEVING_FROM_HANGAR tractor_cleanup=false elevator_transfer=false deck=Aircraft_11_nav_r4_19 pending=none clearance=none queue=0
t=769.5 ==== SUMMARY t=769.5 ====
t=769.5 route=1 laps=2 crashes=0 avg_out=152.4s avg_ret=137.9s avg_lap=302.3s best_lap=300.7
t=769.6 route=2 laps=1 crashes=0 avg_out=184.0s avg_ret=203.0s avg_lap=399.1s best_lap=399.1
t=769.6 route=3 laps=1 crashes=0 avg_out=224.2s avg_ret=243.8s avg_lap=480.0s best_lap=480.0
t=769.6 route=4 laps=1 crashes=1 avg_out=177.9s avg_ret=137.5s avg_lap=327.6s best_lap=327.6
t=769.6 route=5 laps=1 crashes=0 avg_out=258.4s avg_ret=211.7s avg_lap=482.1s best_lap=482.1
t=769.6 route=6 laps=2 crashes=1 avg_out=140.9s avg_ret=124.3s avg_lap=277.2s best_lap=274.4
t=769.6 route=7 laps=1 crashes=0 avg_out=160.3s avg_ret=124.4s avg_lap=296.3s best_lap=296.3
t=769.6 route=8 laps=1 crashes=0 avg_out=167.0s avg_ret=149.0s avg_lap=327.9s best_lap=327.9
t=769.6 TOTAL laps=10 crashes=2
t=769.6 TUNER gen=0 results=12/64 pending=7 active=7 remaining=52 next_trial=20 rounds=[3,2,2,3,2,3,2,2]
t=776.9 SPAWN craft=Aircraft_11_nav_r4_19 route=4 candidate=6 trial=19 t=776.9
t=781.7 LAUNCH_BLOCKED reason=cleared_unready_nav_deck_aircraft active=7 stored=1 no_active_s=0.0 state=IDLE tractor_cleanup=false elevator_transfer=false deck=Aircraft_11_nav_r4_19 pending=none clearance=none queue=0
t=787.3 LZ_REACHED craft=Aircraft_11_nav_r3_15 route=3 outbound=216.3s t=787.3
t=788.7 LAP_CAPTURE craft=Aircraft_11_nav_r7_13 route=7 return=125.3s lap=298.0s carrier_dist=200m t=788.7
t=796.8 LAUNCH_BLOCKED reason=deck_busy active=7 stored=1 no_active_s=0.0 state=AIRCRAFT_ON_DECK tractor_cleanup=false elevator_transfer=false deck=Aircraft_11_nav_r6_20 pending=none clearance=none queue=0
t=796.9 SPAWN craft=Aircraft_11_nav_r6_20 route=6 candidate=1 trial=20 t=796.9
t=799.6 ==== SUMMARY t=799.6 ====
t=799.6 route=1 laps=2 crashes=0 avg_out=152.4s avg_ret=137.9s avg_lap=302.3s best_lap=300.7
t=799.6 route=2 laps=1 crashes=0 avg_out=184.0s avg_ret=203.0s avg_lap=399.1s best_lap=399.1
t=799.6 route=3 laps=1 crashes=0 avg_out=220.2s avg_ret=243.8s avg_lap=480.0s best_lap=480.0
t=799.6 route=4 laps=1 crashes=1 avg_out=177.9s avg_ret=137.5s avg_lap=327.6s best_lap=327.6
t=799.6 route=5 laps=1 crashes=0 avg_out=258.4s avg_ret=211.7s avg_lap=482.1s best_lap=482.1
t=799.6 route=6 laps=2 crashes=1 avg_out=140.9s avg_ret=124.3s avg_lap=277.2s best_lap=274.4
t=799.6 route=7 laps=2 crashes=0 avg_out=160.3s avg_ret=124.9s avg_lap=297.1s best_lap=296.3
t=799.6 route=8 laps=1 crashes=0 avg_out=167.0s avg_ret=149.0s avg_lap=327.9s best_lap=327.9
t=799.6 TOTAL laps=11 crashes=2
t=799.6 TUNER gen=0 results=13/64 pending=7 active=7 remaining=51 next_trial=21 rounds=[3,2,2,3,2,4,2,2]
t=817.1 SPAWN craft=Aircraft_11_nav_r7_21 route=7 candidate=1 trial=21 t=817.1
t=826.6 LZ_REACHED craft=Aircraft_11_nav_r1_17 route=1 outbound=155.0s t=826.6
t=829.6 ==== SUMMARY t=829.6 ====
t=829.6 route=1 laps=2 crashes=0 avg_out=153.2s avg_ret=137.9s avg_lap=302.3s best_lap=300.7
t=829.6 route=2 laps=1 crashes=0 avg_out=184.0s avg_ret=203.0s avg_lap=399.1s best_lap=399.1
t=829.6 route=3 laps=1 crashes=0 avg_out=220.2s avg_ret=243.8s avg_lap=480.0s best_lap=480.0
t=829.7 route=4 laps=1 crashes=1 avg_out=177.9s avg_ret=137.5s avg_lap=327.6s best_lap=327.6
t=829.7 route=5 laps=1 crashes=0 avg_out=258.4s avg_ret=211.7s avg_lap=482.1s best_lap=482.1
t=829.7 route=6 laps=2 crashes=1 avg_out=140.9s avg_ret=124.3s avg_lap=277.2s best_lap=274.4
t=829.7 route=7 laps=2 crashes=0 avg_out=160.3s avg_ret=124.9s avg_lap=297.1s best_lap=296.3
t=829.7 route=8 laps=1 crashes=0 avg_out=167.0s avg_ret=149.0s avg_lap=327.9s best_lap=327.9
t=829.7 TOTAL laps=11 crashes=2
t=829.7 TUNER gen=0 results=13/64 pending=8 active=8 remaining=51 next_trial=22 rounds=[3,2,2,3,2,4,3,2]
t=834.5 LAP_CAPTURE craft=Aircraft_11_nav_r8_14 route=8 return=134.6s lap=313.7s carrier_dist=200m t=834.5
t=852.2 SPAWN craft=Aircraft_11_nav_r8_22 route=8 candidate=2 trial=22 t=852.2
t=859.7 ==== SUMMARY t=859.7 ====
t=859.7 route=1 laps=2 crashes=0 avg_out=153.2s avg_ret=137.9s avg_lap=302.3s best_lap=300.7
t=859.7 route=2 laps=1 crashes=0 avg_out=184.0s avg_ret=203.0s avg_lap=399.1s best_lap=399.1
t=859.7 route=3 laps=1 crashes=0 avg_out=220.2s avg_ret=243.8s avg_lap=480.0s best_lap=480.0
t=859.7 route=4 laps=1 crashes=1 avg_out=177.9s avg_ret=137.5s avg_lap=327.6s best_lap=327.6
t=859.7 route=5 laps=1 crashes=0 avg_out=258.4s avg_ret=211.7s avg_lap=482.1s best_lap=482.1
t=859.7 route=6 laps=2 crashes=1 avg_out=140.9s avg_ret=124.3s avg_lap=277.2s best_lap=274.4
t=859.7 route=7 laps=2 crashes=0 avg_out=160.3s avg_ret=124.9s avg_lap=297.1s best_lap=296.3
t=859.7 route=8 laps=2 crashes=0 avg_out=167.0s avg_ret=141.8s avg_lap=320.8s best_lap=313.7
t=859.7 TOTAL laps=12 crashes=2
t=859.7 TUNER gen=0 results=14/64 pending=8 active=8 remaining=50 next_trial=23 rounds=[3,2,2,3,2,4,3,3]
t=862.3 LZ_REACHED craft=Aircraft_11_nav_r5_16 route=5 outbound=246.1s t=862.3
t=871.2 LAP_CAPTURE craft=Aircraft_11_nav_r2_12 route=2 return=204.6s lap=400.5s carrier_dist=200m t=871.2
t=887.4 SPAWN craft=Aircraft_11_nav_r2_23 route=2 candidate=4 trial=23 t=887.4
t=889.8 ==== SUMMARY t=889.8 ====
t=889.8 route=1 laps=2 crashes=0 avg_out=153.2s avg_ret=137.9s avg_lap=302.3s best_lap=300.7
t=889.8 route=2 laps=2 crashes=0 avg_out=184.0s avg_ret=203.8s avg_lap=399.8s best_lap=399.1
t=889.8 route=3 laps=1 crashes=0 avg_out=220.2s avg_ret=243.8s avg_lap=480.0s best_lap=480.0
t=889.8 route=4 laps=1 crashes=1 avg_out=177.9s avg_ret=137.5s avg_lap=327.6s best_lap=327.6
t=889.8 route=5 laps=1 crashes=0 avg_out=252.2s avg_ret=211.7s avg_lap=482.1s best_lap=482.1
t=889.8 route=6 laps=2 crashes=1 avg_out=140.9s avg_ret=124.3s avg_lap=277.2s best_lap=274.4
t=889.8 route=7 laps=2 crashes=0 avg_out=160.3s avg_ret=124.9s avg_lap=297.1s best_lap=296.3
t=889.8 route=8 laps=2 crashes=0 avg_out=167.0s avg_ret=141.8s avg_lap=320.8s best_lap=313.7
t=889.8 TOTAL laps=13 crashes=2
t=889.8 TUNER gen=0 results=15/64 pending=8 active=8 remaining=49 next_trial=24 rounds=[3,3,2,3,2,4,3,3]
t=919.8 ==== SUMMARY t=919.8 ====
t=919.8 route=1 laps=2 crashes=0 avg_out=153.2s avg_ret=137.9s avg_lap=302.3s best_lap=300.7
t=919.8 route=2 laps=2 crashes=0 avg_out=184.0s avg_ret=203.8s avg_lap=399.8s best_lap=399.1
t=919.8 route=3 laps=1 crashes=0 avg_out=220.2s avg_ret=243.8s avg_lap=480.0s best_lap=480.0
t=919.8 route=4 laps=1 crashes=1 avg_out=177.9s avg_ret=137.5s avg_lap=327.6s best_lap=327.6
t=919.8 route=5 laps=1 crashes=0 avg_out=252.2s avg_ret=211.7s avg_lap=482.1s best_lap=482.1
t=919.8 route=6 laps=2 crashes=1 avg_out=140.9s avg_ret=124.3s avg_lap=277.2s best_lap=274.4
t=919.8 route=7 laps=2 crashes=0 avg_out=160.3s avg_ret=124.9s avg_lap=297.1s best_lap=296.3
t=919.8 route=8 laps=2 crashes=0 avg_out=167.0s avg_ret=141.8s avg_lap=320.8s best_lap=313.7
t=919.8 TOTAL laps=13 crashes=2
t=919.8 TUNER gen=0 results=15/64 pending=8 active=8 remaining=49 next_trial=24 rounds=[3,3,2,3,2,4,3,3]
t=944.1 LZ_REACHED craft=Aircraft_11_nav_r6_20 route=6 outbound=147.1s t=944.1
t=949.8 ==== SUMMARY t=949.8 ====
t=949.8 route=1 laps=2 crashes=0 avg_out=153.2s avg_ret=137.9s avg_lap=302.3s best_lap=300.7
t=949.8 route=2 laps=2 crashes=0 avg_out=184.0s avg_ret=203.8s avg_lap=399.8s best_lap=399.1
t=949.8 route=3 laps=1 crashes=0 avg_out=220.2s avg_ret=243.8s avg_lap=480.0s best_lap=480.0
t=949.8 route=4 laps=1 crashes=1 avg_out=177.9s avg_ret=137.5s avg_lap=327.6s best_lap=327.6
t=949.8 route=5 laps=1 crashes=0 avg_out=252.2s avg_ret=211.7s avg_lap=482.1s best_lap=482.1
t=949.8 route=6 laps=2 crashes=1 avg_out=143.0s avg_ret=124.3s avg_lap=277.2s best_lap=274.4
t=949.8 route=7 laps=2 crashes=0 avg_out=160.3s avg_ret=124.9s avg_lap=297.1s best_lap=296.3
t=949.8 route=8 laps=2 crashes=0 avg_out=167.0s avg_ret=141.8s avg_lap=320.8s best_lap=313.7
t=949.8 TOTAL laps=13 crashes=2
t=949.9 TUNER gen=0 results=15/64 pending=8 active=8 remaining=49 next_trial=24 rounds=[3,3,2,3,2,4,3,3]
t=952.9 LZ_REACHED craft=Aircraft_11_nav_r4_19 route=4 outbound=176.1s t=952.9
t=978.0 LAP_CAPTURE craft=Aircraft_11_nav_r1_17 route=1 return=139.5s lap=306.5s carrier_dist=200m t=978.0
t=979.3 LZ_REACHED craft=Aircraft_11_nav_r7_21 route=7 outbound=162.2s t=979.3
t=979.8 ==== SUMMARY t=979.8 ====
t=979.8 route=1 laps=3 crashes=0 avg_out=153.2s avg_ret=138.4s avg_lap=303.7s best_lap=300.7
t=979.8 route=2 laps=2 crashes=0 avg_out=184.0s avg_ret=203.8s avg_lap=399.8s best_lap=399.1
t=979.8 route=3 laps=1 crashes=0 avg_out=220.2s avg_ret=243.8s avg_lap=480.0s best_lap=480.0
t=979.8 route=4 laps=1 crashes=1 avg_out=177.3s avg_ret=137.5s avg_lap=327.6s best_lap=327.6
t=979.8 route=5 laps=1 crashes=0 avg_out=252.2s avg_ret=211.7s avg_lap=482.1s best_lap=482.1
t=979.8 route=6 laps=2 crashes=1 avg_out=143.0s avg_ret=124.3s avg_lap=277.2s best_lap=274.4
t=979.8 route=7 laps=2 crashes=0 avg_out=160.9s avg_ret=124.9s avg_lap=297.1s best_lap=296.3
t=979.8 route=8 laps=2 crashes=0 avg_out=167.0s avg_ret=141.8s avg_lap=320.8s best_lap=313.7
t=979.8 TOTAL laps=14 crashes=2
t=979.9 TUNER gen=0 results=16/64 pending=7 active=7 remaining=48 next_trial=24 rounds=[3,3,2,3,2,4,3,3]
t=997.8 SPAWN craft=Aircraft_11_nav_r1_24 route=1 candidate=4 trial=24 t=997.8
t=1009.8 ==== SUMMARY t=1009.8 ====
t=1009.8 route=1 laps=3 crashes=0 avg_out=153.2s avg_ret=138.4s avg_lap=303.7s best_lap=300.7
t=1009.8 route=2 laps=2 crashes=0 avg_out=184.0s avg_ret=203.8s avg_lap=399.8s best_lap=399.1
t=1009.8 route=3 laps=1 crashes=0 avg_out=220.2s avg_ret=243.8s avg_lap=480.0s best_lap=480.0
t=1009.8 route=4 laps=1 crashes=1 avg_out=177.3s avg_ret=137.5s avg_lap=327.6s best_lap=327.6
t=1009.8 route=5 laps=1 crashes=0 avg_out=252.2s avg_ret=211.7s avg_lap=482.1s best_lap=482.1
t=1009.9 route=6 laps=2 crashes=1 avg_out=143.0s avg_ret=124.3s avg_lap=277.2s best_lap=274.4
t=1009.9 route=7 laps=2 crashes=0 avg_out=160.9s avg_ret=124.9s avg_lap=297.1s best_lap=296.3
t=1009.9 route=8 laps=2 crashes=0 avg_out=167.0s avg_ret=141.8s avg_lap=320.8s best_lap=313.7
t=1009.9 TOTAL laps=14 crashes=2
t=1009.9 TUNER gen=0 results=16/64 pending=8 active=8 remaining=48 next_trial=25 rounds=[4,3,2,3,2,4,3,3]
t=1018.9 LZ_REACHED craft=Aircraft_11_nav_r8_22 route=8 outbound=166.7s t=1018.9
t=1039.8 ==== SUMMARY t=1039.8 ====
t=1039.8 route=1 laps=3 crashes=0 avg_out=153.2s avg_ret=138.4s avg_lap=303.7s best_lap=300.7
t=1039.9 route=2 laps=2 crashes=0 avg_out=184.0s avg_ret=203.8s avg_lap=399.8s best_lap=399.1
t=1039.9 route=3 laps=1 crashes=0 avg_out=220.2s avg_ret=243.8s avg_lap=480.0s best_lap=480.0
t=1039.9 route=4 laps=1 crashes=1 avg_out=177.3s avg_ret=137.5s avg_lap=327.6s best_lap=327.6
t=1039.9 route=5 laps=1 crashes=0 avg_out=252.2s avg_ret=211.7s avg_lap=482.1s best_lap=482.1
t=1039.9 route=6 laps=2 crashes=1 avg_out=143.0s avg_ret=124.3s avg_lap=277.2s best_lap=274.4
t=1039.9 route=7 laps=2 crashes=0 avg_out=160.9s avg_ret=124.9s avg_lap=297.1s best_lap=296.3
t=1039.9 route=8 laps=2 crashes=0 avg_out=166.9s avg_ret=141.8s avg_lap=320.8s best_lap=313.7
t=1039.9 TOTAL laps=14 crashes=2
t=1039.9 TUNER gen=0 results=16/64 pending=8 active=8 remaining=48 next_trial=25 rounds=[4,3,2,3,2,4,3,3]
t=1053.8 LAP_CAPTURE craft=Aircraft_11_nav_r3_15 route=3 return=254.5s lap=482.8s carrier_dist=200m t=1053.8
t=1062.2 LZ_REACHED craft=Aircraft_11_nav_r2_23 route=2 outbound=174.8s t=1062.2
t=1069.9 ==== SUMMARY t=1069.9 ====
t=1069.9 route=1 laps=3 crashes=0 avg_out=153.2s avg_ret=138.4s avg_lap=303.7s best_lap=300.7
t=1069.9 route=2 laps=2 crashes=0 avg_out=180.9s avg_ret=203.8s avg_lap=399.8s best_lap=399.1
t=1069.9 route=3 laps=2 crashes=0 avg_out=220.2s avg_ret=249.2s avg_lap=481.4s best_lap=480.0
t=1069.9 route=4 laps=1 crashes=1 avg_out=177.3s avg_ret=137.5s avg_lap=327.6s best_lap=327.6
t=1069.9 route=5 laps=1 crashes=0 avg_out=252.2s avg_ret=211.7s avg_lap=482.1s best_lap=482.1
t=1069.9 route=6 laps=2 crashes=1 avg_out=143.0s avg_ret=124.3s avg_lap=277.2s best_lap=274.4
t=1069.9 route=7 laps=2 crashes=0 avg_out=160.9s avg_ret=124.9s avg_lap=297.1s best_lap=296.3
t=1069.9 route=8 laps=2 crashes=0 avg_out=166.9s avg_ret=141.8s avg_lap=320.8s best_lap=313.7
t=1069.9 TOTAL laps=15 crashes=2
t=1069.9 TUNER gen=0 results=17/64 pending=8 active=8 remaining=47 next_trial=26 rounds=[4,3,3,3,2,4,3,3]
t=1073.0 SPAWN craft=Aircraft_11_nav_r3_25 route=3 candidate=5 trial=25 t=1073.0
t=1079.2 LAP_CAPTURE craft=Aircraft_11_nav_r5_16 route=5 return=204.9s lap=463.0s carrier_dist=200m t=1079.2
t=1082.1 LAP_CAPTURE craft=Aircraft_11_nav_r6_20 route=6 return=126.1s lap=285.2s carrier_dist=200m t=1082.1
t=1087.9 LAUNCH_BLOCKED reason=deck_busy active=7 stored=1 no_active_s=0.0 state=RETRIEVING_FROM_HANGAR tractor_cleanup=false elevator_transfer=false deck=Aircraft_11_nav_r5_26 pending=none clearance=none queue=0
t=1098.2 SPAWN craft=Aircraft_11_nav_r5_26 route=5 candidate=7 trial=26 t=1098.2
t=1100.0 ==== SUMMARY t=1100.0 ====
t=1100.0 route=1 laps=3 crashes=0 avg_out=153.2s avg_ret=138.4s avg_lap=303.7s best_lap=300.7
t=1100.0 route=2 laps=2 crashes=0 avg_out=180.9s avg_ret=203.8s avg_lap=399.8s best_lap=399.1
t=1100.0 route=3 laps=2 crashes=0 avg_out=220.2s avg_ret=249.2s avg_lap=481.4s best_lap=480.0
t=1100.0 route=4 laps=1 crashes=1 avg_out=177.3s avg_ret=137.5s avg_lap=327.6s best_lap=327.6
t=1100.0 route=5 laps=2 crashes=0 avg_out=252.2s avg_ret=208.3s avg_lap=472.5s best_lap=463.0
t=1100.0 route=6 laps=3 crashes=1 avg_out=143.0s avg_ret=124.9s avg_lap=279.9s best_lap=274.4
t=1100.0 route=7 laps=2 crashes=0 avg_out=160.9s avg_ret=124.9s avg_lap=297.1s best_lap=296.3
t=1100.0 route=8 laps=2 crashes=0 avg_out=166.9s avg_ret=141.8s avg_lap=320.8s best_lap=313.7
t=1100.0 TOTAL laps=17 crashes=2
t=1100.0 TUNER gen=0 results=19/64 pending=7 active=7 remaining=45 next_trial=27 rounds=[4,3,3,3,3,4,3,3]
t=1100.2 LAP_CAPTURE craft=Aircraft_11_nav_r4_19 route=4 return=135.2s lap=323.3s carrier_dist=200m t=1100.2
t=1103.0 LAUNCH_BLOCKED reason=cleared_unready_nav_deck_aircraft active=6 stored=1 no_active_s=0.0 state=IDLE tractor_cleanup=false elevator_transfer=false deck=Aircraft_11_nav_r5_26 pending=none clearance=none queue=0
t=1115.8 LAP_CAPTURE craft=Aircraft_11_nav_r7_21 route=7 return=124.5s lap=298.7s carrier_dist=200m t=1115.8
t=1118.0 LAUNCH_BLOCKED reason=deck_busy active=6 stored=1 no_active_s=0.0 state=AIRCRAFT_ON_DECK tractor_cleanup=false elevator_transfer=false deck=Aircraft_11_nav_r6_27 pending=none clearance=none queue=0
t=1118.2 SPAWN craft=Aircraft_11_nav_r6_27 route=6 candidate=2 trial=27 t=1118.2
t=1130.0 ==== SUMMARY t=1130.0 ====
t=1130.0 route=1 laps=3 crashes=0 avg_out=153.2s avg_ret=138.4s avg_lap=303.7s best_lap=300.7
t=1130.0 route=2 laps=2 crashes=0 avg_out=180.9s avg_ret=203.8s avg_lap=399.8s best_lap=399.1
t=1130.0 route=3 laps=2 crashes=0 avg_out=220.2s avg_ret=249.2s avg_lap=481.4s best_lap=480.0
t=1130.0 route=4 laps=2 crashes=1 avg_out=177.3s avg_ret=136.4s avg_lap=325.5s best_lap=323.3
t=1130.0 route=5 laps=2 crashes=0 avg_out=252.2s avg_ret=208.3s avg_lap=472.5s best_lap=463.0
t=1130.0 route=6 laps=3 crashes=1 avg_out=143.0s avg_ret=124.9s avg_lap=279.9s best_lap=274.4
t=1130.0 route=7 laps=3 crashes=0 avg_out=160.9s avg_ret=124.7s avg_lap=297.7s best_lap=296.3
t=1130.0 route=8 laps=2 crashes=0 avg_out=166.9s avg_ret=141.8s avg_lap=320.8s best_lap=313.7
t=1130.0 TOTAL laps=19 crashes=2
t=1130.0 TUNER gen=0 results=21/64 pending=6 active=6 remaining=43 next_trial=28 rounds=[4,3,3,3,3,5,3,3]
t=1133.1 LAUNCH_BLOCKED reason=deck_busy active=7 stored=1 no_active_s=0.0 state=AIRCRAFT_ON_DECK tractor_cleanup=false elevator_transfer=true deck=Aircraft_11_nav_r4_28 pending=none clearance=none queue=0
t=1138.3 SPAWN craft=Aircraft_11_nav_r4_28 route=4 candidate=7 trial=28 t=1138.3
t=1140.6 LZ_REACHED craft=Aircraft_11_nav_r1_24 route=1 outbound=142.8s t=1140.6
t=1158.3 SPAWN craft=Aircraft_11_nav_r7_29 route=7 candidate=2 trial=29 t=1158.3
t=1160.0 ==== SUMMARY t=1160.0 ====
t=1160.0 route=1 laps=3 crashes=0 avg_out=150.6s avg_ret=138.4s avg_lap=303.7s best_lap=300.7
t=1160.0 route=2 laps=2 crashes=0 avg_out=180.9s avg_ret=203.8s avg_lap=399.8s best_lap=399.1
t=1160.0 route=3 laps=2 crashes=0 avg_out=220.2s avg_ret=249.2s avg_lap=481.4s best_lap=480.0
t=1160.0 route=4 laps=2 crashes=1 avg_out=177.3s avg_ret=136.4s avg_lap=325.5s best_lap=323.3
t=1160.1 route=5 laps=2 crashes=0 avg_out=252.2s avg_ret=208.3s avg_lap=472.5s best_lap=463.0
t=1160.1 route=6 laps=3 crashes=1 avg_out=143.0s avg_ret=124.9s avg_lap=279.9s best_lap=274.4
t=1160.1 route=7 laps=3 crashes=0 avg_out=160.9s avg_ret=124.7s avg_lap=297.7s best_lap=296.3
t=1160.1 route=8 laps=2 crashes=0 avg_out=166.9s avg_ret=141.8s avg_lap=320.8s best_lap=313.7
t=1160.1 TOTAL laps=19 crashes=2
t=1160.1 TUNER gen=0 results=21/64 pending=8 active=8 remaining=43 next_trial=30 rounds=[4,3,3,4,3,5,4,3]
t=1179.5 LAP_CAPTURE craft=Aircraft_11_nav_r8_22 route=8 return=148.6s lap=327.3s carrier_dist=200m t=1179.5
t=1190.0 ==== SUMMARY t=1190.0 ====
t=1190.0 route=1 laps=3 crashes=0 avg_out=150.6s avg_ret=138.4s avg_lap=303.7s best_lap=300.7
t=1190.0 route=2 laps=2 crashes=0 avg_out=180.9s avg_ret=203.8s avg_lap=399.8s best_lap=399.1
t=1190.0 route=3 laps=2 crashes=0 avg_out=220.2s avg_ret=249.2s avg_lap=481.4s best_lap=480.0
t=1190.0 route=4 laps=2 crashes=1 avg_out=177.3s avg_ret=136.4s avg_lap=325.5s best_lap=323.3
t=1190.1 route=5 laps=2 crashes=0 avg_out=252.2s avg_ret=208.3s avg_lap=472.5s best_lap=463.0
t=1190.1 route=6 laps=3 crashes=1 avg_out=143.0s avg_ret=124.9s avg_lap=279.9s best_lap=274.4
t=1190.1 route=7 laps=3 crashes=0 avg_out=160.9s avg_ret=124.7s avg_lap=297.7s best_lap=296.3
t=1190.1 route=8 laps=3 crashes=0 avg_out=166.9s avg_ret=144.1s avg_lap=323.0s best_lap=313.7
t=1190.1 TOTAL laps=20 crashes=2
t=1190.1 TUNER gen=0 results=22/64 pending=7 active=7 remaining=42 next_trial=30 rounds=[4,3,3,4,3,5,4,3]
t=1198.6 SPAWN craft=Aircraft_11_nav_r8_30 route=8 candidate=3 trial=30 t=1198.6
t=1220.1 ==== SUMMARY t=1220.1 ====
t=1220.1 route=1 laps=3 crashes=0 avg_out=150.6s avg_ret=138.4s avg_lap=303.7s best_lap=300.7
t=1220.1 route=2 laps=2 crashes=0 avg_out=180.9s avg_ret=203.8s avg_lap=399.8s best_lap=399.1
t=1220.1 route=3 laps=2 crashes=0 avg_out=220.2s avg_ret=249.2s avg_lap=481.4s best_lap=480.0
t=1220.1 route=4 laps=2 crashes=1 avg_out=177.3s avg_ret=136.4s avg_lap=325.5s best_lap=323.3
t=1220.1 route=5 laps=2 crashes=0 avg_out=252.2s avg_ret=208.3s avg_lap=472.5s best_lap=463.0
t=1220.1 route=6 laps=3 crashes=1 avg_out=143.0s avg_ret=124.9s avg_lap=279.9s best_lap=274.4
t=1220.1 route=7 laps=3 crashes=0 avg_out=160.9s avg_ret=124.7s avg_lap=297.7s best_lap=296.3
t=1220.1 route=8 laps=3 crashes=0 avg_out=166.9s avg_ret=144.1s avg_lap=323.0s best_lap=313.7
t=1220.1 TOTAL laps=20 crashes=2
t=1220.1 TUNER gen=0 results=22/64 pending=8 active=8 remaining=42 next_trial=31 rounds=[4,3,3,4,3,5,4,4]
t=1250.1 ==== SUMMARY t=1250.1 ====
t=1250.1 route=1 laps=3 crashes=0 avg_out=150.6s avg_ret=138.4s avg_lap=303.7s best_lap=300.7
t=1250.1 route=2 laps=2 crashes=0 avg_out=180.9s avg_ret=203.8s avg_lap=399.8s best_lap=399.1
t=1250.1 route=3 laps=2 crashes=0 avg_out=220.2s avg_ret=249.2s avg_lap=481.4s best_lap=480.0
t=1250.1 route=4 laps=2 crashes=1 avg_out=177.3s avg_ret=136.4s avg_lap=325.5s best_lap=323.3
t=1250.1 route=5 laps=2 crashes=0 avg_out=252.2s avg_ret=208.3s avg_lap=472.5s best_lap=463.0
t=1250.1 route=6 laps=3 crashes=1 avg_out=143.0s avg_ret=124.9s avg_lap=279.9s best_lap=274.4
t=1250.1 route=7 laps=3 crashes=0 avg_out=160.9s avg_ret=124.7s avg_lap=297.7s best_lap=296.3
t=1250.1 route=8 laps=3 crashes=0 avg_out=166.9s avg_ret=144.1s avg_lap=323.0s best_lap=313.7
t=1250.1 TOTAL laps=20 crashes=2
t=1250.1 TUNER gen=0 results=22/64 pending=8 active=8 remaining=42 next_trial=31 rounds=[4,3,3,4,3,5,4,4]
t=1266.1 LZ_REACHED craft=Aircraft_11_nav_r6_27 route=6 outbound=147.8s t=1266.1
t=1280.1 ==== SUMMARY t=1280.1 ====
t=1280.1 route=1 laps=3 crashes=0 avg_out=150.6s avg_ret=138.4s avg_lap=303.7s best_lap=300.7
t=1280.1 route=2 laps=2 crashes=0 avg_out=180.9s avg_ret=203.8s avg_lap=399.8s best_lap=399.1
t=1280.1 route=3 laps=2 crashes=0 avg_out=220.2s avg_ret=249.2s avg_lap=481.4s best_lap=480.0
t=1280.1 route=4 laps=2 crashes=1 avg_out=177.3s avg_ret=136.4s avg_lap=325.5s best_lap=323.3
t=1280.1 route=5 laps=2 crashes=0 avg_out=252.2s avg_ret=208.3s avg_lap=472.5s best_lap=463.0
t=1280.1 route=6 laps=3 crashes=1 avg_out=144.2s avg_ret=124.9s avg_lap=279.9s best_lap=274.4
t=1280.1 route=7 laps=3 crashes=0 avg_out=160.9s avg_ret=124.7s avg_lap=297.7s best_lap=296.3
t=1280.1 route=8 laps=3 crashes=0 avg_out=166.9s avg_ret=144.1s avg_lap=323.0s best_lap=313.7
t=1280.1 TOTAL laps=20 crashes=2
t=1280.1 TUNER gen=0 results=22/64 pending=8 active=8 remaining=42 next_trial=31 rounds=[4,3,3,4,3,5,4,4]
t=1280.6 LAP_CAPTURE craft=Aircraft_11_nav_r2_23 route=2 return=206.3s lap=393.2s carrier_dist=200m t=1280.6
t=1285.2 LAP_CAPTURE craft=Aircraft_11_nav_r1_24 route=1 return=132.6s lap=287.4s carrier_dist=200m t=1285.2
t=1288.6 LAUNCH_BLOCKED reason=cleared_unready_nav_deck_aircraft active=6 stored=1 no_active_s=0.0 state=IDLE tractor_cleanup=false elevator_transfer=false deck=Aircraft_11_nav_r8_30 pending=none clearance=none queue=0
t=1291.4 LZ_REACHED craft=Aircraft_11_nav_r3_25 route=3 outbound=218.3s t=1291.4
t=1303.7 LAUNCH_BLOCKED reason=deck_busy active=7 stored=1 no_active_s=0.0 state=AIRCRAFT_ON_DECK tractor_cleanup=false elevator_transfer=false deck=Aircraft_11_nav_r2_31 pending=none clearance=none queue=0
t=1303.9 SPAWN craft=Aircraft_11_nav_r2_31 route=2 candidate=5 trial=31 t=1303.9
t=1310.1 ==== SUMMARY t=1310.1 ====
t=1310.1 route=1 laps=4 crashes=0 avg_out=150.6s avg_ret=137.0s avg_lap=299.6s best_lap=287.4
t=1310.1 route=2 laps=3 crashes=0 avg_out=180.9s avg_ret=204.6s avg_lap=397.6s best_lap=393.2
t=1310.1 route=3 laps=2 crashes=0 avg_out=219.6s avg_ret=249.2s avg_lap=481.4s best_lap=480.0
t=1310.1 route=4 laps=2 crashes=1 avg_out=177.3s avg_ret=136.4s avg_lap=325.5s best_lap=323.3
t=1310.1 route=5 laps=2 crashes=0 avg_out=252.2s avg_ret=208.3s avg_lap=472.5s best_lap=463.0
t=1310.1 route=6 laps=3 crashes=1 avg_out=144.2s avg_ret=124.9s avg_lap=279.9s best_lap=274.4
t=1310.1 route=7 laps=3 crashes=0 avg_out=160.9s avg_ret=124.7s avg_lap=297.7s best_lap=296.3
t=1310.1 route=8 laps=3 crashes=0 avg_out=166.9s avg_ret=144.1s avg_lap=323.0s best_lap=313.7
t=1310.2 TOTAL laps=22 crashes=2
t=1310.2 TUNER gen=0 results=24/64 pending=7 active=7 remaining=40 next_trial=32 rounds=[4,4,3,4,3,5,4,4]
t=1317.8 LZ_REACHED craft=Aircraft_11_nav_r4_28 route=4 outbound=179.5s t=1317.8
t=1323.9 SPAWN craft=Aircraft_11_nav_r1_32 route=1 candidate=5 trial=32 t=1323.9
t=1333.5 LZ_REACHED craft=Aircraft_11_nav_r7_29 route=7 outbound=175.2s t=1333.5
t=1340.1 ==== SUMMARY t=1340.1 ====
t=1340.1 route=1 laps=4 crashes=0 avg_out=150.6s avg_ret=137.0s avg_lap=299.6s best_lap=287.4
t=1340.1 route=2 laps=3 crashes=0 avg_out=180.9s avg_ret=204.6s avg_lap=397.6s best_lap=393.2
t=1340.2 route=3 laps=2 crashes=0 avg_out=219.6s avg_ret=249.2s avg_lap=481.4s best_lap=480.0
t=1340.2 route=4 laps=2 crashes=1 avg_out=177.8s avg_ret=136.4s avg_lap=325.5s best_lap=323.3
t=1340.2 route=5 laps=2 crashes=0 avg_out=252.2s avg_ret=208.3s avg_lap=472.5s best_lap=463.0
t=1340.2 route=6 laps=3 crashes=1 avg_out=144.2s avg_ret=124.9s avg_lap=279.9s best_lap=274.4
t=1340.2 route=7 laps=3 crashes=0 avg_out=164.5s avg_ret=124.7s avg_lap=297.7s best_lap=296.3
t=1340.2 route=8 laps=3 crashes=0 avg_out=166.9s avg_ret=144.1s avg_lap=323.0s best_lap=313.7
t=1340.2 TOTAL laps=22 crashes=2
t=1340.2 TUNER gen=0 results=24/64 pending=8 active=8 remaining=40 next_trial=33 rounds=[5,4,3,4,3,5,4,4]
t=1351.9 LZ_REACHED craft=Aircraft_11_nav_r5_26 route=5 outbound=253.7s t=1351.9
t=1368.8 LZ_REACHED craft=Aircraft_11_nav_r8_30 route=8 outbound=170.2s t=1368.8
t=1370.2 ==== SUMMARY t=1370.2 ====
t=1370.2 route=1 laps=4 crashes=0 avg_out=150.6s avg_ret=137.0s avg_lap=299.6s best_lap=287.4
t=1370.2 route=2 laps=3 crashes=0 avg_out=180.9s avg_ret=204.6s avg_lap=397.6s best_lap=393.2
t=1370.2 route=3 laps=2 crashes=0 avg_out=219.6s avg_ret=249.2s avg_lap=481.4s best_lap=480.0
t=1370.2 route=4 laps=2 crashes=1 avg_out=177.8s avg_ret=136.4s avg_lap=325.5s best_lap=323.3
t=1370.2 route=5 laps=2 crashes=0 avg_out=252.7s avg_ret=208.3s avg_lap=472.5s best_lap=463.0
t=1370.2 route=6 laps=3 crashes=1 avg_out=144.2s avg_ret=124.9s avg_lap=279.9s best_lap=274.4
t=1370.2 route=7 laps=3 crashes=0 avg_out=164.5s avg_ret=124.7s avg_lap=297.7s best_lap=296.3
t=1370.2 route=8 laps=3 crashes=0 avg_out=167.7s avg_ret=144.1s avg_lap=323.0s best_lap=313.7
t=1370.3 TOTAL laps=22 crashes=2
t=1370.3 TUNER gen=0 results=24/64 pending=8 active=8 remaining=40 next_trial=33 rounds=[5,4,3,4,3,5,4,4]
t=1400.3 ==== SUMMARY t=1400.3 ====
t=1400.3 route=1 laps=4 crashes=0 avg_out=150.6s avg_ret=137.0s avg_lap=299.6s best_lap=287.4
t=1400.3 route=2 laps=3 crashes=0 avg_out=180.9s avg_ret=204.6s avg_lap=397.6s best_lap=393.2
t=1400.3 route=3 laps=2 crashes=0 avg_out=219.6s avg_ret=249.2s avg_lap=481.4s best_lap=480.0
t=1400.3 route=4 laps=2 crashes=1 avg_out=177.8s avg_ret=136.4s avg_lap=325.5s best_lap=323.3
t=1400.3 route=5 laps=2 crashes=0 avg_out=252.7s avg_ret=208.3s avg_lap=472.5s best_lap=463.0
t=1400.3 route=6 laps=3 crashes=1 avg_out=144.2s avg_ret=124.9s avg_lap=279.9s best_lap=274.4
t=1400.3 route=7 laps=3 crashes=0 avg_out=164.5s avg_ret=124.7s avg_lap=297.7s best_lap=296.3
t=1400.3 route=8 laps=3 crashes=0 avg_out=167.7s avg_ret=144.1s avg_lap=323.0s best_lap=313.7
t=1400.3 TOTAL laps=22 crashes=2
t=1400.3 TUNER gen=0 results=24/64 pending=8 active=8 remaining=40 next_trial=33 rounds=[5,4,3,4,3,5,4,4]
t=1404.2 LAP_CAPTURE craft=Aircraft_11_nav_r6_27 route=6 return=126.1s lap=285.9s carrier_dist=200m t=1404.2
t=1424.4 SPAWN craft=Aircraft_11_nav_r6_33 route=6 candidate=3 trial=33 t=1424.4
t=1430.3 ==== SUMMARY t=1430.3 ====
t=1430.3 route=1 laps=4 crashes=0 avg_out=150.6s avg_ret=137.0s avg_lap=299.6s best_lap=287.4
t=1430.3 route=2 laps=3 crashes=0 avg_out=180.9s avg_ret=204.6s avg_lap=397.6s best_lap=393.2
t=1430.3 route=3 laps=2 crashes=0 avg_out=219.6s avg_ret=249.2s avg_lap=481.4s best_lap=480.0
t=1430.3 route=4 laps=2 crashes=1 avg_out=177.8s avg_ret=136.4s avg_lap=325.5s best_lap=323.3
t=1430.3 route=5 laps=2 crashes=0 avg_out=252.7s avg_ret=208.3s avg_lap=472.5s best_lap=463.0
t=1430.3 route=6 laps=4 crashes=1 avg_out=144.2s avg_ret=125.2s avg_lap=281.4s best_lap=274.4
t=1430.3 route=7 laps=3 crashes=0 avg_out=164.5s avg_ret=124.7s avg_lap=297.7s best_lap=296.3
t=1430.3 route=8 laps=3 crashes=0 avg_out=167.7s avg_ret=144.1s avg_lap=323.0s best_lap=313.7
t=1430.3 TOTAL laps=23 crashes=2
t=1430.3 TUNER gen=0 results=25/64 pending=8 active=8 remaining=39 next_trial=34 rounds=[5,4,3,4,3,6,4,4]
t=1460.3 ==== SUMMARY t=1460.3 ====
t=1460.3 route=1 laps=4 crashes=0 avg_out=150.6s avg_ret=137.0s avg_lap=299.6s best_lap=287.4
t=1460.3 route=2 laps=3 crashes=0 avg_out=180.9s avg_ret=204.6s avg_lap=397.6s best_lap=393.2
t=1460.3 route=3 laps=2 crashes=0 avg_out=219.6s avg_ret=249.2s avg_lap=481.4s best_lap=480.0
t=1460.3 route=4 laps=2 crashes=1 avg_out=177.8s avg_ret=136.4s avg_lap=325.5s best_lap=323.3
t=1460.3 route=5 laps=2 crashes=0 avg_out=252.7s avg_ret=208.3s avg_lap=472.5s best_lap=463.0
t=1460.3 route=6 laps=4 crashes=1 avg_out=144.2s avg_ret=125.2s avg_lap=281.4s best_lap=274.4
t=1460.3 route=7 laps=3 crashes=0 avg_out=164.5s avg_ret=124.7s avg_lap=297.7s best_lap=296.3
t=1460.4 route=8 laps=3 crashes=0 avg_out=167.7s avg_ret=144.1s avg_lap=323.0s best_lap=313.7
t=1460.4 TOTAL laps=23 crashes=2
t=1460.4 TUNER gen=0 results=25/64 pending=8 active=8 remaining=39 next_trial=34 rounds=[5,4,3,4,3,6,4,4]
t=1467.1 LAP_CAPTURE craft=Aircraft_11_nav_r4_28 route=4 return=137.3s lap=328.8s carrier_dist=200m t=1467.1
t=1471.8 LAP_CAPTURE craft=Aircraft_11_nav_r7_29 route=7 return=126.3s lap=313.4s carrier_dist=200m t=1471.8
t=1472.7 LZ_REACHED craft=Aircraft_11_nav_r1_32 route=1 outbound=148.7s t=1472.7
t=1479.4 LAUNCH_BLOCKED reason=deck_busy active=7 stored=1 no_active_s=0.0 state=AIRCRAFT_ON_DECK tractor_cleanup=false elevator_transfer=true deck=Aircraft_11_nav_r4_34 pending=none clearance=none queue=0
t=1482.3 LZ_REACHED craft=Aircraft_11_nav_r2_31 route=2 outbound=178.4s t=1482.3
t=1484.7 SPAWN craft=Aircraft_11_nav_r4_34 route=4 candidate=8 trial=34 t=1484.7
t=1490.3 ==== SUMMARY t=1490.3 ====
t=1490.3 route=1 laps=4 crashes=0 avg_out=150.3s avg_ret=137.0s avg_lap=299.6s best_lap=287.4
t=1490.3 route=2 laps=3 crashes=0 avg_out=180.3s avg_ret=204.6s avg_lap=397.6s best_lap=393.2
t=1490.3 route=3 laps=2 crashes=0 avg_out=219.6s avg_ret=249.2s avg_lap=481.4s best_lap=480.0
t=1490.3 route=4 laps=3 crashes=1 avg_out=177.8s avg_ret=136.7s avg_lap=326.6s best_lap=323.3
t=1490.3 route=5 laps=2 crashes=0 avg_out=252.7s avg_ret=208.3s avg_lap=472.5s best_lap=463.0
t=1490.4 route=6 laps=4 crashes=1 avg_out=144.2s avg_ret=125.2s avg_lap=281.4s best_lap=274.4
t=1490.4 route=7 laps=4 crashes=0 avg_out=164.5s avg_ret=125.1s avg_lap=301.6s best_lap=296.3
t=1490.4 route=8 laps=3 crashes=0 avg_out=167.7s avg_ret=144.1s avg_lap=323.0s best_lap=313.7
t=1490.4 TOTAL laps=25 crashes=2
t=1490.4 TUNER gen=0 results=27/64 pending=7 active=7 remaining=37 next_trial=35 rounds=[5,4,3,5,3,6,4,4]
t=1504.7 SPAWN craft=Aircraft_11_nav_r7_35 route=7 candidate=3 trial=35 t=1504.7
t=1520.4 ==== SUMMARY t=1520.4 ====
t=1520.4 route=1 laps=4 crashes=0 avg_out=150.3s avg_ret=137.0s avg_lap=299.6s best_lap=287.4
t=1520.4 route=2 laps=3 crashes=0 avg_out=180.3s avg_ret=204.6s avg_lap=397.6s best_lap=393.2
t=1520.4 route=3 laps=2 crashes=0 avg_out=219.6s avg_ret=249.2s avg_lap=481.4s best_lap=480.0
t=1520.4 route=4 laps=3 crashes=1 avg_out=177.8s avg_ret=136.7s avg_lap=326.6s best_lap=323.3
t=1520.4 route=5 laps=2 crashes=0 avg_out=252.7s avg_ret=208.3s avg_lap=472.5s best_lap=463.0
t=1520.4 route=6 laps=4 crashes=1 avg_out=144.2s avg_ret=125.2s avg_lap=281.4s best_lap=274.4
t=1520.4 route=7 laps=4 crashes=0 avg_out=164.5s avg_ret=125.1s avg_lap=301.6s best_lap=296.3
t=1520.4 route=8 laps=3 crashes=0 avg_out=167.7s avg_ret=144.1s avg_lap=323.0s best_lap=313.7
t=1520.4 TOTAL laps=25 crashes=2
t=1520.4 TUNER gen=0 results=27/64 pending=8 active=8 remaining=37 next_trial=36 rounds=[5,4,3,5,3,6,5,4]
t=1526.5 LAP_CAPTURE craft=Aircraft_11_nav_r8_30 route=8 return=145.6s lap=327.9s carrier_dist=200m t=1526.5
t=1541.1 LAP_CAPTURE craft=Aircraft_11_nav_r3_25 route=3 return=237.7s lap=468.0s carrier_dist=200m t=1541.1
t=1544.9 SPAWN craft=Aircraft_11_nav_r8_36 route=8 candidate=4 trial=36 t=1544.9
t=1549.6 LAUNCH_BLOCKED reason=cleared_unready_nav_deck_aircraft active=7 stored=1 no_active_s=0.0 state=IDLE tractor_cleanup=false elevator_transfer=false deck=Aircraft_11_nav_r8_36 pending=none clearance=none queue=0
t=1550.4 ==== SUMMARY t=1550.4 ====
t=1550.4 route=1 laps=4 crashes=0 avg_out=150.3s avg_ret=137.0s avg_lap=299.6s best_lap=287.4
t=1550.4 route=2 laps=3 crashes=0 avg_out=180.3s avg_ret=204.6s avg_lap=397.6s best_lap=393.2
t=1550.4 route=3 laps=3 crashes=0 avg_out=219.6s avg_ret=245.3s avg_lap=476.9s best_lap=468.0
t=1550.4 route=4 laps=3 crashes=1 avg_out=177.8s avg_ret=136.7s avg_lap=326.6s best_lap=323.3
t=1550.4 route=5 laps=2 crashes=0 avg_out=252.7s avg_ret=208.3s avg_lap=472.5s best_lap=463.0
t=1550.4 route=6 laps=4 crashes=1 avg_out=144.2s avg_ret=125.2s avg_lap=281.4s best_lap=274.4
t=1550.4 route=7 laps=4 crashes=0 avg_out=164.5s avg_ret=125.1s avg_lap=301.6s best_lap=296.3
t=1550.4 route=8 laps=4 crashes=0 avg_out=167.7s avg_ret=144.5s avg_lap=324.2s best_lap=313.7
t=1550.4 TOTAL laps=27 crashes=2
t=1550.4 TUNER gen=0 results=29/64 pending=7 active=7 remaining=35 next_trial=37 rounds=[5,4,3,5,3,6,5,5]
t=1565.0 SPAWN craft=Aircraft_11_nav_r3_37 route=3 candidate=6 trial=37 t=1565.0
t=1578.4 LZ_REACHED craft=Aircraft_11_nav_r6_33 route=6 outbound=153.9s t=1578.4
t=1578.7 LAP_CAPTURE craft=Aircraft_11_nav_r5_26 route=5 return=214.8s lap=480.5s carrier_dist=200m t=1578.7
t=1580.4 ==== SUMMARY t=1580.4 ====
t=1580.4 route=1 laps=4 crashes=0 avg_out=150.3s avg_ret=137.0s avg_lap=299.6s best_lap=287.4
t=1580.4 route=2 laps=3 crashes=0 avg_out=180.3s avg_ret=204.6s avg_lap=397.6s best_lap=393.2
t=1580.4 route=3 laps=3 crashes=0 avg_out=219.6s avg_ret=245.3s avg_lap=476.9s best_lap=468.0
t=1580.4 route=4 laps=3 crashes=1 avg_out=177.8s avg_ret=136.7s avg_lap=326.6s best_lap=323.3
t=1580.4 route=5 laps=3 crashes=0 avg_out=252.7s avg_ret=210.5s avg_lap=475.2s best_lap=463.0
t=1580.4 route=6 laps=4 crashes=1 avg_out=146.2s avg_ret=125.2s avg_lap=281.4s best_lap=274.4
t=1580.4 route=7 laps=4 crashes=0 avg_out=164.5s avg_ret=125.1s avg_lap=301.6s best_lap=296.3
t=1580.5 route=8 laps=4 crashes=0 avg_out=167.7s avg_ret=144.5s avg_lap=324.2s best_lap=313.7
t=1580.5 TOTAL laps=28 crashes=2
t=1580.5 TUNER gen=0 results=30/64 pending=7 active=7 remaining=34 next_trial=38 rounds=[5,4,4,5,3,6,5,5]
t=1595.0 SPAWN craft=Aircraft_11_nav_r5_38 route=5 candidate=8 trial=38 t=1595.0
t=1610.5 ==== SUMMARY t=1610.5 ====
t=1610.5 route=1 laps=4 crashes=0 avg_out=150.3s avg_ret=137.0s avg_lap=299.6s best_lap=287.4
t=1610.5 route=2 laps=3 crashes=0 avg_out=180.3s avg_ret=204.6s avg_lap=397.6s best_lap=393.2
t=1610.5 route=3 laps=3 crashes=0 avg_out=219.6s avg_ret=245.3s avg_lap=476.9s best_lap=468.0
t=1610.5 route=4 laps=3 crashes=1 avg_out=177.8s avg_ret=136.7s avg_lap=326.6s best_lap=323.3
t=1610.5 route=5 laps=3 crashes=0 avg_out=252.7s avg_ret=210.5s avg_lap=475.2s best_lap=463.0
t=1610.5 route=6 laps=4 crashes=1 avg_out=146.2s avg_ret=125.2s avg_lap=281.4s best_lap=274.4
t=1610.5 route=7 laps=4 crashes=0 avg_out=164.5s avg_ret=125.1s avg_lap=301.6s best_lap=296.3
t=1610.5 route=8 laps=4 crashes=0 avg_out=167.7s avg_ret=144.5s avg_lap=324.2s best_lap=313.7
t=1610.5 TOTAL laps=28 crashes=2
t=1610.5 TUNER gen=0 results=30/64 pending=8 active=8 remaining=34 next_trial=39 rounds=[5,4,4,5,4,6,5,5]
t=1621.2 LAP_CAPTURE craft=Aircraft_11_nav_r1_32 route=1 return=136.5s lap=297.2s carrier_dist=200m t=1621.2
t=1640.2 SPAWN craft=Aircraft_11_nav_r1_39 route=1 candidate=6 trial=39 t=1640.2
t=1640.5 ==== SUMMARY t=1640.5 ====
t=1640.5 route=1 laps=5 crashes=0 avg_out=150.3s avg_ret=136.9s avg_lap=299.2s best_lap=287.4
t=1640.5 route=2 laps=3 crashes=0 avg_out=180.3s avg_ret=204.6s avg_lap=397.6s best_lap=393.2
t=1640.5 route=3 laps=3 crashes=0 avg_out=219.6s avg_ret=245.3s avg_lap=476.9s best_lap=468.0
t=1640.5 route=4 laps=3 crashes=1 avg_out=177.8s avg_ret=136.7s avg_lap=326.6s best_lap=323.3
t=1640.5 route=5 laps=3 crashes=0 avg_out=252.7s avg_ret=210.5s avg_lap=475.2s best_lap=463.0
t=1640.5 route=6 laps=4 crashes=1 avg_out=146.2s avg_ret=125.2s avg_lap=281.4s best_lap=274.4
t=1640.5 route=7 laps=4 crashes=0 avg_out=164.5s avg_ret=125.1s avg_lap=301.6s best_lap=296.3
t=1640.5 route=8 laps=4 crashes=0 avg_out=167.7s avg_ret=144.5s avg_lap=324.2s best_lap=313.7
t=1640.5 TOTAL laps=29 crashes=2
t=1640.5 TUNER gen=0 results=31/64 pending=8 active=8 remaining=33 next_trial=40 rounds=[6,4,4,5,4,6,5,5]
t=1663.2 LZ_REACHED craft=Aircraft_11_nav_r4_34 route=4 outbound=178.5s t=1663.2
t=1670.5 ==== SUMMARY t=1670.5 ====
t=1670.5 route=1 laps=5 crashes=0 avg_out=150.3s avg_ret=136.9s avg_lap=299.2s best_lap=287.4
t=1670.5 route=2 laps=3 crashes=0 avg_out=180.3s avg_ret=204.6s avg_lap=397.6s best_lap=393.2
t=1670.5 route=3 laps=3 crashes=0 avg_out=219.6s avg_ret=245.3s avg_lap=476.9s best_lap=468.0
t=1670.5 route=4 laps=3 crashes=1 avg_out=178.0s avg_ret=136.7s avg_lap=326.6s best_lap=323.3
t=1670.5 route=5 laps=3 crashes=0 avg_out=252.7s avg_ret=210.5s avg_lap=475.2s best_lap=463.0
t=1670.5 route=6 laps=4 crashes=1 avg_out=146.2s avg_ret=125.2s avg_lap=281.4s best_lap=274.4
t=1670.5 route=7 laps=4 crashes=0 avg_out=164.5s avg_ret=125.1s avg_lap=301.6s best_lap=296.3
t=1670.5 route=8 laps=4 crashes=0 avg_out=167.7s avg_ret=144.5s avg_lap=324.2s best_lap=313.7
t=1670.5 TOTAL laps=29 crashes=2
t=1670.5 TUNER gen=0 results=31/64 pending=8 active=8 remaining=33 next_trial=40 rounds=[6,4,4,5,4,6,5,5]
t=1680.5 LZ_REACHED craft=Aircraft_11_nav_r7_35 route=7 outbound=175.8s t=1680.5
t=1697.1 LAP_CAPTURE craft=Aircraft_11_nav_r2_31 route=2 return=202.8s lap=393.2s carrier_dist=200m t=1697.1
t=1700.5 ==== SUMMARY t=1700.5 ====
t=1700.5 route=1 laps=5 crashes=0 avg_out=150.3s avg_ret=136.9s avg_lap=299.2s best_lap=287.4
t=1700.5 route=2 laps=4 crashes=0 avg_out=180.3s avg_ret=204.2s avg_lap=396.5s best_lap=393.2
t=1700.5 route=3 laps=3 crashes=0 avg_out=219.6s avg_ret=245.3s avg_lap=476.9s best_lap=468.0
t=1700.5 route=4 laps=3 crashes=1 avg_out=178.0s avg_ret=136.7s avg_lap=326.6s best_lap=323.3
t=1700.6 route=5 laps=3 crashes=0 avg_out=252.7s avg_ret=210.5s avg_lap=475.2s best_lap=463.0
t=1700.6 route=6 laps=4 crashes=1 avg_out=146.2s avg_ret=125.2s avg_lap=281.4s best_lap=274.4
t=1700.6 route=7 laps=4 crashes=0 avg_out=166.7s avg_ret=125.1s avg_lap=301.6s best_lap=296.3
t=1700.6 route=8 laps=4 crashes=0 avg_out=167.7s avg_ret=144.5s avg_lap=324.2s best_lap=313.7
t=1700.6 TOTAL laps=30 crashes=2
t=1700.6 TUNER gen=0 results=32/64 pending=7 active=7 remaining=32 next_trial=40 rounds=[6,4,4,5,4,6,5,5]
t=1711.8 LZ_REACHED craft=Aircraft_11_nav_r8_36 route=8 outbound=166.9s t=1711.8
t=1715.5 SPAWN craft=Aircraft_11_nav_r2_40 route=2 candidate=6 trial=40 t=1715.5
t=1719.0 LAP_CAPTURE craft=Aircraft_11_nav_r6_33 route=6 return=128.6s lap=294.6s carrier_dist=200m t=1719.0
t=1730.5 ==== SUMMARY t=1730.5 ====
t=1730.5 route=1 laps=5 crashes=0 avg_out=150.3s avg_ret=136.9s avg_lap=299.2s best_lap=287.4
t=1730.5 route=2 laps=4 crashes=0 avg_out=180.3s avg_ret=204.2s avg_lap=396.5s best_lap=393.2
t=1730.6 route=3 laps=3 crashes=0 avg_out=219.6s avg_ret=245.3s avg_lap=476.9s best_lap=468.0
t=1730.6 route=4 laps=3 crashes=1 avg_out=178.0s avg_ret=136.7s avg_lap=326.6s best_lap=323.3
t=1730.6 route=5 laps=3 crashes=0 avg_out=252.7s avg_ret=210.5s avg_lap=475.2s best_lap=463.0
t=1730.6 route=6 laps=5 crashes=1 avg_out=146.2s avg_ret=125.9s avg_lap=284.0s best_lap=274.4
t=1730.6 route=7 laps=4 crashes=0 avg_out=166.7s avg_ret=125.1s avg_lap=301.6s best_lap=296.3
t=1730.6 route=8 laps=4 crashes=0 avg_out=167.6s avg_ret=144.5s avg_lap=324.2s best_lap=313.7
t=1730.6 TOTAL laps=31 crashes=2
t=1730.6 TUNER gen=0 results=33/64 pending=8 active=8 remaining=31 next_trial=42 rounds=[6,5,4,5,4,7,5,5]
t=1735.5 SPAWN craft=Aircraft_11_nav_r6_41 route=6 candidate=4 trial=41 t=1735.5
t=1760.6 ==== SUMMARY t=1760.6 ====
t=1760.6 route=1 laps=5 crashes=0 avg_out=150.3s avg_ret=136.9s avg_lap=299.2s best_lap=287.4
t=1760.6 route=2 laps=4 crashes=0 avg_out=180.3s avg_ret=204.2s avg_lap=396.5s best_lap=393.2
t=1760.6 route=3 laps=3 crashes=0 avg_out=219.6s avg_ret=245.3s avg_lap=476.9s best_lap=468.0
t=1760.6 route=4 laps=3 crashes=1 avg_out=178.0s avg_ret=136.7s avg_lap=326.6s best_lap=323.3
t=1760.6 route=5 laps=3 crashes=0 avg_out=252.7s avg_ret=210.5s avg_lap=475.2s best_lap=463.0
t=1760.6 route=6 laps=5 crashes=1 avg_out=146.2s avg_ret=125.9s avg_lap=284.0s best_lap=274.4
t=1760.6 route=7 laps=4 crashes=0 avg_out=166.7s avg_ret=125.1s avg_lap=301.6s best_lap=296.3
t=1760.6 route=8 laps=4 crashes=0 avg_out=167.6s avg_ret=144.5s avg_lap=324.2s best_lap=313.7
t=1760.6 TOTAL laps=31 crashes=2
t=1760.6 TUNER gen=0 results=33/64 pending=8 active=8 remaining=31 next_trial=42 rounds=[6,5,4,5,4,7,5,5]
t=1773.5 LZ_REACHED craft=Aircraft_11_nav_r3_37 route=3 outbound=208.6s t=1773.5
t=1779.2 LZ_REACHED craft=Aircraft_11_nav_r1_39 route=1 outbound=139.0s t=1779.2
t=1790.6 ==== SUMMARY t=1790.6 ====
t=1790.6 route=1 laps=5 crashes=0 avg_out=148.4s avg_ret=136.9s avg_lap=299.2s best_lap=287.4
t=1790.6 route=2 laps=4 crashes=0 avg_out=180.3s avg_ret=204.2s avg_lap=396.5s best_lap=393.2
t=1790.6 route=3 laps=3 crashes=0 avg_out=216.8s avg_ret=245.3s avg_lap=476.9s best_lap=468.0
t=1790.6 route=4 laps=3 crashes=1 avg_out=178.0s avg_ret=136.7s avg_lap=326.6s best_lap=323.3
t=1790.6 route=5 laps=3 crashes=0 avg_out=252.7s avg_ret=210.5s avg_lap=475.2s best_lap=463.0
t=1790.7 route=6 laps=5 crashes=1 avg_out=146.2s avg_ret=125.9s avg_lap=284.0s best_lap=274.4
t=1790.7 route=7 laps=4 crashes=0 avg_out=166.7s avg_ret=125.1s avg_lap=301.6s best_lap=296.3
t=1790.7 route=8 laps=4 crashes=0 avg_out=167.6s avg_ret=144.5s avg_lap=324.2s best_lap=313.7
t=1790.7 TOTAL laps=31 crashes=2
t=1790.7 TUNER gen=0 results=33/64 pending=8 active=8 remaining=31 next_trial=42 rounds=[6,5,4,5,4,7,5,5]
t=1813.6 LAP_CAPTURE craft=Aircraft_11_nav_r4_34 route=4 return=138.5s lap=329.0s carrier_dist=200m t=1813.6
t=1818.6 LAP_CAPTURE craft=Aircraft_11_nav_r7_35 route=7 return=126.1s lap=313.9s carrier_dist=200m t=1818.6
t=1820.6 ==== SUMMARY t=1820.6 ====
t=1820.6 route=1 laps=5 crashes=0 avg_out=148.4s avg_ret=136.9s avg_lap=299.2s best_lap=287.4
t=1820.6 route=2 laps=4 crashes=0 avg_out=180.3s avg_ret=204.2s avg_lap=396.5s best_lap=393.2
t=1820.6 route=3 laps=3 crashes=0 avg_out=216.8s avg_ret=245.3s avg_lap=476.9s best_lap=468.0
t=1820.6 route=4 laps=4 crashes=1 avg_out=178.0s avg_ret=137.1s avg_lap=327.2s best_lap=323.3
t=1820.6 route=5 laps=3 crashes=0 avg_out=252.7s avg_ret=210.5s avg_lap=475.2s best_lap=463.0
t=1820.7 route=6 laps=5 crashes=1 avg_out=146.2s avg_ret=125.9s avg_lap=284.0s best_lap=274.4
t=1820.7 route=7 laps=5 crashes=0 avg_out=166.7s avg_ret=125.3s avg_lap=304.1s best_lap=296.3
t=1820.7 route=8 laps=4 crashes=0 avg_out=167.6s avg_ret=144.5s avg_lap=324.2s best_lap=313.7
t=1820.7 TOTAL laps=33 crashes=2
t=1820.7 TUNER gen=0 results=35/64 pending=6 active=6 remaining=29 next_trial=42 rounds=[6,5,4,5,4,7,5,5]
t=1825.6 LAUNCH_BLOCKED reason=deck_busy active=7 stored=1 no_active_s=0.0 state=AIRCRAFT_ON_DECK tractor_cleanup=false elevator_transfer=true deck=Aircraft_11_nav_r4_42 pending=none clearance=none queue=0
t=1830.9 SPAWN craft=Aircraft_11_nav_r4_42 route=4 candidate=1 trial=42 t=1830.9
t=1850.7 ==== SUMMARY t=1850.7 ====
t=1850.7 route=1 laps=5 crashes=0 avg_out=148.4s avg_ret=136.9s avg_lap=299.2s best_lap=287.4
t=1850.7 route=2 laps=4 crashes=0 avg_out=180.3s avg_ret=204.2s avg_lap=396.5s best_lap=393.2
t=1850.7 route=3 laps=3 crashes=0 avg_out=216.8s avg_ret=245.3s avg_lap=476.9s best_lap=468.0
t=1850.7 route=4 laps=4 crashes=1 avg_out=178.0s avg_ret=137.1s avg_lap=327.2s best_lap=323.3
t=1850.7 route=5 laps=3 crashes=0 avg_out=252.7s avg_ret=210.5s avg_lap=475.2s best_lap=463.0
t=1850.7 route=6 laps=5 crashes=1 avg_out=146.2s avg_ret=125.9s avg_lap=284.0s best_lap=274.4
t=1850.7 route=7 laps=5 crashes=0 avg_out=166.7s avg_ret=125.3s avg_lap=304.1s best_lap=296.3
t=1850.7 route=8 laps=4 crashes=0 avg_out=167.6s avg_ret=144.5s avg_lap=324.2s best_lap=313.7
t=1850.7 TOTAL laps=33 crashes=2
t=1850.7 TUNER gen=0 results=35/64 pending=8 active=8 remaining=29 next_trial=44 rounds=[6,5,4,6,4,7,6,5]
t=1850.9 SPAWN craft=Aircraft_11_nav_r7_43 route=7 candidate=4 trial=43 t=1850.9
t=1854.7 LZ_REACHED craft=Aircraft_11_nav_r5_38 route=5 outbound=259.6s t=1854.7
t=1860.3 LAP_CAPTURE craft=Aircraft_11_nav_r8_36 route=8 return=136.5s lap=315.4s carrier_dist=200m t=1860.3
t=1872.8 LZ_REACHED craft=Aircraft_11_nav_r6_41 route=6 outbound=137.4s t=1872.8
t=1876.1 SPAWN craft=Aircraft_11_nav_r8_44 route=8 candidate=5 trial=44 t=1876.1
t=1880.7 ==== SUMMARY t=1880.7 ====
t=1880.8 route=1 laps=5 crashes=0 avg_out=148.4s avg_ret=136.9s avg_lap=299.2s best_lap=287.4
t=1880.8 route=2 laps=4 crashes=0 avg_out=180.3s avg_ret=204.2s avg_lap=396.5s best_lap=393.2
t=1880.8 route=3 laps=3 crashes=0 avg_out=216.8s avg_ret=245.3s avg_lap=476.9s best_lap=468.0
t=1880.8 route=4 laps=4 crashes=1 avg_out=178.0s avg_ret=137.1s avg_lap=327.2s best_lap=323.3
t=1880.8 route=5 laps=3 crashes=0 avg_out=254.5s avg_ret=210.5s avg_lap=475.2s best_lap=463.0
t=1880.8 route=6 laps=5 crashes=1 avg_out=144.7s avg_ret=125.9s avg_lap=284.0s best_lap=274.4
t=1880.8 route=7 laps=5 crashes=0 avg_out=166.7s avg_ret=125.3s avg_lap=304.1s best_lap=296.3
t=1880.8 route=8 laps=5 crashes=0 avg_out=167.6s avg_ret=142.9s avg_lap=322.4s best_lap=313.7
t=1880.8 TOTAL laps=34 crashes=2
t=1880.8 TUNER gen=0 results=36/64 pending=8 active=8 remaining=28 next_trial=45 rounds=[6,5,4,6,4,7,6,6]
t=1889.1 LZ_REACHED craft=Aircraft_11_nav_r2_40 route=2 outbound=173.6s t=1889.1
t=1910.8 ==== SUMMARY t=1910.8 ====
t=1910.8 route=1 laps=5 crashes=0 avg_out=148.4s avg_ret=136.9s avg_lap=299.2s best_lap=287.4
t=1910.8 route=2 laps=4 crashes=0 avg_out=179.0s avg_ret=204.2s avg_lap=396.5s best_lap=393.2
t=1910.8 route=3 laps=3 crashes=0 avg_out=216.8s avg_ret=245.3s avg_lap=476.9s best_lap=468.0
t=1910.8 route=4 laps=4 crashes=1 avg_out=178.0s avg_ret=137.1s avg_lap=327.2s best_lap=323.3
t=1910.8 route=5 laps=3 crashes=0 avg_out=254.5s avg_ret=210.5s avg_lap=475.2s best_lap=463.0
t=1910.8 route=6 laps=5 crashes=1 avg_out=144.7s avg_ret=125.9s avg_lap=284.0s best_lap=274.4
t=1910.8 route=7 laps=5 crashes=0 avg_out=166.7s avg_ret=125.3s avg_lap=304.1s best_lap=296.3
t=1910.8 route=8 laps=5 crashes=0 avg_out=167.6s avg_ret=142.9s avg_lap=322.4s best_lap=313.7
t=1910.8 TOTAL laps=34 crashes=2
t=1910.8 TUNER gen=0 results=36/64 pending=8 active=8 remaining=28 next_trial=45 rounds=[6,5,4,6,4,7,6,6]
t=1924.0 LAP_CAPTURE craft=Aircraft_11_nav_r1_39 route=1 return=132.8s lap=283.8s carrier_dist=200m t=1924.0
t=1940.8 ==== SUMMARY t=1940.8 ====
t=1940.8 route=1 laps=6 crashes=0 avg_out=148.4s avg_ret=136.2s avg_lap=296.6s best_lap=283.8
t=1940.8 route=2 laps=4 crashes=0 avg_out=179.0s avg_ret=204.2s avg_lap=396.5s best_lap=393.2
t=1940.8 route=3 laps=3 crashes=0 avg_out=216.8s avg_ret=245.3s avg_lap=476.9s best_lap=468.0
t=1940.8 route=4 laps=4 crashes=1 avg_out=178.0s avg_ret=137.1s avg_lap=327.2s best_lap=323.3
t=1940.8 route=5 laps=3 crashes=0 avg_out=254.5s avg_ret=210.5s avg_lap=475.2s best_lap=463.0
t=1940.8 route=6 laps=5 crashes=1 avg_out=144.7s avg_ret=125.9s avg_lap=284.0s best_lap=274.4
t=1940.8 route=7 laps=5 crashes=0 avg_out=166.7s avg_ret=125.3s avg_lap=304.1s best_lap=296.3
t=1940.8 route=8 laps=5 crashes=0 avg_out=167.6s avg_ret=142.9s avg_lap=322.4s best_lap=313.7
t=1940.8 TOTAL laps=35 crashes=2
t=1940.8 TUNER gen=0 results=37/64 pending=8 active=8 remaining=27 next_trial=46 rounds=[7,5,4,6,4,7,6,6]
t=1941.4 SPAWN craft=Aircraft_11_nav_r1_45 route=1 candidate=7 trial=45 t=1941.4
t=1970.8 ==== SUMMARY t=1970.8 ====
t=1970.8 route=1 laps=6 crashes=0 avg_out=148.4s avg_ret=136.2s avg_lap=296.6s best_lap=283.8
t=1970.8 route=2 laps=4 crashes=0 avg_out=179.0s avg_ret=204.2s avg_lap=396.5s best_lap=393.2
t=1970.8 route=3 laps=3 crashes=0 avg_out=216.8s avg_ret=245.3s avg_lap=476.9s best_lap=468.0
t=1970.8 route=4 laps=4 crashes=1 avg_out=178.0s avg_ret=137.1s avg_lap=327.2s best_lap=323.3
t=1970.8 route=5 laps=3 crashes=0 avg_out=254.5s avg_ret=210.5s avg_lap=475.2s best_lap=463.0
t=1970.9 route=6 laps=5 crashes=1 avg_out=144.7s avg_ret=125.9s avg_lap=284.0s best_lap=274.4
t=1970.9 route=7 laps=5 crashes=0 avg_out=166.7s avg_ret=125.3s avg_lap=304.1s best_lap=296.3
t=1970.9 route=8 laps=5 crashes=0 avg_out=167.6s avg_ret=142.9s avg_lap=322.4s best_lap=313.7
t=1970.9 TOTAL laps=35 crashes=2
t=1970.9 TUNER gen=0 results=37/64 pending=8 active=8 remaining=27 next_trial=46 rounds=[7,5,4,6,4,7,6,6]
t=2000.8 ==== SUMMARY t=2000.8 ====
t=2000.8 route=1 laps=6 crashes=0 avg_out=148.4s avg_ret=136.2s avg_lap=296.6s best_lap=283.8
t=2000.8 route=2 laps=4 crashes=0 avg_out=179.0s avg_ret=204.2s avg_lap=396.5s best_lap=393.2
t=2000.8 route=3 laps=3 crashes=0 avg_out=216.8s avg_ret=245.3s avg_lap=476.9s best_lap=468.0
t=2000.9 route=4 laps=4 crashes=1 avg_out=178.0s avg_ret=137.1s avg_lap=327.2s best_lap=323.3
t=2000.9 route=5 laps=3 crashes=0 avg_out=254.5s avg_ret=210.5s avg_lap=475.2s best_lap=463.0
t=2000.9 route=6 laps=5 crashes=1 avg_out=144.7s avg_ret=125.9s avg_lap=284.0s best_lap=274.4
t=2000.9 route=7 laps=5 crashes=0 avg_out=166.7s avg_ret=125.3s avg_lap=304.1s best_lap=296.3
t=2000.9 route=8 laps=5 crashes=0 avg_out=167.6s avg_ret=142.9s avg_lap=322.4s best_lap=313.7
t=2000.9 TOTAL laps=35 crashes=2
t=2000.9 TUNER gen=0 results=37/64 pending=8 active=8 remaining=27 next_trial=46 rounds=[7,5,4,6,4,7,6,6]
t=2008.3 LZ_REACHED craft=Aircraft_11_nav_r4_42 route=4 outbound=177.4s t=2008.3
t=2010.5 LZ_REACHED craft=Aircraft_11_nav_r7_43 route=7 outbound=159.5s t=2010.5
t=2010.5 LAP_CAPTURE craft=Aircraft_11_nav_r6_41 route=6 return=125.7s lap=275.0s carrier_dist=200m t=2010.5
t=2020.4 LAP_CAPTURE craft=Aircraft_11_nav_r3_37 route=3 return=234.9s lap=455.5s carrier_dist=200m t=2020.4
t=2026.4 LAUNCH_BLOCKED reason=deck_busy active=7 stored=1 no_active_s=0.0 state=AIRCRAFT_ON_DECK tractor_cleanup=false elevator_transfer=false deck=Aircraft_11_nav_r6_46 pending=none clearance=none queue=0
t=2026.6 SPAWN craft=Aircraft_11_nav_r6_46 route=6 candidate=5 trial=46 t=2026.6
t=2030.8 ==== SUMMARY t=2030.8 ====
t=2030.9 route=1 laps=6 crashes=0 avg_out=148.4s avg_ret=136.2s avg_lap=296.6s best_lap=283.8
t=2030.9 route=2 laps=4 crashes=0 avg_out=179.0s avg_ret=204.2s avg_lap=396.5s best_lap=393.2
t=2030.9 route=3 laps=4 crashes=0 avg_out=216.8s avg_ret=242.7s avg_lap=471.6s best_lap=455.5
t=2030.9 route=4 laps=4 crashes=1 avg_out=177.9s avg_ret=137.1s avg_lap=327.2s best_lap=323.3
t=2030.9 route=5 laps=3 crashes=0 avg_out=254.5s avg_ret=210.5s avg_lap=475.2s best_lap=463.0
t=2030.9 route=6 laps=6 crashes=1 avg_out=144.7s avg_ret=125.8s avg_lap=282.5s best_lap=274.4
t=2030.9 route=7 laps=5 crashes=0 avg_out=165.5s avg_ret=125.3s avg_lap=304.1s best_lap=296.3
t=2030.9 route=8 laps=5 crashes=0 avg_out=167.6s avg_ret=142.9s avg_lap=322.4s best_lap=313.7
t=2030.9 TOTAL laps=37 crashes=2
t=2030.9 TUNER gen=0 results=39/64 pending=7 active=7 remaining=25 next_trial=47 rounds=[7,5,4,6,4,8,6,6]
t=2040.7 LZ_REACHED craft=Aircraft_11_nav_r8_44 route=8 outbound=164.6s t=2040.7
t=2046.8 SPAWN craft=Aircraft_11_nav_r3_47 route=3 candidate=7 trial=47 t=2046.8
t=2060.9 ==== SUMMARY t=2060.9 ====
t=2060.9 route=1 laps=6 crashes=0 avg_out=148.4s avg_ret=136.2s avg_lap=296.6s best_lap=283.8
t=2061.0 route=2 laps=4 crashes=0 avg_out=179.0s avg_ret=204.2s avg_lap=396.5s best_lap=393.2
t=2061.0 route=3 laps=4 crashes=0 avg_out=216.8s avg_ret=242.7s avg_lap=471.6s best_lap=455.5
t=2061.0 route=4 laps=4 crashes=1 avg_out=177.9s avg_ret=137.1s avg_lap=327.2s best_lap=323.3
t=2061.0 route=5 laps=3 crashes=0 avg_out=254.5s avg_ret=210.5s avg_lap=475.2s best_lap=463.0
t=2061.0 route=6 laps=6 crashes=1 avg_out=144.7s avg_ret=125.8s avg_lap=282.5s best_lap=274.4
t=2061.0 route=7 laps=5 crashes=0 avg_out=165.5s avg_ret=125.3s avg_lap=304.1s best_lap=296.3
t=2061.0 route=8 laps=5 crashes=0 avg_out=167.1s avg_ret=142.9s avg_lap=322.4s best_lap=313.7
t=2061.0 TOTAL laps=37 crashes=2
t=2061.0 TUNER gen=0 results=39/64 pending=8 active=8 remaining=25 next_trial=48 rounds=[7,5,5,6,4,8,6,6]
t=2079.4 LAP_CAPTURE craft=Aircraft_11_nav_r5_38 route=5 return=212.7s lap=484.3s carrier_dist=200m t=2079.4
t=2090.9 ==== SUMMARY t=2090.9 ====
t=2091.0 route=1 laps=6 crashes=0 avg_out=148.4s avg_ret=136.2s avg_lap=296.6s best_lap=283.8
t=2091.0 route=2 laps=4 crashes=0 avg_out=179.0s avg_ret=204.2s avg_lap=396.5s best_lap=393.2
t=2091.0 route=3 laps=4 crashes=0 avg_out=216.8s avg_ret=242.7s avg_lap=471.6s best_lap=455.5
t=2091.0 route=4 laps=4 crashes=1 avg_out=177.9s avg_ret=137.1s avg_lap=327.2s best_lap=323.3
t=2091.0 route=5 laps=4 crashes=0 avg_out=254.5s avg_ret=211.0s avg_lap=477.5s best_lap=463.0
t=2091.0 route=6 laps=6 crashes=1 avg_out=144.7s avg_ret=125.8s avg_lap=282.5s best_lap=274.4
t=2091.0 route=7 laps=5 crashes=0 avg_out=165.5s avg_ret=125.3s avg_lap=304.1s best_lap=296.3
t=2091.0 route=8 laps=5 crashes=0 avg_out=167.1s avg_ret=142.9s avg_lap=322.4s best_lap=313.7
t=2091.0 TOTAL laps=38 crashes=2
t=2091.0 TUNER gen=0 results=40/64 pending=8 active=8 remaining=24 next_trial=49 rounds=[7,5,5,6,5,8,6,6]
t=2093.0 LZ_REACHED craft=Aircraft_11_nav_r1_45 route=1 outbound=151.6s t=2093.0
t=2097.1 SPAWN craft=Aircraft_11_nav_r5_48 route=5 candidate=1 trial=48 t=2097.1
t=2104.4 LAP_CAPTURE craft=Aircraft_11_nav_r2_40 route=2 return=203.4s lap=389.0s carrier_dist=200m t=2104.4
t=2121.1 ==== SUMMARY t=2121.1 ====
t=2121.1 route=1 laps=6 crashes=0 avg_out=148.8s avg_ret=136.2s avg_lap=296.6s best_lap=283.8
t=2121.1 route=2 laps=5 crashes=0 avg_out=179.0s avg_ret=204.0s avg_lap=395.0s best_lap=389.0
t=2121.1 route=3 laps=4 crashes=0 avg_out=216.8s avg_ret=242.7s avg_lap=471.6s best_lap=455.5
t=2121.1 route=4 laps=4 crashes=1 avg_out=177.9s avg_ret=137.1s avg_lap=327.2s best_lap=323.3
t=2121.1 route=5 laps=4 crashes=0 avg_out=254.5s avg_ret=211.0s avg_lap=477.5s best_lap=463.0
t=2121.1 route=6 laps=6 crashes=1 avg_out=144.7s avg_ret=125.8s avg_lap=282.5s best_lap=274.4
t=2121.1 route=7 laps=5 crashes=0 avg_out=165.5s avg_ret=125.3s avg_lap=304.1s best_lap=296.3
t=2121.1 route=8 laps=5 crashes=0 avg_out=167.1s avg_ret=142.9s avg_lap=322.4s best_lap=313.7
t=2121.1 TOTAL laps=39 crashes=2
t=2121.1 TUNER gen=0 results=41/64 pending=8 active=8 remaining=23 next_trial=50 rounds=[7,6,5,6,5,8,6,6]
t=2122.1 SPAWN craft=Aircraft_11_nav_r2_49 route=2 candidate=7 trial=49 t=2122.1
t=2147.8 LAP_CAPTURE craft=Aircraft_11_nav_r7_43 route=7 return=125.4s lap=296.9s carrier_dist=200m t=2147.8
t=2151.1 ==== SUMMARY t=2151.1 ====
t=2151.1 route=1 laps=6 crashes=0 avg_out=148.8s avg_ret=136.2s avg_lap=296.6s best_lap=283.8
t=2151.1 route=2 laps=5 crashes=0 avg_out=179.0s avg_ret=204.0s avg_lap=395.0s best_lap=389.0
t=2151.1 route=3 laps=4 crashes=0 avg_out=216.8s avg_ret=242.7s avg_lap=471.6s best_lap=455.5
t=2151.1 route=4 laps=4 crashes=1 avg_out=177.9s avg_ret=137.1s avg_lap=327.2s best_lap=323.3
t=2151.1 route=5 laps=4 crashes=0 avg_out=254.5s avg_ret=211.0s avg_lap=477.5s best_lap=463.0
t=2151.1 route=6 laps=6 crashes=1 avg_out=144.7s avg_ret=125.8s avg_lap=282.5s best_lap=274.4
t=2151.1 route=7 laps=6 crashes=0 avg_out=165.5s avg_ret=125.3s avg_lap=302.9s best_lap=296.3
t=2151.1 route=8 laps=5 crashes=0 avg_out=167.1s avg_ret=142.9s avg_lap=322.4s best_lap=313.7
t=2151.1 TOTAL laps=40 crashes=2
t=2151.1 TUNER gen=0 results=42/64 pending=7 active=7 remaining=22 next_trial=50 rounds=[7,6,5,6,5,8,6,6]
t=2158.1 LAP_CAPTURE craft=Aircraft_11_nav_r4_42 route=4 return=137.8s lap=327.2s carrier_dist=200m t=2158.1
t=2167.1 LAUNCH_BLOCKED reason=deck_busy active=7 stored=1 no_active_s=0.0 state=AIRCRAFT_ON_DECK tractor_cleanup=false elevator_transfer=false deck=Aircraft_11_nav_r7_50 pending=none clearance=none queue=0
t=2167.3 SPAWN craft=Aircraft_11_nav_r7_50 route=7 candidate=5 trial=50 t=2167.3
t=2181.1 ==== SUMMARY t=2181.1 ====
t=2181.1 route=1 laps=6 crashes=0 avg_out=148.8s avg_ret=136.2s avg_lap=296.6s best_lap=283.8
t=2181.1 route=2 laps=5 crashes=0 avg_out=179.0s avg_ret=204.0s avg_lap=395.0s best_lap=389.0
t=2181.1 route=3 laps=4 crashes=0 avg_out=216.8s avg_ret=242.7s avg_lap=471.6s best_lap=455.5
t=2181.2 route=4 laps=5 crashes=1 avg_out=177.9s avg_ret=137.3s avg_lap=327.2s best_lap=323.3
t=2181.2 route=5 laps=4 crashes=0 avg_out=254.5s avg_ret=211.0s avg_lap=477.5s best_lap=463.0
t=2181.2 route=6 laps=6 crashes=1 avg_out=144.7s avg_ret=125.8s avg_lap=282.5s best_lap=274.4
t=2181.2 route=7 laps=6 crashes=0 avg_out=165.5s avg_ret=125.3s avg_lap=302.9s best_lap=296.3
t=2181.2 route=8 laps=5 crashes=0 avg_out=167.1s avg_ret=142.9s avg_lap=322.4s best_lap=313.7
t=2181.2 TOTAL laps=41 crashes=2
t=2181.2 TUNER gen=0 results=43/64 pending=8 active=8 remaining=21 next_trial=52 rounds=[7,6,5,7,5,8,7,6]
t=2184.1 LZ_REACHED craft=Aircraft_11_nav_r6_46 route=6 outbound=157.5s t=2184.1
t=2187.4 SPAWN craft=Aircraft_11_nav_r4_51 route=4 candidate=2 trial=51 t=2187.4
t=2198.8 LAP_CAPTURE craft=Aircraft_11_nav_r8_44 route=8 return=146.0s lap=322.6s carrier_dist=200m t=2198.8
t=2211.2 ==== SUMMARY t=2211.2 ====
t=2211.2 route=1 laps=6 crashes=0 avg_out=148.8s avg_ret=136.2s avg_lap=296.6s best_lap=283.8
t=2211.2 route=2 laps=5 crashes=0 avg_out=179.0s avg_ret=204.0s avg_lap=395.0s best_lap=389.0
t=2211.2 route=3 laps=4 crashes=0 avg_out=216.8s avg_ret=242.7s avg_lap=471.6s best_lap=455.5
t=2211.2 route=4 laps=5 crashes=1 avg_out=177.9s avg_ret=137.3s avg_lap=327.2s best_lap=323.3
t=2211.2 route=5 laps=4 crashes=0 avg_out=254.5s avg_ret=211.0s avg_lap=477.5s best_lap=463.0
t=2211.2 route=6 laps=6 crashes=1 avg_out=146.5s avg_ret=125.8s avg_lap=282.5s best_lap=274.4
t=2211.2 route=7 laps=6 crashes=0 avg_out=165.5s avg_ret=125.3s avg_lap=302.9s best_lap=296.3
t=2211.2 route=8 laps=6 crashes=0 avg_out=167.1s avg_ret=143.4s avg_lap=322.5s best_lap=313.7
t=2211.2 TOTAL laps=42 crashes=2
t=2211.2 TUNER gen=0 results=44/64 pending=8 active=8 remaining=20 next_trial=53 rounds=[7,6,5,7,5,8,7,7]
t=2217.5 SPAWN craft=Aircraft_11_nav_r8_52 route=8 candidate=6 trial=52 t=2217.5
t=2238.3 LAP_CAPTURE craft=Aircraft_11_nav_r1_45 route=1 return=133.3s lap=296.9s carrier_dist=200m t=2238.3
t=2241.2 ==== SUMMARY t=2241.2 ====
t=2241.2 route=1 laps=7 crashes=0 avg_out=148.8s avg_ret=135.8s avg_lap=296.6s best_lap=283.8
t=2241.2 route=2 laps=5 crashes=0 avg_out=179.0s avg_ret=204.0s avg_lap=395.0s best_lap=389.0
t=2241.2 route=3 laps=4 crashes=0 avg_out=216.8s avg_ret=242.7s avg_lap=471.6s best_lap=455.5
t=2241.2 route=4 laps=5 crashes=1 avg_out=177.9s avg_ret=137.3s avg_lap=327.2s best_lap=323.3
t=2241.2 route=5 laps=4 crashes=0 avg_out=254.5s avg_ret=211.0s avg_lap=477.5s best_lap=463.0
t=2241.2 route=6 laps=6 crashes=1 avg_out=146.5s avg_ret=125.8s avg_lap=282.5s best_lap=274.4
t=2241.2 route=7 laps=6 crashes=0 avg_out=165.5s avg_ret=125.3s avg_lap=302.9s best_lap=296.3
t=2241.2 route=8 laps=6 crashes=0 avg_out=167.1s avg_ret=143.4s avg_lap=322.5s best_lap=313.7
t=2241.2 TOTAL laps=43 crashes=2
t=2241.2 TUNER gen=0 results=45/64 pending=7 active=7 remaining=19 next_trial=53 rounds=[7,6,5,7,5,8,7,7]
t=2257.6 SPAWN craft=Aircraft_11_nav_r1_53 route=1 candidate=8 trial=53 t=2257.6
t=2263.3 LZ_REACHED craft=Aircraft_11_nav_r3_47 route=3 outbound=216.5s t=2263.3
t=2271.2 ==== SUMMARY t=2271.2 ====
t=2271.2 route=1 laps=7 crashes=0 avg_out=148.8s avg_ret=135.8s avg_lap=296.6s best_lap=283.8
t=2271.2 route=2 laps=5 crashes=0 avg_out=179.0s avg_ret=204.0s avg_lap=395.0s best_lap=389.0
t=2271.2 route=3 laps=4 crashes=0 avg_out=216.8s avg_ret=242.7s avg_lap=471.6s best_lap=455.5
t=2271.2 route=4 laps=5 crashes=1 avg_out=177.9s avg_ret=137.3s avg_lap=327.2s best_lap=323.3
t=2271.3 route=5 laps=4 crashes=0 avg_out=254.5s avg_ret=211.0s avg_lap=477.5s best_lap=463.0
t=2271.3 route=6 laps=6 crashes=1 avg_out=146.5s avg_ret=125.8s avg_lap=282.5s best_lap=274.4
t=2271.3 route=7 laps=6 crashes=0 avg_out=165.5s avg_ret=125.3s avg_lap=302.9s best_lap=296.3
t=2271.3 route=8 laps=6 crashes=0 avg_out=167.1s avg_ret=143.4s avg_lap=322.5s best_lap=313.7
t=2271.3 TOTAL laps=43 crashes=2
t=2271.3 TUNER gen=0 results=45/64 pending=8 active=8 remaining=19 next_trial=54 rounds=[8,6,5,7,5,8,7,7]
t=2301.3 ==== SUMMARY t=2301.3 ====
t=2301.3 route=1 laps=7 crashes=0 avg_out=148.8s avg_ret=135.8s avg_lap=296.6s best_lap=283.8
t=2301.3 route=2 laps=5 crashes=0 avg_out=179.0s avg_ret=204.0s avg_lap=395.0s best_lap=389.0
t=2301.3 route=3 laps=4 crashes=0 avg_out=216.8s avg_ret=242.7s avg_lap=471.6s best_lap=455.5
t=2301.3 route=4 laps=5 crashes=1 avg_out=177.9s avg_ret=137.3s avg_lap=327.2s best_lap=323.3
t=2301.3 route=5 laps=4 crashes=0 avg_out=254.5s avg_ret=211.0s avg_lap=477.5s best_lap=463.0
t=2301.3 route=6 laps=6 crashes=1 avg_out=146.5s avg_ret=125.8s avg_lap=282.5s best_lap=274.4
t=2301.3 route=7 laps=6 crashes=0 avg_out=165.5s avg_ret=125.3s avg_lap=302.9s best_lap=296.3
t=2301.3 route=8 laps=6 crashes=0 avg_out=167.1s avg_ret=143.4s avg_lap=322.5s best_lap=313.7
t=2301.3 TOTAL laps=43 crashes=2
t=2301.3 TUNER gen=0 results=45/64 pending=8 active=8 remaining=19 next_trial=54 rounds=[8,6,5,7,5,8,7,7]
t=2302.8 LZ_REACHED craft=Aircraft_11_nav_r2_49 route=2 outbound=180.7s t=2302.8
t=2322.7 LAP_CAPTURE craft=Aircraft_11_nav_r6_46 route=6 return=126.6s lap=296.1s carrier_dist=200m t=2322.7
t=2329.5 LZ_REACHED craft=Aircraft_11_nav_r7_50 route=7 outbound=162.2s t=2329.5
t=2331.3 ==== SUMMARY t=2331.3 ====
t=2331.3 route=1 laps=7 crashes=0 avg_out=148.8s avg_ret=135.8s avg_lap=296.6s best_lap=283.8
t=2331.3 route=2 laps=5 crashes=0 avg_out=179.2s avg_ret=204.0s avg_lap=395.0s best_lap=389.0
t=2331.3 route=3 laps=4 crashes=0 avg_out=216.8s avg_ret=242.7s avg_lap=471.6s best_lap=455.5
t=2331.3 route=4 laps=5 crashes=1 avg_out=177.9s avg_ret=137.3s avg_lap=327.2s best_lap=323.3
t=2331.3 route=5 laps=4 crashes=0 avg_out=254.5s avg_ret=211.0s avg_lap=477.5s best_lap=463.0
t=2331.3 route=6 laps=7 crashes=1 avg_out=146.5s avg_ret=125.9s avg_lap=284.5s best_lap=274.4
t=2331.3 route=7 laps=6 crashes=0 avg_out=165.1s avg_ret=125.3s avg_lap=302.9s best_lap=296.3
t=2331.3 route=8 laps=6 crashes=0 avg_out=167.1s avg_ret=143.4s avg_lap=322.5s best_lap=313.7
t=2331.3 TOTAL laps=44 crashes=2
t=2331.3 TUNER gen=0 results=46/64 pending=7 active=7 remaining=18 next_trial=54 rounds=[8,6,5,7,5,8,7,7]
t=2335.4 TUNING_REASSIGN craft=Aircraft_11_nav_r6_54 requested_route=6 assigned_route=3
t=2343.0 SPAWN craft=Aircraft_11_nav_r6_54 route=3 candidate=8 trial=54 t=2343.0
t=2356.3 LZ_REACHED craft=Aircraft_11_nav_r5_48 route=5 outbound=259.2s t=2356.3
t=2361.2 LZ_REACHED craft=Aircraft_11_nav_r4_51 route=4 outbound=173.7s t=2361.2
t=2361.3 ==== SUMMARY t=2361.3 ====
t=2361.3 route=1 laps=7 crashes=0 avg_out=148.8s avg_ret=135.8s avg_lap=296.6s best_lap=283.8
t=2361.3 route=2 laps=5 crashes=0 avg_out=179.2s avg_ret=204.0s avg_lap=395.0s best_lap=389.0
t=2361.3 route=3 laps=4 crashes=0 avg_out=216.8s avg_ret=242.7s avg_lap=471.6s best_lap=455.5
t=2361.3 route=4 laps=5 crashes=1 avg_out=177.3s avg_ret=137.3s avg_lap=327.2s best_lap=323.3
t=2361.3 route=5 laps=4 crashes=0 avg_out=255.4s avg_ret=211.0s avg_lap=477.5s best_lap=463.0
t=2361.3 route=6 laps=7 crashes=1 avg_out=146.5s avg_ret=125.9s avg_lap=284.5s best_lap=274.4
t=2361.4 route=7 laps=6 crashes=0 avg_out=165.1s avg_ret=125.3s avg_lap=302.9s best_lap=296.3
t=2361.4 route=8 laps=6 crashes=0 avg_out=167.1s avg_ret=143.4s avg_lap=322.5s best_lap=313.7
t=2361.4 TOTAL laps=44 crashes=2
t=2361.4 TUNER gen=0 results=46/64 pending=8 active=8 remaining=18 next_trial=55 rounds=[8,6,6,7,5,8,7,7]
t=2383.8 LZ_REACHED craft=Aircraft_11_nav_r8_52 route=8 outbound=166.3s t=2383.8
t=2391.4 ==== SUMMARY t=2391.4 ====
t=2391.5 route=1 laps=7 crashes=0 avg_out=148.8s avg_ret=135.8s avg_lap=296.6s best_lap=283.8
t=2391.5 route=2 laps=5 crashes=0 avg_out=179.2s avg_ret=204.0s avg_lap=395.0s best_lap=389.0
t=2391.5 route=3 laps=4 crashes=0 avg_out=216.8s avg_ret=242.7s avg_lap=471.6s best_lap=455.5
t=2391.5 route=4 laps=5 crashes=1 avg_out=177.3s avg_ret=137.3s avg_lap=327.2s best_lap=323.3
t=2391.5 route=5 laps=4 crashes=0 avg_out=255.4s avg_ret=211.0s avg_lap=477.5s best_lap=463.0
t=2391.5 route=6 laps=7 crashes=1 avg_out=146.5s avg_ret=125.9s avg_lap=284.5s best_lap=274.4
t=2391.5 route=7 laps=6 crashes=0 avg_out=165.1s avg_ret=125.3s avg_lap=302.9s best_lap=296.3
t=2391.5 route=8 laps=6 crashes=0 avg_out=167.0s avg_ret=143.4s avg_lap=322.5s best_lap=313.7
t=2391.5 TOTAL laps=44 crashes=2
t=2391.5 TUNER gen=0 results=46/64 pending=8 active=8 remaining=18 next_trial=55 rounds=[8,6,6,7,5,8,7,7]
t=2408.3 LZ_REACHED craft=Aircraft_11_nav_r1_53 route=1 outbound=150.7s t=2408.3
t=2421.5 ==== SUMMARY t=2421.5 ====
t=2421.5 route=1 laps=7 crashes=0 avg_out=149.1s avg_ret=135.8s avg_lap=296.6s best_lap=283.8
t=2421.5 route=2 laps=5 crashes=0 avg_out=179.2s avg_ret=204.0s avg_lap=395.0s best_lap=389.0
t=2421.5 route=3 laps=4 crashes=0 avg_out=216.8s avg_ret=242.7s avg_lap=471.6s best_lap=455.5
t=2421.5 route=4 laps=5 crashes=1 avg_out=177.3s avg_ret=137.3s avg_lap=327.2s best_lap=323.3
t=2421.5 route=5 laps=4 crashes=0 avg_out=255.4s avg_ret=211.0s avg_lap=477.5s best_lap=463.0
t=2421.5 route=6 laps=7 crashes=1 avg_out=146.5s avg_ret=125.9s avg_lap=284.5s best_lap=274.4
t=2421.5 route=7 laps=6 crashes=0 avg_out=165.1s avg_ret=125.3s avg_lap=302.9s best_lap=296.3
t=2421.5 route=8 laps=6 crashes=0 avg_out=167.0s avg_ret=143.4s avg_lap=322.5s best_lap=313.7
t=2421.5 TOTAL laps=44 crashes=2
t=2421.5 TUNER gen=0 results=46/64 pending=8 active=8 remaining=18 next_trial=55 rounds=[8,6,6,7,5,8,7,7]
t=2451.5 ==== SUMMARY t=2451.5 ====
t=2451.5 route=1 laps=7 crashes=0 avg_out=149.1s avg_ret=135.8s avg_lap=296.6s best_lap=283.8
t=2451.5 route=2 laps=5 crashes=0 avg_out=179.2s avg_ret=204.0s avg_lap=395.0s best_lap=389.0
t=2451.5 route=3 laps=4 crashes=0 avg_out=216.8s avg_ret=242.7s avg_lap=471.6s best_lap=455.5
t=2451.5 route=4 laps=5 crashes=1 avg_out=177.3s avg_ret=137.3s avg_lap=327.2s best_lap=323.3
t=2451.5 route=5 laps=4 crashes=0 avg_out=255.4s avg_ret=211.0s avg_lap=477.5s best_lap=463.0
t=2451.5 route=6 laps=7 crashes=1 avg_out=146.5s avg_ret=125.9s avg_lap=284.5s best_lap=274.4
t=2451.5 route=7 laps=6 crashes=0 avg_out=165.1s avg_ret=125.3s avg_lap=302.9s best_lap=296.3
t=2451.5 route=8 laps=6 crashes=0 avg_out=167.0s avg_ret=143.4s avg_lap=322.5s best_lap=313.7
t=2451.5 TOTAL laps=44 crashes=2
t=2451.5 TUNER gen=0 results=46/64 pending=8 active=8 remaining=18 next_trial=55 rounds=[8,6,6,7,5,8,7,7]
t=2466.7 LAP_CAPTURE craft=Aircraft_11_nav_r7_50 route=7 return=125.2s lap=299.4s carrier_dist=200m t=2466.7
t=2476.0 TUNING_REASSIGN craft=Aircraft_11_nav_r6_55 requested_route=6 assigned_route=5
t=2478.3 LAUNCH_BLOCKED reason=tuner_capacity_full active=8 stored=1 no_active_s=0.0 state=AIRCRAFT_ON_DECK tractor_cleanup=false elevator_transfer=true deck=Aircraft_11_nav_r6_55 pending=none clearance=none queue=0
t=2481.5 ==== SUMMARY t=2481.5 ====
t=2481.5 route=1 laps=7 crashes=0 avg_out=149.1s avg_ret=135.8s avg_lap=296.6s best_lap=283.8
t=2481.5 route=2 laps=5 crashes=0 avg_out=179.2s avg_ret=204.0s avg_lap=395.0s best_lap=389.0
t=2481.5 route=3 laps=4 crashes=0 avg_out=216.8s avg_ret=242.7s avg_lap=471.6s best_lap=455.5
t=2481.6 route=4 laps=5 crashes=1 avg_out=177.3s avg_ret=137.3s avg_lap=327.2s best_lap=323.3
t=2481.6 route=5 laps=4 crashes=0 avg_out=255.4s avg_ret=211.0s avg_lap=477.5s best_lap=463.0
t=2481.6 route=6 laps=7 crashes=1 avg_out=146.5s avg_ret=125.9s avg_lap=284.5s best_lap=274.4
t=2481.6 route=7 laps=7 crashes=0 avg_out=165.1s avg_ret=125.3s avg_lap=302.4s best_lap=296.3
t=2481.6 route=8 laps=6 crashes=0 avg_out=167.0s avg_ret=143.4s avg_lap=322.5s best_lap=313.7
t=2481.6 TOTAL laps=45 crashes=2
t=2481.6 TUNER gen=0 results=47/64 pending=8 active=8 remaining=17 next_trial=56 rounds=[8,6,6,7,6,8,7,7]
t=2483.6 SPAWN craft=Aircraft_11_nav_r6_55 route=5 candidate=2 trial=55 t=2483.6
t=2493.4 LAUNCH_BLOCKED reason=tuner_capacity_full active=8 stored=1 no_active_s=0.0 state=IDLE tractor_cleanup=false elevator_transfer=false deck=Aircraft_11_nav_r6_55 pending=none clearance=none queue=0
t=2508.5 LAUNCH_BLOCKED reason=tuner_capacity_full active=8 stored=1 no_active_s=0.0 state=IDLE tractor_cleanup=false elevator_transfer=false deck=Aircraft_11_nav_r6_55 pending=none clearance=none queue=0
t=2511.5 ==== SUMMARY t=2511.5 ====
t=2511.5 route=1 laps=7 crashes=0 avg_out=149.1s avg_ret=135.8s avg_lap=296.6s best_lap=283.8
t=2511.6 route=2 laps=5 crashes=0 avg_out=179.2s avg_ret=204.0s avg_lap=395.0s best_lap=389.0
t=2511.6 route=3 laps=4 crashes=0 avg_out=216.8s avg_ret=242.7s avg_lap=471.6s best_lap=455.5
t=2511.6 route=4 laps=5 crashes=1 avg_out=177.3s avg_ret=137.3s avg_lap=327.2s best_lap=323.3
t=2511.6 route=5 laps=4 crashes=0 avg_out=255.4s avg_ret=211.0s avg_lap=477.5s best_lap=463.0
t=2511.6 route=6 laps=7 crashes=1 avg_out=146.5s avg_ret=125.9s avg_lap=284.5s best_lap=274.4
t=2511.6 route=7 laps=7 crashes=0 avg_out=165.1s avg_ret=125.3s avg_lap=302.4s best_lap=296.3
t=2511.6 route=8 laps=6 crashes=0 avg_out=167.0s avg_ret=143.4s avg_lap=322.5s best_lap=313.7
t=2511.6 TOTAL laps=45 crashes=2
t=2511.6 TUNER gen=0 results=47/64 pending=8 active=8 remaining=17 next_trial=56 rounds=[8,6,6,7,6,8,7,7]
t=2513.8 LAP_CAPTURE craft=Aircraft_11_nav_r3_47 route=3 return=238.5s lap=467.0s carrier_dist=200m t=2513.8
t=2516.7 LAP_CAPTURE craft=Aircraft_11_nav_r4_51 route=4 return=143.5s lap=329.3s carrier_dist=200m t=2516.7
t=2523.5 LAUNCH_BLOCKED reason=deck_busy active=7 stored=1 no_active_s=0.0 state=RETRIEVING_FROM_HANGAR tractor_cleanup=false elevator_transfer=false deck=Aircraft_11_nav_r7_56 pending=none clearance=none queue=0
t=2527.5 LAP_CAPTURE craft=Aircraft_11_nav_r2_49 route=2 return=212.7s lap=405.4s carrier_dist=200m t=2527.5
t=2533.8 SPAWN craft=Aircraft_11_nav_r7_56 route=7 candidate=6 trial=56 t=2533.8
t=2538.5 LAUNCH_BLOCKED reason=landing_or_storage_busy active=6 stored=2 no_active_s=0.0 state=IDLE tractor_cleanup=false elevator_transfer=false deck=Aircraft_11_nav_r7_56 pending=none clearance=Aircraft_11_nav_r8_52 queue=0
t=2541.6 ==== SUMMARY t=2541.6 ====
t=2541.6 route=1 laps=7 crashes=0 avg_out=149.1s avg_ret=135.8s avg_lap=296.6s best_lap=283.8
t=2541.6 route=2 laps=6 crashes=0 avg_out=179.2s avg_ret=205.4s avg_lap=396.7s best_lap=389.0
t=2541.6 route=3 laps=5 crashes=0 avg_out=216.8s avg_ret=241.9s avg_lap=470.7s best_lap=455.5
t=2541.6 route=4 laps=6 crashes=1 avg_out=177.3s avg_ret=138.3s avg_lap=327.5s best_lap=323.3
t=2541.6 route=5 laps=4 crashes=0 avg_out=255.4s avg_ret=211.0s avg_lap=477.5s best_lap=463.0
t=2541.6 route=6 laps=7 crashes=1 avg_out=146.5s avg_ret=125.9s avg_lap=284.5s best_lap=274.4
t=2541.6 route=7 laps=7 crashes=0 avg_out=165.1s avg_ret=125.3s avg_lap=302.4s best_lap=296.3
t=2541.6 route=8 laps=6 crashes=0 avg_out=167.0s avg_ret=143.4s avg_lap=322.5s best_lap=313.7
t=2541.6 TOTAL laps=48 crashes=2
t=2541.6 TUNER gen=0 results=50/64 pending=6 active=6 remaining=14 next_trial=57 rounds=[8,6,6,7,6,8,8,7]
t=2547.7 LAP_CAPTURE craft=Aircraft_11_nav_r8_52 route=8 return=151.9s lap=330.3s carrier_dist=200m t=2547.7
t=2553.6 LAUNCH_BLOCKED reason=landing_or_storage_busy active=5 stored=3 no_active_s=0.0 state=IDLE tractor_cleanup=false elevator_transfer=false deck=Aircraft_11_nav_r7_56 pending=none clearance=Aircraft_11_nav_r1_53 queue=0
t=2558.4 LAP_CAPTURE craft=Aircraft_11_nav_r1_53 route=1 return=138.1s lap=300.8s carrier_dist=200m t=2558.4
t=2560.4 LZ_REACHED craft=Aircraft_11_nav_r6_54 route=3 outbound=217.4s t=2560.4
t=2568.6 LAUNCH_BLOCKED reason=deck_busy active=5 stored=4 no_active_s=0.0 state=AIRCRAFT_ON_DECK tractor_cleanup=false elevator_transfer=true deck=Aircraft_11_nav_r4_57 pending=none clearance=none queue=0
t=2571.6 ==== SUMMARY t=2571.6 ====
t=2571.6 route=1 laps=8 crashes=0 avg_out=149.1s avg_ret=136.1s avg_lap=297.2s best_lap=283.8
t=2571.6 route=2 laps=6 crashes=0 avg_out=179.2s avg_ret=205.4s avg_lap=396.7s best_lap=389.0
t=2571.6 route=3 laps=5 crashes=0 avg_out=216.9s avg_ret=241.9s avg_lap=470.7s best_lap=455.5
t=2571.6 route=4 laps=6 crashes=1 avg_out=177.3s avg_ret=138.3s avg_lap=327.5s best_lap=323.3
t=2571.6 route=5 laps=4 crashes=0 avg_out=255.4s avg_ret=211.0s avg_lap=477.5s best_lap=463.0
t=2571.6 route=6 laps=7 crashes=1 avg_out=146.5s avg_ret=125.9s avg_lap=284.5s best_lap=274.4
t=2571.6 route=7 laps=7 crashes=0 avg_out=165.1s avg_ret=125.3s avg_lap=302.4s best_lap=296.3
t=2571.6 route=8 laps=7 crashes=0 avg_out=167.0s avg_ret=144.6s avg_lap=323.6s best_lap=313.7
t=2571.6 TOTAL laps=50 crashes=2
t=2571.6 TUNER gen=0 results=52/64 pending=5 active=5 remaining=12 next_trial=58 rounds=[8,6,6,8,6,8,8,7]
t=2573.9 SPAWN craft=Aircraft_11_nav_r4_57 route=4 candidate=3 trial=57 t=2573.9
t=2583.7 LAUNCH_BLOCKED reason=deck_busy active=6 stored=3 no_active_s=0.0 state=RETRIEVING_FROM_HANGAR tractor_cleanup=false elevator_transfer=false deck=Aircraft_11_nav_r6_58 pending=none clearance=none queue=0
t=2583.8 LAP_CAPTURE craft=Aircraft_11_nav_r5_48 route=5 return=215.5s lap=486.7s carrier_dist=200m t=2583.8
t=2586.5 TUNING_REASSIGN craft=Aircraft_11_nav_r6_58 requested_route=6 assigned_route=2
t=2594.0 SPAWN craft=Aircraft_11_nav_r6_58 route=2 candidate=8 trial=58 t=2594.0
t=2598.8 LAUNCH_BLOCKED reason=cleared_unready_nav_deck_aircraft active=5 stored=3 no_active_s=0.0 state=IDLE tractor_cleanup=false elevator_transfer=false deck=Aircraft_11_nav_r6_58 pending=none clearance=none queue=0
t=2601.6 ==== SUMMARY t=2601.6 ====
t=2601.6 route=1 laps=8 crashes=0 avg_out=149.1s avg_ret=136.1s avg_lap=297.2s best_lap=283.8
t=2601.6 route=2 laps=6 crashes=0 avg_out=179.2s avg_ret=205.4s avg_lap=396.7s best_lap=389.0
t=2601.6 route=3 laps=5 crashes=0 avg_out=216.9s avg_ret=241.9s avg_lap=470.7s best_lap=455.5
t=2601.6 route=4 laps=6 crashes=1 avg_out=177.3s avg_ret=138.3s avg_lap=327.5s best_lap=323.3
t=2601.6 route=5 laps=5 crashes=0 avg_out=255.4s avg_ret=211.9s avg_lap=479.3s best_lap=463.0
t=2601.6 route=6 laps=7 crashes=1 avg_out=146.5s avg_ret=125.9s avg_lap=284.5s best_lap=274.4
t=2601.7 route=7 laps=7 crashes=0 avg_out=165.1s avg_ret=125.3s avg_lap=302.4s best_lap=296.3
t=2601.7 route=8 laps=7 crashes=0 avg_out=167.0s avg_ret=144.6s avg_lap=323.6s best_lap=313.7
t=2601.7 TOTAL laps=51 crashes=2
t=2601.7 TUNER gen=0 results=53/64 pending=5 active=5 remaining=11 next_trial=59 rounds=[8,7,6,8,6,8,8,7]
t=2613.8 LAUNCH_BLOCKED reason=deck_busy active=6 stored=3 no_active_s=0.0 state=AIRCRAFT_ON_DECK tractor_cleanup=false elevator_transfer=false deck=Aircraft_11_nav_r2_59 pending=none clearance=none queue=0
t=2614.0 SPAWN craft=Aircraft_11_nav_r2_59 route=2 candidate=1 trial=59 t=2614.0
t=2626.6 TUNING_REASSIGN craft=Aircraft_11_nav_r1_60 requested_route=1 assigned_route=3
t=2629.0 LAUNCH_BLOCKED reason=deck_busy active=7 stored=2 no_active_s=0.0 state=AIRCRAFT_ON_DECK tractor_cleanup=false elevator_transfer=true deck=Aircraft_11_nav_r1_60 pending=none clearance=none queue=0
t=2631.7 ==== SUMMARY t=2631.7 ====
t=2631.7 route=1 laps=8 crashes=0 avg_out=149.1s avg_ret=136.1s avg_lap=297.2s best_lap=283.8
t=2631.7 route=2 laps=6 crashes=0 avg_out=179.2s avg_ret=205.4s avg_lap=396.7s best_lap=389.0
t=2631.7 route=3 laps=5 crashes=0 avg_out=216.9s avg_ret=241.9s avg_lap=470.7s best_lap=455.5
t=2631.7 route=4 laps=6 crashes=1 avg_out=177.3s avg_ret=138.3s avg_lap=327.5s best_lap=323.3
t=2631.7 route=5 laps=5 crashes=0 avg_out=255.4s avg_ret=211.9s avg_lap=479.3s best_lap=463.0
t=2631.7 route=6 laps=7 crashes=1 avg_out=146.5s avg_ret=125.9s avg_lap=284.5s best_lap=274.4
t=2631.7 route=7 laps=7 crashes=0 avg_out=165.1s avg_ret=125.3s avg_lap=302.4s best_lap=296.3
t=2631.7 route=8 laps=7 crashes=0 avg_out=167.0s avg_ret=144.6s avg_lap=323.6s best_lap=313.7
t=2631.7 TOTAL laps=51 crashes=2
t=2631.7 TUNER gen=0 results=53/64 pending=7 active=7 remaining=11 next_trial=61 rounds=[8,8,7,8,6,8,8,7]
t=2634.1 SPAWN craft=Aircraft_11_nav_r1_60 route=3 candidate=1 trial=60 t=2634.1
t=2649.0 LAUNCH_BLOCKED reason=tuner_capacity_full active=8 stored=1 no_active_s=0.0 state=AIRCRAFT_ON_DECK tractor_cleanup=false elevator_transfer=true deck=Aircraft_11_nav_r8_61 pending=none clearance=none queue=0
t=2654.2 SPAWN craft=Aircraft_11_nav_r8_61 route=8 candidate=7 trial=61 t=2654.2
t=2661.7 ==== SUMMARY t=2661.7 ====
t=2661.7 route=1 laps=8 crashes=0 avg_out=149.1s avg_ret=136.1s avg_lap=297.2s best_lap=283.8
t=2661.7 route=2 laps=6 crashes=0 avg_out=179.2s avg_ret=205.4s avg_lap=396.7s best_lap=389.0
t=2661.7 route=3 laps=5 crashes=0 avg_out=216.9s avg_ret=241.9s avg_lap=470.7s best_lap=455.5
t=2661.7 route=4 laps=6 crashes=1 avg_out=177.3s avg_ret=138.3s avg_lap=327.5s best_lap=323.3
t=2661.7 route=5 laps=5 crashes=0 avg_out=255.4s avg_ret=211.9s avg_lap=479.3s best_lap=463.0
t=2661.7 route=6 laps=7 crashes=1 avg_out=146.5s avg_ret=125.9s avg_lap=284.5s best_lap=274.4
t=2661.7 route=7 laps=7 crashes=0 avg_out=165.1s avg_ret=125.3s avg_lap=302.4s best_lap=296.3
t=2661.7 route=8 laps=7 crashes=0 avg_out=167.0s avg_ret=144.6s avg_lap=323.6s best_lap=313.7
t=2661.8 TOTAL laps=51 crashes=2
t=2661.8 TUNER gen=0 results=53/64 pending=8 active=8 remaining=11 next_trial=62 rounds=[8,8,7,8,6,8,8,8]
t=2664.0 LAUNCH_BLOCKED reason=tuner_capacity_full active=8 stored=1 no_active_s=0.0 state=IDLE tractor_cleanup=false elevator_transfer=false deck=Aircraft_11_nav_r8_61 pending=none clearance=none queue=0
t=2679.1 LAUNCH_BLOCKED reason=tuner_capacity_full active=8 stored=1 no_active_s=0.0 state=IDLE tractor_cleanup=false elevator_transfer=false deck=Aircraft_11_nav_r8_61 pending=none clearance=none queue=0
t=2690.8 LZ_REACHED craft=Aircraft_11_nav_r7_56 route=7 outbound=157.1s t=2690.8
t=2691.7 ==== SUMMARY t=2691.7 ====
t=2691.7 route=1 laps=8 crashes=0 avg_out=149.1s avg_ret=136.1s avg_lap=297.2s best_lap=283.8
t=2691.7 route=2 laps=6 crashes=0 avg_out=179.2s avg_ret=205.4s avg_lap=396.7s best_lap=389.0
t=2691.7 route=3 laps=5 crashes=0 avg_out=216.9s avg_ret=241.9s avg_lap=470.7s best_lap=455.5
t=2691.7 route=4 laps=6 crashes=1 avg_out=177.3s avg_ret=138.3s avg_lap=327.5s best_lap=323.3
t=2691.7 route=5 laps=5 crashes=0 avg_out=255.4s avg_ret=211.9s avg_lap=479.3s best_lap=463.0
t=2691.8 route=6 laps=7 crashes=1 avg_out=146.5s avg_ret=125.9s avg_lap=284.5s best_lap=274.4
t=2691.8 route=7 laps=7 crashes=0 avg_out=164.1s avg_ret=125.3s avg_lap=302.4s best_lap=296.3
t=2691.8 route=8 laps=7 crashes=0 avg_out=167.0s avg_ret=144.6s avg_lap=323.6s best_lap=313.7
t=2691.8 TOTAL laps=51 crashes=2
t=2691.8 TUNER gen=0 results=53/64 pending=8 active=8 remaining=11 next_trial=62 rounds=[8,8,7,8,6,8,8,8]
t=2694.1 LAUNCH_BLOCKED reason=tuner_capacity_full active=8 stored=1 no_active_s=0.0 state=IDLE tractor_cleanup=false elevator_transfer=false deck=Aircraft_11_nav_r8_61 pending=none clearance=none queue=0
t=2709.2 LAUNCH_BLOCKED reason=tuner_capacity_full active=8 stored=1 no_active_s=0.0 state=IDLE tractor_cleanup=false elevator_transfer=false deck=Aircraft_11_nav_r8_61 pending=none clearance=none queue=0
t=2721.7 ==== SUMMARY t=2721.7 ====
t=2721.7 route=1 laps=8 crashes=0 avg_out=149.1s avg_ret=136.1s avg_lap=297.2s best_lap=283.8
t=2721.7 route=2 laps=6 crashes=0 avg_out=179.2s avg_ret=205.4s avg_lap=396.7s best_lap=389.0
t=2721.7 route=3 laps=5 crashes=0 avg_out=216.9s avg_ret=241.9s avg_lap=470.7s best_lap=455.5
t=2721.7 route=4 laps=6 crashes=1 avg_out=177.3s avg_ret=138.3s avg_lap=327.5s best_lap=323.3
t=2721.8 route=5 laps=5 crashes=0 avg_out=255.4s avg_ret=211.9s avg_lap=479.3s best_lap=463.0
t=2721.8 route=6 laps=7 crashes=1 avg_out=146.5s avg_ret=125.9s avg_lap=284.5s best_lap=274.4
t=2721.8 route=7 laps=7 crashes=0 avg_out=164.1s avg_ret=125.3s avg_lap=302.4s best_lap=296.3
t=2721.8 route=8 laps=7 crashes=0 avg_out=167.0s avg_ret=144.6s avg_lap=323.6s best_lap=313.7
t=2721.8 TOTAL laps=51 crashes=2
t=2721.8 TUNER gen=0 results=53/64 pending=8 active=8 remaining=11 next_trial=62 rounds=[8,8,7,8,6,8,8,8]
t=2724.2 LAUNCH_BLOCKED reason=tuner_capacity_full active=8 stored=1 no_active_s=0.0 state=IDLE tractor_cleanup=false elevator_transfer=false deck=Aircraft_11_nav_r8_61 pending=none clearance=none queue=0
t=2739.3 LAUNCH_BLOCKED reason=tuner_capacity_full active=8 stored=1 no_active_s=0.0 state=IDLE tractor_cleanup=false elevator_transfer=false deck=Aircraft_11_nav_r8_61 pending=none clearance=none queue=0
t=2744.9 LZ_REACHED craft=Aircraft_11_nav_r4_57 route=4 outbound=171.0s t=2744.9
t=2746.1 LZ_REACHED craft=Aircraft_11_nav_r6_55 route=5 outbound=262.5s t=2746.1
t=2751.7 ==== SUMMARY t=2751.7 ====
t=2751.8 route=1 laps=8 crashes=0 avg_out=149.1s avg_ret=136.1s avg_lap=297.2s best_lap=283.8
t=2751.8 route=2 laps=6 crashes=0 avg_out=179.2s avg_ret=205.4s avg_lap=396.7s best_lap=389.0
t=2751.8 route=3 laps=5 crashes=0 avg_out=216.9s avg_ret=241.9s avg_lap=470.7s best_lap=455.5
t=2751.8 route=4 laps=6 crashes=1 avg_out=176.5s avg_ret=138.3s avg_lap=327.5s best_lap=323.3
t=2751.8 route=5 laps=5 crashes=0 avg_out=256.6s avg_ret=211.9s avg_lap=479.3s best_lap=463.0
t=2751.8 route=6 laps=7 crashes=1 avg_out=146.5s avg_ret=125.9s avg_lap=284.5s best_lap=274.4
t=2751.8 route=7 laps=7 crashes=0 avg_out=164.1s avg_ret=125.3s avg_lap=302.4s best_lap=296.3
t=2751.8 route=8 laps=7 crashes=0 avg_out=167.0s avg_ret=144.6s avg_lap=323.6s best_lap=313.7
t=2751.8 TOTAL laps=51 crashes=2
t=2751.8 TUNER gen=0 results=53/64 pending=8 active=8 remaining=11 next_trial=62 rounds=[8,8,7,8,6,8,8,8]
t=2754.3 LAUNCH_BLOCKED reason=tuner_capacity_full active=8 stored=1 no_active_s=0.0 state=IDLE tractor_cleanup=false elevator_transfer=false deck=Aircraft_11_nav_r8_61 pending=none clearance=none queue=0
t=2769.5 LAUNCH_BLOCKED reason=tuner_capacity_full active=8 stored=1 no_active_s=0.0 state=IDLE tractor_cleanup=false elevator_transfer=false deck=Aircraft_11_nav_r8_61 pending=none clearance=none queue=0
t=2778.0 CRASH craft=Aircraft_11_nav_r6_58 route=2 phase=0 t=2778.0
t=2781.8 ==== SUMMARY t=2781.8 ====
t=2781.8 route=1 laps=8 crashes=0 avg_out=149.1s avg_ret=136.1s avg_lap=297.2s best_lap=283.8
t=2781.8 route=2 laps=6 crashes=1 avg_out=179.2s avg_ret=205.4s avg_lap=396.7s best_lap=389.0
t=2781.8 route=3 laps=5 crashes=0 avg_out=216.9s avg_ret=241.9s avg_lap=470.7s best_lap=455.5
t=2781.8 route=4 laps=6 crashes=1 avg_out=176.5s avg_ret=138.3s avg_lap=327.5s best_lap=323.3
t=2781.8 route=5 laps=5 crashes=0 avg_out=256.6s avg_ret=211.9s avg_lap=479.3s best_lap=463.0
t=2781.9 route=6 laps=7 crashes=1 avg_out=146.5s avg_ret=125.9s avg_lap=284.5s best_lap=274.4
t=2781.9 route=7 laps=7 crashes=0 avg_out=164.1s avg_ret=125.3s avg_lap=302.4s best_lap=296.3
t=2781.9 route=8 laps=7 crashes=0 avg_out=167.0s avg_ret=144.6s avg_lap=323.6s best_lap=313.7
t=2781.9 TOTAL laps=51 crashes=3
t=2781.9 TUNER gen=0 results=54/64 pending=7 active=7 remaining=10 next_trial=62 rounds=[8,8,7,8,6,8,8,8]
t=2787.1 TUNING_REASSIGN craft=Aircraft_11_nav_r6_62 requested_route=6 assigned_route=5
t=2789.5 LAUNCH_BLOCKED reason=tuner_capacity_full active=8 stored=1 no_active_s=0.0 state=AIRCRAFT_ON_DECK tractor_cleanup=false elevator_transfer=true deck=Aircraft_11_nav_r6_62 pending=none clearance=none queue=0
t=2794.7 SPAWN craft=Aircraft_11_nav_r6_62 route=5 candidate=3 trial=62 t=2794.7
t=2796.6 LZ_REACHED craft=Aircraft_11_nav_r2_59 route=2 outbound=182.6s t=2796.6
t=2804.6 LAUNCH_BLOCKED reason=tuner_capacity_full active=8 stored=1 no_active_s=0.0 state=IDLE tractor_cleanup=false elevator_transfer=false deck=Aircraft_11_nav_r6_62 pending=none clearance=none queue=0
t=2810.2 LAP_CAPTURE craft=Aircraft_11_nav_r6_54 route=3 return=237.8s lap=467.2s carrier_dist=200m t=2810.2
t=2811.9 ==== SUMMARY t=2811.9 ====
t=2811.9 route=1 laps=8 crashes=0 avg_out=149.1s avg_ret=136.1s avg_lap=297.2s best_lap=283.8
t=2811.9 route=2 laps=6 crashes=1 avg_out=179.7s avg_ret=205.4s avg_lap=396.7s best_lap=389.0
t=2811.9 route=3 laps=6 crashes=0 avg_out=216.9s avg_ret=241.2s avg_lap=470.1s best_lap=455.5
t=2811.9 route=4 laps=6 crashes=1 avg_out=176.5s avg_ret=138.3s avg_lap=327.5s best_lap=323.3
t=2811.9 route=5 laps=5 crashes=0 avg_out=256.6s avg_ret=211.9s avg_lap=479.3s best_lap=463.0
t=2811.9 route=6 laps=7 crashes=1 avg_out=146.5s avg_ret=125.9s avg_lap=284.5s best_lap=274.4
t=2812.0 route=7 laps=7 crashes=0 avg_out=164.1s avg_ret=125.3s avg_lap=302.4s best_lap=296.3
t=2812.0 route=8 laps=7 crashes=0 avg_out=167.0s avg_ret=144.6s avg_lap=323.6s best_lap=313.7
t=2812.0 TOTAL laps=52 crashes=3
t=2812.0 TUNER gen=0 results=55/64 pending=7 active=7 remaining=9 next_trial=63 rounds=[8,8,7,8,7,8,8,8]
t=2822.1 LZ_REACHED craft=Aircraft_11_nav_r8_61 route=8 outbound=167.9s t=2822.1
t=2822.4 TUNING_REASSIGN craft=Aircraft_11_nav_r1_63 requested_route=1 assigned_route=3
t=2824.8 LAUNCH_BLOCKED reason=tuner_capacity_full active=8 stored=1 no_active_s=0.0 state=AIRCRAFT_ON_DECK tractor_cleanup=false elevator_transfer=true deck=Aircraft_11_nav_r1_63 pending=none clearance=none queue=0
t=2825.7 LAP_CAPTURE craft=Aircraft_11_nav_r7_56 route=7 return=122.8s lap=291.9s carrier_dist=200m t=2825.7
t=2830.0 SPAWN craft=Aircraft_11_nav_r1_63 route=3 candidate=2 trial=63 t=2830.0
t=2842.0 ==== SUMMARY t=2842.0 ====
t=2842.0 route=1 laps=8 crashes=0 avg_out=149.1s avg_ret=136.1s avg_lap=297.2s best_lap=283.8
t=2842.0 route=2 laps=6 crashes=1 avg_out=179.7s avg_ret=205.4s avg_lap=396.7s best_lap=389.0
t=2842.0 route=3 laps=6 crashes=0 avg_out=216.9s avg_ret=241.2s avg_lap=470.1s best_lap=455.5
t=2842.0 route=4 laps=6 crashes=1 avg_out=176.5s avg_ret=138.3s avg_lap=327.5s best_lap=323.3
t=2842.0 route=5 laps=5 crashes=0 avg_out=256.6s avg_ret=211.9s avg_lap=479.3s best_lap=463.0
t=2842.0 route=6 laps=7 crashes=1 avg_out=146.5s avg_ret=125.9s avg_lap=284.5s best_lap=274.4
t=2842.0 route=7 laps=8 crashes=0 avg_out=164.1s avg_ret=125.0s avg_lap=301.1s best_lap=291.9
t=2842.1 route=8 laps=7 crashes=0 avg_out=167.1s avg_ret=144.6s avg_lap=323.6s best_lap=313.7
t=2842.1 TOTAL laps=53 crashes=3
t=2842.1 TUNER gen=0 results=56/64 pending=7 active=7 remaining=8 next_trial=64 rounds=[8,8,8,8,7,8,8,8]
t=2842.6 TUNING_REASSIGN craft=Aircraft_11_nav_r6_64 requested_route=6 assigned_route=5
t=2844.8 LAUNCH_BLOCKED reason=tuner_capacity_full active=8 stored=1 no_active_s=0.0 state=AIRCRAFT_ON_DECK tractor_cleanup=false elevator_transfer=true deck=Aircraft_11_nav_r6_64 pending=none clearance=none queue=0
t=2850.1 SPAWN craft=Aircraft_11_nav_r6_64 route=5 candidate=4 trial=64 t=2850.1
t=2850.6 LZ_REACHED craft=Aircraft_11_nav_r1_60 route=3 outbound=216.5s t=2850.6
t=2859.9 LAUNCH_BLOCKED reason=tuner_capacity_full active=8 stored=1 no_active_s=0.0 state=IDLE tractor_cleanup=false elevator_transfer=false deck=Aircraft_11_nav_r6_64 pending=none clearance=none queue=0
t=2872.1 ==== SUMMARY t=2872.1 ====
t=2872.1 route=1 laps=8 crashes=0 avg_out=149.1s avg_ret=136.1s avg_lap=297.2s best_lap=283.8
t=2872.1 route=2 laps=6 crashes=1 avg_out=179.7s avg_ret=205.4s avg_lap=396.7s best_lap=389.0
t=2872.1 route=3 laps=6 crashes=0 avg_out=216.8s avg_ret=241.2s avg_lap=470.1s best_lap=455.5
t=2872.1 route=4 laps=6 crashes=1 avg_out=176.5s avg_ret=138.3s avg_lap=327.5s best_lap=323.3
t=2872.1 route=5 laps=5 crashes=0 avg_out=256.6s avg_ret=211.9s avg_lap=479.3s best_lap=463.0
t=2872.1 route=6 laps=7 crashes=1 avg_out=146.5s avg_ret=125.9s avg_lap=284.5s best_lap=274.4
t=2872.2 route=7 laps=8 crashes=0 avg_out=164.1s avg_ret=125.0s avg_lap=301.1s best_lap=291.9
t=2872.2 route=8 laps=7 crashes=0 avg_out=167.1s avg_ret=144.6s avg_lap=323.6s best_lap=313.7
t=2872.2 TOTAL laps=53 crashes=3
t=2872.2 TUNER gen=0 results=56/64 pending=8 active=8 remaining=8 next_trial=65 rounds=[8,8,8,8,8,8,8,8]
t=2875.0 LAUNCH_BLOCKED reason=tuner_capacity_full active=8 stored=1 no_active_s=0.0 state=IDLE tractor_cleanup=false elevator_transfer=false deck=Aircraft_11_nav_r6_64 pending=none clearance=none queue=0
t=2890.1 LAUNCH_BLOCKED reason=tuner_capacity_full active=8 stored=1 no_active_s=0.0 state=IDLE tractor_cleanup=false elevator_transfer=false deck=Aircraft_11_nav_r6_64 pending=none clearance=none queue=0
t=2896.9 LAP_CAPTURE craft=Aircraft_11_nav_r4_57 route=4 return=140.0s lap=323.0s carrier_dist=200m t=2896.9
t=2902.1 ==== SUMMARY t=2902.1 ====
t=2902.1 route=1 laps=8 crashes=0 avg_out=149.1s avg_ret=136.1s avg_lap=297.2s best_lap=283.8
t=2902.1 route=2 laps=6 crashes=1 avg_out=179.7s avg_ret=205.4s avg_lap=396.7s best_lap=389.0
t=2902.1 route=3 laps=6 crashes=0 avg_out=216.8s avg_ret=241.2s avg_lap=470.1s best_lap=455.5
t=2902.1 route=4 laps=7 crashes=1 avg_out=176.5s avg_ret=138.5s avg_lap=326.9s best_lap=323.0
t=2902.2 route=5 laps=5 crashes=0 avg_out=256.6s avg_ret=211.9s avg_lap=479.3s best_lap=463.0
t=2902.2 route=6 laps=7 crashes=1 avg_out=146.5s avg_ret=125.9s avg_lap=284.5s best_lap=274.4
t=2902.2 route=7 laps=8 crashes=0 avg_out=164.1s avg_ret=125.0s avg_lap=301.1s best_lap=291.9
t=2902.2 route=8 laps=7 crashes=0 avg_out=167.1s avg_ret=144.6s avg_lap=323.6s best_lap=313.7
t=2902.2 TOTAL laps=54 crashes=3
t=2902.2 TUNER gen=0 results=57/64 pending=7 active=7 remaining=7 next_trial=65 rounds=[8,8,8,8,8,8,8,8]
t=2905.1 LAUNCH_BLOCKED reason=tuner_capacity_full active=7 stored=1 no_active_s=0.0 state=IDLE tractor_cleanup=false elevator_transfer=false deck=Aircraft_11_nav_r6_64 pending=none clearance=none queue=0
t=2920.2 LAUNCH_BLOCKED reason=tuner_capacity_full active=7 stored=1 no_active_s=0.0 state=IDLE tractor_cleanup=false elevator_transfer=false deck=Aircraft_11_nav_r6_64 pending=none clearance=none queue=0
t=2932.2 ==== SUMMARY t=2932.2 ====
t=2932.2 route=1 laps=8 crashes=0 avg_out=149.1s avg_ret=136.1s avg_lap=297.2s best_lap=283.8
t=2932.2 route=2 laps=6 crashes=1 avg_out=179.7s avg_ret=205.4s avg_lap=396.7s best_lap=389.0
t=2932.2 route=3 laps=6 crashes=0 avg_out=216.8s avg_ret=241.2s avg_lap=470.1s best_lap=455.5
t=2932.2 route=4 laps=7 crashes=1 avg_out=176.5s avg_ret=138.5s avg_lap=326.9s best_lap=323.0
t=2932.2 route=5 laps=5 crashes=0 avg_out=256.6s avg_ret=211.9s avg_lap=479.3s best_lap=463.0
t=2932.2 route=6 laps=7 crashes=1 avg_out=146.5s avg_ret=125.9s avg_lap=284.5s best_lap=274.4
t=2932.2 route=7 laps=8 crashes=0 avg_out=164.1s avg_ret=125.0s avg_lap=301.1s best_lap=291.9
t=2932.2 route=8 laps=7 crashes=0 avg_out=167.1s avg_ret=144.6s avg_lap=323.6s best_lap=313.7
t=2932.2 TOTAL laps=54 crashes=3
t=2932.2 TUNER gen=0 results=57/64 pending=7 active=7 remaining=7 next_trial=65 rounds=[8,8,8,8,8,8,8,8]
t=2935.2 LAUNCH_BLOCKED reason=tuner_capacity_full active=7 stored=1 no_active_s=0.0 state=IDLE tractor_cleanup=false elevator_transfer=false deck=Aircraft_11_nav_r6_64 pending=none clearance=none queue=0
t=2950.3 LAUNCH_BLOCKED reason=tuner_capacity_full active=7 stored=1 no_active_s=0.0 state=IDLE tractor_cleanup=false elevator_transfer=false deck=Aircraft_11_nav_r6_64 pending=none clearance=none queue=0
t=2962.2 ==== SUMMARY t=2962.2 ====
t=2962.2 route=1 laps=8 crashes=0 avg_out=149.1s avg_ret=136.1s avg_lap=297.2s best_lap=283.8
t=2962.2 route=2 laps=6 crashes=1 avg_out=179.7s avg_ret=205.4s avg_lap=396.7s best_lap=389.0
t=2962.2 route=3 laps=6 crashes=0 avg_out=216.8s avg_ret=241.2s avg_lap=470.1s best_lap=455.5
t=2962.2 route=4 laps=7 crashes=1 avg_out=176.5s avg_ret=138.5s avg_lap=326.9s best_lap=323.0
t=2962.2 route=5 laps=5 crashes=0 avg_out=256.6s avg_ret=211.9s avg_lap=479.3s best_lap=463.0
t=2962.2 route=6 laps=7 crashes=1 avg_out=146.5s avg_ret=125.9s avg_lap=284.5s best_lap=274.4
t=2962.2 route=7 laps=8 crashes=0 avg_out=164.1s avg_ret=125.0s avg_lap=301.1s best_lap=291.9
t=2962.2 route=8 laps=7 crashes=0 avg_out=167.1s avg_ret=144.6s avg_lap=323.6s best_lap=313.7
t=2962.2 TOTAL laps=54 crashes=3
t=2962.2 TUNER gen=0 results=57/64 pending=7 active=7 remaining=7 next_trial=65 rounds=[8,8,8,8,8,8,8,8]
t=2965.3 LAUNCH_BLOCKED reason=tuner_capacity_full active=7 stored=1 no_active_s=0.0 state=IDLE tractor_cleanup=false elevator_transfer=false deck=Aircraft_11_nav_r6_64 pending=none clearance=Aircraft_11_nav_r8_61 queue=0
t=2969.2 LAP_CAPTURE craft=Aircraft_11_nav_r8_61 route=8 return=135.1s lap=315.0s carrier_dist=200m t=2969.2
t=2975.9 LAP_CAPTURE craft=Aircraft_11_nav_r6_55 route=5 return=217.8s lap=492.4s carrier_dist=200m t=2975.9
t=2980.4 LAUNCH_BLOCKED reason=tuner_capacity_full active=5 stored=1 no_active_s=0.0 state=IDLE tractor_cleanup=false elevator_transfer=false deck=Aircraft_11_nav_r6_64 pending=none clearance=none queue=0
t=2992.2 ==== SUMMARY t=2992.2 ====
t=2992.2 route=1 laps=8 crashes=0 avg_out=149.1s avg_ret=136.1s avg_lap=297.2s best_lap=283.8
t=2992.2 route=2 laps=6 crashes=1 avg_out=179.7s avg_ret=205.4s avg_lap=396.7s best_lap=389.0
t=2992.2 route=3 laps=6 crashes=0 avg_out=216.8s avg_ret=241.2s avg_lap=470.1s best_lap=455.5
t=2992.2 route=4 laps=7 crashes=1 avg_out=176.5s avg_ret=138.5s avg_lap=326.9s best_lap=323.0
t=2992.2 route=5 laps=6 crashes=0 avg_out=256.6s avg_ret=212.9s avg_lap=481.5s best_lap=463.0
t=2992.2 route=6 laps=7 crashes=1 avg_out=146.5s avg_ret=125.9s avg_lap=284.5s best_lap=274.4
t=2992.2 route=7 laps=8 crashes=0 avg_out=164.1s avg_ret=125.0s avg_lap=301.1s best_lap=291.9
t=2992.2 route=8 laps=8 crashes=0 avg_out=167.1s avg_ret=143.4s avg_lap=322.5s best_lap=313.7
t=2992.2 TOTAL laps=56 crashes=3
t=2992.2 TUNER gen=0 results=59/64 pending=5 active=5 remaining=5 next_trial=65 rounds=[8,8,8,8,8,8,8,8]
t=2995.4 LAUNCH_BLOCKED reason=tuner_capacity_full active=5 stored=1 no_active_s=0.0 state=IDLE tractor_cleanup=false elevator_transfer=false deck=Aircraft_11_nav_r6_64 pending=none clearance=none queue=0
t=3010.5 LAUNCH_BLOCKED reason=tuner_capacity_full active=5 stored=1 no_active_s=0.0 state=IDLE tractor_cleanup=false elevator_transfer=false deck=Aircraft_11_nav_r6_64 pending=none clearance=none queue=0
t=3016.2 LAP_CAPTURE craft=Aircraft_11_nav_r2_59 route=2 return=207.5s lap=402.1s carrier_dist=200m t=3016.2
t=3022.2 ==== SUMMARY t=3022.2 ====
t=3022.2 route=1 laps=8 crashes=0 avg_out=149.1s avg_ret=136.1s avg_lap=297.2s best_lap=283.8
t=3022.2 route=2 laps=7 crashes=1 avg_out=179.7s avg_ret=205.7s avg_lap=397.5s best_lap=389.0
t=3022.2 route=3 laps=6 crashes=0 avg_out=216.8s avg_ret=241.2s avg_lap=470.1s best_lap=455.5
t=3022.2 route=4 laps=7 crashes=1 avg_out=176.5s avg_ret=138.5s avg_lap=326.9s best_lap=323.0
t=3022.2 route=5 laps=6 crashes=0 avg_out=256.6s avg_ret=212.9s avg_lap=481.5s best_lap=463.0
t=3022.2 route=6 laps=7 crashes=1 avg_out=146.5s avg_ret=125.9s avg_lap=284.5s best_lap=274.4
t=3022.2 route=7 laps=8 crashes=0 avg_out=164.1s avg_ret=125.0s avg_lap=301.1s best_lap=291.9
t=3022.2 route=8 laps=8 crashes=0 avg_out=167.1s avg_ret=143.4s avg_lap=322.5s best_lap=313.7
t=3022.2 TOTAL laps=57 crashes=3
t=3022.3 TUNER gen=0 results=60/64 pending=4 active=4 remaining=4 next_trial=65 rounds=[8,8,8,8,8,8,8,8]
t=3025.5 LAUNCH_BLOCKED reason=tuner_capacity_full active=4 stored=1 no_active_s=0.0 state=IDLE tractor_cleanup=false elevator_transfer=false deck=Aircraft_11_nav_r6_64 pending=none clearance=none queue=0
t=3040.6 LAUNCH_BLOCKED reason=tuner_capacity_full active=4 stored=1 no_active_s=0.0 state=IDLE tractor_cleanup=false elevator_transfer=false deck=Aircraft_11_nav_r6_64 pending=none clearance=none queue=0
t=3050.2 LZ_REACHED craft=Aircraft_11_nav_r1_63 route=3 outbound=220.2s t=3050.2
t=3050.4 LZ_REACHED craft=Aircraft_11_nav_r6_62 route=5 outbound=255.7s t=3050.4
t=3052.2 ==== SUMMARY t=3052.2 ====
t=3052.2 route=1 laps=8 crashes=0 avg_out=149.1s avg_ret=136.1s avg_lap=297.2s best_lap=283.8
t=3052.2 route=2 laps=7 crashes=1 avg_out=179.7s avg_ret=205.7s avg_lap=397.5s best_lap=389.0
t=3052.2 route=3 laps=6 crashes=0 avg_out=217.2s avg_ret=241.2s avg_lap=470.1s best_lap=455.5
t=3052.2 route=4 laps=7 crashes=1 avg_out=176.5s avg_ret=138.5s avg_lap=326.9s best_lap=323.0
t=3052.2 route=5 laps=6 crashes=0 avg_out=256.5s avg_ret=212.9s avg_lap=481.5s best_lap=463.0
t=3052.2 route=6 laps=7 crashes=1 avg_out=146.5s avg_ret=125.9s avg_lap=284.5s best_lap=274.4
t=3052.2 route=7 laps=8 crashes=0 avg_out=164.1s avg_ret=125.0s avg_lap=301.1s best_lap=291.9
t=3052.2 route=8 laps=8 crashes=0 avg_out=167.1s avg_ret=143.4s avg_lap=322.5s best_lap=313.7
t=3052.2 TOTAL laps=57 crashes=3
t=3052.3 TUNER gen=0 results=60/64 pending=4 active=4 remaining=4 next_trial=65 rounds=[8,8,8,8,8,8,8,8]
t=3055.6 LAUNCH_BLOCKED reason=tuner_capacity_full active=4 stored=1 no_active_s=0.0 state=IDLE tractor_cleanup=false elevator_transfer=false deck=Aircraft_11_nav_r6_64 pending=none clearance=none queue=0
t=3070.7 LAUNCH_BLOCKED reason=tuner_capacity_full active=4 stored=1 no_active_s=0.0 state=IDLE tractor_cleanup=false elevator_transfer=false deck=Aircraft_11_nav_r6_64 pending=none clearance=none queue=0
t=3082.3 ==== SUMMARY t=3082.3 ====
t=3082.3 route=1 laps=8 crashes=0 avg_out=149.1s avg_ret=136.1s avg_lap=297.2s best_lap=283.8
t=3082.3 route=2 laps=7 crashes=1 avg_out=179.7s avg_ret=205.7s avg_lap=397.5s best_lap=389.0
t=3082.3 route=3 laps=6 crashes=0 avg_out=217.2s avg_ret=241.2s avg_lap=470.1s best_lap=455.5
t=3082.3 route=4 laps=7 crashes=1 avg_out=176.5s avg_ret=138.5s avg_lap=326.9s best_lap=323.0
t=3082.3 route=5 laps=6 crashes=0 avg_out=256.5s avg_ret=212.9s avg_lap=481.5s best_lap=463.0
t=3082.3 route=6 laps=7 crashes=1 avg_out=146.5s avg_ret=125.9s avg_lap=284.5s best_lap=274.4
t=3082.3 route=7 laps=8 crashes=0 avg_out=164.1s avg_ret=125.0s avg_lap=301.1s best_lap=291.9
t=3082.3 route=8 laps=8 crashes=0 avg_out=167.1s avg_ret=143.4s avg_lap=322.5s best_lap=313.7
t=3082.3 TOTAL laps=57 crashes=3
t=3082.3 TUNER gen=0 results=60/64 pending=4 active=4 remaining=4 next_trial=65 rounds=[8,8,8,8,8,8,8,8]
t=3085.8 LAUNCH_BLOCKED reason=tuner_capacity_full active=4 stored=1 no_active_s=0.0 state=IDLE tractor_cleanup=false elevator_transfer=false deck=Aircraft_11_nav_r6_64 pending=none clearance=none queue=0
t=3100.3 LAP_CAPTURE craft=Aircraft_11_nav_r1_60 route=3 return=237.7s lap=466.2s carrier_dist=200m t=3100.3
t=3100.8 LAUNCH_BLOCKED reason=tuner_capacity_full active=3 stored=1 no_active_s=0.0 state=IDLE tractor_cleanup=false elevator_transfer=false deck=Aircraft_11_nav_r6_64 pending=none clearance=none queue=0
t=3105.3 LZ_REACHED craft=Aircraft_11_nav_r6_64 route=5 outbound=255.2s t=3105.3
t=3112.3 ==== SUMMARY t=3112.3 ====
t=3112.3 route=1 laps=8 crashes=0 avg_out=149.1s avg_ret=136.1s avg_lap=297.2s best_lap=283.8
t=3112.3 route=2 laps=7 crashes=1 avg_out=179.7s avg_ret=205.7s avg_lap=397.5s best_lap=389.0
t=3112.3 route=3 laps=7 crashes=0 avg_out=217.2s avg_ret=240.7s avg_lap=469.5s best_lap=455.5
t=3112.3 route=4 laps=7 crashes=1 avg_out=176.5s avg_ret=138.5s avg_lap=326.9s best_lap=323.0
t=3112.4 route=5 laps=6 crashes=0 avg_out=256.3s avg_ret=212.9s avg_lap=481.5s best_lap=463.0
t=3112.4 route=6 laps=7 crashes=1 avg_out=146.5s avg_ret=125.9s avg_lap=284.5s best_lap=274.4
t=3112.4 route=7 laps=8 crashes=0 avg_out=164.1s avg_ret=125.0s avg_lap=301.1s best_lap=291.9
t=3112.4 route=8 laps=8 crashes=0 avg_out=167.1s avg_ret=143.4s avg_lap=322.5s best_lap=313.7
t=3112.4 TOTAL laps=58 crashes=3
t=3112.4 TUNER gen=0 results=61/64 pending=3 active=3 remaining=3 next_trial=65 rounds=[8,8,8,8,8,8,8,8]
t=3115.9 LAUNCH_BLOCKED reason=tuner_capacity_full active=3 stored=1 no_active_s=0.0 state=IDLE tractor_cleanup=false elevator_transfer=false deck=Aircraft_11_nav_r6_64 pending=none clearance=none queue=0
t=3131.0 LAUNCH_BLOCKED reason=tuner_capacity_full active=3 stored=1 no_active_s=0.0 state=IDLE tractor_cleanup=false elevator_transfer=false deck=Aircraft_11_nav_r6_64 pending=none clearance=none queue=0
t=3142.4 ==== SUMMARY t=3142.4 ====
t=3142.4 route=1 laps=8 crashes=0 avg_out=149.1s avg_ret=136.1s avg_lap=297.2s best_lap=283.8
t=3142.4 route=2 laps=7 crashes=1 avg_out=179.7s avg_ret=205.7s avg_lap=397.5s best_lap=389.0
t=3142.4 route=3 laps=7 crashes=0 avg_out=217.2s avg_ret=240.7s avg_lap=469.5s best_lap=455.5
t=3142.4 route=4 laps=7 crashes=1 avg_out=176.5s avg_ret=138.5s avg_lap=326.9s best_lap=323.0
t=3142.4 route=5 laps=6 crashes=0 avg_out=256.3s avg_ret=212.9s avg_lap=481.5s best_lap=463.0
t=3142.4 route=6 laps=7 crashes=1 avg_out=146.5s avg_ret=125.9s avg_lap=284.5s best_lap=274.4
t=3142.4 route=7 laps=8 crashes=0 avg_out=164.1s avg_ret=125.0s avg_lap=301.1s best_lap=291.9
t=3142.4 route=8 laps=8 crashes=0 avg_out=167.1s avg_ret=143.4s avg_lap=322.5s best_lap=313.7
t=3142.4 TOTAL laps=58 crashes=3
t=3142.4 TUNER gen=0 results=61/64 pending=3 active=3 remaining=3 next_trial=65 rounds=[8,8,8,8,8,8,8,8]
t=3146.1 LAUNCH_BLOCKED reason=tuner_capacity_full active=3 stored=1 no_active_s=0.0 state=IDLE tractor_cleanup=false elevator_transfer=false deck=Aircraft_11_nav_r6_64 pending=none clearance=none queue=0
t=3161.1 LAUNCH_BLOCKED reason=tuner_capacity_full active=3 stored=1 no_active_s=0.0 state=IDLE tractor_cleanup=false elevator_transfer=false deck=Aircraft_11_nav_r6_64 pending=none clearance=none queue=0
t=3172.4 ==== SUMMARY t=3172.4 ====
t=3172.4 route=1 laps=8 crashes=0 avg_out=149.1s avg_ret=136.1s avg_lap=297.2s best_lap=283.8
t=3172.4 route=2 laps=7 crashes=1 avg_out=179.7s avg_ret=205.7s avg_lap=397.5s best_lap=389.0
t=3172.4 route=3 laps=7 crashes=0 avg_out=217.2s avg_ret=240.7s avg_lap=469.5s best_lap=455.5
t=3172.4 route=4 laps=7 crashes=1 avg_out=176.5s avg_ret=138.5s avg_lap=326.9s best_lap=323.0
t=3172.4 route=5 laps=6 crashes=0 avg_out=256.3s avg_ret=212.9s avg_lap=481.5s best_lap=463.0
t=3172.4 route=6 laps=7 crashes=1 avg_out=146.5s avg_ret=125.9s avg_lap=284.5s best_lap=274.4
t=3172.4 route=7 laps=8 crashes=0 avg_out=164.1s avg_ret=125.0s avg_lap=301.1s best_lap=291.9
t=3172.4 route=8 laps=8 crashes=0 avg_out=167.1s avg_ret=143.4s avg_lap=322.5s best_lap=313.7
t=3172.4 TOTAL laps=58 crashes=3
t=3172.4 TUNER gen=0 results=61/64 pending=3 active=3 remaining=3 next_trial=65 rounds=[8,8,8,8,8,8,8,8]
t=3176.1 LAUNCH_BLOCKED reason=tuner_capacity_full active=3 stored=1 no_active_s=0.0 state=IDLE tractor_cleanup=false elevator_transfer=false deck=Aircraft_11_nav_r6_64 pending=none clearance=none queue=0
t=3191.2 LAUNCH_BLOCKED reason=tuner_capacity_full active=3 stored=1 no_active_s=0.0 state=IDLE tractor_cleanup=false elevator_transfer=false deck=Aircraft_11_nav_r6_64 pending=none clearance=none queue=0
t=3202.4 ==== SUMMARY t=3202.4 ====
t=3202.4 route=1 laps=8 crashes=0 avg_out=149.1s avg_ret=136.1s avg_lap=297.2s best_lap=283.8
t=3202.4 route=2 laps=7 crashes=1 avg_out=179.7s avg_ret=205.7s avg_lap=397.5s best_lap=389.0
t=3202.4 route=3 laps=7 crashes=0 avg_out=217.2s avg_ret=240.7s avg_lap=469.5s best_lap=455.5
t=3202.4 route=4 laps=7 crashes=1 avg_out=176.5s avg_ret=138.5s avg_lap=326.9s best_lap=323.0
t=3202.4 route=5 laps=6 crashes=0 avg_out=256.3s avg_ret=212.9s avg_lap=481.5s best_lap=463.0
t=3202.4 route=6 laps=7 crashes=1 avg_out=146.5s avg_ret=125.9s avg_lap=284.5s best_lap=274.4
t=3202.4 route=7 laps=8 crashes=0 avg_out=164.1s avg_ret=125.0s avg_lap=301.1s best_lap=291.9
t=3202.4 route=8 laps=8 crashes=0 avg_out=167.1s avg_ret=143.4s avg_lap=322.5s best_lap=313.7
t=3202.5 TOTAL laps=58 crashes=3
t=3202.5 TUNER gen=0 results=61/64 pending=3 active=3 remaining=3 next_trial=65 rounds=[8,8,8,8,8,8,8,8]
t=3206.2 LAUNCH_BLOCKED reason=tuner_capacity_full active=3 stored=1 no_active_s=0.0 state=IDLE tractor_cleanup=false elevator_transfer=false deck=Aircraft_11_nav_r6_64 pending=none clearance=none queue=0
t=3221.3 LAUNCH_BLOCKED reason=tuner_capacity_full active=3 stored=1 no_active_s=0.0 state=IDLE tractor_cleanup=false elevator_transfer=false deck=Aircraft_11_nav_r6_64 pending=none clearance=none queue=0
t=3232.4 ==== SUMMARY t=3232.4 ====
t=3232.4 route=1 laps=8 crashes=0 avg_out=149.1s avg_ret=136.1s avg_lap=297.2s best_lap=283.8
t=3232.4 route=2 laps=7 crashes=1 avg_out=179.7s avg_ret=205.7s avg_lap=397.5s best_lap=389.0
t=3232.4 route=3 laps=7 crashes=0 avg_out=217.2s avg_ret=240.7s avg_lap=469.5s best_lap=455.5
t=3232.5 route=4 laps=7 crashes=1 avg_out=176.5s avg_ret=138.5s avg_lap=326.9s best_lap=323.0
t=3232.5 route=5 laps=6 crashes=0 avg_out=256.3s avg_ret=212.9s avg_lap=481.5s best_lap=463.0
t=3232.5 route=6 laps=7 crashes=1 avg_out=146.5s avg_ret=125.9s avg_lap=284.5s best_lap=274.4
t=3232.5 route=7 laps=8 crashes=0 avg_out=164.1s avg_ret=125.0s avg_lap=301.1s best_lap=291.9
t=3232.5 route=8 laps=8 crashes=0 avg_out=167.1s avg_ret=143.4s avg_lap=322.5s best_lap=313.7
t=3232.5 TOTAL laps=58 crashes=3
t=3232.5 TUNER gen=0 results=61/64 pending=3 active=3 remaining=3 next_trial=65 rounds=[8,8,8,8,8,8,8,8]
t=3236.3 LAUNCH_BLOCKED reason=tuner_capacity_full active=3 stored=1 no_active_s=0.0 state=IDLE tractor_cleanup=false elevator_transfer=false deck=Aircraft_11_nav_r6_64 pending=none clearance=none queue=0
t=3251.4 LAUNCH_BLOCKED reason=tuner_capacity_full active=3 stored=1 no_active_s=0.0 state=IDLE tractor_cleanup=false elevator_transfer=false deck=Aircraft_11_nav_r6_64 pending=none clearance=none queue=0
t=3262.4 ==== SUMMARY t=3262.4 ====
t=3262.4 route=1 laps=8 crashes=0 avg_out=149.1s avg_ret=136.1s avg_lap=297.2s best_lap=283.8
t=3262.4 route=2 laps=7 crashes=1 avg_out=179.7s avg_ret=205.7s avg_lap=397.5s best_lap=389.0
t=3262.4 route=3 laps=7 crashes=0 avg_out=217.2s avg_ret=240.7s avg_lap=469.5s best_lap=455.5
t=3262.5 route=4 laps=7 crashes=1 avg_out=176.5s avg_ret=138.5s avg_lap=326.9s best_lap=323.0
t=3262.5 route=5 laps=6 crashes=0 avg_out=256.3s avg_ret=212.9s avg_lap=481.5s best_lap=463.0
t=3262.5 route=6 laps=7 crashes=1 avg_out=146.5s avg_ret=125.9s avg_lap=284.5s best_lap=274.4
t=3262.5 route=7 laps=8 crashes=0 avg_out=164.1s avg_ret=125.0s avg_lap=301.1s best_lap=291.9
t=3262.5 route=8 laps=8 crashes=0 avg_out=167.1s avg_ret=143.4s avg_lap=322.5s best_lap=313.7
t=3262.5 TOTAL laps=58 crashes=3
t=3262.5 TUNER gen=0 results=61/64 pending=3 active=3 remaining=3 next_trial=65 rounds=[8,8,8,8,8,8,8,8]
t=3266.4 LAUNCH_BLOCKED reason=tuner_capacity_full active=3 stored=1 no_active_s=0.0 state=IDLE tractor_cleanup=false elevator_transfer=false deck=Aircraft_11_nav_r6_64 pending=none clearance=none queue=0
t=3281.4 LAP_CAPTURE craft=Aircraft_11_nav_r6_62 route=5 return=218.9s lap=486.7s carrier_dist=200m t=3281.4
t=3281.5 LAUNCH_BLOCKED reason=tuner_capacity_full active=2 stored=1 no_active_s=0.0 state=IDLE tractor_cleanup=false elevator_transfer=false deck=Aircraft_11_nav_r6_64 pending=none clearance=none queue=0
t=3292.5 ==== SUMMARY t=3292.5 ====
t=3292.5 route=1 laps=8 crashes=0 avg_out=149.1s avg_ret=136.1s avg_lap=297.2s best_lap=283.8
t=3292.5 route=2 laps=7 crashes=1 avg_out=179.7s avg_ret=205.7s avg_lap=397.5s best_lap=389.0
t=3292.5 route=3 laps=7 crashes=0 avg_out=217.2s avg_ret=240.7s avg_lap=469.5s best_lap=455.5
t=3292.5 route=4 laps=7 crashes=1 avg_out=176.5s avg_ret=138.5s avg_lap=326.9s best_lap=323.0
t=3292.5 route=5 laps=7 crashes=0 avg_out=256.3s avg_ret=213.8s avg_lap=482.2s best_lap=463.0
t=3292.5 route=6 laps=7 crashes=1 avg_out=146.5s avg_ret=125.9s avg_lap=284.5s best_lap=274.4
t=3292.5 route=7 laps=8 crashes=0 avg_out=164.1s avg_ret=125.0s avg_lap=301.1s best_lap=291.9
t=3292.5 route=8 laps=8 crashes=0 avg_out=167.1s avg_ret=143.4s avg_lap=322.5s best_lap=313.7
t=3292.5 TOTAL laps=59 crashes=3
t=3292.5 TUNER gen=0 results=62/64 pending=2 active=2 remaining=2 next_trial=65 rounds=[8,8,8,8,8,8,8,8]
t=3296.5 LAUNCH_BLOCKED reason=tuner_capacity_full active=2 stored=1 no_active_s=0.0 state=IDLE tractor_cleanup=false elevator_transfer=false deck=Aircraft_11_nav_r6_64 pending=none clearance=none queue=0
t=3302.2 LAP_CAPTURE craft=Aircraft_11_nav_r1_63 route=3 return=240.0s lap=472.2s carrier_dist=200m t=3302.2
t=3311.6 LAUNCH_BLOCKED reason=tuner_capacity_full active=1 stored=1 no_active_s=0.0 state=IDLE tractor_cleanup=false elevator_transfer=false deck=Aircraft_11_nav_r6_64 pending=none clearance=none queue=0
t=3322.5 ==== SUMMARY t=3322.5 ====
t=3322.5 route=1 laps=8 crashes=0 avg_out=149.1s avg_ret=136.1s avg_lap=297.2s best_lap=283.8
t=3322.5 route=2 laps=7 crashes=1 avg_out=179.7s avg_ret=205.7s avg_lap=397.5s best_lap=389.0
t=3322.5 route=3 laps=8 crashes=0 avg_out=217.2s avg_ret=240.6s avg_lap=469.9s best_lap=455.5
t=3322.5 route=4 laps=7 crashes=1 avg_out=176.5s avg_ret=138.5s avg_lap=326.9s best_lap=323.0
t=3322.5 route=5 laps=7 crashes=0 avg_out=256.3s avg_ret=213.8s avg_lap=482.2s best_lap=463.0
t=3322.5 route=6 laps=7 crashes=1 avg_out=146.5s avg_ret=125.9s avg_lap=284.5s best_lap=274.4
t=3322.5 route=7 laps=8 crashes=0 avg_out=164.1s avg_ret=125.0s avg_lap=301.1s best_lap=291.9
t=3322.5 route=8 laps=8 crashes=0 avg_out=167.1s avg_ret=143.4s avg_lap=322.5s best_lap=313.7
t=3322.5 TOTAL laps=60 crashes=3
t=3322.5 TUNER gen=0 results=63/64 pending=1 active=1 remaining=1 next_trial=65 rounds=[8,8,8,8,8,8,8,8]
t=3326.6 LAUNCH_BLOCKED reason=tuner_capacity_full active=1 stored=1 no_active_s=0.0 state=IDLE tractor_cleanup=false elevator_transfer=false deck=Aircraft_11_nav_r6_64 pending=none clearance=none queue=0
t=3334.0 LAP_CAPTURE craft=Aircraft_11_nav_r6_64 route=5 return=216.6s lap=483.8s carrier_dist=200m t=3333.9
t=3334.0 IDLE_TUNER_WAIT gen=1 results=0/64 remaining=64 active_nav=0 stored=1 state=IDLE next_trial=65
t=3341.7 LAUNCH_BLOCKED reason=deck_busy active=1 stored=7 no_active_s=0.0 state=RETRIEVING_FROM_HANGAR tractor_cleanup=false elevator_transfer=false deck=Aircraft_11_nav_r1_65 pending=none clearance=none queue=0
t=3351.9 SPAWN craft=Aircraft_11_nav_r1_65 route=1 candidate=1 trial=65 t=3351.9
t=3352.5 ==== SUMMARY t=3352.5 ====
t=3352.5 route=1 laps=8 crashes=0 avg_out=149.1s avg_ret=136.1s avg_lap=297.2s best_lap=283.8
t=3352.5 route=2 laps=7 crashes=1 avg_out=179.7s avg_ret=205.7s avg_lap=397.5s best_lap=389.0
t=3352.5 route=3 laps=8 crashes=0 avg_out=217.2s avg_ret=240.6s avg_lap=469.9s best_lap=455.5
t=3352.5 route=4 laps=7 crashes=1 avg_out=176.5s avg_ret=138.5s avg_lap=326.9s best_lap=323.0
t=3352.5 route=5 laps=8 crashes=0 avg_out=256.3s avg_ret=214.1s avg_lap=482.4s best_lap=463.0
t=3352.5 route=6 laps=7 crashes=1 avg_out=146.5s avg_ret=125.9s avg_lap=284.5s best_lap=274.4
t=3352.5 route=7 laps=8 crashes=0 avg_out=164.1s avg_ret=125.0s avg_lap=301.1s best_lap=291.9
t=3352.5 route=8 laps=8 crashes=0 avg_out=167.1s avg_ret=143.4s avg_lap=322.5s best_lap=313.7
t=3352.5 TOTAL laps=61 crashes=3
t=3352.5 TUNER gen=1 results=0/64 pending=1 active=1 remaining=64 next_trial=66 rounds=[1,0,0,0,0,0,0,0]
t=3356.7 LAUNCH_BLOCKED reason=cleared_unready_nav_deck_aircraft active=1 stored=7 no_active_s=0.0 state=IDLE tractor_cleanup=false elevator_transfer=false deck=Aircraft_11_nav_r1_65 pending=none clearance=none queue=0
t=3371.8 LAUNCH_BLOCKED reason=deck_busy active=2 stored=6 no_active_s=0.0 state=AIRCRAFT_ON_DECK tractor_cleanup=false elevator_transfer=false deck=Aircraft_11_nav_r2_66 pending=none clearance=none queue=0
t=3372.0 SPAWN craft=Aircraft_11_nav_r2_66 route=2 candidate=2 trial=66 t=3372.0
t=3382.5 ==== SUMMARY t=3382.5 ====
t=3382.5 route=1 laps=8 crashes=0 avg_out=149.1s avg_ret=136.1s avg_lap=297.2s best_lap=283.8
t=3382.5 route=2 laps=7 crashes=1 avg_out=179.7s avg_ret=205.7s avg_lap=397.5s best_lap=389.0
t=3382.5 route=3 laps=8 crashes=0 avg_out=217.2s avg_ret=240.6s avg_lap=469.9s best_lap=455.5
t=3382.5 route=4 laps=7 crashes=1 avg_out=176.5s avg_ret=138.5s avg_lap=326.9s best_lap=323.0
t=3382.5 route=5 laps=8 crashes=0 avg_out=256.3s avg_ret=214.1s avg_lap=482.4s best_lap=463.0
t=3382.5 route=6 laps=7 crashes=1 avg_out=146.5s avg_ret=125.9s avg_lap=284.5s best_lap=274.4
t=3382.5 route=7 laps=8 crashes=0 avg_out=164.1s avg_ret=125.0s avg_lap=301.1s best_lap=291.9
t=3382.5 route=8 laps=8 crashes=0 avg_out=167.1s avg_ret=143.4s avg_lap=322.5s best_lap=313.7
t=3382.6 TOTAL laps=61 crashes=3
t=3382.6 TUNER gen=1 results=0/64 pending=2 active=2 remaining=64 next_trial=67 rounds=[1,1,0,0,0,0,0,0]
t=3386.9 LAUNCH_BLOCKED reason=deck_busy active=3 stored=5 no_active_s=0.0 state=AIRCRAFT_ON_DECK tractor_cleanup=false elevator_transfer=true deck=Aircraft_11_nav_r3_67 pending=none clearance=none queue=0
t=3392.1 SPAWN craft=Aircraft_11_nav_r3_67 route=3 candidate=3 trial=67 t=3392.1
t=3401.9 LAUNCH_BLOCKED reason=deck_busy active=4 stored=4 no_active_s=0.0 state=RETRIEVING_FROM_HANGAR tractor_cleanup=false elevator_transfer=false deck=Aircraft_11_nav_r4_68 pending=none clearance=none queue=0
t=3412.2 SPAWN craft=Aircraft_11_nav_r4_68 route=4 candidate=4 trial=68 t=3412.2
t=3412.6 ==== SUMMARY t=3412.6 ====
t=3412.6 route=1 laps=8 crashes=0 avg_out=149.1s avg_ret=136.1s avg_lap=297.2s best_lap=283.8
t=3412.6 route=2 laps=7 crashes=1 avg_out=179.7s avg_ret=205.7s avg_lap=397.5s best_lap=389.0
t=3412.6 route=3 laps=8 crashes=0 avg_out=217.2s avg_ret=240.6s avg_lap=469.9s best_lap=455.5
t=3412.6 route=4 laps=7 crashes=1 avg_out=176.5s avg_ret=138.5s avg_lap=326.9s best_lap=323.0
t=3412.6 route=5 laps=8 crashes=0 avg_out=256.3s avg_ret=214.1s avg_lap=482.4s best_lap=463.0
t=3412.6 route=6 laps=7 crashes=1 avg_out=146.5s avg_ret=125.9s avg_lap=284.5s best_lap=274.4
t=3412.6 route=7 laps=8 crashes=0 avg_out=164.1s avg_ret=125.0s avg_lap=301.1s best_lap=291.9
t=3412.6 route=8 laps=8 crashes=0 avg_out=167.1s avg_ret=143.4s avg_lap=322.5s best_lap=313.7
t=3412.6 TOTAL laps=61 crashes=3
t=3412.6 TUNER gen=1 results=0/64 pending=4 active=4 remaining=64 next_trial=69 rounds=[1,1,1,1,0,0,0,0]
t=3417.0 LAUNCH_BLOCKED reason=cleared_unready_nav_deck_aircraft active=4 stored=4 no_active_s=0.0 state=IDLE tractor_cleanup=false elevator_transfer=false deck=Aircraft_11_nav_r4_68 pending=none clearance=none queue=0
t=3432.1 LAUNCH_BLOCKED reason=deck_busy active=5 stored=3 no_active_s=0.0 state=AIRCRAFT_ON_DECK tractor_cleanup=false elevator_transfer=false deck=Aircraft_11_nav_r5_69 pending=none clearance=none queue=0
t=3432.3 SPAWN craft=Aircraft_11_nav_r5_69 route=5 candidate=5 trial=69 t=3432.3
t=3442.6 ==== SUMMARY t=3442.6 ====
t=3442.6 route=1 laps=8 crashes=0 avg_out=149.1s avg_ret=136.1s avg_lap=297.2s best_lap=283.8
t=3442.6 route=2 laps=7 crashes=1 avg_out=179.7s avg_ret=205.7s avg_lap=397.5s best_lap=389.0
t=3442.6 route=3 laps=8 crashes=0 avg_out=217.2s avg_ret=240.6s avg_lap=469.9s best_lap=455.5
t=3442.6 route=4 laps=7 crashes=1 avg_out=176.5s avg_ret=138.5s avg_lap=326.9s best_lap=323.0
t=3442.7 route=5 laps=8 crashes=0 avg_out=256.3s avg_ret=214.1s avg_lap=482.4s best_lap=463.0
t=3442.7 route=6 laps=7 crashes=1 avg_out=146.5s avg_ret=125.9s avg_lap=284.5s best_lap=274.4
t=3442.7 route=7 laps=8 crashes=0 avg_out=164.1s avg_ret=125.0s avg_lap=301.1s best_lap=291.9
t=3442.7 route=8 laps=8 crashes=0 avg_out=167.1s avg_ret=143.4s avg_lap=322.5s best_lap=313.7
t=3442.7 TOTAL laps=61 crashes=3
t=3442.7 TUNER gen=1 results=0/64 pending=5 active=5 remaining=64 next_trial=70 rounds=[1,1,1,1,1,0,0,0]
t=3447.1 LAUNCH_BLOCKED reason=deck_busy active=6 stored=2 no_active_s=0.0 state=AIRCRAFT_ON_DECK tractor_cleanup=false elevator_transfer=true deck=Aircraft_11_nav_r6_70 pending=none clearance=none queue=0
t=3452.4 SPAWN craft=Aircraft_11_nav_r6_70 route=6 candidate=6 trial=70 t=3452.4
t=3462.2 LAUNCH_BLOCKED reason=deck_busy active=7 stored=1 no_active_s=0.0 state=RETRIEVING_FROM_HANGAR tractor_cleanup=false elevator_transfer=false deck=Aircraft_11_nav_r7_71 pending=none clearance=none queue=0
t=3472.4 SPAWN craft=Aircraft_11_nav_r7_71 route=7 candidate=7 trial=71 t=3472.4
t=3472.7 ==== SUMMARY t=3472.7 ====
t=3472.7 route=1 laps=8 crashes=0 avg_out=149.1s avg_ret=136.1s avg_lap=297.2s best_lap=283.8
t=3472.7 route=2 laps=7 crashes=1 avg_out=179.7s avg_ret=205.7s avg_lap=397.5s best_lap=389.0
t=3472.7 route=3 laps=8 crashes=0 avg_out=217.2s avg_ret=240.6s avg_lap=469.9s best_lap=455.5
t=3472.7 route=4 laps=7 crashes=1 avg_out=176.5s avg_ret=138.5s avg_lap=326.9s best_lap=323.0
t=3472.7 route=5 laps=8 crashes=0 avg_out=256.3s avg_ret=214.1s avg_lap=482.4s best_lap=463.0
t=3472.7 route=6 laps=7 crashes=1 avg_out=146.5s avg_ret=125.9s avg_lap=284.5s best_lap=274.4
t=3472.7 route=7 laps=8 crashes=0 avg_out=164.1s avg_ret=125.0s avg_lap=301.1s best_lap=291.9
t=3472.7 route=8 laps=8 crashes=0 avg_out=167.1s avg_ret=143.4s avg_lap=322.5s best_lap=313.7
t=3472.7 TOTAL laps=61 crashes=3
t=3472.7 TUNER gen=1 results=0/64 pending=7 active=7 remaining=64 next_trial=72 rounds=[1,1,1,1,1,1,1,0]
t=3477.2 LAUNCH_BLOCKED reason=cleared_unready_nav_deck_aircraft active=7 stored=1 no_active_s=0.0 state=IDLE tractor_cleanup=false elevator_transfer=false deck=Aircraft_11_nav_r7_71 pending=none clearance=none queue=0
t=3491.0 LZ_REACHED craft=Aircraft_11_nav_r1_65 route=1 outbound=139.1s t=3491.0
t=3492.5 SPAWN craft=Aircraft_11_nav_r8_72 route=8 candidate=8 trial=72 t=3492.5
t=3502.7 ==== SUMMARY t=3502.7 ====
t=3502.7 route=1 laps=8 crashes=0 avg_out=148.0s avg_ret=136.1s avg_lap=297.2s best_lap=283.8
t=3502.7 route=2 laps=7 crashes=1 avg_out=179.7s avg_ret=205.7s avg_lap=397.5s best_lap=389.0
t=3502.7 route=3 laps=8 crashes=0 avg_out=217.2s avg_ret=240.6s avg_lap=469.9s best_lap=455.5
t=3502.7 route=4 laps=7 crashes=1 avg_out=176.5s avg_ret=138.5s avg_lap=326.9s best_lap=323.0
t=3502.7 route=5 laps=8 crashes=0 avg_out=256.3s avg_ret=214.1s avg_lap=482.4s best_lap=463.0
t=3502.7 route=6 laps=7 crashes=1 avg_out=146.5s avg_ret=125.9s avg_lap=284.5s best_lap=274.4
t=3502.7 route=7 laps=8 crashes=0 avg_out=164.1s avg_ret=125.0s avg_lap=301.1s best_lap=291.9
t=3502.7 route=8 laps=8 crashes=0 avg_out=167.1s avg_ret=143.4s avg_lap=322.5s best_lap=313.7
t=3502.7 TOTAL laps=61 crashes=3
t=3502.7 TUNER gen=1 results=0/64 pending=8 active=8 remaining=64 next_trial=73 rounds=[1,1,1,1,1,1,1,1]
t=3532.7 ==== SUMMARY t=3532.7 ====
t=3532.7 route=1 laps=8 crashes=0 avg_out=148.0s avg_ret=136.1s avg_lap=297.2s best_lap=283.8
t=3532.7 route=2 laps=7 crashes=1 avg_out=179.7s avg_ret=205.7s avg_lap=397.5s best_lap=389.0
t=3532.7 route=3 laps=8 crashes=0 avg_out=217.2s avg_ret=240.6s avg_lap=469.9s best_lap=455.5
t=3532.7 route=4 laps=7 crashes=1 avg_out=176.5s avg_ret=138.5s avg_lap=326.9s best_lap=323.0
t=3532.7 route=5 laps=8 crashes=0 avg_out=256.3s avg_ret=214.1s avg_lap=482.4s best_lap=463.0
t=3532.7 route=6 laps=7 crashes=1 avg_out=146.5s avg_ret=125.9s avg_lap=284.5s best_lap=274.4
t=3532.7 route=7 laps=8 crashes=0 avg_out=164.1s avg_ret=125.0s avg_lap=301.1s best_lap=291.9
t=3532.7 route=8 laps=8 crashes=0 avg_out=167.1s avg_ret=143.4s avg_lap=322.5s best_lap=313.7
t=3532.7 TOTAL laps=61 crashes=3
t=3532.7 TUNER gen=1 results=0/64 pending=8 active=8 remaining=64 next_trial=73 rounds=[1,1,1,1,1,1,1,1]
t=3550.4 LZ_REACHED craft=Aircraft_11_nav_r2_66 route=2 outbound=178.5s t=3550.4
t=3562.7 ==== SUMMARY t=3562.7 ====
t=3562.7 route=1 laps=8 crashes=0 avg_out=148.0s avg_ret=136.1s avg_lap=297.2s best_lap=283.8
t=3562.7 route=2 laps=7 crashes=1 avg_out=179.6s avg_ret=205.7s avg_lap=397.5s best_lap=389.0
t=3562.7 route=3 laps=8 crashes=0 avg_out=217.2s avg_ret=240.6s avg_lap=469.9s best_lap=455.5
t=3562.7 route=4 laps=7 crashes=1 avg_out=176.5s avg_ret=138.5s avg_lap=326.9s best_lap=323.0
t=3562.7 route=5 laps=8 crashes=0 avg_out=256.3s avg_ret=214.1s avg_lap=482.4s best_lap=463.0
t=3562.7 route=6 laps=7 crashes=1 avg_out=146.5s avg_ret=125.9s avg_lap=284.5s best_lap=274.4
t=3562.7 route=7 laps=8 crashes=0 avg_out=164.1s avg_ret=125.0s avg_lap=301.1s best_lap=291.9
t=3562.7 route=8 laps=8 crashes=0 avg_out=167.1s avg_ret=143.4s avg_lap=322.5s best_lap=313.7
t=3562.7 TOTAL laps=61 crashes=3
t=3562.7 TUNER gen=1 results=0/64 pending=8 active=8 remaining=64 next_trial=73 rounds=[1,1,1,1,1,1,1,1]
t=3569.0 LZ_REACHED craft=Aircraft_11_nav_r4_68 route=4 outbound=156.8s t=3569.0
t=3585.6 LZ_REACHED craft=Aircraft_11_nav_r6_70 route=6 outbound=133.2s t=3585.6
t=3592.7 ==== SUMMARY t=3592.7 ====
t=3592.7 route=1 laps=8 crashes=0 avg_out=148.0s avg_ret=136.1s avg_lap=297.2s best_lap=283.8
t=3592.7 route=2 laps=7 crashes=1 avg_out=179.6s avg_ret=205.7s avg_lap=397.5s best_lap=389.0
t=3592.7 route=3 laps=8 crashes=0 avg_out=217.2s avg_ret=240.6s avg_lap=469.9s best_lap=455.5
t=3592.7 route=4 laps=7 crashes=1 avg_out=174.3s avg_ret=138.5s avg_lap=326.9s best_lap=323.0
t=3592.7 route=5 laps=8 crashes=0 avg_out=256.3s avg_ret=214.1s avg_lap=482.4s best_lap=463.0
t=3592.7 route=6 laps=7 crashes=1 avg_out=144.9s avg_ret=125.9s avg_lap=284.5s best_lap=274.4
t=3592.7 route=7 laps=8 crashes=0 avg_out=164.1s avg_ret=125.0s avg_lap=301.1s best_lap=291.9
t=3592.8 route=8 laps=8 crashes=0 avg_out=167.1s avg_ret=143.4s avg_lap=322.5s best_lap=313.7
t=3592.8 TOTAL laps=61 crashes=3
t=3592.8 TUNER gen=1 results=0/64 pending=8 active=8 remaining=64 next_trial=73 rounds=[1,1,1,1,1,1,1,1]
t=3599.9 LZ_REACHED craft=Aircraft_11_nav_r3_67 route=3 outbound=207.8s t=3599.9
t=3622.7 ==== SUMMARY t=3622.7 ====
t=3622.7 route=1 laps=8 crashes=0 avg_out=148.0s avg_ret=136.1s avg_lap=297.2s best_lap=283.8
t=3622.7 route=2 laps=7 crashes=1 avg_out=179.6s avg_ret=205.7s avg_lap=397.5s best_lap=389.0
t=3622.8 route=3 laps=8 crashes=0 avg_out=216.2s avg_ret=240.6s avg_lap=469.9s best_lap=455.5
t=3622.8 route=4 laps=7 crashes=1 avg_out=174.3s avg_ret=138.5s avg_lap=326.9s best_lap=323.0
t=3622.8 route=5 laps=8 crashes=0 avg_out=256.3s avg_ret=214.1s avg_lap=482.4s best_lap=463.0
t=3622.8 route=6 laps=7 crashes=1 avg_out=144.9s avg_ret=125.9s avg_lap=284.5s best_lap=274.4
t=3622.8 route=7 laps=8 crashes=0 avg_out=164.1s avg_ret=125.0s avg_lap=301.1s best_lap=291.9
t=3622.8 route=8 laps=8 crashes=0 avg_out=167.1s avg_ret=143.4s avg_lap=322.5s best_lap=313.7
t=3622.8 TOTAL laps=61 crashes=3
t=3622.8 TUNER gen=1 results=0/64 pending=8 active=8 remaining=64 next_trial=73 rounds=[1,1,1,1,1,1,1,1]
t=3631.0 LZ_REACHED craft=Aircraft_11_nav_r7_71 route=7 outbound=158.6s t=3631.0
t=3638.5 LAP_CAPTURE craft=Aircraft_11_nav_r1_65 route=1 return=135.5s lap=286.6s carrier_dist=200m t=3638.5
t=3652.8 ==== SUMMARY t=3652.8 ====
t=3652.8 route=1 laps=9 crashes=0 avg_out=148.0s avg_ret=136.0s avg_lap=296.0s best_lap=283.8
t=3652.8 route=2 laps=7 crashes=1 avg_out=179.6s avg_ret=205.7s avg_lap=397.5s best_lap=389.0
t=3652.8 route=3 laps=8 crashes=0 avg_out=216.2s avg_ret=240.6s avg_lap=469.9s best_lap=455.5
t=3652.8 route=4 laps=7 crashes=1 avg_out=174.3s avg_ret=138.5s avg_lap=326.9s best_lap=323.0
t=3652.8 route=5 laps=8 crashes=0 avg_out=256.3s avg_ret=214.1s avg_lap=482.4s best_lap=463.0
t=3652.8 route=6 laps=7 crashes=1 avg_out=144.9s avg_ret=125.9s avg_lap=284.5s best_lap=274.4
t=3652.8 route=7 laps=8 crashes=0 avg_out=163.5s avg_ret=125.0s avg_lap=301.1s best_lap=291.9
t=3652.8 route=8 laps=8 crashes=0 avg_out=167.1s avg_ret=143.4s avg_lap=322.5s best_lap=313.7
t=3652.8 TOTAL laps=62 crashes=3
t=3652.8 TUNER gen=1 results=1/64 pending=8 active=8 remaining=63 next_trial=74 rounds=[2,1,1,1,1,1,1,1]
t=3658.1 SPAWN craft=Aircraft_11_nav_r1_73 route=1 candidate=2 trial=73 t=3658.1
t=3659.1 LZ_REACHED craft=Aircraft_11_nav_r8_72 route=8 outbound=166.6s t=3659.1
t=3677.5 LZ_REACHED craft=Aircraft_11_nav_r5_69 route=5 outbound=245.2s t=3677.5
t=3682.8 ==== SUMMARY t=3682.8 ====
t=3682.8 route=1 laps=9 crashes=0 avg_out=148.0s avg_ret=136.0s avg_lap=296.0s best_lap=283.8
t=3682.8 route=2 laps=7 crashes=1 avg_out=179.6s avg_ret=205.7s avg_lap=397.5s best_lap=389.0
t=3682.8 route=3 laps=8 crashes=0 avg_out=216.2s avg_ret=240.6s avg_lap=469.9s best_lap=455.5
t=3682.8 route=4 laps=7 crashes=1 avg_out=174.3s avg_ret=138.5s avg_lap=326.9s best_lap=323.0
t=3682.8 route=5 laps=8 crashes=0 avg_out=255.1s avg_ret=214.1s avg_lap=482.4s best_lap=463.0
t=3682.8 route=6 laps=7 crashes=1 avg_out=144.9s avg_ret=125.9s avg_lap=284.5s best_lap=274.4
t=3682.8 route=7 laps=8 crashes=0 avg_out=163.5s avg_ret=125.0s avg_lap=301.1s best_lap=291.9
t=3682.8 route=8 laps=8 crashes=0 avg_out=167.0s avg_ret=143.4s avg_lap=322.5s best_lap=313.7
t=3682.9 TOTAL laps=62 crashes=3
t=3682.9 TUNER gen=1 results=1/64 pending=8 active=8 remaining=63 next_trial=74 rounds=[2,1,1,1,1,1,1,1]
t=3712.9 ==== SUMMARY t=3712.9 ====
t=3712.9 route=1 laps=9 crashes=0 avg_out=148.0s avg_ret=136.0s avg_lap=296.0s best_lap=283.8
t=3712.9 route=2 laps=7 crashes=1 avg_out=179.6s avg_ret=205.7s avg_lap=397.5s best_lap=389.0
t=3712.9 route=3 laps=8 crashes=0 avg_out=216.2s avg_ret=240.6s avg_lap=469.9s best_lap=455.5
t=3712.9 route=4 laps=7 crashes=1 avg_out=174.3s avg_ret=138.5s avg_lap=326.9s best_lap=323.0
t=3712.9 route=5 laps=8 crashes=0 avg_out=255.1s avg_ret=214.1s avg_lap=482.4s best_lap=463.0
t=3712.9 route=6 laps=7 crashes=1 avg_out=144.9s avg_ret=125.9s avg_lap=284.5s best_lap=274.4
t=3712.9 route=7 laps=8 crashes=0 avg_out=163.5s avg_ret=125.0s avg_lap=301.1s best_lap=291.9
t=3712.9 route=8 laps=8 crashes=0 avg_out=167.0s avg_ret=143.4s avg_lap=322.5s best_lap=313.7
t=3712.9 TOTAL laps=62 crashes=3
t=3712.9 TUNER gen=1 results=1/64 pending=8 active=8 remaining=63 next_trial=74 rounds=[2,1,1,1,1,1,1,1]
t=3718.7 LAP_CAPTURE craft=Aircraft_11_nav_r4_68 route=4 return=137.7s lap=306.5s carrier_dist=200m t=3718.7
t=3723.6 LAP_CAPTURE craft=Aircraft_11_nav_r6_70 route=6 return=126.0s lap=271.2s carrier_dist=200m t=3723.6
t=3733.2 LAUNCH_BLOCKED reason=deck_busy active=7 stored=1 no_active_s=0.0 state=AIRCRAFT_ON_DECK tractor_cleanup=false elevator_transfer=true deck=Aircraft_11_nav_r4_74 pending=none clearance=none queue=0
t=3738.4 SPAWN craft=Aircraft_11_nav_r4_74 route=4 candidate=5 trial=74 t=3738.4
t=3742.9 ==== SUMMARY t=3742.9 ====
t=3742.9 route=1 laps=9 crashes=0 avg_out=148.0s avg_ret=136.0s avg_lap=296.0s best_lap=283.8
t=3742.9 route=2 laps=7 crashes=1 avg_out=179.6s avg_ret=205.7s avg_lap=397.5s best_lap=389.0
t=3742.9 route=3 laps=8 crashes=0 avg_out=216.2s avg_ret=240.6s avg_lap=469.9s best_lap=455.5
t=3742.9 route=4 laps=8 crashes=1 avg_out=174.3s avg_ret=138.4s avg_lap=324.3s best_lap=306.5
t=3742.9 route=5 laps=8 crashes=0 avg_out=255.1s avg_ret=214.1s avg_lap=482.4s best_lap=463.0
t=3742.9 route=6 laps=8 crashes=1 avg_out=144.9s avg_ret=125.9s avg_lap=282.8s best_lap=271.2
t=3742.9 route=7 laps=8 crashes=0 avg_out=163.5s avg_ret=125.0s avg_lap=301.1s best_lap=291.9
t=3742.9 route=8 laps=8 crashes=0 avg_out=167.0s avg_ret=143.4s avg_lap=322.5s best_lap=313.7
t=3742.9 TOTAL laps=64 crashes=3
t=3742.9 TUNER gen=1 results=3/64 pending=7 active=7 remaining=61 next_trial=75 rounds=[2,1,1,2,1,1,1,1]
t=3758.6 SPAWN craft=Aircraft_11_nav_r6_75 route=6 candidate=7 trial=75 t=3758.6
t=3766.7 LAP_CAPTURE craft=Aircraft_11_nav_r2_66 route=2 return=204.2s lap=394.7s carrier_dist=200m t=3766.7
t=3767.2 LAP_CAPTURE craft=Aircraft_11_nav_r7_71 route=7 return=124.2s lap=294.8s carrier_dist=200m t=3767.2
t=3772.9 ==== SUMMARY t=3772.9 ====
t=3772.9 route=1 laps=9 crashes=0 avg_out=148.0s avg_ret=136.0s avg_lap=296.0s best_lap=283.8
t=3772.9 route=2 laps=8 crashes=1 avg_out=179.6s avg_ret=205.6s avg_lap=397.1s best_lap=389.0
t=3773.0 route=3 laps=8 crashes=0 avg_out=216.2s avg_ret=240.6s avg_lap=469.9s best_lap=455.5
t=3773.0 route=4 laps=8 crashes=1 avg_out=174.3s avg_ret=138.4s avg_lap=324.3s best_lap=306.5
t=3773.0 route=5 laps=8 crashes=0 avg_out=255.1s avg_ret=214.1s avg_lap=482.4s best_lap=463.0
t=3773.0 route=6 laps=8 crashes=1 avg_out=144.9s avg_ret=125.9s avg_lap=282.8s best_lap=271.2
t=3773.0 route=7 laps=9 crashes=0 avg_out=163.5s avg_ret=124.9s avg_lap=300.4s best_lap=291.9
t=3773.0 route=8 laps=8 crashes=0 avg_out=167.0s avg_ret=143.4s avg_lap=322.5s best_lap=313.7
t=3773.0 TOTAL laps=66 crashes=3
t=3773.0 TUNER gen=1 results=5/64 pending=6 active=6 remaining=59 next_trial=76 rounds=[2,1,1,2,1,2,1,1]
t=3773.3 LAUNCH_BLOCKED reason=deck_busy active=7 stored=1 no_active_s=0.0 state=RETRIEVING_FROM_HANGAR tractor_cleanup=false elevator_transfer=false deck=Aircraft_11_nav_r2_76 pending=none clearance=none queue=0
t=3783.5 SPAWN craft=Aircraft_11_nav_r2_76 route=2 candidate=3 trial=76 t=3783.5
t=3788.4 LAUNCH_BLOCKED reason=cleared_unready_nav_deck_aircraft active=7 stored=1 no_active_s=0.0 state=IDLE tractor_cleanup=false elevator_transfer=false deck=Aircraft_11_nav_r2_76 pending=none clearance=none queue=0
t=3802.9 ==== SUMMARY t=3802.9 ====
t=3802.9 route=1 laps=9 crashes=0 avg_out=148.0s avg_ret=136.0s avg_lap=296.0s best_lap=283.8
t=3802.9 route=2 laps=8 crashes=1 avg_out=179.6s avg_ret=205.6s avg_lap=397.1s best_lap=389.0
t=3803.0 route=3 laps=8 crashes=0 avg_out=216.2s avg_ret=240.6s avg_lap=469.9s best_lap=455.5
t=3803.0 route=4 laps=8 crashes=1 avg_out=174.3s avg_ret=138.4s avg_lap=324.3s best_lap=306.5
t=3803.0 route=5 laps=8 crashes=0 avg_out=255.1s avg_ret=214.1s avg_lap=482.4s best_lap=463.0
t=3803.0 route=6 laps=8 crashes=1 avg_out=144.9s avg_ret=125.9s avg_lap=282.8s best_lap=271.2
t=3803.0 route=7 laps=9 crashes=0 avg_out=163.5s avg_ret=124.9s avg_lap=300.4s best_lap=291.9
t=3803.0 route=8 laps=8 crashes=0 avg_out=167.0s avg_ret=143.4s avg_lap=322.5s best_lap=313.7
t=3803.0 TOTAL laps=66 crashes=3
t=3803.0 TUNER gen=1 results=5/64 pending=8 active=8 remaining=59 next_trial=78 rounds=[2,2,1,2,1,2,2,1]
t=3803.6 SPAWN craft=Aircraft_11_nav_r7_77 route=7 candidate=8 trial=77 t=3803.6
t=3807.4 LZ_REACHED craft=Aircraft_11_nav_r1_73 route=1 outbound=149.3s t=3807.4
t=3815.7 LAP_CAPTURE craft=Aircraft_11_nav_r8_72 route=8 return=144.6s lap=323.2s carrier_dist=200m t=3815.7
t=3833.0 ==== SUMMARY t=3833.0 ====
t=3833.0 route=1 laps=9 crashes=0 avg_out=148.1s avg_ret=136.0s avg_lap=296.0s best_lap=283.8
t=3833.0 route=2 laps=8 crashes=1 avg_out=179.6s avg_ret=205.6s avg_lap=397.1s best_lap=389.0
t=3833.0 route=3 laps=8 crashes=0 avg_out=216.2s avg_ret=240.6s avg_lap=469.9s best_lap=455.5
t=3833.0 route=4 laps=8 crashes=1 avg_out=174.3s avg_ret=138.4s avg_lap=324.3s best_lap=306.5
t=3833.0 route=5 laps=8 crashes=0 avg_out=255.1s avg_ret=214.1s avg_lap=482.4s best_lap=463.0
t=3833.0 route=6 laps=8 crashes=1 avg_out=144.9s avg_ret=125.9s avg_lap=282.8s best_lap=271.2
t=3833.0 route=7 laps=9 crashes=0 avg_out=163.5s avg_ret=124.9s avg_lap=300.4s best_lap=291.9
t=3833.0 route=8 laps=9 crashes=0 avg_out=167.0s avg_ret=143.5s avg_lap=322.6s best_lap=313.7
t=3833.0 TOTAL laps=67 crashes=3
t=3833.0 TUNER gen=1 results=6/64 pending=8 active=8 remaining=58 next_trial=79 rounds=[2,2,1,2,1,2,2,2]
t=3833.8 SPAWN craft=Aircraft_11_nav_r8_78 route=8 candidate=1 trial=78 t=3833.8
t=3847.9 LAP_CAPTURE craft=Aircraft_11_nav_r3_67 route=3 return=236.0s lap=455.8s carrier_dist=200m t=3847.9
t=3863.0 ==== SUMMARY t=3863.0 ====
t=3863.0 route=1 laps=9 crashes=0 avg_out=148.1s avg_ret=136.0s avg_lap=296.0s best_lap=283.8
t=3863.0 route=2 laps=8 crashes=1 avg_out=179.6s avg_ret=205.6s avg_lap=397.1s best_lap=389.0
t=3863.0 route=3 laps=9 crashes=0 avg_out=216.2s avg_ret=240.1s avg_lap=468.3s best_lap=455.5
t=3863.0 route=4 laps=8 crashes=1 avg_out=174.3s avg_ret=138.4s avg_lap=324.3s best_lap=306.5
t=3863.0 route=5 laps=8 crashes=0 avg_out=255.1s avg_ret=214.1s avg_lap=482.4s best_lap=463.0
t=3863.0 route=6 laps=8 crashes=1 avg_out=144.9s avg_ret=125.9s avg_lap=282.8s best_lap=271.2
t=3863.0 route=7 laps=9 crashes=0 avg_out=163.5s avg_ret=124.9s avg_lap=300.4s best_lap=291.9
t=3863.0 route=8 laps=9 crashes=0 avg_out=167.0s avg_ret=143.5s avg_lap=322.6s best_lap=313.7
t=3863.1 TOTAL laps=68 crashes=3
t=3863.1 TUNER gen=1 results=7/64 pending=8 active=8 remaining=57 next_trial=80 rounds=[2,2,2,2,1,2,2,2]
t=3863.8 SPAWN craft=Aircraft_11_nav_r3_79 route=3 candidate=4 trial=79 t=3863.8
t=3893.0 ==== SUMMARY t=3893.0 ====
t=3893.0 route=1 laps=9 crashes=0 avg_out=148.1s avg_ret=136.0s avg_lap=296.0s best_lap=283.8
t=3893.0 route=2 laps=8 crashes=1 avg_out=179.6s avg_ret=205.6s avg_lap=397.1s best_lap=389.0
t=3893.0 route=3 laps=9 crashes=0 avg_out=216.2s avg_ret=240.1s avg_lap=468.3s best_lap=455.5
t=3893.1 route=4 laps=8 crashes=1 avg_out=174.3s avg_ret=138.4s avg_lap=324.3s best_lap=306.5
t=3893.1 route=5 laps=8 crashes=0 avg_out=255.1s avg_ret=214.1s avg_lap=482.4s best_lap=463.0
t=3893.1 route=6 laps=8 crashes=1 avg_out=144.9s avg_ret=125.9s avg_lap=282.8s best_lap=271.2
t=3893.1 route=7 laps=9 crashes=0 avg_out=163.5s avg_ret=124.9s avg_lap=300.4s best_lap=291.9
t=3893.1 route=8 laps=9 crashes=0 avg_out=167.0s avg_ret=143.5s avg_lap=322.6s best_lap=313.7
t=3893.1 TOTAL laps=68 crashes=3
t=3893.1 TUNER gen=1 results=7/64 pending=8 active=8 remaining=57 next_trial=80 rounds=[2,2,2,2,1,2,2,2]
t=3894.9 LAP_CAPTURE craft=Aircraft_11_nav_r5_69 route=5 return=205.5s lap=462.6s carrier_dist=200m t=3894.9
t=3901.2 LZ_REACHED craft=Aircraft_11_nav_r6_75 route=6 outbound=142.6s t=3901.2
t=3912.7 LZ_REACHED craft=Aircraft_11_nav_r4_74 route=4 outbound=174.3s t=3912.7
t=3914.1 SPAWN craft=Aircraft_11_nav_r5_80 route=5 candidate=6 trial=80 t=3914.1
t=3923.1 ==== SUMMARY t=3923.1 ====
t=3923.1 route=1 laps=9 crashes=0 avg_out=148.1s avg_ret=136.0s avg_lap=296.0s best_lap=283.8
t=3923.1 route=2 laps=8 crashes=1 avg_out=179.6s avg_ret=205.6s avg_lap=397.1s best_lap=389.0
t=3923.1 route=3 laps=9 crashes=0 avg_out=216.2s avg_ret=240.1s avg_lap=468.3s best_lap=455.5
t=3923.1 route=4 laps=8 crashes=1 avg_out=174.3s avg_ret=138.4s avg_lap=324.3s best_lap=306.5
t=3923.1 route=5 laps=9 crashes=0 avg_out=255.1s avg_ret=213.2s avg_lap=480.2s best_lap=462.6
t=3923.1 route=6 laps=8 crashes=1 avg_out=144.6s avg_ret=125.9s avg_lap=282.8s best_lap=271.2
t=3923.1 route=7 laps=9 crashes=0 avg_out=163.5s avg_ret=124.9s avg_lap=300.4s best_lap=291.9
t=3923.1 route=8 laps=9 crashes=0 avg_out=167.0s avg_ret=143.5s avg_lap=322.6s best_lap=313.7
t=3923.2 TOTAL laps=69 crashes=3
t=3923.2 TUNER gen=1 results=8/64 pending=8 active=8 remaining=56 next_trial=81 rounds=[2,2,2,2,2,2,2,2]
t=3953.1 ==== SUMMARY t=3953.1 ====
t=3953.1 route=1 laps=9 crashes=0 avg_out=148.1s avg_ret=136.0s avg_lap=296.0s best_lap=283.8
t=3953.2 route=2 laps=8 crashes=1 avg_out=179.6s avg_ret=205.6s avg_lap=397.1s best_lap=389.0
t=3953.2 route=3 laps=9 crashes=0 avg_out=216.2s avg_ret=240.1s avg_lap=468.3s best_lap=455.5
t=3953.2 route=4 laps=8 crashes=1 avg_out=174.3s avg_ret=138.4s avg_lap=324.3s best_lap=306.5
t=3953.2 route=5 laps=9 crashes=0 avg_out=255.1s avg_ret=213.2s avg_lap=480.2s best_lap=462.6
t=3953.2 route=6 laps=8 crashes=1 avg_out=144.6s avg_ret=125.9s avg_lap=282.8s best_lap=271.2
t=3953.2 route=7 laps=9 crashes=0 avg_out=163.5s avg_ret=124.9s avg_lap=300.4s best_lap=291.9
t=3953.2 route=8 laps=9 crashes=0 avg_out=167.0s avg_ret=143.5s avg_lap=322.6s best_lap=313.7
t=3953.2 TOTAL laps=69 crashes=3
t=3953.2 TUNER gen=1 results=8/64 pending=8 active=8 remaining=56 next_trial=81 rounds=[2,2,2,2,2,2,2,2]
t=3954.6 LZ_REACHED craft=Aircraft_11_nav_r2_76 route=2 outbound=171.1s t=3954.6
t=3958.5 LAP_CAPTURE craft=Aircraft_11_nav_r1_73 route=1 return=139.2s lap=300.5s carrier_dist=200m t=3958.5
t=3964.5 LZ_REACHED craft=Aircraft_11_nav_r7_77 route=7 outbound=160.8s t=3964.5
t=3974.3 SPAWN craft=Aircraft_11_nav_r1_81 route=1 candidate=3 trial=81 t=3974.3
t=3983.1 ==== SUMMARY t=3983.1 ====
t=3983.1 route=1 laps=10 crashes=0 avg_out=148.1s avg_ret=136.3s avg_lap=296.4s best_lap=283.8
t=3983.1 route=2 laps=8 crashes=1 avg_out=178.6s avg_ret=205.6s avg_lap=397.1s best_lap=389.0
t=3983.2 route=3 laps=9 crashes=0 avg_out=216.2s avg_ret=240.1s avg_lap=468.3s best_lap=455.5
t=3983.2 route=4 laps=8 crashes=1 avg_out=174.3s avg_ret=138.4s avg_lap=324.3s best_lap=306.5
t=3983.2 route=5 laps=9 crashes=0 avg_out=255.1s avg_ret=213.2s avg_lap=480.2s best_lap=462.6
t=3983.2 route=6 laps=8 crashes=1 avg_out=144.6s avg_ret=125.9s avg_lap=282.8s best_lap=271.2
t=3983.2 route=7 laps=9 crashes=0 avg_out=163.2s avg_ret=124.9s avg_lap=300.4s best_lap=291.9
t=3983.2 route=8 laps=9 crashes=0 avg_out=167.0s avg_ret=143.5s avg_lap=322.6s best_lap=313.7
t=3983.2 TOTAL laps=70 crashes=3
t=3983.2 TUNER gen=1 results=9/64 pending=8 active=8 remaining=55 next_trial=82 rounds=[3,2,2,2,2,2,2,2]
t=3999.8 LZ_REACHED craft=Aircraft_11_nav_r8_78 route=8 outbound=166.0s t=3999.8
t=4013.2 ==== SUMMARY t=4013.2 ====
t=4013.2 route=1 laps=10 crashes=0 avg_out=148.1s avg_ret=136.3s avg_lap=296.4s best_lap=283.8
t=4013.2 route=2 laps=8 crashes=1 avg_out=178.6s avg_ret=205.6s avg_lap=397.1s best_lap=389.0
t=4013.2 route=3 laps=9 crashes=0 avg_out=216.2s avg_ret=240.1s avg_lap=468.3s best_lap=455.5
t=4013.2 route=4 laps=8 crashes=1 avg_out=174.3s avg_ret=138.4s avg_lap=324.3s best_lap=306.5
t=4013.2 route=5 laps=9 crashes=0 avg_out=255.1s avg_ret=213.2s avg_lap=480.2s best_lap=462.6
t=4013.2 route=6 laps=8 crashes=1 avg_out=144.6s avg_ret=125.9s avg_lap=282.8s best_lap=271.2
t=4013.2 route=7 laps=9 crashes=0 avg_out=163.2s avg_ret=124.9s avg_lap=300.4s best_lap=291.9
t=4013.2 route=8 laps=9 crashes=0 avg_out=166.9s avg_ret=143.5s avg_lap=322.6s best_lap=313.7
t=4013.2 TOTAL laps=70 crashes=3
t=4013.2 TUNER gen=1 results=9/64 pending=8 active=8 remaining=55 next_trial=82 rounds=[3,2,2,2,2,2,2,2]
t=4038.3 LAP_CAPTURE craft=Aircraft_11_nav_r6_75 route=6 return=125.0s lap=279.7s carrier_dist=200m t=4038.3
t=4043.2 ==== SUMMARY t=4043.2 ====
t=4043.2 route=1 laps=10 crashes=0 avg_out=148.1s avg_ret=136.3s avg_lap=296.4s best_lap=283.8
t=4043.2 route=2 laps=8 crashes=1 avg_out=178.6s avg_ret=205.6s avg_lap=397.1s best_lap=389.0
t=4043.2 route=3 laps=9 crashes=0 avg_out=216.2s avg_ret=240.1s avg_lap=468.3s best_lap=455.5
t=4043.2 route=4 laps=8 crashes=1 avg_out=174.3s avg_ret=138.4s avg_lap=324.3s best_lap=306.5
t=4043.2 route=5 laps=9 crashes=0 avg_out=255.1s avg_ret=213.2s avg_lap=480.2s best_lap=462.6
t=4043.2 route=6 laps=9 crashes=1 avg_out=144.6s avg_ret=125.8s avg_lap=282.5s best_lap=271.2
t=4043.2 route=7 laps=9 crashes=0 avg_out=163.2s avg_ret=124.9s avg_lap=300.4s best_lap=291.9
t=4043.2 route=8 laps=9 crashes=0 avg_out=166.9s avg_ret=143.5s avg_lap=322.6s best_lap=313.7
t=4043.2 TOTAL laps=71 crashes=3
t=4043.3 TUNER gen=1 results=10/64 pending=7 active=7 remaining=54 next_trial=82 rounds=[3,2,2,2,2,2,2,2]
t=4054.5 SPAWN craft=Aircraft_11_nav_r6_82 route=6 candidate=8 trial=82 t=4054.5
t=4060.9 LAP_CAPTURE craft=Aircraft_11_nav_r4_74 route=4 return=136.2s lap=322.5s carrier_dist=200m t=4060.9
t=4073.2 ==== SUMMARY t=4073.2 ====
t=4073.2 route=1 laps=10 crashes=0 avg_out=148.1s avg_ret=136.3s avg_lap=296.4s best_lap=283.8
t=4073.2 route=2 laps=8 crashes=1 avg_out=178.6s avg_ret=205.6s avg_lap=397.1s best_lap=389.0
t=4073.2 route=3 laps=9 crashes=0 avg_out=216.2s avg_ret=240.1s avg_lap=468.3s best_lap=455.5
t=4073.2 route=4 laps=9 crashes=1 avg_out=174.3s avg_ret=138.2s avg_lap=324.1s best_lap=306.5
t=4073.2 route=5 laps=9 crashes=0 avg_out=255.1s avg_ret=213.2s avg_lap=480.2s best_lap=462.6
t=4073.2 route=6 laps=9 crashes=1 avg_out=144.6s avg_ret=125.8s avg_lap=282.5s best_lap=271.2
t=4073.2 route=7 laps=9 crashes=0 avg_out=163.2s avg_ret=124.9s avg_lap=300.4s best_lap=291.9
t=4073.2 route=8 laps=9 crashes=0 avg_out=166.9s avg_ret=143.5s avg_lap=322.6s best_lap=313.7
t=4073.2 TOTAL laps=72 crashes=3
t=4073.2 TUNER gen=1 results=11/64 pending=8 active=8 remaining=53 next_trial=84 rounds=[3,2,2,3,2,3,2,2]
t=4075.5 LZ_REACHED craft=Aircraft_11_nav_r3_79 route=3 outbound=211.7s t=4075.5
t=4079.7 SPAWN craft=Aircraft_11_nav_r4_83 route=4 candidate=6 trial=83 t=4079.7
t=4103.3 ==== SUMMARY t=4103.3 ====
t=4103.3 route=1 laps=10 crashes=0 avg_out=148.1s avg_ret=136.3s avg_lap=296.4s best_lap=283.8
t=4103.3 route=2 laps=8 crashes=1 avg_out=178.6s avg_ret=205.6s avg_lap=397.1s best_lap=389.0
t=4103.3 route=3 laps=9 crashes=0 avg_out=215.7s avg_ret=240.1s avg_lap=468.3s best_lap=455.5
t=4103.3 route=4 laps=9 crashes=1 avg_out=174.3s avg_ret=138.2s avg_lap=324.1s best_lap=306.5
t=4103.3 route=5 laps=9 crashes=0 avg_out=255.1s avg_ret=213.2s avg_lap=480.2s best_lap=462.6
t=4103.3 route=6 laps=9 crashes=1 avg_out=144.6s avg_ret=125.8s avg_lap=282.5s best_lap=271.2
t=4103.3 route=7 laps=9 crashes=0 avg_out=163.2s avg_ret=124.9s avg_lap=300.4s best_lap=291.9
t=4103.3 route=8 laps=9 crashes=0 avg_out=166.9s avg_ret=143.5s avg_lap=322.6s best_lap=313.7
t=4103.3 TOTAL laps=72 crashes=3
t=4103.3 TUNER gen=1 results=11/64 pending=8 active=8 remaining=53 next_trial=84 rounds=[3,2,2,3,2,3,2,2]
t=4103.7 LAP_CAPTURE craft=Aircraft_11_nav_r7_77 route=7 return=127.2s lap=300.0s carrier_dist=200m t=4103.7
t=4119.8 SPAWN craft=Aircraft_11_nav_r7_84 route=7 candidate=1 trial=84 t=4119.8
t=4121.8 LZ_REACHED craft=Aircraft_11_nav_r1_81 route=1 outbound=147.5s t=4121.8
t=4133.3 ==== SUMMARY t=4133.3 ====
t=4133.3 route=1 laps=10 crashes=0 avg_out=148.0s avg_ret=136.3s avg_lap=296.4s best_lap=283.8
t=4133.3 route=2 laps=8 crashes=1 avg_out=178.6s avg_ret=205.6s avg_lap=397.1s best_lap=389.0
t=4133.3 route=3 laps=9 crashes=0 avg_out=215.7s avg_ret=240.1s avg_lap=468.3s best_lap=455.5
t=4133.3 route=4 laps=9 crashes=1 avg_out=174.3s avg_ret=138.2s avg_lap=324.1s best_lap=306.5
t=4133.3 route=5 laps=9 crashes=0 avg_out=255.1s avg_ret=213.2s avg_lap=480.2s best_lap=462.6
t=4133.3 route=6 laps=9 crashes=1 avg_out=144.6s avg_ret=125.8s avg_lap=282.5s best_lap=271.2
t=4133.3 route=7 laps=10 crashes=0 avg_out=163.2s avg_ret=125.1s avg_lap=300.3s best_lap=291.9
t=4133.3 route=8 laps=9 crashes=0 avg_out=166.9s avg_ret=143.5s avg_lap=322.6s best_lap=313.7
t=4133.3 TOTAL laps=73 crashes=3
t=4133.3 TUNER gen=1 results=12/64 pending=8 active=8 remaining=52 next_trial=85 rounds=[3,2,2,3,2,3,3,2]
t=4155.8 LAP_CAPTURE craft=Aircraft_11_nav_r8_78 route=8 return=144.0s lap=321.9s carrier_dist=200m t=4155.8
t=4163.3 ==== SUMMARY t=4163.3 ====
t=4163.3 route=1 laps=10 crashes=0 avg_out=148.0s avg_ret=136.3s avg_lap=296.4s best_lap=283.8
t=4163.3 route=2 laps=8 crashes=1 avg_out=178.6s avg_ret=205.6s avg_lap=397.1s best_lap=389.0
t=4163.3 route=3 laps=9 crashes=0 avg_out=215.7s avg_ret=240.1s avg_lap=468.3s best_lap=455.5
t=4163.3 route=4 laps=9 crashes=1 avg_out=174.3s avg_ret=138.2s avg_lap=324.1s best_lap=306.5
t=4163.3 route=5 laps=9 crashes=0 avg_out=255.1s avg_ret=213.2s avg_lap=480.2s best_lap=462.6
t=4163.3 route=6 laps=9 crashes=1 avg_out=144.6s avg_ret=125.8s avg_lap=282.5s best_lap=271.2
t=4163.3 route=7 laps=10 crashes=0 avg_out=163.2s avg_ret=125.1s avg_lap=300.3s best_lap=291.9
t=4163.3 route=8 laps=10 crashes=0 avg_out=166.9s avg_ret=143.6s avg_lap=322.5s best_lap=313.7
t=4163.4 TOTAL laps=74 crashes=3
t=4163.4 TUNER gen=1 results=13/64 pending=7 active=7 remaining=51 next_trial=85 rounds=[3,2,2,3,2,3,3,2]
t=4166.7 LAP_CAPTURE craft=Aircraft_11_nav_r2_76 route=2 return=200.1s lap=383.2s carrier_dist=200m t=4166.7
t=4171.7 LZ_REACHED craft=Aircraft_11_nav_r5_80 route=5 outbound=257.6s t=4171.7
t=4174.8 LAUNCH_BLOCKED reason=deck_busy active=7 stored=1 no_active_s=0.0 state=AIRCRAFT_ON_DECK tractor_cleanup=false elevator_transfer=false deck=Aircraft_11_nav_r8_85 pending=none clearance=none queue=0
t=4175.0 SPAWN craft=Aircraft_11_nav_r8_85 route=8 candidate=2 trial=85 t=4175.0
t=4193.4 ==== SUMMARY t=4193.4 ====
t=4193.5 route=1 laps=10 crashes=0 avg_out=148.0s avg_ret=136.3s avg_lap=296.4s best_lap=283.8
t=4193.5 route=2 laps=9 crashes=1 avg_out=178.6s avg_ret=204.9s avg_lap=395.6s best_lap=383.2
t=4193.5 route=3 laps=9 crashes=0 avg_out=215.7s avg_ret=240.1s avg_lap=468.3s best_lap=455.5
t=4193.5 route=4 laps=9 crashes=1 avg_out=174.3s avg_ret=138.2s avg_lap=324.1s best_lap=306.5
t=4193.5 route=5 laps=9 crashes=0 avg_out=255.3s avg_ret=213.2s avg_lap=480.2s best_lap=462.6
t=4193.5 route=6 laps=9 crashes=1 avg_out=144.6s avg_ret=125.8s avg_lap=282.5s best_lap=271.2
t=4193.5 route=7 laps=10 crashes=0 avg_out=163.2s avg_ret=125.1s avg_lap=300.3s best_lap=291.9
t=4193.5 route=8 laps=10 crashes=0 avg_out=166.9s avg_ret=143.6s avg_lap=322.5s best_lap=313.7
t=4193.5 TOTAL laps=75 crashes=3
t=4193.5 TUNER gen=1 results=14/64 pending=8 active=8 remaining=50 next_trial=87 rounds=[3,3,2,3,2,3,3,3]
t=4195.2 SPAWN craft=Aircraft_11_nav_r2_86 route=2 candidate=4 trial=86 t=4195.2
t=4205.4 LZ_REACHED craft=Aircraft_11_nav_r6_82 route=6 outbound=150.8s t=4205.4
t=4223.5 ==== SUMMARY t=4223.5 ====
t=4223.5 route=1 laps=10 crashes=0 avg_out=148.0s avg_ret=136.3s avg_lap=296.4s best_lap=283.8
t=4223.5 route=2 laps=9 crashes=1 avg_out=178.6s avg_ret=204.9s avg_lap=395.6s best_lap=383.2
t=4223.5 route=3 laps=9 crashes=0 avg_out=215.7s avg_ret=240.1s avg_lap=468.3s best_lap=455.5
t=4223.5 route=4 laps=9 crashes=1 avg_out=174.3s avg_ret=138.2s avg_lap=324.1s best_lap=306.5
t=4223.5 route=5 laps=9 crashes=0 avg_out=255.3s avg_ret=213.2s avg_lap=480.2s best_lap=462.6
t=4223.5 route=6 laps=9 crashes=1 avg_out=145.2s avg_ret=125.8s avg_lap=282.5s best_lap=271.2
t=4223.5 route=7 laps=10 crashes=0 avg_out=163.2s avg_ret=125.1s avg_lap=300.3s best_lap=291.9
t=4223.6 route=8 laps=10 crashes=0 avg_out=166.9s avg_ret=143.6s avg_lap=322.5s best_lap=313.7
t=4223.6 TOTAL laps=75 crashes=3
t=4223.6 TUNER gen=1 results=14/64 pending=8 active=8 remaining=50 next_trial=87 rounds=[3,3,2,3,2,3,3,3]
t=4253.5 ==== SUMMARY t=4253.5 ====
t=4253.5 route=1 laps=10 crashes=0 avg_out=148.0s avg_ret=136.3s avg_lap=296.4s best_lap=283.8
t=4253.5 route=2 laps=9 crashes=1 avg_out=178.6s avg_ret=204.9s avg_lap=395.6s best_lap=383.2
t=4253.5 route=3 laps=9 crashes=0 avg_out=215.7s avg_ret=240.1s avg_lap=468.3s best_lap=455.5
t=4253.5 route=4 laps=9 crashes=1 avg_out=174.3s avg_ret=138.2s avg_lap=324.1s best_lap=306.5
t=4253.5 route=5 laps=9 crashes=0 avg_out=255.3s avg_ret=213.2s avg_lap=480.2s best_lap=462.6
t=4253.5 route=6 laps=9 crashes=1 avg_out=145.2s avg_ret=125.8s avg_lap=282.5s best_lap=271.2
t=4253.5 route=7 laps=10 crashes=0 avg_out=163.2s avg_ret=125.1s avg_lap=300.3s best_lap=291.9
t=4253.5 route=8 laps=10 crashes=0 avg_out=166.9s avg_ret=143.6s avg_lap=322.5s best_lap=313.7
t=4253.5 TOTAL laps=75 crashes=3
t=4253.6 TUNER gen=1 results=14/64 pending=8 active=8 remaining=50 next_trial=87 rounds=[3,3,2,3,2,3,3,3]
t=4257.1 LZ_REACHED craft=Aircraft_11_nav_r4_83 route=4 outbound=177.4s t=4257.1
t=4271.0 LAP_CAPTURE craft=Aircraft_11_nav_r1_81 route=1 return=137.2s lap=296.7s carrier_dist=200m t=4271.0
t=4278.2 LZ_REACHED craft=Aircraft_11_nav_r7_84 route=7 outbound=158.4s t=4278.2
t=4283.5 ==== SUMMARY t=4283.5 ====
t=4283.6 route=1 laps=11 crashes=0 avg_out=148.0s avg_ret=136.4s avg_lap=296.5s best_lap=283.8
t=4283.6 route=2 laps=9 crashes=1 avg_out=178.6s avg_ret=204.9s avg_lap=395.6s best_lap=383.2
t=4283.6 route=3 laps=9 crashes=0 avg_out=215.7s avg_ret=240.1s avg_lap=468.3s best_lap=455.5
t=4283.6 route=4 laps=9 crashes=1 avg_out=174.6s avg_ret=138.2s avg_lap=324.1s best_lap=306.5
t=4283.6 route=5 laps=9 crashes=0 avg_out=255.3s avg_ret=213.2s avg_lap=480.2s best_lap=462.6
t=4283.6 route=6 laps=9 crashes=1 avg_out=145.2s avg_ret=125.8s avg_lap=282.5s best_lap=271.2
t=4283.6 route=7 laps=10 crashes=0 avg_out=162.8s avg_ret=125.1s avg_lap=300.3s best_lap=291.9
t=4283.6 route=8 laps=10 crashes=0 avg_out=166.9s avg_ret=143.6s avg_lap=322.5s best_lap=313.7
t=4283.6 TOTAL laps=76 crashes=3
t=4283.6 TUNER gen=1 results=15/64 pending=8 active=8 remaining=49 next_trial=88 rounds=[4,3,2,3,2,3,3,3]
t=4290.6 SPAWN craft=Aircraft_11_nav_r1_87 route=1 candidate=4 trial=87 t=4290.6
t=4313.6 ==== SUMMARY t=4313.6 ====
t=4313.6 route=1 laps=11 crashes=0 avg_out=148.0s avg_ret=136.4s avg_lap=296.5s best_lap=283.8
t=4313.6 route=2 laps=9 crashes=1 avg_out=178.6s avg_ret=204.9s avg_lap=395.6s best_lap=383.2
t=4313.6 route=3 laps=9 crashes=0 avg_out=215.7s avg_ret=240.1s avg_lap=468.3s best_lap=455.5
t=4313.6 route=4 laps=9 crashes=1 avg_out=174.6s avg_ret=138.2s avg_lap=324.1s best_lap=306.5
t=4313.6 route=5 laps=9 crashes=0 avg_out=255.3s avg_ret=213.2s avg_lap=480.2s best_lap=462.6
t=4313.6 route=6 laps=9 crashes=1 avg_out=145.2s avg_ret=125.8s avg_lap=282.5s best_lap=271.2
t=4313.6 route=7 laps=10 crashes=0 avg_out=162.8s avg_ret=125.1s avg_lap=300.3s best_lap=291.9
t=4313.6 route=8 laps=10 crashes=0 avg_out=166.9s avg_ret=143.6s avg_lap=322.5s best_lap=313.7
t=4313.6 TOTAL laps=76 crashes=3
t=4313.6 TUNER gen=1 results=15/64 pending=8 active=8 remaining=49 next_trial=88 rounds=[4,3,2,3,2,3,3,3]
t=4325.0 LAP_CAPTURE craft=Aircraft_11_nav_r3_79 route=3 return=237.5s lap=461.2s carrier_dist=200m t=4325.0
t=4340.8 SPAWN craft=Aircraft_11_nav_r3_88 route=3 candidate=5 trial=88 t=4340.8
t=4341.8 LZ_REACHED craft=Aircraft_11_nav_r8_85 route=8 outbound=166.8s t=4341.8
t=4343.0 LAP_CAPTURE craft=Aircraft_11_nav_r6_82 route=6 return=125.7s lap=288.5s carrier_dist=200m t=4343.0
t=4343.6 ==== SUMMARY t=4343.6 ====
t=4343.6 route=1 laps=11 crashes=0 avg_out=148.0s avg_ret=136.4s avg_lap=296.5s best_lap=283.8
t=4343.6 route=2 laps=9 crashes=1 avg_out=178.6s avg_ret=204.9s avg_lap=395.6s best_lap=383.2
t=4343.6 route=3 laps=10 crashes=0 avg_out=215.7s avg_ret=239.8s avg_lap=467.6s best_lap=455.5
t=4343.6 route=4 laps=9 crashes=1 avg_out=174.6s avg_ret=138.2s avg_lap=324.1s best_lap=306.5
t=4343.6 route=5 laps=9 crashes=0 avg_out=255.3s avg_ret=213.2s avg_lap=480.2s best_lap=462.6
t=4343.6 route=6 laps=10 crashes=1 avg_out=145.2s avg_ret=125.8s avg_lap=283.1s best_lap=271.2
t=4343.6 route=7 laps=10 crashes=0 avg_out=162.8s avg_ret=125.1s avg_lap=300.3s best_lap=291.9
t=4343.6 route=8 laps=10 crashes=0 avg_out=166.9s avg_ret=143.6s avg_lap=322.5s best_lap=313.7
t=4343.7 TOTAL laps=78 crashes=3
t=4343.7 TUNER gen=1 results=17/64 pending=7 active=7 remaining=47 next_trial=89 rounds=[4,3,3,3,2,3,3,3]
t=4360.8 SPAWN craft=Aircraft_11_nav_r6_89 route=6 candidate=1 trial=89 t=4360.8
t=4372.3 LZ_REACHED craft=Aircraft_11_nav_r2_86 route=2 outbound=177.1s t=4372.3
t=4373.6 ==== SUMMARY t=4373.6 ====
t=4373.7 route=1 laps=11 crashes=0 avg_out=148.0s avg_ret=136.4s avg_lap=296.5s best_lap=283.8
t=4373.7 route=2 laps=9 crashes=1 avg_out=178.5s avg_ret=204.9s avg_lap=395.6s best_lap=383.2
t=4373.7 route=3 laps=10 crashes=0 avg_out=215.7s avg_ret=239.8s avg_lap=467.6s best_lap=455.5
t=4373.7 route=4 laps=9 crashes=1 avg_out=174.6s avg_ret=138.2s avg_lap=324.1s best_lap=306.5
t=4373.7 route=5 laps=9 crashes=0 avg_out=255.3s avg_ret=213.2s avg_lap=480.2s best_lap=462.6
t=4373.7 route=6 laps=10 crashes=1 avg_out=145.2s avg_ret=125.8s avg_lap=283.1s best_lap=271.2
t=4373.7 route=7 laps=10 crashes=0 avg_out=162.8s avg_ret=125.1s avg_lap=300.3s best_lap=291.9
t=4373.7 route=8 laps=10 crashes=0 avg_out=166.9s avg_ret=143.6s avg_lap=322.5s best_lap=313.7
t=4373.7 TOTAL laps=78 crashes=3
t=4373.7 TUNER gen=1 results=17/64 pending=8 active=8 remaining=47 next_trial=90 rounds=[4,3,3,3,2,4,3,3]
t=4399.4 LAP_CAPTURE craft=Aircraft_11_nav_r5_80 route=5 return=215.7s lap=485.3s carrier_dist=200m t=4399.4
t=4403.7 ==== SUMMARY t=4403.7 ====
t=4403.7 route=1 laps=11 crashes=0 avg_out=148.0s avg_ret=136.4s avg_lap=296.5s best_lap=283.8
t=4403.7 route=2 laps=9 crashes=1 avg_out=178.5s avg_ret=204.9s avg_lap=395.6s best_lap=383.2
t=4403.7 route=3 laps=10 crashes=0 avg_out=215.7s avg_ret=239.8s avg_lap=467.6s best_lap=455.5
t=4403.7 route=4 laps=9 crashes=1 avg_out=174.6s avg_ret=138.2s avg_lap=324.1s best_lap=306.5
t=4403.7 route=5 laps=10 crashes=0 avg_out=255.3s avg_ret=213.4s avg_lap=480.7s best_lap=462.6
t=4403.7 route=6 laps=10 crashes=1 avg_out=145.2s avg_ret=125.8s avg_lap=283.1s best_lap=271.2
t=4403.7 route=7 laps=10 crashes=0 avg_out=162.8s avg_ret=125.1s avg_lap=300.3s best_lap=291.9
t=4403.7 route=8 laps=10 crashes=0 avg_out=166.9s avg_ret=143.6s avg_lap=322.5s best_lap=313.7
t=4403.7 TOTAL laps=79 crashes=3
t=4403.7 TUNER gen=1 results=18/64 pending=7 active=7 remaining=46 next_trial=90 rounds=[4,3,3,3,2,4,3,3]
t=4407.4 LAP_CAPTURE craft=Aircraft_11_nav_r4_83 route=4 return=138.3s lap=327.7s carrier_dist=200m t=4407.4
t=4413.8 LAP_CAPTURE craft=Aircraft_11_nav_r7_84 route=7 return=123.6s lap=294.0s carrier_dist=200m t=4413.8
t=4415.9 LAUNCH_BLOCKED reason=deck_busy active=6 stored=1 no_active_s=0.0 state=AIRCRAFT_ON_DECK tractor_cleanup=false elevator_transfer=false deck=Aircraft_11_nav_r5_90 pending=none clearance=none queue=0
t=4416.1 SPAWN craft=Aircraft_11_nav_r5_90 route=5 candidate=7 trial=90 t=4416.1
t=4430.9 LAUNCH_BLOCKED reason=deck_busy active=7 stored=1 no_active_s=0.0 state=AIRCRAFT_ON_DECK tractor_cleanup=false elevator_transfer=true deck=Aircraft_11_nav_r4_91 pending=none clearance=none queue=0
t=4433.7 ==== SUMMARY t=4433.7 ====
t=4433.7 route=1 laps=11 crashes=0 avg_out=148.0s avg_ret=136.4s avg_lap=296.5s best_lap=283.8
t=4433.7 route=2 laps=9 crashes=1 avg_out=178.5s avg_ret=204.9s avg_lap=395.6s best_lap=383.2
t=4433.7 route=3 laps=10 crashes=0 avg_out=215.7s avg_ret=239.8s avg_lap=467.6s best_lap=455.5
t=4433.7 route=4 laps=10 crashes=1 avg_out=174.6s avg_ret=138.2s avg_lap=324.5s best_lap=306.5
t=4433.7 route=5 laps=10 crashes=0 avg_out=255.3s avg_ret=213.4s avg_lap=480.7s best_lap=462.6
t=4433.8 route=6 laps=10 crashes=1 avg_out=145.2s avg_ret=125.8s avg_lap=283.1s best_lap=271.2
t=4433.8 route=7 laps=11 crashes=0 avg_out=162.8s avg_ret=125.0s avg_lap=299.8s best_lap=291.9
t=4433.8 route=8 laps=10 crashes=0 avg_out=166.9s avg_ret=143.6s avg_lap=322.5s best_lap=313.7
t=4433.8 TOTAL laps=81 crashes=3
t=4433.8 TUNER gen=1 results=20/64 pending=7 active=7 remaining=44 next_trial=92 rounds=[4,3,3,4,3,4,3,3]
t=4435.7 LZ_REACHED craft=Aircraft_11_nav_r1_87 route=1 outbound=145.1s t=4435.7
t=4436.2 SPAWN craft=Aircraft_11_nav_r4_91 route=4 candidate=7 trial=91 t=4436.2
t=4456.3 SPAWN craft=Aircraft_11_nav_r7_92 route=7 candidate=2 trial=92 t=4456.3
t=4463.7 ==== SUMMARY t=4463.7 ====
t=4463.8 route=1 laps=11 crashes=0 avg_out=147.8s avg_ret=136.4s avg_lap=296.5s best_lap=283.8
t=4463.8 route=2 laps=9 crashes=1 avg_out=178.5s avg_ret=204.9s avg_lap=395.6s best_lap=383.2
t=4463.8 route=3 laps=10 crashes=0 avg_out=215.7s avg_ret=239.8s avg_lap=467.6s best_lap=455.5
t=4463.8 route=4 laps=10 crashes=1 avg_out=174.6s avg_ret=138.2s avg_lap=324.5s best_lap=306.5
t=4463.8 route=5 laps=10 crashes=0 avg_out=255.3s avg_ret=213.4s avg_lap=480.7s best_lap=462.6
t=4463.8 route=6 laps=10 crashes=1 avg_out=145.2s avg_ret=125.8s avg_lap=283.1s best_lap=271.2
t=4463.8 route=7 laps=11 crashes=0 avg_out=162.8s avg_ret=125.0s avg_lap=299.8s best_lap=291.9
t=4463.8 route=8 laps=10 crashes=0 avg_out=166.9s avg_ret=143.6s avg_lap=322.5s best_lap=313.7
t=4463.8 TOTAL laps=81 crashes=3
t=4463.8 TUNER gen=1 results=20/64 pending=8 active=8 remaining=44 next_trial=93 rounds=[4,3,3,4,3,4,4,3]
t=4488.9 LAP_CAPTURE craft=Aircraft_11_nav_r8_85 route=8 return=135.1s lap=313.9s carrier_dist=200m t=4488.9
t=4493.8 ==== SUMMARY t=4493.8 ====
t=4493.8 route=1 laps=11 crashes=0 avg_out=147.8s avg_ret=136.4s avg_lap=296.5s best_lap=283.8
t=4493.8 route=2 laps=9 crashes=1 avg_out=178.5s avg_ret=204.9s avg_lap=395.6s best_lap=383.2
t=4493.8 route=3 laps=10 crashes=0 avg_out=215.7s avg_ret=239.8s avg_lap=467.6s best_lap=455.5
t=4493.8 route=4 laps=10 crashes=1 avg_out=174.6s avg_ret=138.2s avg_lap=324.5s best_lap=306.5
t=4493.8 route=5 laps=10 crashes=0 avg_out=255.3s avg_ret=213.4s avg_lap=480.7s best_lap=462.6
t=4493.8 route=6 laps=10 crashes=1 avg_out=145.2s avg_ret=125.8s avg_lap=283.1s best_lap=271.2
t=4493.8 route=7 laps=11 crashes=0 avg_out=162.8s avg_ret=125.0s avg_lap=299.8s best_lap=291.9
t=4493.8 route=8 laps=11 crashes=0 avg_out=166.9s avg_ret=142.8s avg_lap=321.7s best_lap=313.7
t=4493.8 TOTAL laps=82 crashes=3
t=4493.8 TUNER gen=1 results=21/64 pending=7 active=7 remaining=43 next_trial=93 rounds=[4,3,3,4,3,4,4,3]
t=4501.1 LZ_REACHED craft=Aircraft_11_nav_r6_89 route=6 outbound=140.3s t=4501.1
t=4506.4 SPAWN craft=Aircraft_11_nav_r8_93 route=8 candidate=3 trial=93 t=4506.4
t=4523.8 ==== SUMMARY t=4523.8 ====
t=4523.8 route=1 laps=11 crashes=0 avg_out=147.8s avg_ret=136.4s avg_lap=296.5s best_lap=283.8
t=4523.8 route=2 laps=9 crashes=1 avg_out=178.5s avg_ret=204.9s avg_lap=395.6s best_lap=383.2
t=4523.8 route=3 laps=10 crashes=0 avg_out=215.7s avg_ret=239.8s avg_lap=467.6s best_lap=455.5
t=4523.8 route=4 laps=10 crashes=1 avg_out=174.6s avg_ret=138.2s avg_lap=324.5s best_lap=306.5
t=4523.8 route=5 laps=10 crashes=0 avg_out=255.3s avg_ret=213.4s avg_lap=480.7s best_lap=462.6
t=4523.8 route=6 laps=10 crashes=1 avg_out=144.8s avg_ret=125.8s avg_lap=283.1s best_lap=271.2
t=4523.8 route=7 laps=11 crashes=0 avg_out=162.8s avg_ret=125.0s avg_lap=299.8s best_lap=291.9
t=4523.8 route=8 laps=11 crashes=0 avg_out=166.9s avg_ret=142.8s avg_lap=321.7s best_lap=313.7
t=4523.8 TOTAL laps=82 crashes=3
t=4523.8 TUNER gen=1 results=21/64 pending=8 active=8 remaining=43 next_trial=94 rounds=[4,3,3,4,3,4,4,4]
t=4548.6 LZ_REACHED craft=Aircraft_11_nav_r3_88 route=3 outbound=207.9s t=4548.6
t=4553.8 ==== SUMMARY t=4553.8 ====
t=4553.8 route=1 laps=11 crashes=0 avg_out=147.8s avg_ret=136.4s avg_lap=296.5s best_lap=283.8
t=4553.8 route=2 laps=9 crashes=1 avg_out=178.5s avg_ret=204.9s avg_lap=395.6s best_lap=383.2
t=4553.8 route=3 laps=10 crashes=0 avg_out=215.0s avg_ret=239.8s avg_lap=467.6s best_lap=455.5
t=4553.8 route=4 laps=10 crashes=1 avg_out=174.6s avg_ret=138.2s avg_lap=324.5s best_lap=306.5
t=4553.8 route=5 laps=10 crashes=0 avg_out=255.3s avg_ret=213.4s avg_lap=480.7s best_lap=462.6
t=4553.8 route=6 laps=10 crashes=1 avg_out=144.8s avg_ret=125.8s avg_lap=283.1s best_lap=271.2
t=4553.8 route=7 laps=11 crashes=0 avg_out=162.8s avg_ret=125.0s avg_lap=299.8s best_lap=291.9
t=4553.8 route=8 laps=11 crashes=0 avg_out=166.9s avg_ret=142.8s avg_lap=321.7s best_lap=313.7
t=4553.8 TOTAL laps=82 crashes=3
t=4553.8 TUNER gen=1 results=21/64 pending=8 active=8 remaining=43 next_trial=94 rounds=[4,3,3,4,3,4,4,4]
t=4571.3 LAP_CAPTURE craft=Aircraft_11_nav_r1_87 route=1 return=123.6s lap=280.7s carrier_dist=200m t=4571.3
t=4577.7 LAP_CAPTURE craft=Aircraft_11_nav_r2_86 route=2 return=193.3s lap=382.5s carrier_dist=200m t=4577.6
t=4583.8 ==== SUMMARY t=4583.8 ====
t=4583.8 route=1 laps=12 crashes=0 avg_out=147.8s avg_ret=135.3s avg_lap=295.1s best_lap=280.7
t=4583.8 route=2 laps=10 crashes=1 avg_out=178.5s avg_ret=203.8s avg_lap=394.3s best_lap=382.5
t=4583.8 route=3 laps=10 crashes=0 avg_out=215.0s avg_ret=239.8s avg_lap=467.6s best_lap=455.5
t=4583.8 route=4 laps=10 crashes=1 avg_out=174.6s avg_ret=138.2s avg_lap=324.5s best_lap=306.5
t=4583.8 route=5 laps=10 crashes=0 avg_out=255.3s avg_ret=213.4s avg_lap=480.7s best_lap=462.6
t=4583.9 route=6 laps=10 crashes=1 avg_out=144.8s avg_ret=125.8s avg_lap=283.1s best_lap=271.2
t=4583.9 route=7 laps=11 crashes=0 avg_out=162.8s avg_ret=125.0s avg_lap=299.8s best_lap=291.9
t=4583.9 route=8 laps=11 crashes=0 avg_out=166.9s avg_ret=142.8s avg_lap=321.7s best_lap=313.7
t=4583.9 TOTAL laps=84 crashes=3
t=4583.9 TUNER gen=1 results=23/64 pending=7 active=7 remaining=41 next_trial=95 rounds=[5,3,3,4,3,4,4,4]
t=4586.5 LAUNCH_BLOCKED reason=deck_busy active=7 stored=1 no_active_s=0.0 state=AIRCRAFT_ON_DECK tractor_cleanup=false elevator_transfer=false deck=Aircraft_11_nav_r1_94 pending=none clearance=none queue=0
t=4586.7 SPAWN craft=Aircraft_11_nav_r1_94 route=1 candidate=5 trial=94 t=4586.7
t=4606.8 SPAWN craft=Aircraft_11_nav_r2_95 route=2 candidate=5 trial=95 t=4606.8
t=4611.8 LZ_REACHED craft=Aircraft_11_nav_r4_91 route=4 outbound=175.7s t=4611.8
t=4613.9 ==== SUMMARY t=4613.9 ====
t=4613.9 route=1 laps=12 crashes=0 avg_out=147.8s avg_ret=135.3s avg_lap=295.1s best_lap=280.7
t=4613.9 route=2 laps=10 crashes=1 avg_out=178.5s avg_ret=203.8s avg_lap=394.3s best_lap=382.5
t=4613.9 route=3 laps=10 crashes=0 avg_out=215.0s avg_ret=239.8s avg_lap=467.6s best_lap=455.5
t=4613.9 route=4 laps=10 crashes=1 avg_out=174.7s avg_ret=138.2s avg_lap=324.5s best_lap=306.5
t=4613.9 route=5 laps=10 crashes=0 avg_out=255.3s avg_ret=213.4s avg_lap=480.7s best_lap=462.6
t=4613.9 route=6 laps=10 crashes=1 avg_out=144.8s avg_ret=125.8s avg_lap=283.1s best_lap=271.2
t=4613.9 route=7 laps=11 crashes=0 avg_out=162.8s avg_ret=125.0s avg_lap=299.8s best_lap=291.9
t=4613.9 route=8 laps=11 crashes=0 avg_out=166.9s avg_ret=142.8s avg_lap=321.7s best_lap=313.7
t=4613.9 TOTAL laps=84 crashes=3
t=4613.9 TUNER gen=1 results=23/64 pending=8 active=8 remaining=41 next_trial=96 rounds=[5,4,3,4,3,4,4,4]
t=4617.0 LZ_REACHED craft=Aircraft_11_nav_r7_92 route=7 outbound=160.7s t=4617.0
t=4637.1 LAP_CAPTURE craft=Aircraft_11_nav_r6_89 route=6 return=124.1s lap=276.3s carrier_dist=200m t=4637.1
t=4643.9 ==== SUMMARY t=4643.9 ====
t=4643.9 route=1 laps=12 crashes=0 avg_out=147.8s avg_ret=135.3s avg_lap=295.1s best_lap=280.7
t=4643.9 route=2 laps=10 crashes=1 avg_out=178.5s avg_ret=203.8s avg_lap=394.3s best_lap=382.5
t=4643.9 route=3 laps=10 crashes=0 avg_out=215.0s avg_ret=239.8s avg_lap=467.6s best_lap=455.5
t=4643.9 route=4 laps=10 crashes=1 avg_out=174.7s avg_ret=138.2s avg_lap=324.5s best_lap=306.5
t=4643.9 route=5 laps=10 crashes=0 avg_out=255.3s avg_ret=213.4s avg_lap=480.7s best_lap=462.6
t=4643.9 route=6 laps=11 crashes=1 avg_out=144.8s avg_ret=125.7s avg_lap=282.5s best_lap=271.2
t=4643.9 route=7 laps=11 crashes=0 avg_out=162.6s avg_ret=125.0s avg_lap=299.8s best_lap=291.9
t=4643.9 route=8 laps=11 crashes=0 avg_out=166.9s avg_ret=142.8s avg_lap=321.7s best_lap=313.7
t=4643.9 TOTAL laps=85 crashes=3
t=4643.9 TUNER gen=1 results=24/64 pending=7 active=7 remaining=40 next_trial=96 rounds=[5,4,3,4,3,4,4,4]
t=4656.9 SPAWN craft=Aircraft_11_nav_r6_96 route=6 candidate=2 trial=96 t=4656.9
t=4670.4 LZ_REACHED craft=Aircraft_11_nav_r5_90 route=5 outbound=254.3s t=4670.4
t=4671.0 LZ_REACHED craft=Aircraft_11_nav_r8_93 route=8 outbound=164.7s t=4671.0
t=4673.9 ==== SUMMARY t=4673.9 ====
t=4673.9 route=1 laps=12 crashes=0 avg_out=147.8s avg_ret=135.3s avg_lap=295.1s best_lap=280.7
t=4673.9 route=2 laps=10 crashes=1 avg_out=178.5s avg_ret=203.8s avg_lap=394.3s best_lap=382.5
t=4673.9 route=3 laps=10 crashes=0 avg_out=215.0s avg_ret=239.8s avg_lap=467.6s best_lap=455.5
t=4673.9 route=4 laps=10 crashes=1 avg_out=174.7s avg_ret=138.2s avg_lap=324.5s best_lap=306.5
t=4673.9 route=5 laps=10 crashes=0 avg_out=255.2s avg_ret=213.4s avg_lap=480.7s best_lap=462.6
t=4673.9 route=6 laps=11 crashes=1 avg_out=144.8s avg_ret=125.7s avg_lap=282.5s best_lap=271.2
t=4673.9 route=7 laps=11 crashes=0 avg_out=162.6s avg_ret=125.0s avg_lap=299.8s best_lap=291.9
t=4673.9 route=8 laps=11 crashes=0 avg_out=166.7s avg_ret=142.8s avg_lap=321.7s best_lap=313.7
t=4673.9 TOTAL laps=85 crashes=3
t=4673.9 TUNER gen=1 results=24/64 pending=8 active=8 remaining=40 next_trial=97 rounds=[5,4,3,4,3,5,4,4]
t=4704.0 ==== SUMMARY t=4704.0 ====
t=4704.0 route=1 laps=12 crashes=0 avg_out=147.8s avg_ret=135.3s avg_lap=295.1s best_lap=280.7
t=4704.0 route=2 laps=10 crashes=1 avg_out=178.5s avg_ret=203.8s avg_lap=394.3s best_lap=382.5
t=4704.0 route=3 laps=10 crashes=0 avg_out=215.0s avg_ret=239.8s avg_lap=467.6s best_lap=455.5
t=4704.0 route=4 laps=10 crashes=1 avg_out=174.7s avg_ret=138.2s avg_lap=324.5s best_lap=306.5
t=4704.0 route=5 laps=10 crashes=0 avg_out=255.2s avg_ret=213.4s avg_lap=480.7s best_lap=462.6
t=4704.0 route=6 laps=11 crashes=1 avg_out=144.8s avg_ret=125.7s avg_lap=282.5s best_lap=271.2
t=4704.0 route=7 laps=11 crashes=0 avg_out=162.6s avg_ret=125.0s avg_lap=299.8s best_lap=291.9
t=4704.0 route=8 laps=11 crashes=0 avg_out=166.7s avg_ret=142.8s avg_lap=321.7s best_lap=313.7
t=4704.0 TOTAL laps=85 crashes=3
t=4704.1 TUNER gen=1 results=24/64 pending=8 active=8 remaining=40 next_trial=97 rounds=[5,4,3,4,3,5,4,4]
t=4725.3 LZ_REACHED craft=Aircraft_11_nav_r1_94 route=1 outbound=138.6s t=4725.3
t=4734.0 ==== SUMMARY t=4734.0 ====
t=4734.0 route=1 laps=12 crashes=0 avg_out=147.1s avg_ret=135.3s avg_lap=295.1s best_lap=280.7
t=4734.0 route=2 laps=10 crashes=1 avg_out=178.5s avg_ret=203.8s avg_lap=394.3s best_lap=382.5
t=4734.0 route=3 laps=10 crashes=0 avg_out=215.0s avg_ret=239.8s avg_lap=467.6s best_lap=455.5
t=4734.1 route=4 laps=10 crashes=1 avg_out=174.7s avg_ret=138.2s avg_lap=324.5s best_lap=306.5
t=4734.1 route=5 laps=10 crashes=0 avg_out=255.2s avg_ret=213.4s avg_lap=480.7s best_lap=462.6
t=4734.1 route=6 laps=11 crashes=1 avg_out=144.8s avg_ret=125.7s avg_lap=282.5s best_lap=271.2
t=4734.1 route=7 laps=11 crashes=0 avg_out=162.6s avg_ret=125.0s avg_lap=299.8s best_lap=291.9
t=4734.1 route=8 laps=11 crashes=0 avg_out=166.7s avg_ret=142.8s avg_lap=321.7s best_lap=313.7
t=4734.1 TOTAL laps=85 crashes=3
t=4734.1 TUNER gen=1 results=24/64 pending=8 active=8 remaining=40 next_trial=97 rounds=[5,4,3,4,3,5,4,4]
t=4753.5 LAP_CAPTURE craft=Aircraft_11_nav_r7_92 route=7 return=124.5s lap=297.2s carrier_dist=200m t=4753.5
t=4761.9 LAP_CAPTURE craft=Aircraft_11_nav_r4_91 route=4 return=138.1s lap=325.7s carrier_dist=200m t=4761.9
t=4764.0 ==== SUMMARY t=4764.0 ====
t=4764.0 route=1 laps=12 crashes=0 avg_out=147.1s avg_ret=135.3s avg_lap=295.1s best_lap=280.7
t=4764.0 route=2 laps=10 crashes=1 avg_out=178.5s avg_ret=203.8s avg_lap=394.3s best_lap=382.5
t=4764.0 route=3 laps=10 crashes=0 avg_out=215.0s avg_ret=239.8s avg_lap=467.6s best_lap=455.5
t=4764.1 route=4 laps=11 crashes=1 avg_out=174.7s avg_ret=138.2s avg_lap=324.6s best_lap=306.5
t=4764.1 route=5 laps=10 crashes=0 avg_out=255.2s avg_ret=213.4s avg_lap=480.7s best_lap=462.6
t=4764.1 route=6 laps=11 crashes=1 avg_out=144.8s avg_ret=125.7s avg_lap=282.5s best_lap=271.2
t=4764.1 route=7 laps=12 crashes=0 avg_out=162.6s avg_ret=125.0s avg_lap=299.5s best_lap=291.9
t=4764.1 route=8 laps=11 crashes=0 avg_out=166.7s avg_ret=142.8s avg_lap=321.7s best_lap=313.7
t=4764.1 TOTAL laps=87 crashes=3
t=4764.1 TUNER gen=1 results=26/64 pending=6 active=6 remaining=38 next_trial=97 rounds=[5,4,3,4,3,5,4,4]
t=4767.2 LAUNCH_BLOCKED reason=deck_busy active=7 stored=1 no_active_s=0.0 state=AIRCRAFT_ON_DECK tractor_cleanup=false elevator_transfer=true deck=Aircraft_11_nav_r7_97 pending=none clearance=none queue=0
t=4772.4 SPAWN craft=Aircraft_11_nav_r7_97 route=7 candidate=3 trial=97 t=4772.4
t=4781.2 LZ_REACHED craft=Aircraft_11_nav_r2_95 route=2 outbound=174.4s t=4781.2
t=4792.5 SPAWN craft=Aircraft_11_nav_r4_98 route=4 candidate=8 trial=98 t=4792.5
t=4794.1 ==== SUMMARY t=4794.1 ====
t=4794.1 route=1 laps=12 crashes=0 avg_out=147.1s avg_ret=135.3s avg_lap=295.1s best_lap=280.7
t=4794.1 route=2 laps=10 crashes=1 avg_out=178.1s avg_ret=203.8s avg_lap=394.3s best_lap=382.5
t=4794.1 route=3 laps=10 crashes=0 avg_out=215.0s avg_ret=239.8s avg_lap=467.6s best_lap=455.5
t=4794.1 route=4 laps=11 crashes=1 avg_out=174.7s avg_ret=138.2s avg_lap=324.6s best_lap=306.5
t=4794.1 route=5 laps=10 crashes=0 avg_out=255.2s avg_ret=213.4s avg_lap=480.7s best_lap=462.6
t=4794.1 route=6 laps=11 crashes=1 avg_out=144.8s avg_ret=125.7s avg_lap=282.5s best_lap=271.2
t=4794.1 route=7 laps=12 crashes=0 avg_out=162.6s avg_ret=125.0s avg_lap=299.5s best_lap=291.9
t=4794.1 route=8 laps=11 crashes=0 avg_out=166.7s avg_ret=142.8s avg_lap=321.7s best_lap=313.7
t=4794.1 TOTAL laps=87 crashes=3
t=4794.1 TUNER gen=1 results=26/64 pending=8 active=8 remaining=38 next_trial=99 rounds=[5,4,3,5,3,5,5,4]
t=4797.7 LAP_CAPTURE craft=Aircraft_11_nav_r3_88 route=3 return=237.1s lap=456.9s carrier_dist=200m t=4797.7
t=4803.2 LZ_REACHED craft=Aircraft_11_nav_r6_96 route=6 outbound=146.3s t=4803.2
t=4817.5 SPAWN craft=Aircraft_11_nav_r3_99 route=3 candidate=6 trial=99 t=4817.5
t=4824.1 ==== SUMMARY t=4824.1 ====
t=4824.1 route=1 laps=12 crashes=0 avg_out=147.1s avg_ret=135.3s avg_lap=295.1s best_lap=280.7
t=4824.1 route=2 laps=10 crashes=1 avg_out=178.1s avg_ret=203.8s avg_lap=394.3s best_lap=382.5
t=4824.1 route=3 laps=11 crashes=0 avg_out=215.0s avg_ret=239.6s avg_lap=466.6s best_lap=455.5
t=4824.1 route=4 laps=11 crashes=1 avg_out=174.7s avg_ret=138.2s avg_lap=324.6s best_lap=306.5
t=4824.1 route=5 laps=10 crashes=0 avg_out=255.2s avg_ret=213.4s avg_lap=480.7s best_lap=462.6
t=4824.1 route=6 laps=11 crashes=1 avg_out=144.9s avg_ret=125.7s avg_lap=282.5s best_lap=271.2
t=4824.1 route=7 laps=12 crashes=0 avg_out=162.6s avg_ret=125.0s avg_lap=299.5s best_lap=291.9
t=4824.1 route=8 laps=11 crashes=0 avg_out=166.7s avg_ret=142.8s avg_lap=321.7s best_lap=313.7
t=4824.2 TOTAL laps=88 crashes=3
t=4824.2 TUNER gen=1 results=27/64 pending=8 active=8 remaining=37 next_trial=100 rounds=[5,4,4,5,3,5,5,4]
t=4830.8 LAP_CAPTURE craft=Aircraft_11_nav_r8_93 route=8 return=147.8s lap=324.4s carrier_dist=200m t=4830.8
t=4847.7 SPAWN craft=Aircraft_11_nav_r8_100 route=8 candidate=4 trial=100 t=4847.7
t=4854.1 ==== SUMMARY t=4854.1 ====
t=4854.1 route=1 laps=12 crashes=0 avg_out=147.1s avg_ret=135.3s avg_lap=295.1s best_lap=280.7
t=4854.1 route=2 laps=10 crashes=1 avg_out=178.1s avg_ret=203.8s avg_lap=394.3s best_lap=382.5
t=4854.2 route=3 laps=11 crashes=0 avg_out=215.0s avg_ret=239.6s avg_lap=466.6s best_lap=455.5
t=4854.2 route=4 laps=11 crashes=1 avg_out=174.7s avg_ret=138.2s avg_lap=324.6s best_lap=306.5
t=4854.2 route=5 laps=10 crashes=0 avg_out=255.2s avg_ret=213.4s avg_lap=480.7s best_lap=462.6
t=4854.2 route=6 laps=11 crashes=1 avg_out=144.9s avg_ret=125.7s avg_lap=282.5s best_lap=271.2
t=4854.2 route=7 laps=12 crashes=0 avg_out=162.6s avg_ret=125.0s avg_lap=299.5s best_lap=291.9
t=4854.2 route=8 laps=12 crashes=0 avg_out=166.7s avg_ret=143.2s avg_lap=322.0s best_lap=313.7
t=4854.2 TOTAL laps=89 crashes=3
t=4854.2 TUNER gen=1 results=28/64 pending=8 active=8 remaining=36 next_trial=101 rounds=[5,4,4,5,3,5,5,5]
t=4867.8 LAP_CAPTURE craft=Aircraft_11_nav_r1_94 route=1 return=130.4s lap=281.0s carrier_dist=200m t=4867.8
t=4884.1 ==== SUMMARY t=4884.1 ====
t=4884.1 route=1 laps=13 crashes=0 avg_out=147.1s avg_ret=135.0s avg_lap=294.1s best_lap=280.7
t=4884.2 route=2 laps=10 crashes=1 avg_out=178.1s avg_ret=203.8s avg_lap=394.3s best_lap=382.5
t=4884.2 route=3 laps=11 crashes=0 avg_out=215.0s avg_ret=239.6s avg_lap=466.6s best_lap=455.5
t=4884.2 route=4 laps=11 crashes=1 avg_out=174.7s avg_ret=138.2s avg_lap=324.6s best_lap=306.5
t=4884.2 route=5 laps=10 crashes=0 avg_out=255.2s avg_ret=213.4s avg_lap=480.7s best_lap=462.6
t=4884.2 route=6 laps=11 crashes=1 avg_out=144.9s avg_ret=125.7s avg_lap=282.5s best_lap=271.2
t=4884.2 route=7 laps=12 crashes=0 avg_out=162.6s avg_ret=125.0s avg_lap=299.5s best_lap=291.9
t=4884.2 route=8 laps=12 crashes=0 avg_out=166.7s avg_ret=143.2s avg_lap=322.0s best_lap=313.7
t=4884.2 TOTAL laps=90 crashes=3
t=4884.2 TUNER gen=1 results=29/64 pending=8 active=8 remaining=35 next_trial=102 rounds=[6,4,4,5,3,5,5,5]
t=4887.9 SPAWN craft=Aircraft_11_nav_r1_101 route=1 candidate=6 trial=101 t=4887.9
t=4898.1 LAP_CAPTURE craft=Aircraft_11_nav_r5_90 route=5 return=215.7s lap=482.0s carrier_dist=200m t=4898.1
t=4914.2 ==== SUMMARY t=4914.2 ====
t=4914.2 route=1 laps=13 crashes=0 avg_out=147.1s avg_ret=135.0s avg_lap=294.1s best_lap=280.7
t=4914.2 route=2 laps=10 crashes=1 avg_out=178.1s avg_ret=203.8s avg_lap=394.3s best_lap=382.5
t=4914.2 route=3 laps=11 crashes=0 avg_out=215.0s avg_ret=239.6s avg_lap=466.6s best_lap=455.5
t=4914.2 route=4 laps=11 crashes=1 avg_out=174.7s avg_ret=138.2s avg_lap=324.6s best_lap=306.5
t=4914.3 route=5 laps=11 crashes=0 avg_out=255.2s avg_ret=213.6s avg_lap=480.9s best_lap=462.6
t=4914.3 route=6 laps=11 crashes=1 avg_out=144.9s avg_ret=125.7s avg_lap=282.5s best_lap=271.2
t=4914.3 route=7 laps=12 crashes=0 avg_out=162.6s avg_ret=125.0s avg_lap=299.5s best_lap=291.9
t=4914.3 route=8 laps=12 crashes=0 avg_out=166.7s avg_ret=143.2s avg_lap=322.0s best_lap=313.7
t=4914.3 TOTAL laps=91 crashes=3
t=4914.3 TUNER gen=1 results=30/64 pending=8 active=8 remaining=34 next_trial=103 rounds=[6,4,4,5,4,5,5,5]
t=4918.0 SPAWN craft=Aircraft_11_nav_r5_102 route=5 candidate=8 trial=102 t=4918.0
t=4929.8 LZ_REACHED craft=Aircraft_11_nav_r7_97 route=7 outbound=157.4s t=4929.8
t=4941.3 LAP_CAPTURE craft=Aircraft_11_nav_r6_96 route=6 return=126.1s lap=284.4s carrier_dist=200m t=4941.3
t=4944.3 ==== SUMMARY t=4944.3 ====
t=4944.3 route=1 laps=13 crashes=0 avg_out=147.1s avg_ret=135.0s avg_lap=294.1s best_lap=280.7
t=4944.3 route=2 laps=10 crashes=1 avg_out=178.1s avg_ret=203.8s avg_lap=394.3s best_lap=382.5
t=4944.3 route=3 laps=11 crashes=0 avg_out=215.0s avg_ret=239.6s avg_lap=466.6s best_lap=455.5
t=4944.3 route=4 laps=11 crashes=1 avg_out=174.7s avg_ret=138.2s avg_lap=324.6s best_lap=306.5
t=4944.3 route=5 laps=11 crashes=0 avg_out=255.2s avg_ret=213.6s avg_lap=480.9s best_lap=462.6
t=4944.3 route=6 laps=12 crashes=1 avg_out=144.9s avg_ret=125.7s avg_lap=282.6s best_lap=271.2
t=4944.3 route=7 laps=12 crashes=0 avg_out=162.2s avg_ret=125.0s avg_lap=299.5s best_lap=291.9
t=4944.3 route=8 laps=12 crashes=0 avg_out=166.7s avg_ret=143.2s avg_lap=322.0s best_lap=313.7
t=4944.3 TOTAL laps=92 crashes=3
t=4944.4 TUNER gen=1 results=31/64 pending=7 active=7 remaining=33 next_trial=103 rounds=[6,4,4,5,4,5,5,5]
t=4958.3 SPAWN craft=Aircraft_11_nav_r6_103 route=6 candidate=3 trial=103 t=4958.2
t=4960.4 LZ_REACHED craft=Aircraft_11_nav_r4_98 route=4 outbound=167.9s t=4960.4
t=4974.3 ==== SUMMARY t=4974.3 ====
t=4974.3 route=1 laps=13 crashes=0 avg_out=147.1s avg_ret=135.0s avg_lap=294.1s best_lap=280.7
t=4974.4 route=2 laps=10 crashes=1 avg_out=178.1s avg_ret=203.8s avg_lap=394.3s best_lap=382.5
t=4974.4 route=3 laps=11 crashes=0 avg_out=215.0s avg_ret=239.6s avg_lap=466.6s best_lap=455.5
t=4974.4 route=4 laps=11 crashes=1 avg_out=174.2s avg_ret=138.2s avg_lap=324.6s best_lap=306.5
t=4974.4 route=5 laps=11 crashes=0 avg_out=255.2s avg_ret=213.6s avg_lap=480.9s best_lap=462.6
t=4974.4 route=6 laps=12 crashes=1 avg_out=144.9s avg_ret=125.7s avg_lap=282.6s best_lap=271.2
t=4974.4 route=7 laps=12 crashes=0 avg_out=162.2s avg_ret=125.0s avg_lap=299.5s best_lap=291.9
t=4974.4 route=8 laps=12 crashes=0 avg_out=166.7s avg_ret=143.2s avg_lap=322.0s best_lap=313.7
t=4974.4 TOTAL laps=92 crashes=3
t=4974.4 TUNER gen=1 results=31/64 pending=8 active=8 remaining=33 next_trial=104 rounds=[6,4,4,5,4,6,5,5]
t=4987.8 LAP_CAPTURE craft=Aircraft_11_nav_r2_95 route=2 return=194.6s lap=381.0s carrier_dist=200m t=4987.8
t=5003.4 SPAWN craft=Aircraft_11_nav_r2_104 route=2 candidate=6 trial=104 t=5003.4
t=5004.4 ==== SUMMARY t=5004.4 ====
t=5004.4 route=1 laps=13 crashes=0 avg_out=147.1s avg_ret=135.0s avg_lap=294.1s best_lap=280.7
t=5004.4 route=2 laps=11 crashes=1 avg_out=178.1s avg_ret=202.9s avg_lap=393.1s best_lap=381.0
t=5004.4 route=3 laps=11 crashes=0 avg_out=215.0s avg_ret=239.6s avg_lap=466.6s best_lap=455.5
t=5004.4 route=4 laps=11 crashes=1 avg_out=174.2s avg_ret=138.2s avg_lap=324.6s best_lap=306.5
t=5004.4 route=5 laps=11 crashes=0 avg_out=255.2s avg_ret=213.6s avg_lap=480.9s best_lap=462.6
t=5004.4 route=6 laps=12 crashes=1 avg_out=144.9s avg_ret=125.7s avg_lap=282.6s best_lap=271.2
t=5004.4 route=7 laps=12 crashes=0 avg_out=162.2s avg_ret=125.0s avg_lap=299.5s best_lap=291.9
t=5004.4 route=8 laps=12 crashes=0 avg_out=166.7s avg_ret=143.2s avg_lap=322.0s best_lap=313.7
t=5004.4 TOTAL laps=93 crashes=3
t=5004.4 TUNER gen=1 results=32/64 pending=8 active=8 remaining=32 next_trial=105 rounds=[6,5,4,5,4,6,5,5]
t=5013.7 LZ_REACHED craft=Aircraft_11_nav_r8_100 route=8 outbound=166.0s t=5013.7
t=5034.4 ==== SUMMARY t=5034.4 ====
t=5034.4 route=1 laps=13 crashes=0 avg_out=147.1s avg_ret=135.0s avg_lap=294.1s best_lap=280.7
t=5034.4 route=2 laps=11 crashes=1 avg_out=178.1s avg_ret=202.9s avg_lap=393.1s best_lap=381.0
t=5034.4 route=3 laps=11 crashes=0 avg_out=215.0s avg_ret=239.6s avg_lap=466.6s best_lap=455.5
t=5034.4 route=4 laps=11 crashes=1 avg_out=174.2s avg_ret=138.2s avg_lap=324.6s best_lap=306.5
t=5034.4 route=5 laps=11 crashes=0 avg_out=255.2s avg_ret=213.6s avg_lap=480.9s best_lap=462.6
t=5034.4 route=6 laps=12 crashes=1 avg_out=144.9s avg_ret=125.7s avg_lap=282.6s best_lap=271.2
t=5034.4 route=7 laps=12 crashes=0 avg_out=162.2s avg_ret=125.0s avg_lap=299.5s best_lap=291.9
t=5034.4 route=8 laps=12 crashes=0 avg_out=166.7s avg_ret=143.2s avg_lap=322.0s best_lap=313.7
t=5034.4 TOTAL laps=93 crashes=3
t=5034.4 TUNER gen=1 results=32/64 pending=8 active=8 remaining=32 next_trial=105 rounds=[6,5,4,5,4,6,5,5]
t=5035.0 LZ_REACHED craft=Aircraft_11_nav_r3_99 route=3 outbound=217.5s t=5035.0
t=5039.5 LZ_REACHED craft=Aircraft_11_nav_r1_101 route=1 outbound=151.6s t=5039.5
t=5064.4 ==== SUMMARY t=5064.4 ====
t=5064.5 route=1 laps=13 crashes=0 avg_out=147.4s avg_ret=135.0s avg_lap=294.1s best_lap=280.7
t=5064.5 route=2 laps=11 crashes=1 avg_out=178.1s avg_ret=202.9s avg_lap=393.1s best_lap=381.0
t=5064.5 route=3 laps=11 crashes=0 avg_out=215.2s avg_ret=239.6s avg_lap=466.6s best_lap=455.5
t=5064.5 route=4 laps=11 crashes=1 avg_out=174.2s avg_ret=138.2s avg_lap=324.6s best_lap=306.5
t=5064.5 route=5 laps=11 crashes=0 avg_out=255.2s avg_ret=213.6s avg_lap=480.9s best_lap=462.6
t=5064.5 route=6 laps=12 crashes=1 avg_out=144.9s avg_ret=125.7s avg_lap=282.6s best_lap=271.2
t=5064.5 route=7 laps=12 crashes=0 avg_out=162.2s avg_ret=125.0s avg_lap=299.5s best_lap=291.9
t=5064.5 route=8 laps=12 crashes=0 avg_out=166.7s avg_ret=143.2s avg_lap=322.0s best_lap=313.7
t=5064.5 TOTAL laps=93 crashes=3
t=5064.5 TUNER gen=1 results=32/64 pending=8 active=8 remaining=32 next_trial=105 rounds=[6,5,4,5,4,6,5,5]
t=5065.4 LAP_CAPTURE craft=Aircraft_11_nav_r7_97 route=7 return=123.6s lap=293.0s carrier_dist=200m t=5065.4
t=5083.8 SPAWN craft=Aircraft_11_nav_r7_105 route=7 candidate=4 trial=105 t=5083.8
t=5094.5 ==== SUMMARY t=5094.5 ====
t=5094.5 route=1 laps=13 crashes=0 avg_out=147.4s avg_ret=135.0s avg_lap=294.1s best_lap=280.7
t=5094.5 route=2 laps=11 crashes=1 avg_out=178.1s avg_ret=202.9s avg_lap=393.1s best_lap=381.0
t=5094.5 route=3 laps=11 crashes=0 avg_out=215.2s avg_ret=239.6s avg_lap=466.6s best_lap=455.5
t=5094.5 route=4 laps=11 crashes=1 avg_out=174.2s avg_ret=138.2s avg_lap=324.6s best_lap=306.5
t=5094.5 route=5 laps=11 crashes=0 avg_out=255.2s avg_ret=213.6s avg_lap=480.9s best_lap=462.6
t=5094.5 route=6 laps=12 crashes=1 avg_out=144.9s avg_ret=125.7s avg_lap=282.6s best_lap=271.2
t=5094.5 route=7 laps=13 crashes=0 avg_out=162.2s avg_ret=124.9s avg_lap=299.0s best_lap=291.9
t=5094.5 route=8 laps=12 crashes=0 avg_out=166.7s avg_ret=143.2s avg_lap=322.0s best_lap=313.7
t=5094.5 TOTAL laps=94 crashes=3
t=5094.5 TUNER gen=1 results=33/64 pending=8 active=8 remaining=31 next_trial=106 rounds=[6,5,4,5,4,6,6,5]
t=5096.5 LZ_REACHED craft=Aircraft_11_nav_r6_103 route=6 outbound=138.2s t=5096.5
t=5111.3 LAP_CAPTURE craft=Aircraft_11_nav_r4_98 route=4 return=138.9s lap=318.8s carrier_dist=200m t=5111.3
t=5124.6 ==== SUMMARY t=5124.6 ====
t=5124.6 route=1 laps=13 crashes=0 avg_out=147.4s avg_ret=135.0s avg_lap=294.1s best_lap=280.7
t=5124.6 route=2 laps=11 crashes=1 avg_out=178.1s avg_ret=202.9s avg_lap=393.1s best_lap=381.0
t=5124.6 route=3 laps=11 crashes=0 avg_out=215.2s avg_ret=239.6s avg_lap=466.6s best_lap=455.5
t=5124.6 route=4 laps=12 crashes=1 avg_out=174.2s avg_ret=138.2s avg_lap=324.1s best_lap=306.5
t=5124.6 route=5 laps=11 crashes=0 avg_out=255.2s avg_ret=213.6s avg_lap=480.9s best_lap=462.6
t=5124.6 route=6 laps=12 crashes=1 avg_out=144.4s avg_ret=125.7s avg_lap=282.6s best_lap=271.2
t=5124.6 route=7 laps=13 crashes=0 avg_out=162.2s avg_ret=124.9s avg_lap=299.0s best_lap=291.9
t=5124.6 route=8 laps=12 crashes=0 avg_out=166.7s avg_ret=143.2s avg_lap=322.0s best_lap=313.7
t=5124.6 TOTAL laps=95 crashes=3
t=5124.6 TUNER gen=1 results=34/64 pending=8 active=8 remaining=30 next_trial=107 rounds=[6,5,4,6,4,6,6,5]
t=5128.9 SPAWN craft=Aircraft_11_nav_r4_106 route=4 candidate=1 trial=106 t=5128.9
t=5154.6 ==== SUMMARY t=5154.6 ====
t=5154.6 route=1 laps=13 crashes=0 avg_out=147.4s avg_ret=135.0s avg_lap=294.1s best_lap=280.7
t=5154.6 route=2 laps=11 crashes=1 avg_out=178.1s avg_ret=202.9s avg_lap=393.1s best_lap=381.0
t=5154.6 route=3 laps=11 crashes=0 avg_out=215.2s avg_ret=239.6s avg_lap=466.6s best_lap=455.5
t=5154.6 route=4 laps=12 crashes=1 avg_out=174.2s avg_ret=138.2s avg_lap=324.1s best_lap=306.5
t=5154.6 route=5 laps=11 crashes=0 avg_out=255.2s avg_ret=213.6s avg_lap=480.9s best_lap=462.6
t=5154.6 route=6 laps=12 crashes=1 avg_out=144.4s avg_ret=125.7s avg_lap=282.6s best_lap=271.2
t=5154.6 route=7 laps=13 crashes=0 avg_out=162.2s avg_ret=124.9s avg_lap=299.0s best_lap=291.9
t=5154.6 route=8 laps=12 crashes=0 avg_out=166.7s avg_ret=143.2s avg_lap=322.0s best_lap=313.7
t=5154.6 TOTAL laps=95 crashes=3
t=5154.6 TUNER gen=1 results=34/64 pending=8 active=8 remaining=30 next_trial=107 rounds=[6,5,4,6,4,6,6,5]
t=5158.8 LAP_CAPTURE craft=Aircraft_11_nav_r8_100 route=8 return=133.2s lap=311.2s carrier_dist=200m t=5158.8
t=5169.3 LZ_REACHED craft=Aircraft_11_nav_r5_102 route=5 outbound=251.3s t=5169.3
t=5174.1 SPAWN craft=Aircraft_11_nav_r8_107 route=8 candidate=5 trial=107 t=5174.1
t=5182.7 LZ_REACHED craft=Aircraft_11_nav_r2_104 route=2 outbound=179.4s t=5182.7
t=5184.7 ==== SUMMARY t=5184.7 ====
t=5184.7 route=1 laps=13 crashes=0 avg_out=147.4s avg_ret=135.0s avg_lap=294.1s best_lap=280.7
t=5184.7 route=2 laps=11 crashes=1 avg_out=178.2s avg_ret=202.9s avg_lap=393.1s best_lap=381.0
t=5184.7 route=3 laps=11 crashes=0 avg_out=215.2s avg_ret=239.6s avg_lap=466.6s best_lap=455.5
t=5184.7 route=4 laps=12 crashes=1 avg_out=174.2s avg_ret=138.2s avg_lap=324.1s best_lap=306.5
t=5184.7 route=5 laps=11 crashes=0 avg_out=254.9s avg_ret=213.6s avg_lap=480.9s best_lap=462.6
t=5184.7 route=6 laps=12 crashes=1 avg_out=144.4s avg_ret=125.7s avg_lap=282.6s best_lap=271.2
t=5184.7 route=7 laps=13 crashes=0 avg_out=162.2s avg_ret=124.9s avg_lap=299.0s best_lap=291.9
t=5184.7 route=8 laps=13 crashes=0 avg_out=166.7s avg_ret=142.5s avg_lap=321.1s best_lap=311.2
t=5184.8 TOTAL laps=96 crashes=3
t=5184.8 TUNER gen=1 results=35/64 pending=8 active=8 remaining=29 next_trial=108 rounds=[6,5,4,6,4,6,6,6]
t=5188.2 LAP_CAPTURE craft=Aircraft_11_nav_r1_101 route=1 return=136.6s lap=300.3s carrier_dist=200m t=5188.2
t=5204.3 SPAWN craft=Aircraft_11_nav_r1_108 route=1 candidate=7 trial=108 t=5204.3
t=5214.7 ==== SUMMARY t=5214.7 ====
t=5214.7 route=1 laps=14 crashes=0 avg_out=147.4s avg_ret=135.1s avg_lap=294.5s best_lap=280.7
t=5214.7 route=2 laps=11 crashes=1 avg_out=178.2s avg_ret=202.9s avg_lap=393.1s best_lap=381.0
t=5214.8 route=3 laps=11 crashes=0 avg_out=215.2s avg_ret=239.6s avg_lap=466.6s best_lap=455.5
t=5214.8 route=4 laps=12 crashes=1 avg_out=174.2s avg_ret=138.2s avg_lap=324.1s best_lap=306.5
t=5214.8 route=5 laps=11 crashes=0 avg_out=254.9s avg_ret=213.6s avg_lap=480.9s best_lap=462.6
t=5214.8 route=6 laps=12 crashes=1 avg_out=144.4s avg_ret=125.7s avg_lap=282.6s best_lap=271.2
t=5214.8 route=7 laps=13 crashes=0 avg_out=162.2s avg_ret=124.9s avg_lap=299.0s best_lap=291.9
t=5214.8 route=8 laps=13 crashes=0 avg_out=166.7s avg_ret=142.5s avg_lap=321.1s best_lap=311.2
t=5214.8 TOTAL laps=97 crashes=3
t=5214.8 TUNER gen=1 results=36/64 pending=8 active=8 remaining=28 next_trial=109 rounds=[7,5,4,6,4,6,6,6]
t=5232.1 LAP_CAPTURE craft=Aircraft_11_nav_r6_103 route=6 return=123.6s lap=273.9s carrier_dist=200m t=5232.1
t=5242.5 LZ_REACHED craft=Aircraft_11_nav_r7_105 route=7 outbound=158.8s t=5242.5
t=5244.7 ==== SUMMARY t=5244.7 ====
t=5244.7 route=1 laps=14 crashes=0 avg_out=147.4s avg_ret=135.1s avg_lap=294.5s best_lap=280.7
t=5244.7 route=2 laps=11 crashes=1 avg_out=178.2s avg_ret=202.9s avg_lap=393.1s best_lap=381.0
t=5244.8 route=3 laps=11 crashes=0 avg_out=215.2s avg_ret=239.6s avg_lap=466.6s best_lap=455.5
t=5244.8 route=4 laps=12 crashes=1 avg_out=174.2s avg_ret=138.2s avg_lap=324.1s best_lap=306.5
t=5244.8 route=5 laps=11 crashes=0 avg_out=254.9s avg_ret=213.6s avg_lap=480.9s best_lap=462.6
t=5244.8 route=6 laps=13 crashes=1 avg_out=144.4s avg_ret=125.5s avg_lap=281.9s best_lap=271.2
t=5244.8 route=7 laps=13 crashes=0 avg_out=161.9s avg_ret=124.9s avg_lap=299.0s best_lap=291.9
t=5244.8 route=8 laps=13 crashes=0 avg_out=166.7s avg_ret=142.5s avg_lap=321.1s best_lap=311.2
t=5244.8 TOTAL laps=98 crashes=3
t=5244.8 TUNER gen=1 results=37/64 pending=8 active=8 remaining=27 next_trial=110 rounds=[7,5,4,6,4,7,6,6]
t=5249.5 SPAWN craft=Aircraft_11_nav_r6_109 route=6 candidate=4 trial=109 t=5249.5
t=5274.8 ==== SUMMARY t=5274.8 ====
t=5274.8 route=1 laps=14 crashes=0 avg_out=147.4s avg_ret=135.1s avg_lap=294.5s best_lap=280.7
t=5274.9 route=2 laps=11 crashes=1 avg_out=178.2s avg_ret=202.9s avg_lap=393.1s best_lap=381.0
t=5274.9 route=3 laps=11 crashes=0 avg_out=215.2s avg_ret=239.6s avg_lap=466.6s best_lap=455.5
t=5274.9 route=4 laps=12 crashes=1 avg_out=174.2s avg_ret=138.2s avg_lap=324.1s best_lap=306.5
t=5274.9 route=5 laps=11 crashes=0 avg_out=254.9s avg_ret=213.6s avg_lap=480.9s best_lap=462.6
t=5274.9 route=6 laps=13 crashes=1 avg_out=144.4s avg_ret=125.5s avg_lap=281.9s best_lap=271.2
t=5274.9 route=7 laps=13 crashes=0 avg_out=161.9s avg_ret=124.9s avg_lap=299.0s best_lap=291.9
t=5274.9 route=8 laps=13 crashes=0 avg_out=166.7s avg_ret=142.5s avg_lap=321.1s best_lap=311.2
t=5274.9 TOTAL laps=98 crashes=3
t=5274.9 TUNER gen=1 results=37/64 pending=8 active=8 remaining=27 next_trial=110 rounds=[7,5,4,6,4,7,6,6]
t=5286.1 LAP_CAPTURE craft=Aircraft_11_nav_r3_99 route=3 return=239.1s lap=468.5s carrier_dist=200m t=5286.1
t=5302.2 LZ_REACHED craft=Aircraft_11_nav_r4_106 route=4 outbound=173.3s t=5302.2
t=5304.7 SPAWN craft=Aircraft_11_nav_r3_110 route=3 candidate=7 trial=110 t=5304.7
t=5304.9 ==== SUMMARY t=5304.9 ====
t=5304.9 route=1 laps=14 crashes=0 avg_out=147.4s avg_ret=135.1s avg_lap=294.5s best_lap=280.7
t=5304.9 route=2 laps=11 crashes=1 avg_out=178.2s avg_ret=202.9s avg_lap=393.1s best_lap=381.0
t=5304.9 route=3 laps=12 crashes=0 avg_out=215.2s avg_ret=239.5s avg_lap=466.8s best_lap=455.5
t=5304.9 route=4 laps=12 crashes=1 avg_out=174.1s avg_ret=138.2s avg_lap=324.1s best_lap=306.5
t=5304.9 route=5 laps=11 crashes=0 avg_out=254.9s avg_ret=213.6s avg_lap=480.9s best_lap=462.6
t=5304.9 route=6 laps=13 crashes=1 avg_out=144.4s avg_ret=125.5s avg_lap=281.9s best_lap=271.2
t=5304.9 route=7 laps=13 crashes=0 avg_out=161.9s avg_ret=124.9s avg_lap=299.0s best_lap=291.9
t=5304.9 route=8 laps=13 crashes=0 avg_out=166.7s avg_ret=142.5s avg_lap=321.1s best_lap=311.2
t=5304.9 TOTAL laps=99 crashes=3
t=5304.9 TUNER gen=1 results=38/64 pending=8 active=8 remaining=26 next_trial=111 rounds=[7,5,5,6,4,7,6,6]
t=5334.9 ==== SUMMARY t=5334.9 ====
t=5334.9 route=1 laps=14 crashes=0 avg_out=147.4s avg_ret=135.1s avg_lap=294.5s best_lap=280.7
t=5334.9 route=2 laps=11 crashes=1 avg_out=178.2s avg_ret=202.9s avg_lap=393.1s best_lap=381.0
t=5334.9 route=3 laps=12 crashes=0 avg_out=215.2s avg_ret=239.5s avg_lap=466.8s best_lap=455.5
t=5335.0 route=4 laps=12 crashes=1 avg_out=174.1s avg_ret=138.2s avg_lap=324.1s best_lap=306.5
t=5335.0 route=5 laps=11 crashes=0 avg_out=254.9s avg_ret=213.6s avg_lap=480.9s best_lap=462.6
t=5335.0 route=6 laps=13 crashes=1 avg_out=144.4s avg_ret=125.5s avg_lap=281.9s best_lap=271.2
t=5335.0 route=7 laps=13 crashes=0 avg_out=161.9s avg_ret=124.9s avg_lap=299.0s best_lap=291.9
t=5335.0 route=8 laps=13 crashes=0 avg_out=166.7s avg_ret=142.5s avg_lap=321.1s best_lap=311.2
t=5335.0 TOTAL laps=99 crashes=3
t=5335.0 TUNER gen=1 results=38/64 pending=8 active=8 remaining=26 next_trial=111 rounds=[7,5,5,6,4,7,6,6]
t=5340.1 LZ_REACHED craft=Aircraft_11_nav_r8_107 route=8 outbound=166.0s t=5340.1
t=5352.7 LZ_REACHED craft=Aircraft_11_nav_r1_108 route=1 outbound=148.4s t=5352.7
t=5364.9 ==== SUMMARY t=5364.9 ====
t=5364.9 route=1 laps=14 crashes=0 avg_out=147.5s avg_ret=135.1s avg_lap=294.5s best_lap=280.7
t=5365.0 route=2 laps=11 crashes=1 avg_out=178.2s avg_ret=202.9s avg_lap=393.1s best_lap=381.0
t=5365.0 route=3 laps=12 crashes=0 avg_out=215.2s avg_ret=239.5s avg_lap=466.8s best_lap=455.5
t=5365.0 route=4 laps=12 crashes=1 avg_out=174.1s avg_ret=138.2s avg_lap=324.1s best_lap=306.5
t=5365.0 route=5 laps=11 crashes=0 avg_out=254.9s avg_ret=213.6s avg_lap=480.9s best_lap=462.6
t=5365.0 route=6 laps=13 crashes=1 avg_out=144.4s avg_ret=125.5s avg_lap=281.9s best_lap=271.2
t=5365.0 route=7 laps=13 crashes=0 avg_out=161.9s avg_ret=124.9s avg_lap=299.0s best_lap=291.9
t=5365.0 route=8 laps=13 crashes=0 avg_out=166.6s avg_ret=142.5s avg_lap=321.1s best_lap=311.2
t=5365.0 TOTAL laps=99 crashes=3
t=5365.0 TUNER gen=1 results=38/64 pending=8 active=8 remaining=26 next_trial=111 rounds=[7,5,5,6,4,7,6,6]
t=5379.1 LAP_CAPTURE craft=Aircraft_11_nav_r7_105 route=7 return=124.6s lap=295.4s carrier_dist=200m t=5379.1
t=5387.7 LZ_REACHED craft=Aircraft_11_nav_r6_109 route=6 outbound=138.3s t=5387.7
t=5394.9 ==== SUMMARY t=5394.9 ====
t=5395.0 route=1 laps=14 crashes=0 avg_out=147.5s avg_ret=135.1s avg_lap=294.5s best_lap=280.7
t=5395.0 route=2 laps=11 crashes=1 avg_out=178.2s avg_ret=202.9s avg_lap=393.1s best_lap=381.0
t=5395.0 route=3 laps=12 crashes=0 avg_out=215.2s avg_ret=239.5s avg_lap=466.8s best_lap=455.5
t=5395.0 route=4 laps=12 crashes=1 avg_out=174.1s avg_ret=138.2s avg_lap=324.1s best_lap=306.5
t=5395.0 route=5 laps=11 crashes=0 avg_out=254.9s avg_ret=213.6s avg_lap=480.9s best_lap=462.6
t=5395.0 route=6 laps=13 crashes=1 avg_out=144.0s avg_ret=125.5s avg_lap=281.9s best_lap=271.2
t=5395.0 route=7 laps=14 crashes=0 avg_out=161.9s avg_ret=124.8s avg_lap=298.8s best_lap=291.9
t=5395.0 route=8 laps=13 crashes=0 avg_out=166.6s avg_ret=142.5s avg_lap=321.1s best_lap=311.2
t=5395.0 TOTAL laps=100 crashes=3
t=5395.0 TUNER gen=1 results=39/64 pending=8 active=8 remaining=25 next_trial=112 rounds=[7,5,5,6,4,7,7,6]
t=5395.0 SPAWN craft=Aircraft_11_nav_r7_111 route=7 candidate=5 trial=111 t=5395.0
t=5397.1 LAP_CAPTURE craft=Aircraft_11_nav_r5_102 route=5 return=215.8s lap=479.1s carrier_dist=200m t=5397.1
t=5399.1 LAP_CAPTURE craft=Aircraft_11_nav_r2_104 route=2 return=204.3s lap=395.7s carrier_dist=200m t=5399.1
t=5404.9 LAUNCH_BLOCKED reason=deck_busy active=7 stored=1 no_active_s=0.0 state=RETRIEVING_FROM_HANGAR tractor_cleanup=false elevator_transfer=false deck=Aircraft_11_nav_r2_112 pending=none clearance=none queue=0
t=5415.1 SPAWN craft=Aircraft_11_nav_r2_112 route=2 candidate=7 trial=112 t=5415.1
t=5419.9 LAUNCH_BLOCKED reason=cleared_unready_nav_deck_aircraft active=7 stored=1 no_active_s=0.0 state=IDLE tractor_cleanup=false elevator_transfer=false deck=Aircraft_11_nav_r2_112 pending=none clearance=none queue=0
t=5425.0 ==== SUMMARY t=5425.0 ====
t=5425.0 route=1 laps=14 crashes=0 avg_out=147.5s avg_ret=135.1s avg_lap=294.5s best_lap=280.7
t=5425.0 route=2 laps=12 crashes=1 avg_out=178.2s avg_ret=203.1s avg_lap=393.3s best_lap=381.0
t=5425.0 route=3 laps=12 crashes=0 avg_out=215.2s avg_ret=239.5s avg_lap=466.8s best_lap=455.5
t=5425.0 route=4 laps=12 crashes=1 avg_out=174.1s avg_ret=138.2s avg_lap=324.1s best_lap=306.5
t=5425.0 route=5 laps=12 crashes=0 avg_out=254.9s avg_ret=213.8s avg_lap=480.7s best_lap=462.6
t=5425.0 route=6 laps=13 crashes=1 avg_out=144.0s avg_ret=125.5s avg_lap=281.9s best_lap=271.2
t=5425.0 route=7 laps=14 crashes=0 avg_out=161.9s avg_ret=124.8s avg_lap=298.8s best_lap=291.9
t=5425.0 route=8 laps=13 crashes=0 avg_out=166.6s avg_ret=142.5s avg_lap=321.1s best_lap=311.2
t=5425.0 TOTAL laps=102 crashes=3
t=5425.0 TUNER gen=1 results=41/64 pending=7 active=7 remaining=23 next_trial=113 rounds=[7,6,5,6,4,7,7,6]
t=5435.2 SPAWN craft=Aircraft_11_nav_r5_113 route=5 candidate=1 trial=113 t=5435.2
t=5452.0 LAP_CAPTURE craft=Aircraft_11_nav_r4_106 route=4 return=137.8s lap=323.1s carrier_dist=200m t=5452.0
t=5455.0 ==== SUMMARY t=5455.0 ====
t=5455.0 route=1 laps=14 crashes=0 avg_out=147.5s avg_ret=135.1s avg_lap=294.5s best_lap=280.7
t=5455.0 route=2 laps=12 crashes=1 avg_out=178.2s avg_ret=203.1s avg_lap=393.3s best_lap=381.0
t=5455.1 route=3 laps=12 crashes=0 avg_out=215.2s avg_ret=239.5s avg_lap=466.8s best_lap=455.5
t=5455.1 route=4 laps=13 crashes=1 avg_out=174.1s avg_ret=138.2s avg_lap=324.0s best_lap=306.5
t=5455.1 route=5 laps=12 crashes=0 avg_out=254.9s avg_ret=213.8s avg_lap=480.7s best_lap=462.6
t=5455.1 route=6 laps=13 crashes=1 avg_out=144.0s avg_ret=125.5s avg_lap=281.9s best_lap=271.2
t=5455.1 route=7 laps=14 crashes=0 avg_out=161.9s avg_ret=124.8s avg_lap=298.8s best_lap=291.9
t=5455.1 route=8 laps=13 crashes=0 avg_out=166.6s avg_ret=142.5s avg_lap=321.1s best_lap=311.2
t=5455.1 TOTAL laps=103 crashes=3
t=5455.1 TUNER gen=1 results=42/64 pending=7 active=7 remaining=22 next_trial=114 rounds=[7,6,5,6,5,7,7,6]
t=5470.5 SPAWN craft=Aircraft_11_nav_r4_114 route=4 candidate=2 trial=114 t=5470.5
t=5485.1 ==== SUMMARY t=5485.1 ====
t=5485.1 route=1 laps=14 crashes=0 avg_out=147.5s avg_ret=135.1s avg_lap=294.5s best_lap=280.7
t=5485.1 route=2 laps=12 crashes=1 avg_out=178.2s avg_ret=203.1s avg_lap=393.3s best_lap=381.0
t=5485.1 route=3 laps=12 crashes=0 avg_out=215.2s avg_ret=239.5s avg_lap=466.8s best_lap=455.5
t=5485.1 route=4 laps=13 crashes=1 avg_out=174.1s avg_ret=138.2s avg_lap=324.0s best_lap=306.5
t=5485.1 route=5 laps=12 crashes=0 avg_out=254.9s avg_ret=213.8s avg_lap=480.7s best_lap=462.6
t=5485.1 route=6 laps=13 crashes=1 avg_out=144.0s avg_ret=125.5s avg_lap=281.9s best_lap=271.2
t=5485.1 route=7 laps=14 crashes=0 avg_out=161.9s avg_ret=124.8s avg_lap=298.8s best_lap=291.9
t=5485.1 route=8 laps=13 crashes=0 avg_out=166.6s avg_ret=142.5s avg_lap=321.1s best_lap=311.2
t=5485.1 TOTAL laps=103 crashes=3
t=5485.1 TUNER gen=1 results=42/64 pending=8 active=8 remaining=22 next_trial=115 rounds=[7,6,5,7,5,7,7,6]
t=5486.8 LAP_CAPTURE craft=Aircraft_11_nav_r8_107 route=8 return=134.6s lap=312.6s carrier_dist=200m t=5486.8
t=5495.2 LAUNCH_BLOCKED reason=landing_or_storage_busy active=7 stored=1 no_active_s=0.0 state=IDLE tractor_cleanup=false elevator_transfer=false deck=Aircraft_11_nav_r4_114 pending=none clearance=Aircraft_11_nav_r1_108 queue=0
t=5502.7 LAP_CAPTURE craft=Aircraft_11_nav_r1_108 route=1 return=138.1s lap=298.5s carrier_dist=200m t=5502.7
t=5510.3 LAUNCH_BLOCKED reason=deck_busy active=7 stored=1 no_active_s=0.0 state=RETRIEVING_FROM_HANGAR tractor_cleanup=false elevator_transfer=false deck=Aircraft_11_nav_r8_115 pending=none clearance=none queue=0
t=5515.1 ==== SUMMARY t=5515.1 ====
t=5515.1 route=1 laps=15 crashes=0 avg_out=147.5s avg_ret=135.3s avg_lap=294.8s best_lap=280.7
t=5515.1 route=2 laps=12 crashes=1 avg_out=178.2s avg_ret=203.1s avg_lap=393.3s best_lap=381.0
t=5515.1 route=3 laps=12 crashes=0 avg_out=215.2s avg_ret=239.5s avg_lap=466.8s best_lap=455.5
t=5515.1 route=4 laps=13 crashes=1 avg_out=174.1s avg_ret=138.2s avg_lap=324.0s best_lap=306.5
t=5515.1 route=5 laps=12 crashes=0 avg_out=254.9s avg_ret=213.8s avg_lap=480.7s best_lap=462.6
t=5515.1 route=6 laps=13 crashes=1 avg_out=144.0s avg_ret=125.5s avg_lap=281.9s best_lap=271.2
t=5515.1 route=7 laps=14 crashes=0 avg_out=161.9s avg_ret=124.8s avg_lap=298.8s best_lap=291.9
t=5515.1 route=8 laps=14 crashes=0 avg_out=166.6s avg_ret=141.9s avg_lap=320.5s best_lap=311.2
t=5515.1 TOTAL laps=105 crashes=3
t=5515.1 TUNER gen=1 results=44/64 pending=7 active=7 remaining=20 next_trial=116 rounds=[7,6,5,7,5,7,7,7]
t=5518.9 LZ_REACHED craft=Aircraft_11_nav_r3_110 route=3 outbound=214.2s t=5518.9
t=5520.6 SPAWN craft=Aircraft_11_nav_r8_115 route=8 candidate=6 trial=115 t=5520.6
t=5522.7 LAP_CAPTURE craft=Aircraft_11_nav_r6_109 route=6 return=123.0s lap=273.2s carrier_dist=200m t=5522.7
t=5525.3 LAUNCH_BLOCKED reason=cleared_unready_nav_deck_aircraft active=6 stored=1 no_active_s=0.0 state=IDLE tractor_cleanup=false elevator_transfer=false deck=Aircraft_11_nav_r8_115 pending=none clearance=none queue=0
t=5540.4 LAUNCH_BLOCKED reason=deck_busy active=7 stored=1 no_active_s=0.0 state=AIRCRAFT_ON_DECK tractor_cleanup=false elevator_transfer=false deck=Aircraft_11_nav_r1_116 pending=none clearance=none queue=0
t=5540.6 SPAWN craft=Aircraft_11_nav_r1_116 route=1 candidate=8 trial=116 t=5540.6
t=5545.1 ==== SUMMARY t=5545.1 ====
t=5545.1 route=1 laps=15 crashes=0 avg_out=147.5s avg_ret=135.3s avg_lap=294.8s best_lap=280.7
t=5545.1 route=2 laps=12 crashes=1 avg_out=178.2s avg_ret=203.1s avg_lap=393.3s best_lap=381.0
t=5545.1 route=3 laps=12 crashes=0 avg_out=215.1s avg_ret=239.5s avg_lap=466.8s best_lap=455.5
t=5545.1 route=4 laps=13 crashes=1 avg_out=174.1s avg_ret=138.2s avg_lap=324.0s best_lap=306.5
t=5545.2 route=5 laps=12 crashes=0 avg_out=254.9s avg_ret=213.8s avg_lap=480.7s best_lap=462.6
t=5545.2 route=6 laps=14 crashes=1 avg_out=144.0s avg_ret=125.4s avg_lap=281.3s best_lap=271.2
t=5545.2 route=7 laps=14 crashes=0 avg_out=161.9s avg_ret=124.8s avg_lap=298.8s best_lap=291.9
t=5545.2 route=8 laps=14 crashes=0 avg_out=166.6s avg_ret=141.9s avg_lap=320.5s best_lap=311.2
t=5545.2 TOTAL laps=106 crashes=3
t=5545.2 TUNER gen=1 results=45/64 pending=7 active=7 remaining=19 next_trial=117 rounds=[8,6,5,7,5,7,7,7]
t=5552.3 LZ_REACHED craft=Aircraft_11_nav_r7_111 route=7 outbound=157.3s t=5552.3
t=5560.8 SPAWN craft=Aircraft_11_nav_r6_117 route=6 candidate=5 trial=117 t=5560.7
t=5575.1 ==== SUMMARY t=5575.1 ====
t=5575.1 route=1 laps=15 crashes=0 avg_out=147.5s avg_ret=135.3s avg_lap=294.8s best_lap=280.7
t=5575.1 route=2 laps=12 crashes=1 avg_out=178.2s avg_ret=203.1s avg_lap=393.3s best_lap=381.0
t=5575.2 route=3 laps=12 crashes=0 avg_out=215.1s avg_ret=239.5s avg_lap=466.8s best_lap=455.5
t=5575.2 route=4 laps=13 crashes=1 avg_out=174.1s avg_ret=138.2s avg_lap=324.0s best_lap=306.5
t=5575.2 route=5 laps=12 crashes=0 avg_out=254.9s avg_ret=213.8s avg_lap=480.7s best_lap=462.6
t=5575.2 route=6 laps=14 crashes=1 avg_out=144.0s avg_ret=125.4s avg_lap=281.3s best_lap=271.2
t=5575.2 route=7 laps=14 crashes=0 avg_out=161.6s avg_ret=124.8s avg_lap=298.8s best_lap=291.9
t=5575.2 route=8 laps=14 crashes=0 avg_out=166.6s avg_ret=141.9s avg_lap=320.5s best_lap=311.2
t=5575.2 TOTAL laps=106 crashes=3
t=5575.2 TUNER gen=1 results=45/64 pending=8 active=8 remaining=19 next_trial=118 rounds=[8,6,5,7,5,8,7,7]
t=5594.1 LZ_REACHED craft=Aircraft_11_nav_r2_112 route=2 outbound=179.0s t=5594.1
t=5605.2 ==== SUMMARY t=5605.2 ====
t=5605.2 route=1 laps=15 crashes=0 avg_out=147.5s avg_ret=135.3s avg_lap=294.8s best_lap=280.7
t=5605.2 route=2 laps=12 crashes=1 avg_out=178.3s avg_ret=203.1s avg_lap=393.3s best_lap=381.0
t=5605.2 route=3 laps=12 crashes=0 avg_out=215.1s avg_ret=239.5s avg_lap=466.8s best_lap=455.5
t=5605.2 route=4 laps=13 crashes=1 avg_out=174.1s avg_ret=138.2s avg_lap=324.0s best_lap=306.5
t=5605.2 route=5 laps=12 crashes=0 avg_out=254.9s avg_ret=213.8s avg_lap=480.7s best_lap=462.6
t=5605.2 route=6 laps=14 crashes=1 avg_out=144.0s avg_ret=125.4s avg_lap=281.3s best_lap=271.2
t=5605.2 route=7 laps=14 crashes=0 avg_out=161.6s avg_ret=124.8s avg_lap=298.8s best_lap=291.9
t=5605.2 route=8 laps=14 crashes=0 avg_out=166.6s avg_ret=141.9s avg_lap=320.5s best_lap=311.2
t=5605.2 TOTAL laps=106 crashes=3
t=5605.2 TUNER gen=1 results=45/64 pending=8 active=8 remaining=19 next_trial=118 rounds=[8,6,5,7,5,8,7,7]
t=5635.2 ==== SUMMARY t=5635.2 ====
t=5635.2 route=1 laps=15 crashes=0 avg_out=147.5s avg_ret=135.3s avg_lap=294.8s best_lap=280.7
t=5635.2 route=2 laps=12 crashes=1 avg_out=178.3s avg_ret=203.1s avg_lap=393.3s best_lap=381.0
t=5635.2 route=3 laps=12 crashes=0 avg_out=215.1s avg_ret=239.5s avg_lap=466.8s best_lap=455.5
t=5635.2 route=4 laps=13 crashes=1 avg_out=174.1s avg_ret=138.2s avg_lap=324.0s best_lap=306.5
t=5635.2 route=5 laps=12 crashes=0 avg_out=254.9s avg_ret=213.8s avg_lap=480.7s best_lap=462.6
t=5635.2 route=6 laps=14 crashes=1 avg_out=144.0s avg_ret=125.4s avg_lap=281.3s best_lap=271.2
t=5635.2 route=7 laps=14 crashes=0 avg_out=161.6s avg_ret=124.8s avg_lap=298.8s best_lap=291.9
t=5635.2 route=8 laps=14 crashes=0 avg_out=166.6s avg_ret=141.9s avg_lap=320.5s best_lap=311.2
t=5635.2 TOTAL laps=106 crashes=3
t=5635.2 TUNER gen=1 results=45/64 pending=8 active=8 remaining=19 next_trial=118 rounds=[8,6,5,7,5,8,7,7]
t=5647.7 LZ_REACHED craft=Aircraft_11_nav_r4_114 route=4 outbound=177.2s t=5647.7
t=5665.2 ==== SUMMARY t=5665.2 ====
t=5665.2 route=1 laps=15 crashes=0 avg_out=147.5s avg_ret=135.3s avg_lap=294.8s best_lap=280.7
t=5665.2 route=2 laps=12 crashes=1 avg_out=178.3s avg_ret=203.1s avg_lap=393.3s best_lap=381.0
t=5665.2 route=3 laps=12 crashes=0 avg_out=215.1s avg_ret=239.5s avg_lap=466.8s best_lap=455.5
t=5665.2 route=4 laps=13 crashes=1 avg_out=174.3s avg_ret=138.2s avg_lap=324.0s best_lap=306.5
t=5665.2 route=5 laps=12 crashes=0 avg_out=254.9s avg_ret=213.8s avg_lap=480.7s best_lap=462.6
t=5665.2 route=6 laps=14 crashes=1 avg_out=144.0s avg_ret=125.4s avg_lap=281.3s best_lap=271.2
t=5665.2 route=7 laps=14 crashes=0 avg_out=161.6s avg_ret=124.8s avg_lap=298.8s best_lap=291.9
t=5665.2 route=8 laps=14 crashes=0 avg_out=166.6s avg_ret=141.9s avg_lap=320.5s best_lap=311.2
t=5665.2 TOTAL laps=106 crashes=3
t=5665.2 TUNER gen=1 results=45/64 pending=8 active=8 remaining=19 next_trial=118 rounds=[8,6,5,7,5,8,7,7]
t=5682.2 LZ_REACHED craft=Aircraft_11_nav_r5_113 route=5 outbound=247.0s t=5682.2
t=5686.4 LZ_REACHED craft=Aircraft_11_nav_r8_115 route=8 outbound=165.9s t=5686.4
t=5687.2 LAP_CAPTURE craft=Aircraft_11_nav_r7_111 route=7 return=122.8s lap=292.2s carrier_dist=200m t=5687.2
t=5691.6 LZ_REACHED craft=Aircraft_11_nav_r1_116 route=1 outbound=151.0s t=5691.6
t=5695.2 ==== SUMMARY t=5695.2 ====
t=5695.2 route=1 laps=15 crashes=0 avg_out=147.7s avg_ret=135.3s avg_lap=294.8s best_lap=280.7
t=5695.2 route=2 laps=12 crashes=1 avg_out=178.3s avg_ret=203.1s avg_lap=393.3s best_lap=381.0
t=5695.2 route=3 laps=12 crashes=0 avg_out=215.1s avg_ret=239.5s avg_lap=466.8s best_lap=455.5
t=5695.2 route=4 laps=13 crashes=1 avg_out=174.3s avg_ret=138.2s avg_lap=324.0s best_lap=306.5
t=5695.2 route=5 laps=12 crashes=0 avg_out=254.3s avg_ret=213.8s avg_lap=480.7s best_lap=462.6
t=5695.2 route=6 laps=14 crashes=1 avg_out=144.0s avg_ret=125.4s avg_lap=281.3s best_lap=271.2
t=5695.2 route=7 laps=15 crashes=0 avg_out=161.6s avg_ret=124.7s avg_lap=298.3s best_lap=291.9
t=5695.3 route=8 laps=14 crashes=0 avg_out=166.6s avg_ret=141.9s avg_lap=320.5s best_lap=311.2
t=5695.3 TOTAL laps=107 crashes=3
t=5695.3 TUNER gen=1 results=46/64 pending=7 active=7 remaining=18 next_trial=118 rounds=[8,6,5,7,5,8,7,7]
t=5698.8 LZ_REACHED craft=Aircraft_11_nav_r6_117 route=6 outbound=138.1s t=5698.8
t=5706.3 SPAWN craft=Aircraft_11_nav_r7_118 route=7 candidate=6 trial=118 t=5706.3
t=5725.3 ==== SUMMARY t=5725.3 ====
t=5725.3 route=1 laps=15 crashes=0 avg_out=147.7s avg_ret=135.3s avg_lap=294.8s best_lap=280.7
t=5725.3 route=2 laps=12 crashes=1 avg_out=178.3s avg_ret=203.1s avg_lap=393.3s best_lap=381.0
t=5725.3 route=3 laps=12 crashes=0 avg_out=215.1s avg_ret=239.5s avg_lap=466.8s best_lap=455.5
t=5725.3 route=4 laps=13 crashes=1 avg_out=174.3s avg_ret=138.2s avg_lap=324.0s best_lap=306.5
t=5725.3 route=5 laps=12 crashes=0 avg_out=254.3s avg_ret=213.8s avg_lap=480.7s best_lap=462.6
t=5725.4 route=6 laps=14 crashes=1 avg_out=143.6s avg_ret=125.4s avg_lap=281.3s best_lap=271.2
t=5725.4 route=7 laps=15 crashes=0 avg_out=161.6s avg_ret=124.7s avg_lap=298.3s best_lap=291.9
t=5725.4 route=8 laps=14 crashes=0 avg_out=166.6s avg_ret=141.9s avg_lap=320.5s best_lap=311.2
t=5725.4 TOTAL laps=107 crashes=3
t=5725.4 TUNER gen=1 results=46/64 pending=8 active=8 remaining=18 next_trial=119 rounds=[8,6,5,7,5,8,8,7]
t=5755.3 ==== SUMMARY t=5755.3 ====
t=5755.3 route=1 laps=15 crashes=0 avg_out=147.7s avg_ret=135.3s avg_lap=294.8s best_lap=280.7
t=5755.3 route=2 laps=12 crashes=1 avg_out=178.3s avg_ret=203.1s avg_lap=393.3s best_lap=381.0
t=5755.3 route=3 laps=12 crashes=0 avg_out=215.1s avg_ret=239.5s avg_lap=466.8s best_lap=455.5
t=5755.3 route=4 laps=13 crashes=1 avg_out=174.3s avg_ret=138.2s avg_lap=324.0s best_lap=306.5
t=5755.4 route=5 laps=12 crashes=0 avg_out=254.3s avg_ret=213.8s avg_lap=480.7s best_lap=462.6
t=5755.4 route=6 laps=14 crashes=1 avg_out=143.6s avg_ret=125.4s avg_lap=281.3s best_lap=271.2
t=5755.4 route=7 laps=15 crashes=0 avg_out=161.6s avg_ret=124.7s avg_lap=298.3s best_lap=291.9
t=5755.4 route=8 laps=14 crashes=0 avg_out=166.6s avg_ret=141.9s avg_lap=320.5s best_lap=311.2
t=5755.4 TOTAL laps=107 crashes=3
t=5755.4 TUNER gen=1 results=46/64 pending=8 active=8 remaining=18 next_trial=119 rounds=[8,6,5,7,5,8,8,7]
t=5768.1 LAP_CAPTURE craft=Aircraft_11_nav_r3_110 route=3 return=237.3s lap=463.4s carrier_dist=200m t=5768.1
t=5785.4 ==== SUMMARY t=5785.4 ====
t=5785.4 route=1 laps=15 crashes=0 avg_out=147.7s avg_ret=135.3s avg_lap=294.8s best_lap=280.7
t=5785.4 route=2 laps=12 crashes=1 avg_out=178.3s avg_ret=203.1s avg_lap=393.3s best_lap=381.0
t=5785.4 route=3 laps=13 crashes=0 avg_out=215.1s avg_ret=239.4s avg_lap=466.5s best_lap=455.5
t=5785.4 route=4 laps=13 crashes=1 avg_out=174.3s avg_ret=138.2s avg_lap=324.0s best_lap=306.5
t=5785.4 route=5 laps=12 crashes=0 avg_out=254.3s avg_ret=213.8s avg_lap=480.7s best_lap=462.6
t=5785.4 route=6 laps=14 crashes=1 avg_out=143.6s avg_ret=125.4s avg_lap=281.3s best_lap=271.2
t=5785.4 route=7 laps=15 crashes=0 avg_out=161.6s avg_ret=124.7s avg_lap=298.3s best_lap=291.9
t=5785.4 route=8 laps=14 crashes=0 avg_out=166.6s avg_ret=141.9s avg_lap=320.5s best_lap=311.2
t=5785.4 TOTAL laps=108 crashes=3
t=5785.4 TUNER gen=1 results=47/64 pending=8 active=8 remaining=17 next_trial=120 rounds=[8,6,6,7,5,8,8,7]
t=5786.6 SPAWN craft=Aircraft_11_nav_r3_119 route=3 candidate=8 trial=119 t=5786.6
t=5798.1 LAP_CAPTURE craft=Aircraft_11_nav_r4_114 route=4 return=138.4s lap=327.6s carrier_dist=200m t=5798.1
t=5808.7 LAP_CAPTURE craft=Aircraft_11_nav_r2_112 route=2 return=202.6s lap=393.6s carrier_dist=200m t=5808.7
t=5815.4 ==== SUMMARY t=5815.4 ====
t=5815.4 route=1 laps=15 crashes=0 avg_out=147.7s avg_ret=135.3s avg_lap=294.8s best_lap=280.7
t=5815.4 route=2 laps=13 crashes=1 avg_out=178.3s avg_ret=203.0s avg_lap=393.3s best_lap=381.0
t=5815.4 route=3 laps=13 crashes=0 avg_out=215.1s avg_ret=239.4s avg_lap=466.5s best_lap=455.5
t=5815.4 route=4 laps=14 crashes=1 avg_out=174.3s avg_ret=138.2s avg_lap=324.3s best_lap=306.5
t=5815.4 route=5 laps=12 crashes=0 avg_out=254.3s avg_ret=213.8s avg_lap=480.7s best_lap=462.6
t=5815.4 route=6 laps=14 crashes=1 avg_out=143.6s avg_ret=125.4s avg_lap=281.3s best_lap=271.2
t=5815.4 route=7 laps=15 crashes=0 avg_out=161.6s avg_ret=124.7s avg_lap=298.3s best_lap=291.9
t=5815.4 route=8 laps=14 crashes=0 avg_out=166.6s avg_ret=141.9s avg_lap=320.5s best_lap=311.2
t=5815.4 TOTAL laps=110 crashes=3
t=5815.4 TUNER gen=1 results=49/64 pending=7 active=7 remaining=15 next_trial=121 rounds=[8,6,6,8,5,8,8,7]
t=5816.4 LAUNCH_BLOCKED reason=deck_busy active=7 stored=1 no_active_s=0.0 state=AIRCRAFT_ON_DECK tractor_cleanup=false elevator_transfer=false deck=Aircraft_11_nav_r4_120 pending=none clearance=none queue=0
t=5816.7 SPAWN craft=Aircraft_11_nav_r4_120 route=4 candidate=3 trial=120 t=5816.7
t=5825.7 LAP_CAPTURE craft=Aircraft_11_nav_r1_116 route=1 return=122.0s lap=285.1s carrier_dist=200m t=5825.7
t=5831.7 LAUNCH_BLOCKED reason=deck_busy active=7 stored=1 no_active_s=0.0 state=AIRCRAFT_ON_DECK tractor_cleanup=false elevator_transfer=true deck=Aircraft_11_nav_r2_121 pending=none clearance=none queue=1
t=5833.9 LAP_CAPTURE craft=Aircraft_11_nav_r8_115 route=8 return=135.4s lap=313.3s carrier_dist=200m t=5833.9
t=5834.0 LAP_CAPTURE craft=Aircraft_11_nav_r6_117 route=6 return=123.2s lap=273.2s carrier_dist=200m t=5834.0
t=5836.9 SPAWN craft=Aircraft_11_nav_r2_121 route=2 candidate=8 trial=121 t=5836.8
t=5845.6 ==== SUMMARY t=5845.6 ====
t=5845.6 route=1 laps=16 crashes=0 avg_out=147.7s avg_ret=134.5s avg_lap=294.2s best_lap=280.7
t=5845.6 route=2 laps=13 crashes=1 avg_out=178.3s avg_ret=203.0s avg_lap=393.3s best_lap=381.0
t=5845.6 route=3 laps=13 crashes=0 avg_out=215.1s avg_ret=239.4s avg_lap=466.5s best_lap=455.5
t=5845.6 route=4 laps=14 crashes=1 avg_out=174.3s avg_ret=138.2s avg_lap=324.3s best_lap=306.5
t=5845.6 route=5 laps=12 crashes=0 avg_out=254.3s avg_ret=213.8s avg_lap=480.7s best_lap=462.6
t=5845.6 route=6 laps=15 crashes=1 avg_out=143.6s avg_ret=125.2s avg_lap=280.8s best_lap=271.2
t=5845.6 route=7 laps=15 crashes=0 avg_out=161.6s avg_ret=124.7s avg_lap=298.3s best_lap=291.9
t=5845.6 route=8 laps=15 crashes=0 avg_out=166.6s avg_ret=141.5s avg_lap=320.0s best_lap=311.2
t=5845.6 TOTAL laps=113 crashes=3
t=5845.6 TUNER gen=1 results=52/64 pending=5 active=5 remaining=12 next_trial=122 rounds=[8,7,6,8,5,8,8,7]
t=5846.7 LAUNCH_BLOCKED reason=deck_busy active=6 stored=2 no_active_s=0.0 state=RETRIEVING_FROM_HANGAR tractor_cleanup=false elevator_transfer=false deck=Aircraft_11_nav_r1_122 pending=none clearance=none queue=0
t=5849.4 TUNING_REASSIGN craft=Aircraft_11_nav_r1_122 requested_route=1 assigned_route=5
t=5856.9 SPAWN craft=Aircraft_11_nav_r1_122 route=5 candidate=2 trial=122 t=5856.9
t=5861.8 LAUNCH_BLOCKED reason=cleared_unready_nav_deck_aircraft active=6 stored=2 no_active_s=0.0 state=IDLE tractor_cleanup=false elevator_transfer=false deck=Aircraft_11_nav_r1_122 pending=none clearance=none queue=0
t=5867.5 LZ_REACHED craft=Aircraft_11_nav_r7_118 route=7 outbound=161.3s t=5867.5
t=5869.6 TUNING_REASSIGN craft=Aircraft_11_nav_r6_123 requested_route=6 assigned_route=3
t=5875.7 ==== SUMMARY t=5875.7 ====
t=5875.7 route=1 laps=16 crashes=0 avg_out=147.7s avg_ret=134.5s avg_lap=294.2s best_lap=280.7
t=5875.7 route=2 laps=13 crashes=1 avg_out=178.3s avg_ret=203.0s avg_lap=393.3s best_lap=381.0
t=5875.7 route=3 laps=13 crashes=0 avg_out=215.1s avg_ret=239.4s avg_lap=466.5s best_lap=455.5
t=5875.7 route=4 laps=14 crashes=1 avg_out=174.3s avg_ret=138.2s avg_lap=324.3s best_lap=306.5
t=5875.7 route=5 laps=12 crashes=0 avg_out=254.3s avg_ret=213.8s avg_lap=480.7s best_lap=462.6
t=5875.7 route=6 laps=15 crashes=1 avg_out=143.6s avg_ret=125.2s avg_lap=280.8s best_lap=271.2
t=5875.7 route=7 laps=15 crashes=0 avg_out=161.6s avg_ret=124.7s avg_lap=298.3s best_lap=291.9
t=5875.7 route=8 laps=15 crashes=0 avg_out=166.6s avg_ret=141.5s avg_lap=320.0s best_lap=311.2
t=5875.7 TOTAL laps=113 crashes=3
t=5875.7 TUNER gen=1 results=52/64 pending=7 active=7 remaining=12 next_trial=124 rounds=[8,7,7,8,6,8,8,7]
t=5876.9 LAUNCH_BLOCKED reason=deck_busy active=7 stored=2 no_active_s=0.0 state=AIRCRAFT_ON_DECK tractor_cleanup=false elevator_transfer=false deck=Aircraft_11_nav_r6_123 pending=none clearance=none queue=0
t=5877.1 SPAWN craft=Aircraft_11_nav_r6_123 route=3 candidate=1 trial=123 t=5877.1
t=5892.0 LAUNCH_BLOCKED reason=tuner_capacity_full active=8 stored=1 no_active_s=0.0 state=AIRCRAFT_ON_DECK tractor_cleanup=false elevator_transfer=true deck=Aircraft_11_nav_r8_124 pending=none clearance=none queue=0
t=5897.2 SPAWN craft=Aircraft_11_nav_r8_124 route=8 candidate=7 trial=124 t=5897.2
t=5903.0 LAP_CAPTURE craft=Aircraft_11_nav_r5_113 route=5 return=208.8s lap=467.8s carrier_dist=200m t=5903.0
t=5905.7 ==== SUMMARY t=5905.7 ====
t=5905.7 route=1 laps=16 crashes=0 avg_out=147.7s avg_ret=134.5s avg_lap=294.2s best_lap=280.7
t=5905.7 route=2 laps=13 crashes=1 avg_out=178.3s avg_ret=203.0s avg_lap=393.3s best_lap=381.0
t=5905.7 route=3 laps=13 crashes=0 avg_out=215.1s avg_ret=239.4s avg_lap=466.5s best_lap=455.5
t=5905.7 route=4 laps=14 crashes=1 avg_out=174.3s avg_ret=138.2s avg_lap=324.3s best_lap=306.5
t=5905.7 route=5 laps=13 crashes=0 avg_out=254.3s avg_ret=213.4s avg_lap=479.7s best_lap=462.6
t=5905.7 route=6 laps=15 crashes=1 avg_out=143.6s avg_ret=125.2s avg_lap=280.8s best_lap=271.2
t=5905.7 route=7 laps=15 crashes=0 avg_out=161.6s avg_ret=124.7s avg_lap=298.3s best_lap=291.9
t=5905.7 route=8 laps=15 crashes=0 avg_out=166.6s avg_ret=141.5s avg_lap=320.0s best_lap=311.2
t=5905.8 TOTAL laps=114 crashes=3
t=5905.8 TUNER gen=1 results=53/64 pending=7 active=7 remaining=11 next_trial=125 rounds=[8,7,7,8,6,8,8,8]
t=5907.0 LAUNCH_BLOCKED reason=cleared_unready_nav_deck_aircraft active=7 stored=1 no_active_s=0.0 state=IDLE tractor_cleanup=false elevator_transfer=false deck=Aircraft_11_nav_r8_124 pending=none clearance=none queue=0
t=5914.8 TUNING_REASSIGN craft=Aircraft_11_nav_r1_125 requested_route=1 assigned_route=5
t=5922.2 LAUNCH_BLOCKED reason=tuner_capacity_full active=8 stored=1 no_active_s=0.0 state=AIRCRAFT_ON_DECK tractor_cleanup=false elevator_transfer=false deck=Aircraft_11_nav_r1_125 pending=none clearance=none queue=0
t=5922.4 SPAWN craft=Aircraft_11_nav_r1_125 route=5 candidate=3 trial=125 t=5922.4
t=5935.8 ==== SUMMARY t=5935.8 ====
t=5935.8 route=1 laps=16 crashes=0 avg_out=147.7s avg_ret=134.5s avg_lap=294.2s best_lap=280.7
t=5935.8 route=2 laps=13 crashes=1 avg_out=178.3s avg_ret=203.0s avg_lap=393.3s best_lap=381.0
t=5935.8 route=3 laps=13 crashes=0 avg_out=215.1s avg_ret=239.4s avg_lap=466.5s best_lap=455.5
t=5935.8 route=4 laps=14 crashes=1 avg_out=174.3s avg_ret=138.2s avg_lap=324.3s best_lap=306.5
t=5935.8 route=5 laps=13 crashes=0 avg_out=254.3s avg_ret=213.4s avg_lap=479.7s best_lap=462.6
t=5935.9 route=6 laps=15 crashes=1 avg_out=143.6s avg_ret=125.2s avg_lap=280.8s best_lap=271.2
t=5935.9 route=7 laps=15 crashes=0 avg_out=161.6s avg_ret=124.7s avg_lap=298.3s best_lap=291.9
t=5935.9 route=8 laps=15 crashes=0 avg_out=166.6s avg_ret=141.5s avg_lap=320.0s best_lap=311.2
t=5935.9 TOTAL laps=114 crashes=3
t=5935.9 TUNER gen=1 results=53/64 pending=8 active=8 remaining=11 next_trial=126 rounds=[8,7,7,8,7,8,8,8]
t=5937.2 LAUNCH_BLOCKED reason=tuner_capacity_full active=8 stored=1 no_active_s=0.0 state=IDLE tractor_cleanup=false elevator_transfer=false deck=Aircraft_11_nav_r1_125 pending=none clearance=none queue=0
t=5952.2 LAUNCH_BLOCKED reason=tuner_capacity_full active=8 stored=1 no_active_s=0.0 state=IDLE tractor_cleanup=false elevator_transfer=false deck=Aircraft_11_nav_r1_125 pending=none clearance=none queue=0
t=5965.8 ==== SUMMARY t=5965.8 ====
t=5965.8 route=1 laps=16 crashes=0 avg_out=147.7s avg_ret=134.5s avg_lap=294.2s best_lap=280.7
t=5965.8 route=2 laps=13 crashes=1 avg_out=178.3s avg_ret=203.0s avg_lap=393.3s best_lap=381.0
t=5965.8 route=3 laps=13 crashes=0 avg_out=215.1s avg_ret=239.4s avg_lap=466.5s best_lap=455.5
t=5965.8 route=4 laps=14 crashes=1 avg_out=174.3s avg_ret=138.2s avg_lap=324.3s best_lap=306.5
t=5965.8 route=5 laps=13 crashes=0 avg_out=254.3s avg_ret=213.4s avg_lap=479.7s best_lap=462.6
t=5965.9 route=6 laps=15 crashes=1 avg_out=143.6s avg_ret=125.2s avg_lap=280.8s best_lap=271.2
t=5965.9 route=7 laps=15 crashes=0 avg_out=161.6s avg_ret=124.7s avg_lap=298.3s best_lap=291.9
t=5965.9 route=8 laps=15 crashes=0 avg_out=166.6s avg_ret=141.5s avg_lap=320.0s best_lap=311.2
t=5965.9 TOTAL laps=114 crashes=3
t=5965.9 TUNER gen=1 results=53/64 pending=8 active=8 remaining=11 next_trial=126 rounds=[8,7,7,8,7,8,8,8]
t=5967.3 LAUNCH_BLOCKED reason=tuner_capacity_full active=8 stored=1 no_active_s=0.0 state=IDLE tractor_cleanup=false elevator_transfer=false deck=Aircraft_11_nav_r1_125 pending=none clearance=none queue=0
t=5982.3 LAUNCH_BLOCKED reason=tuner_capacity_full active=8 stored=1 no_active_s=0.0 state=IDLE tractor_cleanup=false elevator_transfer=false deck=Aircraft_11_nav_r1_125 pending=none clearance=none queue=0
t=5985.5 LZ_REACHED craft=Aircraft_11_nav_r4_120 route=4 outbound=168.8s t=5985.5
t=5995.8 ==== SUMMARY t=5995.8 ====
t=5995.8 route=1 laps=16 crashes=0 avg_out=147.7s avg_ret=134.5s avg_lap=294.2s best_lap=280.7
t=5995.8 route=2 laps=13 crashes=1 avg_out=178.3s avg_ret=203.0s avg_lap=393.3s best_lap=381.0
t=5995.9 route=3 laps=13 crashes=0 avg_out=215.1s avg_ret=239.4s avg_lap=466.5s best_lap=455.5
t=5995.9 route=4 laps=14 crashes=1 avg_out=174.0s avg_ret=138.2s avg_lap=324.3s best_lap=306.5
t=5995.9 route=5 laps=13 crashes=0 avg_out=254.3s avg_ret=213.4s avg_lap=479.7s best_lap=462.6
t=5995.9 route=6 laps=15 crashes=1 avg_out=143.6s avg_ret=125.2s avg_lap=280.8s best_lap=271.2
t=5995.9 route=7 laps=15 crashes=0 avg_out=161.6s avg_ret=124.7s avg_lap=298.3s best_lap=291.9
t=5995.9 route=8 laps=15 crashes=0 avg_out=166.6s avg_ret=141.5s avg_lap=320.0s best_lap=311.2
t=5995.9 TOTAL laps=114 crashes=3
t=5995.9 TUNER gen=1 results=53/64 pending=8 active=8 remaining=11 next_trial=126 rounds=[8,7,7,8,7,8,8,8]
t=5997.4 LAUNCH_BLOCKED reason=tuner_capacity_full active=8 stored=1 no_active_s=0.0 state=IDLE tractor_cleanup=false elevator_transfer=false deck=Aircraft_11_nav_r1_125 pending=none clearance=none queue=0
t=6003.8 LZ_REACHED craft=Aircraft_11_nav_r3_119 route=3 outbound=217.2s t=6003.8
t=6004.5 LAP_CAPTURE craft=Aircraft_11_nav_r7_118 route=7 return=124.9s lap=298.2s carrier_dist=200m t=6004.4
t=6015.3 TUNING_REASSIGN craft=Aircraft_11_nav_r6_126 requested_route=6 assigned_route=2
t=6017.5 LAUNCH_BLOCKED reason=tuner_capacity_full active=8 stored=1 no_active_s=0.0 state=AIRCRAFT_ON_DECK tractor_cleanup=false elevator_transfer=true deck=Aircraft_11_nav_r6_126 pending=none clearance=none queue=0
t=6021.7 LZ_REACHED craft=Aircraft_11_nav_r2_121 route=2 outbound=184.8s t=6021.7
t=6022.8 SPAWN craft=Aircraft_11_nav_r6_126 route=2 candidate=1 trial=126 t=6022.8
t=6025.9 ==== SUMMARY t=6025.9 ====
t=6025.9 route=1 laps=16 crashes=0 avg_out=147.7s avg_ret=134.5s avg_lap=294.2s best_lap=280.7
t=6026.0 route=2 laps=13 crashes=1 avg_out=178.7s avg_ret=203.0s avg_lap=393.3s best_lap=381.0
t=6026.0 route=3 laps=13 crashes=0 avg_out=215.3s avg_ret=239.4s avg_lap=466.5s best_lap=455.5
t=6026.0 route=4 laps=14 crashes=1 avg_out=174.0s avg_ret=138.2s avg_lap=324.3s best_lap=306.5
t=6026.0 route=5 laps=13 crashes=0 avg_out=254.3s avg_ret=213.4s avg_lap=479.7s best_lap=462.6
t=6026.0 route=6 laps=15 crashes=1 avg_out=143.6s avg_ret=125.2s avg_lap=280.8s best_lap=271.2
t=6026.0 route=7 laps=16 crashes=0 avg_out=161.6s avg_ret=124.7s avg_lap=298.3s best_lap=291.9
t=6026.0 route=8 laps=15 crashes=0 avg_out=166.6s avg_ret=141.5s avg_lap=320.0s best_lap=311.2
t=6026.0 TOTAL laps=115 crashes=3
t=6026.0 TUNER gen=1 results=54/64 pending=8 active=8 remaining=10 next_trial=127 rounds=[8,8,7,8,7,8,8,8]
t=6032.6 LAUNCH_BLOCKED reason=tuner_capacity_full active=8 stored=1 no_active_s=0.0 state=IDLE tractor_cleanup=false elevator_transfer=false deck=Aircraft_11_nav_r6_126 pending=none clearance=none queue=0
t=6047.7 LAUNCH_BLOCKED reason=tuner_capacity_full active=8 stored=1 no_active_s=0.0 state=IDLE tractor_cleanup=false elevator_transfer=false deck=Aircraft_11_nav_r6_126 pending=none clearance=none queue=0
t=6056.0 ==== SUMMARY t=6056.0 ====
t=6056.0 route=1 laps=16 crashes=0 avg_out=147.7s avg_ret=134.5s avg_lap=294.2s best_lap=280.7
t=6056.0 route=2 laps=13 crashes=1 avg_out=178.7s avg_ret=203.0s avg_lap=393.3s best_lap=381.0
t=6056.0 route=3 laps=13 crashes=0 avg_out=215.3s avg_ret=239.4s avg_lap=466.5s best_lap=455.5
t=6056.0 route=4 laps=14 crashes=1 avg_out=174.0s avg_ret=138.2s avg_lap=324.3s best_lap=306.5
t=6056.0 route=5 laps=13 crashes=0 avg_out=254.3s avg_ret=213.4s avg_lap=479.7s best_lap=462.6
t=6056.0 route=6 laps=15 crashes=1 avg_out=143.6s avg_ret=125.2s avg_lap=280.8s best_lap=271.2
t=6056.0 route=7 laps=16 crashes=0 avg_out=161.6s avg_ret=124.7s avg_lap=298.3s best_lap=291.9
t=6056.0 route=8 laps=15 crashes=0 avg_out=166.6s avg_ret=141.5s avg_lap=320.0s best_lap=311.2
t=6056.0 TOTAL laps=115 crashes=3
t=6056.0 TUNER gen=1 results=54/64 pending=8 active=8 remaining=10 next_trial=127 rounds=[8,8,7,8,7,8,8,8]
t=6061.7 LZ_REACHED craft=Aircraft_11_nav_r8_124 route=8 outbound=164.6s t=6061.7
t=6062.7 LAUNCH_BLOCKED reason=tuner_capacity_full active=8 stored=1 no_active_s=0.0 state=IDLE tractor_cleanup=false elevator_transfer=false deck=Aircraft_11_nav_r6_126 pending=none clearance=none queue=0
t=6077.8 LAUNCH_BLOCKED reason=tuner_capacity_full active=8 stored=1 no_active_s=0.0 state=IDLE tractor_cleanup=false elevator_transfer=false deck=Aircraft_11_nav_r6_126 pending=none clearance=none queue=0
t=6085.3 LZ_REACHED craft=Aircraft_11_nav_r6_123 route=3 outbound=208.2s t=6085.3
t=6086.0 ==== SUMMARY t=6086.0 ====
t=6086.0 route=1 laps=16 crashes=0 avg_out=147.7s avg_ret=134.5s avg_lap=294.2s best_lap=280.7
t=6086.0 route=2 laps=13 crashes=1 avg_out=178.7s avg_ret=203.0s avg_lap=393.3s best_lap=381.0
t=6086.0 route=3 laps=13 crashes=0 avg_out=214.8s avg_ret=239.4s avg_lap=466.5s best_lap=455.5
t=6086.0 route=4 laps=14 crashes=1 avg_out=174.0s avg_ret=138.2s avg_lap=324.3s best_lap=306.5
t=6086.0 route=5 laps=13 crashes=0 avg_out=254.3s avg_ret=213.4s avg_lap=479.7s best_lap=462.6
t=6086.0 route=6 laps=15 crashes=1 avg_out=143.6s avg_ret=125.2s avg_lap=280.8s best_lap=271.2
t=6086.0 route=7 laps=16 crashes=0 avg_out=161.6s avg_ret=124.7s avg_lap=298.3s best_lap=291.9
t=6086.0 route=8 laps=15 crashes=0 avg_out=166.4s avg_ret=141.5s avg_lap=320.0s best_lap=311.2
t=6086.0 TOTAL laps=115 crashes=3
t=6086.0 TUNER gen=1 results=54/64 pending=8 active=8 remaining=10 next_trial=127 rounds=[8,8,7,8,7,8,8,8]
t=6092.8 LAUNCH_BLOCKED reason=tuner_capacity_full active=8 stored=1 no_active_s=0.0 state=IDLE tractor_cleanup=false elevator_transfer=false deck=Aircraft_11_nav_r6_126 pending=none clearance=none queue=0
t=6107.9 LAUNCH_BLOCKED reason=tuner_capacity_full active=8 stored=1 no_active_s=0.0 state=IDLE tractor_cleanup=false elevator_transfer=false deck=Aircraft_11_nav_r6_126 pending=none clearance=none queue=0
t=6114.8 LZ_REACHED craft=Aircraft_11_nav_r1_122 route=5 outbound=257.9s t=6114.8
t=6116.0 ==== SUMMARY t=6116.0 ====
t=6116.0 route=1 laps=16 crashes=0 avg_out=147.7s avg_ret=134.5s avg_lap=294.2s best_lap=280.7
t=6116.0 route=2 laps=13 crashes=1 avg_out=178.7s avg_ret=203.0s avg_lap=393.3s best_lap=381.0
t=6116.0 route=3 laps=13 crashes=0 avg_out=214.8s avg_ret=239.4s avg_lap=466.5s best_lap=455.5
t=6116.0 route=4 laps=14 crashes=1 avg_out=174.0s avg_ret=138.2s avg_lap=324.3s best_lap=306.5
t=6116.1 route=5 laps=13 crashes=0 avg_out=254.5s avg_ret=213.4s avg_lap=479.7s best_lap=462.6
t=6116.1 route=6 laps=15 crashes=1 avg_out=143.6s avg_ret=125.2s avg_lap=280.8s best_lap=271.2
t=6116.1 route=7 laps=16 crashes=0 avg_out=161.6s avg_ret=124.7s avg_lap=298.3s best_lap=291.9
t=6116.1 route=8 laps=15 crashes=0 avg_out=166.4s avg_ret=141.5s avg_lap=320.0s best_lap=311.2
t=6116.1 TOTAL laps=115 crashes=3
t=6116.1 TUNER gen=1 results=54/64 pending=8 active=8 remaining=10 next_trial=127 rounds=[8,8,7,8,7,8,8,8]
t=6122.9 LAUNCH_BLOCKED reason=tuner_capacity_full active=8 stored=1 no_active_s=0.0 state=IDLE tractor_cleanup=false elevator_transfer=false deck=Aircraft_11_nav_r6_126 pending=none clearance=none queue=0
t=6133.9 LAP_CAPTURE craft=Aircraft_11_nav_r4_120 route=4 return=136.4s lap=317.2s carrier_dist=200m t=6133.9
t=6138.0 LAUNCH_BLOCKED reason=cleared_unready_nav_deck_aircraft active=7 stored=1 no_active_s=0.0 state=IDLE tractor_cleanup=false elevator_transfer=false deck=Aircraft_11_nav_r6_126 pending=none clearance=none queue=0
t=6145.9 TUNING_REASSIGN craft=Aircraft_11_nav_r1_127 requested_route=1 assigned_route=3
t=6146.1 ==== SUMMARY t=6146.1 ====
t=6146.1 route=1 laps=16 crashes=0 avg_out=147.7s avg_ret=134.5s avg_lap=294.2s best_lap=280.7
t=6146.1 route=2 laps=13 crashes=1 avg_out=178.7s avg_ret=203.0s avg_lap=393.3s best_lap=381.0
t=6146.1 route=3 laps=13 crashes=0 avg_out=214.8s avg_ret=239.4s avg_lap=466.5s best_lap=455.5
t=6146.1 route=4 laps=15 crashes=1 avg_out=174.0s avg_ret=138.1s avg_lap=323.8s best_lap=306.5
t=6146.1 route=5 laps=13 crashes=0 avg_out=254.5s avg_ret=213.4s avg_lap=479.7s best_lap=462.6
t=6146.1 route=6 laps=15 crashes=1 avg_out=143.6s avg_ret=125.2s avg_lap=280.8s best_lap=271.2
t=6146.1 route=7 laps=16 crashes=0 avg_out=161.6s avg_ret=124.7s avg_lap=298.3s best_lap=291.9
t=6146.1 route=8 laps=15 crashes=0 avg_out=166.4s avg_ret=141.5s avg_lap=320.0s best_lap=311.2
t=6146.2 TOTAL laps=116 crashes=3
t=6146.2 TUNER gen=1 results=55/64 pending=8 active=8 remaining=9 next_trial=128 rounds=[8,8,8,8,7,8,8,8]
t=6153.1 LAUNCH_BLOCKED reason=tuner_capacity_full active=8 stored=1 no_active_s=0.0 state=AIRCRAFT_ON_DECK tractor_cleanup=false elevator_transfer=false deck=Aircraft_11_nav_r1_127 pending=none clearance=none queue=0
t=6153.4 SPAWN craft=Aircraft_11_nav_r1_127 route=3 candidate=2 trial=127 t=6153.4
t=6168.2 LAUNCH_BLOCKED reason=tuner_capacity_full active=8 stored=1 no_active_s=0.0 state=IDLE tractor_cleanup=false elevator_transfer=false deck=Aircraft_11_nav_r1_127 pending=none clearance=none queue=0
t=6170.8 LZ_REACHED craft=Aircraft_11_nav_r1_125 route=5 outbound=248.4s t=6170.8
t=6176.2 ==== SUMMARY t=6176.2 ====
t=6176.2 route=1 laps=16 crashes=0 avg_out=147.7s avg_ret=134.5s avg_lap=294.2s best_lap=280.7
t=6176.2 route=2 laps=13 crashes=1 avg_out=178.7s avg_ret=203.0s avg_lap=393.3s best_lap=381.0
t=6176.2 route=3 laps=13 crashes=0 avg_out=214.8s avg_ret=239.4s avg_lap=466.5s best_lap=455.5
t=6176.2 route=4 laps=15 crashes=1 avg_out=174.0s avg_ret=138.1s avg_lap=323.8s best_lap=306.5
t=6176.2 route=5 laps=13 crashes=0 avg_out=254.1s avg_ret=213.4s avg_lap=479.7s best_lap=462.6
t=6176.2 route=6 laps=15 crashes=1 avg_out=143.6s avg_ret=125.2s avg_lap=280.8s best_lap=271.2
t=6176.2 route=7 laps=16 crashes=0 avg_out=161.6s avg_ret=124.7s avg_lap=298.3s best_lap=291.9
t=6176.2 route=8 laps=15 crashes=0 avg_out=166.4s avg_ret=141.5s avg_lap=320.0s best_lap=311.2
t=6176.2 TOTAL laps=116 crashes=3
t=6176.2 TUNER gen=1 results=55/64 pending=8 active=8 remaining=9 next_trial=128 rounds=[8,8,8,8,7,8,8,8]
t=6183.2 LAUNCH_BLOCKED reason=tuner_capacity_full active=8 stored=1 no_active_s=0.0 state=IDLE tractor_cleanup=false elevator_transfer=false deck=Aircraft_11_nav_r1_127 pending=none clearance=none queue=0
t=6198.3 LAUNCH_BLOCKED reason=tuner_capacity_full active=8 stored=1 no_active_s=0.0 state=IDLE tractor_cleanup=false elevator_transfer=false deck=Aircraft_11_nav_r1_127 pending=none clearance=none queue=0
t=6199.2 LZ_REACHED craft=Aircraft_11_nav_r6_126 route=2 outbound=176.4s t=6199.2
t=6206.3 ==== SUMMARY t=6206.3 ====
t=6206.3 route=1 laps=16 crashes=0 avg_out=147.7s avg_ret=134.5s avg_lap=294.2s best_lap=280.7
t=6206.3 route=2 laps=13 crashes=1 avg_out=178.6s avg_ret=203.0s avg_lap=393.3s best_lap=381.0
t=6206.3 route=3 laps=13 crashes=0 avg_out=214.8s avg_ret=239.4s avg_lap=466.5s best_lap=455.5
t=6206.3 route=4 laps=15 crashes=1 avg_out=174.0s avg_ret=138.1s avg_lap=323.8s best_lap=306.5
t=6206.3 route=5 laps=13 crashes=0 avg_out=254.1s avg_ret=213.4s avg_lap=479.7s best_lap=462.6
t=6206.3 route=6 laps=15 crashes=1 avg_out=143.6s avg_ret=125.2s avg_lap=280.8s best_lap=271.2
t=6206.3 route=7 laps=16 crashes=0 avg_out=161.6s avg_ret=124.7s avg_lap=298.3s best_lap=291.9
t=6206.3 route=8 laps=15 crashes=0 avg_out=166.4s avg_ret=141.5s avg_lap=320.0s best_lap=311.2
t=6206.3 TOTAL laps=116 crashes=3
t=6206.3 TUNER gen=1 results=55/64 pending=8 active=8 remaining=9 next_trial=128 rounds=[8,8,8,8,7,8,8,8]
t=6209.0 LAP_CAPTURE craft=Aircraft_11_nav_r8_124 route=8 return=135.2s lap=311.8s carrier_dist=200m t=6209.0
t=6213.4 LAUNCH_BLOCKED reason=cleared_unready_nav_deck_aircraft active=7 stored=1 no_active_s=0.0 state=IDLE tractor_cleanup=false elevator_transfer=false deck=Aircraft_11_nav_r1_127 pending=none clearance=none queue=0
t=6221.2 TUNING_REASSIGN craft=Aircraft_11_nav_r4_128 requested_route=4 assigned_route=5
t=6228.5 LAUNCH_BLOCKED reason=tuner_capacity_full active=8 stored=1 no_active_s=0.0 state=AIRCRAFT_ON_DECK tractor_cleanup=false elevator_transfer=false deck=Aircraft_11_nav_r4_128 pending=none clearance=none queue=0
t=6228.8 SPAWN craft=Aircraft_11_nav_r4_128 route=5 candidate=4 trial=128 t=6228.8
t=6236.4 ==== SUMMARY t=6236.4 ====
t=6236.4 route=1 laps=16 crashes=0 avg_out=147.7s avg_ret=134.5s avg_lap=294.2s best_lap=280.7
t=6236.4 route=2 laps=13 crashes=1 avg_out=178.6s avg_ret=203.0s avg_lap=393.3s best_lap=381.0
t=6236.4 route=3 laps=13 crashes=0 avg_out=214.8s avg_ret=239.4s avg_lap=466.5s best_lap=455.5
t=6236.4 route=4 laps=15 crashes=1 avg_out=174.0s avg_ret=138.1s avg_lap=323.8s best_lap=306.5
t=6236.4 route=5 laps=13 crashes=0 avg_out=254.1s avg_ret=213.4s avg_lap=479.7s best_lap=462.6
t=6236.4 route=6 laps=15 crashes=1 avg_out=143.6s avg_ret=125.2s avg_lap=280.8s best_lap=271.2
t=6236.4 route=7 laps=16 crashes=0 avg_out=161.6s avg_ret=124.7s avg_lap=298.3s best_lap=291.9
t=6236.4 route=8 laps=16 crashes=0 avg_out=166.4s avg_ret=141.1s avg_lap=319.5s best_lap=311.2
t=6236.4 TOTAL laps=117 crashes=3
t=6236.4 TUNER gen=1 results=56/64 pending=8 active=8 remaining=8 next_trial=129 rounds=[8,8,8,8,8,8,8,8]
t=6243.6 LAUNCH_BLOCKED reason=tuner_capacity_full active=8 stored=1 no_active_s=0.0 state=IDLE tractor_cleanup=false elevator_transfer=false deck=Aircraft_11_nav_r4_128 pending=none clearance=none queue=0
t=6246.5 LAP_CAPTURE craft=Aircraft_11_nav_r2_121 route=2 return=212.8s lap=409.7s carrier_dist=200m t=6246.5
t=6258.6 LAUNCH_BLOCKED reason=tuner_capacity_full active=7 stored=1 no_active_s=0.0 state=IDLE tractor_cleanup=false elevator_transfer=false deck=Aircraft_11_nav_r4_128 pending=none clearance=none queue=0
t=6266.4 ==== SUMMARY t=6266.4 ====
t=6266.4 route=1 laps=16 crashes=0 avg_out=147.7s avg_ret=134.5s avg_lap=294.2s best_lap=280.7
t=6266.4 route=2 laps=14 crashes=1 avg_out=178.6s avg_ret=203.7s avg_lap=394.5s best_lap=381.0
t=6266.4 route=3 laps=13 crashes=0 avg_out=214.8s avg_ret=239.4s avg_lap=466.5s best_lap=455.5
t=6266.4 route=4 laps=15 crashes=1 avg_out=174.0s avg_ret=138.1s avg_lap=323.8s best_lap=306.5
t=6266.4 route=5 laps=13 crashes=0 avg_out=254.1s avg_ret=213.4s avg_lap=479.7s best_lap=462.6
t=6266.4 route=6 laps=15 crashes=1 avg_out=143.6s avg_ret=125.2s avg_lap=280.8s best_lap=271.2
t=6266.4 route=7 laps=16 crashes=0 avg_out=161.6s avg_ret=124.7s avg_lap=298.3s best_lap=291.9
t=6266.4 route=8 laps=16 crashes=0 avg_out=166.4s avg_ret=141.1s avg_lap=319.5s best_lap=311.2
t=6266.4 TOTAL laps=118 crashes=3
t=6266.4 TUNER gen=1 results=57/64 pending=7 active=7 remaining=7 next_trial=129 rounds=[8,8,8,8,8,8,8,8]
t=6273.7 LAUNCH_BLOCKED reason=tuner_capacity_full active=7 stored=1 no_active_s=0.0 state=IDLE tractor_cleanup=false elevator_transfer=false deck=Aircraft_11_nav_r4_128 pending=none clearance=none queue=0
t=6275.8 LAP_CAPTURE craft=Aircraft_11_nav_r3_119 route=3 return=260.0s lap=489.2s carrier_dist=200m t=6275.8
t=6288.7 LAUNCH_BLOCKED reason=tuner_capacity_full active=6 stored=1 no_active_s=0.0 state=IDLE tractor_cleanup=false elevator_transfer=false deck=Aircraft_11_nav_r4_128 pending=none clearance=none queue=0
t=6296.4 ==== SUMMARY t=6296.4 ====
t=6296.4 route=1 laps=16 crashes=0 avg_out=147.7s avg_ret=134.5s avg_lap=294.2s best_lap=280.7
t=6296.4 route=2 laps=14 crashes=1 avg_out=178.6s avg_ret=203.7s avg_lap=394.5s best_lap=381.0
t=6296.4 route=3 laps=14 crashes=0 avg_out=214.8s avg_ret=240.8s avg_lap=468.1s best_lap=455.5
t=6296.4 route=4 laps=15 crashes=1 avg_out=174.0s avg_ret=138.1s avg_lap=323.8s best_lap=306.5
t=6296.4 route=5 laps=13 crashes=0 avg_out=254.1s avg_ret=213.4s avg_lap=479.7s best_lap=462.6
t=6296.4 route=6 laps=15 crashes=1 avg_out=143.6s avg_ret=125.2s avg_lap=280.8s best_lap=271.2
t=6296.4 route=7 laps=16 crashes=0 avg_out=161.6s avg_ret=124.7s avg_lap=298.3s best_lap=291.9
t=6296.4 route=8 laps=16 crashes=0 avg_out=166.4s avg_ret=141.1s avg_lap=319.5s best_lap=311.2
t=6296.4 TOTAL laps=119 crashes=3
t=6296.4 TUNER gen=1 results=58/64 pending=6 active=6 remaining=6 next_trial=129 rounds=[8,8,8,8,8,8,8,8]
t=6303.8 LAUNCH_BLOCKED reason=tuner_capacity_full active=6 stored=1 no_active_s=0.0 state=IDLE tractor_cleanup=false elevator_transfer=false deck=Aircraft_11_nav_r4_128 pending=none clearance=none queue=0
t=6318.8 LAUNCH_BLOCKED reason=tuner_capacity_full active=6 stored=1 no_active_s=0.0 state=IDLE tractor_cleanup=false elevator_transfer=false deck=Aircraft_11_nav_r4_128 pending=none clearance=none queue=0
t=6326.4 ==== SUMMARY t=6326.4 ====
t=6326.4 route=1 laps=16 crashes=0 avg_out=147.7s avg_ret=134.5s avg_lap=294.2s best_lap=280.7
t=6326.4 route=2 laps=14 crashes=1 avg_out=178.6s avg_ret=203.7s avg_lap=394.5s best_lap=381.0
t=6326.4 route=3 laps=14 crashes=0 avg_out=214.8s avg_ret=240.8s avg_lap=468.1s best_lap=455.5
t=6326.4 route=4 laps=15 crashes=1 avg_out=174.0s avg_ret=138.1s avg_lap=323.8s best_lap=306.5
t=6326.4 route=5 laps=13 crashes=0 avg_out=254.1s avg_ret=213.4s avg_lap=479.7s best_lap=462.6
t=6326.4 route=6 laps=15 crashes=1 avg_out=143.6s avg_ret=125.2s avg_lap=280.8s best_lap=271.2
t=6326.4 route=7 laps=16 crashes=0 avg_out=161.6s avg_ret=124.7s avg_lap=298.3s best_lap=291.9
t=6326.4 route=8 laps=16 crashes=0 avg_out=166.4s avg_ret=141.1s avg_lap=319.5s best_lap=311.2
t=6326.4 TOTAL laps=119 crashes=3
t=6326.5 TUNER gen=1 results=58/64 pending=6 active=6 remaining=6 next_trial=129 rounds=[8,8,8,8,8,8,8,8]
t=6331.8 LAP_CAPTURE craft=Aircraft_11_nav_r6_123 route=3 return=234.5s lap=454.7s carrier_dist=200m t=6331.8
t=6333.9 LAUNCH_BLOCKED reason=tuner_capacity_full active=5 stored=1 no_active_s=0.0 state=IDLE tractor_cleanup=false elevator_transfer=false deck=Aircraft_11_nav_r4_128 pending=none clearance=none queue=0
t=6341.3 LAP_CAPTURE craft=Aircraft_11_nav_r1_122 route=5 return=214.5s lap=484.4s carrier_dist=200m t=6341.3
t=6348.9 LAUNCH_BLOCKED reason=tuner_capacity_full active=4 stored=1 no_active_s=0.0 state=IDLE tractor_cleanup=false elevator_transfer=false deck=Aircraft_11_nav_r4_128 pending=none clearance=none queue=0
t=6356.4 ==== SUMMARY t=6356.4 ====
t=6356.4 route=1 laps=16 crashes=0 avg_out=147.7s avg_ret=134.5s avg_lap=294.2s best_lap=280.7
t=6356.4 route=2 laps=14 crashes=1 avg_out=178.6s avg_ret=203.7s avg_lap=394.5s best_lap=381.0
t=6356.4 route=3 laps=15 crashes=0 avg_out=214.8s avg_ret=240.4s avg_lap=467.2s best_lap=454.7
t=6356.4 route=4 laps=15 crashes=1 avg_out=174.0s avg_ret=138.1s avg_lap=323.8s best_lap=306.5
t=6356.4 route=5 laps=14 crashes=0 avg_out=254.1s avg_ret=213.5s avg_lap=480.0s best_lap=462.6
t=6356.4 route=6 laps=15 crashes=1 avg_out=143.6s avg_ret=125.2s avg_lap=280.8s best_lap=271.2
t=6356.5 route=7 laps=16 crashes=0 avg_out=161.6s avg_ret=124.7s avg_lap=298.3s best_lap=291.9
t=6356.5 route=8 laps=16 crashes=0 avg_out=166.4s avg_ret=141.1s avg_lap=319.5s best_lap=311.2
t=6356.5 TOTAL laps=121 crashes=3
t=6356.5 TUNER gen=1 results=60/64 pending=4 active=4 remaining=4 next_trial=129 rounds=[8,8,8,8,8,8,8,8]
t=6364.0 LAUNCH_BLOCKED reason=tuner_capacity_full active=4 stored=1 no_active_s=0.0 state=IDLE tractor_cleanup=false elevator_transfer=false deck=Aircraft_11_nav_r4_128 pending=none clearance=none queue=0
t=6369.6 LZ_REACHED craft=Aircraft_11_nav_r1_127 route=3 outbound=216.2s t=6369.6
t=6379.0 LAUNCH_BLOCKED reason=tuner_capacity_full active=4 stored=1 no_active_s=0.0 state=IDLE tractor_cleanup=false elevator_transfer=false deck=Aircraft_11_nav_r4_128 pending=none clearance=none queue=0
t=6386.4 ==== SUMMARY t=6386.4 ====
t=6386.4 route=1 laps=16 crashes=0 avg_out=147.7s avg_ret=134.5s avg_lap=294.2s best_lap=280.7
t=6386.4 route=2 laps=14 crashes=1 avg_out=178.6s avg_ret=203.7s avg_lap=394.5s best_lap=381.0
t=6386.5 route=3 laps=15 crashes=0 avg_out=214.9s avg_ret=240.4s avg_lap=467.2s best_lap=454.7
t=6386.5 route=4 laps=15 crashes=1 avg_out=174.0s avg_ret=138.1s avg_lap=323.8s best_lap=306.5
t=6386.5 route=5 laps=14 crashes=0 avg_out=254.1s avg_ret=213.5s avg_lap=480.0s best_lap=462.6
t=6386.5 route=6 laps=15 crashes=1 avg_out=143.6s avg_ret=125.2s avg_lap=280.8s best_lap=271.2
t=6386.5 route=7 laps=16 crashes=0 avg_out=161.6s avg_ret=124.7s avg_lap=298.3s best_lap=291.9
t=6386.5 route=8 laps=16 crashes=0 avg_out=166.4s avg_ret=141.1s avg_lap=319.5s best_lap=311.2
t=6386.5 TOTAL laps=121 crashes=3
t=6386.5 TUNER gen=1 results=60/64 pending=4 active=4 remaining=4 next_trial=129 rounds=[8,8,8,8,8,8,8,8]
t=6388.3 LAP_CAPTURE craft=Aircraft_11_nav_r1_125 route=5 return=205.6s lap=466.0s carrier_dist=200m t=6388.3
t=6394.1 LAUNCH_BLOCKED reason=tuner_capacity_full active=3 stored=1 no_active_s=0.0 state=IDLE tractor_cleanup=false elevator_transfer=false deck=Aircraft_11_nav_r4_128 pending=none clearance=none queue=0
t=6406.0 LAP_CAPTURE craft=Aircraft_11_nav_r6_126 route=2 return=194.8s lap=383.2s carrier_dist=200m t=6406.0
t=6409.1 LAUNCH_BLOCKED reason=tuner_capacity_full active=2 stored=1 no_active_s=0.0 state=IDLE tractor_cleanup=false elevator_transfer=false deck=Aircraft_11_nav_r4_128 pending=none clearance=none queue=0
t=6416.4 ==== SUMMARY t=6416.4 ====
t=6416.4 route=1 laps=16 crashes=0 avg_out=147.7s avg_ret=134.5s avg_lap=294.2s best_lap=280.7
t=6416.4 route=2 laps=15 crashes=1 avg_out=178.6s avg_ret=203.1s avg_lap=393.7s best_lap=381.0
t=6416.5 route=3 laps=15 crashes=0 avg_out=214.9s avg_ret=240.4s avg_lap=467.2s best_lap=454.7
t=6416.5 route=4 laps=15 crashes=1 avg_out=174.0s avg_ret=138.1s avg_lap=323.8s best_lap=306.5
t=6416.5 route=5 laps=15 crashes=0 avg_out=254.1s avg_ret=213.0s avg_lap=479.1s best_lap=462.6
t=6416.5 route=6 laps=15 crashes=1 avg_out=143.6s avg_ret=125.2s avg_lap=280.8s best_lap=271.2
t=6416.5 route=7 laps=16 crashes=0 avg_out=161.6s avg_ret=124.7s avg_lap=298.3s best_lap=291.9
t=6416.5 route=8 laps=16 crashes=0 avg_out=166.4s avg_ret=141.1s avg_lap=319.5s best_lap=311.2
t=6416.5 TOTAL laps=123 crashes=3
t=6416.5 TUNER gen=1 results=62/64 pending=2 active=2 remaining=2 next_trial=129 rounds=[8,8,8,8,8,8,8,8]
t=6424.2 LAUNCH_BLOCKED reason=tuner_capacity_full active=2 stored=1 no_active_s=0.0 state=IDLE tractor_cleanup=false elevator_transfer=false deck=Aircraft_11_nav_r4_128 pending=none clearance=none queue=0
t=6439.2 LAUNCH_BLOCKED reason=tuner_capacity_full active=2 stored=1 no_active_s=0.0 state=IDLE tractor_cleanup=false elevator_transfer=false deck=Aircraft_11_nav_r4_128 pending=none clearance=none queue=0
t=6446.5 ==== SUMMARY t=6446.5 ====
t=6446.5 route=1 laps=16 crashes=0 avg_out=147.7s avg_ret=134.5s avg_lap=294.2s best_lap=280.7
t=6446.5 route=2 laps=15 crashes=1 avg_out=178.6s avg_ret=203.1s avg_lap=393.7s best_lap=381.0
t=6446.5 route=3 laps=15 crashes=0 avg_out=214.9s avg_ret=240.4s avg_lap=467.2s best_lap=454.7
t=6446.5 route=4 laps=15 crashes=1 avg_out=174.0s avg_ret=138.1s avg_lap=323.8s best_lap=306.5
t=6446.5 route=5 laps=15 crashes=0 avg_out=254.1s avg_ret=213.0s avg_lap=479.1s best_lap=462.6
t=6446.5 route=6 laps=15 crashes=1 avg_out=143.6s avg_ret=125.2s avg_lap=280.8s best_lap=271.2
t=6446.5 route=7 laps=16 crashes=0 avg_out=161.6s avg_ret=124.7s avg_lap=298.3s best_lap=291.9
t=6446.5 route=8 laps=16 crashes=0 avg_out=166.4s avg_ret=141.1s avg_lap=319.5s best_lap=311.2
t=6446.5 TOTAL laps=123 crashes=3
t=6446.5 TUNER gen=1 results=62/64 pending=2 active=2 remaining=2 next_trial=129 rounds=[8,8,8,8,8,8,8,8]
t=6454.3 LAUNCH_BLOCKED reason=tuner_capacity_full active=2 stored=1 no_active_s=0.0 state=IDLE tractor_cleanup=false elevator_transfer=false deck=Aircraft_11_nav_r4_128 pending=none clearance=none queue=0
t=6469.3 LAUNCH_BLOCKED reason=tuner_capacity_full active=2 stored=1 no_active_s=0.0 state=IDLE tractor_cleanup=false elevator_transfer=false deck=Aircraft_11_nav_r4_128 pending=none clearance=none queue=0
t=6476.5 ==== SUMMARY t=6476.5 ====
t=6476.5 route=1 laps=16 crashes=0 avg_out=147.7s avg_ret=134.5s avg_lap=294.2s best_lap=280.7
t=6476.5 route=2 laps=15 crashes=1 avg_out=178.6s avg_ret=203.1s avg_lap=393.7s best_lap=381.0
t=6476.5 route=3 laps=15 crashes=0 avg_out=214.9s avg_ret=240.4s avg_lap=467.2s best_lap=454.7
t=6476.5 route=4 laps=15 crashes=1 avg_out=174.0s avg_ret=138.1s avg_lap=323.8s best_lap=306.5
t=6476.5 route=5 laps=15 crashes=0 avg_out=254.1s avg_ret=213.0s avg_lap=479.1s best_lap=462.6
t=6476.5 route=6 laps=15 crashes=1 avg_out=143.6s avg_ret=125.2s avg_lap=280.8s best_lap=271.2
t=6476.5 route=7 laps=16 crashes=0 avg_out=161.6s avg_ret=124.7s avg_lap=298.3s best_lap=291.9
t=6476.5 route=8 laps=16 crashes=0 avg_out=166.4s avg_ret=141.1s avg_lap=319.5s best_lap=311.2
t=6476.5 TOTAL laps=123 crashes=3
t=6476.5 TUNER gen=1 results=62/64 pending=2 active=2 remaining=2 next_trial=129 rounds=[8,8,8,8,8,8,8,8]
t=6476.7 LZ_REACHED craft=Aircraft_11_nav_r4_128 route=5 outbound=247.9s t=6476.7
t=6484.4 LAUNCH_BLOCKED reason=tuner_capacity_full active=2 stored=1 no_active_s=0.0 state=IDLE tractor_cleanup=false elevator_transfer=false deck=Aircraft_11_nav_r4_128 pending=none clearance=none queue=0
t=6499.5 LAUNCH_BLOCKED reason=tuner_capacity_full active=2 stored=1 no_active_s=0.0 state=IDLE tractor_cleanup=false elevator_transfer=false deck=Aircraft_11_nav_r4_128 pending=none clearance=none queue=0
t=6506.6 ==== SUMMARY t=6506.6 ====
t=6506.6 route=1 laps=16 crashes=0 avg_out=147.7s avg_ret=134.5s avg_lap=294.2s best_lap=280.7
t=6506.6 route=2 laps=15 crashes=1 avg_out=178.6s avg_ret=203.1s avg_lap=393.7s best_lap=381.0
t=6506.6 route=3 laps=15 crashes=0 avg_out=214.9s avg_ret=240.4s avg_lap=467.2s best_lap=454.7
t=6506.6 route=4 laps=15 crashes=1 avg_out=174.0s avg_ret=138.1s avg_lap=323.8s best_lap=306.5
t=6506.6 route=5 laps=15 crashes=0 avg_out=253.7s avg_ret=213.0s avg_lap=479.1s best_lap=462.6
t=6506.6 route=6 laps=15 crashes=1 avg_out=143.6s avg_ret=125.2s avg_lap=280.8s best_lap=271.2
t=6506.6 route=7 laps=16 crashes=0 avg_out=161.6s avg_ret=124.7s avg_lap=298.3s best_lap=291.9
t=6506.6 route=8 laps=16 crashes=0 avg_out=166.4s avg_ret=141.1s avg_lap=319.5s best_lap=311.2
t=6506.6 TOTAL laps=123 crashes=3
t=6506.6 TUNER gen=1 results=62/64 pending=2 active=2 remaining=2 next_trial=129 rounds=[8,8,8,8,8,8,8,8]
t=6514.5 LAUNCH_BLOCKED reason=tuner_capacity_full active=2 stored=1 no_active_s=0.0 state=IDLE tractor_cleanup=false elevator_transfer=false deck=Aircraft_11_nav_r4_128 pending=none clearance=none queue=0
t=6529.6 LAUNCH_BLOCKED reason=tuner_capacity_full active=2 stored=1 no_active_s=0.0 state=IDLE tractor_cleanup=false elevator_transfer=false deck=Aircraft_11_nav_r4_128 pending=none clearance=none queue=0
t=6536.5 ==== SUMMARY t=6536.5 ====
t=6536.6 route=1 laps=16 crashes=0 avg_out=147.7s avg_ret=134.5s avg_lap=294.2s best_lap=280.7
t=6536.6 route=2 laps=15 crashes=1 avg_out=178.6s avg_ret=203.1s avg_lap=393.7s best_lap=381.0
t=6536.6 route=3 laps=15 crashes=0 avg_out=214.9s avg_ret=240.4s avg_lap=467.2s best_lap=454.7
t=6536.6 route=4 laps=15 crashes=1 avg_out=174.0s avg_ret=138.1s avg_lap=323.8s best_lap=306.5
t=6536.6 route=5 laps=15 crashes=0 avg_out=253.7s avg_ret=213.0s avg_lap=479.1s best_lap=462.6
t=6536.6 route=6 laps=15 crashes=1 avg_out=143.6s avg_ret=125.2s avg_lap=280.8s best_lap=271.2
t=6536.6 route=7 laps=16 crashes=0 avg_out=161.6s avg_ret=124.7s avg_lap=298.3s best_lap=291.9
t=6536.6 route=8 laps=16 crashes=0 avg_out=166.4s avg_ret=141.1s avg_lap=319.5s best_lap=311.2
t=6536.6 TOTAL laps=123 crashes=3
t=6536.6 TUNER gen=1 results=62/64 pending=2 active=2 remaining=2 next_trial=129 rounds=[8,8,8,8,8,8,8,8]
t=6544.6 LAUNCH_BLOCKED reason=tuner_capacity_full active=2 stored=1 no_active_s=0.0 state=IDLE tractor_cleanup=false elevator_transfer=false deck=Aircraft_11_nav_r4_128 pending=none clearance=none queue=0
t=6559.7 LAUNCH_BLOCKED reason=tuner_capacity_full active=2 stored=1 no_active_s=0.0 state=IDLE tractor_cleanup=false elevator_transfer=false deck=Aircraft_11_nav_r4_128 pending=none clearance=none queue=0
t=6566.6 ==== SUMMARY t=6566.6 ====
t=6566.6 route=1 laps=16 crashes=0 avg_out=147.7s avg_ret=134.5s avg_lap=294.2s best_lap=280.7
t=6566.6 route=2 laps=15 crashes=1 avg_out=178.6s avg_ret=203.1s avg_lap=393.7s best_lap=381.0
t=6566.6 route=3 laps=15 crashes=0 avg_out=214.9s avg_ret=240.4s avg_lap=467.2s best_lap=454.7
t=6566.6 route=4 laps=15 crashes=1 avg_out=174.0s avg_ret=138.1s avg_lap=323.8s best_lap=306.5
t=6566.6 route=5 laps=15 crashes=0 avg_out=253.7s avg_ret=213.0s avg_lap=479.1s best_lap=462.6
t=6566.6 route=6 laps=15 crashes=1 avg_out=143.6s avg_ret=125.2s avg_lap=280.8s best_lap=271.2
t=6566.6 route=7 laps=16 crashes=0 avg_out=161.6s avg_ret=124.7s avg_lap=298.3s best_lap=291.9
t=6566.6 route=8 laps=16 crashes=0 avg_out=166.4s avg_ret=141.1s avg_lap=319.5s best_lap=311.2
t=6566.6 TOTAL laps=123 crashes=3
t=6566.6 TUNER gen=1 results=62/64 pending=2 active=2 remaining=2 next_trial=129 rounds=[8,8,8,8,8,8,8,8]
t=6574.7 LAUNCH_BLOCKED reason=tuner_capacity_full active=2 stored=1 no_active_s=0.0 state=IDLE tractor_cleanup=false elevator_transfer=false deck=Aircraft_11_nav_r4_128 pending=none clearance=none queue=0
t=6589.8 LAUNCH_BLOCKED reason=tuner_capacity_full active=2 stored=1 no_active_s=0.0 state=IDLE tractor_cleanup=false elevator_transfer=false deck=Aircraft_11_nav_r4_128 pending=none clearance=none queue=0
t=6596.6 ==== SUMMARY t=6596.6 ====
t=6596.6 route=1 laps=16 crashes=0 avg_out=147.7s avg_ret=134.5s avg_lap=294.2s best_lap=280.7
t=6596.6 route=2 laps=15 crashes=1 avg_out=178.6s avg_ret=203.1s avg_lap=393.7s best_lap=381.0
t=6596.6 route=3 laps=15 crashes=0 avg_out=214.9s avg_ret=240.4s avg_lap=467.2s best_lap=454.7
t=6596.6 route=4 laps=15 crashes=1 avg_out=174.0s avg_ret=138.1s avg_lap=323.8s best_lap=306.5
t=6596.6 route=5 laps=15 crashes=0 avg_out=253.7s avg_ret=213.0s avg_lap=479.1s best_lap=462.6
t=6596.6 route=6 laps=15 crashes=1 avg_out=143.6s avg_ret=125.2s avg_lap=280.8s best_lap=271.2
t=6596.6 route=7 laps=16 crashes=0 avg_out=161.6s avg_ret=124.7s avg_lap=298.3s best_lap=291.9
t=6596.6 route=8 laps=16 crashes=0 avg_out=166.4s avg_ret=141.1s avg_lap=319.5s best_lap=311.2
t=6596.6 TOTAL laps=123 crashes=3
t=6596.7 TUNER gen=1 results=62/64 pending=2 active=2 remaining=2 next_trial=129 rounds=[8,8,8,8,8,8,8,8]
t=6604.8 LAUNCH_BLOCKED reason=tuner_capacity_full active=2 stored=1 no_active_s=0.0 state=IDLE tractor_cleanup=false elevator_transfer=false deck=Aircraft_11_nav_r4_128 pending=none clearance=none queue=0
t=6619.9 LAUNCH_BLOCKED reason=tuner_capacity_full active=2 stored=1 no_active_s=0.0 state=IDLE tractor_cleanup=false elevator_transfer=false deck=Aircraft_11_nav_r4_128 pending=none clearance=none queue=0
t=6620.3 LAP_CAPTURE craft=Aircraft_11_nav_r1_127 route=3 return=238.8s lap=466.9s carrier_dist=200m t=6620.3
t=6626.6 ==== SUMMARY t=6626.6 ====
t=6626.6 route=1 laps=16 crashes=0 avg_out=147.7s avg_ret=134.5s avg_lap=294.2s best_lap=280.7
t=6626.6 route=2 laps=15 crashes=1 avg_out=178.6s avg_ret=203.1s avg_lap=393.7s best_lap=381.0
t=6626.6 route=3 laps=16 crashes=0 avg_out=214.9s avg_ret=240.3s avg_lap=467.2s best_lap=454.7
t=6626.6 route=4 laps=15 crashes=1 avg_out=174.0s avg_ret=138.1s avg_lap=323.8s best_lap=306.5
t=6626.6 route=5 laps=15 crashes=0 avg_out=253.7s avg_ret=213.0s avg_lap=479.1s best_lap=462.6
t=6626.6 route=6 laps=15 crashes=1 avg_out=143.6s avg_ret=125.2s avg_lap=280.8s best_lap=271.2
t=6626.6 route=7 laps=16 crashes=0 avg_out=161.6s avg_ret=124.7s avg_lap=298.3s best_lap=291.9
t=6626.6 route=8 laps=16 crashes=0 avg_out=166.4s avg_ret=141.1s avg_lap=319.5s best_lap=311.2
t=6626.6 TOTAL laps=124 crashes=3
t=6626.7 TUNER gen=1 results=63/64 pending=1 active=1 remaining=1 next_trial=129 rounds=[8,8,8,8,8,8,8,8]
t=6634.9 LAUNCH_BLOCKED reason=tuner_capacity_full active=1 stored=1 no_active_s=0.0 state=IDLE tractor_cleanup=false elevator_transfer=false deck=Aircraft_11_nav_r4_128 pending=none clearance=none queue=0
t=6650.0 LAUNCH_BLOCKED reason=tuner_capacity_full active=1 stored=1 no_active_s=0.0 state=IDLE tractor_cleanup=false elevator_transfer=false deck=Aircraft_11_nav_r4_128 pending=none clearance=none queue=0
t=6656.6 ==== SUMMARY t=6656.6 ====
t=6656.6 route=1 laps=16 crashes=0 avg_out=147.7s avg_ret=134.5s avg_lap=294.2s best_lap=280.7
t=6656.6 route=2 laps=15 crashes=1 avg_out=178.6s avg_ret=203.1s avg_lap=393.7s best_lap=381.0
t=6656.6 route=3 laps=16 crashes=0 avg_out=214.9s avg_ret=240.3s avg_lap=467.2s best_lap=454.7
t=6656.6 route=4 laps=15 crashes=1 avg_out=174.0s avg_ret=138.1s avg_lap=323.8s best_lap=306.5
t=6656.7 route=5 laps=15 crashes=0 avg_out=253.7s avg_ret=213.0s avg_lap=479.1s best_lap=462.6
t=6656.7 route=6 laps=15 crashes=1 avg_out=143.6s avg_ret=125.2s avg_lap=280.8s best_lap=271.2
t=6656.7 route=7 laps=16 crashes=0 avg_out=161.6s avg_ret=124.7s avg_lap=298.3s best_lap=291.9
t=6656.7 route=8 laps=16 crashes=0 avg_out=166.4s avg_ret=141.1s avg_lap=319.5s best_lap=311.2
t=6656.7 TOTAL laps=124 crashes=3
t=6656.7 TUNER gen=1 results=63/64 pending=1 active=1 remaining=1 next_trial=129 rounds=[8,8,8,8,8,8,8,8]
t=6665.0 LAUNCH_BLOCKED reason=tuner_capacity_full active=1 stored=1 no_active_s=0.0 state=IDLE tractor_cleanup=false elevator_transfer=false deck=Aircraft_11_nav_r4_128 pending=none clearance=none queue=0
t=6680.1 LAUNCH_BLOCKED reason=tuner_capacity_full active=1 stored=1 no_active_s=0.0 state=IDLE tractor_cleanup=false elevator_transfer=false deck=Aircraft_11_nav_r4_128 pending=none clearance=none queue=0
t=6686.6 ==== SUMMARY t=6686.6 ====
t=6686.6 route=1 laps=16 crashes=0 avg_out=147.7s avg_ret=134.5s avg_lap=294.2s best_lap=280.7
t=6686.6 route=2 laps=15 crashes=1 avg_out=178.6s avg_ret=203.1s avg_lap=393.7s best_lap=381.0
t=6686.6 route=3 laps=16 crashes=0 avg_out=214.9s avg_ret=240.3s avg_lap=467.2s best_lap=454.7
t=6686.6 route=4 laps=15 crashes=1 avg_out=174.0s avg_ret=138.1s avg_lap=323.8s best_lap=306.5
t=6686.7 route=5 laps=15 crashes=0 avg_out=253.7s avg_ret=213.0s avg_lap=479.1s best_lap=462.6
t=6686.7 route=6 laps=15 crashes=1 avg_out=143.6s avg_ret=125.2s avg_lap=280.8s best_lap=271.2
t=6686.7 route=7 laps=16 crashes=0 avg_out=161.6s avg_ret=124.7s avg_lap=298.3s best_lap=291.9
t=6686.7 route=8 laps=16 crashes=0 avg_out=166.4s avg_ret=141.1s avg_lap=319.5s best_lap=311.2
t=6686.7 TOTAL laps=124 crashes=3
t=6686.7 TUNER gen=1 results=63/64 pending=1 active=1 remaining=1 next_trial=129 rounds=[8,8,8,8,8,8,8,8]
t=6695.1 LAUNCH_BLOCKED reason=tuner_capacity_full active=1 stored=1 no_active_s=0.0 state=IDLE tractor_cleanup=false elevator_transfer=false deck=Aircraft_11_nav_r4_128 pending=none clearance=none queue=0
t=6697.5 LAP_CAPTURE craft=Aircraft_11_nav_r4_128 route=5 return=208.8s lap=468.7s carrier_dist=200m t=6697.4
t=6697.5 IDLE_TUNER_WAIT gen=2 results=0/64 remaining=64 active_nav=0 stored=1 state=IDLE next_trial=129
t=6710.2 LAUNCH_BLOCKED reason=deck_busy active=1 stored=7 no_active_s=0.0 state=AIRCRAFT_ON_DECK tractor_cleanup=false elevator_transfer=true deck=Aircraft_11_nav_r1_129 pending=none clearance=none queue=0
t=6715.4 SPAWN craft=Aircraft_11_nav_r1_129 route=1 candidate=1 trial=129 t=6715.4
t=6716.7 ==== SUMMARY t=6716.6 ====
t=6716.7 route=1 laps=16 crashes=0 avg_out=147.7s avg_ret=134.5s avg_lap=294.2s best_lap=280.7
t=6716.7 route=2 laps=15 crashes=1 avg_out=178.6s avg_ret=203.1s avg_lap=393.7s best_lap=381.0
t=6716.7 route=3 laps=16 crashes=0 avg_out=214.9s avg_ret=240.3s avg_lap=467.2s best_lap=454.7
t=6716.7 route=4 laps=15 crashes=1 avg_out=174.0s avg_ret=138.1s avg_lap=323.8s best_lap=306.5
t=6716.7 route=5 laps=16 crashes=0 avg_out=253.7s avg_ret=212.7s avg_lap=478.5s best_lap=462.6
t=6716.7 route=6 laps=15 crashes=1 avg_out=143.6s avg_ret=125.2s avg_lap=280.8s best_lap=271.2
t=6716.7 route=7 laps=16 crashes=0 avg_out=161.6s avg_ret=124.7s avg_lap=298.3s best_lap=291.9
t=6716.7 route=8 laps=16 crashes=0 avg_out=166.4s avg_ret=141.1s avg_lap=319.5s best_lap=311.2
t=6716.7 TOTAL laps=125 crashes=3
t=6716.7 TUNER gen=2 results=0/64 pending=1 active=1 remaining=64 next_trial=130 rounds=[1,0,0,0,0,0,0,0]
t=6725.2 LAUNCH_BLOCKED reason=deck_busy active=2 stored=6 no_active_s=0.0 state=RETRIEVING_FROM_HANGAR tractor_cleanup=false elevator_transfer=false deck=Aircraft_11_nav_r2_130 pending=none clearance=none queue=0
t=6735.4 SPAWN craft=Aircraft_11_nav_r2_130 route=2 candidate=2 trial=130 t=6735.4
t=6740.3 LAUNCH_BLOCKED reason=cleared_unready_nav_deck_aircraft active=2 stored=6 no_active_s=0.0 state=IDLE tractor_cleanup=false elevator_transfer=false deck=Aircraft_11_nav_r2_130 pending=none clearance=none queue=0
t=6746.7 ==== SUMMARY t=6746.7 ====
t=6746.7 route=1 laps=16 crashes=0 avg_out=147.7s avg_ret=134.5s avg_lap=294.2s best_lap=280.7
t=6746.7 route=2 laps=15 crashes=1 avg_out=178.6s avg_ret=203.1s avg_lap=393.7s best_lap=381.0
t=6746.7 route=3 laps=16 crashes=0 avg_out=214.9s avg_ret=240.3s avg_lap=467.2s best_lap=454.7
t=6746.7 route=4 laps=15 crashes=1 avg_out=174.0s avg_ret=138.1s avg_lap=323.8s best_lap=306.5
t=6746.7 route=5 laps=16 crashes=0 avg_out=253.7s avg_ret=212.7s avg_lap=478.5s best_lap=462.6
t=6746.7 route=6 laps=15 crashes=1 avg_out=143.6s avg_ret=125.2s avg_lap=280.8s best_lap=271.2
t=6746.7 route=7 laps=16 crashes=0 avg_out=161.6s avg_ret=124.7s avg_lap=298.3s best_lap=291.9
t=6746.7 route=8 laps=16 crashes=0 avg_out=166.4s avg_ret=141.1s avg_lap=319.5s best_lap=311.2
t=6746.7 TOTAL laps=125 crashes=3
t=6746.7 TUNER gen=2 results=0/64 pending=2 active=2 remaining=64 next_trial=131 rounds=[1,1,0,0,0,0,0,0]
t=6755.3 LAUNCH_BLOCKED reason=deck_busy active=3 stored=5 no_active_s=0.0 state=AIRCRAFT_ON_DECK tractor_cleanup=false elevator_transfer=false deck=Aircraft_11_nav_r3_131 pending=none clearance=none queue=0
t=6755.5 SPAWN craft=Aircraft_11_nav_r3_131 route=3 candidate=3 trial=131 t=6755.5
t=6770.4 LAUNCH_BLOCKED reason=deck_busy active=4 stored=4 no_active_s=0.0 state=AIRCRAFT_ON_DECK tractor_cleanup=false elevator_transfer=true deck=Aircraft_11_nav_r4_132 pending=none clearance=none queue=0
t=6775.6 SPAWN craft=Aircraft_11_nav_r4_132 route=4 candidate=4 trial=132 t=6775.6
t=6776.7 ==== SUMMARY t=6776.7 ====
t=6776.7 route=1 laps=16 crashes=0 avg_out=147.7s avg_ret=134.5s avg_lap=294.2s best_lap=280.7
t=6776.7 route=2 laps=15 crashes=1 avg_out=178.6s avg_ret=203.1s avg_lap=393.7s best_lap=381.0
t=6776.7 route=3 laps=16 crashes=0 avg_out=214.9s avg_ret=240.3s avg_lap=467.2s best_lap=454.7
t=6776.7 route=4 laps=15 crashes=1 avg_out=174.0s avg_ret=138.1s avg_lap=323.8s best_lap=306.5
t=6776.7 route=5 laps=16 crashes=0 avg_out=253.7s avg_ret=212.7s avg_lap=478.5s best_lap=462.6
t=6776.7 route=6 laps=15 crashes=1 avg_out=143.6s avg_ret=125.2s avg_lap=280.8s best_lap=271.2
t=6776.8 route=7 laps=16 crashes=0 avg_out=161.6s avg_ret=124.7s avg_lap=298.3s best_lap=291.9
t=6776.8 route=8 laps=16 crashes=0 avg_out=166.4s avg_ret=141.1s avg_lap=319.5s best_lap=311.2
t=6776.8 TOTAL laps=125 crashes=3
t=6776.8 TUNER gen=2 results=0/64 pending=4 active=4 remaining=64 next_trial=133 rounds=[1,1,1,1,0,0,0,0]
t=6785.4 LAUNCH_BLOCKED reason=deck_busy active=5 stored=3 no_active_s=0.0 state=RETRIEVING_FROM_HANGAR tractor_cleanup=false elevator_transfer=false deck=Aircraft_11_nav_r5_133 pending=none clearance=none queue=0
t=6795.8 SPAWN craft=Aircraft_11_nav_r5_133 route=5 candidate=5 trial=133 t=6795.8
t=6800.6 LAUNCH_BLOCKED reason=cleared_unready_nav_deck_aircraft active=5 stored=3 no_active_s=0.0 state=IDLE tractor_cleanup=false elevator_transfer=false deck=Aircraft_11_nav_r5_133 pending=none clearance=none queue=0
t=6806.8 ==== SUMMARY t=6806.8 ====
t=6806.8 route=1 laps=16 crashes=0 avg_out=147.7s avg_ret=134.5s avg_lap=294.2s best_lap=280.7
t=6806.8 route=2 laps=15 crashes=1 avg_out=178.6s avg_ret=203.1s avg_lap=393.7s best_lap=381.0
t=6806.8 route=3 laps=16 crashes=0 avg_out=214.9s avg_ret=240.3s avg_lap=467.2s best_lap=454.7
t=6806.8 route=4 laps=15 crashes=1 avg_out=174.0s avg_ret=138.1s avg_lap=323.8s best_lap=306.5
t=6806.8 route=5 laps=16 crashes=0 avg_out=253.7s avg_ret=212.7s avg_lap=478.5s best_lap=462.6
t=6806.8 route=6 laps=15 crashes=1 avg_out=143.6s avg_ret=125.2s avg_lap=280.8s best_lap=271.2
t=6806.8 route=7 laps=16 crashes=0 avg_out=161.6s avg_ret=124.7s avg_lap=298.3s best_lap=291.9
t=6806.8 route=8 laps=16 crashes=0 avg_out=166.4s avg_ret=141.1s avg_lap=319.5s best_lap=311.2
t=6806.8 TOTAL laps=125 crashes=3
t=6806.8 TUNER gen=2 results=0/64 pending=5 active=5 remaining=64 next_trial=134 rounds=[1,1,1,1,1,0,0,0]
t=6815.6 LAUNCH_BLOCKED reason=deck_busy active=6 stored=2 no_active_s=0.0 state=AIRCRAFT_ON_DECK tractor_cleanup=false elevator_transfer=false deck=Aircraft_11_nav_r6_134 pending=none clearance=none queue=0
t=6815.8 SPAWN craft=Aircraft_11_nav_r6_134 route=6 candidate=6 trial=134 t=6815.8
t=6830.6 LAUNCH_BLOCKED reason=deck_busy active=7 stored=1 no_active_s=0.0 state=AIRCRAFT_ON_DECK tractor_cleanup=false elevator_transfer=true deck=Aircraft_11_nav_r7_135 pending=none clearance=none queue=0
t=6835.9 SPAWN craft=Aircraft_11_nav_r7_135 route=7 candidate=7 trial=135 t=6835.9
t=6836.8 ==== SUMMARY t=6836.8 ====
t=6836.8 route=1 laps=16 crashes=0 avg_out=147.7s avg_ret=134.5s avg_lap=294.2s best_lap=280.7
t=6836.8 route=2 laps=15 crashes=1 avg_out=178.6s avg_ret=203.1s avg_lap=393.7s best_lap=381.0
t=6836.8 route=3 laps=16 crashes=0 avg_out=214.9s avg_ret=240.3s avg_lap=467.2s best_lap=454.7
t=6836.8 route=4 laps=15 crashes=1 avg_out=174.0s avg_ret=138.1s avg_lap=323.8s best_lap=306.5
t=6836.8 route=5 laps=16 crashes=0 avg_out=253.7s avg_ret=212.7s avg_lap=478.5s best_lap=462.6
t=6836.8 route=6 laps=15 crashes=1 avg_out=143.6s avg_ret=125.2s avg_lap=280.8s best_lap=271.2
t=6836.8 route=7 laps=16 crashes=0 avg_out=161.6s avg_ret=124.7s avg_lap=298.3s best_lap=291.9
t=6836.8 route=8 laps=16 crashes=0 avg_out=166.4s avg_ret=141.1s avg_lap=319.5s best_lap=311.2
t=6836.8 TOTAL laps=125 crashes=3
t=6836.9 TUNER gen=2 results=0/64 pending=7 active=7 remaining=64 next_trial=136 rounds=[1,1,1,1,1,1,1,0]
t=6854.0 LZ_REACHED craft=Aircraft_11_nav_r1_129 route=1 outbound=138.5s t=6854.0
t=6856.0 SPAWN craft=Aircraft_11_nav_r8_136 route=8 candidate=8 trial=136 t=6856.0
t=6866.9 ==== SUMMARY t=6866.9 ====
t=6866.9 route=1 laps=16 crashes=0 avg_out=147.2s avg_ret=134.5s avg_lap=294.2s best_lap=280.7
t=6866.9 route=2 laps=15 crashes=1 avg_out=178.6s avg_ret=203.1s avg_lap=393.7s best_lap=381.0
t=6866.9 route=3 laps=16 crashes=0 avg_out=214.9s avg_ret=240.3s avg_lap=467.2s best_lap=454.7
t=6866.9 route=4 laps=15 crashes=1 avg_out=174.0s avg_ret=138.1s avg_lap=323.8s best_lap=306.5
t=6866.9 route=5 laps=16 crashes=0 avg_out=253.7s avg_ret=212.7s avg_lap=478.5s best_lap=462.6
t=6866.9 route=6 laps=15 crashes=1 avg_out=143.6s avg_ret=125.2s avg_lap=280.8s best_lap=271.2
t=6866.9 route=7 laps=16 crashes=0 avg_out=161.6s avg_ret=124.7s avg_lap=298.3s best_lap=291.9
t=6866.9 route=8 laps=16 crashes=0 avg_out=166.4s avg_ret=141.1s avg_lap=319.5s best_lap=311.2
t=6866.9 TOTAL laps=125 crashes=3
t=6866.9 TUNER gen=2 results=0/64 pending=8 active=8 remaining=64 next_trial=137 rounds=[1,1,1,1,1,1,1,1]
t=6896.9 ==== SUMMARY t=6896.9 ====
t=6896.9 route=1 laps=16 crashes=0 avg_out=147.2s avg_ret=134.5s avg_lap=294.2s best_lap=280.7
t=6896.9 route=2 laps=15 crashes=1 avg_out=178.6s avg_ret=203.1s avg_lap=393.7s best_lap=381.0
t=6896.9 route=3 laps=16 crashes=0 avg_out=214.9s avg_ret=240.3s avg_lap=467.2s best_lap=454.7
t=6896.9 route=4 laps=15 crashes=1 avg_out=174.0s avg_ret=138.1s avg_lap=323.8s best_lap=306.5
t=6896.9 route=5 laps=16 crashes=0 avg_out=253.7s avg_ret=212.7s avg_lap=478.5s best_lap=462.6
t=6896.9 route=6 laps=15 crashes=1 avg_out=143.6s avg_ret=125.2s avg_lap=280.8s best_lap=271.2
t=6896.9 route=7 laps=16 crashes=0 avg_out=161.6s avg_ret=124.7s avg_lap=298.3s best_lap=291.9
t=6896.9 route=8 laps=16 crashes=0 avg_out=166.4s avg_ret=141.1s avg_lap=319.5s best_lap=311.2
t=6896.9 TOTAL laps=125 crashes=3
t=6896.9 TUNER gen=2 results=0/64 pending=8 active=8 remaining=64 next_trial=137 rounds=[1,1,1,1,1,1,1,1]
t=6912.9 LZ_REACHED craft=Aircraft_11_nav_r2_130 route=2 outbound=177.5s t=6912.9
t=6926.9 ==== SUMMARY t=6926.9 ====
t=6926.9 route=1 laps=16 crashes=0 avg_out=147.2s avg_ret=134.5s avg_lap=294.2s best_lap=280.7
t=6926.9 route=2 laps=15 crashes=1 avg_out=178.5s avg_ret=203.1s avg_lap=393.7s best_lap=381.0
t=6926.9 route=3 laps=16 crashes=0 avg_out=214.9s avg_ret=240.3s avg_lap=467.2s best_lap=454.7
t=6926.9 route=4 laps=15 crashes=1 avg_out=174.0s avg_ret=138.1s avg_lap=323.8s best_lap=306.5
t=6926.9 route=5 laps=16 crashes=0 avg_out=253.7s avg_ret=212.7s avg_lap=478.5s best_lap=462.6
t=6926.9 route=6 laps=15 crashes=1 avg_out=143.6s avg_ret=125.2s avg_lap=280.8s best_lap=271.2
t=6926.9 route=7 laps=16 crashes=0 avg_out=161.6s avg_ret=124.7s avg_lap=298.3s best_lap=291.9
t=6926.9 route=8 laps=16 crashes=0 avg_out=166.4s avg_ret=141.1s avg_lap=319.5s best_lap=311.2
t=6926.9 TOTAL laps=125 crashes=3
t=6926.9 TUNER gen=2 results=0/64 pending=8 active=8 remaining=64 next_trial=137 rounds=[1,1,1,1,1,1,1,1]
t=6946.1 LZ_REACHED craft=Aircraft_11_nav_r4_132 route=4 outbound=170.4s t=6946.1
t=6953.0 LZ_REACHED craft=Aircraft_11_nav_r6_134 route=6 outbound=137.2s t=6953.0
t=6956.9 ==== SUMMARY t=6956.9 ====
t=6956.9 route=1 laps=16 crashes=0 avg_out=147.2s avg_ret=134.5s avg_lap=294.2s best_lap=280.7
t=6956.9 route=2 laps=15 crashes=1 avg_out=178.5s avg_ret=203.1s avg_lap=393.7s best_lap=381.0
t=6956.9 route=3 laps=16 crashes=0 avg_out=214.9s avg_ret=240.3s avg_lap=467.2s best_lap=454.7
t=6956.9 route=4 laps=15 crashes=1 avg_out=173.8s avg_ret=138.1s avg_lap=323.8s best_lap=306.5
t=6956.9 route=5 laps=16 crashes=0 avg_out=253.7s avg_ret=212.7s avg_lap=478.5s best_lap=462.6
t=6956.9 route=6 laps=15 crashes=1 avg_out=143.2s avg_ret=125.2s avg_lap=280.8s best_lap=271.2
t=6956.9 route=7 laps=16 crashes=0 avg_out=161.6s avg_ret=124.7s avg_lap=298.3s best_lap=291.9
t=6956.9 route=8 laps=16 crashes=0 avg_out=166.4s avg_ret=141.1s avg_lap=319.5s best_lap=311.2
t=6956.9 TOTAL laps=125 crashes=3
t=6956.9 TUNER gen=2 results=0/64 pending=8 active=8 remaining=64 next_trial=137 rounds=[1,1,1,1,1,1,1,1]
t=6964.2 LZ_REACHED craft=Aircraft_11_nav_r3_131 route=3 outbound=208.7s t=6964.2
t=6986.9 ==== SUMMARY t=6986.9 ====
t=6986.9 route=1 laps=16 crashes=0 avg_out=147.2s avg_ret=134.5s avg_lap=294.2s best_lap=280.7
t=6986.9 route=2 laps=15 crashes=1 avg_out=178.5s avg_ret=203.1s avg_lap=393.7s best_lap=381.0
t=6986.9 route=3 laps=16 crashes=0 avg_out=214.5s avg_ret=240.3s avg_lap=467.2s best_lap=454.7
t=6986.9 route=4 laps=15 crashes=1 avg_out=173.8s avg_ret=138.1s avg_lap=323.8s best_lap=306.5
t=6986.9 route=5 laps=16 crashes=0 avg_out=253.7s avg_ret=212.7s avg_lap=478.5s best_lap=462.6
t=6986.9 route=6 laps=15 crashes=1 avg_out=143.2s avg_ret=125.2s avg_lap=280.8s best_lap=271.2
t=6986.9 route=7 laps=16 crashes=0 avg_out=161.6s avg_ret=124.7s avg_lap=298.3s best_lap=291.9
t=6986.9 route=8 laps=16 crashes=0 avg_out=166.4s avg_ret=141.1s avg_lap=319.5s best_lap=311.2
t=6986.9 TOTAL laps=125 crashes=3
t=6986.9 TUNER gen=2 results=0/64 pending=8 active=8 remaining=64 next_trial=137 rounds=[1,1,1,1,1,1,1,1]
t=6993.5 LZ_REACHED craft=Aircraft_11_nav_r7_135 route=7 outbound=157.6s t=6993.5
t=7003.1 LAP_CAPTURE craft=Aircraft_11_nav_r1_129 route=1 return=137.2s lap=287.7s carrier_dist=200m t=7003.1
t=7016.9 ==== SUMMARY t=7016.9 ====
t=7016.9 route=1 laps=17 crashes=0 avg_out=147.2s avg_ret=134.6s avg_lap=293.8s best_lap=280.7
t=7016.9 route=2 laps=15 crashes=1 avg_out=178.5s avg_ret=203.1s avg_lap=393.7s best_lap=381.0
t=7017.0 route=3 laps=16 crashes=0 avg_out=214.5s avg_ret=240.3s avg_lap=467.2s best_lap=454.7
t=7017.0 route=4 laps=15 crashes=1 avg_out=173.8s avg_ret=138.1s avg_lap=323.8s best_lap=306.5
t=7017.0 route=5 laps=16 crashes=0 avg_out=253.7s avg_ret=212.7s avg_lap=478.5s best_lap=462.6
t=7017.0 route=6 laps=15 crashes=1 avg_out=143.2s avg_ret=125.2s avg_lap=280.8s best_lap=271.2
t=7017.0 route=7 laps=16 crashes=0 avg_out=161.4s avg_ret=124.7s avg_lap=298.3s best_lap=291.9
t=7017.0 route=8 laps=16 crashes=0 avg_out=166.4s avg_ret=141.1s avg_lap=319.5s best_lap=311.2
t=7017.0 TOTAL laps=126 crashes=3
t=7017.0 TUNER gen=2 results=1/64 pending=8 active=8 remaining=63 next_trial=138 rounds=[2,1,1,1,1,1,1,1]
t=7021.5 SPAWN craft=Aircraft_11_nav_r1_137 route=1 candidate=2 trial=137 t=7021.5
t=7021.6 LZ_REACHED craft=Aircraft_11_nav_r8_136 route=8 outbound=165.6s t=7021.6
t=7042.1 LZ_REACHED craft=Aircraft_11_nav_r5_133 route=5 outbound=246.3s t=7042.1
t=7047.0 ==== SUMMARY t=7047.0 ====
t=7047.0 route=1 laps=17 crashes=0 avg_out=147.2s avg_ret=134.6s avg_lap=293.8s best_lap=280.7
t=7047.0 route=2 laps=15 crashes=1 avg_out=178.5s avg_ret=203.1s avg_lap=393.7s best_lap=381.0
t=7047.0 route=3 laps=16 crashes=0 avg_out=214.5s avg_ret=240.3s avg_lap=467.2s best_lap=454.7
t=7047.0 route=4 laps=15 crashes=1 avg_out=173.8s avg_ret=138.1s avg_lap=323.8s best_lap=306.5
t=7047.0 route=5 laps=16 crashes=0 avg_out=253.3s avg_ret=212.7s avg_lap=478.5s best_lap=462.6
t=7047.0 route=6 laps=15 crashes=1 avg_out=143.2s avg_ret=125.2s avg_lap=280.8s best_lap=271.2
t=7047.0 route=7 laps=16 crashes=0 avg_out=161.4s avg_ret=124.7s avg_lap=298.3s best_lap=291.9
t=7047.0 route=8 laps=16 crashes=0 avg_out=166.4s avg_ret=141.1s avg_lap=319.5s best_lap=311.2
t=7047.0 TOTAL laps=126 crashes=3
t=7047.0 TUNER gen=2 results=1/64 pending=8 active=8 remaining=63 next_trial=138 rounds=[2,1,1,1,1,1,1,1]
t=7077.1 ==== SUMMARY t=7077.1 ====
t=7077.1 route=1 laps=17 crashes=0 avg_out=147.2s avg_ret=134.6s avg_lap=293.8s best_lap=280.7
t=7077.1 route=2 laps=15 crashes=1 avg_out=178.5s avg_ret=203.1s avg_lap=393.7s best_lap=381.0
t=7077.1 route=3 laps=16 crashes=0 avg_out=214.5s avg_ret=240.3s avg_lap=467.2s best_lap=454.7
t=7077.1 route=4 laps=15 crashes=1 avg_out=173.8s avg_ret=138.1s avg_lap=323.8s best_lap=306.5
t=7077.1 route=5 laps=16 crashes=0 avg_out=253.3s avg_ret=212.7s avg_lap=478.5s best_lap=462.6
t=7077.1 route=6 laps=15 crashes=1 avg_out=143.2s avg_ret=125.2s avg_lap=280.8s best_lap=271.2
t=7077.1 route=7 laps=16 crashes=0 avg_out=161.4s avg_ret=124.7s avg_lap=298.3s best_lap=291.9
t=7077.1 route=8 laps=16 crashes=0 avg_out=166.4s avg_ret=141.1s avg_lap=319.5s best_lap=311.2
t=7077.1 TOTAL laps=126 crashes=3
t=7077.1 TUNER gen=2 results=1/64 pending=8 active=8 remaining=63 next_trial=138 rounds=[2,1,1,1,1,1,1,1]
t=7087.8 LAP_CAPTURE craft=Aircraft_11_nav_r6_134 route=6 return=122.8s lap=272.0s carrier_dist=200m t=7087.8
t=7094.0 LAP_CAPTURE craft=Aircraft_11_nav_r4_132 route=4 return=135.9s lap=318.4s carrier_dist=200m t=7094.0
t=7101.7 LAUNCH_BLOCKED reason=deck_busy active=7 stored=1 no_active_s=0.0 state=AIRCRAFT_ON_DECK tractor_cleanup=false elevator_transfer=true deck=Aircraft_11_nav_r6_138 pending=none clearance=none queue=0
t=7106.9 SPAWN craft=Aircraft_11_nav_r6_138 route=6 candidate=7 trial=138 t=7106.9
t=7107.1 ==== SUMMARY t=7107.1 ====
t=7107.1 route=1 laps=17 crashes=0 avg_out=147.2s avg_ret=134.6s avg_lap=293.8s best_lap=280.7
t=7107.1 route=2 laps=15 crashes=1 avg_out=178.5s avg_ret=203.1s avg_lap=393.7s best_lap=381.0
t=7107.1 route=3 laps=16 crashes=0 avg_out=214.5s avg_ret=240.3s avg_lap=467.2s best_lap=454.7
t=7107.1 route=4 laps=16 crashes=1 avg_out=173.8s avg_ret=138.0s avg_lap=323.5s best_lap=306.5
t=7107.1 route=5 laps=16 crashes=0 avg_out=253.3s avg_ret=212.7s avg_lap=478.5s best_lap=462.6
t=7107.1 route=6 laps=16 crashes=1 avg_out=143.2s avg_ret=125.1s avg_lap=280.2s best_lap=271.2
t=7107.1 route=7 laps=16 crashes=0 avg_out=161.4s avg_ret=124.7s avg_lap=298.3s best_lap=291.9
t=7107.1 route=8 laps=16 crashes=0 avg_out=166.4s avg_ret=141.1s avg_lap=319.5s best_lap=311.2
t=7107.1 TOTAL laps=128 crashes=3
t=7107.1 TUNER gen=2 results=3/64 pending=7 active=7 remaining=61 next_trial=139 rounds=[2,1,1,1,1,2,1,1]
t=7126.4 LAP_CAPTURE craft=Aircraft_11_nav_r2_130 route=2 return=201.5s lap=391.0s carrier_dist=200m t=7126.4
t=7127.0 SPAWN craft=Aircraft_11_nav_r4_139 route=4 candidate=5 trial=139 t=7126.9
t=7129.1 LAP_CAPTURE craft=Aircraft_11_nav_r7_135 route=7 return=123.6s lap=293.2s carrier_dist=200m t=7129.1
t=7131.8 LAUNCH_BLOCKED reason=cleared_unready_nav_deck_aircraft active=6 stored=1 no_active_s=0.0 state=IDLE tractor_cleanup=false elevator_transfer=false deck=Aircraft_11_nav_r4_139 pending=none clearance=none queue=0
t=7137.1 ==== SUMMARY t=7137.1 ====
t=7137.1 route=1 laps=17 crashes=0 avg_out=147.2s avg_ret=134.6s avg_lap=293.8s best_lap=280.7
t=7137.1 route=2 laps=16 crashes=1 avg_out=178.5s avg_ret=203.0s avg_lap=393.6s best_lap=381.0
t=7137.1 route=3 laps=16 crashes=0 avg_out=214.5s avg_ret=240.3s avg_lap=467.2s best_lap=454.7
t=7137.1 route=4 laps=16 crashes=1 avg_out=173.8s avg_ret=138.0s avg_lap=323.5s best_lap=306.5
t=7137.1 route=5 laps=16 crashes=0 avg_out=253.3s avg_ret=212.7s avg_lap=478.5s best_lap=462.6
t=7137.1 route=6 laps=16 crashes=1 avg_out=143.2s avg_ret=125.1s avg_lap=280.2s best_lap=271.2
t=7137.1 route=7 laps=17 crashes=0 avg_out=161.4s avg_ret=124.6s avg_lap=298.0s best_lap=291.9
t=7137.1 route=8 laps=16 crashes=0 avg_out=166.4s avg_ret=141.1s avg_lap=319.5s best_lap=311.2
t=7137.1 TOTAL laps=130 crashes=3
t=7137.2 TUNER gen=2 results=5/64 pending=6 active=6 remaining=59 next_trial=140 rounds=[2,1,1,2,1,2,1,1]
t=7146.8 LAUNCH_BLOCKED reason=deck_busy active=7 stored=1 no_active_s=0.0 state=AIRCRAFT_ON_DECK tractor_cleanup=false elevator_transfer=false deck=Aircraft_11_nav_r2_140 pending=none clearance=none queue=0
t=7147.1 SPAWN craft=Aircraft_11_nav_r2_140 route=2 candidate=3 trial=140 t=7147.1
t=7163.2 LZ_REACHED craft=Aircraft_11_nav_r1_137 route=1 outbound=141.7s t=7163.2
t=7167.1 ==== SUMMARY t=7167.1 ====
t=7167.1 route=1 laps=17 crashes=0 avg_out=146.8s avg_ret=134.6s avg_lap=293.8s best_lap=280.7
t=7167.1 route=2 laps=16 crashes=1 avg_out=178.5s avg_ret=203.0s avg_lap=393.6s best_lap=381.0
t=7167.1 route=3 laps=16 crashes=0 avg_out=214.5s avg_ret=240.3s avg_lap=467.2s best_lap=454.7
t=7167.1 route=4 laps=16 crashes=1 avg_out=173.8s avg_ret=138.0s avg_lap=323.5s best_lap=306.5
t=7167.1 route=5 laps=16 crashes=0 avg_out=253.3s avg_ret=212.7s avg_lap=478.5s best_lap=462.6
t=7167.1 route=6 laps=16 crashes=1 avg_out=143.2s avg_ret=125.1s avg_lap=280.2s best_lap=271.2
t=7167.1 route=7 laps=17 crashes=0 avg_out=161.4s avg_ret=124.6s avg_lap=298.0s best_lap=291.9
t=7167.2 route=8 laps=16 crashes=0 avg_out=166.4s avg_ret=141.1s avg_lap=319.5s best_lap=311.2
t=7167.2 TOTAL laps=130 crashes=3
t=7167.2 TUNER gen=2 results=5/64 pending=8 active=8 remaining=59 next_trial=142 rounds=[2,2,1,2,1,2,2,1]
t=7167.2 SPAWN craft=Aircraft_11_nav_r7_141 route=7 candidate=8 trial=141 t=7167.2
t=7179.3 LAP_CAPTURE craft=Aircraft_11_nav_r8_136 route=8 return=145.8s lap=323.3s carrier_dist=200m t=7179.3
t=7197.2 ==== SUMMARY t=7197.2 ====
t=7197.2 route=1 laps=17 crashes=0 avg_out=146.8s avg_ret=134.6s avg_lap=293.8s best_lap=280.7
t=7197.2 route=2 laps=16 crashes=1 avg_out=178.5s avg_ret=203.0s avg_lap=393.6s best_lap=381.0
t=7197.2 route=3 laps=16 crashes=0 avg_out=214.5s avg_ret=240.3s avg_lap=467.2s best_lap=454.7
t=7197.2 route=4 laps=16 crashes=1 avg_out=173.8s avg_ret=138.0s avg_lap=323.5s best_lap=306.5
t=7197.2 route=5 laps=16 crashes=0 avg_out=253.3s avg_ret=212.7s avg_lap=478.5s best_lap=462.6
t=7197.2 route=6 laps=16 crashes=1 avg_out=143.2s avg_ret=125.1s avg_lap=280.2s best_lap=271.2
t=7197.2 route=7 laps=17 crashes=0 avg_out=161.4s avg_ret=124.6s avg_lap=298.0s best_lap=291.9
t=7197.2 route=8 laps=17 crashes=0 avg_out=166.4s avg_ret=141.3s avg_lap=319.8s best_lap=311.2
t=7197.2 TOTAL laps=131 crashes=3
t=7197.2 TUNER gen=2 results=6/64 pending=8 active=8 remaining=58 next_trial=143 rounds=[2,2,1,2,1,2,2,2]
t=7197.3 SPAWN craft=Aircraft_11_nav_r8_142 route=8 candidate=1 trial=142 t=7197.3
t=7212.2 LAP_CAPTURE craft=Aircraft_11_nav_r3_131 route=3 return=236.0s lap=456.7s carrier_dist=200m t=7212.2
t=7227.3 ==== SUMMARY t=7227.3 ====
t=7227.3 route=1 laps=17 crashes=0 avg_out=146.8s avg_ret=134.6s avg_lap=293.8s best_lap=280.7
t=7227.3 route=2 laps=16 crashes=1 avg_out=178.5s avg_ret=203.0s avg_lap=393.6s best_lap=381.0
t=7227.3 route=3 laps=17 crashes=0 avg_out=214.5s avg_ret=240.1s avg_lap=466.6s best_lap=454.7
t=7227.3 route=4 laps=16 crashes=1 avg_out=173.8s avg_ret=138.0s avg_lap=323.5s best_lap=306.5
t=7227.3 route=5 laps=16 crashes=0 avg_out=253.3s avg_ret=212.7s avg_lap=478.5s best_lap=462.6
t=7227.3 route=6 laps=16 crashes=1 avg_out=143.2s avg_ret=125.1s avg_lap=280.2s best_lap=271.2
t=7227.3 route=7 laps=17 crashes=0 avg_out=161.4s avg_ret=124.6s avg_lap=298.0s best_lap=291.9
t=7227.3 route=8 laps=17 crashes=0 avg_out=166.4s avg_ret=141.3s avg_lap=319.8s best_lap=311.2
t=7227.3 TOTAL laps=132 crashes=3
t=7227.3 TUNER gen=2 results=7/64 pending=8 active=8 remaining=57 next_trial=144 rounds=[2,2,2,2,1,2,2,2]
t=7232.4 SPAWN craft=Aircraft_11_nav_r3_143 route=3 candidate=4 trial=143 t=7232.4
t=7250.2 LZ_REACHED craft=Aircraft_11_nav_r6_138 route=6 outbound=143.4s t=7250.2
t=7257.3 ==== SUMMARY t=7257.2 ====
t=7257.3 route=1 laps=17 crashes=0 avg_out=146.8s avg_ret=134.6s avg_lap=293.8s best_lap=280.7
t=7257.3 route=2 laps=16 crashes=1 avg_out=178.5s avg_ret=203.0s avg_lap=393.6s best_lap=381.0
t=7257.3 route=3 laps=17 crashes=0 avg_out=214.5s avg_ret=240.1s avg_lap=466.6s best_lap=454.7
t=7257.3 route=4 laps=16 crashes=1 avg_out=173.8s avg_ret=138.0s avg_lap=323.5s best_lap=306.5
t=7257.3 route=5 laps=16 crashes=0 avg_out=253.3s avg_ret=212.7s avg_lap=478.5s best_lap=462.6
t=7257.3 route=6 laps=16 crashes=1 avg_out=143.2s avg_ret=125.1s avg_lap=280.2s best_lap=271.2
t=7257.3 route=7 laps=17 crashes=0 avg_out=161.4s avg_ret=124.6s avg_lap=298.0s best_lap=291.9
t=7257.3 route=8 laps=17 crashes=0 avg_out=166.4s avg_ret=141.3s avg_lap=319.8s best_lap=311.2
t=7257.3 TOTAL laps=132 crashes=3
t=7257.3 TUNER gen=2 results=7/64 pending=8 active=8 remaining=57 next_trial=144 rounds=[2,2,2,2,1,2,2,2]
t=7259.3 LAP_CAPTURE craft=Aircraft_11_nav_r5_133 route=5 return=205.1s lap=463.5s carrier_dist=200m t=7259.3
t=7277.6 SPAWN craft=Aircraft_11_nav_r5_144 route=5 candidate=6 trial=144 t=7277.6
t=7287.3 ==== SUMMARY t=7287.3 ====
t=7287.3 route=1 laps=17 crashes=0 avg_out=146.8s avg_ret=134.6s avg_lap=293.8s best_lap=280.7
t=7287.3 route=2 laps=16 crashes=1 avg_out=178.5s avg_ret=203.0s avg_lap=393.6s best_lap=381.0
t=7287.3 route=3 laps=17 crashes=0 avg_out=214.5s avg_ret=240.1s avg_lap=466.6s best_lap=454.7
t=7287.3 route=4 laps=16 crashes=1 avg_out=173.8s avg_ret=138.0s avg_lap=323.5s best_lap=306.5
t=7287.3 route=5 laps=17 crashes=0 avg_out=253.3s avg_ret=212.3s avg_lap=477.6s best_lap=462.6
t=7287.3 route=6 laps=16 crashes=1 avg_out=143.2s avg_ret=125.1s avg_lap=280.2s best_lap=271.2
t=7287.4 route=7 laps=17 crashes=0 avg_out=161.4s avg_ret=124.6s avg_lap=298.0s best_lap=291.9
t=7287.4 route=8 laps=17 crashes=0 avg_out=166.4s avg_ret=141.3s avg_lap=319.8s best_lap=311.2
t=7287.4 TOTAL laps=133 crashes=3
t=7287.4 TUNER gen=2 results=8/64 pending=8 active=8 remaining=56 next_trial=145 rounds=[2,2,2,2,2,2,2,2]
t=7294.7 LZ_REACHED craft=Aircraft_11_nav_r4_139 route=4 outbound=167.7s t=7294.7
t=7310.1 LAP_CAPTURE craft=Aircraft_11_nav_r1_137 route=1 return=134.9s lap=288.6s carrier_dist=200m t=7310.1
t=7317.3 ==== SUMMARY t=7317.3 ====
t=7317.4 route=1 laps=18 crashes=0 avg_out=146.8s avg_ret=134.6s avg_lap=293.5s best_lap=280.7
t=7317.4 route=2 laps=16 crashes=1 avg_out=178.5s avg_ret=203.0s avg_lap=393.6s best_lap=381.0
t=7317.4 route=3 laps=17 crashes=0 avg_out=214.5s avg_ret=240.1s avg_lap=466.6s best_lap=454.7
t=7317.4 route=4 laps=16 crashes=1 avg_out=173.4s avg_ret=138.0s avg_lap=323.5s best_lap=306.5
t=7317.4 route=5 laps=17 crashes=0 avg_out=253.3s avg_ret=212.3s avg_lap=477.6s best_lap=462.6
t=7317.4 route=6 laps=16 crashes=1 avg_out=143.2s avg_ret=125.1s avg_lap=280.2s best_lap=271.2
t=7317.4 route=7 laps=17 crashes=0 avg_out=161.4s avg_ret=124.6s avg_lap=298.0s best_lap=291.9
t=7317.4 route=8 laps=17 crashes=0 avg_out=166.4s avg_ret=141.3s avg_lap=319.8s best_lap=311.2
t=7317.4 TOTAL laps=134 crashes=3
t=7317.4 TUNER gen=2 results=9/64 pending=7 active=7 remaining=55 next_trial=145 rounds=[2,2,2,2,2,2,2,2]
t=7321.7 LZ_REACHED craft=Aircraft_11_nav_r2_140 route=2 outbound=174.6s t=7321.7
t=7327.8 SPAWN craft=Aircraft_11_nav_r1_145 route=1 candidate=3 trial=145 t=7327.8
t=7328.0 LZ_REACHED craft=Aircraft_11_nav_r7_141 route=7 outbound=160.9s t=7328.0
t=7347.4 ==== SUMMARY t=7347.4 ====
t=7347.4 route=1 laps=18 crashes=0 avg_out=146.8s avg_ret=134.6s avg_lap=293.5s best_lap=280.7
t=7347.4 route=2 laps=16 crashes=1 avg_out=178.3s avg_ret=203.0s avg_lap=393.6s best_lap=381.0
t=7347.4 route=3 laps=17 crashes=0 avg_out=214.5s avg_ret=240.1s avg_lap=466.6s best_lap=454.7
t=7347.4 route=4 laps=16 crashes=1 avg_out=173.4s avg_ret=138.0s avg_lap=323.5s best_lap=306.5
t=7347.4 route=5 laps=17 crashes=0 avg_out=253.3s avg_ret=212.3s avg_lap=477.6s best_lap=462.6
t=7347.4 route=6 laps=16 crashes=1 avg_out=143.2s avg_ret=125.1s avg_lap=280.2s best_lap=271.2
t=7347.4 route=7 laps=17 crashes=0 avg_out=161.3s avg_ret=124.6s avg_lap=298.0s best_lap=291.9
t=7347.4 route=8 laps=17 crashes=0 avg_out=166.4s avg_ret=141.3s avg_lap=319.8s best_lap=311.2
t=7347.4 TOTAL laps=134 crashes=3
t=7347.4 TUNER gen=2 results=9/64 pending=8 active=8 remaining=55 next_trial=146 rounds=[3,2,2,2,2,2,2,2]
t=7363.3 LZ_REACHED craft=Aircraft_11_nav_r8_142 route=8 outbound=166.1s t=7363.3
t=7377.4 ==== SUMMARY t=7377.4 ====
t=7377.4 route=1 laps=18 crashes=0 avg_out=146.8s avg_ret=134.6s avg_lap=293.5s best_lap=280.7
t=7377.4 route=2 laps=16 crashes=1 avg_out=178.3s avg_ret=203.0s avg_lap=393.6s best_lap=381.0
t=7377.4 route=3 laps=17 crashes=0 avg_out=214.5s avg_ret=240.1s avg_lap=466.6s best_lap=454.7
t=7377.4 route=4 laps=16 crashes=1 avg_out=173.4s avg_ret=138.0s avg_lap=323.5s best_lap=306.5
t=7377.4 route=5 laps=17 crashes=0 avg_out=253.3s avg_ret=212.3s avg_lap=477.6s best_lap=462.6
t=7377.4 route=6 laps=16 crashes=1 avg_out=143.2s avg_ret=125.1s avg_lap=280.2s best_lap=271.2
t=7377.4 route=7 laps=17 crashes=0 avg_out=161.3s avg_ret=124.6s avg_lap=298.0s best_lap=291.9
t=7377.4 route=8 laps=17 crashes=0 avg_out=166.4s avg_ret=141.3s avg_lap=319.8s best_lap=311.2
t=7377.5 TOTAL laps=134 crashes=3
t=7377.5 TUNER gen=2 results=9/64 pending=8 active=8 remaining=55 next_trial=146 rounds=[3,2,2,2,2,2,2,2]
t=7386.9 LAP_CAPTURE craft=Aircraft_11_nav_r6_138 route=6 return=124.7s lap=280.0s carrier_dist=200m t=7386.9
t=7403.0 SPAWN craft=Aircraft_11_nav_r6_146 route=6 candidate=8 trial=146 t=7403.0
t=7407.4 ==== SUMMARY t=7407.4 ====
t=7407.4 route=1 laps=18 crashes=0 avg_out=146.8s avg_ret=134.6s avg_lap=293.5s best_lap=280.7
t=7407.4 route=2 laps=16 crashes=1 avg_out=178.3s avg_ret=203.0s avg_lap=393.6s best_lap=381.0
t=7407.4 route=3 laps=17 crashes=0 avg_out=214.5s avg_ret=240.1s avg_lap=466.6s best_lap=454.7
t=7407.4 route=4 laps=16 crashes=1 avg_out=173.4s avg_ret=138.0s avg_lap=323.5s best_lap=306.5
t=7407.4 route=5 laps=17 crashes=0 avg_out=253.3s avg_ret=212.3s avg_lap=477.6s best_lap=462.6
t=7407.4 route=6 laps=17 crashes=1 avg_out=143.2s avg_ret=125.0s avg_lap=280.2s best_lap=271.2
t=7407.4 route=7 laps=17 crashes=0 avg_out=161.3s avg_ret=124.6s avg_lap=298.0s best_lap=291.9
t=7407.4 route=8 laps=17 crashes=0 avg_out=166.4s avg_ret=141.3s avg_lap=319.8s best_lap=311.2
t=7407.5 TOTAL laps=135 crashes=3
t=7407.5 TUNER gen=2 results=10/64 pending=8 active=8 remaining=54 next_trial=147 rounds=[3,2,2,2,2,3,2,2]
t=7437.4 ==== SUMMARY t=7437.4 ====
t=7437.4 route=1 laps=18 crashes=0 avg_out=146.8s avg_ret=134.6s avg_lap=293.5s best_lap=280.7
t=7437.4 route=2 laps=16 crashes=1 avg_out=178.3s avg_ret=203.0s avg_lap=393.6s best_lap=381.0
t=7437.4 route=3 laps=17 crashes=0 avg_out=214.5s avg_ret=240.1s avg_lap=466.6s best_lap=454.7
t=7437.4 route=4 laps=16 crashes=1 avg_out=173.4s avg_ret=138.0s avg_lap=323.5s best_lap=306.5
t=7437.5 route=5 laps=17 crashes=0 avg_out=253.3s avg_ret=212.3s avg_lap=477.6s best_lap=462.6
t=7437.5 route=6 laps=17 crashes=1 avg_out=143.2s avg_ret=125.0s avg_lap=280.2s best_lap=271.2
t=7437.5 route=7 laps=17 crashes=0 avg_out=161.3s avg_ret=124.6s avg_lap=298.0s best_lap=291.9
t=7437.5 route=8 laps=17 crashes=0 avg_out=166.4s avg_ret=141.3s avg_lap=319.8s best_lap=311.2
t=7437.5 TOTAL laps=135 crashes=3
t=7437.5 TUNER gen=2 results=10/64 pending=8 active=8 remaining=54 next_trial=147 rounds=[3,2,2,2,2,3,2,2]
t=7441.0 LZ_REACHED craft=Aircraft_11_nav_r3_143 route=3 outbound=208.6s t=7441.0
t=7443.8 LAP_CAPTURE craft=Aircraft_11_nav_r4_139 route=4 return=137.2s lap=316.9s carrier_dist=200m t=7443.8
t=7463.3 SPAWN craft=Aircraft_11_nav_r4_147 route=4 candidate=6 trial=147 t=7463.3
t=7467.0 LAP_CAPTURE craft=Aircraft_11_nav_r7_141 route=7 return=127.0s lap=299.8s carrier_dist=200m t=7467.0
t=7467.5 ==== SUMMARY t=7467.5 ====
t=7467.5 route=1 laps=18 crashes=0 avg_out=146.8s avg_ret=134.6s avg_lap=293.5s best_lap=280.7
t=7467.5 route=2 laps=16 crashes=1 avg_out=178.3s avg_ret=203.0s avg_lap=393.6s best_lap=381.0
t=7467.5 route=3 laps=17 crashes=0 avg_out=214.2s avg_ret=240.1s avg_lap=466.6s best_lap=454.7
t=7467.5 route=4 laps=17 crashes=1 avg_out=173.4s avg_ret=137.9s avg_lap=323.1s best_lap=306.5
t=7467.5 route=5 laps=17 crashes=0 avg_out=253.3s avg_ret=212.3s avg_lap=477.6s best_lap=462.6
t=7467.5 route=6 laps=17 crashes=1 avg_out=143.2s avg_ret=125.0s avg_lap=280.2s best_lap=271.2
t=7467.5 route=7 laps=18 crashes=0 avg_out=161.3s avg_ret=124.8s avg_lap=298.1s best_lap=291.9
t=7467.5 route=8 laps=17 crashes=0 avg_out=166.4s avg_ret=141.3s avg_lap=319.8s best_lap=311.2
t=7467.5 TOTAL laps=137 crashes=3
t=7467.5 TUNER gen=2 results=12/64 pending=7 active=7 remaining=52 next_trial=148 rounds=[3,2,2,3,2,3,2,2]
t=7475.3 LZ_REACHED craft=Aircraft_11_nav_r1_145 route=1 outbound=147.5s t=7475.3
t=7483.3 SPAWN craft=Aircraft_11_nav_r7_148 route=7 candidate=1 trial=148 t=7483.3
t=7497.5 ==== SUMMARY t=7497.5 ====
t=7497.5 route=1 laps=18 crashes=0 avg_out=146.9s avg_ret=134.6s avg_lap=293.5s best_lap=280.7
t=7497.5 route=2 laps=16 crashes=1 avg_out=178.3s avg_ret=203.0s avg_lap=393.6s best_lap=381.0
t=7497.5 route=3 laps=17 crashes=0 avg_out=214.2s avg_ret=240.1s avg_lap=466.6s best_lap=454.7
t=7497.5 route=4 laps=17 crashes=1 avg_out=173.4s avg_ret=137.9s avg_lap=323.1s best_lap=306.5
t=7497.5 route=5 laps=17 crashes=0 avg_out=253.3s avg_ret=212.3s avg_lap=477.6s best_lap=462.6
t=7497.5 route=6 laps=17 crashes=1 avg_out=143.2s avg_ret=125.0s avg_lap=280.2s best_lap=271.2
t=7497.5 route=7 laps=18 crashes=0 avg_out=161.3s avg_ret=124.8s avg_lap=298.1s best_lap=291.9
t=7497.5 route=8 laps=17 crashes=0 avg_out=166.4s avg_ret=141.3s avg_lap=319.8s best_lap=311.2
t=7497.5 TOTAL laps=137 crashes=3
t=7497.6 TUNER gen=2 results=12/64 pending=8 active=8 remaining=52 next_trial=149 rounds=[3,2,2,3,2,3,3,2]
t=7521.7 LAP_CAPTURE craft=Aircraft_11_nav_r8_142 route=8 return=146.4s lap=324.4s carrier_dist=200m t=7521.7
t=7524.0 LZ_REACHED craft=Aircraft_11_nav_r5_144 route=5 outbound=246.4s t=7524.0
t=7527.5 ==== SUMMARY t=7527.5 ====
t=7527.5 route=1 laps=18 crashes=0 avg_out=146.9s avg_ret=134.6s avg_lap=293.5s best_lap=280.7
t=7527.5 route=2 laps=16 crashes=1 avg_out=178.3s avg_ret=203.0s avg_lap=393.6s best_lap=381.0
t=7527.5 route=3 laps=17 crashes=0 avg_out=214.2s avg_ret=240.1s avg_lap=466.6s best_lap=454.7
t=7527.5 route=4 laps=17 crashes=1 avg_out=173.4s avg_ret=137.9s avg_lap=323.1s best_lap=306.5
t=7527.5 route=5 laps=17 crashes=0 avg_out=252.9s avg_ret=212.3s avg_lap=477.6s best_lap=462.6
t=7527.5 route=6 laps=17 crashes=1 avg_out=143.2s avg_ret=125.0s avg_lap=280.2s best_lap=271.2
t=7527.6 route=7 laps=18 crashes=0 avg_out=161.3s avg_ret=124.8s avg_lap=298.1s best_lap=291.9
t=7527.6 route=8 laps=18 crashes=0 avg_out=166.4s avg_ret=141.6s avg_lap=320.0s best_lap=311.2
t=7527.6 TOTAL laps=138 crashes=3
t=7527.6 TUNER gen=2 results=13/64 pending=7 active=7 remaining=51 next_trial=149 rounds=[3,2,2,3,2,3,3,2]
t=7530.6 LAP_CAPTURE craft=Aircraft_11_nav_r2_140 route=2 return=197.0s lap=383.6s carrier_dist=200m t=7530.6
t=7538.4 LAUNCH_BLOCKED reason=deck_busy active=7 stored=1 no_active_s=0.0 state=AIRCRAFT_ON_DECK tractor_cleanup=false elevator_transfer=false deck=Aircraft_11_nav_r8_149 pending=none clearance=none queue=0
t=7538.6 SPAWN craft=Aircraft_11_nav_r8_149 route=8 candidate=2 trial=149 t=7538.6
t=7556.0 LZ_REACHED craft=Aircraft_11_nav_r6_146 route=6 outbound=152.9s t=7556.0
t=7557.6 ==== SUMMARY t=7557.6 ====
t=7557.6 route=1 laps=18 crashes=0 avg_out=146.9s avg_ret=134.6s avg_lap=293.5s best_lap=280.7
t=7557.6 route=2 laps=17 crashes=1 avg_out=178.3s avg_ret=202.7s avg_lap=393.0s best_lap=381.0
t=7557.6 route=3 laps=17 crashes=0 avg_out=214.2s avg_ret=240.1s avg_lap=466.6s best_lap=454.7
t=7557.6 route=4 laps=17 crashes=1 avg_out=173.4s avg_ret=137.9s avg_lap=323.1s best_lap=306.5
t=7557.6 route=5 laps=17 crashes=0 avg_out=252.9s avg_ret=212.3s avg_lap=477.6s best_lap=462.6
t=7557.6 route=6 laps=17 crashes=1 avg_out=143.7s avg_ret=125.0s avg_lap=280.2s best_lap=271.2
t=7557.6 route=7 laps=18 crashes=0 avg_out=161.3s avg_ret=124.8s avg_lap=298.1s best_lap=291.9
t=7557.6 route=8 laps=18 crashes=0 avg_out=166.4s avg_ret=141.6s avg_lap=320.0s best_lap=311.2
t=7557.7 TOTAL laps=139 crashes=3
t=7557.7 TUNER gen=2 results=14/64 pending=8 active=8 remaining=50 next_trial=151 rounds=[3,3,2,3,2,3,3,3]
t=7558.7 SPAWN craft=Aircraft_11_nav_r2_150 route=2 candidate=4 trial=150 t=7558.7
t=7587.6 ==== SUMMARY t=7587.6 ====
t=7587.7 route=1 laps=18 crashes=0 avg_out=146.9s avg_ret=134.6s avg_lap=293.5s best_lap=280.7
t=7587.7 route=2 laps=17 crashes=1 avg_out=178.3s avg_ret=202.7s avg_lap=393.0s best_lap=381.0
t=7587.7 route=3 laps=17 crashes=0 avg_out=214.2s avg_ret=240.1s avg_lap=466.6s best_lap=454.7
t=7587.7 route=4 laps=17 crashes=1 avg_out=173.4s avg_ret=137.9s avg_lap=323.1s best_lap=306.5
t=7587.7 route=5 laps=17 crashes=0 avg_out=252.9s avg_ret=212.3s avg_lap=477.6s best_lap=462.6
t=7587.7 route=6 laps=17 crashes=1 avg_out=143.7s avg_ret=125.0s avg_lap=280.2s best_lap=271.2
t=7587.7 route=7 laps=18 crashes=0 avg_out=161.3s avg_ret=124.8s avg_lap=298.1s best_lap=291.9
t=7587.7 route=8 laps=18 crashes=0 avg_out=166.4s avg_ret=141.6s avg_lap=320.0s best_lap=311.2
t=7587.7 TOTAL laps=139 crashes=3
t=7587.7 TUNER gen=2 results=14/64 pending=8 active=8 remaining=50 next_trial=151 rounds=[3,3,2,3,2,3,3,3]
t=7617.7 ==== SUMMARY t=7617.6 ====
t=7617.7 route=1 laps=18 crashes=0 avg_out=146.9s avg_ret=134.6s avg_lap=293.5s best_lap=280.7
t=7617.7 route=2 laps=17 crashes=1 avg_out=178.3s avg_ret=202.7s avg_lap=393.0s best_lap=381.0
t=7617.7 route=3 laps=17 crashes=0 avg_out=214.2s avg_ret=240.1s avg_lap=466.6s best_lap=454.7
t=7617.7 route=4 laps=17 crashes=1 avg_out=173.4s avg_ret=137.9s avg_lap=323.1s best_lap=306.5
t=7617.7 route=5 laps=17 crashes=0 avg_out=252.9s avg_ret=212.3s avg_lap=477.6s best_lap=462.6
t=7617.7 route=6 laps=17 crashes=1 avg_out=143.7s avg_ret=125.0s avg_lap=280.2s best_lap=271.2
t=7617.7 route=7 laps=18 crashes=0 avg_out=161.3s avg_ret=124.8s avg_lap=298.1s best_lap=291.9
t=7617.7 route=8 laps=18 crashes=0 avg_out=166.4s avg_ret=141.6s avg_lap=320.0s best_lap=311.2
t=7617.7 TOTAL laps=139 crashes=3
t=7617.7 TUNER gen=2 results=14/64 pending=8 active=8 remaining=50 next_trial=151 rounds=[3,3,2,3,2,3,3,3]
t=7625.3 LAP_CAPTURE craft=Aircraft_11_nav_r1_145 route=1 return=138.0s lap=297.5s carrier_dist=200m t=7625.3
t=7636.6 LZ_REACHED craft=Aircraft_11_nav_r4_147 route=4 outbound=173.2s t=7636.6
t=7640.5 LZ_REACHED craft=Aircraft_11_nav_r7_148 route=7 outbound=157.2s t=7640.5
t=7644.0 SPAWN craft=Aircraft_11_nav_r1_151 route=1 candidate=4 trial=151 t=7644.0
t=7647.6 ==== SUMMARY t=7647.6 ====
t=7647.7 route=1 laps=19 crashes=0 avg_out=146.9s avg_ret=134.8s avg_lap=293.7s best_lap=280.7
t=7647.7 route=2 laps=17 crashes=1 avg_out=178.3s avg_ret=202.7s avg_lap=393.0s best_lap=381.0
t=7647.7 route=3 laps=17 crashes=0 avg_out=214.2s avg_ret=240.1s avg_lap=466.6s best_lap=454.7
t=7647.7 route=4 laps=17 crashes=1 avg_out=173.4s avg_ret=137.9s avg_lap=323.1s best_lap=306.5
t=7647.7 route=5 laps=17 crashes=0 avg_out=252.9s avg_ret=212.3s avg_lap=477.6s best_lap=462.6
t=7647.7 route=6 laps=17 crashes=1 avg_out=143.7s avg_ret=125.0s avg_lap=280.2s best_lap=271.2
t=7647.7 route=7 laps=18 crashes=0 avg_out=161.1s avg_ret=124.8s avg_lap=298.1s best_lap=291.9
t=7647.7 route=8 laps=18 crashes=0 avg_out=166.4s avg_ret=141.6s avg_lap=320.0s best_lap=311.2
t=7647.7 TOTAL laps=140 crashes=3
t=7647.7 TUNER gen=2 results=15/64 pending=8 active=8 remaining=49 next_trial=152 rounds=[4,3,2,3,2,3,3,3]
t=7677.7 ==== SUMMARY t=7677.7 ====
t=7677.7 route=1 laps=19 crashes=0 avg_out=146.9s avg_ret=134.8s avg_lap=293.7s best_lap=280.7
t=7677.7 route=2 laps=17 crashes=1 avg_out=178.3s avg_ret=202.7s avg_lap=393.0s best_lap=381.0
t=7677.7 route=3 laps=17 crashes=0 avg_out=214.2s avg_ret=240.1s avg_lap=466.6s best_lap=454.7
t=7677.7 route=4 laps=17 crashes=1 avg_out=173.4s avg_ret=137.9s avg_lap=323.1s best_lap=306.5
t=7677.7 route=5 laps=17 crashes=0 avg_out=252.9s avg_ret=212.3s avg_lap=477.6s best_lap=462.6
t=7677.7 route=6 laps=17 crashes=1 avg_out=143.7s avg_ret=125.0s avg_lap=280.2s best_lap=271.2
t=7677.7 route=7 laps=18 crashes=0 avg_out=161.1s avg_ret=124.8s avg_lap=298.1s best_lap=291.9
t=7677.7 route=8 laps=18 crashes=0 avg_out=166.4s avg_ret=141.6s avg_lap=320.0s best_lap=311.2
t=7677.7 TOTAL laps=140 crashes=3
t=7677.7 TUNER gen=2 results=15/64 pending=8 active=8 remaining=49 next_trial=152 rounds=[4,3,2,3,2,3,3,3]
t=7688.3 LAP_CAPTURE craft=Aircraft_11_nav_r3_143 route=3 return=235.4s lap=456.0s carrier_dist=200m t=7688.3
t=7694.4 LAP_CAPTURE craft=Aircraft_11_nav_r6_146 route=6 return=126.4s lap=291.4s carrier_dist=200m t=7694.4
t=7704.0 LAUNCH_BLOCKED reason=deck_busy active=7 stored=1 no_active_s=0.0 state=AIRCRAFT_ON_DECK tractor_cleanup=false elevator_transfer=false deck=Aircraft_11_nav_r3_152 pending=none clearance=none queue=0
t=7704.2 SPAWN craft=Aircraft_11_nav_r3_152 route=3 candidate=5 trial=152 t=7704.2
t=7704.2 LZ_REACHED craft=Aircraft_11_nav_r8_149 route=8 outbound=165.6s t=7704.2
t=7707.7 ==== SUMMARY t=7707.7 ====
t=7707.7 route=1 laps=19 crashes=0 avg_out=146.9s avg_ret=134.8s avg_lap=293.7s best_lap=280.7
t=7707.7 route=2 laps=17 crashes=1 avg_out=178.3s avg_ret=202.7s avg_lap=393.0s best_lap=381.0
t=7707.8 route=3 laps=18 crashes=0 avg_out=214.2s avg_ret=239.8s avg_lap=466.0s best_lap=454.7
t=7707.8 route=4 laps=17 crashes=1 avg_out=173.4s avg_ret=137.9s avg_lap=323.1s best_lap=306.5
t=7707.8 route=5 laps=17 crashes=0 avg_out=252.9s avg_ret=212.3s avg_lap=477.6s best_lap=462.6
t=7707.8 route=6 laps=18 crashes=1 avg_out=143.7s avg_ret=125.1s avg_lap=280.8s best_lap=271.2
t=7707.8 route=7 laps=18 crashes=0 avg_out=161.1s avg_ret=124.8s avg_lap=298.1s best_lap=291.9
t=7707.8 route=8 laps=18 crashes=0 avg_out=166.3s avg_ret=141.6s avg_lap=320.0s best_lap=311.2
t=7707.8 TOTAL laps=142 crashes=3
t=7707.8 TUNER gen=2 results=17/64 pending=7 active=7 remaining=47 next_trial=153 rounds=[4,3,3,3,2,3,3,3]
t=7724.3 SPAWN craft=Aircraft_11_nav_r6_153 route=6 candidate=1 trial=153 t=7724.3
t=7735.1 LZ_REACHED craft=Aircraft_11_nav_r2_150 route=2 outbound=176.4s t=7735.1
t=7737.8 ==== SUMMARY t=7737.8 ====
t=7737.8 route=1 laps=19 crashes=0 avg_out=146.9s avg_ret=134.8s avg_lap=293.7s best_lap=280.7
t=7737.8 route=2 laps=17 crashes=1 avg_out=178.2s avg_ret=202.7s avg_lap=393.0s best_lap=381.0
t=7737.8 route=3 laps=18 crashes=0 avg_out=214.2s avg_ret=239.8s avg_lap=466.0s best_lap=454.7
t=7737.8 route=4 laps=17 crashes=1 avg_out=173.4s avg_ret=137.9s avg_lap=323.1s best_lap=306.5
t=7737.8 route=5 laps=17 crashes=0 avg_out=252.9s avg_ret=212.3s avg_lap=477.6s best_lap=462.6
t=7737.8 route=6 laps=18 crashes=1 avg_out=143.7s avg_ret=125.1s avg_lap=280.8s best_lap=271.2
t=7737.8 route=7 laps=18 crashes=0 avg_out=161.1s avg_ret=124.8s avg_lap=298.1s best_lap=291.9
t=7737.8 route=8 laps=18 crashes=0 avg_out=166.3s avg_ret=141.6s avg_lap=320.0s best_lap=311.2
t=7737.8 TOTAL laps=142 crashes=3
t=7737.8 TUNER gen=2 results=17/64 pending=8 active=8 remaining=47 next_trial=154 rounds=[4,3,3,3,2,4,3,3]
t=7741.8 LAP_CAPTURE craft=Aircraft_11_nav_r5_144 route=5 return=205.9s lap=464.3s carrier_dist=200m t=7741.8
t=7759.5 SPAWN craft=Aircraft_11_nav_r5_154 route=5 candidate=7 trial=154 t=7759.5
t=7767.9 ==== SUMMARY t=7767.9 ====
t=7767.9 route=1 laps=19 crashes=0 avg_out=146.9s avg_ret=134.8s avg_lap=293.7s best_lap=280.7
t=7767.9 route=2 laps=17 crashes=1 avg_out=178.2s avg_ret=202.7s avg_lap=393.0s best_lap=381.0
t=7767.9 route=3 laps=18 crashes=0 avg_out=214.2s avg_ret=239.8s avg_lap=466.0s best_lap=454.7
t=7767.9 route=4 laps=17 crashes=1 avg_out=173.4s avg_ret=137.9s avg_lap=323.1s best_lap=306.5
t=7767.9 route=5 laps=18 crashes=0 avg_out=252.9s avg_ret=211.9s avg_lap=476.8s best_lap=462.6
t=7767.9 route=6 laps=18 crashes=1 avg_out=143.7s avg_ret=125.1s avg_lap=280.8s best_lap=271.2
t=7767.9 route=7 laps=18 crashes=0 avg_out=161.1s avg_ret=124.8s avg_lap=298.1s best_lap=291.9
t=7767.9 route=8 laps=18 crashes=0 avg_out=166.3s avg_ret=141.6s avg_lap=320.0s best_lap=311.2
t=7767.9 TOTAL laps=143 crashes=3
t=7767.9 TUNER gen=2 results=18/64 pending=8 active=8 remaining=46 next_trial=155 rounds=[4,3,3,3,3,4,3,3]
t=7775.9 LAP_CAPTURE craft=Aircraft_11_nav_r7_148 route=7 return=123.4s lap=292.6s carrier_dist=200m t=7775.9
t=7782.9 LZ_REACHED craft=Aircraft_11_nav_r1_151 route=1 outbound=138.9s t=7782.9
t=7784.8 LAP_CAPTURE craft=Aircraft_11_nav_r4_147 route=4 return=136.2s lap=321.5s carrier_dist=200m t=7784.8
t=7794.4 LAUNCH_BLOCKED reason=deck_busy active=7 stored=1 no_active_s=0.0 state=AIRCRAFT_ON_DECK tractor_cleanup=false elevator_transfer=false deck=Aircraft_11_nav_r7_155 pending=none clearance=none queue=0
t=7794.6 SPAWN craft=Aircraft_11_nav_r7_155 route=7 candidate=2 trial=155 t=7794.6
t=7797.9 ==== SUMMARY t=7797.9 ====
t=7797.9 route=1 laps=19 crashes=0 avg_out=146.5s avg_ret=134.8s avg_lap=293.7s best_lap=280.7
t=7797.9 route=2 laps=17 crashes=1 avg_out=178.2s avg_ret=202.7s avg_lap=393.0s best_lap=381.0
t=7797.9 route=3 laps=18 crashes=0 avg_out=214.2s avg_ret=239.8s avg_lap=466.0s best_lap=454.7
t=7797.9 route=4 laps=18 crashes=1 avg_out=173.4s avg_ret=137.8s avg_lap=323.0s best_lap=306.5
t=7797.9 route=5 laps=18 crashes=0 avg_out=252.9s avg_ret=211.9s avg_lap=476.8s best_lap=462.6
t=7797.9 route=6 laps=18 crashes=1 avg_out=143.7s avg_ret=125.1s avg_lap=280.8s best_lap=271.2
t=7797.9 route=7 laps=19 crashes=0 avg_out=161.1s avg_ret=124.7s avg_lap=297.8s best_lap=291.9
t=7797.9 route=8 laps=18 crashes=0 avg_out=166.3s avg_ret=141.6s avg_lap=320.0s best_lap=311.2
t=7797.9 TOTAL laps=145 crashes=3
t=7798.0 TUNER gen=2 results=20/64 pending=7 active=7 remaining=44 next_trial=156 rounds=[4,3,3,3,3,4,4,3]
t=7814.8 SPAWN craft=Aircraft_11_nav_r4_156 route=4 candidate=7 trial=156 t=7814.8
t=7828.0 ==== SUMMARY t=7828.0 ====
t=7828.0 route=1 laps=19 crashes=0 avg_out=146.5s avg_ret=134.8s avg_lap=293.7s best_lap=280.7
t=7828.0 route=2 laps=17 crashes=1 avg_out=178.2s avg_ret=202.7s avg_lap=393.0s best_lap=381.0
t=7828.0 route=3 laps=18 crashes=0 avg_out=214.2s avg_ret=239.8s avg_lap=466.0s best_lap=454.7
t=7828.0 route=4 laps=18 crashes=1 avg_out=173.4s avg_ret=137.8s avg_lap=323.0s best_lap=306.5
t=7828.0 route=5 laps=18 crashes=0 avg_out=252.9s avg_ret=211.9s avg_lap=476.8s best_lap=462.6
t=7828.0 route=6 laps=18 crashes=1 avg_out=143.7s avg_ret=125.1s avg_lap=280.8s best_lap=271.2
t=7828.0 route=7 laps=19 crashes=0 avg_out=161.1s avg_ret=124.7s avg_lap=297.8s best_lap=291.9
t=7828.0 route=8 laps=18 crashes=0 avg_out=166.3s avg_ret=141.6s avg_lap=320.0s best_lap=311.2
t=7828.0 TOTAL laps=145 crashes=3
t=7828.0 TUNER gen=2 results=20/64 pending=8 active=8 remaining=44 next_trial=157 rounds=[4,3,3,4,3,4,4,3]
t=7850.3 LAP_CAPTURE craft=Aircraft_11_nav_r8_149 route=8 return=134.1s lap=311.7s carrier_dist=200m t=7850.3
t=7858.0 ==== SUMMARY t=7858.0 ====
t=7858.0 route=1 laps=19 crashes=0 avg_out=146.5s avg_ret=134.8s avg_lap=293.7s best_lap=280.7
t=7858.0 route=2 laps=17 crashes=1 avg_out=178.2s avg_ret=202.7s avg_lap=393.0s best_lap=381.0
t=7858.0 route=3 laps=18 crashes=0 avg_out=214.2s avg_ret=239.8s avg_lap=466.0s best_lap=454.7
t=7858.0 route=4 laps=18 crashes=1 avg_out=173.4s avg_ret=137.8s avg_lap=323.0s best_lap=306.5
t=7858.0 route=5 laps=18 crashes=0 avg_out=252.9s avg_ret=211.9s avg_lap=476.8s best_lap=462.6
t=7858.0 route=6 laps=18 crashes=1 avg_out=143.7s avg_ret=125.1s avg_lap=280.8s best_lap=271.2
t=7858.0 route=7 laps=19 crashes=0 avg_out=161.1s avg_ret=124.7s avg_lap=297.8s best_lap=291.9
t=7858.0 route=8 laps=19 crashes=0 avg_out=166.3s avg_ret=141.2s avg_lap=319.6s best_lap=311.2
t=7858.0 TOTAL laps=146 crashes=3
t=7858.0 TUNER gen=2 results=21/64 pending=7 active=7 remaining=43 next_trial=157 rounds=[4,3,3,4,3,4,4,3]
t=7869.9 SPAWN craft=Aircraft_11_nav_r8_157 route=8 candidate=3 trial=157 t=7869.9
t=7871.0 LZ_REACHED craft=Aircraft_11_nav_r6_153 route=6 outbound=146.8s t=7871.0
t=7888.1 ==== SUMMARY t=7888.1 ====
t=7888.1 route=1 laps=19 crashes=0 avg_out=146.5s avg_ret=134.8s avg_lap=293.7s best_lap=280.7
t=7888.1 route=2 laps=17 crashes=1 avg_out=178.2s avg_ret=202.7s avg_lap=393.0s best_lap=381.0
t=7888.1 route=3 laps=18 crashes=0 avg_out=214.2s avg_ret=239.8s avg_lap=466.0s best_lap=454.7
t=7888.1 route=4 laps=18 crashes=1 avg_out=173.4s avg_ret=137.8s avg_lap=323.0s best_lap=306.5
t=7888.1 route=5 laps=18 crashes=0 avg_out=252.9s avg_ret=211.9s avg_lap=476.8s best_lap=462.6
t=7888.1 route=6 laps=18 crashes=1 avg_out=143.9s avg_ret=125.1s avg_lap=280.8s best_lap=271.2
t=7888.1 route=7 laps=19 crashes=0 avg_out=161.1s avg_ret=124.7s avg_lap=297.8s best_lap=291.9
t=7888.1 route=8 laps=19 crashes=0 avg_out=166.3s avg_ret=141.2s avg_lap=319.6s best_lap=311.2
t=7888.1 TOTAL laps=146 crashes=3
t=7888.1 TUNER gen=2 results=21/64 pending=8 active=8 remaining=43 next_trial=158 rounds=[4,3,3,4,3,4,4,4]
t=7910.8 LZ_REACHED craft=Aircraft_11_nav_r3_152 route=3 outbound=206.6s t=7910.8
t=7918.1 ==== SUMMARY t=7918.1 ====
t=7918.1 route=1 laps=19 crashes=0 avg_out=146.5s avg_ret=134.8s avg_lap=293.7s best_lap=280.7
t=7918.1 route=2 laps=17 crashes=1 avg_out=178.2s avg_ret=202.7s avg_lap=393.0s best_lap=381.0
t=7918.1 route=3 laps=18 crashes=0 avg_out=213.8s avg_ret=239.8s avg_lap=466.0s best_lap=454.7
t=7918.1 route=4 laps=18 crashes=1 avg_out=173.4s avg_ret=137.8s avg_lap=323.0s best_lap=306.5
t=7918.1 route=5 laps=18 crashes=0 avg_out=252.9s avg_ret=211.9s avg_lap=476.8s best_lap=462.6
t=7918.1 route=6 laps=18 crashes=1 avg_out=143.9s avg_ret=125.1s avg_lap=280.8s best_lap=271.2
t=7918.1 route=7 laps=19 crashes=0 avg_out=161.1s avg_ret=124.7s avg_lap=297.8s best_lap=291.9
t=7918.1 route=8 laps=19 crashes=0 avg_out=166.3s avg_ret=141.2s avg_lap=319.6s best_lap=311.2
t=7918.1 TOTAL laps=146 crashes=3
t=7918.1 TUNER gen=2 results=21/64 pending=8 active=8 remaining=43 next_trial=158 rounds=[4,3,3,4,3,4,4,4]
t=7931.9 LAP_CAPTURE craft=Aircraft_11_nav_r1_151 route=1 return=136.9s lap=287.9s carrier_dist=200m t=7931.9
t=7942.9 LAP_CAPTURE craft=Aircraft_11_nav_r2_150 route=2 return=195.8s lap=384.2s carrier_dist=200m t=7942.9
t=7948.1 ==== SUMMARY t=7948.1 ====
t=7948.1 route=1 laps=20 crashes=0 avg_out=146.5s avg_ret=134.9s avg_lap=293.4s best_lap=280.7
t=7948.1 route=2 laps=18 crashes=1 avg_out=178.2s avg_ret=202.3s avg_lap=392.5s best_lap=381.0
t=7948.1 route=3 laps=18 crashes=0 avg_out=213.8s avg_ret=239.8s avg_lap=466.0s best_lap=454.7
t=7948.1 route=4 laps=18 crashes=1 avg_out=173.4s avg_ret=137.8s avg_lap=323.0s best_lap=306.5
t=7948.1 route=5 laps=18 crashes=0 avg_out=252.9s avg_ret=211.9s avg_lap=476.8s best_lap=462.6
t=7948.1 route=6 laps=18 crashes=1 avg_out=143.9s avg_ret=125.1s avg_lap=280.8s best_lap=271.2
t=7948.1 route=7 laps=19 crashes=0 avg_out=161.1s avg_ret=124.7s avg_lap=297.8s best_lap=291.9
t=7948.1 route=8 laps=19 crashes=0 avg_out=166.3s avg_ret=141.2s avg_lap=319.6s best_lap=311.2
t=7948.1 TOTAL laps=148 crashes=3
t=7948.1 TUNER gen=2 results=23/64 pending=7 active=7 remaining=41 next_trial=159 rounds=[5,3,3,4,3,4,4,4]
t=7950.0 LAUNCH_BLOCKED reason=deck_busy active=7 stored=1 no_active_s=0.0 state=AIRCRAFT_ON_DECK tractor_cleanup=false elevator_transfer=false deck=Aircraft_11_nav_r1_158 pending=none clearance=none queue=0
t=7950.2 SPAWN craft=Aircraft_11_nav_r1_158 route=1 candidate=5 trial=158 t=7950.2
t=7952.1 LZ_REACHED craft=Aircraft_11_nav_r7_155 route=7 outbound=157.5s t=7952.1
t=7970.3 SPAWN craft=Aircraft_11_nav_r2_159 route=2 candidate=5 trial=159 t=7970.3
t=7978.1 ==== SUMMARY t=7978.1 ====
t=7978.1 route=1 laps=20 crashes=0 avg_out=146.5s avg_ret=134.9s avg_lap=293.4s best_lap=280.7
t=7978.1 route=2 laps=18 crashes=1 avg_out=178.2s avg_ret=202.3s avg_lap=392.5s best_lap=381.0
t=7978.1 route=3 laps=18 crashes=0 avg_out=213.8s avg_ret=239.8s avg_lap=466.0s best_lap=454.7
t=7978.1 route=4 laps=18 crashes=1 avg_out=173.4s avg_ret=137.8s avg_lap=323.0s best_lap=306.5
t=7978.1 route=5 laps=18 crashes=0 avg_out=252.9s avg_ret=211.9s avg_lap=476.8s best_lap=462.6
t=7978.1 route=6 laps=18 crashes=1 avg_out=143.9s avg_ret=125.1s avg_lap=280.8s best_lap=271.2
t=7978.1 route=7 laps=19 crashes=0 avg_out=160.9s avg_ret=124.7s avg_lap=297.8s best_lap=291.9
t=7978.1 route=8 laps=19 crashes=0 avg_out=166.3s avg_ret=141.2s avg_lap=319.6s best_lap=311.2
t=7978.1 TOTAL laps=148 crashes=3
t=7978.1 TUNER gen=2 results=23/64 pending=8 active=8 remaining=41 next_trial=160 rounds=[5,4,3,4,3,4,4,4]
t=7990.6 LZ_REACHED craft=Aircraft_11_nav_r4_156 route=4 outbound=175.9s t=7990.6
t=8006.3 LAP_CAPTURE craft=Aircraft_11_nav_r6_153 route=6 return=123.2s lap=282.0s carrier_dist=200m t=8006.3
t=8008.1 ==== SUMMARY t=8008.1 ====
t=8008.1 route=1 laps=20 crashes=0 avg_out=146.5s avg_ret=134.9s avg_lap=293.4s best_lap=280.7
t=8008.1 route=2 laps=18 crashes=1 avg_out=178.2s avg_ret=202.3s avg_lap=392.5s best_lap=381.0
t=8008.1 route=3 laps=18 crashes=0 avg_out=213.8s avg_ret=239.8s avg_lap=466.0s best_lap=454.7
t=8008.1 route=4 laps=18 crashes=1 avg_out=173.5s avg_ret=137.8s avg_lap=323.0s best_lap=306.5
t=8008.1 route=5 laps=18 crashes=0 avg_out=252.9s avg_ret=211.9s avg_lap=476.8s best_lap=462.6
t=8008.1 route=6 laps=19 crashes=1 avg_out=143.9s avg_ret=125.0s avg_lap=280.9s best_lap=271.2
t=8008.1 route=7 laps=19 crashes=0 avg_out=160.9s avg_ret=124.7s avg_lap=297.8s best_lap=291.9
t=8008.2 route=8 laps=19 crashes=0 avg_out=166.3s avg_ret=141.2s avg_lap=319.6s best_lap=311.2
t=8008.2 TOTAL laps=149 crashes=3
t=8008.2 TUNER gen=2 results=24/64 pending=7 active=7 remaining=40 next_trial=160 rounds=[5,4,3,4,3,4,4,4]
t=8008.6 LZ_REACHED craft=Aircraft_11_nav_r5_154 route=5 outbound=249.1s t=8008.6
t=8025.5 SPAWN craft=Aircraft_11_nav_r6_160 route=6 candidate=2 trial=160 t=8025.5
t=8036.3 LZ_REACHED craft=Aircraft_11_nav_r8_157 route=8 outbound=166.3s t=8036.3
t=8038.2 ==== SUMMARY t=8038.2 ====
t=8038.2 route=1 laps=20 crashes=0 avg_out=146.5s avg_ret=134.9s avg_lap=293.4s best_lap=280.7
t=8038.2 route=2 laps=18 crashes=1 avg_out=178.2s avg_ret=202.3s avg_lap=392.5s best_lap=381.0
t=8038.2 route=3 laps=18 crashes=0 avg_out=213.8s avg_ret=239.8s avg_lap=466.0s best_lap=454.7
t=8038.2 route=4 laps=18 crashes=1 avg_out=173.5s avg_ret=137.8s avg_lap=323.0s best_lap=306.5
t=8038.3 route=5 laps=18 crashes=0 avg_out=252.7s avg_ret=211.9s avg_lap=476.8s best_lap=462.6
t=8038.3 route=6 laps=19 crashes=1 avg_out=143.9s avg_ret=125.0s avg_lap=280.9s best_lap=271.2
t=8038.3 route=7 laps=19 crashes=0 avg_out=160.9s avg_ret=124.7s avg_lap=297.8s best_lap=291.9
t=8038.3 route=8 laps=19 crashes=0 avg_out=166.3s avg_ret=141.2s avg_lap=319.6s best_lap=311.2
t=8038.3 TOTAL laps=149 crashes=3
t=8038.3 TUNER gen=2 results=24/64 pending=8 active=8 remaining=40 next_trial=161 rounds=[5,4,3,4,3,5,4,4]
t=8068.2 ==== SUMMARY t=8068.2 ====
t=8068.2 route=1 laps=20 crashes=0 avg_out=146.5s avg_ret=134.9s avg_lap=293.4s best_lap=280.7
t=8068.2 route=2 laps=18 crashes=1 avg_out=178.2s avg_ret=202.3s avg_lap=392.5s best_lap=381.0
t=8068.3 route=3 laps=18 crashes=0 avg_out=213.8s avg_ret=239.8s avg_lap=466.0s best_lap=454.7
t=8068.3 route=4 laps=18 crashes=1 avg_out=173.5s avg_ret=137.8s avg_lap=323.0s best_lap=306.5
t=8068.3 route=5 laps=18 crashes=0 avg_out=252.7s avg_ret=211.9s avg_lap=476.8s best_lap=462.6
t=8068.3 route=6 laps=19 crashes=1 avg_out=143.9s avg_ret=125.0s avg_lap=280.9s best_lap=271.2
t=8068.3 route=7 laps=19 crashes=0 avg_out=160.9s avg_ret=124.7s avg_lap=297.8s best_lap=291.9
t=8068.3 route=8 laps=19 crashes=0 avg_out=166.3s avg_ret=141.2s avg_lap=319.6s best_lap=311.2
t=8068.3 TOTAL laps=149 crashes=3
t=8068.3 TUNER gen=2 results=24/64 pending=8 active=8 remaining=40 next_trial=161 rounds=[5,4,3,4,3,5,4,4]
t=8087.6 LAP_CAPTURE craft=Aircraft_11_nav_r7_155 route=7 return=123.5s lap=293.0s carrier_dist=200m t=8087.6
t=8091.2 LZ_REACHED craft=Aircraft_11_nav_r1_158 route=1 outbound=141.0s t=8091.2
t=8098.3 ==== SUMMARY t=8098.3 ====
t=8098.3 route=1 laps=20 crashes=0 avg_out=146.2s avg_ret=134.9s avg_lap=293.4s best_lap=280.7
t=8098.3 route=2 laps=18 crashes=1 avg_out=178.2s avg_ret=202.3s avg_lap=392.5s best_lap=381.0
t=8098.3 route=3 laps=18 crashes=0 avg_out=213.8s avg_ret=239.8s avg_lap=466.0s best_lap=454.7
t=8098.3 route=4 laps=18 crashes=1 avg_out=173.5s avg_ret=137.8s avg_lap=323.0s best_lap=306.5
t=8098.3 route=5 laps=18 crashes=0 avg_out=252.7s avg_ret=211.9s avg_lap=476.8s best_lap=462.6
t=8098.3 route=6 laps=19 crashes=1 avg_out=143.9s avg_ret=125.0s avg_lap=280.9s best_lap=271.2
t=8098.3 route=7 laps=20 crashes=0 avg_out=160.9s avg_ret=124.6s avg_lap=297.6s best_lap=291.9
t=8098.3 route=8 laps=19 crashes=0 avg_out=166.3s avg_ret=141.2s avg_lap=319.6s best_lap=311.2
t=8098.3 TOTAL laps=150 crashes=3
t=8098.3 TUNER gen=2 results=25/64 pending=7 active=7 remaining=39 next_trial=161 rounds=[5,4,3,4,3,5,4,4]
t=8106.0 SPAWN craft=Aircraft_11_nav_r7_161 route=7 candidate=3 trial=161 t=8106.0
t=8128.3 ==== SUMMARY t=8128.3 ====
t=8128.3 route=1 laps=20 crashes=0 avg_out=146.2s avg_ret=134.9s avg_lap=293.4s best_lap=280.7
t=8128.3 route=2 laps=18 crashes=1 avg_out=178.2s avg_ret=202.3s avg_lap=392.5s best_lap=381.0
t=8128.3 route=3 laps=18 crashes=0 avg_out=213.8s avg_ret=239.8s avg_lap=466.0s best_lap=454.7
t=8128.3 route=4 laps=18 crashes=1 avg_out=173.5s avg_ret=137.8s avg_lap=323.0s best_lap=306.5
t=8128.3 route=5 laps=18 crashes=0 avg_out=252.7s avg_ret=211.9s avg_lap=476.8s best_lap=462.6
t=8128.3 route=6 laps=19 crashes=1 avg_out=143.9s avg_ret=125.0s avg_lap=280.9s best_lap=271.2
t=8128.3 route=7 laps=20 crashes=0 avg_out=160.9s avg_ret=124.6s avg_lap=297.6s best_lap=291.9
t=8128.4 route=8 laps=19 crashes=0 avg_out=166.3s avg_ret=141.2s avg_lap=319.6s best_lap=311.2
t=8128.4 TOTAL laps=150 crashes=3
t=8128.4 TUNER gen=2 results=25/64 pending=8 active=8 remaining=39 next_trial=162 rounds=[5,4,3,4,3,5,5,4]
t=8147.4 LAP_CAPTURE craft=Aircraft_11_nav_r4_156 route=4 return=144.7s lap=332.6s carrier_dist=200m t=8147.4
t=8148.4 LZ_REACHED craft=Aircraft_11_nav_r2_159 route=2 outbound=178.1s t=8148.4
t=8158.3 ==== SUMMARY t=8158.3 ====
t=8158.3 route=1 laps=20 crashes=0 avg_out=146.2s avg_ret=134.9s avg_lap=293.4s best_lap=280.7
t=8158.3 route=2 laps=18 crashes=1 avg_out=178.2s avg_ret=202.3s avg_lap=392.5s best_lap=381.0
t=8158.3 route=3 laps=18 crashes=0 avg_out=213.8s avg_ret=239.8s avg_lap=466.0s best_lap=454.7
t=8158.3 route=4 laps=19 crashes=1 avg_out=173.5s avg_ret=138.2s avg_lap=323.5s best_lap=306.5
t=8158.3 route=5 laps=18 crashes=0 avg_out=252.7s avg_ret=211.9s avg_lap=476.8s best_lap=462.6
t=8158.4 route=6 laps=19 crashes=1 avg_out=143.9s avg_ret=125.0s avg_lap=280.9s best_lap=271.2
t=8158.4 route=7 laps=20 crashes=0 avg_out=160.9s avg_ret=124.6s avg_lap=297.6s best_lap=291.9
t=8158.4 route=8 laps=19 crashes=0 avg_out=166.3s avg_ret=141.2s avg_lap=319.6s best_lap=311.2
t=8158.4 TOTAL laps=151 crashes=3
t=8158.4 TUNER gen=2 results=26/64 pending=7 active=7 remaining=38 next_trial=162 rounds=[5,4,3,4,3,5,5,4]
t=8166.1 SPAWN craft=Aircraft_11_nav_r4_162 route=4 candidate=8 trial=162 t=8166.1
t=8166.9 LZ_REACHED craft=Aircraft_11_nav_r6_160 route=6 outbound=141.4s t=8166.9
t=8171.4 LAP_CAPTURE craft=Aircraft_11_nav_r3_152 route=3 return=248.5s lap=467.2s carrier_dist=200m t=8171.4
t=8188.4 ==== SUMMARY t=8188.4 ====
t=8188.4 route=1 laps=20 crashes=0 avg_out=146.2s avg_ret=134.9s avg_lap=293.4s best_lap=280.7
t=8188.4 route=2 laps=18 crashes=1 avg_out=178.2s avg_ret=202.3s avg_lap=392.5s best_lap=381.0
t=8188.4 route=3 laps=19 crashes=0 avg_out=213.8s avg_ret=240.3s avg_lap=466.1s best_lap=454.7
t=8188.4 route=4 laps=19 crashes=1 avg_out=173.5s avg_ret=138.2s avg_lap=323.5s best_lap=306.5
t=8188.4 route=5 laps=18 crashes=0 avg_out=252.7s avg_ret=211.9s avg_lap=476.8s best_lap=462.6
t=8188.4 route=6 laps=19 crashes=1 avg_out=143.8s avg_ret=125.0s avg_lap=280.9s best_lap=271.2
t=8188.4 route=7 laps=20 crashes=0 avg_out=160.9s avg_ret=124.6s avg_lap=297.6s best_lap=291.9
t=8188.4 route=8 laps=19 crashes=0 avg_out=166.3s avg_ret=141.2s avg_lap=319.6s best_lap=311.2
t=8188.4 TOTAL laps=152 crashes=3
t=8188.4 TUNER gen=2 results=27/64 pending=8 active=8 remaining=37 next_trial=164 rounds=[5,4,4,5,3,5,5,4]
t=8191.2 SPAWN craft=Aircraft_11_nav_r3_163 route=3 candidate=6 trial=163 t=8191.2
t=8200.8 LAP_CAPTURE craft=Aircraft_11_nav_r8_157 route=8 return=152.5s lap=330.8s carrier_dist=200m t=8200.7
t=8216.2 SPAWN craft=Aircraft_11_nav_r8_164 route=8 candidate=4 trial=164 t=8216.2
t=8218.4 ==== SUMMARY t=8218.4 ====
t=8218.4 route=1 laps=20 crashes=0 avg_out=146.2s avg_ret=134.9s avg_lap=293.4s best_lap=280.7
t=8218.4 route=2 laps=18 crashes=1 avg_out=178.2s avg_ret=202.3s avg_lap=392.5s best_lap=381.0
t=8218.4 route=3 laps=19 crashes=0 avg_out=213.8s avg_ret=240.3s avg_lap=466.1s best_lap=454.7
t=8218.4 route=4 laps=19 crashes=1 avg_out=173.5s avg_ret=138.2s avg_lap=323.5s best_lap=306.5
t=8218.4 route=5 laps=18 crashes=0 avg_out=252.7s avg_ret=211.9s avg_lap=476.8s best_lap=462.6
t=8218.4 route=6 laps=19 crashes=1 avg_out=143.8s avg_ret=125.0s avg_lap=280.9s best_lap=271.2
t=8218.4 route=7 laps=20 crashes=0 avg_out=160.9s avg_ret=124.6s avg_lap=297.6s best_lap=291.9
t=8218.4 route=8 laps=20 crashes=0 avg_out=166.3s avg_ret=141.8s avg_lap=320.1s best_lap=311.2
t=8218.4 TOTAL laps=153 crashes=3
t=8218.4 TUNER gen=2 results=28/64 pending=8 active=8 remaining=36 next_trial=165 rounds=[5,4,4,5,3,5,5,5]
t=8228.5 LAP_CAPTURE craft=Aircraft_11_nav_r5_154 route=5 return=207.9s lap=469.0s carrier_dist=200m t=8228.5
t=8236.1 LAUNCH_BLOCKED reason=landing_or_storage_busy active=7 stored=1 no_active_s=0.0 state=IDLE tractor_cleanup=false elevator_transfer=false deck=Aircraft_11_nav_r8_164 pending=none clearance=Aircraft_11_nav_r1_158 queue=0
t=8240.4 LAP_CAPTURE craft=Aircraft_11_nav_r1_158 route=1 return=137.2s lap=290.2s carrier_dist=200m t=8240.4
t=8248.4 ==== SUMMARY t=8248.4 ====
t=8248.4 route=1 laps=21 crashes=0 avg_out=146.2s avg_ret=135.0s avg_lap=293.3s best_lap=280.7
t=8248.4 route=2 laps=18 crashes=1 avg_out=178.2s avg_ret=202.3s avg_lap=392.5s best_lap=381.0
t=8248.4 route=3 laps=19 crashes=0 avg_out=213.8s avg_ret=240.3s avg_lap=466.1s best_lap=454.7
t=8248.4 route=4 laps=19 crashes=1 avg_out=173.5s avg_ret=138.2s avg_lap=323.5s best_lap=306.5
t=8248.4 route=5 laps=19 crashes=0 avg_out=252.7s avg_ret=211.7s avg_lap=476.4s best_lap=462.6
t=8248.4 route=6 laps=19 crashes=1 avg_out=143.8s avg_ret=125.0s avg_lap=280.9s best_lap=271.2
t=8248.4 route=7 laps=20 crashes=0 avg_out=160.9s avg_ret=124.6s avg_lap=297.6s best_lap=291.9
t=8248.4 route=8 laps=20 crashes=0 avg_out=166.3s avg_ret=141.8s avg_lap=320.1s best_lap=311.2
t=8248.5 TOTAL laps=155 crashes=3
t=8248.5 TUNER gen=2 results=30/64 pending=6 active=6 remaining=34 next_trial=165 rounds=[5,4,4,5,3,5,5,5]
t=8251.2 LAUNCH_BLOCKED reason=deck_busy active=7 stored=1 no_active_s=0.0 state=AIRCRAFT_ON_DECK tractor_cleanup=false elevator_transfer=true deck=Aircraft_11_nav_r5_165 pending=none clearance=none queue=0
t=8256.5 SPAWN craft=Aircraft_11_nav_r5_165 route=5 candidate=8 trial=165 t=8256.5
t=8262.0 LZ_REACHED craft=Aircraft_11_nav_r7_161 route=7 outbound=156.0s t=8262.0
t=8276.6 SPAWN craft=Aircraft_11_nav_r1_166 route=1 candidate=6 trial=166 t=8276.6
t=8278.6 ==== SUMMARY t=8278.6 ====
t=8278.6 route=1 laps=21 crashes=0 avg_out=146.2s avg_ret=135.0s avg_lap=293.3s best_lap=280.7
t=8278.6 route=2 laps=18 crashes=1 avg_out=178.2s avg_ret=202.3s avg_lap=392.5s best_lap=381.0
t=8278.6 route=3 laps=19 crashes=0 avg_out=213.8s avg_ret=240.3s avg_lap=466.1s best_lap=454.7
t=8278.6 route=4 laps=19 crashes=1 avg_out=173.5s avg_ret=138.2s avg_lap=323.5s best_lap=306.5
t=8278.6 route=5 laps=19 crashes=0 avg_out=252.7s avg_ret=211.7s avg_lap=476.4s best_lap=462.6
t=8278.6 route=6 laps=19 crashes=1 avg_out=143.8s avg_ret=125.0s avg_lap=280.9s best_lap=271.2
t=8278.6 route=7 laps=20 crashes=0 avg_out=160.7s avg_ret=124.6s avg_lap=297.6s best_lap=291.9
t=8278.6 route=8 laps=20 crashes=0 avg_out=166.3s avg_ret=141.8s avg_lap=320.1s best_lap=311.2
t=8278.6 TOTAL laps=155 crashes=3
t=8278.6 TUNER gen=2 results=30/64 pending=8 active=8 remaining=34 next_trial=167 rounds=[6,4,4,5,4,5,5,5]
t=8304.0 LAP_CAPTURE craft=Aircraft_11_nav_r6_160 route=6 return=125.0s lap=278.4s carrier_dist=199m t=8303.9
t=8308.6 ==== SUMMARY t=8308.6 ====
t=8308.6 route=1 laps=21 crashes=0 avg_out=146.2s avg_ret=135.0s avg_lap=293.3s best_lap=280.7
t=8308.6 route=2 laps=18 crashes=1 avg_out=178.2s avg_ret=202.3s avg_lap=392.5s best_lap=381.0
t=8308.6 route=3 laps=19 crashes=0 avg_out=213.8s avg_ret=240.3s avg_lap=466.1s best_lap=454.7
t=8308.6 route=4 laps=19 crashes=1 avg_out=173.5s avg_ret=138.2s avg_lap=323.5s best_lap=306.5
t=8308.6 route=5 laps=19 crashes=0 avg_out=252.7s avg_ret=211.7s avg_lap=476.4s best_lap=462.6
t=8308.6 route=6 laps=20 crashes=1 avg_out=143.8s avg_ret=125.0s avg_lap=280.8s best_lap=271.2
t=8308.6 route=7 laps=20 crashes=0 avg_out=160.7s avg_ret=124.6s avg_lap=297.6s best_lap=291.9
t=8308.6 route=8 laps=20 crashes=0 avg_out=166.3s avg_ret=141.8s avg_lap=320.1s best_lap=311.2
t=8308.6 TOTAL laps=156 crashes=3
t=8308.6 TUNER gen=2 results=31/64 pending=7 active=7 remaining=33 next_trial=167 rounds=[6,4,4,5,4,5,5,5]
t=8321.8 SPAWN craft=Aircraft_11_nav_r6_167 route=6 candidate=3 trial=167 t=8321.8
t=8338.6 ==== SUMMARY t=8338.6 ====
t=8338.6 route=1 laps=21 crashes=0 avg_out=146.2s avg_ret=135.0s avg_lap=293.3s best_lap=280.7
t=8338.6 route=2 laps=18 crashes=1 avg_out=178.2s avg_ret=202.3s avg_lap=392.5s best_lap=381.0
t=8338.7 route=3 laps=19 crashes=0 avg_out=213.8s avg_ret=240.3s avg_lap=466.1s best_lap=454.7
t=8338.7 route=4 laps=19 crashes=1 avg_out=173.5s avg_ret=138.2s avg_lap=323.5s best_lap=306.5
t=8338.7 route=5 laps=19 crashes=0 avg_out=252.7s avg_ret=211.7s avg_lap=476.4s best_lap=462.6
t=8338.7 route=6 laps=20 crashes=1 avg_out=143.8s avg_ret=125.0s avg_lap=280.8s best_lap=271.2
t=8338.7 route=7 laps=20 crashes=0 avg_out=160.7s avg_ret=124.6s avg_lap=297.6s best_lap=291.9
t=8338.7 route=8 laps=20 crashes=0 avg_out=166.3s avg_ret=141.8s avg_lap=320.1s best_lap=311.2
t=8338.7 TOTAL laps=156 crashes=3
t=8338.7 TUNER gen=2 results=31/64 pending=8 active=8 remaining=33 next_trial=168 rounds=[6,4,4,5,4,6,5,5]
t=8342.3 LZ_REACHED craft=Aircraft_11_nav_r4_162 route=4 outbound=176.2s t=8342.3
t=8364.2 LAP_CAPTURE craft=Aircraft_11_nav_r2_159 route=2 return=203.7s lap=393.9s carrier_dist=200m t=8364.2
t=8368.6 ==== SUMMARY t=8368.6 ====
t=8368.6 route=1 laps=21 crashes=0 avg_out=146.2s avg_ret=135.0s avg_lap=293.3s best_lap=280.7
t=8368.6 route=2 laps=19 crashes=1 avg_out=178.2s avg_ret=202.4s avg_lap=392.6s best_lap=381.0
t=8368.6 route=3 laps=19 crashes=0 avg_out=213.8s avg_ret=240.3s avg_lap=466.1s best_lap=454.7
t=8368.6 route=4 laps=19 crashes=1 avg_out=173.7s avg_ret=138.2s avg_lap=323.5s best_lap=306.5
t=8368.6 route=5 laps=19 crashes=0 avg_out=252.7s avg_ret=211.7s avg_lap=476.4s best_lap=462.6
t=8368.7 route=6 laps=20 crashes=1 avg_out=143.8s avg_ret=125.0s avg_lap=280.8s best_lap=271.2
t=8368.7 route=7 laps=20 crashes=0 avg_out=160.7s avg_ret=124.6s avg_lap=297.6s best_lap=291.9
t=8368.7 route=8 laps=20 crashes=0 avg_out=166.3s avg_ret=141.8s avg_lap=320.1s best_lap=311.2
t=8368.7 TOTAL laps=157 crashes=3
t=8368.7 TUNER gen=2 results=32/64 pending=7 active=7 remaining=32 next_trial=168 rounds=[6,4,4,5,4,6,5,5]
t=8380.9 LZ_REACHED craft=Aircraft_11_nav_r8_164 route=8 outbound=164.6s t=8380.9
t=8382.0 SPAWN craft=Aircraft_11_nav_r2_168 route=2 candidate=6 trial=168 t=8382.0
t=8396.2 LAP_CAPTURE craft=Aircraft_11_nav_r7_161 route=7 return=122.2s lap=290.3s carrier_dist=200m t=8396.2
t=8398.6 ==== SUMMARY t=8398.6 ====
t=8398.7 route=1 laps=21 crashes=0 avg_out=146.2s avg_ret=135.0s avg_lap=293.3s best_lap=280.7
t=8398.7 route=2 laps=19 crashes=1 avg_out=178.2s avg_ret=202.4s avg_lap=392.6s best_lap=381.0
t=8398.7 route=3 laps=19 crashes=0 avg_out=213.8s avg_ret=240.3s avg_lap=466.1s best_lap=454.7
t=8398.7 route=4 laps=19 crashes=1 avg_out=173.7s avg_ret=138.2s avg_lap=323.5s best_lap=306.5
t=8398.7 route=5 laps=19 crashes=0 avg_out=252.7s avg_ret=211.7s avg_lap=476.4s best_lap=462.6
t=8398.7 route=6 laps=20 crashes=1 avg_out=143.8s avg_ret=125.0s avg_lap=280.8s best_lap=271.2
t=8398.7 route=7 laps=21 crashes=0 avg_out=160.7s avg_ret=124.5s avg_lap=297.2s best_lap=290.3
t=8398.7 route=8 laps=20 crashes=0 avg_out=166.3s avg_ret=141.8s avg_lap=320.1s best_lap=311.2
t=8398.7 TOTAL laps=158 crashes=3
t=8398.7 TUNER gen=2 results=33/64 pending=7 active=7 remaining=31 next_trial=169 rounds=[6,5,4,5,4,6,5,5]
t=8399.1 LZ_REACHED craft=Aircraft_11_nav_r3_163 route=3 outbound=207.9s t=8399.1
t=8412.1 SPAWN craft=Aircraft_11_nav_r7_169 route=7 candidate=4 trial=169 t=8412.1
t=8415.5 LZ_REACHED craft=Aircraft_11_nav_r1_166 route=1 outbound=138.9s t=8415.5
t=8428.7 ==== SUMMARY t=8428.7 ====
t=8428.7 route=1 laps=21 crashes=0 avg_out=145.9s avg_ret=135.0s avg_lap=293.3s best_lap=280.7
t=8428.7 route=2 laps=19 crashes=1 avg_out=178.2s avg_ret=202.4s avg_lap=392.6s best_lap=381.0
t=8428.7 route=3 laps=19 crashes=0 avg_out=213.5s avg_ret=240.3s avg_lap=466.1s best_lap=454.7
t=8428.7 route=4 laps=19 crashes=1 avg_out=173.7s avg_ret=138.2s avg_lap=323.5s best_lap=306.5
t=8428.7 route=5 laps=19 crashes=0 avg_out=252.7s avg_ret=211.7s avg_lap=476.4s best_lap=462.6
t=8428.7 route=6 laps=20 crashes=1 avg_out=143.8s avg_ret=125.0s avg_lap=280.8s best_lap=271.2
t=8428.7 route=7 laps=21 crashes=0 avg_out=160.7s avg_ret=124.5s avg_lap=297.2s best_lap=290.3
t=8428.7 route=8 laps=20 crashes=0 avg_out=166.3s avg_ret=141.8s avg_lap=320.1s best_lap=311.2
t=8428.8 TOTAL laps=158 crashes=3
t=8428.8 TUNER gen=2 results=33/64 pending=8 active=8 remaining=31 next_trial=170 rounds=[6,5,4,5,4,6,6,5]
t=8458.7 ==== SUMMARY t=8458.7 ====
t=8458.7 route=1 laps=21 crashes=0 avg_out=145.9s avg_ret=135.0s avg_lap=293.3s best_lap=280.7
t=8458.7 route=2 laps=19 crashes=1 avg_out=178.2s avg_ret=202.4s avg_lap=392.6s best_lap=381.0
t=8458.7 route=3 laps=19 crashes=0 avg_out=213.5s avg_ret=240.3s avg_lap=466.1s best_lap=454.7
t=8458.7 route=4 laps=19 crashes=1 avg_out=173.7s avg_ret=138.2s avg_lap=323.5s best_lap=306.5
t=8458.7 route=5 laps=19 crashes=0 avg_out=252.7s avg_ret=211.7s avg_lap=476.4s best_lap=462.6
t=8458.7 route=6 laps=20 crashes=1 avg_out=143.8s avg_ret=125.0s avg_lap=280.8s best_lap=271.2
t=8458.7 route=7 laps=21 crashes=0 avg_out=160.7s avg_ret=124.5s avg_lap=297.2s best_lap=290.3
t=8458.8 route=8 laps=20 crashes=0 avg_out=166.3s avg_ret=141.8s avg_lap=320.1s best_lap=311.2
t=8458.8 TOTAL laps=158 crashes=3
t=8458.8 TUNER gen=2 results=33/64 pending=8 active=8 remaining=31 next_trial=170 rounds=[6,5,4,5,4,6,6,5]
t=8464.2 LZ_REACHED craft=Aircraft_11_nav_r6_167 route=6 outbound=142.4s t=8464.2
t=8488.7 ==== SUMMARY t=8488.7 ====
t=8488.7 route=1 laps=21 crashes=0 avg_out=145.9s avg_ret=135.0s avg_lap=293.3s best_lap=280.7
t=8488.7 route=2 laps=19 crashes=1 avg_out=178.2s avg_ret=202.4s avg_lap=392.6s best_lap=381.0
t=8488.7 route=3 laps=19 crashes=0 avg_out=213.5s avg_ret=240.3s avg_lap=466.1s best_lap=454.7
t=8488.8 route=4 laps=19 crashes=1 avg_out=173.7s avg_ret=138.2s avg_lap=323.5s best_lap=306.5
t=8488.8 route=5 laps=19 crashes=0 avg_out=252.7s avg_ret=211.7s avg_lap=476.4s best_lap=462.6
t=8488.8 route=6 laps=20 crashes=1 avg_out=143.7s avg_ret=125.0s avg_lap=280.8s best_lap=271.2
t=8488.8 route=7 laps=21 crashes=0 avg_out=160.7s avg_ret=124.5s avg_lap=297.2s best_lap=290.3
t=8488.8 route=8 laps=20 crashes=0 avg_out=166.3s avg_ret=141.8s avg_lap=320.1s best_lap=311.2
t=8488.8 TOTAL laps=158 crashes=3
t=8488.8 TUNER gen=2 results=33/64 pending=8 active=8 remaining=31 next_trial=170 rounds=[6,5,4,5,4,6,6,5]
t=8493.1 LAP_CAPTURE craft=Aircraft_11_nav_r4_162 route=4 return=138.8s lap=327.0s carrier_dist=200m t=8493.1
t=8508.6 LZ_REACHED craft=Aircraft_11_nav_r5_165 route=5 outbound=252.1s t=8508.6
t=8512.5 SPAWN craft=Aircraft_11_nav_r4_170 route=4 candidate=1 trial=170 t=8512.5
t=8518.8 ==== SUMMARY t=8518.8 ====
t=8518.8 route=1 laps=21 crashes=0 avg_out=145.9s avg_ret=135.0s avg_lap=293.3s best_lap=280.7
t=8518.8 route=2 laps=19 crashes=1 avg_out=178.2s avg_ret=202.4s avg_lap=392.6s best_lap=381.0
t=8518.8 route=3 laps=19 crashes=0 avg_out=213.5s avg_ret=240.3s avg_lap=466.1s best_lap=454.7
t=8518.8 route=4 laps=20 crashes=1 avg_out=173.7s avg_ret=138.2s avg_lap=323.7s best_lap=306.5
t=8518.8 route=5 laps=19 crashes=0 avg_out=252.7s avg_ret=211.7s avg_lap=476.4s best_lap=462.6
t=8518.8 route=6 laps=20 crashes=1 avg_out=143.7s avg_ret=125.0s avg_lap=280.8s best_lap=271.2
t=8518.8 route=7 laps=21 crashes=0 avg_out=160.7s avg_ret=124.5s avg_lap=297.2s best_lap=290.3
t=8518.8 route=8 laps=20 crashes=0 avg_out=166.3s avg_ret=141.8s avg_lap=320.1s best_lap=311.2
t=8518.8 TOTAL laps=159 crashes=3
t=8518.8 TUNER gen=2 results=34/64 pending=8 active=8 remaining=30 next_trial=171 rounds=[6,5,4,6,4,6,6,5]
t=8538.3 LAP_CAPTURE craft=Aircraft_11_nav_r8_164 route=8 return=145.4s lap=322.0s carrier_dist=200m t=8538.3
t=8548.9 ==== SUMMARY t=8548.9 ====
t=8548.9 route=1 laps=21 crashes=0 avg_out=145.9s avg_ret=135.0s avg_lap=293.3s best_lap=280.7
t=8548.9 route=2 laps=19 crashes=1 avg_out=178.2s avg_ret=202.4s avg_lap=392.6s best_lap=381.0
t=8548.9 route=3 laps=19 crashes=0 avg_out=213.5s avg_ret=240.3s avg_lap=466.1s best_lap=454.7
t=8548.9 route=4 laps=20 crashes=1 avg_out=173.7s avg_ret=138.2s avg_lap=323.7s best_lap=306.5
t=8548.9 route=5 laps=19 crashes=0 avg_out=252.7s avg_ret=211.7s avg_lap=476.4s best_lap=462.6
t=8548.9 route=6 laps=20 crashes=1 avg_out=143.7s avg_ret=125.0s avg_lap=280.8s best_lap=271.2
t=8548.9 route=7 laps=21 crashes=0 avg_out=160.7s avg_ret=124.5s avg_lap=297.2s best_lap=290.3
t=8548.9 route=8 laps=21 crashes=0 avg_out=166.3s avg_ret=142.0s avg_lap=320.2s best_lap=311.2
t=8548.9 TOTAL laps=160 crashes=3
t=8548.9 TUNER gen=2 results=35/64 pending=7 active=7 remaining=29 next_trial=171 rounds=[6,5,4,6,4,6,6,5]
t=8557.7 SPAWN craft=Aircraft_11_nav_r8_171 route=8 candidate=5 trial=171 t=8557.7
t=8558.3 LZ_REACHED craft=Aircraft_11_nav_r2_168 route=2 outbound=176.4s t=8558.3
t=8568.2 LAP_CAPTURE craft=Aircraft_11_nav_r1_166 route=1 return=140.8s lap=291.6s carrier_dist=200m t=8568.2
t=8569.2 LZ_REACHED craft=Aircraft_11_nav_r7_169 route=7 outbound=157.1s t=8569.2
t=8578.9 ==== SUMMARY t=8578.9 ====
t=8578.9 route=1 laps=22 crashes=0 avg_out=145.9s avg_ret=135.3s avg_lap=293.2s best_lap=280.7
t=8578.9 route=2 laps=19 crashes=1 avg_out=178.1s avg_ret=202.4s avg_lap=392.6s best_lap=381.0
t=8578.9 route=3 laps=19 crashes=0 avg_out=213.5s avg_ret=240.3s avg_lap=466.1s best_lap=454.7
t=8578.9 route=4 laps=20 crashes=1 avg_out=173.7s avg_ret=138.2s avg_lap=323.7s best_lap=306.5
t=8578.9 route=5 laps=19 crashes=0 avg_out=252.7s avg_ret=211.7s avg_lap=476.4s best_lap=462.6
t=8578.9 route=6 laps=20 crashes=1 avg_out=143.7s avg_ret=125.0s avg_lap=280.8s best_lap=271.2
t=8578.9 route=7 laps=21 crashes=0 avg_out=160.5s avg_ret=124.5s avg_lap=297.2s best_lap=290.3
t=8578.9 route=8 laps=21 crashes=0 avg_out=166.3s avg_ret=142.0s avg_lap=320.2s best_lap=311.2
t=8578.9 TOTAL laps=161 crashes=3
t=8579.0 TUNER gen=2 results=36/64 pending=7 active=7 remaining=28 next_trial=172 rounds=[6,5,4,6,4,6,6,6]
t=8587.9 SPAWN craft=Aircraft_11_nav_r1_172 route=1 candidate=7 trial=172 t=8587.9
t=8599.4 LAP_CAPTURE craft=Aircraft_11_nav_r6_167 route=6 return=123.2s lap=277.7s carrier_dist=200m t=8599.4
t=8609.0 ==== SUMMARY t=8609.0 ====
t=8609.0 route=1 laps=22 crashes=0 avg_out=145.9s avg_ret=135.3s avg_lap=293.2s best_lap=280.7
t=8609.0 route=2 laps=19 crashes=1 avg_out=178.1s avg_ret=202.4s avg_lap=392.6s best_lap=381.0
t=8609.0 route=3 laps=19 crashes=0 avg_out=213.5s avg_ret=240.3s avg_lap=466.1s best_lap=454.7
t=8609.0 route=4 laps=20 crashes=1 avg_out=173.7s avg_ret=138.2s avg_lap=323.7s best_lap=306.5
t=8609.0 route=5 laps=19 crashes=0 avg_out=252.7s avg_ret=211.7s avg_lap=476.4s best_lap=462.6
t=8609.0 route=6 laps=21 crashes=1 avg_out=143.7s avg_ret=124.9s avg_lap=280.6s best_lap=271.2
t=8609.0 route=7 laps=21 crashes=0 avg_out=160.5s avg_ret=124.5s avg_lap=297.2s best_lap=290.3
t=8609.0 route=8 laps=21 crashes=0 avg_out=166.3s avg_ret=142.0s avg_lap=320.2s best_lap=311.2
t=8609.0 TOTAL laps=162 crashes=3
t=8609.0 TUNER gen=2 results=37/64 pending=7 active=7 remaining=27 next_trial=173 rounds=[7,5,4,6,4,6,6,6]
t=8617.9 SPAWN craft=Aircraft_11_nav_r6_173 route=6 candidate=4 trial=173 t=8617.9
t=8639.0 ==== SUMMARY t=8639.0 ====
t=8639.0 route=1 laps=22 crashes=0 avg_out=145.9s avg_ret=135.3s avg_lap=293.2s best_lap=280.7
t=8639.0 route=2 laps=19 crashes=1 avg_out=178.1s avg_ret=202.4s avg_lap=392.6s best_lap=381.0
t=8639.0 route=3 laps=19 crashes=0 avg_out=213.5s avg_ret=240.3s avg_lap=466.1s best_lap=454.7
t=8639.0 route=4 laps=20 crashes=1 avg_out=173.7s avg_ret=138.2s avg_lap=323.7s best_lap=306.5
t=8639.0 route=5 laps=19 crashes=0 avg_out=252.7s avg_ret=211.7s avg_lap=476.4s best_lap=462.6
t=8639.0 route=6 laps=21 crashes=1 avg_out=143.7s avg_ret=124.9s avg_lap=280.6s best_lap=271.2
t=8639.0 route=7 laps=21 crashes=0 avg_out=160.5s avg_ret=124.5s avg_lap=297.2s best_lap=290.3
t=8639.0 route=8 laps=21 crashes=0 avg_out=166.3s avg_ret=142.0s avg_lap=320.2s best_lap=311.2
t=8639.1 TOTAL laps=162 crashes=3
t=8639.1 TUNER gen=2 results=37/64 pending=8 active=8 remaining=27 next_trial=174 rounds=[7,5,4,6,4,7,6,6]
t=8646.7 LAP_CAPTURE craft=Aircraft_11_nav_r3_163 route=3 return=235.6s lap=455.5s carrier_dist=200m t=8646.7
t=8663.3 SPAWN craft=Aircraft_11_nav_r3_174 route=3 candidate=7 trial=174 t=8663.3
t=8669.1 ==== SUMMARY t=8669.1 ====
t=8669.1 route=1 laps=22 crashes=0 avg_out=145.9s avg_ret=135.3s avg_lap=293.2s best_lap=280.7
t=8669.1 route=2 laps=19 crashes=1 avg_out=178.1s avg_ret=202.4s avg_lap=392.6s best_lap=381.0
t=8669.1 route=3 laps=20 crashes=0 avg_out=213.5s avg_ret=240.0s avg_lap=465.5s best_lap=454.7
t=8669.1 route=4 laps=20 crashes=1 avg_out=173.7s avg_ret=138.2s avg_lap=323.7s best_lap=306.5
t=8669.1 route=5 laps=19 crashes=0 avg_out=252.7s avg_ret=211.7s avg_lap=476.4s best_lap=462.6
t=8669.1 route=6 laps=21 crashes=1 avg_out=143.7s avg_ret=124.9s avg_lap=280.6s best_lap=271.2
t=8669.1 route=7 laps=21 crashes=0 avg_out=160.5s avg_ret=124.5s avg_lap=297.2s best_lap=290.3
t=8669.1 route=8 laps=21 crashes=0 avg_out=166.3s avg_ret=142.0s avg_lap=320.2s best_lap=311.2
t=8669.1 TOTAL laps=163 crashes=3
t=8669.2 TUNER gen=2 results=38/64 pending=8 active=8 remaining=26 next_trial=175 rounds=[7,5,5,6,4,7,6,6]
t=8688.8 LZ_REACHED craft=Aircraft_11_nav_r4_170 route=4 outbound=176.4s t=8688.8
t=8699.1 ==== SUMMARY t=8699.1 ====
t=8699.1 route=1 laps=22 crashes=0 avg_out=145.9s avg_ret=135.3s avg_lap=293.2s best_lap=280.7
t=8699.1 route=2 laps=19 crashes=1 avg_out=178.1s avg_ret=202.4s avg_lap=392.6s best_lap=381.0
t=8699.1 route=3 laps=20 crashes=0 avg_out=213.5s avg_ret=240.0s avg_lap=465.5s best_lap=454.7
t=8699.1 route=4 laps=20 crashes=1 avg_out=173.8s avg_ret=138.2s avg_lap=323.7s best_lap=306.5
t=8699.1 route=5 laps=19 crashes=0 avg_out=252.7s avg_ret=211.7s avg_lap=476.4s best_lap=462.6
t=8699.1 route=6 laps=21 crashes=1 avg_out=143.7s avg_ret=124.9s avg_lap=280.6s best_lap=271.2
t=8699.1 route=7 laps=21 crashes=0 avg_out=160.5s avg_ret=124.5s avg_lap=297.2s best_lap=290.3
t=8699.1 route=8 laps=21 crashes=0 avg_out=166.3s avg_ret=142.0s avg_lap=320.2s best_lap=311.2
t=8699.1 TOTAL laps=163 crashes=3
t=8699.1 TUNER gen=2 results=38/64 pending=8 active=8 remaining=26 next_trial=175 rounds=[7,5,5,6,4,7,6,6]
t=8704.5 LAP_CAPTURE craft=Aircraft_11_nav_r7_169 route=7 return=123.2s lap=292.3s carrier_dist=200m t=8704.5
t=8721.5 LZ_REACHED craft=Aircraft_11_nav_r8_171 route=8 outbound=163.8s t=8721.5
t=8723.4 SPAWN craft=Aircraft_11_nav_r7_175 route=7 candidate=5 trial=175 t=8723.4
t=8728.3 LZ_REACHED craft=Aircraft_11_nav_r1_172 route=1 outbound=140.4s t=8728.3
t=8729.1 ==== SUMMARY t=8729.1 ====
t=8729.1 route=1 laps=22 crashes=0 avg_out=145.6s avg_ret=135.3s avg_lap=293.2s best_lap=280.7
t=8729.1 route=2 laps=19 crashes=1 avg_out=178.1s avg_ret=202.4s avg_lap=392.6s best_lap=381.0
t=8729.1 route=3 laps=20 crashes=0 avg_out=213.5s avg_ret=240.0s avg_lap=465.5s best_lap=454.7
t=8729.1 route=4 laps=20 crashes=1 avg_out=173.8s avg_ret=138.2s avg_lap=323.7s best_lap=306.5
t=8729.2 route=5 laps=19 crashes=0 avg_out=252.7s avg_ret=211.7s avg_lap=476.4s best_lap=462.6
t=8729.2 route=6 laps=21 crashes=1 avg_out=143.7s avg_ret=124.9s avg_lap=280.6s best_lap=271.2
t=8729.2 route=7 laps=22 crashes=0 avg_out=160.5s avg_ret=124.5s avg_lap=297.0s best_lap=290.3
t=8729.2 route=8 laps=21 crashes=0 avg_out=166.1s avg_ret=142.0s avg_lap=320.2s best_lap=311.2
t=8729.2 TOTAL laps=164 crashes=3
t=8729.2 TUNER gen=2 results=39/64 pending=8 active=8 remaining=25 next_trial=176 rounds=[7,5,5,6,4,7,7,6]
t=8733.4 LAP_CAPTURE craft=Aircraft_11_nav_r5_165 route=5 return=212.8s lap=476.9s carrier_dist=200m t=8733.4
t=8753.7 SPAWN craft=Aircraft_11_nav_r5_176 route=5 candidate=1 trial=176 t=8753.7
t=8756.6 LZ_REACHED craft=Aircraft_11_nav_r6_173 route=6 outbound=138.7s t=8756.6
t=8759.3 ==== SUMMARY t=8759.3 ====
t=8759.3 route=1 laps=22 crashes=0 avg_out=145.6s avg_ret=135.3s avg_lap=293.2s best_lap=280.7
t=8759.3 route=2 laps=19 crashes=1 avg_out=178.1s avg_ret=202.4s avg_lap=392.6s best_lap=381.0
t=8759.3 route=3 laps=20 crashes=0 avg_out=213.5s avg_ret=240.0s avg_lap=465.5s best_lap=454.7
t=8759.3 route=4 laps=20 crashes=1 avg_out=173.8s avg_ret=138.2s avg_lap=323.7s best_lap=306.5
t=8759.3 route=5 laps=20 crashes=0 avg_out=252.7s avg_ret=211.7s avg_lap=476.4s best_lap=462.6
t=8759.3 route=6 laps=21 crashes=1 avg_out=143.5s avg_ret=124.9s avg_lap=280.6s best_lap=271.2
t=8759.3 route=7 laps=22 crashes=0 avg_out=160.5s avg_ret=124.5s avg_lap=297.0s best_lap=290.3
t=8759.3 route=8 laps=21 crashes=0 avg_out=166.1s avg_ret=142.0s avg_lap=320.2s best_lap=311.2
t=8759.3 TOTAL laps=165 crashes=3
t=8759.4 TUNER gen=2 results=40/64 pending=8 active=8 remaining=24 next_trial=177 rounds=[7,5,5,6,5,7,7,6]
t=8771.9 LAP_CAPTURE craft=Aircraft_11_nav_r2_168 route=2 return=201.5s lap=389.9s carrier_dist=200m t=8771.9
t=8788.8 SPAWN craft=Aircraft_11_nav_r2_177 route=2 candidate=7 trial=177 t=8788.8
t=8789.3 ==== SUMMARY t=8789.3 ====
t=8789.3 route=1 laps=22 crashes=0 avg_out=145.6s avg_ret=135.3s avg_lap=293.2s best_lap=280.7
t=8789.3 route=2 laps=20 crashes=1 avg_out=178.1s avg_ret=202.3s avg_lap=392.4s best_lap=381.0
t=8789.3 route=3 laps=20 crashes=0 avg_out=213.5s avg_ret=240.0s avg_lap=465.5s best_lap=454.7
t=8789.3 route=4 laps=20 crashes=1 avg_out=173.8s avg_ret=138.2s avg_lap=323.7s best_lap=306.5
t=8789.4 route=5 laps=20 crashes=0 avg_out=252.7s avg_ret=211.7s avg_lap=476.4s best_lap=462.6
t=8789.4 route=6 laps=21 crashes=1 avg_out=143.5s avg_ret=124.9s avg_lap=280.6s best_lap=271.2
t=8789.4 route=7 laps=22 crashes=0 avg_out=160.5s avg_ret=124.5s avg_lap=297.0s best_lap=290.3
t=8789.4 route=8 laps=21 crashes=0 avg_out=166.1s avg_ret=142.0s avg_lap=320.2s best_lap=311.2
t=8789.4 TOTAL laps=166 crashes=3
t=8789.4 TUNER gen=2 results=41/64 pending=8 active=8 remaining=23 next_trial=178 rounds=[7,6,5,6,5,7,7,6]
t=8819.3 ==== SUMMARY t=8819.3 ====
t=8819.3 route=1 laps=22 crashes=0 avg_out=145.6s avg_ret=135.3s avg_lap=293.2s best_lap=280.7
t=8819.4 route=2 laps=20 crashes=1 avg_out=178.1s avg_ret=202.3s avg_lap=392.4s best_lap=381.0
t=8819.4 route=3 laps=20 crashes=0 avg_out=213.5s avg_ret=240.0s avg_lap=465.5s best_lap=454.7
t=8819.4 route=4 laps=20 crashes=1 avg_out=173.8s avg_ret=138.2s avg_lap=323.7s best_lap=306.5
t=8819.4 route=5 laps=20 crashes=0 avg_out=252.7s avg_ret=211.7s avg_lap=476.4s best_lap=462.6
t=8819.4 route=6 laps=21 crashes=1 avg_out=143.5s avg_ret=124.9s avg_lap=280.6s best_lap=271.2
t=8819.4 route=7 laps=22 crashes=0 avg_out=160.5s avg_ret=124.5s avg_lap=297.0s best_lap=290.3
t=8819.4 route=8 laps=21 crashes=0 avg_out=166.1s avg_ret=142.0s avg_lap=320.2s best_lap=311.2
t=8819.4 TOTAL laps=166 crashes=3
t=8819.4 TUNER gen=2 results=41/64 pending=8 active=8 remaining=23 next_trial=178 rounds=[7,6,5,6,5,7,7,6]
t=8836.4 LAP_CAPTURE craft=Aircraft_11_nav_r4_170 route=4 return=135.6s lap=323.9s carrier_dist=200m t=8836.4
t=8849.4 ==== SUMMARY t=8849.4 ====
t=8849.4 route=1 laps=22 crashes=0 avg_out=145.6s avg_ret=135.3s avg_lap=293.2s best_lap=280.7
t=8849.4 route=2 laps=20 crashes=1 avg_out=178.1s avg_ret=202.3s avg_lap=392.4s best_lap=381.0
t=8849.4 route=3 laps=20 crashes=0 avg_out=213.5s avg_ret=240.0s avg_lap=465.5s best_lap=454.7
t=8849.4 route=4 laps=21 crashes=1 avg_out=173.8s avg_ret=138.1s avg_lap=323.7s best_lap=306.5
t=8849.4 route=5 laps=20 crashes=0 avg_out=252.7s avg_ret=211.7s avg_lap=476.4s best_lap=462.6
t=8849.4 route=6 laps=21 crashes=1 avg_out=143.5s avg_ret=124.9s avg_lap=280.6s best_lap=271.2
t=8849.4 route=7 laps=22 crashes=0 avg_out=160.5s avg_ret=124.5s avg_lap=297.0s best_lap=290.3
t=8849.4 route=8 laps=21 crashes=0 avg_out=166.1s avg_ret=142.0s avg_lap=320.2s best_lap=311.2
t=8849.4 TOTAL laps=167 crashes=3
t=8849.4 TUNER gen=2 results=42/64 pending=8 active=8 remaining=22 next_trial=179 rounds=[7,6,5,7,5,7,7,6]
t=8854.0 SPAWN craft=Aircraft_11_nav_r4_178 route=4 candidate=2 trial=178 t=8854.0
t=8862.0 LAP_CAPTURE craft=Aircraft_11_nav_r1_172 route=1 return=121.7s lap=274.1s carrier_dist=200m t=8862.0
t=8874.7 LZ_REACHED craft=Aircraft_11_nav_r3_174 route=3 outbound=211.4s t=8874.7
t=8879.1 SPAWN craft=Aircraft_11_nav_r1_179 route=1 candidate=8 trial=179 t=8879.1
t=8879.4 ==== SUMMARY t=8879.4 ====
t=8879.4 route=1 laps=23 crashes=0 avg_out=145.6s avg_ret=134.7s avg_lap=292.4s best_lap=274.1
t=8879.4 route=2 laps=20 crashes=1 avg_out=178.1s avg_ret=202.3s avg_lap=392.4s best_lap=381.0
t=8879.4 route=3 laps=20 crashes=0 avg_out=213.4s avg_ret=240.0s avg_lap=465.5s best_lap=454.7
t=8879.4 route=4 laps=21 crashes=1 avg_out=173.8s avg_ret=138.1s avg_lap=323.7s best_lap=306.5
t=8879.4 route=5 laps=20 crashes=0 avg_out=252.7s avg_ret=211.7s avg_lap=476.4s best_lap=462.6
t=8879.4 route=6 laps=21 crashes=1 avg_out=143.5s avg_ret=124.9s avg_lap=280.6s best_lap=271.2
t=8879.4 route=7 laps=22 crashes=0 avg_out=160.5s avg_ret=124.5s avg_lap=297.0s best_lap=290.3
t=8879.4 route=8 laps=21 crashes=0 avg_out=166.1s avg_ret=142.0s avg_lap=320.2s best_lap=311.2
t=8879.4 TOTAL laps=168 crashes=3
t=8879.4 TUNER gen=2 results=43/64 pending=8 active=8 remaining=21 next_trial=180 rounds=[8,6,5,7,5,7,7,6]
t=8880.1 LZ_REACHED craft=Aircraft_11_nav_r7_175 route=7 outbound=156.7s t=8880.1
t=8886.2 LAP_CAPTURE craft=Aircraft_11_nav_r8_171 route=8 return=152.7s lap=328.5s carrier_dist=200m t=8886.2
t=8892.6 LAP_CAPTURE craft=Aircraft_11_nav_r6_173 route=6 return=123.9s lap=274.6s carrier_dist=200m t=8892.6
t=8899.0 LAUNCH_BLOCKED reason=deck_busy active=7 stored=1 no_active_s=0.0 state=AIRCRAFT_ON_DECK tractor_cleanup=false elevator_transfer=true deck=Aircraft_11_nav_r8_180 pending=none clearance=none queue=0
t=8904.2 SPAWN craft=Aircraft_11_nav_r8_180 route=8 candidate=6 trial=180 t=8904.2
t=8909.4 ==== SUMMARY t=8909.4 ====
t=8909.4 route=1 laps=23 crashes=0 avg_out=145.6s avg_ret=134.7s avg_lap=292.4s best_lap=274.1
t=8909.4 route=2 laps=20 crashes=1 avg_out=178.1s avg_ret=202.3s avg_lap=392.4s best_lap=381.0
t=8909.4 route=3 laps=20 crashes=0 avg_out=213.4s avg_ret=240.0s avg_lap=465.5s best_lap=454.7
t=8909.4 route=4 laps=21 crashes=1 avg_out=173.8s avg_ret=138.1s avg_lap=323.7s best_lap=306.5
t=8909.4 route=5 laps=20 crashes=0 avg_out=252.7s avg_ret=211.7s avg_lap=476.4s best_lap=462.6
t=8909.4 route=6 laps=22 crashes=1 avg_out=143.5s avg_ret=124.9s avg_lap=280.4s best_lap=271.2
t=8909.5 route=7 laps=22 crashes=0 avg_out=160.4s avg_ret=124.5s avg_lap=297.0s best_lap=290.3
t=8909.5 route=8 laps=22 crashes=0 avg_out=166.1s avg_ret=142.5s avg_lap=320.6s best_lap=311.2
t=8909.5 TOTAL laps=170 crashes=3
t=8909.5 TUNER gen=2 results=45/64 pending=7 active=7 remaining=19 next_trial=181 rounds=[8,6,5,7,5,7,7,7]
t=8924.3 SPAWN craft=Aircraft_11_nav_r6_181 route=6 candidate=5 trial=181 t=8924.3
t=8939.5 ==== SUMMARY t=8939.5 ====
t=8939.5 route=1 laps=23 crashes=0 avg_out=145.6s avg_ret=134.7s avg_lap=292.4s best_lap=274.1
t=8939.5 route=2 laps=20 crashes=1 avg_out=178.1s avg_ret=202.3s avg_lap=392.4s best_lap=381.0
t=8939.5 route=3 laps=20 crashes=0 avg_out=213.4s avg_ret=240.0s avg_lap=465.5s best_lap=454.7
t=8939.5 route=4 laps=21 crashes=1 avg_out=173.8s avg_ret=138.1s avg_lap=323.7s best_lap=306.5
t=8939.5 route=5 laps=20 crashes=0 avg_out=252.7s avg_ret=211.7s avg_lap=476.4s best_lap=462.6
t=8939.5 route=6 laps=22 crashes=1 avg_out=143.5s avg_ret=124.9s avg_lap=280.4s best_lap=271.2
t=8939.5 route=7 laps=22 crashes=0 avg_out=160.4s avg_ret=124.5s avg_lap=297.0s best_lap=290.3
t=8939.5 route=8 laps=22 crashes=0 avg_out=166.1s avg_ret=142.5s avg_lap=320.6s best_lap=311.2
t=8939.5 TOTAL laps=170 crashes=3
t=8939.5 TUNER gen=2 results=45/64 pending=8 active=8 remaining=19 next_trial=182 rounds=[8,6,5,7,5,8,7,7]
t=8966.7 LZ_REACHED craft=Aircraft_11_nav_r2_177 route=2 outbound=177.9s t=8966.7
t=8969.5 ==== SUMMARY t=8969.5 ====
t=8969.5 route=1 laps=23 crashes=0 avg_out=145.6s avg_ret=134.7s avg_lap=292.4s best_lap=274.1
t=8969.5 route=2 laps=20 crashes=1 avg_out=178.1s avg_ret=202.3s avg_lap=392.4s best_lap=381.0
t=8969.5 route=3 laps=20 crashes=0 avg_out=213.4s avg_ret=240.0s avg_lap=465.5s best_lap=454.7
t=8969.5 route=4 laps=21 crashes=1 avg_out=173.8s avg_ret=138.1s avg_lap=323.7s best_lap=306.5
t=8969.5 route=5 laps=20 crashes=0 avg_out=252.7s avg_ret=211.7s avg_lap=476.4s best_lap=462.6
t=8969.5 route=6 laps=22 crashes=1 avg_out=143.5s avg_ret=124.9s avg_lap=280.4s best_lap=271.2
t=8969.5 route=7 laps=22 crashes=0 avg_out=160.4s avg_ret=124.5s avg_lap=297.0s best_lap=290.3
t=8969.5 route=8 laps=22 crashes=0 avg_out=166.1s avg_ret=142.5s avg_lap=320.6s best_lap=311.2
t=8969.5 TOTAL laps=170 crashes=3
t=8969.5 TUNER gen=2 results=45/64 pending=8 active=8 remaining=19 next_trial=182 rounds=[8,6,5,7,5,8,7,7]
t=8999.5 ==== SUMMARY t=8999.5 ====
t=8999.5 route=1 laps=23 crashes=0 avg_out=145.6s avg_ret=134.7s avg_lap=292.4s best_lap=274.1
t=8999.5 route=2 laps=20 crashes=1 avg_out=178.1s avg_ret=202.3s avg_lap=392.4s best_lap=381.0
t=8999.5 route=3 laps=20 crashes=0 avg_out=213.4s avg_ret=240.0s avg_lap=465.5s best_lap=454.7
t=8999.5 route=4 laps=21 crashes=1 avg_out=173.8s avg_ret=138.1s avg_lap=323.7s best_lap=306.5
t=8999.5 route=5 laps=20 crashes=0 avg_out=252.7s avg_ret=211.7s avg_lap=476.4s best_lap=462.6
t=8999.5 route=6 laps=22 crashes=1 avg_out=143.5s avg_ret=124.9s avg_lap=280.4s best_lap=271.2
t=8999.5 route=7 laps=22 crashes=0 avg_out=160.4s avg_ret=124.5s avg_lap=297.0s best_lap=290.3
t=8999.5 route=8 laps=22 crashes=0 avg_out=166.1s avg_ret=142.5s avg_lap=320.6s best_lap=311.2
t=8999.5 TOTAL laps=170 crashes=3
t=8999.5 TUNER gen=2 results=45/64 pending=8 active=8 remaining=19 next_trial=182 rounds=[8,6,5,7,5,8,7,7]
t=9001.2 LZ_REACHED craft=Aircraft_11_nav_r5_176 route=5 outbound=247.5s t=9001.2
t=9014.5 LAP_CAPTURE craft=Aircraft_11_nav_r7_175 route=7 return=122.3s lap=291.1s carrier_dist=200m t=9014.5
t=9028.5 LZ_REACHED craft=Aircraft_11_nav_r1_179 route=1 outbound=149.4s t=9028.5
t=9029.6 ==== SUMMARY t=9029.6 ====
t=9029.6 route=1 laps=23 crashes=0 avg_out=145.8s avg_ret=134.7s avg_lap=292.4s best_lap=274.1
t=9029.6 route=2 laps=20 crashes=1 avg_out=178.1s avg_ret=202.3s avg_lap=392.4s best_lap=381.0
t=9029.6 route=3 laps=20 crashes=0 avg_out=213.4s avg_ret=240.0s avg_lap=465.5s best_lap=454.7
t=9029.6 route=4 laps=21 crashes=1 avg_out=173.8s avg_ret=138.1s avg_lap=323.7s best_lap=306.5
t=9029.6 route=5 laps=20 crashes=0 avg_out=252.4s avg_ret=211.7s avg_lap=476.4s best_lap=462.6
t=9029.6 route=6 laps=22 crashes=1 avg_out=143.5s avg_ret=124.9s avg_lap=280.4s best_lap=271.2
t=9029.6 route=7 laps=23 crashes=0 avg_out=160.4s avg_ret=124.4s avg_lap=296.8s best_lap=290.3
t=9029.6 route=8 laps=22 crashes=0 avg_out=166.1s avg_ret=142.5s avg_lap=320.6s best_lap=311.2
t=9029.6 TOTAL laps=171 crashes=3
t=9029.7 TUNER gen=2 results=46/64 pending=8 active=8 remaining=18 next_trial=183 rounds=[8,6,5,7,5,8,8,7]
t=9030.8 LZ_REACHED craft=Aircraft_11_nav_r4_178 route=4 outbound=176.8s t=9030.8
t=9034.8 SPAWN craft=Aircraft_11_nav_r7_182 route=7 candidate=6 trial=182 t=9034.8
t=9059.6 ==== SUMMARY t=9059.6 ====
t=9059.6 route=1 laps=23 crashes=0 avg_out=145.8s avg_ret=134.7s avg_lap=292.4s best_lap=274.1
t=9059.6 route=2 laps=20 crashes=1 avg_out=178.1s avg_ret=202.3s avg_lap=392.4s best_lap=381.0
t=9059.6 route=3 laps=20 crashes=0 avg_out=213.4s avg_ret=240.0s avg_lap=465.5s best_lap=454.7
t=9059.6 route=4 laps=21 crashes=1 avg_out=173.9s avg_ret=138.1s avg_lap=323.7s best_lap=306.5
t=9059.7 route=5 laps=20 crashes=0 avg_out=252.4s avg_ret=211.7s avg_lap=476.4s best_lap=462.6
t=9059.7 route=6 laps=22 crashes=1 avg_out=143.5s avg_ret=124.9s avg_lap=280.4s best_lap=271.2
t=9059.7 route=7 laps=23 crashes=0 avg_out=160.4s avg_ret=124.4s avg_lap=296.8s best_lap=290.3
t=9059.7 route=8 laps=22 crashes=0 avg_out=166.1s avg_ret=142.5s avg_lap=320.6s best_lap=311.2
t=9059.7 TOTAL laps=171 crashes=3
t=9059.7 TUNER gen=2 results=46/64 pending=8 active=8 remaining=18 next_trial=183 rounds=[8,6,5,7,5,8,8,7]
t=9061.8 LZ_REACHED craft=Aircraft_11_nav_r6_181 route=6 outbound=137.5s t=9061.8
t=9068.4 LZ_REACHED craft=Aircraft_11_nav_r8_180 route=8 outbound=164.1s t=9068.4
t=9089.6 ==== SUMMARY t=9089.6 ====
t=9089.6 route=1 laps=23 crashes=0 avg_out=145.8s avg_ret=134.7s avg_lap=292.4s best_lap=274.1
t=9089.7 route=2 laps=20 crashes=1 avg_out=178.1s avg_ret=202.3s avg_lap=392.4s best_lap=381.0
t=9089.7 route=3 laps=20 crashes=0 avg_out=213.4s avg_ret=240.0s avg_lap=465.5s best_lap=454.7
t=9089.7 route=4 laps=21 crashes=1 avg_out=173.9s avg_ret=138.1s avg_lap=323.7s best_lap=306.5
t=9089.7 route=5 laps=20 crashes=0 avg_out=252.4s avg_ret=211.7s avg_lap=476.4s best_lap=462.6
t=9089.7 route=6 laps=22 crashes=1 avg_out=143.2s avg_ret=124.9s avg_lap=280.4s best_lap=271.2
t=9089.7 route=7 laps=23 crashes=0 avg_out=160.4s avg_ret=124.4s avg_lap=296.8s best_lap=290.3
t=9089.7 route=8 laps=22 crashes=0 avg_out=166.1s avg_ret=142.5s avg_lap=320.6s best_lap=311.2
t=9089.7 TOTAL laps=171 crashes=3
t=9089.7 TUNER gen=2 results=46/64 pending=8 active=8 remaining=18 next_trial=183 rounds=[8,6,5,7,5,8,8,7]
t=9119.7 ==== SUMMARY t=9119.7 ====
t=9119.7 route=1 laps=23 crashes=0 avg_out=145.8s avg_ret=134.7s avg_lap=292.4s best_lap=274.1
t=9119.7 route=2 laps=20 crashes=1 avg_out=178.1s avg_ret=202.3s avg_lap=392.4s best_lap=381.0
t=9119.7 route=3 laps=20 crashes=0 avg_out=213.4s avg_ret=240.0s avg_lap=465.5s best_lap=454.7
t=9119.7 route=4 laps=21 crashes=1 avg_out=173.9s avg_ret=138.1s avg_lap=323.7s best_lap=306.5
t=9119.7 route=5 laps=20 crashes=0 avg_out=252.4s avg_ret=211.7s avg_lap=476.4s best_lap=462.6
t=9119.7 route=6 laps=22 crashes=1 avg_out=143.2s avg_ret=124.9s avg_lap=280.4s best_lap=271.2
t=9119.7 route=7 laps=23 crashes=0 avg_out=160.4s avg_ret=124.4s avg_lap=296.8s best_lap=290.3
t=9119.8 route=8 laps=22 crashes=0 avg_out=166.1s avg_ret=142.5s avg_lap=320.6s best_lap=311.2
t=9119.8 TOTAL laps=171 crashes=3
t=9119.8 TUNER gen=2 results=46/64 pending=8 active=8 remaining=18 next_trial=183 rounds=[8,6,5,7,5,8,8,7]
t=9124.8 LAP_CAPTURE craft=Aircraft_11_nav_r3_174 route=3 return=238.2s lap=461.6s carrier_dist=200m t=9124.8
t=9140.2 SPAWN craft=Aircraft_11_nav_r3_183 route=3 candidate=8 trial=183 t=9140.2
t=9149.7 ==== SUMMARY t=9149.7 ====
t=9149.7 route=1 laps=23 crashes=0 avg_out=145.8s avg_ret=134.7s avg_lap=292.4s best_lap=274.1
t=9149.8 route=2 laps=20 crashes=1 avg_out=178.1s avg_ret=202.3s avg_lap=392.4s best_lap=381.0
t=9149.8 route=3 laps=21 crashes=0 avg_out=213.4s avg_ret=239.9s avg_lap=465.4s best_lap=454.7
t=9149.8 route=4 laps=21 crashes=1 avg_out=173.9s avg_ret=138.1s avg_lap=323.7s best_lap=306.5
t=9149.8 route=5 laps=20 crashes=0 avg_out=252.4s avg_ret=211.7s avg_lap=476.4s best_lap=462.6
t=9149.8 route=6 laps=22 crashes=1 avg_out=143.2s avg_ret=124.9s avg_lap=280.4s best_lap=271.2
t=9149.8 route=7 laps=23 crashes=0 avg_out=160.4s avg_ret=124.4s avg_lap=296.8s best_lap=290.3
t=9149.8 route=8 laps=22 crashes=0 avg_out=166.1s avg_ret=142.5s avg_lap=320.6s best_lap=311.2
t=9149.8 TOTAL laps=172 crashes=3
t=9149.8 TUNER gen=2 results=47/64 pending=8 active=8 remaining=17 next_trial=184 rounds=[8,6,6,7,5,8,8,7]
t=9179.6 LAP_CAPTURE craft=Aircraft_11_nav_r4_178 route=4 return=136.8s lap=325.7s carrier_dist=200m t=9179.6
t=9179.7 LAP_CAPTURE craft=Aircraft_11_nav_r1_179 route=1 return=139.2s lap=300.6s carrier_dist=200m t=9179.7
t=9179.7 ==== SUMMARY t=9179.7 ====
t=9179.7 route=1 laps=24 crashes=0 avg_out=145.8s avg_ret=134.9s avg_lap=292.7s best_lap=274.1
t=9179.8 route=2 laps=20 crashes=1 avg_out=178.1s avg_ret=202.3s avg_lap=392.4s best_lap=381.0
t=9179.8 route=3 laps=21 crashes=0 avg_out=213.4s avg_ret=239.9s avg_lap=465.4s best_lap=454.7
t=9179.8 route=4 laps=22 crashes=1 avg_out=173.9s avg_ret=138.0s avg_lap=323.8s best_lap=306.5
t=9179.8 route=5 laps=20 crashes=0 avg_out=252.4s avg_ret=211.7s avg_lap=476.4s best_lap=462.6
t=9179.8 route=6 laps=22 crashes=1 avg_out=143.2s avg_ret=124.9s avg_lap=280.4s best_lap=271.2
t=9179.8 route=7 laps=23 crashes=0 avg_out=160.4s avg_ret=124.4s avg_lap=296.8s best_lap=290.3
t=9179.8 route=8 laps=22 crashes=0 avg_out=166.1s avg_ret=142.5s avg_lap=320.6s best_lap=311.2
t=9179.8 TOTAL laps=174 crashes=3
t=9179.8 TUNER gen=2 results=49/64 pending=6 active=6 remaining=15 next_trial=184 rounds=[8,6,6,7,5,8,8,7]
t=9185.1 LAUNCH_BLOCKED reason=deck_busy active=7 stored=1 no_active_s=0.0 state=RETRIEVING_FROM_HANGAR tractor_cleanup=false elevator_transfer=false deck=Aircraft_11_nav_r1_184 pending=none clearance=none queue=0
t=9187.8 TUNING_REASSIGN craft=Aircraft_11_nav_r1_184 requested_route=1 assigned_route=5
t=9188.7 LAP_CAPTURE craft=Aircraft_11_nav_r2_177 route=2 return=210.1s lap=399.9s carrier_dist=200m t=9188.7
t=9191.5 LZ_REACHED craft=Aircraft_11_nav_r7_182 route=7 outbound=156.8s t=9191.5
t=9195.4 SPAWN craft=Aircraft_11_nav_r1_184 route=5 candidate=2 trial=184 t=9195.4
t=9196.1 LAP_CAPTURE craft=Aircraft_11_nav_r6_181 route=6 return=122.3s lap=271.8s carrier_dist=200m t=9196.1
t=9200.2 LAUNCH_BLOCKED reason=cleared_unready_nav_deck_aircraft active=5 stored=2 no_active_s=0.0 state=IDLE tractor_cleanup=false elevator_transfer=false deck=Aircraft_11_nav_r1_184 pending=none clearance=none queue=0
t=9209.8 ==== SUMMARY t=9209.8 ====
t=9209.8 route=1 laps=24 crashes=0 avg_out=145.8s avg_ret=134.9s avg_lap=292.7s best_lap=274.1
t=9209.8 route=2 laps=21 crashes=1 avg_out=178.1s avg_ret=202.7s avg_lap=392.8s best_lap=381.0
t=9209.8 route=3 laps=21 crashes=0 avg_out=213.4s avg_ret=239.9s avg_lap=465.4s best_lap=454.7
t=9209.8 route=4 laps=22 crashes=1 avg_out=173.9s avg_ret=138.0s avg_lap=323.8s best_lap=306.5
t=9209.8 route=5 laps=20 crashes=0 avg_out=252.4s avg_ret=211.7s avg_lap=476.4s best_lap=462.6
t=9209.8 route=6 laps=23 crashes=1 avg_out=143.2s avg_ret=124.8s avg_lap=280.0s best_lap=271.2
t=9209.8 route=7 laps=23 crashes=0 avg_out=160.2s avg_ret=124.4s avg_lap=296.8s best_lap=290.3
t=9209.8 route=8 laps=22 crashes=0 avg_out=166.1s avg_ret=142.5s avg_lap=320.6s best_lap=311.2
t=9209.8 TOTAL laps=176 crashes=3
t=9209.8 TUNER gen=2 results=51/64 pending=6 active=6 remaining=13 next_trial=186 rounds=[8,6,6,8,6,8,8,7]
t=9215.2 LAUNCH_BLOCKED reason=deck_busy active=6 stored=3 no_active_s=0.0 state=AIRCRAFT_ON_DECK tractor_cleanup=false elevator_transfer=false deck=Aircraft_11_nav_r4_185 pending=none clearance=none queue=1
t=9215.4 SPAWN craft=Aircraft_11_nav_r4_185 route=4 candidate=3 trial=185 t=9215.4
t=9220.2 LAP_CAPTURE craft=Aircraft_11_nav_r5_176 route=5 return=206.9s lap=466.4s carrier_dist=200m t=9220.2
t=9228.9 LAP_CAPTURE craft=Aircraft_11_nav_r8_180 route=8 return=148.5s lap=324.7s carrier_dist=200m t=9228.9
t=9230.3 LAUNCH_BLOCKED reason=cleared_unready_nav_deck_aircraft active=4 stored=3 no_active_s=0.0 state=IDLE tractor_cleanup=false elevator_transfer=false deck=Aircraft_11_nav_r4_185 pending=none clearance=none queue=0
t=9238.0 TUNING_REASSIGN craft=Aircraft_11_nav_r1_186 requested_route=1 assigned_route=2
t=9239.8 ==== SUMMARY t=9239.8 ====
t=9239.8 route=1 laps=24 crashes=0 avg_out=145.8s avg_ret=134.9s avg_lap=292.7s best_lap=274.1
t=9239.8 route=2 laps=21 crashes=1 avg_out=178.1s avg_ret=202.7s avg_lap=392.8s best_lap=381.0
t=9239.8 route=3 laps=21 crashes=0 avg_out=213.4s avg_ret=239.9s avg_lap=465.4s best_lap=454.7
t=9239.8 route=4 laps=22 crashes=1 avg_out=173.9s avg_ret=138.0s avg_lap=323.8s best_lap=306.5
t=9239.8 route=5 laps=21 crashes=0 avg_out=252.4s avg_ret=211.5s avg_lap=476.0s best_lap=462.6
t=9239.8 route=6 laps=23 crashes=1 avg_out=143.2s avg_ret=124.8s avg_lap=280.0s best_lap=271.2
t=9239.8 route=7 laps=23 crashes=0 avg_out=160.2s avg_ret=124.4s avg_lap=296.8s best_lap=290.3
t=9239.8 route=8 laps=23 crashes=0 avg_out=166.1s avg_ret=142.7s avg_lap=320.8s best_lap=311.2
t=9239.9 TOTAL laps=178 crashes=3
t=9239.9 TUNER gen=2 results=53/64 pending=5 active=5 remaining=11 next_trial=187 rounds=[8,7,6,8,6,8,8,7]
t=9245.3 LAUNCH_BLOCKED reason=deck_busy active=5 stored=3 no_active_s=0.0 state=AIRCRAFT_ON_DECK tractor_cleanup=false elevator_transfer=false deck=Aircraft_11_nav_r1_186 pending=none clearance=none queue=0
t=9245.5 SPAWN craft=Aircraft_11_nav_r1_186 route=2 candidate=8 trial=186 t=9245.5
t=9260.4 LAUNCH_BLOCKED reason=deck_busy active=6 stored=3 no_active_s=0.0 state=AIRCRAFT_ON_DECK tractor_cleanup=false elevator_transfer=true deck=Aircraft_11_nav_r2_187 pending=none clearance=none queue=0
t=9265.7 SPAWN craft=Aircraft_11_nav_r2_187 route=2 candidate=1 trial=187 t=9265.7
t=9269.8 ==== SUMMARY t=9269.8 ====
t=9269.8 route=1 laps=24 crashes=0 avg_out=145.8s avg_ret=134.9s avg_lap=292.7s best_lap=274.1
t=9269.8 route=2 laps=21 crashes=1 avg_out=178.1s avg_ret=202.7s avg_lap=392.8s best_lap=381.0
t=9269.8 route=3 laps=21 crashes=0 avg_out=213.4s avg_ret=239.9s avg_lap=465.4s best_lap=454.7
t=9269.9 route=4 laps=22 crashes=1 avg_out=173.9s avg_ret=138.0s avg_lap=323.8s best_lap=306.5
t=9269.9 route=5 laps=21 crashes=0 avg_out=252.4s avg_ret=211.5s avg_lap=476.0s best_lap=462.6
t=9269.9 route=6 laps=23 crashes=1 avg_out=143.2s avg_ret=124.8s avg_lap=280.0s best_lap=271.2
t=9269.9 route=7 laps=23 crashes=0 avg_out=160.2s avg_ret=124.4s avg_lap=296.8s best_lap=290.3
t=9269.9 route=8 laps=23 crashes=0 avg_out=166.1s avg_ret=142.7s avg_lap=320.8s best_lap=311.2
t=9269.9 TOTAL laps=178 crashes=3
t=9269.9 TUNER gen=2 results=53/64 pending=6 active=6 remaining=11 next_trial=188 rounds=[8,8,6,8,6,8,8,7]
t=9275.5 LAUNCH_BLOCKED reason=deck_busy active=7 stored=2 no_active_s=0.0 state=RETRIEVING_FROM_HANGAR tractor_cleanup=false elevator_transfer=false deck=Aircraft_11_nav_r6_188 pending=none clearance=none queue=0
t=9278.2 TUNING_REASSIGN craft=Aircraft_11_nav_r6_188 requested_route=6 assigned_route=3
t=9285.8 SPAWN craft=Aircraft_11_nav_r6_188 route=3 candidate=1 trial=188 t=9285.8
t=9290.5 LAUNCH_BLOCKED reason=cleared_unready_nav_deck_aircraft active=7 stored=2 no_active_s=0.0 state=IDLE tractor_cleanup=false elevator_transfer=false deck=Aircraft_11_nav_r6_188 pending=none clearance=none queue=0
t=9300.0 ==== SUMMARY t=9300.0 ====
t=9300.0 route=1 laps=24 crashes=0 avg_out=145.8s avg_ret=134.9s avg_lap=292.7s best_lap=274.1
t=9300.0 route=2 laps=21 crashes=1 avg_out=178.1s avg_ret=202.7s avg_lap=392.8s best_lap=381.0
t=9300.0 route=3 laps=21 crashes=0 avg_out=213.4s avg_ret=239.9s avg_lap=465.4s best_lap=454.7
t=9300.0 route=4 laps=22 crashes=1 avg_out=173.9s avg_ret=138.0s avg_lap=323.8s best_lap=306.5
t=9300.0 route=5 laps=21 crashes=0 avg_out=252.4s avg_ret=211.5s avg_lap=476.0s best_lap=462.6
t=9300.0 route=6 laps=23 crashes=1 avg_out=143.2s avg_ret=124.8s avg_lap=280.0s best_lap=271.2
t=9300.0 route=7 laps=23 crashes=0 avg_out=160.2s avg_ret=124.4s avg_lap=296.8s best_lap=290.3
t=9300.0 route=8 laps=23 crashes=0 avg_out=166.1s avg_ret=142.7s avg_lap=320.8s best_lap=311.2
t=9300.0 TOTAL laps=178 crashes=3
t=9300.0 TUNER gen=2 results=53/64 pending=8 active=8 remaining=11 next_trial=190 rounds=[8,8,7,8,6,8,8,8]
t=9305.7 LAUNCH_BLOCKED reason=tuner_capacity_full active=8 stored=1 no_active_s=0.0 state=AIRCRAFT_ON_DECK tractor_cleanup=false elevator_transfer=false deck=Aircraft_11_nav_r8_189 pending=none clearance=none queue=0
t=9305.9 SPAWN craft=Aircraft_11_nav_r8_189 route=8 candidate=7 trial=189 t=9305.9
t=9320.7 LAUNCH_BLOCKED reason=tuner_capacity_full active=8 stored=1 no_active_s=0.0 state=IDLE tractor_cleanup=false elevator_transfer=false deck=Aircraft_11_nav_r8_189 pending=none clearance=none queue=0
t=9326.6 LAP_CAPTURE craft=Aircraft_11_nav_r7_182 route=7 return=123.1s lap=291.8s carrier_dist=200m t=9326.6
t=9329.9 ==== SUMMARY t=9329.9 ====
t=9330.0 route=1 laps=24 crashes=0 avg_out=145.8s avg_ret=134.9s avg_lap=292.7s best_lap=274.1
t=9330.0 route=2 laps=21 crashes=1 avg_out=178.1s avg_ret=202.7s avg_lap=392.8s best_lap=381.0
t=9330.0 route=3 laps=21 crashes=0 avg_out=213.4s avg_ret=239.9s avg_lap=465.4s best_lap=454.7
t=9330.0 route=4 laps=22 crashes=1 avg_out=173.9s avg_ret=138.0s avg_lap=323.8s best_lap=306.5
t=9330.0 route=5 laps=21 crashes=0 avg_out=252.4s avg_ret=211.5s avg_lap=476.0s best_lap=462.6
t=9330.0 route=6 laps=23 crashes=1 avg_out=143.2s avg_ret=124.8s avg_lap=280.0s best_lap=271.2
t=9330.0 route=7 laps=24 crashes=0 avg_out=160.2s avg_ret=124.3s avg_lap=296.6s best_lap=290.3
t=9330.0 route=8 laps=23 crashes=0 avg_out=166.1s avg_ret=142.7s avg_lap=320.8s best_lap=311.2
t=9330.0 TOTAL laps=179 crashes=3
t=9330.0 TUNER gen=2 results=54/64 pending=7 active=7 remaining=10 next_trial=190 rounds=[8,8,7,8,6,8,8,8]
t=9338.4 TUNING_REASSIGN craft=Aircraft_11_nav_r1_190 requested_route=1 assigned_route=5
t=9340.7 LAUNCH_BLOCKED reason=tuner_capacity_full active=8 stored=1 no_active_s=0.0 state=AIRCRAFT_ON_DECK tractor_cleanup=false elevator_transfer=true deck=Aircraft_11_nav_r1_190 pending=none clearance=none queue=0
t=9346.0 SPAWN craft=Aircraft_11_nav_r1_190 route=5 candidate=3 trial=190 t=9346.0
t=9355.8 LAUNCH_BLOCKED reason=tuner_capacity_full active=8 stored=1 no_active_s=0.0 state=IDLE tractor_cleanup=false elevator_transfer=false deck=Aircraft_11_nav_r1_190 pending=none clearance=none queue=0
t=9357.4 LZ_REACHED craft=Aircraft_11_nav_r3_183 route=3 outbound=217.2s t=9357.4
t=9360.0 ==== SUMMARY t=9360.0 ====
t=9360.0 route=1 laps=24 crashes=0 avg_out=145.8s avg_ret=134.9s avg_lap=292.7s best_lap=274.1
t=9360.0 route=2 laps=21 crashes=1 avg_out=178.1s avg_ret=202.7s avg_lap=392.8s best_lap=381.0
t=9360.0 route=3 laps=21 crashes=0 avg_out=213.6s avg_ret=239.9s avg_lap=465.4s best_lap=454.7
t=9360.0 route=4 laps=22 crashes=1 avg_out=173.9s avg_ret=138.0s avg_lap=323.8s best_lap=306.5
t=9360.0 route=5 laps=21 crashes=0 avg_out=252.4s avg_ret=211.5s avg_lap=476.0s best_lap=462.6
t=9360.0 route=6 laps=23 crashes=1 avg_out=143.2s avg_ret=124.8s avg_lap=280.0s best_lap=271.2
t=9360.0 route=7 laps=24 crashes=0 avg_out=160.2s avg_ret=124.3s avg_lap=296.6s best_lap=290.3
t=9360.0 route=8 laps=23 crashes=0 avg_out=166.1s avg_ret=142.7s avg_lap=320.8s best_lap=311.2
t=9360.0 TOTAL laps=179 crashes=3
t=9360.1 TUNER gen=2 results=54/64 pending=8 active=8 remaining=10 next_trial=191 rounds=[8,8,7,8,7,8,8,8]
t=9370.9 LAUNCH_BLOCKED reason=tuner_capacity_full active=8 stored=1 no_active_s=0.0 state=IDLE tractor_cleanup=false elevator_transfer=false deck=Aircraft_11_nav_r1_190 pending=none clearance=none queue=0
t=9372.0 LZ_REACHED craft=Aircraft_11_nav_r4_185 route=4 outbound=156.5s t=9372.0
t=9385.9 LAUNCH_BLOCKED reason=tuner_capacity_full active=8 stored=1 no_active_s=0.0 state=IDLE tractor_cleanup=false elevator_transfer=false deck=Aircraft_11_nav_r1_190 pending=none clearance=none queue=0
t=9390.0 ==== SUMMARY t=9390.0 ====
t=9390.0 route=1 laps=24 crashes=0 avg_out=145.8s avg_ret=134.9s avg_lap=292.7s best_lap=274.1
t=9390.0 route=2 laps=21 crashes=1 avg_out=178.1s avg_ret=202.7s avg_lap=392.8s best_lap=381.0
t=9390.1 route=3 laps=21 crashes=0 avg_out=213.6s avg_ret=239.9s avg_lap=465.4s best_lap=454.7
t=9390.1 route=4 laps=22 crashes=1 avg_out=173.2s avg_ret=138.0s avg_lap=323.8s best_lap=306.5
t=9390.1 route=5 laps=21 crashes=0 avg_out=252.4s avg_ret=211.5s avg_lap=476.0s best_lap=462.6
t=9390.1 route=6 laps=23 crashes=1 avg_out=143.2s avg_ret=124.8s avg_lap=280.0s best_lap=271.2
t=9390.1 route=7 laps=24 crashes=0 avg_out=160.2s avg_ret=124.3s avg_lap=296.6s best_lap=290.3
t=9390.1 route=8 laps=23 crashes=0 avg_out=166.1s avg_ret=142.7s avg_lap=320.8s best_lap=311.2
t=9390.1 TOTAL laps=179 crashes=3
t=9390.1 TUNER gen=2 results=54/64 pending=8 active=8 remaining=10 next_trial=191 rounds=[8,8,7,8,7,8,8,8]
t=9401.0 LAUNCH_BLOCKED reason=tuner_capacity_full active=8 stored=1 no_active_s=0.0 state=IDLE tractor_cleanup=false elevator_transfer=false deck=Aircraft_11_nav_r1_190 pending=none clearance=none queue=0
t=9416.0 LAUNCH_BLOCKED reason=tuner_capacity_full active=8 stored=1 no_active_s=0.0 state=IDLE tractor_cleanup=false elevator_transfer=false deck=Aircraft_11_nav_r1_190 pending=none clearance=none queue=0
t=9420.0 ==== SUMMARY t=9420.0 ====
t=9420.0 route=1 laps=24 crashes=0 avg_out=145.8s avg_ret=134.9s avg_lap=292.7s best_lap=274.1
t=9420.1 route=2 laps=21 crashes=1 avg_out=178.1s avg_ret=202.7s avg_lap=392.8s best_lap=381.0
t=9420.1 route=3 laps=21 crashes=0 avg_out=213.6s avg_ret=239.9s avg_lap=465.4s best_lap=454.7
t=9420.1 route=4 laps=22 crashes=1 avg_out=173.2s avg_ret=138.0s avg_lap=323.8s best_lap=306.5
t=9420.1 route=5 laps=21 crashes=0 avg_out=252.4s avg_ret=211.5s avg_lap=476.0s best_lap=462.6
t=9420.1 route=6 laps=23 crashes=1 avg_out=143.2s avg_ret=124.8s avg_lap=280.0s best_lap=271.2
t=9420.1 route=7 laps=24 crashes=0 avg_out=160.2s avg_ret=124.3s avg_lap=296.6s best_lap=290.3
t=9420.1 route=8 laps=23 crashes=0 avg_out=166.1s avg_ret=142.7s avg_lap=320.8s best_lap=311.2
t=9420.1 TOTAL laps=179 crashes=3
t=9420.1 TUNER gen=2 results=54/64 pending=8 active=8 remaining=10 next_trial=191 rounds=[8,8,7,8,7,8,8,8]
t=9431.1 LAUNCH_BLOCKED reason=tuner_capacity_full active=8 stored=1 no_active_s=0.0 state=IDLE tractor_cleanup=false elevator_transfer=false deck=Aircraft_11_nav_r1_190 pending=none clearance=none queue=0
t=9432.7 LZ_REACHED craft=Aircraft_11_nav_r2_187 route=2 outbound=167.0s t=9432.7
t=9441.0 CRASH craft=Aircraft_11_nav_r1_186 route=2 phase=0 t=9441.0
t=9445.2 LZ_REACHED craft=Aircraft_11_nav_r1_184 route=5 outbound=249.8s t=9445.2
t=9448.9 TUNING_REASSIGN craft=Aircraft_11_nav_r6_191 requested_route=6 assigned_route=3
t=9450.1 ==== SUMMARY t=9450.1 ====
t=9450.1 route=1 laps=24 crashes=0 avg_out=145.8s avg_ret=134.9s avg_lap=292.7s best_lap=274.1
t=9450.1 route=2 laps=21 crashes=2 avg_out=177.6s avg_ret=202.7s avg_lap=392.8s best_lap=381.0
t=9450.1 route=3 laps=21 crashes=0 avg_out=213.6s avg_ret=239.9s avg_lap=465.4s best_lap=454.7
t=9450.1 route=4 laps=22 crashes=1 avg_out=173.2s avg_ret=138.0s avg_lap=323.8s best_lap=306.5
t=9450.1 route=5 laps=21 crashes=0 avg_out=252.3s avg_ret=211.5s avg_lap=476.0s best_lap=462.6
t=9450.1 route=6 laps=23 crashes=1 avg_out=143.2s avg_ret=124.8s avg_lap=280.0s best_lap=271.2
t=9450.1 route=7 laps=24 crashes=0 avg_out=160.2s avg_ret=124.3s avg_lap=296.6s best_lap=290.3
t=9450.1 route=8 laps=23 crashes=0 avg_out=166.1s avg_ret=142.7s avg_lap=320.8s best_lap=311.2
t=9450.1 TOTAL laps=179 crashes=4
t=9450.1 TUNER gen=2 results=55/64 pending=8 active=8 remaining=9 next_trial=192 rounds=[8,8,8,8,7,8,8,8]
t=9451.2 LAUNCH_BLOCKED reason=tuner_capacity_full active=8 stored=1 no_active_s=0.0 state=AIRCRAFT_ON_DECK tractor_cleanup=false elevator_transfer=true deck=Aircraft_11_nav_r6_191 pending=none clearance=none queue=0
t=9456.4 SPAWN craft=Aircraft_11_nav_r6_191 route=3 candidate=2 trial=191 t=9456.4
t=9466.3 LAUNCH_BLOCKED reason=tuner_capacity_full active=8 stored=1 no_active_s=0.0 state=IDLE tractor_cleanup=false elevator_transfer=false deck=Aircraft_11_nav_r6_191 pending=none clearance=none queue=0
t=9471.6 LZ_REACHED craft=Aircraft_11_nav_r8_189 route=8 outbound=165.7s t=9471.6
t=9480.2 ==== SUMMARY t=9480.2 ====
t=9480.2 route=1 laps=24 crashes=0 avg_out=145.8s avg_ret=134.9s avg_lap=292.7s best_lap=274.1
t=9480.2 route=2 laps=21 crashes=2 avg_out=177.6s avg_ret=202.7s avg_lap=392.8s best_lap=381.0
t=9480.2 route=3 laps=21 crashes=0 avg_out=213.6s avg_ret=239.9s avg_lap=465.4s best_lap=454.7
t=9480.2 route=4 laps=22 crashes=1 avg_out=173.2s avg_ret=138.0s avg_lap=323.8s best_lap=306.5
t=9480.2 route=5 laps=21 crashes=0 avg_out=252.3s avg_ret=211.5s avg_lap=476.0s best_lap=462.6
t=9480.2 route=6 laps=23 crashes=1 avg_out=143.2s avg_ret=124.8s avg_lap=280.0s best_lap=271.2
t=9480.2 route=7 laps=24 crashes=0 avg_out=160.2s avg_ret=124.3s avg_lap=296.6s best_lap=290.3
t=9480.2 route=8 laps=23 crashes=0 avg_out=166.0s avg_ret=142.7s avg_lap=320.8s best_lap=311.2
t=9480.2 TOTAL laps=179 crashes=4
t=9480.2 TUNER gen=2 results=55/64 pending=8 active=8 remaining=9 next_trial=192 rounds=[8,8,8,8,7,8,8,8]
t=9481.4 LAUNCH_BLOCKED reason=tuner_capacity_full active=8 stored=1 no_active_s=0.0 state=IDLE tractor_cleanup=false elevator_transfer=false deck=Aircraft_11_nav_r6_191 pending=none clearance=none queue=0
t=9493.9 LZ_REACHED craft=Aircraft_11_nav_r6_188 route=3 outbound=208.1s t=9493.9
t=9496.4 LAUNCH_BLOCKED reason=tuner_capacity_full active=8 stored=1 no_active_s=0.0 state=IDLE tractor_cleanup=false elevator_transfer=false deck=Aircraft_11_nav_r6_191 pending=none clearance=none queue=0
t=9510.2 ==== SUMMARY t=9510.2 ====
t=9510.2 route=1 laps=24 crashes=0 avg_out=145.8s avg_ret=134.9s avg_lap=292.7s best_lap=274.1
t=9510.2 route=2 laps=21 crashes=2 avg_out=177.6s avg_ret=202.7s avg_lap=392.8s best_lap=381.0
t=9510.2 route=3 laps=21 crashes=0 avg_out=213.3s avg_ret=239.9s avg_lap=465.4s best_lap=454.7
t=9510.2 route=4 laps=22 crashes=1 avg_out=173.2s avg_ret=138.0s avg_lap=323.8s best_lap=306.5
t=9510.3 route=5 laps=21 crashes=0 avg_out=252.3s avg_ret=211.5s avg_lap=476.0s best_lap=462.6
t=9510.3 route=6 laps=23 crashes=1 avg_out=143.2s avg_ret=124.8s avg_lap=280.0s best_lap=271.2
t=9510.3 route=7 laps=24 crashes=0 avg_out=160.2s avg_ret=124.3s avg_lap=296.6s best_lap=290.3
t=9510.3 route=8 laps=23 crashes=0 avg_out=166.0s avg_ret=142.7s avg_lap=320.8s best_lap=311.2
t=9510.3 TOTAL laps=179 crashes=4
t=9510.3 TUNER gen=2 results=55/64 pending=8 active=8 remaining=9 next_trial=192 rounds=[8,8,8,8,7,8,8,8]
t=9511.5 LAUNCH_BLOCKED reason=tuner_capacity_full active=8 stored=1 no_active_s=0.0 state=IDLE tractor_cleanup=false elevator_transfer=false deck=Aircraft_11_nav_r6_191 pending=none clearance=none queue=0
t=9519.2 LAP_CAPTURE craft=Aircraft_11_nav_r4_185 route=4 return=135.2s lap=303.8s carrier_dist=200m t=9519.2
t=9529.3 TUNING_REASSIGN craft=Aircraft_11_nav_r1_192 requested_route=1 assigned_route=5
t=9531.5 LAUNCH_BLOCKED reason=tuner_capacity_full active=8 stored=1 no_active_s=0.0 state=AIRCRAFT_ON_DECK tractor_cleanup=false elevator_transfer=true deck=Aircraft_11_nav_r1_192 pending=none clearance=none queue=0
t=9536.9 SPAWN craft=Aircraft_11_nav_r1_192 route=5 candidate=4 trial=192 t=9536.9
t=9540.3 ==== SUMMARY t=9540.3 ====
t=9540.3 route=1 laps=24 crashes=0 avg_out=145.8s avg_ret=134.9s avg_lap=292.7s best_lap=274.1
t=9540.3 route=2 laps=21 crashes=2 avg_out=177.6s avg_ret=202.7s avg_lap=392.8s best_lap=381.0
t=9540.3 route=3 laps=21 crashes=0 avg_out=213.3s avg_ret=239.9s avg_lap=465.4s best_lap=454.7
t=9540.3 route=4 laps=23 crashes=1 avg_out=173.2s avg_ret=137.9s avg_lap=322.9s best_lap=303.8
t=9540.3 route=5 laps=21 crashes=0 avg_out=252.3s avg_ret=211.5s avg_lap=476.0s best_lap=462.6
t=9540.3 route=6 laps=23 crashes=1 avg_out=143.2s avg_ret=124.8s avg_lap=280.0s best_lap=271.2
t=9540.3 route=7 laps=24 crashes=0 avg_out=160.2s avg_ret=124.3s avg_lap=296.6s best_lap=290.3
t=9540.3 route=8 laps=23 crashes=0 avg_out=166.0s avg_ret=142.7s avg_lap=320.8s best_lap=311.2
t=9540.3 TOTAL laps=180 crashes=4
t=9540.3 TUNER gen=2 results=56/64 pending=8 active=8 remaining=8 next_trial=193 rounds=[8,8,8,8,8,8,8,8]
t=9546.6 LAUNCH_BLOCKED reason=tuner_capacity_full active=8 stored=1 no_active_s=0.0 state=IDLE tractor_cleanup=false elevator_transfer=false deck=Aircraft_11_nav_r1_192 pending=none clearance=none queue=0
t=9561.7 LAUNCH_BLOCKED reason=tuner_capacity_full active=8 stored=1 no_active_s=0.0 state=IDLE tractor_cleanup=false elevator_transfer=false deck=Aircraft_11_nav_r1_192 pending=none clearance=none queue=0
t=9570.3 ==== SUMMARY t=9570.3 ====
t=9570.3 route=1 laps=24 crashes=0 avg_out=145.8s avg_ret=134.9s avg_lap=292.7s best_lap=274.1
t=9570.3 route=2 laps=21 crashes=2 avg_out=177.6s avg_ret=202.7s avg_lap=392.8s best_lap=381.0
t=9570.3 route=3 laps=21 crashes=0 avg_out=213.3s avg_ret=239.9s avg_lap=465.4s best_lap=454.7
t=9570.3 route=4 laps=23 crashes=1 avg_out=173.2s avg_ret=137.9s avg_lap=322.9s best_lap=303.8
t=9570.3 route=5 laps=21 crashes=0 avg_out=252.3s avg_ret=211.5s avg_lap=476.0s best_lap=462.6
t=9570.3 route=6 laps=23 crashes=1 avg_out=143.2s avg_ret=124.8s avg_lap=280.0s best_lap=271.2
t=9570.3 route=7 laps=24 crashes=0 avg_out=160.2s avg_ret=124.3s avg_lap=296.6s best_lap=290.3
t=9570.3 route=8 laps=23 crashes=0 avg_out=166.0s avg_ret=142.7s avg_lap=320.8s best_lap=311.2
t=9570.4 TOTAL laps=180 crashes=4
t=9570.4 TUNER gen=2 results=56/64 pending=8 active=8 remaining=8 next_trial=193 rounds=[8,8,8,8,8,8,8,8]
t=9576.7 LAUNCH_BLOCKED reason=tuner_capacity_full active=8 stored=1 no_active_s=0.0 state=IDLE tractor_cleanup=false elevator_transfer=false deck=Aircraft_11_nav_r1_192 pending=none clearance=none queue=0
t=9591.8 LAUNCH_BLOCKED reason=tuner_capacity_full active=8 stored=1 no_active_s=0.0 state=IDLE tractor_cleanup=false elevator_transfer=false deck=Aircraft_11_nav_r1_192 pending=none clearance=none queue=0
t=9593.3 LZ_REACHED craft=Aircraft_11_nav_r1_190 route=5 outbound=247.3s t=9593.3
t=9600.3 ==== SUMMARY t=9600.3 ====
t=9600.3 route=1 laps=24 crashes=0 avg_out=145.8s avg_ret=134.9s avg_lap=292.7s best_lap=274.1
t=9600.3 route=2 laps=21 crashes=2 avg_out=177.6s avg_ret=202.7s avg_lap=392.8s best_lap=381.0
t=9600.3 route=3 laps=21 crashes=0 avg_out=213.3s avg_ret=239.9s avg_lap=465.4s best_lap=454.7
t=9600.3 route=4 laps=23 crashes=1 avg_out=173.2s avg_ret=137.9s avg_lap=322.9s best_lap=303.8
t=9600.3 route=5 laps=21 crashes=0 avg_out=252.1s avg_ret=211.5s avg_lap=476.0s best_lap=462.6
t=9600.3 route=6 laps=23 crashes=1 avg_out=143.2s avg_ret=124.8s avg_lap=280.0s best_lap=271.2
t=9600.3 route=7 laps=24 crashes=0 avg_out=160.2s avg_ret=124.3s avg_lap=296.6s best_lap=290.3
t=9600.3 route=8 laps=23 crashes=0 avg_out=166.0s avg_ret=142.7s avg_lap=320.8s best_lap=311.2
t=9600.4 TOTAL laps=180 crashes=4
t=9600.4 TUNER gen=2 results=56/64 pending=8 active=8 remaining=8 next_trial=193 rounds=[8,8,8,8,8,8,8,8]
t=9606.9 LAUNCH_BLOCKED reason=tuner_capacity_full active=8 stored=1 no_active_s=0.0 state=IDLE tractor_cleanup=false elevator_transfer=false deck=Aircraft_11_nav_r1_192 pending=none clearance=none queue=0
t=9618.2 LAP_CAPTURE craft=Aircraft_11_nav_r8_189 route=8 return=134.7s lap=312.3s carrier_dist=200m t=9618.2
t=9622.0 LAUNCH_BLOCKED reason=tuner_capacity_full active=7 stored=1 no_active_s=0.0 state=IDLE tractor_cleanup=false elevator_transfer=false deck=Aircraft_11_nav_r1_192 pending=none clearance=none queue=0
t=9630.4 ==== SUMMARY t=9630.4 ====
t=9630.4 route=1 laps=24 crashes=0 avg_out=145.8s avg_ret=134.9s avg_lap=292.7s best_lap=274.1
t=9630.4 route=2 laps=21 crashes=2 avg_out=177.6s avg_ret=202.7s avg_lap=392.8s best_lap=381.0
t=9630.4 route=3 laps=21 crashes=0 avg_out=213.3s avg_ret=239.9s avg_lap=465.4s best_lap=454.7
t=9630.4 route=4 laps=23 crashes=1 avg_out=173.2s avg_ret=137.9s avg_lap=322.9s best_lap=303.8
t=9630.5 route=5 laps=21 crashes=0 avg_out=252.1s avg_ret=211.5s avg_lap=476.0s best_lap=462.6
t=9630.5 route=6 laps=23 crashes=1 avg_out=143.2s avg_ret=124.8s avg_lap=280.0s best_lap=271.2
t=9630.5 route=7 laps=24 crashes=0 avg_out=160.2s avg_ret=124.3s avg_lap=296.6s best_lap=290.3
t=9630.5 route=8 laps=24 crashes=0 avg_out=166.0s avg_ret=142.4s avg_lap=320.4s best_lap=311.2
t=9630.5 TOTAL laps=181 crashes=4
t=9630.5 TUNER gen=2 results=57/64 pending=7 active=7 remaining=7 next_trial=193 rounds=[8,8,8,8,8,8,8,8]
t=9637.0 LAUNCH_BLOCKED reason=tuner_capacity_full active=7 stored=1 no_active_s=0.0 state=IDLE tractor_cleanup=false elevator_transfer=false deck=Aircraft_11_nav_r1_192 pending=none clearance=none queue=0
t=9639.7 LAP_CAPTURE craft=Aircraft_11_nav_r3_183 route=3 return=270.3s lap=499.5s carrier_dist=200m t=9639.7
t=9642.8 LAP_CAPTURE craft=Aircraft_11_nav_r2_187 route=2 return=198.2s lap=377.1s carrier_dist=200m t=9642.8
t=9652.1 LAUNCH_BLOCKED reason=tuner_capacity_full active=5 stored=1 no_active_s=0.0 state=IDLE tractor_cleanup=false elevator_transfer=false deck=Aircraft_11_nav_r1_192 pending=none clearance=none queue=0
t=9660.5 ==== SUMMARY t=9660.5 ====
t=9660.5 route=1 laps=24 crashes=0 avg_out=145.8s avg_ret=134.9s avg_lap=292.7s best_lap=274.1
t=9660.5 route=2 laps=22 crashes=2 avg_out=177.6s avg_ret=202.5s avg_lap=392.1s best_lap=377.1
t=9660.5 route=3 laps=22 crashes=0 avg_out=213.3s avg_ret=241.3s avg_lap=466.9s best_lap=454.7
t=9660.5 route=4 laps=23 crashes=1 avg_out=173.2s avg_ret=137.9s avg_lap=322.9s best_lap=303.8
t=9660.5 route=5 laps=21 crashes=0 avg_out=252.1s avg_ret=211.5s avg_lap=476.0s best_lap=462.6
t=9660.5 route=6 laps=23 crashes=1 avg_out=143.2s avg_ret=124.8s avg_lap=280.0s best_lap=271.2
t=9660.5 route=7 laps=24 crashes=0 avg_out=160.2s avg_ret=124.3s avg_lap=296.6s best_lap=290.3
t=9660.5 route=8 laps=24 crashes=0 avg_out=166.0s avg_ret=142.4s avg_lap=320.4s best_lap=311.2
t=9660.5 TOTAL laps=183 crashes=4
t=9660.5 TUNER gen=2 results=59/64 pending=5 active=5 remaining=5 next_trial=193 rounds=[8,8,8,8,8,8,8,8]
t=9664.1 LAP_CAPTURE craft=Aircraft_11_nav_r1_184 route=5 return=206.8s lap=468.7s carrier_dist=200m t=9664.1
t=9667.1 LAUNCH_BLOCKED reason=tuner_capacity_full active=4 stored=1 no_active_s=0.0 state=IDLE tractor_cleanup=false elevator_transfer=false deck=Aircraft_11_nav_r1_192 pending=none clearance=none queue=0
t=9667.3 LZ_REACHED craft=Aircraft_11_nav_r6_191 route=3 outbound=210.9s t=9667.3
t=9682.2 LAUNCH_BLOCKED reason=tuner_capacity_full active=4 stored=1 no_active_s=0.0 state=IDLE tractor_cleanup=false elevator_transfer=false deck=Aircraft_11_nav_r1_192 pending=none clearance=none queue=0
t=9690.5 ==== SUMMARY t=9690.5 ====
t=9690.5 route=1 laps=24 crashes=0 avg_out=145.8s avg_ret=134.9s avg_lap=292.7s best_lap=274.1
t=9690.5 route=2 laps=22 crashes=2 avg_out=177.6s avg_ret=202.5s avg_lap=392.1s best_lap=377.1
t=9690.5 route=3 laps=22 crashes=0 avg_out=213.2s avg_ret=241.3s avg_lap=466.9s best_lap=454.7
t=9690.5 route=4 laps=23 crashes=1 avg_out=173.2s avg_ret=137.9s avg_lap=322.9s best_lap=303.8
t=9690.5 route=5 laps=22 crashes=0 avg_out=252.1s avg_ret=211.3s avg_lap=475.6s best_lap=462.6
t=9690.5 route=6 laps=23 crashes=1 avg_out=143.2s avg_ret=124.8s avg_lap=280.0s best_lap=271.2
t=9690.5 route=7 laps=24 crashes=0 avg_out=160.2s avg_ret=124.3s avg_lap=296.6s best_lap=290.3
t=9690.5 route=8 laps=24 crashes=0 avg_out=166.0s avg_ret=142.4s avg_lap=320.4s best_lap=311.2
t=9690.5 TOTAL laps=184 crashes=4
t=9690.5 TUNER gen=2 results=60/64 pending=4 active=4 remaining=4 next_trial=193 rounds=[8,8,8,8,8,8,8,8]
t=9697.2 LAUNCH_BLOCKED reason=tuner_capacity_full active=4 stored=1 no_active_s=0.0 state=IDLE tractor_cleanup=false elevator_transfer=false deck=Aircraft_11_nav_r1_192 pending=none clearance=none queue=0
t=9712.3 LAUNCH_BLOCKED reason=tuner_capacity_full active=4 stored=1 no_active_s=0.0 state=IDLE tractor_cleanup=false elevator_transfer=false deck=Aircraft_11_nav_r1_192 pending=none clearance=none queue=0
t=9720.5 ==== SUMMARY t=9720.5 ====
t=9720.5 route=1 laps=24 crashes=0 avg_out=145.8s avg_ret=134.9s avg_lap=292.7s best_lap=274.1
t=9720.5 route=2 laps=22 crashes=2 avg_out=177.6s avg_ret=202.5s avg_lap=392.1s best_lap=377.1
t=9720.5 route=3 laps=22 crashes=0 avg_out=213.2s avg_ret=241.3s avg_lap=466.9s best_lap=454.7
t=9720.5 route=4 laps=23 crashes=1 avg_out=173.2s avg_ret=137.9s avg_lap=322.9s best_lap=303.8
t=9720.5 route=5 laps=22 crashes=0 avg_out=252.1s avg_ret=211.3s avg_lap=475.6s best_lap=462.6
t=9720.5 route=6 laps=23 crashes=1 avg_out=143.2s avg_ret=124.8s avg_lap=280.0s best_lap=271.2
t=9720.5 route=7 laps=24 crashes=0 avg_out=160.2s avg_ret=124.3s avg_lap=296.6s best_lap=290.3
t=9720.5 route=8 laps=24 crashes=0 avg_out=166.0s avg_ret=142.4s avg_lap=320.4s best_lap=311.2
t=9720.5 TOTAL laps=184 crashes=4
t=9720.5 TUNER gen=2 results=60/64 pending=4 active=4 remaining=4 next_trial=193 rounds=[8,8,8,8,8,8,8,8]
t=9727.3 LAUNCH_BLOCKED reason=tuner_capacity_full active=4 stored=1 no_active_s=0.0 state=IDLE tractor_cleanup=false elevator_transfer=false deck=Aircraft_11_nav_r1_192 pending=none clearance=none queue=0
t=9740.5 LAP_CAPTURE craft=Aircraft_11_nav_r6_188 route=3 return=234.6s lap=454.7s carrier_dist=200m t=9740.5
t=9742.4 LAUNCH_BLOCKED reason=tuner_capacity_full active=3 stored=1 no_active_s=0.0 state=IDLE tractor_cleanup=false elevator_transfer=false deck=Aircraft_11_nav_r1_192 pending=none clearance=none queue=0
t=9750.5 ==== SUMMARY t=9750.5 ====
t=9750.5 route=1 laps=24 crashes=0 avg_out=145.8s avg_ret=134.9s avg_lap=292.7s best_lap=274.1
t=9750.5 route=2 laps=22 crashes=2 avg_out=177.6s avg_ret=202.5s avg_lap=392.1s best_lap=377.1
t=9750.5 route=3 laps=23 crashes=0 avg_out=213.2s avg_ret=241.0s avg_lap=466.4s best_lap=454.7
t=9750.5 route=4 laps=23 crashes=1 avg_out=173.2s avg_ret=137.9s avg_lap=322.9s best_lap=303.8
t=9750.5 route=5 laps=22 crashes=0 avg_out=252.1s avg_ret=211.3s avg_lap=475.6s best_lap=462.6
t=9750.5 route=6 laps=23 crashes=1 avg_out=143.2s avg_ret=124.8s avg_lap=280.0s best_lap=271.2
t=9750.5 route=7 laps=24 crashes=0 avg_out=160.2s avg_ret=124.3s avg_lap=296.6s best_lap=290.3
t=9750.5 route=8 laps=24 crashes=0 avg_out=166.0s avg_ret=142.4s avg_lap=320.4s best_lap=311.2
t=9750.5 TOTAL laps=185 crashes=4
t=9750.6 TUNER gen=2 results=61/64 pending=3 active=3 remaining=3 next_trial=193 rounds=[8,8,8,8,8,8,8,8]
t=9757.4 LAUNCH_BLOCKED reason=tuner_capacity_full active=3 stored=1 no_active_s=0.0 state=IDLE tractor_cleanup=false elevator_transfer=false deck=Aircraft_11_nav_r1_192 pending=none clearance=none queue=0
t=9772.5 LAUNCH_BLOCKED reason=tuner_capacity_full active=3 stored=1 no_active_s=0.0 state=IDLE tractor_cleanup=false elevator_transfer=false deck=Aircraft_11_nav_r1_192 pending=none clearance=none queue=0
t=9780.5 ==== SUMMARY t=9780.5 ====
t=9780.5 route=1 laps=24 crashes=0 avg_out=145.8s avg_ret=134.9s avg_lap=292.7s best_lap=274.1
t=9780.5 route=2 laps=22 crashes=2 avg_out=177.6s avg_ret=202.5s avg_lap=392.1s best_lap=377.1
t=9780.5 route=3 laps=23 crashes=0 avg_out=213.2s avg_ret=241.0s avg_lap=466.4s best_lap=454.7
t=9780.5 route=4 laps=23 crashes=1 avg_out=173.2s avg_ret=137.9s avg_lap=322.9s best_lap=303.8
t=9780.5 route=5 laps=22 crashes=0 avg_out=252.1s avg_ret=211.3s avg_lap=475.6s best_lap=462.6
t=9780.5 route=6 laps=23 crashes=1 avg_out=143.2s avg_ret=124.8s avg_lap=280.0s best_lap=271.2
t=9780.5 route=7 laps=24 crashes=0 avg_out=160.2s avg_ret=124.3s avg_lap=296.6s best_lap=290.3
t=9780.6 route=8 laps=24 crashes=0 avg_out=166.0s avg_ret=142.4s avg_lap=320.4s best_lap=311.2
t=9780.6 TOTAL laps=185 crashes=4
t=9780.6 TUNER gen=2 results=61/64 pending=3 active=3 remaining=3 next_trial=193 rounds=[8,8,8,8,8,8,8,8]
t=9785.5 LZ_REACHED craft=Aircraft_11_nav_r1_192 route=5 outbound=248.6s t=9785.5
t=9787.5 LAUNCH_BLOCKED reason=tuner_capacity_full active=3 stored=1 no_active_s=0.0 state=IDLE tractor_cleanup=false elevator_transfer=false deck=Aircraft_11_nav_r1_192 pending=none clearance=none queue=0
t=9802.6 LAUNCH_BLOCKED reason=tuner_capacity_full active=3 stored=1 no_active_s=0.0 state=IDLE tractor_cleanup=false elevator_transfer=false deck=Aircraft_11_nav_r1_192 pending=none clearance=none queue=0
t=9810.6 ==== SUMMARY t=9810.6 ====
t=9810.6 route=1 laps=24 crashes=0 avg_out=145.8s avg_ret=134.9s avg_lap=292.7s best_lap=274.1
t=9810.6 route=2 laps=22 crashes=2 avg_out=177.6s avg_ret=202.5s avg_lap=392.1s best_lap=377.1
t=9810.6 route=3 laps=23 crashes=0 avg_out=213.2s avg_ret=241.0s avg_lap=466.4s best_lap=454.7
t=9810.6 route=4 laps=23 crashes=1 avg_out=173.2s avg_ret=137.9s avg_lap=322.9s best_lap=303.8
t=9810.6 route=5 laps=22 crashes=0 avg_out=252.0s avg_ret=211.3s avg_lap=475.6s best_lap=462.6
t=9810.6 route=6 laps=23 crashes=1 avg_out=143.2s avg_ret=124.8s avg_lap=280.0s best_lap=271.2
t=9810.6 route=7 laps=24 crashes=0 avg_out=160.2s avg_ret=124.3s avg_lap=296.6s best_lap=290.3
t=9810.6 route=8 laps=24 crashes=0 avg_out=166.0s avg_ret=142.4s avg_lap=320.4s best_lap=311.2
t=9810.6 TOTAL laps=185 crashes=4
t=9810.6 TUNER gen=2 results=61/64 pending=3 active=3 remaining=3 next_trial=193 rounds=[8,8,8,8,8,8,8,8]
t=9812.4 LAP_CAPTURE craft=Aircraft_11_nav_r1_190 route=5 return=207.1s lap=466.4s carrier_dist=200m t=9812.4
t=9817.7 LAUNCH_BLOCKED reason=tuner_capacity_full active=2 stored=1 no_active_s=0.0 state=IDLE tractor_cleanup=false elevator_transfer=false deck=Aircraft_11_nav_r1_192 pending=none clearance=none queue=0
t=9832.7 LAUNCH_BLOCKED reason=tuner_capacity_full active=2 stored=1 no_active_s=0.0 state=IDLE tractor_cleanup=false elevator_transfer=false deck=Aircraft_11_nav_r1_192 pending=none clearance=none queue=0
t=9840.6 ==== SUMMARY t=9840.6 ====
t=9840.6 route=1 laps=24 crashes=0 avg_out=145.8s avg_ret=134.9s avg_lap=292.7s best_lap=274.1
t=9840.6 route=2 laps=22 crashes=2 avg_out=177.6s avg_ret=202.5s avg_lap=392.1s best_lap=377.1
t=9840.6 route=3 laps=23 crashes=0 avg_out=213.2s avg_ret=241.0s avg_lap=466.4s best_lap=454.7
t=9840.6 route=4 laps=23 crashes=1 avg_out=173.2s avg_ret=137.9s avg_lap=322.9s best_lap=303.8
t=9840.6 route=5 laps=23 crashes=0 avg_out=252.0s avg_ret=211.1s avg_lap=475.2s best_lap=462.6
t=9840.6 route=6 laps=23 crashes=1 avg_out=143.2s avg_ret=124.8s avg_lap=280.0s best_lap=271.2
t=9840.6 route=7 laps=24 crashes=0 avg_out=160.2s avg_ret=124.3s avg_lap=296.6s best_lap=290.3
t=9840.6 route=8 laps=24 crashes=0 avg_out=166.0s avg_ret=142.4s avg_lap=320.4s best_lap=311.2
t=9840.6 TOTAL laps=186 crashes=4
t=9840.6 TUNER gen=2 results=62/64 pending=2 active=2 remaining=2 next_trial=193 rounds=[8,8,8,8,8,8,8,8]
t=9847.8 LAUNCH_BLOCKED reason=tuner_capacity_full active=2 stored=1 no_active_s=0.0 state=IDLE tractor_cleanup=false elevator_transfer=false deck=Aircraft_11_nav_r1_192 pending=none clearance=none queue=0
t=9862.8 LAUNCH_BLOCKED reason=tuner_capacity_full active=2 stored=1 no_active_s=0.0 state=IDLE tractor_cleanup=false elevator_transfer=false deck=Aircraft_11_nav_r1_192 pending=none clearance=none queue=0
t=9870.6 ==== SUMMARY t=9870.6 ====
t=9870.6 route=1 laps=24 crashes=0 avg_out=145.8s avg_ret=134.9s avg_lap=292.7s best_lap=274.1
t=9870.6 route=2 laps=22 crashes=2 avg_out=177.6s avg_ret=202.5s avg_lap=392.1s best_lap=377.1
t=9870.6 route=3 laps=23 crashes=0 avg_out=213.2s avg_ret=241.0s avg_lap=466.4s best_lap=454.7
t=9870.6 route=4 laps=23 crashes=1 avg_out=173.2s avg_ret=137.9s avg_lap=322.9s best_lap=303.8
t=9870.6 route=5 laps=23 crashes=0 avg_out=252.0s avg_ret=211.1s avg_lap=475.2s best_lap=462.6
t=9870.6 route=6 laps=23 crashes=1 avg_out=143.2s avg_ret=124.8s avg_lap=280.0s best_lap=271.2
t=9870.7 route=7 laps=24 crashes=0 avg_out=160.2s avg_ret=124.3s avg_lap=296.6s best_lap=290.3
t=9870.7 route=8 laps=24 crashes=0 avg_out=166.0s avg_ret=142.4s avg_lap=320.4s best_lap=311.2
t=9870.7 TOTAL laps=186 crashes=4
t=9870.7 TUNER gen=2 results=62/64 pending=2 active=2 remaining=2 next_trial=193 rounds=[8,8,8,8,8,8,8,8]
t=9877.9 LAUNCH_BLOCKED reason=tuner_capacity_full active=2 stored=1 no_active_s=0.0 state=IDLE tractor_cleanup=false elevator_transfer=false deck=Aircraft_11_nav_r1_192 pending=none clearance=none queue=0
t=9892.9 LAUNCH_BLOCKED reason=tuner_capacity_full active=2 stored=1 no_active_s=0.0 state=IDLE tractor_cleanup=false elevator_transfer=false deck=Aircraft_11_nav_r1_192 pending=none clearance=none queue=0
t=9900.6 ==== SUMMARY t=9900.6 ====
t=9900.6 route=1 laps=24 crashes=0 avg_out=145.8s avg_ret=134.9s avg_lap=292.7s best_lap=274.1
t=9900.6 route=2 laps=22 crashes=2 avg_out=177.6s avg_ret=202.5s avg_lap=392.1s best_lap=377.1
t=9900.6 route=3 laps=23 crashes=0 avg_out=213.2s avg_ret=241.0s avg_lap=466.4s best_lap=454.7
t=9900.6 route=4 laps=23 crashes=1 avg_out=173.2s avg_ret=137.9s avg_lap=322.9s best_lap=303.8
t=9900.7 route=5 laps=23 crashes=0 avg_out=252.0s avg_ret=211.1s avg_lap=475.2s best_lap=462.6
t=9900.7 route=6 laps=23 crashes=1 avg_out=143.2s avg_ret=124.8s avg_lap=280.0s best_lap=271.2
t=9900.7 route=7 laps=24 crashes=0 avg_out=160.2s avg_ret=124.3s avg_lap=296.6s best_lap=290.3
t=9900.7 route=8 laps=24 crashes=0 avg_out=166.0s avg_ret=142.4s avg_lap=320.4s best_lap=311.2
t=9900.7 TOTAL laps=186 crashes=4
t=9900.7 TUNER gen=2 results=62/64 pending=2 active=2 remaining=2 next_trial=193 rounds=[8,8,8,8,8,8,8,8]
t=9908.0 LAUNCH_BLOCKED reason=tuner_capacity_full active=2 stored=1 no_active_s=0.0 state=IDLE tractor_cleanup=false elevator_transfer=false deck=Aircraft_11_nav_r1_192 pending=none clearance=none queue=0
t=9916.1 LAP_CAPTURE craft=Aircraft_11_nav_r6_191 route=3 return=236.9s lap=459.7s carrier_dist=200m t=9916.1
t=9923.0 LAUNCH_BLOCKED reason=tuner_capacity_full active=1 stored=1 no_active_s=0.0 state=IDLE tractor_cleanup=false elevator_transfer=false deck=Aircraft_11_nav_r1_192 pending=none clearance=none queue=0
t=9930.6 ==== SUMMARY t=9930.6 ====
t=9930.6 route=1 laps=24 crashes=0 avg_out=145.8s avg_ret=134.9s avg_lap=292.7s best_lap=274.1
t=9930.7 route=2 laps=22 crashes=2 avg_out=177.6s avg_ret=202.5s avg_lap=392.1s best_lap=377.1
t=9930.7 route=3 laps=24 crashes=0 avg_out=213.2s avg_ret=240.9s avg_lap=466.1s best_lap=454.7
t=9930.7 route=4 laps=23 crashes=1 avg_out=173.2s avg_ret=137.9s avg_lap=322.9s best_lap=303.8
t=9930.7 route=5 laps=23 crashes=0 avg_out=252.0s avg_ret=211.1s avg_lap=475.2s best_lap=462.6
t=9930.7 route=6 laps=23 crashes=1 avg_out=143.2s avg_ret=124.8s avg_lap=280.0s best_lap=271.2
t=9930.7 route=7 laps=24 crashes=0 avg_out=160.2s avg_ret=124.3s avg_lap=296.6s best_lap=290.3
t=9930.7 route=8 laps=24 crashes=0 avg_out=166.0s avg_ret=142.4s avg_lap=320.4s best_lap=311.2
t=9930.7 TOTAL laps=187 crashes=4
t=9930.7 TUNER gen=2 results=63/64 pending=1 active=1 remaining=1 next_trial=193 rounds=[8,8,8,8,8,8,8,8]
t=9938.1 LAUNCH_BLOCKED reason=tuner_capacity_full active=1 stored=1 no_active_s=0.0 state=IDLE tractor_cleanup=false elevator_transfer=false deck=Aircraft_11_nav_r1_192 pending=none clearance=none queue=0
t=9953.1 LAUNCH_BLOCKED reason=tuner_capacity_full active=1 stored=1 no_active_s=0.0 state=IDLE tractor_cleanup=false elevator_transfer=false deck=Aircraft_11_nav_r1_192 pending=none clearance=none queue=0
t=9960.6 ==== SUMMARY t=9960.6 ====
t=9960.7 route=1 laps=24 crashes=0 avg_out=145.8s avg_ret=134.9s avg_lap=292.7s best_lap=274.1
t=9960.7 route=2 laps=22 crashes=2 avg_out=177.6s avg_ret=202.5s avg_lap=392.1s best_lap=377.1
t=9960.7 route=3 laps=24 crashes=0 avg_out=213.2s avg_ret=240.9s avg_lap=466.1s best_lap=454.7
t=9960.7 route=4 laps=23 crashes=1 avg_out=173.2s avg_ret=137.9s avg_lap=322.9s best_lap=303.8
t=9960.7 route=5 laps=23 crashes=0 avg_out=252.0s avg_ret=211.1s avg_lap=475.2s best_lap=462.6
t=9960.7 route=6 laps=23 crashes=1 avg_out=143.2s avg_ret=124.8s avg_lap=280.0s best_lap=271.2
t=9960.7 route=7 laps=24 crashes=0 avg_out=160.2s avg_ret=124.3s avg_lap=296.6s best_lap=290.3
t=9960.7 route=8 laps=24 crashes=0 avg_out=166.0s avg_ret=142.4s avg_lap=320.4s best_lap=311.2
t=9960.7 TOTAL laps=187 crashes=4
t=9960.7 TUNER gen=2 results=63/64 pending=1 active=1 remaining=1 next_trial=193 rounds=[8,8,8,8,8,8,8,8]
t=9968.2 LAUNCH_BLOCKED reason=tuner_capacity_full active=1 stored=1 no_active_s=0.0 state=IDLE tractor_cleanup=false elevator_transfer=false deck=Aircraft_11_nav_r1_192 pending=none clearance=none queue=0
t=9983.3 LAUNCH_BLOCKED reason=tuner_capacity_full active=1 stored=1 no_active_s=0.0 state=IDLE tractor_cleanup=false elevator_transfer=false deck=Aircraft_11_nav_r1_192 pending=none clearance=none queue=0
t=9990.7 ==== SUMMARY t=9990.7 ====
t=9990.7 route=1 laps=24 crashes=0 avg_out=145.8s avg_ret=134.9s avg_lap=292.7s best_lap=274.1
t=9990.7 route=2 laps=22 crashes=2 avg_out=177.6s avg_ret=202.5s avg_lap=392.1s best_lap=377.1
t=9990.7 route=3 laps=24 crashes=0 avg_out=213.2s avg_ret=240.9s avg_lap=466.1s best_lap=454.7
t=9990.7 route=4 laps=23 crashes=1 avg_out=173.2s avg_ret=137.9s avg_lap=322.9s best_lap=303.8
t=9990.7 route=5 laps=23 crashes=0 avg_out=252.0s avg_ret=211.1s avg_lap=475.2s best_lap=462.6
t=9990.7 route=6 laps=23 crashes=1 avg_out=143.2s avg_ret=124.8s avg_lap=280.0s best_lap=271.2
t=9990.7 route=7 laps=24 crashes=0 avg_out=160.2s avg_ret=124.3s avg_lap=296.6s best_lap=290.3
t=9990.7 route=8 laps=24 crashes=0 avg_out=166.0s avg_ret=142.4s avg_lap=320.4s best_lap=311.2
t=9990.7 TOTAL laps=187 crashes=4
t=9990.7 TUNER gen=2 results=63/64 pending=1 active=1 remaining=1 next_trial=193 rounds=[8,8,8,8,8,8,8,8]
t=9998.3 LAUNCH_BLOCKED reason=tuner_capacity_full active=1 stored=1 no_active_s=0.0 state=IDLE tractor_cleanup=false elevator_transfer=false deck=Aircraft_11_nav_r1_192 pending=none clearance=none queue=0
t=10004.2 LAP_CAPTURE craft=Aircraft_11_nav_r1_192 route=5 return=206.7s lap=467.2s carrier_dist=200m t=10004.1
t=10004.2 IDLE_TUNER_WAIT gen=3 results=0/64 remaining=64 active_nav=0 stored=1 state=IDLE next_trial=193
t=10013.3 LAUNCH_BLOCKED reason=deck_busy active=1 stored=7 no_active_s=0.0 state=RETRIEVING_FROM_HANGAR tractor_cleanup=false elevator_transfer=false deck=Aircraft_11_nav_r4_193 pending=none clearance=none queue=0
t=10020.7 ==== SUMMARY t=10020.7 ====
t=10020.7 route=1 laps=24 crashes=0 avg_out=145.8s avg_ret=134.9s avg_lap=292.7s best_lap=274.1
t=10020.7 route=2 laps=22 crashes=2 avg_out=177.6s avg_ret=202.5s avg_lap=392.1s best_lap=377.1
t=10020.7 route=3 laps=24 crashes=0 avg_out=213.2s avg_ret=240.9s avg_lap=466.1s best_lap=454.7
t=10020.7 route=4 laps=23 crashes=1 avg_out=173.2s avg_ret=137.9s avg_lap=322.9s best_lap=303.8
t=10020.7 route=5 laps=24 crashes=0 avg_out=252.0s avg_ret=210.9s avg_lap=474.9s best_lap=462.6
t=10020.7 route=6 laps=23 crashes=1 avg_out=143.2s avg_ret=124.8s avg_lap=280.0s best_lap=271.2
t=10020.7 route=7 laps=24 crashes=0 avg_out=160.2s avg_ret=124.3s avg_lap=296.6s best_lap=290.3
t=10020.7 route=8 laps=24 crashes=0 avg_out=166.0s avg_ret=142.4s avg_lap=320.4s best_lap=311.2
t=10020.8 TOTAL laps=188 crashes=4
t=10020.8 TUNER gen=3 results=0/64 pending=1 active=1 remaining=64 next_trial=194 rounds=[0,0,0,1,0,0,0,0]
t=10023.6 SPAWN craft=Aircraft_11_nav_r4_193 route=4 candidate=4 trial=193 t=10023.6
t=10028.4 LAUNCH_BLOCKED reason=cleared_unready_nav_deck_aircraft active=1 stored=7 no_active_s=0.0 state=IDLE tractor_cleanup=false elevator_transfer=false deck=Aircraft_11_nav_r4_193 pending=none clearance=none queue=0
t=10043.4 LAUNCH_BLOCKED reason=deck_busy active=2 stored=6 no_active_s=0.0 state=AIRCRAFT_ON_DECK tractor_cleanup=false elevator_transfer=false deck=Aircraft_11_nav_r1_194 pending=none clearance=none queue=0
t=10043.6 SPAWN craft=Aircraft_11_nav_r1_194 route=1 candidate=1 trial=194 t=10043.6
t=10050.7 ==== SUMMARY t=10050.7 ====
t=10050.7 route=1 laps=24 crashes=0 avg_out=145.8s avg_ret=134.9s avg_lap=292.7s best_lap=274.1
t=10050.7 route=2 laps=22 crashes=2 avg_out=177.6s avg_ret=202.5s avg_lap=392.1s best_lap=377.1
t=10050.7 route=3 laps=24 crashes=0 avg_out=213.2s avg_ret=240.9s avg_lap=466.1s best_lap=454.7
t=10050.7 route=4 laps=23 crashes=1 avg_out=173.2s avg_ret=137.9s avg_lap=322.9s best_lap=303.8
t=10050.7 route=5 laps=24 crashes=0 avg_out=252.0s avg_ret=210.9s avg_lap=474.9s best_lap=462.6
t=10050.7 route=6 laps=23 crashes=1 avg_out=143.2s avg_ret=124.8s avg_lap=280.0s best_lap=271.2
t=10050.7 route=7 laps=24 crashes=0 avg_out=160.2s avg_ret=124.3s avg_lap=296.6s best_lap=290.3
t=10050.7 route=8 laps=24 crashes=0 avg_out=166.0s avg_ret=142.4s avg_lap=320.4s best_lap=311.2
t=10050.7 TOTAL laps=188 crashes=4
t=10050.7 TUNER gen=3 results=0/64 pending=2 active=2 remaining=64 next_trial=195 rounds=[1,0,0,1,0,0,0,0]
t=10058.5 LAUNCH_BLOCKED reason=deck_busy active=3 stored=5 no_active_s=0.0 state=AIRCRAFT_ON_DECK tractor_cleanup=false elevator_transfer=true deck=Aircraft_11_nav_r2_195 pending=none clearance=none queue=0
t=10063.7 SPAWN craft=Aircraft_11_nav_r2_195 route=2 candidate=2 trial=195 t=10063.7
t=10073.5 LAUNCH_BLOCKED reason=deck_busy active=4 stored=4 no_active_s=0.0 state=RETRIEVING_FROM_HANGAR tractor_cleanup=false elevator_transfer=false deck=Aircraft_11_nav_r3_196 pending=none clearance=none queue=0
t=10080.7 ==== SUMMARY t=10080.7 ====
t=10080.8 route=1 laps=24 crashes=0 avg_out=145.8s avg_ret=134.9s avg_lap=292.7s best_lap=274.1
t=10080.8 route=2 laps=22 crashes=2 avg_out=177.6s avg_ret=202.5s avg_lap=392.1s best_lap=377.1
t=10080.8 route=3 laps=24 crashes=0 avg_out=213.2s avg_ret=240.9s avg_lap=466.1s best_lap=454.7
t=10080.8 route=4 laps=23 crashes=1 avg_out=173.2s avg_ret=137.9s avg_lap=322.9s best_lap=303.8
t=10080.8 route=5 laps=24 crashes=0 avg_out=252.0s avg_ret=210.9s avg_lap=474.9s best_lap=462.6
t=10080.8 route=6 laps=23 crashes=1 avg_out=143.2s avg_ret=124.8s avg_lap=280.0s best_lap=271.2
t=10080.8 route=7 laps=24 crashes=0 avg_out=160.2s avg_ret=124.3s avg_lap=296.6s best_lap=290.3
t=10080.8 route=8 laps=24 crashes=0 avg_out=166.0s avg_ret=142.4s avg_lap=320.4s best_lap=311.2
t=10080.8 TOTAL laps=188 crashes=4
t=10080.8 TUNER gen=3 results=0/64 pending=4 active=4 remaining=64 next_trial=197 rounds=[1,1,1,1,0,0,0,0]
t=10083.8 SPAWN craft=Aircraft_11_nav_r3_196 route=3 candidate=3 trial=196 t=10083.8
t=10088.6 LAUNCH_BLOCKED reason=cleared_unready_nav_deck_aircraft active=4 stored=4 no_active_s=0.0 state=IDLE tractor_cleanup=false elevator_transfer=false deck=Aircraft_11_nav_r3_196 pending=none clearance=none queue=0
t=10103.7 LAUNCH_BLOCKED reason=deck_busy active=5 stored=3 no_active_s=0.0 state=AIRCRAFT_ON_DECK tractor_cleanup=false elevator_transfer=false deck=Aircraft_11_nav_r5_197 pending=none clearance=none queue=0
t=10103.9 SPAWN craft=Aircraft_11_nav_r5_197 route=5 candidate=5 trial=197 t=10103.9
t=10110.8 ==== SUMMARY t=10110.8 ====
t=10110.8 route=1 laps=24 crashes=0 avg_out=145.8s avg_ret=134.9s avg_lap=292.7s best_lap=274.1
t=10110.8 route=2 laps=22 crashes=2 avg_out=177.6s avg_ret=202.5s avg_lap=392.1s best_lap=377.1
t=10110.8 route=3 laps=24 crashes=0 avg_out=213.2s avg_ret=240.9s avg_lap=466.1s best_lap=454.7
t=10110.8 route=4 laps=23 crashes=1 avg_out=173.2s avg_ret=137.9s avg_lap=322.9s best_lap=303.8
t=10110.9 route=5 laps=24 crashes=0 avg_out=252.0s avg_ret=210.9s avg_lap=474.9s best_lap=462.6
t=10110.9 route=6 laps=23 crashes=1 avg_out=143.2s avg_ret=124.8s avg_lap=280.0s best_lap=271.2
t=10110.9 route=7 laps=24 crashes=0 avg_out=160.2s avg_ret=124.3s avg_lap=296.6s best_lap=290.3
t=10110.9 route=8 laps=24 crashes=0 avg_out=166.0s avg_ret=142.4s avg_lap=320.4s best_lap=311.2
t=10110.9 TOTAL laps=188 crashes=4
t=10110.9 TUNER gen=3 results=0/64 pending=5 active=5 remaining=64 next_trial=198 rounds=[1,1,1,1,1,0,0,0]
t=10118.8 LAUNCH_BLOCKED reason=deck_busy active=6 stored=2 no_active_s=0.0 state=AIRCRAFT_ON_DECK tractor_cleanup=false elevator_transfer=true deck=Aircraft_11_nav_r6_198 pending=none clearance=none queue=0
t=10124.0 SPAWN craft=Aircraft_11_nav_r6_198 route=6 candidate=6 trial=198 t=10124.0
t=10133.8 LAUNCH_BLOCKED reason=deck_busy active=7 stored=1 no_active_s=0.0 state=RETRIEVING_FROM_HANGAR tractor_cleanup=false elevator_transfer=false deck=Aircraft_11_nav_r7_199 pending=none clearance=none queue=0
t=10140.8 ==== SUMMARY t=10140.8 ====
t=10140.8 route=1 laps=24 crashes=0 avg_out=145.8s avg_ret=134.9s avg_lap=292.7s best_lap=274.1
t=10140.9 route=2 laps=22 crashes=2 avg_out=177.6s avg_ret=202.5s avg_lap=392.1s best_lap=377.1
t=10140.9 route=3 laps=24 crashes=0 avg_out=213.2s avg_ret=240.9s avg_lap=466.1s best_lap=454.7
t=10140.9 route=4 laps=23 crashes=1 avg_out=173.2s avg_ret=137.9s avg_lap=322.9s best_lap=303.8
t=10140.9 route=5 laps=24 crashes=0 avg_out=252.0s avg_ret=210.9s avg_lap=474.9s best_lap=462.6
t=10140.9 route=6 laps=23 crashes=1 avg_out=143.2s avg_ret=124.8s avg_lap=280.0s best_lap=271.2
t=10140.9 route=7 laps=24 crashes=0 avg_out=160.2s avg_ret=124.3s avg_lap=296.6s best_lap=290.3
t=10140.9 route=8 laps=24 crashes=0 avg_out=166.0s avg_ret=142.4s avg_lap=320.4s best_lap=311.2
t=10140.9 TOTAL laps=188 crashes=4
t=10140.9 TUNER gen=3 results=0/64 pending=7 active=7 remaining=64 next_trial=200 rounds=[1,1,1,1,1,1,1,0]
t=10144.1 SPAWN craft=Aircraft_11_nav_r7_199 route=7 candidate=7 trial=199 t=10144.1
t=10148.9 LAUNCH_BLOCKED reason=cleared_unready_nav_deck_aircraft active=7 stored=1 no_active_s=0.0 state=IDLE tractor_cleanup=false elevator_transfer=false deck=Aircraft_11_nav_r7_199 pending=none clearance=none queue=0
t=10164.1 SPAWN craft=Aircraft_11_nav_r8_200 route=8 candidate=8 trial=200 t=10164.1
t=10170.9 ==== SUMMARY t=10170.9 ====
t=10170.9 route=1 laps=24 crashes=0 avg_out=145.8s avg_ret=134.9s avg_lap=292.7s best_lap=274.1
t=10170.9 route=2 laps=22 crashes=2 avg_out=177.6s avg_ret=202.5s avg_lap=392.1s best_lap=377.1
t=10170.9 route=3 laps=24 crashes=0 avg_out=213.2s avg_ret=240.9s avg_lap=466.1s best_lap=454.7
t=10170.9 route=4 laps=23 crashes=1 avg_out=173.2s avg_ret=137.9s avg_lap=322.9s best_lap=303.8
t=10170.9 route=5 laps=24 crashes=0 avg_out=252.0s avg_ret=210.9s avg_lap=474.9s best_lap=462.6
t=10170.9 route=6 laps=23 crashes=1 avg_out=143.2s avg_ret=124.8s avg_lap=280.0s best_lap=271.2
t=10170.9 route=7 laps=24 crashes=0 avg_out=160.2s avg_ret=124.3s avg_lap=296.6s best_lap=290.3
t=10170.9 route=8 laps=24 crashes=0 avg_out=166.0s avg_ret=142.4s avg_lap=320.4s best_lap=311.2
t=10170.9 TOTAL laps=188 crashes=4
t=10170.9 TUNER gen=3 results=0/64 pending=8 active=8 remaining=64 next_trial=201 rounds=[1,1,1,1,1,1,1,1]
t=10184.7 LZ_REACHED craft=Aircraft_11_nav_r1_194 route=1 outbound=141.1s t=10184.7
t=10198.1 LZ_REACHED craft=Aircraft_11_nav_r4_193 route=4 outbound=174.6s t=10198.1
t=10200.9 ==== SUMMARY t=10200.9 ====
t=10200.9 route=1 laps=24 crashes=0 avg_out=145.6s avg_ret=134.9s avg_lap=292.7s best_lap=274.1
t=10200.9 route=2 laps=22 crashes=2 avg_out=177.6s avg_ret=202.5s avg_lap=392.1s best_lap=377.1
t=10200.9 route=3 laps=24 crashes=0 avg_out=213.2s avg_ret=240.9s avg_lap=466.1s best_lap=454.7
t=10200.9 route=4 laps=23 crashes=1 avg_out=173.2s avg_ret=137.9s avg_lap=322.9s best_lap=303.8
t=10200.9 route=5 laps=24 crashes=0 avg_out=252.0s avg_ret=210.9s avg_lap=474.9s best_lap=462.6
t=10200.9 route=6 laps=23 crashes=1 avg_out=143.2s avg_ret=124.8s avg_lap=280.0s best_lap=271.2
t=10200.9 route=7 laps=24 crashes=0 avg_out=160.2s avg_ret=124.3s avg_lap=296.6s best_lap=290.3
t=10200.9 route=8 laps=24 crashes=0 avg_out=166.0s avg_ret=142.4s avg_lap=320.4s best_lap=311.2
t=10200.9 TOTAL laps=188 crashes=4
t=10200.9 TUNER gen=3 results=0/64 pending=8 active=8 remaining=64 next_trial=201 rounds=[1,1,1,1,1,1,1,1]
t=10230.9 ==== SUMMARY t=10230.9 ====
t=10230.9 route=1 laps=24 crashes=0 avg_out=145.6s avg_ret=134.9s avg_lap=292.7s best_lap=274.1
t=10230.9 route=2 laps=22 crashes=2 avg_out=177.6s avg_ret=202.5s avg_lap=392.1s best_lap=377.1
t=10230.9 route=3 laps=24 crashes=0 avg_out=213.2s avg_ret=240.9s avg_lap=466.1s best_lap=454.7
t=10230.9 route=4 laps=23 crashes=1 avg_out=173.2s avg_ret=137.9s avg_lap=322.9s best_lap=303.8
t=10230.9 route=5 laps=24 crashes=0 avg_out=252.0s avg_ret=210.9s avg_lap=474.9s best_lap=462.6
t=10230.9 route=6 laps=23 crashes=1 avg_out=143.2s avg_ret=124.8s avg_lap=280.0s best_lap=271.2
t=10230.9 route=7 laps=24 crashes=0 avg_out=160.2s avg_ret=124.3s avg_lap=296.6s best_lap=290.3
t=10230.9 route=8 laps=24 crashes=0 avg_out=166.0s avg_ret=142.4s avg_lap=320.4s best_lap=311.2
t=10230.9 TOTAL laps=188 crashes=4
t=10231.0 TUNER gen=3 results=0/64 pending=8 active=8 remaining=64 next_trial=201 rounds=[1,1,1,1,1,1,1,1]
t=10239.5 LZ_REACHED craft=Aircraft_11_nav_r2_195 route=2 outbound=175.8s t=10239.5
t=10260.1 LZ_REACHED craft=Aircraft_11_nav_r6_198 route=6 outbound=136.2s t=10260.1
t=10260.9 ==== SUMMARY t=10260.9 ====
t=10260.9 route=1 laps=24 crashes=0 avg_out=145.6s avg_ret=134.9s avg_lap=292.7s best_lap=274.1
t=10260.9 route=2 laps=22 crashes=2 avg_out=177.5s avg_ret=202.5s avg_lap=392.1s best_lap=377.1
t=10260.9 route=3 laps=24 crashes=0 avg_out=213.2s avg_ret=240.9s avg_lap=466.1s best_lap=454.7
t=10260.9 route=4 laps=23 crashes=1 avg_out=173.2s avg_ret=137.9s avg_lap=322.9s best_lap=303.8
t=10260.9 route=5 laps=24 crashes=0 avg_out=252.0s avg_ret=210.9s avg_lap=474.9s best_lap=462.6
t=10260.9 route=6 laps=23 crashes=1 avg_out=142.9s avg_ret=124.8s avg_lap=280.0s best_lap=271.2
t=10261.0 route=7 laps=24 crashes=0 avg_out=160.2s avg_ret=124.3s avg_lap=296.6s best_lap=290.3
t=10261.0 route=8 laps=24 crashes=0 avg_out=166.0s avg_ret=142.4s avg_lap=320.4s best_lap=311.2
t=10261.0 TOTAL laps=188 crashes=4
t=10261.0 TUNER gen=3 results=0/64 pending=8 active=8 remaining=64 next_trial=201 rounds=[1,1,1,1,1,1,1,1]
t=10289.6 LZ_REACHED craft=Aircraft_11_nav_r3_196 route=3 outbound=205.9s t=10289.6
t=10290.9 ==== SUMMARY t=10290.9 ====
t=10291.0 route=1 laps=24 crashes=0 avg_out=145.6s avg_ret=134.9s avg_lap=292.7s best_lap=274.1
t=10291.0 route=2 laps=22 crashes=2 avg_out=177.5s avg_ret=202.5s avg_lap=392.1s best_lap=377.1
t=10291.0 route=3 laps=24 crashes=0 avg_out=212.9s avg_ret=240.9s avg_lap=466.1s best_lap=454.7
t=10291.0 route=4 laps=23 crashes=1 avg_out=173.2s avg_ret=137.9s avg_lap=322.9s best_lap=303.8
t=10291.0 route=5 laps=24 crashes=0 avg_out=252.0s avg_ret=210.9s avg_lap=474.9s best_lap=462.6
t=10291.0 route=6 laps=23 crashes=1 avg_out=142.9s avg_ret=124.8s avg_lap=280.0s best_lap=271.2
t=10291.0 route=7 laps=24 crashes=0 avg_out=160.2s avg_ret=124.3s avg_lap=296.6s best_lap=290.3
t=10291.0 route=8 laps=24 crashes=0 avg_out=166.0s avg_ret=142.4s avg_lap=320.4s best_lap=311.2
t=10291.0 TOTAL laps=188 crashes=4
t=10291.0 TUNER gen=3 results=0/64 pending=8 active=8 remaining=64 next_trial=201 rounds=[1,1,1,1,1,1,1,1]
t=10300.4 LZ_REACHED craft=Aircraft_11_nav_r7_199 route=7 outbound=156.4s t=10300.4
t=10321.0 ==== SUMMARY t=10321.0 ====
t=10321.0 route=1 laps=24 crashes=0 avg_out=145.6s avg_ret=134.9s avg_lap=292.7s best_lap=274.1
t=10321.0 route=2 laps=22 crashes=2 avg_out=177.5s avg_ret=202.5s avg_lap=392.1s best_lap=377.1
t=10321.0 route=3 laps=24 crashes=0 avg_out=212.9s avg_ret=240.9s avg_lap=466.1s best_lap=454.7
t=10321.0 route=4 laps=23 crashes=1 avg_out=173.2s avg_ret=137.9s avg_lap=322.9s best_lap=303.8
t=10321.0 route=5 laps=24 crashes=0 avg_out=252.0s avg_ret=210.9s avg_lap=474.9s best_lap=462.6
t=10321.0 route=6 laps=23 crashes=1 avg_out=142.9s avg_ret=124.8s avg_lap=280.0s best_lap=271.2
t=10321.1 route=7 laps=24 crashes=0 avg_out=160.1s avg_ret=124.3s avg_lap=296.6s best_lap=290.3
t=10321.1 route=8 laps=24 crashes=0 avg_out=166.0s avg_ret=142.4s avg_lap=320.4s best_lap=311.2
t=10321.1 TOTAL laps=188 crashes=4
t=10321.1 TUNER gen=3 results=0/64 pending=8 active=8 remaining=64 next_trial=201 rounds=[1,1,1,1,1,1,1,1]
t=10328.4 LZ_REACHED craft=Aircraft_11_nav_r8_200 route=8 outbound=164.3s t=10328.4
t=10333.6 LAP_CAPTURE craft=Aircraft_11_nav_r1_194 route=1 return=136.9s lap=290.0s carrier_dist=200m t=10333.6
t=10347.0 LAP_CAPTURE craft=Aircraft_11_nav_r4_193 route=4 return=136.9s lap=323.5s carrier_dist=200m t=10347.0
t=10349.8 SPAWN craft=Aircraft_11_nav_r1_201 route=1 candidate=2 trial=201 t=10349.8
t=10351.0 ==== SUMMARY t=10351.0 ====
t=10351.0 route=1 laps=25 crashes=0 avg_out=145.6s avg_ret=135.0s avg_lap=292.6s best_lap=274.1
t=10351.0 route=2 laps=22 crashes=2 avg_out=177.5s avg_ret=202.5s avg_lap=392.1s best_lap=377.1
t=10351.0 route=3 laps=24 crashes=0 avg_out=212.9s avg_ret=240.9s avg_lap=466.1s best_lap=454.7
t=10351.1 route=4 laps=24 crashes=1 avg_out=173.2s avg_ret=137.9s avg_lap=322.9s best_lap=303.8
t=10351.1 route=5 laps=24 crashes=0 avg_out=252.0s avg_ret=210.9s avg_lap=474.9s best_lap=462.6
t=10351.1 route=6 laps=23 crashes=1 avg_out=142.9s avg_ret=124.8s avg_lap=280.0s best_lap=271.2
t=10351.1 route=7 laps=24 crashes=0 avg_out=160.1s avg_ret=124.3s avg_lap=296.6s best_lap=290.3
t=10351.1 route=8 laps=24 crashes=0 avg_out=166.0s avg_ret=142.4s avg_lap=320.4s best_lap=311.2
t=10351.1 TOTAL laps=190 crashes=4
t=10351.1 TUNER gen=3 results=2/64 pending=7 active=7 remaining=62 next_trial=202 rounds=[2,1,1,1,1,1,1,1]
t=10354.6 LAUNCH_BLOCKED reason=cleared_unready_nav_deck_aircraft active=7 stored=1 no_active_s=0.0 state=IDLE tractor_cleanup=false elevator_transfer=false deck=Aircraft_11_nav_r1_201 pending=none clearance=none queue=0
t=10358.0 LZ_REACHED craft=Aircraft_11_nav_r5_197 route=5 outbound=254.1s t=10358.0
t=10369.9 SPAWN craft=Aircraft_11_nav_r4_202 route=4 candidate=5 trial=202 t=10369.9
t=10381.2 ==== SUMMARY t=10381.2 ====
t=10381.2 route=1 laps=25 crashes=0 avg_out=145.6s avg_ret=135.0s avg_lap=292.6s best_lap=274.1
t=10381.2 route=2 laps=22 crashes=2 avg_out=177.5s avg_ret=202.5s avg_lap=392.1s best_lap=377.1
t=10381.2 route=3 laps=24 crashes=0 avg_out=212.9s avg_ret=240.9s avg_lap=466.1s best_lap=454.7
t=10381.2 route=4 laps=24 crashes=1 avg_out=173.2s avg_ret=137.9s avg_lap=322.9s best_lap=303.8
t=10381.2 route=5 laps=24 crashes=0 avg_out=252.0s avg_ret=210.9s avg_lap=474.9s best_lap=462.6
t=10381.2 route=6 laps=23 crashes=1 avg_out=142.9s avg_ret=124.8s avg_lap=280.0s best_lap=271.2
t=10381.2 route=7 laps=24 crashes=0 avg_out=160.1s avg_ret=124.3s avg_lap=296.6s best_lap=290.3
t=10381.2 route=8 laps=24 crashes=0 avg_out=166.0s avg_ret=142.4s avg_lap=320.4s best_lap=311.2
t=10381.2 TOTAL laps=190 crashes=4
t=10381.2 TUNER gen=3 results=2/64 pending=8 active=8 remaining=62 next_trial=203 rounds=[2,1,1,2,1,1,1,1]
t=10395.4 LAP_CAPTURE craft=Aircraft_11_nav_r6_198 route=6 return=123.3s lap=271.4s carrier_dist=200m t=10395.4
t=10411.2 ==== SUMMARY t=10411.2 ====
t=10411.2 route=1 laps=25 crashes=0 avg_out=145.6s avg_ret=135.0s avg_lap=292.6s best_lap=274.1
t=10411.2 route=2 laps=22 crashes=2 avg_out=177.5s avg_ret=202.5s avg_lap=392.1s best_lap=377.1
t=10411.2 route=3 laps=24 crashes=0 avg_out=212.9s avg_ret=240.9s avg_lap=466.1s best_lap=454.7
t=10411.2 route=4 laps=24 crashes=1 avg_out=173.2s avg_ret=137.9s avg_lap=322.9s best_lap=303.8
t=10411.3 route=5 laps=24 crashes=0 avg_out=252.0s avg_ret=210.9s avg_lap=474.9s best_lap=462.6
t=10411.3 route=6 laps=24 crashes=1 avg_out=142.9s avg_ret=124.7s avg_lap=279.6s best_lap=271.2
t=10411.3 route=7 laps=24 crashes=0 avg_out=160.1s avg_ret=124.3s avg_lap=296.6s best_lap=290.3
t=10411.3 route=8 laps=24 crashes=0 avg_out=166.0s avg_ret=142.4s avg_lap=320.4s best_lap=311.2
t=10411.3 TOTAL laps=191 crashes=4
t=10411.3 TUNER gen=3 results=3/64 pending=8 active=8 remaining=61 next_trial=204 rounds=[2,1,1,2,1,2,1,1]
t=10415.1 SPAWN craft=Aircraft_11_nav_r6_203 route=6 candidate=7 trial=203 t=10415.1
t=10435.8 LAP_CAPTURE craft=Aircraft_11_nav_r7_199 route=7 return=123.3s lap=291.7s carrier_dist=200m t=10435.8
t=10441.3 ==== SUMMARY t=10441.3 ====
t=10441.3 route=1 laps=25 crashes=0 avg_out=145.6s avg_ret=135.0s avg_lap=292.6s best_lap=274.1
t=10441.3 route=2 laps=22 crashes=2 avg_out=177.5s avg_ret=202.5s avg_lap=392.1s best_lap=377.1
t=10441.3 route=3 laps=24 crashes=0 avg_out=212.9s avg_ret=240.9s avg_lap=466.1s best_lap=454.7
t=10441.3 route=4 laps=24 crashes=1 avg_out=173.2s avg_ret=137.9s avg_lap=322.9s best_lap=303.8
t=10441.3 route=5 laps=24 crashes=0 avg_out=252.0s avg_ret=210.9s avg_lap=474.9s best_lap=462.6
t=10441.3 route=6 laps=24 crashes=1 avg_out=142.9s avg_ret=124.7s avg_lap=279.6s best_lap=271.2
t=10441.3 route=7 laps=25 crashes=0 avg_out=160.1s avg_ret=124.3s avg_lap=296.4s best_lap=290.3
t=10441.3 route=8 laps=24 crashes=0 avg_out=166.0s avg_ret=142.4s avg_lap=320.4s best_lap=311.2
t=10441.3 TOTAL laps=192 crashes=4
t=10441.3 TUNER gen=3 results=4/64 pending=7 active=7 remaining=60 next_trial=204 rounds=[2,1,1,2,1,2,1,1]
t=10454.9 LAP_CAPTURE craft=Aircraft_11_nav_r2_195 route=2 return=203.4s lap=391.1s carrier_dist=200m t=10454.9
t=10455.3 SPAWN craft=Aircraft_11_nav_r7_204 route=7 candidate=8 trial=204 t=10455.3
t=10460.1 LAUNCH_BLOCKED reason=cleared_unready_nav_deck_aircraft active=7 stored=1 no_active_s=0.0 state=IDLE tractor_cleanup=false elevator_transfer=false deck=Aircraft_11_nav_r7_204 pending=none clearance=none queue=0
t=10471.3 ==== SUMMARY t=10471.3 ====
t=10471.3 route=1 laps=25 crashes=0 avg_out=145.6s avg_ret=135.0s avg_lap=292.6s best_lap=274.1
t=10471.3 route=2 laps=23 crashes=2 avg_out=177.5s avg_ret=202.5s avg_lap=392.0s best_lap=377.1
t=10471.3 route=3 laps=24 crashes=0 avg_out=212.9s avg_ret=240.9s avg_lap=466.1s best_lap=454.7
t=10471.3 route=4 laps=24 crashes=1 avg_out=173.2s avg_ret=137.9s avg_lap=322.9s best_lap=303.8
t=10471.3 route=5 laps=24 crashes=0 avg_out=252.0s avg_ret=210.9s avg_lap=474.9s best_lap=462.6
t=10471.3 route=6 laps=24 crashes=1 avg_out=142.9s avg_ret=124.7s avg_lap=279.6s best_lap=271.2
t=10471.3 route=7 laps=25 crashes=0 avg_out=160.1s avg_ret=124.3s avg_lap=296.4s best_lap=290.3
t=10471.3 route=8 laps=24 crashes=0 avg_out=166.0s avg_ret=142.4s avg_lap=320.4s best_lap=311.2
t=10471.3 TOTAL laps=193 crashes=4
t=10471.3 TUNER gen=3 results=5/64 pending=8 active=8 remaining=59 next_trial=206 rounds=[2,2,1,2,1,2,2,1]
t=10475.5 SPAWN craft=Aircraft_11_nav_r2_205 route=2 candidate=3 trial=205 t=10475.5
t=10489.2 LAP_CAPTURE craft=Aircraft_11_nav_r8_200 route=8 return=148.8s lap=325.0s carrier_dist=200m t=10489.2
t=10492.0 LZ_REACHED craft=Aircraft_11_nav_r1_201 route=1 outbound=142.1s t=10492.0
t=10501.3 ==== SUMMARY t=10501.3 ====
t=10501.3 route=1 laps=25 crashes=0 avg_out=145.5s avg_ret=135.0s avg_lap=292.6s best_lap=274.1
t=10501.3 route=2 laps=23 crashes=2 avg_out=177.5s avg_ret=202.5s avg_lap=392.0s best_lap=377.1
t=10501.3 route=3 laps=24 crashes=0 avg_out=212.9s avg_ret=240.9s avg_lap=466.1s best_lap=454.7
t=10501.3 route=4 laps=24 crashes=1 avg_out=173.2s avg_ret=137.9s avg_lap=322.9s best_lap=303.8
t=10501.3 route=5 laps=24 crashes=0 avg_out=252.0s avg_ret=210.9s avg_lap=474.9s best_lap=462.6
t=10501.3 route=6 laps=24 crashes=1 avg_out=142.9s avg_ret=124.7s avg_lap=279.6s best_lap=271.2
t=10501.3 route=7 laps=25 crashes=0 avg_out=160.1s avg_ret=124.3s avg_lap=296.4s best_lap=290.3
t=10501.3 route=8 laps=25 crashes=0 avg_out=166.0s avg_ret=142.6s avg_lap=320.6s best_lap=311.2
t=10501.3 TOTAL laps=194 crashes=4
t=10501.3 TUNER gen=3 results=6/64 pending=8 active=8 remaining=58 next_trial=207 rounds=[2,2,1,2,1,2,2,2]
t=10505.5 SPAWN craft=Aircraft_11_nav_r8_206 route=8 candidate=1 trial=206 t=10505.5
t=10531.3 ==== SUMMARY t=10531.3 ====
t=10531.3 route=1 laps=25 crashes=0 avg_out=145.5s avg_ret=135.0s avg_lap=292.6s best_lap=274.1
t=10531.3 route=2 laps=23 crashes=2 avg_out=177.5s avg_ret=202.5s avg_lap=392.0s best_lap=377.1
t=10531.3 route=3 laps=24 crashes=0 avg_out=212.9s avg_ret=240.9s avg_lap=466.1s best_lap=454.7
t=10531.3 route=4 laps=24 crashes=1 avg_out=173.2s avg_ret=137.9s avg_lap=322.9s best_lap=303.8
t=10531.3 route=5 laps=24 crashes=0 avg_out=252.0s avg_ret=210.9s avg_lap=474.9s best_lap=462.6
t=10531.3 route=6 laps=24 crashes=1 avg_out=142.9s avg_ret=124.7s avg_lap=279.6s best_lap=271.2
t=10531.3 route=7 laps=25 crashes=0 avg_out=160.1s avg_ret=124.3s avg_lap=296.4s best_lap=290.3
t=10531.4 route=8 laps=25 crashes=0 avg_out=166.0s avg_ret=142.6s avg_lap=320.6s best_lap=311.2
t=10531.4 TOTAL laps=194 crashes=4
t=10531.4 TUNER gen=3 results=6/64 pending=8 active=8 remaining=58 next_trial=207 rounds=[2,2,1,2,1,2,2,2]
t=10539.5 LAP_CAPTURE craft=Aircraft_11_nav_r3_196 route=3 return=237.9s lap=455.8s carrier_dist=200m t=10539.5
t=10544.2 LZ_REACHED craft=Aircraft_11_nav_r4_202 route=4 outbound=174.3s t=10544.2
t=10553.9 LZ_REACHED craft=Aircraft_11_nav_r6_203 route=6 outbound=138.8s t=10553.9
t=10555.7 SPAWN craft=Aircraft_11_nav_r3_207 route=3 candidate=4 trial=207 t=10555.7
t=10561.4 ==== SUMMARY t=10561.4 ====
t=10561.4 route=1 laps=25 crashes=0 avg_out=145.5s avg_ret=135.0s avg_lap=292.6s best_lap=274.1
t=10561.4 route=2 laps=23 crashes=2 avg_out=177.5s avg_ret=202.5s avg_lap=392.0s best_lap=377.1
t=10561.4 route=3 laps=25 crashes=0 avg_out=212.9s avg_ret=240.7s avg_lap=465.7s best_lap=454.7
t=10561.4 route=4 laps=24 crashes=1 avg_out=173.3s avg_ret=137.9s avg_lap=322.9s best_lap=303.8
t=10561.4 route=5 laps=24 crashes=0 avg_out=252.0s avg_ret=210.9s avg_lap=474.9s best_lap=462.6
t=10561.4 route=6 laps=24 crashes=1 avg_out=142.7s avg_ret=124.7s avg_lap=279.6s best_lap=271.2
t=10561.4 route=7 laps=25 crashes=0 avg_out=160.1s avg_ret=124.3s avg_lap=296.4s best_lap=290.3
t=10561.4 route=8 laps=25 crashes=0 avg_out=166.0s avg_ret=142.6s avg_lap=320.6s best_lap=311.2
t=10561.4 TOTAL laps=195 crashes=4
t=10561.5 TUNER gen=3 results=7/64 pending=8 active=8 remaining=57 next_trial=208 rounds=[2,2,2,2,1,2,2,2]
t=10582.8 LAP_CAPTURE craft=Aircraft_11_nav_r5_197 route=5 return=212.8s lap=478.9s carrier_dist=200m t=10582.8
t=10591.4 ==== SUMMARY t=10591.4 ====
t=10591.4 route=1 laps=25 crashes=0 avg_out=145.5s avg_ret=135.0s avg_lap=292.6s best_lap=274.1
t=10591.4 route=2 laps=23 crashes=2 avg_out=177.5s avg_ret=202.5s avg_lap=392.0s best_lap=377.1
t=10591.4 route=3 laps=25 crashes=0 avg_out=212.9s avg_ret=240.7s avg_lap=465.7s best_lap=454.7
t=10591.4 route=4 laps=24 crashes=1 avg_out=173.3s avg_ret=137.9s avg_lap=322.9s best_lap=303.8
t=10591.4 route=5 laps=25 crashes=0 avg_out=252.0s avg_ret=211.0s avg_lap=475.1s best_lap=462.6
t=10591.4 route=6 laps=24 crashes=1 avg_out=142.7s avg_ret=124.7s avg_lap=279.6s best_lap=271.2
t=10591.4 route=7 laps=25 crashes=0 avg_out=160.1s avg_ret=124.3s avg_lap=296.4s best_lap=290.3
t=10591.5 route=8 laps=25 crashes=0 avg_out=166.0s avg_ret=142.6s avg_lap=320.6s best_lap=311.2
t=10591.5 TOTAL laps=196 crashes=4
t=10591.5 TUNER gen=3 results=8/64 pending=7 active=7 remaining=56 next_trial=208 rounds=[2,2,2,2,1,2,2,2]
t=10601.0 SPAWN craft=Aircraft_11_nav_r5_208 route=5 candidate=6 trial=208 t=10601.0
t=10611.0 LZ_REACHED craft=Aircraft_11_nav_r7_204 route=7 outbound=155.7s t=10611.0
t=10621.5 ==== SUMMARY t=10621.5 ====
t=10621.5 route=1 laps=25 crashes=0 avg_out=145.5s avg_ret=135.0s avg_lap=292.6s best_lap=274.1
t=10621.5 route=2 laps=23 crashes=2 avg_out=177.5s avg_ret=202.5s avg_lap=392.0s best_lap=377.1
t=10621.5 route=3 laps=25 crashes=0 avg_out=212.9s avg_ret=240.7s avg_lap=465.7s best_lap=454.7
t=10621.5 route=4 laps=24 crashes=1 avg_out=173.3s avg_ret=137.9s avg_lap=322.9s best_lap=303.8
t=10621.5 route=5 laps=25 crashes=0 avg_out=252.0s avg_ret=211.0s avg_lap=475.1s best_lap=462.6
t=10621.5 route=6 laps=24 crashes=1 avg_out=142.7s avg_ret=124.7s avg_lap=279.6s best_lap=271.2
t=10621.5 route=7 laps=25 crashes=0 avg_out=159.9s avg_ret=124.3s avg_lap=296.4s best_lap=290.3
t=10621.5 route=8 laps=25 crashes=0 avg_out=166.0s avg_ret=142.6s avg_lap=320.6s best_lap=311.2
t=10621.5 TOTAL laps=196 crashes=4
t=10621.5 TUNER gen=3 results=8/64 pending=8 active=8 remaining=56 next_trial=209 rounds=[2,2,2,2,2,2,2,2]
t=10628.2 LAP_CAPTURE craft=Aircraft_11_nav_r1_201 route=1 return=124.2s lap=278.3s carrier_dist=200m t=10628.1
t=10646.1 SPAWN craft=Aircraft_11_nav_r1_209 route=1 candidate=3 trial=209 t=10646.1
t=10651.5 ==== SUMMARY t=10651.5 ====
t=10651.5 route=1 laps=26 crashes=0 avg_out=145.5s avg_ret=134.5s avg_lap=292.0s best_lap=274.1
t=10651.5 route=2 laps=23 crashes=2 avg_out=177.5s avg_ret=202.5s avg_lap=392.0s best_lap=377.1
t=10651.5 route=3 laps=25 crashes=0 avg_out=212.9s avg_ret=240.7s avg_lap=465.7s best_lap=454.7
t=10651.5 route=4 laps=24 crashes=1 avg_out=173.3s avg_ret=137.9s avg_lap=322.9s best_lap=303.8
t=10651.5 route=5 laps=25 crashes=0 avg_out=252.0s avg_ret=211.0s avg_lap=475.1s best_lap=462.6
t=10651.5 route=6 laps=24 crashes=1 avg_out=142.7s avg_ret=124.7s avg_lap=279.6s best_lap=271.2
t=10651.5 route=7 laps=25 crashes=0 avg_out=159.9s avg_ret=124.3s avg_lap=296.4s best_lap=290.3
t=10651.6 route=8 laps=25 crashes=0 avg_out=166.0s avg_ret=142.6s avg_lap=320.6s best_lap=311.2
t=10651.6 TOTAL laps=197 crashes=4
t=10651.6 TUNER gen=3 results=9/64 pending=8 active=8 remaining=55 next_trial=210 rounds=[3,2,2,2,2,2,2,2]
t=10651.9 LZ_REACHED craft=Aircraft_11_nav_r2_205 route=2 outbound=176.4s t=10651.9
t=10670.0 LZ_REACHED craft=Aircraft_11_nav_r8_206 route=8 outbound=164.5s t=10670.0
t=10681.5 ==== SUMMARY t=10681.5 ====
t=10681.5 route=1 laps=26 crashes=0 avg_out=145.5s avg_ret=134.5s avg_lap=292.0s best_lap=274.1
t=10681.5 route=2 laps=23 crashes=2 avg_out=177.5s avg_ret=202.5s avg_lap=392.0s best_lap=377.1
t=10681.6 route=3 laps=25 crashes=0 avg_out=212.9s avg_ret=240.7s avg_lap=465.7s best_lap=454.7
t=10681.6 route=4 laps=24 crashes=1 avg_out=173.3s avg_ret=137.9s avg_lap=322.9s best_lap=303.8
t=10681.6 route=5 laps=25 crashes=0 avg_out=252.0s avg_ret=211.0s avg_lap=475.1s best_lap=462.6
t=10681.6 route=6 laps=24 crashes=1 avg_out=142.7s avg_ret=124.7s avg_lap=279.6s best_lap=271.2
t=10681.6 route=7 laps=25 crashes=0 avg_out=159.9s avg_ret=124.3s avg_lap=296.4s best_lap=290.3
t=10681.6 route=8 laps=25 crashes=0 avg_out=165.9s avg_ret=142.6s avg_lap=320.6s best_lap=311.2
t=10681.6 TOTAL laps=197 crashes=4
t=10681.6 TUNER gen=3 results=9/64 pending=8 active=8 remaining=55 next_trial=210 rounds=[3,2,2,2,2,2,2,2]
t=10692.0 LAP_CAPTURE craft=Aircraft_11_nav_r6_203 route=6 return=126.1s lap=276.9s carrier_dist=200m t=10692.0
t=10692.4 LAP_CAPTURE craft=Aircraft_11_nav_r4_202 route=4 return=136.2s lap=322.5s carrier_dist=199m t=10692.4
t=10701.1 LAUNCH_BLOCKED reason=deck_busy active=7 stored=1 no_active_s=0.0 state=RETRIEVING_FROM_HANGAR tractor_cleanup=false elevator_transfer=false deck=Aircraft_11_nav_r4_210 pending=none clearance=none queue=0
t=10711.4 SPAWN craft=Aircraft_11_nav_r4_210 route=4 candidate=6 trial=210 t=10711.4
t=10711.6 ==== SUMMARY t=10711.6 ====
t=10711.6 route=1 laps=26 crashes=0 avg_out=145.5s avg_ret=134.5s avg_lap=292.0s best_lap=274.1
t=10711.6 route=2 laps=23 crashes=2 avg_out=177.5s avg_ret=202.5s avg_lap=392.0s best_lap=377.1
t=10711.6 route=3 laps=25 crashes=0 avg_out=212.9s avg_ret=240.7s avg_lap=465.7s best_lap=454.7
t=10711.6 route=4 laps=25 crashes=1 avg_out=173.3s avg_ret=137.8s avg_lap=322.9s best_lap=303.8
t=10711.6 route=5 laps=25 crashes=0 avg_out=252.0s avg_ret=211.0s avg_lap=475.1s best_lap=462.6
t=10711.6 route=6 laps=25 crashes=1 avg_out=142.7s avg_ret=124.8s avg_lap=279.5s best_lap=271.2
t=10711.6 route=7 laps=25 crashes=0 avg_out=159.9s avg_ret=124.3s avg_lap=296.4s best_lap=290.3
t=10711.6 route=8 laps=25 crashes=0 avg_out=165.9s avg_ret=142.6s avg_lap=320.6s best_lap=311.2
t=10711.6 TOTAL laps=199 crashes=4
t=10711.6 TUNER gen=3 results=11/64 pending=7 active=7 remaining=53 next_trial=211 rounds=[3,2,2,3,2,2,2,2]
t=10716.2 LAUNCH_BLOCKED reason=cleared_unready_nav_deck_aircraft active=7 stored=1 no_active_s=0.0 state=IDLE tractor_cleanup=false elevator_transfer=false deck=Aircraft_11_nav_r4_210 pending=none clearance=none queue=0
t=10731.4 SPAWN craft=Aircraft_11_nav_r6_211 route=6 candidate=8 trial=211 t=10731.4
t=10741.6 ==== SUMMARY t=10741.6 ====
t=10741.6 route=1 laps=26 crashes=0 avg_out=145.5s avg_ret=134.5s avg_lap=292.0s best_lap=274.1
t=10741.6 route=2 laps=23 crashes=2 avg_out=177.5s avg_ret=202.5s avg_lap=392.0s best_lap=377.1
t=10741.6 route=3 laps=25 crashes=0 avg_out=212.9s avg_ret=240.7s avg_lap=465.7s best_lap=454.7
t=10741.6 route=4 laps=25 crashes=1 avg_out=173.3s avg_ret=137.8s avg_lap=322.9s best_lap=303.8
t=10741.6 route=5 laps=25 crashes=0 avg_out=252.0s avg_ret=211.0s avg_lap=475.1s best_lap=462.6
t=10741.6 route=6 laps=25 crashes=1 avg_out=142.7s avg_ret=124.8s avg_lap=279.5s best_lap=271.2
t=10741.6 route=7 laps=25 crashes=0 avg_out=159.9s avg_ret=124.3s avg_lap=296.4s best_lap=290.3
t=10741.6 route=8 laps=25 crashes=0 avg_out=165.9s avg_ret=142.6s avg_lap=320.6s best_lap=311.2
t=10741.6 TOTAL laps=199 crashes=4
t=10741.6 TUNER gen=3 results=11/64 pending=8 active=8 remaining=53 next_trial=212 rounds=[3,2,2,3,2,3,2,2]
t=10745.1 LAP_CAPTURE craft=Aircraft_11_nav_r7_204 route=7 return=122.1s lap=289.8s carrier_dist=200m t=10745.1
t=10761.1 LZ_REACHED craft=Aircraft_11_nav_r3_207 route=3 outbound=205.4s t=10761.1
t=10761.6 SPAWN craft=Aircraft_11_nav_r7_212 route=7 candidate=1 trial=212 t=10761.6
t=10771.6 ==== SUMMARY t=10771.6 ====
t=10771.6 route=1 laps=26 crashes=0 avg_out=145.5s avg_ret=134.5s avg_lap=292.0s best_lap=274.1
t=10771.6 route=2 laps=23 crashes=2 avg_out=177.5s avg_ret=202.5s avg_lap=392.0s best_lap=377.1
t=10771.6 route=3 laps=25 crashes=0 avg_out=212.7s avg_ret=240.7s avg_lap=465.7s best_lap=454.7
t=10771.6 route=4 laps=25 crashes=1 avg_out=173.3s avg_ret=137.8s avg_lap=322.9s best_lap=303.8
t=10771.6 route=5 laps=25 crashes=0 avg_out=252.0s avg_ret=211.0s avg_lap=475.1s best_lap=462.6
t=10771.6 route=6 laps=25 crashes=1 avg_out=142.7s avg_ret=124.8s avg_lap=279.5s best_lap=271.2
t=10771.6 route=7 laps=26 crashes=0 avg_out=159.9s avg_ret=124.2s avg_lap=296.1s best_lap=289.8
t=10771.6 route=8 laps=25 crashes=0 avg_out=165.9s avg_ret=142.6s avg_lap=320.6s best_lap=311.2
t=10771.7 TOTAL laps=200 crashes=4
t=10771.7 TUNER gen=3 results=12/64 pending=8 active=8 remaining=52 next_trial=213 rounds=[3,2,2,3,2,3,3,2]
t=10783.9 LZ_REACHED craft=Aircraft_11_nav_r1_209 route=1 outbound=137.8s t=10783.9
t=10801.6 ==== SUMMARY t=10801.6 ====
t=10801.7 route=1 laps=26 crashes=0 avg_out=145.2s avg_ret=134.5s avg_lap=292.0s best_lap=274.1
t=10801.7 route=2 laps=23 crashes=2 avg_out=177.5s avg_ret=202.5s avg_lap=392.0s best_lap=377.1
t=10801.7 route=3 laps=25 crashes=0 avg_out=212.7s avg_ret=240.7s avg_lap=465.7s best_lap=454.7
t=10801.7 route=4 laps=25 crashes=1 avg_out=173.3s avg_ret=137.8s avg_lap=322.9s best_lap=303.8
t=10801.7 route=5 laps=25 crashes=0 avg_out=252.0s avg_ret=211.0s avg_lap=475.1s best_lap=462.6
t=10801.7 route=6 laps=25 crashes=1 avg_out=142.7s avg_ret=124.8s avg_lap=279.5s best_lap=271.2
t=10801.7 route=7 laps=26 crashes=0 avg_out=159.9s avg_ret=124.2s avg_lap=296.1s best_lap=289.8
t=10801.7 route=8 laps=25 crashes=0 avg_out=165.9s avg_ret=142.6s avg_lap=320.6s best_lap=311.2
t=10801.7 TOTAL laps=200 crashes=4
t=10801.7 TUNER gen=3 results=12/64 pending=8 active=8 remaining=52 next_trial=213 rounds=[3,2,2,3,2,3,3,2]
t=10827.1 LAP_CAPTURE craft=Aircraft_11_nav_r8_206 route=8 return=145.1s lap=321.6s carrier_dist=200m t=10827.1
t=10831.7 ==== SUMMARY t=10831.7 ====
t=10831.7 route=1 laps=26 crashes=0 avg_out=145.2s avg_ret=134.5s avg_lap=292.0s best_lap=274.1
t=10831.7 route=2 laps=23 crashes=2 avg_out=177.5s avg_ret=202.5s avg_lap=392.0s best_lap=377.1
t=10831.7 route=3 laps=25 crashes=0 avg_out=212.7s avg_ret=240.7s avg_lap=465.7s best_lap=454.7
t=10831.7 route=4 laps=25 crashes=1 avg_out=173.3s avg_ret=137.8s avg_lap=322.9s best_lap=303.8
t=10831.7 route=5 laps=25 crashes=0 avg_out=252.0s avg_ret=211.0s avg_lap=475.1s best_lap=462.6
t=10831.8 route=6 laps=25 crashes=1 avg_out=142.7s avg_ret=124.8s avg_lap=279.5s best_lap=271.2
t=10831.8 route=7 laps=26 crashes=0 avg_out=159.9s avg_ret=124.2s avg_lap=296.1s best_lap=289.8
t=10831.8 route=8 laps=26 crashes=0 avg_out=165.9s avg_ret=142.7s avg_lap=320.7s best_lap=311.2
t=10831.8 TOTAL laps=201 crashes=4
t=10831.8 TUNER gen=3 results=13/64 pending=7 active=7 remaining=51 next_trial=213 rounds=[3,2,2,3,2,3,3,2]
t=10846.8 SPAWN craft=Aircraft_11_nav_r8_213 route=8 candidate=2 trial=213 t=10846.8
t=10847.3 LZ_REACHED craft=Aircraft_11_nav_r5_208 route=5 outbound=246.3s t=10847.3
t=10861.8 ==== SUMMARY t=10861.8 ====
t=10861.8 route=1 laps=26 crashes=0 avg_out=145.2s avg_ret=134.5s avg_lap=292.0s best_lap=274.1
t=10861.8 route=2 laps=23 crashes=2 avg_out=177.5s avg_ret=202.5s avg_lap=392.0s best_lap=377.1
t=10861.8 route=3 laps=25 crashes=0 avg_out=212.7s avg_ret=240.7s avg_lap=465.7s best_lap=454.7
t=10861.8 route=4 laps=25 crashes=1 avg_out=173.3s avg_ret=137.8s avg_lap=322.9s best_lap=303.8
t=10861.8 route=5 laps=25 crashes=0 avg_out=251.8s avg_ret=211.0s avg_lap=475.1s best_lap=462.6
t=10861.8 route=6 laps=25 crashes=1 avg_out=142.7s avg_ret=124.8s avg_lap=279.5s best_lap=271.2
t=10861.8 route=7 laps=26 crashes=0 avg_out=159.9s avg_ret=124.2s avg_lap=296.1s best_lap=289.8
t=10861.8 route=8 laps=26 crashes=0 avg_out=165.9s avg_ret=142.7s avg_lap=320.7s best_lap=311.2
t=10861.8 TOTAL laps=201 crashes=4
t=10861.8 TUNER gen=3 results=13/64 pending=8 active=8 remaining=51 next_trial=214 rounds=[3,2,2,3,2,3,3,3]
t=10865.4 LAP_CAPTURE craft=Aircraft_11_nav_r2_205 route=2 return=201.5s lap=389.9s carrier_dist=200m t=10865.4
t=10870.6 LZ_REACHED craft=Aircraft_11_nav_r6_211 route=6 outbound=139.2s t=10870.6
t=10878.9 LZ_REACHED craft=Aircraft_11_nav_r4_210 route=4 outbound=167.6s t=10878.9
t=10882.0 SPAWN craft=Aircraft_11_nav_r2_214 route=2 candidate=4 trial=214 t=10882.0
t=10891.8 ==== SUMMARY t=10891.8 ====
t=10891.8 route=1 laps=26 crashes=0 avg_out=145.2s avg_ret=134.5s avg_lap=292.0s best_lap=274.1
t=10891.8 route=2 laps=24 crashes=2 avg_out=177.5s avg_ret=202.5s avg_lap=391.9s best_lap=377.1
t=10891.8 route=3 laps=25 crashes=0 avg_out=212.7s avg_ret=240.7s avg_lap=465.7s best_lap=454.7
t=10891.8 route=4 laps=25 crashes=1 avg_out=173.1s avg_ret=137.8s avg_lap=322.9s best_lap=303.8
t=10891.8 route=5 laps=25 crashes=0 avg_out=251.8s avg_ret=211.0s avg_lap=475.1s best_lap=462.6
t=10891.8 route=6 laps=25 crashes=1 avg_out=142.6s avg_ret=124.8s avg_lap=279.5s best_lap=271.2
t=10891.8 route=7 laps=26 crashes=0 avg_out=159.9s avg_ret=124.2s avg_lap=296.1s best_lap=289.8
t=10891.8 route=8 laps=26 crashes=0 avg_out=165.9s avg_ret=142.7s avg_lap=320.7s best_lap=311.2
t=10891.8 TOTAL laps=202 crashes=4
t=10891.8 TUNER gen=3 results=14/64 pending=8 active=8 remaining=50 next_trial=215 rounds=[3,3,2,3,2,3,3,3]
t=10917.3 LZ_REACHED craft=Aircraft_11_nav_r7_212 route=7 outbound=155.7s t=10917.3
t=10921.8 ==== SUMMARY t=10921.8 ====
t=10921.8 route=1 laps=26 crashes=0 avg_out=145.2s avg_ret=134.5s avg_lap=292.0s best_lap=274.1
t=10921.8 route=2 laps=24 crashes=2 avg_out=177.5s avg_ret=202.5s avg_lap=391.9s best_lap=377.1
t=10921.8 route=3 laps=25 crashes=0 avg_out=212.7s avg_ret=240.7s avg_lap=465.7s best_lap=454.7
t=10921.8 route=4 laps=25 crashes=1 avg_out=173.1s avg_ret=137.8s avg_lap=322.9s best_lap=303.8
t=10921.9 route=5 laps=25 crashes=0 avg_out=251.8s avg_ret=211.0s avg_lap=475.1s best_lap=462.6
t=10921.9 route=6 laps=25 crashes=1 avg_out=142.6s avg_ret=124.8s avg_lap=279.5s best_lap=271.2
t=10921.9 route=7 laps=26 crashes=0 avg_out=159.8s avg_ret=124.2s avg_lap=296.1s best_lap=289.8
t=10921.9 route=8 laps=26 crashes=0 avg_out=165.9s avg_ret=142.7s avg_lap=320.7s best_lap=311.2
t=10921.9 TOTAL laps=202 crashes=4
t=10921.9 TUNER gen=3 results=14/64 pending=8 active=8 remaining=50 next_trial=215 rounds=[3,3,2,3,2,3,3,3]
t=10932.3 LAP_CAPTURE craft=Aircraft_11_nav_r1_209 route=1 return=136.4s lap=286.2s carrier_dist=200m t=10932.3
t=10951.9 ==== SUMMARY t=10951.9 ====
t=10951.9 route=1 laps=27 crashes=0 avg_out=145.2s avg_ret=134.6s avg_lap=291.8s best_lap=274.1
t=10951.9 route=2 laps=24 crashes=2 avg_out=177.5s avg_ret=202.5s avg_lap=391.9s best_lap=377.1
t=10951.9 route=3 laps=25 crashes=0 avg_out=212.7s avg_ret=240.7s avg_lap=465.7s best_lap=454.7
t=10951.9 route=4 laps=25 crashes=1 avg_out=173.1s avg_ret=137.8s avg_lap=322.9s best_lap=303.8
t=10951.9 route=5 laps=25 crashes=0 avg_out=251.8s avg_ret=211.0s avg_lap=475.1s best_lap=462.6
t=10951.9 route=6 laps=25 crashes=1 avg_out=142.6s avg_ret=124.8s avg_lap=279.5s best_lap=271.2
t=10951.9 route=7 laps=26 crashes=0 avg_out=159.8s avg_ret=124.2s avg_lap=296.1s best_lap=289.8
t=10951.9 route=8 laps=26 crashes=0 avg_out=165.9s avg_ret=142.7s avg_lap=320.7s best_lap=311.2
t=10951.9 TOTAL laps=203 crashes=4
t=10951.9 TUNER gen=3 results=15/64 pending=8 active=8 remaining=49 next_trial=216 rounds=[4,3,2,3,2,3,3,3]
t=10952.3 SPAWN craft=Aircraft_11_nav_r1_215 route=1 candidate=4 trial=215 t=10952.3
t=10981.9 ==== SUMMARY t=10981.9 ====
t=10981.9 route=1 laps=27 crashes=0 avg_out=145.2s avg_ret=134.6s avg_lap=291.8s best_lap=274.1
t=10981.9 route=2 laps=24 crashes=2 avg_out=177.5s avg_ret=202.5s avg_lap=391.9s best_lap=377.1
t=10981.9 route=3 laps=25 crashes=0 avg_out=212.7s avg_ret=240.7s avg_lap=465.7s best_lap=454.7
t=10981.9 route=4 laps=25 crashes=1 avg_out=173.1s avg_ret=137.8s avg_lap=322.9s best_lap=303.8
t=10981.9 route=5 laps=25 crashes=0 avg_out=251.8s avg_ret=211.0s avg_lap=475.1s best_lap=462.6
t=10981.9 route=6 laps=25 crashes=1 avg_out=142.6s avg_ret=124.8s avg_lap=279.5s best_lap=271.2
t=10981.9 route=7 laps=26 crashes=0 avg_out=159.8s avg_ret=124.2s avg_lap=296.1s best_lap=289.8
t=10981.9 route=8 laps=26 crashes=0 avg_out=165.9s avg_ret=142.7s avg_lap=320.7s best_lap=311.2
t=10981.9 TOTAL laps=203 crashes=4
t=10981.9 TUNER gen=3 results=15/64 pending=8 active=8 remaining=49 next_trial=216 rounds=[4,3,2,3,2,3,3,3]
t=11006.2 LAP_CAPTURE craft=Aircraft_11_nav_r6_211 route=6 return=123.6s lap=274.8s carrier_dist=200m t=11006.2
t=11011.8 LZ_REACHED craft=Aircraft_11_nav_r8_213 route=8 outbound=165.0s t=11011.8
t=11011.9 ==== SUMMARY t=11011.9 ====
t=11011.9 route=1 laps=27 crashes=0 avg_out=145.2s avg_ret=134.6s avg_lap=291.8s best_lap=274.1
t=11011.9 route=2 laps=24 crashes=2 avg_out=177.5s avg_ret=202.5s avg_lap=391.9s best_lap=377.1
t=11011.9 route=3 laps=25 crashes=0 avg_out=212.7s avg_ret=240.7s avg_lap=465.7s best_lap=454.7
t=11011.9 route=4 laps=25 crashes=1 avg_out=173.1s avg_ret=137.8s avg_lap=322.9s best_lap=303.8
t=11011.9 route=5 laps=25 crashes=0 avg_out=251.8s avg_ret=211.0s avg_lap=475.1s best_lap=462.6
t=11011.9 route=6 laps=26 crashes=1 avg_out=142.6s avg_ret=124.7s avg_lap=279.3s best_lap=271.2
t=11011.9 route=7 laps=26 crashes=0 avg_out=159.8s avg_ret=124.2s avg_lap=296.1s best_lap=289.8
t=11011.9 route=8 laps=26 crashes=0 avg_out=165.9s avg_ret=142.7s avg_lap=320.7s best_lap=311.2
t=11011.9 TOTAL laps=204 crashes=4
t=11011.9 TUNER gen=3 results=16/64 pending=7 active=7 remaining=48 next_trial=216 rounds=[4,3,2,3,2,3,3,3]
t=11013.1 LAP_CAPTURE craft=Aircraft_11_nav_r3_207 route=3 return=240.0s lap=457.4s carrier_dist=200m t=11013.1
t=11022.3 LAUNCH_BLOCKED reason=deck_busy active=7 stored=1 no_active_s=0.0 state=AIRCRAFT_ON_DECK tractor_cleanup=false elevator_transfer=false deck=Aircraft_11_nav_r6_216 pending=none clearance=none queue=0
t=11022.6 SPAWN craft=Aircraft_11_nav_r6_216 route=6 candidate=1 trial=216 t=11022.6
t=11026.5 LAP_CAPTURE craft=Aircraft_11_nav_r4_210 route=4 return=135.6s lap=315.2s carrier_dist=200m t=11026.5
t=11037.5 LAUNCH_BLOCKED reason=deck_busy active=7 stored=1 no_active_s=0.0 state=AIRCRAFT_ON_DECK tractor_cleanup=false elevator_transfer=true deck=Aircraft_11_nav_r3_217 pending=none clearance=none queue=0
t=11041.9 ==== SUMMARY t=11041.9 ====
t=11042.0 route=1 laps=27 crashes=0 avg_out=145.2s avg_ret=134.6s avg_lap=291.8s best_lap=274.1
t=11042.0 route=2 laps=24 crashes=2 avg_out=177.5s avg_ret=202.5s avg_lap=391.9s best_lap=377.1
t=11042.0 route=3 laps=26 crashes=0 avg_out=212.7s avg_ret=240.7s avg_lap=465.4s best_lap=454.7
t=11042.0 route=4 laps=26 crashes=1 avg_out=173.1s avg_ret=137.7s avg_lap=322.6s best_lap=303.8
t=11042.0 route=5 laps=25 crashes=0 avg_out=251.8s avg_ret=211.0s avg_lap=475.1s best_lap=462.6
t=11042.0 route=6 laps=26 crashes=1 avg_out=142.6s avg_ret=124.7s avg_lap=279.3s best_lap=271.2
t=11042.0 route=7 laps=26 crashes=0 avg_out=159.8s avg_ret=124.2s avg_lap=296.1s best_lap=289.8
t=11042.0 route=8 laps=26 crashes=0 avg_out=165.9s avg_ret=142.7s avg_lap=320.7s best_lap=311.2
t=11042.0 TOTAL laps=206 crashes=4
t=11042.0 TUNER gen=3 results=18/64 pending=7 active=7 remaining=46 next_trial=218 rounds=[4,3,3,3,2,4,3,3]
t=11042.6 SPAWN craft=Aircraft_11_nav_r3_217 route=3 candidate=5 trial=217 t=11042.6
t=11052.0 LAP_CAPTURE craft=Aircraft_11_nav_r7_212 route=7 return=122.7s lap=290.5s carrier_dist=200m t=11052.0
t=11057.5 LAUNCH_BLOCKED reason=deck_busy active=7 stored=1 no_active_s=0.0 state=AIRCRAFT_ON_DECK tractor_cleanup=false elevator_transfer=true deck=Aircraft_11_nav_r4_218 pending=none clearance=none queue=0
t=11058.6 LZ_REACHED craft=Aircraft_11_nav_r2_214 route=2 outbound=176.6s t=11058.6
t=11062.8 SPAWN craft=Aircraft_11_nav_r4_218 route=4 candidate=7 trial=218 t=11062.8
t=11064.8 LAP_CAPTURE craft=Aircraft_11_nav_r5_208 route=5 return=205.5s lap=463.8s carrier_dist=200m t=11064.8
t=11072.0 ==== SUMMARY t=11072.0 ====
t=11072.0 route=1 laps=27 crashes=0 avg_out=145.2s avg_ret=134.6s avg_lap=291.8s best_lap=274.1
t=11072.0 route=2 laps=24 crashes=2 avg_out=177.4s avg_ret=202.5s avg_lap=391.9s best_lap=377.1
t=11072.0 route=3 laps=26 crashes=0 avg_out=212.7s avg_ret=240.7s avg_lap=465.4s best_lap=454.7
t=11072.0 route=4 laps=26 crashes=1 avg_out=173.1s avg_ret=137.7s avg_lap=322.6s best_lap=303.8
t=11072.0 route=5 laps=26 crashes=0 avg_out=251.8s avg_ret=210.8s avg_lap=474.6s best_lap=462.6
t=11072.0 route=6 laps=26 crashes=1 avg_out=142.6s avg_ret=124.7s avg_lap=279.3s best_lap=271.2
t=11072.0 route=7 laps=27 crashes=0 avg_out=159.8s avg_ret=124.1s avg_lap=295.9s best_lap=289.8
t=11072.0 route=8 laps=26 crashes=0 avg_out=165.9s avg_ret=142.7s avg_lap=320.7s best_lap=311.2
t=11072.0 TOTAL laps=208 crashes=4
t=11072.0 TUNER gen=3 results=20/64 pending=6 active=6 remaining=44 next_trial=219 rounds=[4,3,3,4,2,4,3,3]
t=11072.5 LAUNCH_BLOCKED reason=deck_busy active=7 stored=1 no_active_s=0.0 state=RETRIEVING_FROM_HANGAR tractor_cleanup=false elevator_transfer=false deck=Aircraft_11_nav_r7_219 pending=none clearance=none queue=0
t=11082.8 SPAWN craft=Aircraft_11_nav_r7_219 route=7 candidate=2 trial=219 t=11082.8
t=11087.6 LAUNCH_BLOCKED reason=cleared_unready_nav_deck_aircraft active=7 stored=1 no_active_s=0.0 state=IDLE tractor_cleanup=false elevator_transfer=false deck=Aircraft_11_nav_r7_219 pending=none clearance=none queue=0
t=11094.6 LZ_REACHED craft=Aircraft_11_nav_r1_215 route=1 outbound=142.3s t=11094.6
t=11102.0 ==== SUMMARY t=11102.0 ====
t=11102.1 route=1 laps=27 crashes=0 avg_out=145.1s avg_ret=134.6s avg_lap=291.8s best_lap=274.1
t=11102.1 route=2 laps=24 crashes=2 avg_out=177.4s avg_ret=202.5s avg_lap=391.9s best_lap=377.1
t=11102.1 route=3 laps=26 crashes=0 avg_out=212.7s avg_ret=240.7s avg_lap=465.4s best_lap=454.7
t=11102.1 route=4 laps=26 crashes=1 avg_out=173.1s avg_ret=137.7s avg_lap=322.6s best_lap=303.8
t=11102.1 route=5 laps=26 crashes=0 avg_out=251.8s avg_ret=210.8s avg_lap=474.6s best_lap=462.6
t=11102.1 route=6 laps=26 crashes=1 avg_out=142.6s avg_ret=124.7s avg_lap=279.3s best_lap=271.2
t=11102.1 route=7 laps=27 crashes=0 avg_out=159.8s avg_ret=124.1s avg_lap=295.9s best_lap=289.8
t=11102.1 route=8 laps=26 crashes=0 avg_out=165.9s avg_ret=142.7s avg_lap=320.7s best_lap=311.2
t=11102.1 TOTAL laps=208 crashes=4
t=11102.1 TUNER gen=3 results=20/64 pending=8 active=8 remaining=44 next_trial=221 rounds=[4,3,3,4,3,4,4,3]
t=11102.9 SPAWN craft=Aircraft_11_nav_r5_220 route=5 candidate=7 trial=220 t=11102.9
t=11132.0 ==== SUMMARY t=11132.0 ====
t=11132.1 route=1 laps=27 crashes=0 avg_out=145.1s avg_ret=134.6s avg_lap=291.8s best_lap=274.1
t=11132.1 route=2 laps=24 crashes=2 avg_out=177.4s avg_ret=202.5s avg_lap=391.9s best_lap=377.1
t=11132.1 route=3 laps=26 crashes=0 avg_out=212.7s avg_ret=240.7s avg_lap=465.4s best_lap=454.7
t=11132.1 route=4 laps=26 crashes=1 avg_out=173.1s avg_ret=137.7s avg_lap=322.6s best_lap=303.8
t=11132.1 route=5 laps=26 crashes=0 avg_out=251.8s avg_ret=210.8s avg_lap=474.6s best_lap=462.6
t=11132.1 route=6 laps=26 crashes=1 avg_out=142.6s avg_ret=124.7s avg_lap=279.3s best_lap=271.2
t=11132.1 route=7 laps=27 crashes=0 avg_out=159.8s avg_ret=124.1s avg_lap=295.9s best_lap=289.8
t=11132.1 route=8 laps=26 crashes=0 avg_out=165.9s avg_ret=142.7s avg_lap=320.7s best_lap=311.2
t=11132.1 TOTAL laps=208 crashes=4
t=11132.1 TUNER gen=3 results=20/64 pending=8 active=8 remaining=44 next_trial=221 rounds=[4,3,3,4,3,4,4,3]
t=11161.1 LZ_REACHED craft=Aircraft_11_nav_r6_216 route=6 outbound=138.5s t=11161.1
t=11162.1 ==== SUMMARY t=11162.1 ====
t=11162.1 route=1 laps=27 crashes=0 avg_out=145.1s avg_ret=134.6s avg_lap=291.8s best_lap=274.1
t=11162.1 route=2 laps=24 crashes=2 avg_out=177.4s avg_ret=202.5s avg_lap=391.9s best_lap=377.1
t=11162.1 route=3 laps=26 crashes=0 avg_out=212.7s avg_ret=240.7s avg_lap=465.4s best_lap=454.7
t=11162.1 route=4 laps=26 crashes=1 avg_out=173.1s avg_ret=137.7s avg_lap=322.6s best_lap=303.8
t=11162.1 route=5 laps=26 crashes=0 avg_out=251.8s avg_ret=210.8s avg_lap=474.6s best_lap=462.6
t=11162.1 route=6 laps=26 crashes=1 avg_out=142.5s avg_ret=124.7s avg_lap=279.3s best_lap=271.2
t=11162.1 route=7 laps=27 crashes=0 avg_out=159.8s avg_ret=124.1s avg_lap=295.9s best_lap=289.8
t=11162.1 route=8 laps=26 crashes=0 avg_out=165.9s avg_ret=142.7s avg_lap=320.7s best_lap=311.2
t=11162.1 TOTAL laps=208 crashes=4
t=11162.1 TUNER gen=3 results=20/64 pending=8 active=8 remaining=44 next_trial=221 rounds=[4,3,3,4,3,4,4,3]
t=11168.7 LAP_CAPTURE craft=Aircraft_11_nav_r8_213 route=8 return=144.9s lap=321.9s carrier_dist=200m t=11168.7
t=11188.2 SPAWN craft=Aircraft_11_nav_r8_221 route=8 candidate=3 trial=221 t=11188.2
t=11192.1 ==== SUMMARY t=11192.1 ====
t=11192.1 route=1 laps=27 crashes=0 avg_out=145.1s avg_ret=134.6s avg_lap=291.8s best_lap=274.1
t=11192.1 route=2 laps=24 crashes=2 avg_out=177.4s avg_ret=202.5s avg_lap=391.9s best_lap=377.1
t=11192.1 route=3 laps=26 crashes=0 avg_out=212.7s avg_ret=240.7s avg_lap=465.4s best_lap=454.7
t=11192.1 route=4 laps=26 crashes=1 avg_out=173.1s avg_ret=137.7s avg_lap=322.6s best_lap=303.8
t=11192.1 route=5 laps=26 crashes=0 avg_out=251.8s avg_ret=210.8s avg_lap=474.6s best_lap=462.6
t=11192.1 route=6 laps=26 crashes=1 avg_out=142.5s avg_ret=124.7s avg_lap=279.3s best_lap=271.2
t=11192.1 route=7 laps=27 crashes=0 avg_out=159.8s avg_ret=124.1s avg_lap=295.9s best_lap=289.8
t=11192.1 route=8 laps=27 crashes=0 avg_out=165.9s avg_ret=142.8s avg_lap=320.7s best_lap=311.2
t=11192.1 TOTAL laps=209 crashes=4
t=11192.1 TUNER gen=3 results=21/64 pending=8 active=8 remaining=43 next_trial=222 rounds=[4,3,3,4,3,4,4,4]
t=11222.1 ==== SUMMARY t=11222.1 ====
t=11222.1 route=1 laps=27 crashes=0 avg_out=145.1s avg_ret=134.6s avg_lap=291.8s best_lap=274.1
t=11222.1 route=2 laps=24 crashes=2 avg_out=177.4s avg_ret=202.5s avg_lap=391.9s best_lap=377.1
t=11222.1 route=3 laps=26 crashes=0 avg_out=212.7s avg_ret=240.7s avg_lap=465.4s best_lap=454.7
t=11222.1 route=4 laps=26 crashes=1 avg_out=173.1s avg_ret=137.7s avg_lap=322.6s best_lap=303.8
t=11222.1 route=5 laps=26 crashes=0 avg_out=251.8s avg_ret=210.8s avg_lap=474.6s best_lap=462.6
t=11222.1 route=6 laps=26 crashes=1 avg_out=142.5s avg_ret=124.7s avg_lap=279.3s best_lap=271.2
t=11222.1 route=7 laps=27 crashes=0 avg_out=159.8s avg_ret=124.1s avg_lap=295.9s best_lap=289.8
t=11222.2 route=8 laps=27 crashes=0 avg_out=165.9s avg_ret=142.8s avg_lap=320.7s best_lap=311.2
t=11222.2 TOTAL laps=209 crashes=4
t=11222.2 TUNER gen=3 results=21/64 pending=8 active=8 remaining=43 next_trial=222 rounds=[4,3,3,4,3,4,4,4]
t=11238.3 LZ_REACHED craft=Aircraft_11_nav_r4_218 route=4 outbound=175.6s t=11238.3
t=11239.5 LZ_REACHED craft=Aircraft_11_nav_r7_219 route=7 outbound=156.7s t=11239.5
t=11241.6 LAP_CAPTURE craft=Aircraft_11_nav_r1_215 route=1 return=134.9s lap=289.2s carrier_dist=200m t=11241.6
t=11252.1 ==== SUMMARY t=11252.1 ====
t=11252.1 route=1 laps=28 crashes=0 avg_out=145.1s avg_ret=134.6s avg_lap=291.7s best_lap=274.1
t=11252.2 route=2 laps=24 crashes=2 avg_out=177.4s avg_ret=202.5s avg_lap=391.9s best_lap=377.1
t=11252.2 route=3 laps=26 crashes=0 avg_out=212.7s avg_ret=240.7s avg_lap=465.4s best_lap=454.7
t=11252.2 route=4 laps=26 crashes=1 avg_out=173.2s avg_ret=137.7s avg_lap=322.6s best_lap=303.8
t=11252.2 route=5 laps=26 crashes=0 avg_out=251.8s avg_ret=210.8s avg_lap=474.6s best_lap=462.6
t=11252.2 route=6 laps=26 crashes=1 avg_out=142.5s avg_ret=124.7s avg_lap=279.3s best_lap=271.2
t=11252.2 route=7 laps=27 crashes=0 avg_out=159.6s avg_ret=124.1s avg_lap=295.9s best_lap=289.8
t=11252.2 route=8 laps=27 crashes=0 avg_out=165.9s avg_ret=142.8s avg_lap=320.7s best_lap=311.2
t=11252.2 TOTAL laps=210 crashes=4
t=11252.2 TUNER gen=3 results=22/64 pending=8 active=8 remaining=42 next_trial=223 rounds=[5,3,3,4,3,4,4,4]
t=11254.3 LZ_REACHED craft=Aircraft_11_nav_r3_217 route=3 outbound=211.7s t=11254.3
t=11258.5 SPAWN craft=Aircraft_11_nav_r1_222 route=1 candidate=5 trial=222 t=11258.5
t=11263.3 LAP_CAPTURE craft=Aircraft_11_nav_r2_214 route=2 return=192.7s lap=381.3s carrier_dist=200m t=11263.3
t=11282.3 ==== SUMMARY t=11282.3 ====
t=11282.3 route=1 laps=28 crashes=0 avg_out=145.1s avg_ret=134.6s avg_lap=291.7s best_lap=274.1
t=11282.3 route=2 laps=25 crashes=2 avg_out=177.4s avg_ret=202.1s avg_lap=391.5s best_lap=377.1
t=11282.3 route=3 laps=26 crashes=0 avg_out=212.6s avg_ret=240.7s avg_lap=465.4s best_lap=454.7
t=11282.3 route=4 laps=26 crashes=1 avg_out=173.2s avg_ret=137.7s avg_lap=322.6s best_lap=303.8
t=11282.3 route=5 laps=26 crashes=0 avg_out=251.8s avg_ret=210.8s avg_lap=474.6s best_lap=462.6
t=11282.3 route=6 laps=26 crashes=1 avg_out=142.5s avg_ret=124.7s avg_lap=279.3s best_lap=271.2
t=11282.3 route=7 laps=27 crashes=0 avg_out=159.6s avg_ret=124.1s avg_lap=295.9s best_lap=289.8
t=11282.3 route=8 laps=27 crashes=0 avg_out=165.9s avg_ret=142.8s avg_lap=320.7s best_lap=311.2
t=11282.3 TOTAL laps=211 crashes=4
t=11282.3 TUNER gen=3 results=23/64 pending=8 active=8 remaining=41 next_trial=224 rounds=[5,4,3,4,3,4,4,4]
t=11283.6 SPAWN craft=Aircraft_11_nav_r2_223 route=2 candidate=5 trial=223 t=11283.6
t=11296.0 LAP_CAPTURE craft=Aircraft_11_nav_r6_216 route=6 return=122.9s lap=273.5s carrier_dist=200m t=11296.0
t=11312.3 ==== SUMMARY t=11312.3 ====
t=11312.3 route=1 laps=28 crashes=0 avg_out=145.1s avg_ret=134.6s avg_lap=291.7s best_lap=274.1
t=11312.3 route=2 laps=25 crashes=2 avg_out=177.4s avg_ret=202.1s avg_lap=391.5s best_lap=377.1
t=11312.3 route=3 laps=26 crashes=0 avg_out=212.6s avg_ret=240.7s avg_lap=465.4s best_lap=454.7
t=11312.3 route=4 laps=26 crashes=1 avg_out=173.2s avg_ret=137.7s avg_lap=322.6s best_lap=303.8
t=11312.3 route=5 laps=26 crashes=0 avg_out=251.8s avg_ret=210.8s avg_lap=474.6s best_lap=462.6
t=11312.3 route=6 laps=27 crashes=1 avg_out=142.5s avg_ret=124.7s avg_lap=279.1s best_lap=271.2
t=11312.3 route=7 laps=27 crashes=0 avg_out=159.6s avg_ret=124.1s avg_lap=295.9s best_lap=289.8
t=11312.3 route=8 laps=27 crashes=0 avg_out=165.9s avg_ret=142.8s avg_lap=320.7s best_lap=311.2
t=11312.3 TOTAL laps=212 crashes=4
t=11312.3 TUNER gen=3 results=24/64 pending=8 active=8 remaining=40 next_trial=225 rounds=[5,4,3,4,3,5,4,4]
t=11313.7 SPAWN craft=Aircraft_11_nav_r6_224 route=6 candidate=2 trial=224 t=11313.7
t=11342.3 ==== SUMMARY t=11342.3 ====
t=11342.3 route=1 laps=28 crashes=0 avg_out=145.1s avg_ret=134.6s avg_lap=291.7s best_lap=274.1
t=11342.3 route=2 laps=25 crashes=2 avg_out=177.4s avg_ret=202.1s avg_lap=391.5s best_lap=377.1
t=11342.3 route=3 laps=26 crashes=0 avg_out=212.6s avg_ret=240.7s avg_lap=465.4s best_lap=454.7
t=11342.3 route=4 laps=26 crashes=1 avg_out=173.2s avg_ret=137.7s avg_lap=322.6s best_lap=303.8
t=11342.3 route=5 laps=26 crashes=0 avg_out=251.8s avg_ret=210.8s avg_lap=474.6s best_lap=462.6
t=11342.3 route=6 laps=27 crashes=1 avg_out=142.5s avg_ret=124.7s avg_lap=279.1s best_lap=271.2
t=11342.3 route=7 laps=27 crashes=0 avg_out=159.6s avg_ret=124.1s avg_lap=295.9s best_lap=289.8
t=11342.3 route=8 laps=27 crashes=0 avg_out=165.9s avg_ret=142.8s avg_lap=320.7s best_lap=311.2
t=11342.4 TOTAL laps=212 crashes=4
t=11342.4 TUNER gen=3 results=24/64 pending=8 active=8 remaining=40 next_trial=225 rounds=[5,4,3,4,3,5,4,4]
t=11351.4 LZ_REACHED craft=Aircraft_11_nav_r8_221 route=8 outbound=163.2s t=11351.4
t=11353.8 LZ_REACHED craft=Aircraft_11_nav_r5_220 route=5 outbound=250.9s t=11353.8
t=11372.3 ==== SUMMARY t=11372.3 ====
t=11372.4 route=1 laps=28 crashes=0 avg_out=145.1s avg_ret=134.6s avg_lap=291.7s best_lap=274.1
t=11372.4 route=2 laps=25 crashes=2 avg_out=177.4s avg_ret=202.1s avg_lap=391.5s best_lap=377.1
t=11372.4 route=3 laps=26 crashes=0 avg_out=212.6s avg_ret=240.7s avg_lap=465.4s best_lap=454.7
t=11372.4 route=4 laps=26 crashes=1 avg_out=173.2s avg_ret=137.7s avg_lap=322.6s best_lap=303.8
t=11372.4 route=5 laps=26 crashes=0 avg_out=251.8s avg_ret=210.8s avg_lap=474.6s best_lap=462.6
t=11372.4 route=6 laps=27 crashes=1 avg_out=142.5s avg_ret=124.7s avg_lap=279.1s best_lap=271.2
t=11372.4 route=7 laps=27 crashes=0 avg_out=159.6s avg_ret=124.1s avg_lap=295.9s best_lap=289.8
t=11372.4 route=8 laps=27 crashes=0 avg_out=165.8s avg_ret=142.8s avg_lap=320.7s best_lap=311.2
t=11372.4 TOTAL laps=212 crashes=4
t=11372.4 TUNER gen=3 results=24/64 pending=8 active=8 remaining=40 next_trial=225 rounds=[5,4,3,4,3,5,4,4]
t=11374.9 LAP_CAPTURE craft=Aircraft_11_nav_r7_219 route=7 return=123.3s lap=292.1s carrier_dist=200m t=11374.9
t=11385.6 LAP_CAPTURE craft=Aircraft_11_nav_r4_218 route=4 return=135.3s lap=322.8s carrier_dist=200m t=11385.6
t=11393.8 LAUNCH_BLOCKED reason=deck_busy active=7 stored=1 no_active_s=0.0 state=AIRCRAFT_ON_DECK tractor_cleanup=false elevator_transfer=false deck=Aircraft_11_nav_r7_225 pending=none clearance=none queue=0
t=11394.1 SPAWN craft=Aircraft_11_nav_r7_225 route=7 candidate=3 trial=225 t=11394.1
t=11402.0 LZ_REACHED craft=Aircraft_11_nav_r1_222 route=1 outbound=143.5s t=11402.0
t=11402.4 ==== SUMMARY t=11402.4 ====
t=11402.4 route=1 laps=28 crashes=0 avg_out=145.0s avg_ret=134.6s avg_lap=291.7s best_lap=274.1
t=11402.4 route=2 laps=25 crashes=2 avg_out=177.4s avg_ret=202.1s avg_lap=391.5s best_lap=377.1
t=11402.4 route=3 laps=26 crashes=0 avg_out=212.6s avg_ret=240.7s avg_lap=465.4s best_lap=454.7
t=11402.4 route=4 laps=27 crashes=1 avg_out=173.2s avg_ret=137.6s avg_lap=322.6s best_lap=303.8
t=11402.4 route=5 laps=26 crashes=0 avg_out=251.8s avg_ret=210.8s avg_lap=474.6s best_lap=462.6
t=11402.4 route=6 laps=27 crashes=1 avg_out=142.5s avg_ret=124.7s avg_lap=279.1s best_lap=271.2
t=11402.4 route=7 laps=28 crashes=0 avg_out=159.6s avg_ret=124.1s avg_lap=295.8s best_lap=289.8
t=11402.4 route=8 laps=27 crashes=0 avg_out=165.8s avg_ret=142.8s avg_lap=320.7s best_lap=311.2
t=11402.4 TOTAL laps=214 crashes=4
t=11402.4 TUNER gen=3 results=26/64 pending=7 active=7 remaining=38 next_trial=226 rounds=[5,4,3,4,3,5,5,4]
t=11414.1 SPAWN craft=Aircraft_11_nav_r4_226 route=4 candidate=8 trial=226 t=11414.1
t=11432.4 ==== SUMMARY t=11432.4 ====
t=11432.4 route=1 laps=28 crashes=0 avg_out=145.0s avg_ret=134.6s avg_lap=291.7s best_lap=274.1
t=11432.5 route=2 laps=25 crashes=2 avg_out=177.4s avg_ret=202.1s avg_lap=391.5s best_lap=377.1
t=11432.5 route=3 laps=26 crashes=0 avg_out=212.6s avg_ret=240.7s avg_lap=465.4s best_lap=454.7
t=11432.5 route=4 laps=27 crashes=1 avg_out=173.2s avg_ret=137.6s avg_lap=322.6s best_lap=303.8
t=11432.5 route=5 laps=26 crashes=0 avg_out=251.8s avg_ret=210.8s avg_lap=474.6s best_lap=462.6
t=11432.5 route=6 laps=27 crashes=1 avg_out=142.5s avg_ret=124.7s avg_lap=279.1s best_lap=271.2
t=11432.5 route=7 laps=28 crashes=0 avg_out=159.6s avg_ret=124.1s avg_lap=295.8s best_lap=289.8
t=11432.5 route=8 laps=27 crashes=0 avg_out=165.8s avg_ret=142.8s avg_lap=320.7s best_lap=311.2
t=11432.5 TOTAL laps=214 crashes=4
t=11432.5 TUNER gen=3 results=26/64 pending=8 active=8 remaining=38 next_trial=227 rounds=[5,4,3,5,3,5,5,4]
t=11451.1 LZ_REACHED craft=Aircraft_11_nav_r6_224 route=6 outbound=137.4s t=11451.1
t=11461.8 LZ_REACHED craft=Aircraft_11_nav_r2_223 route=2 outbound=178.1s t=11461.8
t=11462.4 ==== SUMMARY t=11462.4 ====
t=11462.4 route=1 laps=28 crashes=0 avg_out=145.0s avg_ret=134.6s avg_lap=291.7s best_lap=274.1
t=11462.4 route=2 laps=25 crashes=2 avg_out=177.4s avg_ret=202.1s avg_lap=391.5s best_lap=377.1
t=11462.4 route=3 laps=26 crashes=0 avg_out=212.6s avg_ret=240.7s avg_lap=465.4s best_lap=454.7
t=11462.4 route=4 laps=27 crashes=1 avg_out=173.2s avg_ret=137.6s avg_lap=322.6s best_lap=303.8
t=11462.5 route=5 laps=26 crashes=0 avg_out=251.8s avg_ret=210.8s avg_lap=474.6s best_lap=462.6
t=11462.5 route=6 laps=27 crashes=1 avg_out=142.3s avg_ret=124.7s avg_lap=279.1s best_lap=271.2
t=11462.5 route=7 laps=28 crashes=0 avg_out=159.6s avg_ret=124.1s avg_lap=295.8s best_lap=289.8
t=11462.5 route=8 laps=27 crashes=0 avg_out=165.8s avg_ret=142.8s avg_lap=320.7s best_lap=311.2
t=11462.5 TOTAL laps=214 crashes=4
t=11462.5 TUNER gen=3 results=26/64 pending=8 active=8 remaining=38 next_trial=227 rounds=[5,4,3,5,3,5,5,4]
t=11492.5 ==== SUMMARY t=11492.5 ====
t=11492.5 route=1 laps=28 crashes=0 avg_out=145.0s avg_ret=134.6s avg_lap=291.7s best_lap=274.1
t=11492.5 route=2 laps=25 crashes=2 avg_out=177.4s avg_ret=202.1s avg_lap=391.5s best_lap=377.1
t=11492.5 route=3 laps=26 crashes=0 avg_out=212.6s avg_ret=240.7s avg_lap=465.4s best_lap=454.7
t=11492.5 route=4 laps=27 crashes=1 avg_out=173.2s avg_ret=137.6s avg_lap=322.6s best_lap=303.8
t=11492.5 route=5 laps=26 crashes=0 avg_out=251.8s avg_ret=210.8s avg_lap=474.6s best_lap=462.6
t=11492.5 route=6 laps=27 crashes=1 avg_out=142.3s avg_ret=124.7s avg_lap=279.1s best_lap=271.2
t=11492.5 route=7 laps=28 crashes=0 avg_out=159.6s avg_ret=124.1s avg_lap=295.8s best_lap=289.8
t=11492.5 route=8 laps=27 crashes=0 avg_out=165.8s avg_ret=142.8s avg_lap=320.7s best_lap=311.2
t=11492.5 TOTAL laps=214 crashes=4
t=11492.5 TUNER gen=3 results=26/64 pending=8 active=8 remaining=38 next_trial=227 rounds=[5,4,3,5,3,5,5,4]
t=11505.3 LAP_CAPTURE craft=Aircraft_11_nav_r3_217 route=3 return=238.9s lap=462.6s carrier_dist=200m t=11505.3
t=11507.9 LAP_CAPTURE craft=Aircraft_11_nav_r8_221 route=8 return=144.6s lap=319.7s carrier_dist=200m t=11507.9
t=11514.3 LAUNCH_BLOCKED reason=deck_busy active=7 stored=1 no_active_s=0.0 state=RETRIEVING_FROM_HANGAR tractor_cleanup=false elevator_transfer=false deck=Aircraft_11_nav_r3_227 pending=none clearance=none queue=0
t=11522.5 ==== SUMMARY t=11522.5 ====
t=11522.5 route=1 laps=28 crashes=0 avg_out=145.0s avg_ret=134.6s avg_lap=291.7s best_lap=274.1
t=11522.5 route=2 laps=25 crashes=2 avg_out=177.4s avg_ret=202.1s avg_lap=391.5s best_lap=377.1
t=11522.5 route=3 laps=27 crashes=0 avg_out=212.6s avg_ret=240.6s avg_lap=465.3s best_lap=454.7
t=11522.6 route=4 laps=27 crashes=1 avg_out=173.2s avg_ret=137.6s avg_lap=322.6s best_lap=303.8
t=11522.6 route=5 laps=26 crashes=0 avg_out=251.8s avg_ret=210.8s avg_lap=474.6s best_lap=462.6
t=11522.6 route=6 laps=27 crashes=1 avg_out=142.3s avg_ret=124.7s avg_lap=279.1s best_lap=271.2
t=11522.6 route=7 laps=28 crashes=0 avg_out=159.6s avg_ret=124.1s avg_lap=295.8s best_lap=289.8
t=11522.6 route=8 laps=28 crashes=0 avg_out=165.8s avg_ret=142.9s avg_lap=320.7s best_lap=311.2
t=11522.6 TOTAL laps=216 crashes=4
t=11522.6 TUNER gen=3 results=28/64 pending=7 active=7 remaining=36 next_trial=228 rounds=[5,4,4,5,3,5,5,4]
t=11524.6 SPAWN craft=Aircraft_11_nav_r3_227 route=3 candidate=6 trial=227 t=11524.6
t=11529.4 LAUNCH_BLOCKED reason=cleared_unready_nav_deck_aircraft active=7 stored=1 no_active_s=0.0 state=IDLE tractor_cleanup=false elevator_transfer=false deck=Aircraft_11_nav_r3_227 pending=none clearance=none queue=0
t=11544.7 SPAWN craft=Aircraft_11_nav_r8_228 route=8 candidate=4 trial=228 t=11544.7
t=11550.3 LZ_REACHED craft=Aircraft_11_nav_r7_225 route=7 outbound=156.3s t=11550.3
t=11552.5 ==== SUMMARY t=11552.5 ====
t=11552.6 route=1 laps=28 crashes=0 avg_out=145.0s avg_ret=134.6s avg_lap=291.7s best_lap=274.1
t=11552.6 route=2 laps=25 crashes=2 avg_out=177.4s avg_ret=202.1s avg_lap=391.5s best_lap=377.1
t=11552.6 route=3 laps=27 crashes=0 avg_out=212.6s avg_ret=240.6s avg_lap=465.3s best_lap=454.7
t=11552.6 route=4 laps=27 crashes=1 avg_out=173.2s avg_ret=137.6s avg_lap=322.6s best_lap=303.8
t=11552.6 route=5 laps=26 crashes=0 avg_out=251.8s avg_ret=210.8s avg_lap=474.6s best_lap=462.6
t=11552.6 route=6 laps=27 crashes=1 avg_out=142.3s avg_ret=124.7s avg_lap=279.1s best_lap=271.2
t=11552.6 route=7 laps=28 crashes=0 avg_out=159.5s avg_ret=124.1s avg_lap=295.8s best_lap=289.8
t=11552.6 route=8 laps=28 crashes=0 avg_out=165.8s avg_ret=142.9s avg_lap=320.7s best_lap=311.2
t=11552.6 TOTAL laps=216 crashes=4
t=11552.6 TUNER gen=3 results=28/64 pending=8 active=8 remaining=36 next_trial=229 rounds=[5,4,4,5,3,5,5,5]
t=11556.6 LAP_CAPTURE craft=Aircraft_11_nav_r1_222 route=1 return=142.5s lap=298.1s carrier_dist=200m t=11556.6
t=11573.8 LAP_CAPTURE craft=Aircraft_11_nav_r5_220 route=5 return=208.0s lap=470.9s carrier_dist=200m t=11573.8
t=11574.7 SPAWN craft=Aircraft_11_nav_r1_229 route=1 candidate=6 trial=229 t=11574.7
t=11579.5 LAUNCH_BLOCKED reason=cleared_unready_nav_deck_aircraft active=7 stored=1 no_active_s=0.0 state=IDLE tractor_cleanup=false elevator_transfer=false deck=Aircraft_11_nav_r1_229 pending=none clearance=none queue=0
t=11582.6 ==== SUMMARY t=11582.6 ====
t=11582.6 route=1 laps=29 crashes=0 avg_out=145.0s avg_ret=134.9s avg_lap=292.0s best_lap=274.1
t=11582.6 route=2 laps=25 crashes=2 avg_out=177.4s avg_ret=202.1s avg_lap=391.5s best_lap=377.1
t=11582.6 route=3 laps=27 crashes=0 avg_out=212.6s avg_ret=240.6s avg_lap=465.3s best_lap=454.7
t=11582.6 route=4 laps=27 crashes=1 avg_out=173.2s avg_ret=137.6s avg_lap=322.6s best_lap=303.8
t=11582.6 route=5 laps=27 crashes=0 avg_out=251.8s avg_ret=210.7s avg_lap=474.5s best_lap=462.6
t=11582.6 route=6 laps=27 crashes=1 avg_out=142.3s avg_ret=124.7s avg_lap=279.1s best_lap=271.2
t=11582.6 route=7 laps=28 crashes=0 avg_out=159.5s avg_ret=124.1s avg_lap=295.8s best_lap=289.8
t=11582.6 route=8 laps=28 crashes=0 avg_out=165.8s avg_ret=142.9s avg_lap=320.7s best_lap=311.2
t=11582.6 TOTAL laps=218 crashes=4
t=11582.6 TUNER gen=3 results=30/64 pending=7 active=7 remaining=34 next_trial=230 rounds=[6,4,4,5,3,5,5,5]
t=11586.8 LAP_CAPTURE craft=Aircraft_11_nav_r6_224 route=6 return=123.6s lap=273.0s carrier_dist=199m t=11586.8
t=11593.6 LZ_REACHED craft=Aircraft_11_nav_r4_226 route=4 outbound=179.5s t=11593.6
t=11594.6 LAUNCH_BLOCKED reason=deck_busy active=7 stored=1 no_active_s=0.0 state=AIRCRAFT_ON_DECK tractor_cleanup=false elevator_transfer=false deck=Aircraft_11_nav_r5_230 pending=none clearance=none queue=0
t=11594.8 SPAWN craft=Aircraft_11_nav_r5_230 route=5 candidate=8 trial=230 t=11594.8
t=11612.6 ==== SUMMARY t=11612.6 ====
t=11612.6 route=1 laps=29 crashes=0 avg_out=145.0s avg_ret=134.9s avg_lap=292.0s best_lap=274.1
t=11612.7 route=2 laps=25 crashes=2 avg_out=177.4s avg_ret=202.1s avg_lap=391.5s best_lap=377.1
t=11612.7 route=3 laps=27 crashes=0 avg_out=212.6s avg_ret=240.6s avg_lap=465.3s best_lap=454.7
t=11612.7 route=4 laps=27 crashes=1 avg_out=173.4s avg_ret=137.6s avg_lap=322.6s best_lap=303.8
t=11612.7 route=5 laps=27 crashes=0 avg_out=251.8s avg_ret=210.7s avg_lap=474.5s best_lap=462.6
t=11612.7 route=6 laps=28 crashes=1 avg_out=142.3s avg_ret=124.6s avg_lap=278.9s best_lap=271.2
t=11612.7 route=7 laps=28 crashes=0 avg_out=159.5s avg_ret=124.1s avg_lap=295.8s best_lap=289.8
t=11612.7 route=8 laps=28 crashes=0 avg_out=165.8s avg_ret=142.9s avg_lap=320.7s best_lap=311.2
t=11612.7 TOTAL laps=219 crashes=4
t=11612.7 TUNER gen=3 results=31/64 pending=8 active=8 remaining=33 next_trial=232 rounds=[6,4,4,5,4,6,5,5]
t=11614.9 SPAWN craft=Aircraft_11_nav_r6_231 route=6 candidate=3 trial=231 t=11614.9
t=11642.7 ==== SUMMARY t=11642.7 ====
t=11642.7 route=1 laps=29 crashes=0 avg_out=145.0s avg_ret=134.9s avg_lap=292.0s best_lap=274.1
t=11642.7 route=2 laps=25 crashes=2 avg_out=177.4s avg_ret=202.1s avg_lap=391.5s best_lap=377.1
t=11642.7 route=3 laps=27 crashes=0 avg_out=212.6s avg_ret=240.6s avg_lap=465.3s best_lap=454.7
t=11642.7 route=4 laps=27 crashes=1 avg_out=173.4s avg_ret=137.6s avg_lap=322.6s best_lap=303.8
t=11642.7 route=5 laps=27 crashes=0 avg_out=251.8s avg_ret=210.7s avg_lap=474.5s best_lap=462.6
t=11642.8 route=6 laps=28 crashes=1 avg_out=142.3s avg_ret=124.6s avg_lap=278.9s best_lap=271.2
t=11642.8 route=7 laps=28 crashes=0 avg_out=159.5s avg_ret=124.1s avg_lap=295.8s best_lap=289.8
t=11642.8 route=8 laps=28 crashes=0 avg_out=165.8s avg_ret=142.9s avg_lap=320.7s best_lap=311.2
t=11642.8 TOTAL laps=219 crashes=4
t=11642.8 TUNER gen=3 results=31/64 pending=8 active=8 remaining=33 next_trial=232 rounds=[6,4,4,5,4,6,5,5]
t=11672.7 ==== SUMMARY t=11672.7 ====
t=11672.7 route=1 laps=29 crashes=0 avg_out=145.0s avg_ret=134.9s avg_lap=292.0s best_lap=274.1
t=11672.7 route=2 laps=25 crashes=2 avg_out=177.4s avg_ret=202.1s avg_lap=391.5s best_lap=377.1
t=11672.7 route=3 laps=27 crashes=0 avg_out=212.6s avg_ret=240.6s avg_lap=465.3s best_lap=454.7
t=11672.7 route=4 laps=27 crashes=1 avg_out=173.4s avg_ret=137.6s avg_lap=322.6s best_lap=303.8
t=11672.7 route=5 laps=27 crashes=0 avg_out=251.8s avg_ret=210.7s avg_lap=474.5s best_lap=462.6
t=11672.7 route=6 laps=28 crashes=1 avg_out=142.3s avg_ret=124.6s avg_lap=278.9s best_lap=271.2
t=11672.8 route=7 laps=28 crashes=0 avg_out=159.5s avg_ret=124.1s avg_lap=295.8s best_lap=289.8
t=11672.8 route=8 laps=28 crashes=0 avg_out=165.8s avg_ret=142.9s avg_lap=320.7s best_lap=311.2
t=11672.8 TOTAL laps=219 crashes=4
t=11672.8 TUNER gen=3 results=31/64 pending=8 active=8 remaining=33 next_trial=232 rounds=[6,4,4,5,4,6,5,5]
t=11675.8 LAP_CAPTURE craft=Aircraft_11_nav_r2_223 route=2 return=202.0s lap=392.2s carrier_dist=200m t=11675.8
t=11685.8 LAP_CAPTURE craft=Aircraft_11_nav_r7_225 route=7 return=123.5s lap=291.7s carrier_dist=200m t=11685.8
t=11695.0 LAUNCH_BLOCKED reason=deck_busy active=7 stored=1 no_active_s=0.0 state=AIRCRAFT_ON_DECK tractor_cleanup=false elevator_transfer=false deck=Aircraft_11_nav_r2_232 pending=none clearance=none queue=0
t=11695.2 SPAWN craft=Aircraft_11_nav_r2_232 route=2 candidate=6 trial=232 t=11695.2
t=11702.7 ==== SUMMARY t=11702.7 ====
t=11702.7 route=1 laps=29 crashes=0 avg_out=145.0s avg_ret=134.9s avg_lap=292.0s best_lap=274.1
t=11702.7 route=2 laps=26 crashes=2 avg_out=177.4s avg_ret=202.1s avg_lap=391.5s best_lap=377.1
t=11702.7 route=3 laps=27 crashes=0 avg_out=212.6s avg_ret=240.6s avg_lap=465.3s best_lap=454.7
t=11702.8 route=4 laps=27 crashes=1 avg_out=173.4s avg_ret=137.6s avg_lap=322.6s best_lap=303.8
t=11702.8 route=5 laps=27 crashes=0 avg_out=251.8s avg_ret=210.7s avg_lap=474.5s best_lap=462.6
t=11702.8 route=6 laps=28 crashes=1 avg_out=142.3s avg_ret=124.6s avg_lap=278.9s best_lap=271.2
t=11702.8 route=7 laps=29 crashes=0 avg_out=159.5s avg_ret=124.1s avg_lap=295.6s best_lap=289.8
t=11702.8 route=8 laps=28 crashes=0 avg_out=165.8s avg_ret=142.9s avg_lap=320.7s best_lap=311.2
t=11702.8 TOTAL laps=221 crashes=4
t=11702.8 TUNER gen=3 results=33/64 pending=7 active=7 remaining=31 next_trial=233 rounds=[6,5,4,5,4,6,5,5]
t=11709.5 LZ_REACHED craft=Aircraft_11_nav_r8_228 route=8 outbound=164.9s t=11709.5
t=11713.0 LZ_REACHED craft=Aircraft_11_nav_r1_229 route=1 outbound=138.2s t=11713.0
t=11715.3 SPAWN craft=Aircraft_11_nav_r7_233 route=7 candidate=4 trial=233 t=11715.3
t=11732.0 LZ_REACHED craft=Aircraft_11_nav_r3_227 route=3 outbound=207.4s t=11732.0
t=11732.8 ==== SUMMARY t=11732.8 ====
t=11732.8 route=1 laps=29 crashes=0 avg_out=144.8s avg_ret=134.9s avg_lap=292.0s best_lap=274.1
t=11732.8 route=2 laps=26 crashes=2 avg_out=177.4s avg_ret=202.1s avg_lap=391.5s best_lap=377.1
t=11732.8 route=3 laps=27 crashes=0 avg_out=212.4s avg_ret=240.6s avg_lap=465.3s best_lap=454.7
t=11732.8 route=4 laps=27 crashes=1 avg_out=173.4s avg_ret=137.6s avg_lap=322.6s best_lap=303.8
t=11732.8 route=5 laps=27 crashes=0 avg_out=251.8s avg_ret=210.7s avg_lap=474.5s best_lap=462.6
t=11732.8 route=6 laps=28 crashes=1 avg_out=142.3s avg_ret=124.6s avg_lap=278.9s best_lap=271.2
t=11732.8 route=7 laps=29 crashes=0 avg_out=159.5s avg_ret=124.1s avg_lap=295.6s best_lap=289.8
t=11732.8 route=8 laps=28 crashes=0 avg_out=165.8s avg_ret=142.9s avg_lap=320.7s best_lap=311.2
t=11732.8 TOTAL laps=221 crashes=4
t=11732.8 TUNER gen=3 results=33/64 pending=8 active=8 remaining=31 next_trial=234 rounds=[6,5,4,5,4,6,6,5]
t=11743.0 LAP_CAPTURE craft=Aircraft_11_nav_r4_226 route=4 return=137.3s lap=328.9s carrier_dist=200m t=11743.0
t=11752.8 LZ_REACHED craft=Aircraft_11_nav_r6_231 route=6 outbound=137.9s t=11752.8
t=11760.5 SPAWN craft=Aircraft_11_nav_r4_234 route=4 candidate=1 trial=234 t=11760.5
t=11762.8 ==== SUMMARY t=11762.8 ====
t=11762.8 route=1 laps=29 crashes=0 avg_out=144.8s avg_ret=134.9s avg_lap=292.0s best_lap=274.1
t=11762.8 route=2 laps=26 crashes=2 avg_out=177.4s avg_ret=202.1s avg_lap=391.5s best_lap=377.1
t=11762.8 route=3 laps=27 crashes=0 avg_out=212.4s avg_ret=240.6s avg_lap=465.3s best_lap=454.7
t=11762.8 route=4 laps=28 crashes=1 avg_out=173.4s avg_ret=137.6s avg_lap=322.8s best_lap=303.8
t=11762.9 route=5 laps=27 crashes=0 avg_out=251.8s avg_ret=210.7s avg_lap=474.5s best_lap=462.6
t=11762.9 route=6 laps=28 crashes=1 avg_out=142.1s avg_ret=124.6s avg_lap=278.9s best_lap=271.2
t=11762.9 route=7 laps=29 crashes=0 avg_out=159.5s avg_ret=124.1s avg_lap=295.6s best_lap=289.8
t=11762.9 route=8 laps=28 crashes=0 avg_out=165.8s avg_ret=142.9s avg_lap=320.7s best_lap=311.2
t=11762.9 TOTAL laps=222 crashes=4
t=11762.9 TUNER gen=3 results=34/64 pending=8 active=8 remaining=30 next_trial=235 rounds=[6,5,4,6,4,6,6,5]
t=11792.9 ==== SUMMARY t=11792.9 ====
t=11792.9 route=1 laps=29 crashes=0 avg_out=144.8s avg_ret=134.9s avg_lap=292.0s best_lap=274.1
t=11792.9 route=2 laps=26 crashes=2 avg_out=177.4s avg_ret=202.1s avg_lap=391.5s best_lap=377.1
t=11792.9 route=3 laps=27 crashes=0 avg_out=212.4s avg_ret=240.6s avg_lap=465.3s best_lap=454.7
t=11792.9 route=4 laps=28 crashes=1 avg_out=173.4s avg_ret=137.6s avg_lap=322.8s best_lap=303.8
t=11792.9 route=5 laps=27 crashes=0 avg_out=251.8s avg_ret=210.7s avg_lap=474.5s best_lap=462.6
t=11792.9 route=6 laps=28 crashes=1 avg_out=142.1s avg_ret=124.6s avg_lap=278.9s best_lap=271.2
t=11792.9 route=7 laps=29 crashes=0 avg_out=159.5s avg_ret=124.1s avg_lap=295.6s best_lap=289.8
t=11792.9 route=8 laps=28 crashes=0 avg_out=165.8s avg_ret=142.9s avg_lap=320.7s best_lap=311.2
t=11792.9 TOTAL laps=222 crashes=4
t=11792.9 TUNER gen=3 results=34/64 pending=8 active=8 remaining=30 next_trial=235 rounds=[6,5,4,6,4,6,6,5]
t=11822.9 ==== SUMMARY t=11822.9 ====
t=11822.9 route=1 laps=29 crashes=0 avg_out=144.8s avg_ret=134.9s avg_lap=292.0s best_lap=274.1
t=11822.9 route=2 laps=26 crashes=2 avg_out=177.4s avg_ret=202.1s avg_lap=391.5s best_lap=377.1
t=11822.9 route=3 laps=27 crashes=0 avg_out=212.4s avg_ret=240.6s avg_lap=465.3s best_lap=454.7
t=11822.9 route=4 laps=28 crashes=1 avg_out=173.4s avg_ret=137.6s avg_lap=322.8s best_lap=303.8
t=11822.9 route=5 laps=27 crashes=0 avg_out=251.8s avg_ret=210.7s avg_lap=474.5s best_lap=462.6
t=11822.9 route=6 laps=28 crashes=1 avg_out=142.1s avg_ret=124.6s avg_lap=278.9s best_lap=271.2
t=11822.9 route=7 laps=29 crashes=0 avg_out=159.5s avg_ret=124.1s avg_lap=295.6s best_lap=289.8
t=11822.9 route=8 laps=28 crashes=0 avg_out=165.8s avg_ret=142.9s avg_lap=320.7s best_lap=311.2
t=11822.9 TOTAL laps=222 crashes=4
t=11822.9 TUNER gen=3 results=34/64 pending=8 active=8 remaining=30 next_trial=235 rounds=[6,5,4,6,4,6,6,5]
t=11843.1 LZ_REACHED craft=Aircraft_11_nav_r5_230 route=5 outbound=248.3s t=11843.1
t=11852.9 ==== SUMMARY t=11852.9 ====
t=11852.9 route=1 laps=29 crashes=0 avg_out=144.8s avg_ret=134.9s avg_lap=292.0s best_lap=274.1
t=11852.9 route=2 laps=26 crashes=2 avg_out=177.4s avg_ret=202.1s avg_lap=391.5s best_lap=377.1
t=11852.9 route=3 laps=27 crashes=0 avg_out=212.4s avg_ret=240.6s avg_lap=465.3s best_lap=454.7
t=11852.9 route=4 laps=28 crashes=1 avg_out=173.4s avg_ret=137.6s avg_lap=322.8s best_lap=303.8
t=11852.9 route=5 laps=27 crashes=0 avg_out=251.7s avg_ret=210.7s avg_lap=474.5s best_lap=462.6
t=11852.9 route=6 laps=28 crashes=1 avg_out=142.1s avg_ret=124.6s avg_lap=278.9s best_lap=271.2
t=11852.9 route=7 laps=29 crashes=0 avg_out=159.5s avg_ret=124.1s avg_lap=295.6s best_lap=289.8
t=11852.9 route=8 laps=28 crashes=0 avg_out=165.8s avg_ret=142.9s avg_lap=320.7s best_lap=311.2
t=11852.9 TOTAL laps=222 crashes=4
t=11852.9 TUNER gen=3 results=34/64 pending=8 active=8 remaining=30 next_trial=235 rounds=[6,5,4,6,4,6,6,5]
t=11861.7 LAP_CAPTURE craft=Aircraft_11_nav_r1_229 route=1 return=136.7s lap=287.0s carrier_dist=200m t=11861.7
t=11870.8 LAUNCH_BLOCKED reason=landing_or_storage_busy active=7 stored=1 no_active_s=0.0 state=IDLE tractor_cleanup=false elevator_transfer=false deck=Aircraft_11_nav_r4_234 pending=none clearance=Aircraft_11_nav_r8_228 queue=0
t=11870.9 LZ_REACHED craft=Aircraft_11_nav_r2_232 route=2 outbound=175.7s t=11870.9
t=11871.8 LZ_REACHED craft=Aircraft_11_nav_r7_233 route=7 outbound=156.5s t=11871.8
t=11883.0 ==== SUMMARY t=11883.0 ====
t=11883.0 route=1 laps=30 crashes=0 avg_out=144.8s avg_ret=135.0s avg_lap=291.8s best_lap=274.1
t=11883.0 route=2 laps=26 crashes=2 avg_out=177.4s avg_ret=202.1s avg_lap=391.5s best_lap=377.1
t=11883.0 route=3 laps=27 crashes=0 avg_out=212.4s avg_ret=240.6s avg_lap=465.3s best_lap=454.7
t=11883.0 route=4 laps=28 crashes=1 avg_out=173.4s avg_ret=137.6s avg_lap=322.8s best_lap=303.8
t=11883.0 route=5 laps=27 crashes=0 avg_out=251.7s avg_ret=210.7s avg_lap=474.5s best_lap=462.6
t=11883.0 route=6 laps=28 crashes=1 avg_out=142.1s avg_ret=124.6s avg_lap=278.9s best_lap=271.2
t=11883.0 route=7 laps=29 crashes=0 avg_out=159.4s avg_ret=124.1s avg_lap=295.6s best_lap=289.8
t=11883.0 route=8 laps=28 crashes=0 avg_out=165.8s avg_ret=142.9s avg_lap=320.7s best_lap=311.2
t=11883.0 TOTAL laps=223 crashes=4
t=11883.0 TUNER gen=3 results=35/64 pending=7 active=7 remaining=29 next_trial=235 rounds=[6,5,4,6,4,6,6,5]
t=11885.8 LAUNCH_BLOCKED reason=landing_or_storage_busy active=7 stored=1 no_active_s=0.0 state=IDLE tractor_cleanup=false elevator_transfer=false deck=Aircraft_11_nav_r4_234 pending=none clearance=Aircraft_11_nav_r8_228 queue=0
t=11887.8 LAP_CAPTURE craft=Aircraft_11_nav_r6_231 route=6 return=123.0s lap=272.9s carrier_dist=200m t=11887.8
t=11900.9 LAUNCH_BLOCKED reason=landing_or_storage_busy active=6 stored=2 no_active_s=0.0 state=IDLE tractor_cleanup=false elevator_transfer=false deck=Aircraft_11_nav_r4_234 pending=none clearance=Aircraft_11_nav_r8_228 queue=0
t=11913.0 ==== SUMMARY t=11913.0 ====
t=11913.0 route=1 laps=30 crashes=0 avg_out=144.8s avg_ret=135.0s avg_lap=291.8s best_lap=274.1
t=11913.0 route=2 laps=26 crashes=2 avg_out=177.4s avg_ret=202.1s avg_lap=391.5s best_lap=377.1
t=11913.0 route=3 laps=27 crashes=0 avg_out=212.4s avg_ret=240.6s avg_lap=465.3s best_lap=454.7
t=11913.0 route=4 laps=28 crashes=1 avg_out=173.4s avg_ret=137.6s avg_lap=322.8s best_lap=303.8
t=11913.0 route=5 laps=27 crashes=0 avg_out=251.7s avg_ret=210.7s avg_lap=474.5s best_lap=462.6
t=11913.0 route=6 laps=29 crashes=1 avg_out=142.1s avg_ret=124.6s avg_lap=278.7s best_lap=271.2
t=11913.1 route=7 laps=29 crashes=0 avg_out=159.4s avg_ret=124.1s avg_lap=295.6s best_lap=289.8
t=11913.1 route=8 laps=28 crashes=0 avg_out=165.8s avg_ret=142.9s avg_lap=320.7s best_lap=311.2
t=11913.1 TOTAL laps=224 crashes=4
t=11913.1 TUNER gen=3 results=36/64 pending=6 active=6 remaining=28 next_trial=235 rounds=[6,5,4,6,4,6,6,5]
t=11915.9 LAUNCH_BLOCKED reason=landing_or_storage_busy active=6 stored=2 no_active_s=0.0 state=IDLE tractor_cleanup=false elevator_transfer=false deck=Aircraft_11_nav_r4_234 pending=none clearance=Aircraft_11_nav_r8_228 queue=0
t=11928.7 LZ_REACHED craft=Aircraft_11_nav_r4_234 route=4 outbound=168.1s t=11928.7
t=11931.0 LAUNCH_BLOCKED reason=landing_or_storage_busy active=6 stored=2 no_active_s=0.0 state=IDLE tractor_cleanup=false elevator_transfer=false deck=Aircraft_11_nav_r4_234 pending=none clearance=Aircraft_11_nav_r8_228 queue=0
t=11943.0 ==== SUMMARY t=11943.0 ====
t=11943.1 route=1 laps=30 crashes=0 avg_out=144.8s avg_ret=135.0s avg_lap=291.8s best_lap=274.1
t=11943.1 route=2 laps=26 crashes=2 avg_out=177.4s avg_ret=202.1s avg_lap=391.5s best_lap=377.1
t=11943.1 route=3 laps=27 crashes=0 avg_out=212.4s avg_ret=240.6s avg_lap=465.3s best_lap=454.7
t=11943.1 route=4 laps=28 crashes=1 avg_out=173.2s avg_ret=137.6s avg_lap=322.8s best_lap=303.8
t=11943.1 route=5 laps=27 crashes=0 avg_out=251.7s avg_ret=210.7s avg_lap=474.5s best_lap=462.6
t=11943.1 route=6 laps=29 crashes=1 avg_out=142.1s avg_ret=124.6s avg_lap=278.7s best_lap=271.2
t=11943.1 route=7 laps=29 crashes=0 avg_out=159.4s avg_ret=124.1s avg_lap=295.6s best_lap=289.8
t=11943.1 route=8 laps=28 crashes=0 avg_out=165.8s avg_ret=142.9s avg_lap=320.7s best_lap=311.2
t=11943.1 TOTAL laps=224 crashes=4
t=11943.1 TUNER gen=3 results=36/64 pending=6 active=6 remaining=28 next_trial=235 rounds=[6,5,4,6,4,6,6,5]
t=11946.1 LAUNCH_BLOCKED reason=landing_or_storage_busy active=6 stored=2 no_active_s=0.0 state=IDLE tractor_cleanup=false elevator_transfer=false deck=Aircraft_11_nav_r4_234 pending=none clearance=Aircraft_11_nav_r8_228 queue=0
t=11961.1 LAUNCH_BLOCKED reason=landing_or_storage_busy active=6 stored=2 no_active_s=0.0 state=IDLE tractor_cleanup=false elevator_transfer=false deck=Aircraft_11_nav_r4_234 pending=none clearance=Aircraft_11_nav_r8_228 queue=0
t=11973.0 ==== SUMMARY t=11973.0 ====
t=11973.1 route=1 laps=30 crashes=0 avg_out=144.8s avg_ret=135.0s avg_lap=291.8s best_lap=274.1
t=11973.1 route=2 laps=26 crashes=2 avg_out=177.4s avg_ret=202.1s avg_lap=391.5s best_lap=377.1
t=11973.1 route=3 laps=27 crashes=0 avg_out=212.4s avg_ret=240.6s avg_lap=465.3s best_lap=454.7
t=11973.1 route=4 laps=28 crashes=1 avg_out=173.2s avg_ret=137.6s avg_lap=322.8s best_lap=303.8
t=11973.1 route=5 laps=27 crashes=0 avg_out=251.7s avg_ret=210.7s avg_lap=474.5s best_lap=462.6
t=11973.1 route=6 laps=29 crashes=1 avg_out=142.1s avg_ret=124.6s avg_lap=278.7s best_lap=271.2
t=11973.1 route=7 laps=29 crashes=0 avg_out=159.4s avg_ret=124.1s avg_lap=295.6s best_lap=289.8
t=11973.1 route=8 laps=28 crashes=0 avg_out=165.8s avg_ret=142.9s avg_lap=320.7s best_lap=311.2
t=11973.1 TOTAL laps=224 crashes=4
t=11973.1 TUNER gen=3 results=36/64 pending=6 active=6 remaining=28 next_trial=235 rounds=[6,5,4,6,4,6,6,5]
t=11976.1 LAUNCH_BLOCKED reason=landing_or_storage_busy active=6 stored=2 no_active_s=0.0 state=IDLE tractor_cleanup=false elevator_transfer=false deck=Aircraft_11_nav_r4_234 pending=none clearance=Aircraft_11_nav_r8_228 queue=0
t=11979.2 LAP_CAPTURE craft=Aircraft_11_nav_r3_227 route=3 return=235.3s lap=454.6s carrier_dist=200m t=11979.2
t=11991.2 LAUNCH_BLOCKED reason=landing_or_storage_busy active=5 stored=3 no_active_s=0.0 state=IDLE tractor_cleanup=false elevator_transfer=false deck=Aircraft_11_nav_r4_234 pending=none clearance=Aircraft_11_nav_r8_228 queue=0
t=12003.1 ==== SUMMARY t=12003.1 ====
t=12003.1 route=1 laps=30 crashes=0 avg_out=144.8s avg_ret=135.0s avg_lap=291.8s best_lap=274.1
t=12003.1 route=2 laps=26 crashes=2 avg_out=177.4s avg_ret=202.1s avg_lap=391.5s best_lap=377.1
t=12003.1 route=3 laps=28 crashes=0 avg_out=212.4s avg_ret=240.4s avg_lap=464.9s best_lap=454.6
t=12003.1 route=4 laps=28 crashes=1 avg_out=173.2s avg_ret=137.6s avg_lap=322.8s best_lap=303.8
t=12003.1 route=5 laps=27 crashes=0 avg_out=251.7s avg_ret=210.7s avg_lap=474.5s best_lap=462.6
t=12003.1 route=6 laps=29 crashes=1 avg_out=142.1s avg_ret=124.6s avg_lap=278.7s best_lap=271.2
t=12003.1 route=7 laps=29 crashes=0 avg_out=159.4s avg_ret=124.1s avg_lap=295.6s best_lap=289.8
t=12003.1 route=8 laps=28 crashes=0 avg_out=165.8s avg_ret=142.9s avg_lap=320.7s best_lap=311.2
t=12003.1 TOTAL laps=225 crashes=4
t=12003.1 TUNER gen=3 results=37/64 pending=5 active=5 remaining=27 next_trial=235 rounds=[6,5,4,6,4,6,6,5]
t=12006.2 LAP_CAPTURE craft=Aircraft_11_nav_r7_233 route=7 return=122.4s lap=290.9s carrier_dist=200m t=12006.2
t=12006.2 LAUNCH_BLOCKED reason=landing_or_storage_busy active=4 stored=3 no_active_s=0.0 state=IDLE tractor_cleanup=false elevator_transfer=false deck=Aircraft_11_nav_r4_234 pending=none clearance=Aircraft_11_nav_r8_228 queue=0
t=12021.3 LAUNCH_BLOCKED reason=landing_or_storage_busy active=4 stored=4 no_active_s=0.0 state=IDLE tractor_cleanup=false elevator_transfer=false deck=Aircraft_11_nav_r4_234 pending=none clearance=Aircraft_11_nav_r8_228 queue=0
t=12033.1 ==== SUMMARY t=12033.1 ====
t=12033.1 route=1 laps=30 crashes=0 avg_out=144.8s avg_ret=135.0s avg_lap=291.8s best_lap=274.1
t=12033.1 route=2 laps=26 crashes=2 avg_out=177.4s avg_ret=202.1s avg_lap=391.5s best_lap=377.1
t=12033.1 route=3 laps=28 crashes=0 avg_out=212.4s avg_ret=240.4s avg_lap=464.9s best_lap=454.6
t=12033.1 route=4 laps=28 crashes=1 avg_out=173.2s avg_ret=137.6s avg_lap=322.8s best_lap=303.8
t=12033.1 route=5 laps=27 crashes=0 avg_out=251.7s avg_ret=210.7s avg_lap=474.5s best_lap=462.6
t=12033.1 route=6 laps=29 crashes=1 avg_out=142.1s avg_ret=124.6s avg_lap=278.7s best_lap=271.2
t=12033.1 route=7 laps=30 crashes=0 avg_out=159.4s avg_ret=124.0s avg_lap=295.5s best_lap=289.8
t=12033.1 route=8 laps=28 crashes=0 avg_out=165.8s avg_ret=142.9s avg_lap=320.7s best_lap=311.2
t=12033.1 TOTAL laps=226 crashes=4
t=12033.1 TUNER gen=3 results=38/64 pending=4 active=4 remaining=26 next_trial=235 rounds=[6,5,4,6,4,6,6,5]
t=12036.3 LAUNCH_BLOCKED reason=landing_or_storage_busy active=4 stored=4 no_active_s=0.0 state=IDLE tractor_cleanup=false elevator_transfer=false deck=Aircraft_11_nav_r4_234 pending=none clearance=Aircraft_11_nav_r8_228 queue=0
t=12051.4 LAUNCH_BLOCKED reason=landing_or_storage_busy active=4 stored=4 no_active_s=0.0 state=IDLE tractor_cleanup=false elevator_transfer=false deck=Aircraft_11_nav_r4_234 pending=none clearance=Aircraft_11_nav_r8_228 queue=0
t=12063.1 ==== SUMMARY t=12063.1 ====
t=12063.1 route=1 laps=30 crashes=0 avg_out=144.8s avg_ret=135.0s avg_lap=291.8s best_lap=274.1
t=12063.1 route=2 laps=26 crashes=2 avg_out=177.4s avg_ret=202.1s avg_lap=391.5s best_lap=377.1
t=12063.1 route=3 laps=28 crashes=0 avg_out=212.4s avg_ret=240.4s avg_lap=464.9s best_lap=454.6
t=12063.1 route=4 laps=28 crashes=1 avg_out=173.2s avg_ret=137.6s avg_lap=322.8s best_lap=303.8
t=12063.1 route=5 laps=27 crashes=0 avg_out=251.7s avg_ret=210.7s avg_lap=474.5s best_lap=462.6
t=12063.1 route=6 laps=29 crashes=1 avg_out=142.1s avg_ret=124.6s avg_lap=278.7s best_lap=271.2
t=12063.1 route=7 laps=30 crashes=0 avg_out=159.4s avg_ret=124.0s avg_lap=295.5s best_lap=289.8
t=12063.1 route=8 laps=28 crashes=0 avg_out=165.8s avg_ret=142.9s avg_lap=320.7s best_lap=311.2
t=12063.1 TOTAL laps=226 crashes=4
t=12063.2 TUNER gen=3 results=38/64 pending=4 active=4 remaining=26 next_trial=235 rounds=[6,5,4,6,4,6,6,5]
t=12065.9 LAP_CAPTURE craft=Aircraft_11_nav_r5_230 route=5 return=210.8s lap=471.1s carrier_dist=200m t=12065.9
t=12066.4 LAUNCH_BLOCKED reason=landing_or_storage_busy active=3 stored=4 no_active_s=0.0 state=IDLE tractor_cleanup=false elevator_transfer=false deck=Aircraft_11_nav_r4_234 pending=none clearance=Aircraft_11_nav_r8_228 queue=0
t=12077.5 LAP_CAPTURE craft=Aircraft_11_nav_r4_234 route=4 return=136.9s lap=317.0s carrier_dist=200m t=12077.5
t=12081.5 LAUNCH_BLOCKED reason=landing_or_storage_busy active=2 stored=5 no_active_s=0.0 state=IDLE tractor_cleanup=false elevator_transfer=false deck=none pending=none clearance=Aircraft_11_nav_r8_228 queue=0
t=12085.2 LAP_CAPTURE craft=Aircraft_11_nav_r2_232 route=2 return=202.3s lap=390.0s carrier_dist=200m t=12085.2
t=12093.1 ==== SUMMARY t=12093.1 ====
t=12093.1 route=1 laps=30 crashes=0 avg_out=144.8s avg_ret=135.0s avg_lap=291.8s best_lap=274.1
t=12093.1 route=2 laps=27 crashes=2 avg_out=177.4s avg_ret=202.1s avg_lap=391.5s best_lap=377.1
t=12093.1 route=3 laps=28 crashes=0 avg_out=212.4s avg_ret=240.4s avg_lap=464.9s best_lap=454.6
t=12093.2 route=4 laps=29 crashes=1 avg_out=173.2s avg_ret=137.6s avg_lap=322.6s best_lap=303.8
t=12093.2 route=5 laps=28 crashes=0 avg_out=251.7s avg_ret=210.7s avg_lap=474.4s best_lap=462.6
t=12093.2 route=6 laps=29 crashes=1 avg_out=142.1s avg_ret=124.6s avg_lap=278.7s best_lap=271.2
t=12093.2 route=7 laps=30 crashes=0 avg_out=159.4s avg_ret=124.0s avg_lap=295.5s best_lap=289.8
t=12093.2 route=8 laps=28 crashes=0 avg_out=165.8s avg_ret=142.9s avg_lap=320.7s best_lap=311.2
t=12093.2 TOTAL laps=229 crashes=4
t=12093.2 TUNER gen=3 results=41/64 pending=1 active=1 remaining=23 next_trial=235 rounds=[6,5,4,6,4,6,6,5]
t=12096.5 LAUNCH_BLOCKED reason=landing_or_storage_busy active=1 stored=7 no_active_s=0.0 state=IDLE tractor_cleanup=false elevator_transfer=false deck=none pending=none clearance=Aircraft_11_nav_r8_228 queue=1
t=12111.6 LAUNCH_BLOCKED reason=landing_or_storage_busy active=1 stored=7 no_active_s=0.0 state=IDLE tractor_cleanup=false elevator_transfer=false deck=none pending=none clearance=Aircraft_11_nav_r8_228 queue=1
t=12123.2 ==== SUMMARY t=12123.2 ====
t=12123.2 route=1 laps=30 crashes=0 avg_out=144.8s avg_ret=135.0s avg_lap=291.8s best_lap=274.1
t=12123.2 route=2 laps=27 crashes=2 avg_out=177.4s avg_ret=202.1s avg_lap=391.5s best_lap=377.1
t=12123.2 route=3 laps=28 crashes=0 avg_out=212.4s avg_ret=240.4s avg_lap=464.9s best_lap=454.6
t=12123.2 route=4 laps=29 crashes=1 avg_out=173.2s avg_ret=137.6s avg_lap=322.6s best_lap=303.8
t=12123.2 route=5 laps=28 crashes=0 avg_out=251.7s avg_ret=210.7s avg_lap=474.4s best_lap=462.6
t=12123.2 route=6 laps=29 crashes=1 avg_out=142.1s avg_ret=124.6s avg_lap=278.7s best_lap=271.2
t=12123.2 route=7 laps=30 crashes=0 avg_out=159.4s avg_ret=124.0s avg_lap=295.5s best_lap=289.8
t=12123.2 route=8 laps=28 crashes=0 avg_out=165.8s avg_ret=142.9s avg_lap=320.7s best_lap=311.2
t=12123.2 TOTAL laps=229 crashes=4
t=12123.2 TUNER gen=3 results=41/64 pending=1 active=1 remaining=23 next_trial=235 rounds=[6,5,4,6,4,6,6,5]
t=12126.6 LAUNCH_BLOCKED reason=landing_or_storage_busy active=1 stored=7 no_active_s=0.0 state=IDLE tractor_cleanup=false elevator_transfer=false deck=none pending=none clearance=Aircraft_11_nav_r8_228 queue=1
t=12141.7 LAUNCH_BLOCKED reason=landing_or_storage_busy active=1 stored=7 no_active_s=0.0 state=IDLE tractor_cleanup=false elevator_transfer=false deck=none pending=none clearance=Aircraft_11_nav_r8_228 queue=1
t=12153.2 ==== SUMMARY t=12153.2 ====
t=12153.2 route=1 laps=30 crashes=0 avg_out=144.8s avg_ret=135.0s avg_lap=291.8s best_lap=274.1
t=12153.2 route=2 laps=27 crashes=2 avg_out=177.4s avg_ret=202.1s avg_lap=391.5s best_lap=377.1
t=12153.2 route=3 laps=28 crashes=0 avg_out=212.4s avg_ret=240.4s avg_lap=464.9s best_lap=454.6
t=12153.2 route=4 laps=29 crashes=1 avg_out=173.2s avg_ret=137.6s avg_lap=322.6s best_lap=303.8
t=12153.2 route=5 laps=28 crashes=0 avg_out=251.7s avg_ret=210.7s avg_lap=474.4s best_lap=462.6
t=12153.2 route=6 laps=29 crashes=1 avg_out=142.1s avg_ret=124.6s avg_lap=278.7s best_lap=271.2
t=12153.2 route=7 laps=30 crashes=0 avg_out=159.4s avg_ret=124.0s avg_lap=295.5s best_lap=289.8
t=12153.2 route=8 laps=28 crashes=0 avg_out=165.8s avg_ret=142.9s avg_lap=320.7s best_lap=311.2
t=12153.2 TOTAL laps=229 crashes=4
t=12153.2 TUNER gen=3 results=41/64 pending=1 active=1 remaining=23 next_trial=235 rounds=[6,5,4,6,4,6,6,5]
t=12156.8 LAUNCH_BLOCKED reason=landing_or_storage_busy active=1 stored=7 no_active_s=0.0 state=IDLE tractor_cleanup=false elevator_transfer=false deck=none pending=none clearance=Aircraft_11_nav_r8_228 queue=1
t=12171.8 LAUNCH_BLOCKED reason=landing_or_storage_busy active=1 stored=7 no_active_s=0.0 state=IDLE tractor_cleanup=false elevator_transfer=false deck=none pending=none clearance=Aircraft_11_nav_r8_228 queue=1
t=12183.2 ==== SUMMARY t=12183.2 ====
t=12183.2 route=1 laps=30 crashes=0 avg_out=144.8s avg_ret=135.0s avg_lap=291.8s best_lap=274.1
t=12183.2 route=2 laps=27 crashes=2 avg_out=177.4s avg_ret=202.1s avg_lap=391.5s best_lap=377.1
t=12183.2 route=3 laps=28 crashes=0 avg_out=212.4s avg_ret=240.4s avg_lap=464.9s best_lap=454.6
t=12183.2 route=4 laps=29 crashes=1 avg_out=173.2s avg_ret=137.6s avg_lap=322.6s best_lap=303.8
t=12183.2 route=5 laps=28 crashes=0 avg_out=251.7s avg_ret=210.7s avg_lap=474.4s best_lap=462.6
t=12183.2 route=6 laps=29 crashes=1 avg_out=142.1s avg_ret=124.6s avg_lap=278.7s best_lap=271.2
t=12183.2 route=7 laps=30 crashes=0 avg_out=159.4s avg_ret=124.0s avg_lap=295.5s best_lap=289.8
t=12183.2 route=8 laps=28 crashes=0 avg_out=165.8s avg_ret=142.9s avg_lap=320.7s best_lap=311.2
t=12183.2 TOTAL laps=229 crashes=4
t=12183.2 TUNER gen=3 results=41/64 pending=1 active=1 remaining=23 next_trial=235 rounds=[6,5,4,6,4,6,6,5]
t=12186.9 LAUNCH_BLOCKED reason=landing_or_storage_busy active=1 stored=7 no_active_s=0.0 state=IDLE tractor_cleanup=false elevator_transfer=false deck=none pending=none clearance=Aircraft_11_nav_r8_228 queue=1
t=12201.9 LAUNCH_BLOCKED reason=landing_or_storage_busy active=1 stored=7 no_active_s=0.0 state=IDLE tractor_cleanup=false elevator_transfer=false deck=none pending=none clearance=Aircraft_11_nav_r8_228 queue=1
t=12213.2 ==== SUMMARY t=12213.2 ====
t=12213.2 route=1 laps=30 crashes=0 avg_out=144.8s avg_ret=135.0s avg_lap=291.8s best_lap=274.1
t=12213.2 route=2 laps=27 crashes=2 avg_out=177.4s avg_ret=202.1s avg_lap=391.5s best_lap=377.1
t=12213.2 route=3 laps=28 crashes=0 avg_out=212.4s avg_ret=240.4s avg_lap=464.9s best_lap=454.6
t=12213.2 route=4 laps=29 crashes=1 avg_out=173.2s avg_ret=137.6s avg_lap=322.6s best_lap=303.8
t=12213.2 route=5 laps=28 crashes=0 avg_out=251.7s avg_ret=210.7s avg_lap=474.4s best_lap=462.6
t=12213.2 route=6 laps=29 crashes=1 avg_out=142.1s avg_ret=124.6s avg_lap=278.7s best_lap=271.2
t=12213.2 route=7 laps=30 crashes=0 avg_out=159.4s avg_ret=124.0s avg_lap=295.5s best_lap=289.8
t=12213.2 route=8 laps=28 crashes=0 avg_out=165.8s avg_ret=142.9s avg_lap=320.7s best_lap=311.2
t=12213.3 TOTAL laps=229 crashes=4
t=12213.3 TUNER gen=3 results=41/64 pending=1 active=1 remaining=23 next_trial=235 rounds=[6,5,4,6,4,6,6,5]
t=12216.9 LAUNCH_BLOCKED reason=landing_or_storage_busy active=1 stored=7 no_active_s=0.0 state=IDLE tractor_cleanup=false elevator_transfer=false deck=none pending=none clearance=Aircraft_11_nav_r8_228 queue=1
t=12232.0 LAUNCH_BLOCKED reason=landing_or_storage_busy active=1 stored=7 no_active_s=0.0 state=IDLE tractor_cleanup=false elevator_transfer=false deck=none pending=none clearance=Aircraft_11_nav_r8_228 queue=1
t=12243.2 ==== SUMMARY t=12243.2 ====
t=12243.2 route=1 laps=30 crashes=0 avg_out=144.8s avg_ret=135.0s avg_lap=291.8s best_lap=274.1
t=12243.2 route=2 laps=27 crashes=2 avg_out=177.4s avg_ret=202.1s avg_lap=391.5s best_lap=377.1
t=12243.2 route=3 laps=28 crashes=0 avg_out=212.4s avg_ret=240.4s avg_lap=464.9s best_lap=454.6
t=12243.2 route=4 laps=29 crashes=1 avg_out=173.2s avg_ret=137.6s avg_lap=322.6s best_lap=303.8
t=12243.2 route=5 laps=28 crashes=0 avg_out=251.7s avg_ret=210.7s avg_lap=474.4s best_lap=462.6
t=12243.2 route=6 laps=29 crashes=1 avg_out=142.1s avg_ret=124.6s avg_lap=278.7s best_lap=271.2
t=12243.2 route=7 laps=30 crashes=0 avg_out=159.4s avg_ret=124.0s avg_lap=295.5s best_lap=289.8
t=12243.2 route=8 laps=28 crashes=0 avg_out=165.8s avg_ret=142.9s avg_lap=320.7s best_lap=311.2
t=12243.3 TOTAL laps=229 crashes=4
t=12243.3 TUNER gen=3 results=41/64 pending=1 active=1 remaining=23 next_trial=235 rounds=[6,5,4,6,4,6,6,5]
t=12247.0 LAUNCH_BLOCKED reason=landing_or_storage_busy active=1 stored=7 no_active_s=0.0 state=IDLE tractor_cleanup=false elevator_transfer=false deck=none pending=none clearance=Aircraft_11_nav_r8_228 queue=1
t=12262.1 LAUNCH_BLOCKED reason=landing_or_storage_busy active=1 stored=7 no_active_s=0.0 state=IDLE tractor_cleanup=false elevator_transfer=false deck=none pending=none clearance=Aircraft_11_nav_r8_228 queue=1
t=12273.2 ==== SUMMARY t=12273.2 ====
t=12273.2 route=1 laps=30 crashes=0 avg_out=144.8s avg_ret=135.0s avg_lap=291.8s best_lap=274.1
t=12273.2 route=2 laps=27 crashes=2 avg_out=177.4s avg_ret=202.1s avg_lap=391.5s best_lap=377.1
t=12273.2 route=3 laps=28 crashes=0 avg_out=212.4s avg_ret=240.4s avg_lap=464.9s best_lap=454.6
t=12273.2 route=4 laps=29 crashes=1 avg_out=173.2s avg_ret=137.6s avg_lap=322.6s best_lap=303.8
t=12273.3 route=5 laps=28 crashes=0 avg_out=251.7s avg_ret=210.7s avg_lap=474.4s best_lap=462.6
t=12273.3 route=6 laps=29 crashes=1 avg_out=142.1s avg_ret=124.6s avg_lap=278.7s best_lap=271.2
t=12273.3 route=7 laps=30 crashes=0 avg_out=159.4s avg_ret=124.0s avg_lap=295.5s best_lap=289.8
t=12273.3 route=8 laps=28 crashes=0 avg_out=165.8s avg_ret=142.9s avg_lap=320.7s best_lap=311.2
t=12273.3 TOTAL laps=229 crashes=4
t=12273.3 TUNER gen=3 results=41/64 pending=1 active=1 remaining=23 next_trial=235 rounds=[6,5,4,6,4,6,6,5]
t=12277.1 LAUNCH_BLOCKED reason=landing_or_storage_busy active=1 stored=7 no_active_s=0.0 state=IDLE tractor_cleanup=false elevator_transfer=false deck=none pending=none clearance=Aircraft_11_nav_r8_228 queue=1
t=12292.2 LAUNCH_BLOCKED reason=landing_or_storage_busy active=1 stored=7 no_active_s=0.0 state=IDLE tractor_cleanup=false elevator_transfer=false deck=none pending=none clearance=Aircraft_11_nav_r8_228 queue=1
t=12303.3 ==== SUMMARY t=12303.3 ====
t=12303.3 route=1 laps=30 crashes=0 avg_out=144.8s avg_ret=135.0s avg_lap=291.8s best_lap=274.1
t=12303.3 route=2 laps=27 crashes=2 avg_out=177.4s avg_ret=202.1s avg_lap=391.5s best_lap=377.1
t=12303.3 route=3 laps=28 crashes=0 avg_out=212.4s avg_ret=240.4s avg_lap=464.9s best_lap=454.6
t=12303.3 route=4 laps=29 crashes=1 avg_out=173.2s avg_ret=137.6s avg_lap=322.6s best_lap=303.8
t=12303.3 route=5 laps=28 crashes=0 avg_out=251.7s avg_ret=210.7s avg_lap=474.4s best_lap=462.6
t=12303.3 route=6 laps=29 crashes=1 avg_out=142.1s avg_ret=124.6s avg_lap=278.7s best_lap=271.2
t=12303.3 route=7 laps=30 crashes=0 avg_out=159.4s avg_ret=124.0s avg_lap=295.5s best_lap=289.8
t=12303.3 route=8 laps=28 crashes=0 avg_out=165.8s avg_ret=142.9s avg_lap=320.7s best_lap=311.2
t=12303.3 TOTAL laps=229 crashes=4
t=12303.3 TUNER gen=3 results=41/64 pending=1 active=1 remaining=23 next_trial=235 rounds=[6,5,4,6,4,6,6,5]
t=12307.2 LAUNCH_BLOCKED reason=landing_or_storage_busy active=1 stored=7 no_active_s=0.0 state=IDLE tractor_cleanup=false elevator_transfer=false deck=none pending=none clearance=Aircraft_11_nav_r8_228 queue=1
t=12322.3 LAUNCH_BLOCKED reason=landing_or_storage_busy active=1 stored=7 no_active_s=0.0 state=IDLE tractor_cleanup=false elevator_transfer=false deck=none pending=none clearance=Aircraft_11_nav_r8_228 queue=1
t=12333.3 ==== SUMMARY t=12333.3 ====
t=12333.3 route=1 laps=30 crashes=0 avg_out=144.8s avg_ret=135.0s avg_lap=291.8s best_lap=274.1
t=12333.3 route=2 laps=27 crashes=2 avg_out=177.4s avg_ret=202.1s avg_lap=391.5s best_lap=377.1
t=12333.3 route=3 laps=28 crashes=0 avg_out=212.4s avg_ret=240.4s avg_lap=464.9s best_lap=454.6
t=12333.3 route=4 laps=29 crashes=1 avg_out=173.2s avg_ret=137.6s avg_lap=322.6s best_lap=303.8
t=12333.3 route=5 laps=28 crashes=0 avg_out=251.7s avg_ret=210.7s avg_lap=474.4s best_lap=462.6
t=12333.3 route=6 laps=29 crashes=1 avg_out=142.1s avg_ret=124.6s avg_lap=278.7s best_lap=271.2
t=12333.3 route=7 laps=30 crashes=0 avg_out=159.4s avg_ret=124.0s avg_lap=295.5s best_lap=289.8
t=12333.3 route=8 laps=28 crashes=0 avg_out=165.8s avg_ret=142.9s avg_lap=320.7s best_lap=311.2
t=12333.3 TOTAL laps=229 crashes=4
t=12333.3 TUNER gen=3 results=41/64 pending=1 active=1 remaining=23 next_trial=235 rounds=[6,5,4,6,4,6,6,5]
t=12337.3 LAUNCH_BLOCKED reason=landing_or_storage_busy active=1 stored=7 no_active_s=0.0 state=IDLE tractor_cleanup=false elevator_transfer=false deck=none pending=none clearance=Aircraft_11_nav_r8_228 queue=1
t=12352.4 LAUNCH_BLOCKED reason=landing_or_storage_busy active=1 stored=7 no_active_s=0.0 state=IDLE tractor_cleanup=false elevator_transfer=false deck=none pending=none clearance=Aircraft_11_nav_r8_228 queue=1
t=12363.3 ==== SUMMARY t=12363.3 ====
t=12363.3 route=1 laps=30 crashes=0 avg_out=144.8s avg_ret=135.0s avg_lap=291.8s best_lap=274.1
t=12363.3 route=2 laps=27 crashes=2 avg_out=177.4s avg_ret=202.1s avg_lap=391.5s best_lap=377.1
t=12363.3 route=3 laps=28 crashes=0 avg_out=212.4s avg_ret=240.4s avg_lap=464.9s best_lap=454.6
t=12363.3 route=4 laps=29 crashes=1 avg_out=173.2s avg_ret=137.6s avg_lap=322.6s best_lap=303.8
t=12363.3 route=5 laps=28 crashes=0 avg_out=251.7s avg_ret=210.7s avg_lap=474.4s best_lap=462.6
t=12363.3 route=6 laps=29 crashes=1 avg_out=142.1s avg_ret=124.6s avg_lap=278.7s best_lap=271.2
t=12363.3 route=7 laps=30 crashes=0 avg_out=159.4s avg_ret=124.0s avg_lap=295.5s best_lap=289.8
t=12363.3 route=8 laps=28 crashes=0 avg_out=165.8s avg_ret=142.9s avg_lap=320.7s best_lap=311.2
t=12363.3 TOTAL laps=229 crashes=4
t=12363.3 TUNER gen=3 results=41/64 pending=1 active=1 remaining=23 next_trial=235 rounds=[6,5,4,6,4,6,6,5]
t=12367.5 LAUNCH_BLOCKED reason=landing_or_storage_busy active=1 stored=7 no_active_s=0.0 state=IDLE tractor_cleanup=false elevator_transfer=false deck=none pending=none clearance=Aircraft_11_nav_r8_228 queue=1
t=12382.5 LAUNCH_BLOCKED reason=landing_or_storage_busy active=1 stored=7 no_active_s=0.0 state=IDLE tractor_cleanup=false elevator_transfer=false deck=none pending=none clearance=Aircraft_11_nav_r8_228 queue=1
t=12393.3 ==== SUMMARY t=12393.3 ====
t=12393.3 route=1 laps=30 crashes=0 avg_out=144.8s avg_ret=135.0s avg_lap=291.8s best_lap=274.1
t=12393.3 route=2 laps=27 crashes=2 avg_out=177.4s avg_ret=202.1s avg_lap=391.5s best_lap=377.1
t=12393.3 route=3 laps=28 crashes=0 avg_out=212.4s avg_ret=240.4s avg_lap=464.9s best_lap=454.6
t=12393.3 route=4 laps=29 crashes=1 avg_out=173.2s avg_ret=137.6s avg_lap=322.6s best_lap=303.8
t=12393.3 route=5 laps=28 crashes=0 avg_out=251.7s avg_ret=210.7s avg_lap=474.4s best_lap=462.6
t=12393.3 route=6 laps=29 crashes=1 avg_out=142.1s avg_ret=124.6s avg_lap=278.7s best_lap=271.2
t=12393.3 route=7 laps=30 crashes=0 avg_out=159.4s avg_ret=124.0s avg_lap=295.5s best_lap=289.8
t=12393.3 route=8 laps=28 crashes=0 avg_out=165.8s avg_ret=142.9s avg_lap=320.7s best_lap=311.2
t=12393.3 TOTAL laps=229 crashes=4
t=12393.3 TUNER gen=3 results=41/64 pending=1 active=1 remaining=23 next_trial=235 rounds=[6,5,4,6,4,6,6,5]
t=12397.5 LAUNCH_BLOCKED reason=landing_or_storage_busy active=1 stored=7 no_active_s=0.0 state=IDLE tractor_cleanup=false elevator_transfer=false deck=none pending=none clearance=Aircraft_11_nav_r8_228 queue=1
t=12412.6 LAUNCH_BLOCKED reason=landing_or_storage_busy active=1 stored=7 no_active_s=0.0 state=IDLE tractor_cleanup=false elevator_transfer=false deck=none pending=none clearance=Aircraft_11_nav_r8_228 queue=1
t=12423.3 ==== SUMMARY t=12423.3 ====
t=12423.3 route=1 laps=30 crashes=0 avg_out=144.8s avg_ret=135.0s avg_lap=291.8s best_lap=274.1
t=12423.3 route=2 laps=27 crashes=2 avg_out=177.4s avg_ret=202.1s avg_lap=391.5s best_lap=377.1
t=12423.3 route=3 laps=28 crashes=0 avg_out=212.4s avg_ret=240.4s avg_lap=464.9s best_lap=454.6
t=12423.3 route=4 laps=29 crashes=1 avg_out=173.2s avg_ret=137.6s avg_lap=322.6s best_lap=303.8
t=12423.3 route=5 laps=28 crashes=0 avg_out=251.7s avg_ret=210.7s avg_lap=474.4s best_lap=462.6
t=12423.3 route=6 laps=29 crashes=1 avg_out=142.1s avg_ret=124.6s avg_lap=278.7s best_lap=271.2
t=12423.3 route=7 laps=30 crashes=0 avg_out=159.4s avg_ret=124.0s avg_lap=295.5s best_lap=289.8
t=12423.3 route=8 laps=28 crashes=0 avg_out=165.8s avg_ret=142.9s avg_lap=320.7s best_lap=311.2
t=12423.4 TOTAL laps=229 crashes=4
t=12423.4 TUNER gen=3 results=41/64 pending=1 active=1 remaining=23 next_trial=235 rounds=[6,5,4,6,4,6,6,5]
t=12427.6 LAUNCH_BLOCKED reason=landing_or_storage_busy active=1 stored=7 no_active_s=0.0 state=IDLE tractor_cleanup=false elevator_transfer=false deck=none pending=none clearance=Aircraft_11_nav_r8_228 queue=1
t=12437.2 TUNING_TIMEOUT craft=Aircraft_11_nav_r8_228 route=8 trial=228
t=12437.2 IDLE_TUNER_WAIT gen=3 results=42/64 remaining=22 active_nav=0 stored=7 state=IDLE next_trial=235
t=12437.2 CRASH craft=Aircraft_11_nav_r8_228 route=8 phase=2 t=12437.2
t=12442.7 LAUNCH_BLOCKED reason=deck_busy active=1 stored=7 no_active_s=0.0 state=RETRIEVING_FROM_HANGAR tractor_cleanup=false elevator_transfer=false deck=Aircraft_11_nav_r1_235 pending=none clearance=none queue=0
t=12452.9 SPAWN craft=Aircraft_11_nav_r1_235 route=1 candidate=7 trial=235 t=12452.9
t=12453.3 ==== SUMMARY t=12453.3 ====
t=12453.3 route=1 laps=30 crashes=0 avg_out=144.8s avg_ret=135.0s avg_lap=291.8s best_lap=274.1
t=12453.3 route=2 laps=27 crashes=2 avg_out=177.4s avg_ret=202.1s avg_lap=391.5s best_lap=377.1
t=12453.3 route=3 laps=28 crashes=0 avg_out=212.4s avg_ret=240.4s avg_lap=464.9s best_lap=454.6
t=12453.4 route=4 laps=29 crashes=1 avg_out=173.2s avg_ret=137.6s avg_lap=322.6s best_lap=303.8
t=12453.4 route=5 laps=28 crashes=0 avg_out=251.7s avg_ret=210.7s avg_lap=474.4s best_lap=462.6
t=12453.4 route=6 laps=29 crashes=1 avg_out=142.1s avg_ret=124.6s avg_lap=278.7s best_lap=271.2
t=12453.4 route=7 laps=30 crashes=0 avg_out=159.4s avg_ret=124.0s avg_lap=295.5s best_lap=289.8
t=12453.4 route=8 laps=28 crashes=1 avg_out=165.8s avg_ret=142.9s avg_lap=320.7s best_lap=311.2
t=12453.4 TOTAL laps=229 crashes=5
t=12453.4 TUNER gen=3 results=42/64 pending=1 active=1 remaining=22 next_trial=236 rounds=[7,5,4,6,4,6,6,5]
t=12457.7 LAUNCH_BLOCKED reason=cleared_unready_nav_deck_aircraft active=1 stored=7 no_active_s=0.0 state=IDLE tractor_cleanup=false elevator_transfer=false deck=Aircraft_11_nav_r1_235 pending=none clearance=none queue=0
t=12472.8 LAUNCH_BLOCKED reason=deck_busy active=2 stored=6 no_active_s=0.0 state=AIRCRAFT_ON_DECK tractor_cleanup=false elevator_transfer=false deck=Aircraft_11_nav_r6_236 pending=none clearance=none queue=0
t=12473.0 SPAWN craft=Aircraft_11_nav_r6_236 route=6 candidate=4 trial=236 t=12473.0
t=12483.3 ==== SUMMARY t=12483.3 ====
t=12483.3 route=1 laps=30 crashes=0 avg_out=144.8s avg_ret=135.0s avg_lap=291.8s best_lap=274.1
t=12483.3 route=2 laps=27 crashes=2 avg_out=177.4s avg_ret=202.1s avg_lap=391.5s best_lap=377.1
t=12483.4 route=3 laps=28 crashes=0 avg_out=212.4s avg_ret=240.4s avg_lap=464.9s best_lap=454.6
t=12483.4 route=4 laps=29 crashes=1 avg_out=173.2s avg_ret=137.6s avg_lap=322.6s best_lap=303.8
t=12483.4 route=5 laps=28 crashes=0 avg_out=251.7s avg_ret=210.7s avg_lap=474.4s best_lap=462.6
t=12483.4 route=6 laps=29 crashes=1 avg_out=142.1s avg_ret=124.6s avg_lap=278.7s best_lap=271.2
t=12483.4 route=7 laps=30 crashes=0 avg_out=159.4s avg_ret=124.0s avg_lap=295.5s best_lap=289.8
t=12483.4 route=8 laps=28 crashes=1 avg_out=165.8s avg_ret=142.9s avg_lap=320.7s best_lap=311.2
t=12483.4 TOTAL laps=229 crashes=5
t=12483.4 TUNER gen=3 results=42/64 pending=2 active=2 remaining=22 next_trial=237 rounds=[7,5,4,6,4,7,6,5]
t=12487.9 LAUNCH_BLOCKED reason=deck_busy active=3 stored=5 no_active_s=0.0 state=AIRCRAFT_ON_DECK tractor_cleanup=false elevator_transfer=true deck=Aircraft_11_nav_r3_237 pending=none clearance=none queue=0
t=12493.1 SPAWN craft=Aircraft_11_nav_r3_237 route=3 candidate=7 trial=237 t=12493.1
t=12507.9 LAUNCH_BLOCKED reason=deck_busy active=4 stored=4 no_active_s=0.0 state=AIRCRAFT_ON_DECK tractor_cleanup=false elevator_transfer=true deck=Aircraft_11_nav_r7_238 pending=none clearance=none queue=0
t=12513.2 SPAWN craft=Aircraft_11_nav_r7_238 route=7 candidate=5 trial=238 t=12513.2
t=12513.4 ==== SUMMARY t=12513.4 ====
t=12513.4 route=1 laps=30 crashes=0 avg_out=144.8s avg_ret=135.0s avg_lap=291.8s best_lap=274.1
t=12513.4 route=2 laps=27 crashes=2 avg_out=177.4s avg_ret=202.1s avg_lap=391.5s best_lap=377.1
t=12513.4 route=3 laps=28 crashes=0 avg_out=212.4s avg_ret=240.4s avg_lap=464.9s best_lap=454.6
t=12513.4 route=4 laps=29 crashes=1 avg_out=173.2s avg_ret=137.6s avg_lap=322.6s best_lap=303.8
t=12513.4 route=5 laps=28 crashes=0 avg_out=251.7s avg_ret=210.7s avg_lap=474.4s best_lap=462.6
t=12513.4 route=6 laps=29 crashes=1 avg_out=142.1s avg_ret=124.6s avg_lap=278.7s best_lap=271.2
t=12513.4 route=7 laps=30 crashes=0 avg_out=159.4s avg_ret=124.0s avg_lap=295.5s best_lap=289.8
t=12513.4 route=8 laps=28 crashes=1 avg_out=165.8s avg_ret=142.9s avg_lap=320.7s best_lap=311.2
t=12513.4 TOTAL laps=229 crashes=5
t=12513.4 TUNER gen=3 results=42/64 pending=4 active=4 remaining=22 next_trial=239 rounds=[7,5,5,6,4,7,7,5]
t=12523.0 LAUNCH_BLOCKED reason=deck_busy active=5 stored=3 no_active_s=0.0 state=RETRIEVING_FROM_HANGAR tractor_cleanup=false elevator_transfer=false deck=Aircraft_11_nav_r5_239 pending=none clearance=none queue=0
t=12533.3 SPAWN craft=Aircraft_11_nav_r5_239 route=5 candidate=1 trial=239 t=12533.3
t=12538.1 LAUNCH_BLOCKED reason=cleared_unready_nav_deck_aircraft active=5 stored=3 no_active_s=0.0 state=IDLE tractor_cleanup=false elevator_transfer=false deck=Aircraft_11_nav_r5_239 pending=none clearance=none queue=0
t=12543.4 ==== SUMMARY t=12543.4 ====
t=12543.4 route=1 laps=30 crashes=0 avg_out=144.8s avg_ret=135.0s avg_lap=291.8s best_lap=274.1
t=12543.4 route=2 laps=27 crashes=2 avg_out=177.4s avg_ret=202.1s avg_lap=391.5s best_lap=377.1
t=12543.4 route=3 laps=28 crashes=0 avg_out=212.4s avg_ret=240.4s avg_lap=464.9s best_lap=454.6
t=12543.4 route=4 laps=29 crashes=1 avg_out=173.2s avg_ret=137.6s avg_lap=322.6s best_lap=303.8
t=12543.4 route=5 laps=28 crashes=0 avg_out=251.7s avg_ret=210.7s avg_lap=474.4s best_lap=462.6
t=12543.4 route=6 laps=29 crashes=1 avg_out=142.1s avg_ret=124.6s avg_lap=278.7s best_lap=271.2
t=12543.5 route=7 laps=30 crashes=0 avg_out=159.4s avg_ret=124.0s avg_lap=295.5s best_lap=289.8
t=12543.5 route=8 laps=28 crashes=1 avg_out=165.8s avg_ret=142.9s avg_lap=320.7s best_lap=311.2
t=12543.5 TOTAL laps=229 crashes=5
t=12543.5 TUNER gen=3 results=42/64 pending=5 active=5 remaining=22 next_trial=240 rounds=[7,5,5,6,5,7,7,5]
t=12553.1 LAUNCH_BLOCKED reason=deck_busy active=6 stored=2 no_active_s=0.0 state=AIRCRAFT_ON_DECK tractor_cleanup=false elevator_transfer=false deck=Aircraft_11_nav_r4_240 pending=none clearance=none queue=0
t=12553.4 SPAWN craft=Aircraft_11_nav_r4_240 route=4 candidate=2 trial=240 t=12553.4
t=12568.2 LAUNCH_BLOCKED reason=deck_busy active=7 stored=1 no_active_s=0.0 state=AIRCRAFT_ON_DECK tractor_cleanup=false elevator_transfer=true deck=Aircraft_11_nav_r2_241 pending=none clearance=none queue=0
t=12573.4 SPAWN craft=Aircraft_11_nav_r2_241 route=2 candidate=7 trial=241 t=12573.4
t=12573.4 ==== SUMMARY t=12573.4 ====
t=12573.4 route=1 laps=30 crashes=0 avg_out=144.8s avg_ret=135.0s avg_lap=291.8s best_lap=274.1
t=12573.4 route=2 laps=27 crashes=2 avg_out=177.4s avg_ret=202.1s avg_lap=391.5s best_lap=377.1
t=12573.5 route=3 laps=28 crashes=0 avg_out=212.4s avg_ret=240.4s avg_lap=464.9s best_lap=454.6
t=12573.5 route=4 laps=29 crashes=1 avg_out=173.2s avg_ret=137.6s avg_lap=322.6s best_lap=303.8
t=12573.5 route=5 laps=28 crashes=0 avg_out=251.7s avg_ret=210.7s avg_lap=474.4s best_lap=462.6
t=12573.5 route=6 laps=29 crashes=1 avg_out=142.1s avg_ret=124.6s avg_lap=278.7s best_lap=271.2
t=12573.5 route=7 laps=30 crashes=0 avg_out=159.4s avg_ret=124.0s avg_lap=295.5s best_lap=289.8
t=12573.5 route=8 laps=28 crashes=1 avg_out=165.8s avg_ret=142.9s avg_lap=320.7s best_lap=311.2
t=12573.5 TOTAL laps=229 crashes=5
t=12573.5 TUNER gen=3 results=42/64 pending=7 active=7 remaining=22 next_trial=242 rounds=[7,6,5,7,5,7,7,5]
t=12591.8 LZ_REACHED craft=Aircraft_11_nav_r1_235 route=1 outbound=138.9s t=12591.8
t=12593.5 SPAWN craft=Aircraft_11_nav_r8_242 route=8 candidate=5 trial=242 t=12593.5
t=12603.5 ==== SUMMARY t=12603.5 ====
t=12603.5 route=1 laps=30 crashes=0 avg_out=144.6s avg_ret=135.0s avg_lap=291.8s best_lap=274.1
t=12603.5 route=2 laps=27 crashes=2 avg_out=177.4s avg_ret=202.1s avg_lap=391.5s best_lap=377.1
t=12603.5 route=3 laps=28 crashes=0 avg_out=212.4s avg_ret=240.4s avg_lap=464.9s best_lap=454.6
t=12603.5 route=4 laps=29 crashes=1 avg_out=173.2s avg_ret=137.6s avg_lap=322.6s best_lap=303.8
t=12603.5 route=5 laps=28 crashes=0 avg_out=251.7s avg_ret=210.7s avg_lap=474.4s best_lap=462.6
t=12603.5 route=6 laps=29 crashes=1 avg_out=142.1s avg_ret=124.6s avg_lap=278.7s best_lap=271.2
t=12603.5 route=7 laps=30 crashes=0 avg_out=159.4s avg_ret=124.0s avg_lap=295.5s best_lap=289.8
t=12603.5 route=8 laps=28 crashes=1 avg_out=165.8s avg_ret=142.9s avg_lap=320.7s best_lap=311.2
t=12603.5 TOTAL laps=229 crashes=5
t=12603.5 TUNER gen=3 results=42/64 pending=8 active=8 remaining=22 next_trial=243 rounds=[7,6,5,7,5,7,7,6]
t=12610.1 LZ_REACHED craft=Aircraft_11_nav_r6_236 route=6 outbound=137.1s t=12610.1
t=12633.5 ==== SUMMARY t=12633.5 ====
t=12633.5 route=1 laps=30 crashes=0 avg_out=144.6s avg_ret=135.0s avg_lap=291.8s best_lap=274.1
t=12633.5 route=2 laps=27 crashes=2 avg_out=177.4s avg_ret=202.1s avg_lap=391.5s best_lap=377.1
t=12633.5 route=3 laps=28 crashes=0 avg_out=212.4s avg_ret=240.4s avg_lap=464.9s best_lap=454.6
t=12633.5 route=4 laps=29 crashes=1 avg_out=173.2s avg_ret=137.6s avg_lap=322.6s best_lap=303.8
t=12633.5 route=5 laps=28 crashes=0 avg_out=251.7s avg_ret=210.7s avg_lap=474.4s best_lap=462.6
t=12633.5 route=6 laps=29 crashes=1 avg_out=142.0s avg_ret=124.6s avg_lap=278.7s best_lap=271.2
t=12633.5 route=7 laps=30 crashes=0 avg_out=159.4s avg_ret=124.0s avg_lap=295.5s best_lap=289.8
t=12633.6 route=8 laps=28 crashes=1 avg_out=165.8s avg_ret=142.9s avg_lap=320.7s best_lap=311.2
t=12633.6 TOTAL laps=229 crashes=5
t=12633.6 TUNER gen=3 results=42/64 pending=8 active=8 remaining=22 next_trial=243 rounds=[7,6,5,7,5,7,7,6]
t=12663.5 ==== SUMMARY t=12663.5 ====
t=12663.5 route=1 laps=30 crashes=0 avg_out=144.6s avg_ret=135.0s avg_lap=291.8s best_lap=274.1
t=12663.5 route=2 laps=27 crashes=2 avg_out=177.4s avg_ret=202.1s avg_lap=391.5s best_lap=377.1
t=12663.5 route=3 laps=28 crashes=0 avg_out=212.4s avg_ret=240.4s avg_lap=464.9s best_lap=454.6
t=12663.5 route=4 laps=29 crashes=1 avg_out=173.2s avg_ret=137.6s avg_lap=322.6s best_lap=303.8
t=12663.5 route=5 laps=28 crashes=0 avg_out=251.7s avg_ret=210.7s avg_lap=474.4s best_lap=462.6
t=12663.5 route=6 laps=29 crashes=1 avg_out=142.0s avg_ret=124.6s avg_lap=278.7s best_lap=271.2
t=12663.5 route=7 laps=30 crashes=0 avg_out=159.4s avg_ret=124.0s avg_lap=295.5s best_lap=289.8
t=12663.6 route=8 laps=28 crashes=1 avg_out=165.8s avg_ret=142.9s avg_lap=320.7s best_lap=311.2
t=12663.6 TOTAL laps=229 crashes=5
t=12663.6 TUNER gen=3 results=42/64 pending=8 active=8 remaining=22 next_trial=243 rounds=[7,6,5,7,5,7,7,6]
t=12670.6 LZ_REACHED craft=Aircraft_11_nav_r7_238 route=7 outbound=157.4s t=12670.6
t=12693.6 ==== SUMMARY t=12693.6 ====
t=12693.6 route=1 laps=30 crashes=0 avg_out=144.6s avg_ret=135.0s avg_lap=291.8s best_lap=274.1
t=12693.6 route=2 laps=27 crashes=2 avg_out=177.4s avg_ret=202.1s avg_lap=391.5s best_lap=377.1
t=12693.6 route=3 laps=28 crashes=0 avg_out=212.4s avg_ret=240.4s avg_lap=464.9s best_lap=454.6
t=12693.6 route=4 laps=29 crashes=1 avg_out=173.2s avg_ret=137.6s avg_lap=322.6s best_lap=303.8
t=12693.6 route=5 laps=28 crashes=0 avg_out=251.7s avg_ret=210.7s avg_lap=474.4s best_lap=462.6
t=12693.6 route=6 laps=29 crashes=1 avg_out=142.0s avg_ret=124.6s avg_lap=278.7s best_lap=271.2
t=12693.6 route=7 laps=30 crashes=0 avg_out=159.4s avg_ret=124.0s avg_lap=295.5s best_lap=289.8
t=12693.6 route=8 laps=28 crashes=1 avg_out=165.8s avg_ret=142.9s avg_lap=320.7s best_lap=311.2
t=12693.6 TOTAL laps=229 crashes=5
t=12693.6 TUNER gen=3 results=42/64 pending=8 active=8 remaining=22 next_trial=243 rounds=[7,6,5,7,5,7,7,6]
t=12701.0 LZ_REACHED craft=Aircraft_11_nav_r3_237 route=3 outbound=207.9s t=12701.0
t=12723.5 ==== SUMMARY t=12723.5 ====
t=12723.6 route=1 laps=30 crashes=0 avg_out=144.6s avg_ret=135.0s avg_lap=291.8s best_lap=274.1
t=12723.6 route=2 laps=27 crashes=2 avg_out=177.4s avg_ret=202.1s avg_lap=391.5s best_lap=377.1
t=12723.6 route=3 laps=28 crashes=0 avg_out=212.3s avg_ret=240.4s avg_lap=464.9s best_lap=454.6
t=12723.6 route=4 laps=29 crashes=1 avg_out=173.2s avg_ret=137.6s avg_lap=322.6s best_lap=303.8
t=12723.6 route=5 laps=28 crashes=0 avg_out=251.7s avg_ret=210.7s avg_lap=474.4s best_lap=462.6
t=12723.6 route=6 laps=29 crashes=1 avg_out=142.0s avg_ret=124.6s avg_lap=278.7s best_lap=271.2
t=12723.6 route=7 laps=30 crashes=0 avg_out=159.4s avg_ret=124.0s avg_lap=295.5s best_lap=289.8
t=12723.6 route=8 laps=28 crashes=1 avg_out=165.8s avg_ret=142.9s avg_lap=320.7s best_lap=311.2
t=12723.6 TOTAL laps=229 crashes=5
t=12723.6 TUNER gen=3 results=42/64 pending=8 active=8 remaining=22 next_trial=243 rounds=[7,6,5,7,5,7,7,6]
t=12726.2 LZ_REACHED craft=Aircraft_11_nav_r4_240 route=4 outbound=172.8s t=12726.2
t=12738.9 LAP_CAPTURE craft=Aircraft_11_nav_r1_235 route=1 return=135.1s lap=286.0s carrier_dist=200m t=12738.9
t=12744.7 LAP_CAPTURE craft=Aircraft_11_nav_r6_236 route=6 return=122.6s lap=271.7s carrier_dist=200m t=12744.7
t=12749.5 LZ_REACHED craft=Aircraft_11_nav_r2_241 route=2 outbound=176.1s t=12749.5
t=12753.6 ==== SUMMARY t=12753.6 ====
t=12753.6 route=1 laps=31 crashes=0 avg_out=144.6s avg_ret=135.0s avg_lap=291.6s best_lap=274.1
t=12753.6 route=2 laps=27 crashes=2 avg_out=177.3s avg_ret=202.1s avg_lap=391.5s best_lap=377.1
t=12753.6 route=3 laps=28 crashes=0 avg_out=212.3s avg_ret=240.4s avg_lap=464.9s best_lap=454.6
t=12753.6 route=4 laps=29 crashes=1 avg_out=173.2s avg_ret=137.6s avg_lap=322.6s best_lap=303.8
t=12753.6 route=5 laps=28 crashes=0 avg_out=251.7s avg_ret=210.7s avg_lap=474.4s best_lap=462.6
t=12753.6 route=6 laps=30 crashes=1 avg_out=142.0s avg_ret=124.5s avg_lap=278.5s best_lap=271.2
t=12753.6 route=7 laps=30 crashes=0 avg_out=159.4s avg_ret=124.0s avg_lap=295.5s best_lap=289.8
t=12753.6 route=8 laps=28 crashes=1 avg_out=165.8s avg_ret=142.9s avg_lap=320.7s best_lap=311.2
t=12753.6 TOTAL laps=231 crashes=5
t=12753.6 TUNER gen=3 results=44/64 pending=7 active=7 remaining=20 next_trial=244 rounds=[8,6,5,7,5,7,7,6]
t=12753.8 LAUNCH_BLOCKED reason=deck_busy active=7 stored=1 no_active_s=0.0 state=AIRCRAFT_ON_DECK tractor_cleanup=false elevator_transfer=true deck=Aircraft_11_nav_r1_243 pending=none clearance=none queue=0
t=12759.0 SPAWN craft=Aircraft_11_nav_r1_243 route=1 candidate=8 trial=243 t=12759.0
t=12761.6 LZ_REACHED craft=Aircraft_11_nav_r8_242 route=8 outbound=168.2s t=12761.6
t=12777.8 LZ_REACHED craft=Aircraft_11_nav_r5_239 route=5 outbound=244.5s t=12777.8
t=12779.1 SPAWN craft=Aircraft_11_nav_r6_244 route=6 candidate=5 trial=244 t=12779.1
t=12783.6 ==== SUMMARY t=12783.6 ====
t=12783.6 route=1 laps=31 crashes=0 avg_out=144.6s avg_ret=135.0s avg_lap=291.6s best_lap=274.1
t=12783.6 route=2 laps=27 crashes=2 avg_out=177.3s avg_ret=202.1s avg_lap=391.5s best_lap=377.1
t=12783.6 route=3 laps=28 crashes=0 avg_out=212.3s avg_ret=240.4s avg_lap=464.9s best_lap=454.6
t=12783.6 route=4 laps=29 crashes=1 avg_out=173.2s avg_ret=137.6s avg_lap=322.6s best_lap=303.8
t=12783.6 route=5 laps=28 crashes=0 avg_out=251.4s avg_ret=210.7s avg_lap=474.4s best_lap=462.6
t=12783.6 route=6 laps=30 crashes=1 avg_out=142.0s avg_ret=124.5s avg_lap=278.5s best_lap=271.2
t=12783.6 route=7 laps=30 crashes=0 avg_out=159.4s avg_ret=124.0s avg_lap=295.5s best_lap=289.8
t=12783.6 route=8 laps=28 crashes=1 avg_out=165.8s avg_ret=142.9s avg_lap=320.7s best_lap=311.2
t=12783.7 TOTAL laps=231 crashes=5
t=12783.7 TUNER gen=3 results=44/64 pending=8 active=8 remaining=20 next_trial=245 rounds=[8,6,5,7,5,8,7,6]
t=12807.7 LAP_CAPTURE craft=Aircraft_11_nav_r7_238 route=7 return=125.1s lap=294.5s carrier_dist=200m t=12807.7
t=12813.7 ==== SUMMARY t=12813.7 ====
t=12813.7 route=1 laps=31 crashes=0 avg_out=144.6s avg_ret=135.0s avg_lap=291.6s best_lap=274.1
t=12813.7 route=2 laps=27 crashes=2 avg_out=177.3s avg_ret=202.1s avg_lap=391.5s best_lap=377.1
t=12813.7 route=3 laps=28 crashes=0 avg_out=212.3s avg_ret=240.4s avg_lap=464.9s best_lap=454.6
t=12813.7 route=4 laps=29 crashes=1 avg_out=173.2s avg_ret=137.6s avg_lap=322.6s best_lap=303.8
t=12813.7 route=5 laps=28 crashes=0 avg_out=251.4s avg_ret=210.7s avg_lap=474.4s best_lap=462.6
t=12813.7 route=6 laps=30 crashes=1 avg_out=142.0s avg_ret=124.5s avg_lap=278.5s best_lap=271.2
t=12813.8 route=7 laps=31 crashes=0 avg_out=159.4s avg_ret=124.1s avg_lap=295.4s best_lap=289.8
t=12813.8 route=8 laps=28 crashes=1 avg_out=165.8s avg_ret=142.9s avg_lap=320.7s best_lap=311.2
t=12813.8 TOTAL laps=232 crashes=5
t=12813.8 TUNER gen=3 results=45/64 pending=7 active=7 remaining=19 next_trial=245 rounds=[8,6,5,7,5,8,7,6]
t=12824.5 SPAWN craft=Aircraft_11_nav_r7_245 route=7 candidate=6 trial=245 t=12824.5
t=12843.8 ==== SUMMARY t=12843.8 ====
t=12843.8 route=1 laps=31 crashes=0 avg_out=144.6s avg_ret=135.0s avg_lap=291.6s best_lap=274.1
t=12843.8 route=2 laps=27 crashes=2 avg_out=177.3s avg_ret=202.1s avg_lap=391.5s best_lap=377.1
t=12843.8 route=3 laps=28 crashes=0 avg_out=212.3s avg_ret=240.4s avg_lap=464.9s best_lap=454.6
t=12843.8 route=4 laps=29 crashes=1 avg_out=173.2s avg_ret=137.6s avg_lap=322.6s best_lap=303.8
t=12843.8 route=5 laps=28 crashes=0 avg_out=251.4s avg_ret=210.7s avg_lap=474.4s best_lap=462.6
t=12843.8 route=6 laps=30 crashes=1 avg_out=142.0s avg_ret=124.5s avg_lap=278.5s best_lap=271.2
t=12843.8 route=7 laps=31 crashes=0 avg_out=159.4s avg_ret=124.1s avg_lap=295.4s best_lap=289.8
t=12843.8 route=8 laps=28 crashes=1 avg_out=165.8s avg_ret=142.9s avg_lap=320.7s best_lap=311.2
t=12843.8 TOTAL laps=232 crashes=5
t=12843.8 TUNER gen=3 results=45/64 pending=8 active=8 remaining=19 next_trial=246 rounds=[8,6,5,7,5,8,8,6]
t=12873.8 ==== SUMMARY t=12873.8 ====
t=12873.8 route=1 laps=31 crashes=0 avg_out=144.6s avg_ret=135.0s avg_lap=291.6s best_lap=274.1
t=12873.8 route=2 laps=27 crashes=2 avg_out=177.3s avg_ret=202.1s avg_lap=391.5s best_lap=377.1
t=12873.8 route=3 laps=28 crashes=0 avg_out=212.3s avg_ret=240.4s avg_lap=464.9s best_lap=454.6
t=12873.8 route=4 laps=29 crashes=1 avg_out=173.2s avg_ret=137.6s avg_lap=322.6s best_lap=303.8
t=12873.8 route=5 laps=28 crashes=0 avg_out=251.4s avg_ret=210.7s avg_lap=474.4s best_lap=462.6
t=12873.8 route=6 laps=30 crashes=1 avg_out=142.0s avg_ret=124.5s avg_lap=278.5s best_lap=271.2
t=12873.8 route=7 laps=31 crashes=0 avg_out=159.4s avg_ret=124.1s avg_lap=295.4s best_lap=289.8
t=12873.8 route=8 laps=28 crashes=1 avg_out=165.8s avg_ret=142.9s avg_lap=320.7s best_lap=311.2
t=12873.8 TOTAL laps=232 crashes=5
t=12873.8 TUNER gen=3 results=45/64 pending=8 active=8 remaining=19 next_trial=246 rounds=[8,6,5,7,5,8,8,6]
t=12874.5 LAP_CAPTURE craft=Aircraft_11_nav_r4_240 route=4 return=136.4s lap=321.2s carrier_dist=200m t=12874.5
t=12894.6 SPAWN craft=Aircraft_11_nav_r4_246 route=4 candidate=3 trial=246 t=12894.6
t=12902.0 LZ_REACHED craft=Aircraft_11_nav_r1_243 route=1 outbound=142.9s t=12902.0
t=12903.8 ==== SUMMARY t=12903.8 ====
t=12903.8 route=1 laps=31 crashes=0 avg_out=144.6s avg_ret=135.0s avg_lap=291.6s best_lap=274.1
t=12903.8 route=2 laps=27 crashes=2 avg_out=177.3s avg_ret=202.1s avg_lap=391.5s best_lap=377.1
t=12903.8 route=3 laps=28 crashes=0 avg_out=212.3s avg_ret=240.4s avg_lap=464.9s best_lap=454.6
t=12903.8 route=4 laps=30 crashes=1 avg_out=173.2s avg_ret=137.6s avg_lap=322.6s best_lap=303.8
t=12903.8 route=5 laps=28 crashes=0 avg_out=251.4s avg_ret=210.7s avg_lap=474.4s best_lap=462.6
t=12903.8 route=6 laps=30 crashes=1 avg_out=142.0s avg_ret=124.5s avg_lap=278.5s best_lap=271.2
t=12903.8 route=7 laps=31 crashes=0 avg_out=159.4s avg_ret=124.1s avg_lap=295.4s best_lap=289.8
t=12903.8 route=8 laps=28 crashes=1 avg_out=165.8s avg_ret=142.9s avg_lap=320.7s best_lap=311.2
t=12903.8 TOTAL laps=233 crashes=5
t=12903.8 TUNER gen=3 results=46/64 pending=8 active=8 remaining=18 next_trial=247 rounds=[8,6,5,8,5,8,8,6]
t=12918.7 LAP_CAPTURE craft=Aircraft_11_nav_r8_242 route=8 return=145.0s lap=325.2s carrier_dist=200m t=12918.7
t=12919.2 LZ_REACHED craft=Aircraft_11_nav_r6_244 route=6 outbound=140.1s t=12919.2
t=12933.8 ==== SUMMARY t=12933.8 ====
t=12933.8 route=1 laps=31 crashes=0 avg_out=144.6s avg_ret=135.0s avg_lap=291.6s best_lap=274.1
t=12933.8 route=2 laps=27 crashes=2 avg_out=177.3s avg_ret=202.1s avg_lap=391.5s best_lap=377.1
t=12933.8 route=3 laps=28 crashes=0 avg_out=212.3s avg_ret=240.4s avg_lap=464.9s best_lap=454.6
t=12933.8 route=4 laps=30 crashes=1 avg_out=173.2s avg_ret=137.6s avg_lap=322.6s best_lap=303.8
t=12933.8 route=5 laps=28 crashes=0 avg_out=251.4s avg_ret=210.7s avg_lap=474.4s best_lap=462.6
t=12933.8 route=6 laps=30 crashes=1 avg_out=141.9s avg_ret=124.5s avg_lap=278.5s best_lap=271.2
t=12933.8 route=7 laps=31 crashes=0 avg_out=159.4s avg_ret=124.1s avg_lap=295.4s best_lap=289.8
t=12933.8 route=8 laps=29 crashes=1 avg_out=165.8s avg_ret=142.9s avg_lap=320.8s best_lap=311.2
t=12933.9 TOTAL laps=234 crashes=5
t=12933.9 TUNER gen=3 results=47/64 pending=8 active=8 remaining=17 next_trial=248 rounds=[8,6,5,8,5,8,8,7]
t=12934.8 SPAWN craft=Aircraft_11_nav_r8_247 route=8 candidate=6 trial=247 t=12934.8
t=12948.6 LAP_CAPTURE craft=Aircraft_11_nav_r3_237 route=3 return=235.7s lap=455.5s carrier_dist=200m t=12948.6
t=12961.5 LAP_CAPTURE craft=Aircraft_11_nav_r2_241 route=2 return=199.9s lap=388.0s carrier_dist=200m t=12961.5
t=12963.9 ==== SUMMARY t=12963.9 ====
t=12963.9 route=1 laps=31 crashes=0 avg_out=144.6s avg_ret=135.0s avg_lap=291.6s best_lap=274.1
t=12963.9 route=2 laps=28 crashes=2 avg_out=177.3s avg_ret=202.0s avg_lap=391.4s best_lap=377.1
t=12963.9 route=3 laps=29 crashes=0 avg_out=212.3s avg_ret=240.3s avg_lap=464.6s best_lap=454.6
t=12963.9 route=4 laps=30 crashes=1 avg_out=173.2s avg_ret=137.6s avg_lap=322.6s best_lap=303.8
t=12963.9 route=5 laps=28 crashes=0 avg_out=251.4s avg_ret=210.7s avg_lap=474.4s best_lap=462.6
t=12963.9 route=6 laps=30 crashes=1 avg_out=141.9s avg_ret=124.5s avg_lap=278.5s best_lap=271.2
t=12963.9 route=7 laps=31 crashes=0 avg_out=159.4s avg_ret=124.1s avg_lap=295.4s best_lap=289.8
t=12963.9 route=8 laps=29 crashes=1 avg_out=165.8s avg_ret=142.9s avg_lap=320.8s best_lap=311.2
t=12963.9 TOTAL laps=236 crashes=5
t=12964.0 TUNER gen=3 results=49/64 pending=7 active=7 remaining=15 next_trial=249 rounds=[8,6,6,8,5,8,8,7]
t=12964.9 SPAWN craft=Aircraft_11_nav_r3_248 route=3 candidate=8 trial=248 t=12964.9
t=12969.7 LAUNCH_BLOCKED reason=cleared_unready_nav_deck_aircraft active=7 stored=1 no_active_s=0.0 state=IDLE tractor_cleanup=false elevator_transfer=false deck=Aircraft_11_nav_r3_248 pending=none clearance=none queue=0
t=12981.8 LZ_REACHED craft=Aircraft_11_nav_r7_245 route=7 outbound=157.3s t=12981.8
t=12984.9 SPAWN craft=Aircraft_11_nav_r2_249 route=2 candidate=8 trial=249 t=12984.9
t=12993.9 ==== SUMMARY t=12993.9 ====
t=12993.9 route=1 laps=31 crashes=0 avg_out=144.6s avg_ret=135.0s avg_lap=291.6s best_lap=274.1
t=12993.9 route=2 laps=28 crashes=2 avg_out=177.3s avg_ret=202.0s avg_lap=391.4s best_lap=377.1
t=12993.9 route=3 laps=29 crashes=0 avg_out=212.3s avg_ret=240.3s avg_lap=464.6s best_lap=454.6
t=12993.9 route=4 laps=30 crashes=1 avg_out=173.2s avg_ret=137.6s avg_lap=322.6s best_lap=303.8
t=12994.0 route=5 laps=28 crashes=0 avg_out=251.4s avg_ret=210.7s avg_lap=474.4s best_lap=462.6
t=12994.0 route=6 laps=30 crashes=1 avg_out=141.9s avg_ret=124.5s avg_lap=278.5s best_lap=271.2
t=12994.0 route=7 laps=31 crashes=0 avg_out=159.3s avg_ret=124.1s avg_lap=295.4s best_lap=289.8
t=12994.0 route=8 laps=29 crashes=1 avg_out=165.8s avg_ret=142.9s avg_lap=320.8s best_lap=311.2
t=12994.0 TOTAL laps=236 crashes=5
t=12994.0 TUNER gen=3 results=49/64 pending=8 active=8 remaining=15 next_trial=250 rounds=[8,7,6,8,5,8,8,7]
t=12994.1 LAP_CAPTURE craft=Aircraft_11_nav_r5_239 route=5 return=204.3s lap=460.9s carrier_dist=200m t=12994.1
t=13010.2 SPAWN craft=Aircraft_11_nav_r5_250 route=5 candidate=2 trial=250 t=13010.2
t=13024.0 ==== SUMMARY t=13024.0 ====
t=13024.1 route=1 laps=31 crashes=0 avg_out=144.6s avg_ret=135.0s avg_lap=291.6s best_lap=274.1
t=13024.1 route=2 laps=28 crashes=2 avg_out=177.3s avg_ret=202.0s avg_lap=391.4s best_lap=377.1
t=13024.1 route=3 laps=29 crashes=0 avg_out=212.3s avg_ret=240.3s avg_lap=464.6s best_lap=454.6
t=13024.1 route=4 laps=30 crashes=1 avg_out=173.2s avg_ret=137.6s avg_lap=322.6s best_lap=303.8
t=13024.1 route=5 laps=29 crashes=0 avg_out=251.4s avg_ret=210.5s avg_lap=473.9s best_lap=460.9
t=13024.1 route=6 laps=30 crashes=1 avg_out=141.9s avg_ret=124.5s avg_lap=278.5s best_lap=271.2
t=13024.1 route=7 laps=31 crashes=0 avg_out=159.3s avg_ret=124.1s avg_lap=295.4s best_lap=289.8
t=13024.1 route=8 laps=29 crashes=1 avg_out=165.8s avg_ret=142.9s avg_lap=320.8s best_lap=311.2
t=13024.1 TOTAL laps=237 crashes=5
t=13024.1 TUNER gen=3 results=50/64 pending=8 active=8 remaining=14 next_trial=251 rounds=[8,7,6,8,6,8,8,7]
t=13036.7 LAP_CAPTURE craft=Aircraft_11_nav_r1_243 route=1 return=122.7s lap=277.7s carrier_dist=200m t=13036.7
t=13047.8 TUNING_REASSIGN craft=Aircraft_11_nav_r1_251 requested_route=1 assigned_route=3
t=13054.2 ==== SUMMARY t=13054.2 ====
t=13054.2 route=1 laps=32 crashes=0 avg_out=144.6s avg_ret=134.6s avg_lap=291.2s best_lap=274.1
t=13054.2 route=2 laps=28 crashes=2 avg_out=177.3s avg_ret=202.0s avg_lap=391.4s best_lap=377.1
t=13054.2 route=3 laps=29 crashes=0 avg_out=212.3s avg_ret=240.3s avg_lap=464.6s best_lap=454.6
t=13054.2 route=4 laps=30 crashes=1 avg_out=173.2s avg_ret=137.6s avg_lap=322.6s best_lap=303.8
t=13054.2 route=5 laps=29 crashes=0 avg_out=251.4s avg_ret=210.5s avg_lap=473.9s best_lap=460.9
t=13054.2 route=6 laps=30 crashes=1 avg_out=141.9s avg_ret=124.5s avg_lap=278.5s best_lap=271.2
t=13054.2 route=7 laps=31 crashes=0 avg_out=159.3s avg_ret=124.1s avg_lap=295.4s best_lap=289.8
t=13054.2 route=8 laps=29 crashes=1 avg_out=165.8s avg_ret=142.9s avg_lap=320.8s best_lap=311.2
t=13054.2 TOTAL laps=238 crashes=5
t=13054.2 TUNER gen=3 results=51/64 pending=8 active=8 remaining=13 next_trial=252 rounds=[8,7,7,8,6,8,8,7]
t=13055.5 SPAWN craft=Aircraft_11_nav_r1_251 route=3 candidate=1 trial=251 t=13055.5
t=13055.8 LAP_CAPTURE craft=Aircraft_11_nav_r6_244 route=6 return=124.6s lap=276.7s carrier_dist=200m t=13055.8
t=13068.0 TUNING_REASSIGN craft=Aircraft_11_nav_r1_252 requested_route=1 assigned_route=5
t=13069.6 LZ_REACHED craft=Aircraft_11_nav_r4_246 route=4 outbound=175.0s t=13069.6
t=13070.3 LAUNCH_BLOCKED reason=tuner_capacity_full active=8 stored=1 no_active_s=0.0 state=AIRCRAFT_ON_DECK tractor_cleanup=false elevator_transfer=true deck=Aircraft_11_nav_r1_252 pending=none clearance=none queue=0
