HELI NAVIGATION REPORT START t=19.5 routes=8 center=(25520.0, 482.0, -28080.0)
SETUP route=1 carrier=(25520.0, 482.0, -28080.0) LZ=(30220.0, 485.0, -28080.0) distance=4700m terrain_delta_y=3m
SETUP route=2 carrier=(25520.0, 482.0, -28080.0) LZ=(27620.0, 482.0, -24443.0) distance=4200m terrain_delta_y=0m
SETUP route=3 carrier=(25520.0, 482.0, -28080.0) LZ=(25520.0, 482.0, -22980.0) distance=5100m terrain_delta_y=0m
SETUP route=4 carrier=(25520.0, 482.0, -28080.0) LZ=(21834.0, 485.0, -24702.0) distance=5000m terrain_delta_y=3m
SETUP route=5 carrier=(25520.0, 482.0, -28080.0) LZ=(19825.0, 482.0, -28329.0) distance=5700m terrain_delta_y=0m
SETUP route=6 carrier=(25520.0, 482.0, -28080.0) LZ=(21686.0, 479.0, -31593.0) distance=5200m terrain_delta_y=-3m
SETUP route=7 carrier=(25520.0, 482.0, -28080.0) LZ=(23365.0, 485.0, -32702.0) distance=5100m terrain_delta_y=3m
SETUP route=8 carrier=(25520.0, 482.0, -28080.0) LZ=(30050.0, 482.0, -28879.0) distance=4600m terrain_delta_y=0m
t=19.5 IDLE_TUNER_REFILL gen=0 results=0/64 remaining=64 active_nav=0 stored_before=0 queued=8 stored_after=8 retrieval_started=true state=RETRIEVING_FROM_HANGAR next_trial=1
t=19.5 LAUNCH_BLOCKED reason=waiting_no_active_grace active=0 stored=8 no_active_s=0.0 state=RETRIEVING_FROM_HANGAR tractor_cleanup=false elevator_transfer=false deck=none pending=none clearance=none queue=0
t=35.1 LAUNCH_BLOCKED reason=deck_busy active=1 stored=7 no_active_s=0.0 state=AIRCRAFT_ON_DECK tractor_cleanup=false elevator_transfer=false deck=Aircraft_10_nav_r1_1 pending=none clearance=none queue=0
t=35.3 SPAWN craft=Aircraft_10_nav_r1_1 route=1 candidate=1 trial=1 t=35.3
t=50.0 ==== SUMMARY t=50.0 ====
t=50.0 route=1 laps=0 crashes=0 avg_out=0.0s avg_ret=0.0s avg_lap=0.0s best_lap=-
t=50.0 route=2 laps=0 crashes=0 avg_out=0.0s avg_ret=0.0s avg_lap=0.0s best_lap=-
t=50.0 route=3 laps=0 crashes=0 avg_out=0.0s avg_ret=0.0s avg_lap=0.0s best_lap=-
t=50.0 route=4 laps=0 crashes=0 avg_out=0.0s avg_ret=0.0s avg_lap=0.0s best_lap=-
t=50.0 route=5 laps=0 crashes=0 avg_out=0.0s avg_ret=0.0s avg_lap=0.0s best_lap=-
t=50.0 route=6 laps=0 crashes=0 avg_out=0.0s avg_ret=0.0s avg_lap=0.0s best_lap=-
t=50.0 route=7 laps=0 crashes=0 avg_out=0.0s avg_ret=0.0s avg_lap=0.0s best_lap=-
t=50.0 route=8 laps=0 crashes=0 avg_out=0.0s avg_ret=0.0s avg_lap=0.0s best_lap=-
t=50.0 TOTAL laps=0 crashes=0
t=50.1 TUNER gen=0 results=0/64 pending=2 active=2 remaining=64 next_trial=3 rounds=[1,1,0,0,0,0,0,0]
t=50.1 LAUNCH_BLOCKED reason=deck_busy active=2 stored=6 no_active_s=0.0 state=AIRCRAFT_ON_DECK tractor_cleanup=false elevator_transfer=true deck=Aircraft_10_nav_r2_2 pending=none clearance=none queue=0
t=55.3 SPAWN craft=Aircraft_10_nav_r2_2 route=2 candidate=2 trial=2 t=55.3
t=65.2 LAUNCH_BLOCKED reason=deck_busy active=3 stored=5 no_active_s=0.0 state=RETRIEVING_FROM_HANGAR tractor_cleanup=false elevator_transfer=false deck=Aircraft_10_nav_r3_3 pending=none clearance=none queue=0
t=75.5 SPAWN craft=Aircraft_10_nav_r3_3 route=3 candidate=3 trial=3 t=75.5
t=80.1 ==== SUMMARY t=80.1 ====
t=80.1 route=1 laps=0 crashes=0 avg_out=0.0s avg_ret=0.0s avg_lap=0.0s best_lap=-
t=80.1 route=2 laps=0 crashes=0 avg_out=0.0s avg_ret=0.0s avg_lap=0.0s best_lap=-
t=80.1 route=3 laps=0 crashes=0 avg_out=0.0s avg_ret=0.0s avg_lap=0.0s best_lap=-
t=80.2 route=4 laps=0 crashes=0 avg_out=0.0s avg_ret=0.0s avg_lap=0.0s best_lap=-
t=80.2 route=5 laps=0 crashes=0 avg_out=0.0s avg_ret=0.0s avg_lap=0.0s best_lap=-
t=80.2 route=6 laps=0 crashes=0 avg_out=0.0s avg_ret=0.0s avg_lap=0.0s best_lap=-
t=80.2 route=7 laps=0 crashes=0 avg_out=0.0s avg_ret=0.0s avg_lap=0.0s best_lap=-
t=80.2 route=8 laps=0 crashes=0 avg_out=0.0s avg_ret=0.0s avg_lap=0.0s best_lap=-
t=80.2 TOTAL laps=0 crashes=0
t=80.2 TUNER gen=0 results=0/64 pending=3 active=3 remaining=64 next_trial=4 rounds=[1,1,1,0,0,0,0,0]
t=80.3 LAUNCH_BLOCKED reason=cleared_unready_nav_deck_aircraft active=3 stored=5 no_active_s=0.0 state=IDLE tractor_cleanup=false elevator_transfer=false deck=Aircraft_10_nav_r3_3 pending=none clearance=none queue=0
t=95.4 LAUNCH_BLOCKED reason=deck_busy active=4 stored=4 no_active_s=0.0 state=AIRCRAFT_ON_DECK tractor_cleanup=false elevator_transfer=false deck=Aircraft_10_nav_r4_4 pending=none clearance=none queue=0
t=95.6 SPAWN craft=Aircraft_10_nav_r4_4 route=4 candidate=4 trial=4 t=95.6
t=110.1 ==== SUMMARY t=110.1 ====
t=110.1 route=1 laps=0 crashes=0 avg_out=0.0s avg_ret=0.0s avg_lap=0.0s best_lap=-
t=110.1 route=2 laps=0 crashes=0 avg_out=0.0s avg_ret=0.0s avg_lap=0.0s best_lap=-
t=110.1 route=3 laps=0 crashes=0 avg_out=0.0s avg_ret=0.0s avg_lap=0.0s best_lap=-
t=110.1 route=4 laps=0 crashes=0 avg_out=0.0s avg_ret=0.0s avg_lap=0.0s best_lap=-
t=110.2 route=5 laps=0 crashes=0 avg_out=0.0s avg_ret=0.0s avg_lap=0.0s best_lap=-
t=110.2 route=6 laps=0 crashes=0 avg_out=0.0s avg_ret=0.0s avg_lap=0.0s best_lap=-
t=110.2 route=7 laps=0 crashes=0 avg_out=0.0s avg_ret=0.0s avg_lap=0.0s best_lap=-
t=110.2 route=8 laps=0 crashes=0 avg_out=0.0s avg_ret=0.0s avg_lap=0.0s best_lap=-
t=110.2 TOTAL laps=0 crashes=0
t=110.2 TUNER gen=0 results=0/64 pending=5 active=5 remaining=64 next_trial=6 rounds=[1,1,1,1,1,0,0,0]
t=110.4 LAUNCH_BLOCKED reason=deck_busy active=5 stored=3 no_active_s=0.0 state=AIRCRAFT_ON_DECK tractor_cleanup=false elevator_transfer=true deck=Aircraft_10_nav_r5_5 pending=none clearance=none queue=0
t=115.8 SPAWN craft=Aircraft_10_nav_r5_5 route=5 candidate=5 trial=5 t=115.8
t=125.5 LAUNCH_BLOCKED reason=deck_busy active=6 stored=2 no_active_s=0.0 state=RETRIEVING_FROM_HANGAR tractor_cleanup=false elevator_transfer=false deck=Aircraft_10_nav_r6_6 pending=none clearance=none queue=0
t=135.8 SPAWN craft=Aircraft_10_nav_r6_6 route=6 candidate=6 trial=6 t=135.8
t=140.2 ==== SUMMARY t=140.2 ====
t=140.2 route=1 laps=0 crashes=0 avg_out=0.0s avg_ret=0.0s avg_lap=0.0s best_lap=-
t=140.2 route=2 laps=0 crashes=0 avg_out=0.0s avg_ret=0.0s avg_lap=0.0s best_lap=-
t=140.2 route=3 laps=0 crashes=0 avg_out=0.0s avg_ret=0.0s avg_lap=0.0s best_lap=-
t=140.2 route=4 laps=0 crashes=0 avg_out=0.0s avg_ret=0.0s avg_lap=0.0s best_lap=-
t=140.2 route=5 laps=0 crashes=0 avg_out=0.0s avg_ret=0.0s avg_lap=0.0s best_lap=-
t=140.2 route=6 laps=0 crashes=0 avg_out=0.0s avg_ret=0.0s avg_lap=0.0s best_lap=-
t=140.2 route=7 laps=0 crashes=0 avg_out=0.0s avg_ret=0.0s avg_lap=0.0s best_lap=-
t=140.3 route=8 laps=0 crashes=0 avg_out=0.0s avg_ret=0.0s avg_lap=0.0s best_lap=-
t=140.3 TOTAL laps=0 crashes=0
t=140.3 TUNER gen=0 results=0/64 pending=6 active=6 remaining=64 next_trial=7 rounds=[1,1,1,1,1,1,0,0]
t=140.6 LAUNCH_BLOCKED reason=cleared_unready_nav_deck_aircraft active=6 stored=2 no_active_s=0.0 state=IDLE tractor_cleanup=false elevator_transfer=false deck=Aircraft_10_nav_r6_6 pending=none clearance=none queue=0
t=155.7 LAUNCH_BLOCKED reason=deck_busy active=7 stored=1 no_active_s=0.0 state=AIRCRAFT_ON_DECK tractor_cleanup=false elevator_transfer=false deck=Aircraft_10_nav_r7_7 pending=none clearance=none queue=0
t=155.8 SPAWN craft=Aircraft_10_nav_r7_7 route=7 candidate=7 trial=7 t=155.8
t=170.3 ==== SUMMARY t=170.3 ====
t=170.3 route=1 laps=0 crashes=0 avg_out=0.0s avg_ret=0.0s avg_lap=0.0s best_lap=-
t=170.3 route=2 laps=0 crashes=0 avg_out=0.0s avg_ret=0.0s avg_lap=0.0s best_lap=-
t=170.3 route=3 laps=0 crashes=0 avg_out=0.0s avg_ret=0.0s avg_lap=0.0s best_lap=-
t=170.3 route=4 laps=0 crashes=0 avg_out=0.0s avg_ret=0.0s avg_lap=0.0s best_lap=-
t=170.3 route=5 laps=0 crashes=0 avg_out=0.0s avg_ret=0.0s avg_lap=0.0s best_lap=-
t=170.3 route=6 laps=0 crashes=0 avg_out=0.0s avg_ret=0.0s avg_lap=0.0s best_lap=-
t=170.4 route=7 laps=0 crashes=0 avg_out=0.0s avg_ret=0.0s avg_lap=0.0s best_lap=-
t=170.4 route=8 laps=0 crashes=0 avg_out=0.0s avg_ret=0.0s avg_lap=0.0s best_lap=-
t=170.4 TOTAL laps=0 crashes=0
t=170.4 TUNER gen=0 results=0/64 pending=8 active=8 remaining=64 next_trial=9 rounds=[1,1,1,1,1,1,1,1]
t=176.1 SPAWN craft=Aircraft_10_nav_r8_8 route=8 candidate=8 trial=8 t=176.1
t=178.5 LZ_REACHED craft=Aircraft_10_nav_r1_1 route=1 outbound=143.2s t=178.5
t=200.4 ==== SUMMARY t=200.4 ====
t=200.4 route=1 laps=0 crashes=0 avg_out=143.2s avg_ret=0.0s avg_lap=0.0s best_lap=-
t=200.4 route=2 laps=0 crashes=0 avg_out=0.0s avg_ret=0.0s avg_lap=0.0s best_lap=-
t=200.4 route=3 laps=0 crashes=0 avg_out=0.0s avg_ret=0.0s avg_lap=0.0s best_lap=-
t=200.4 route=4 laps=0 crashes=0 avg_out=0.0s avg_ret=0.0s avg_lap=0.0s best_lap=-
t=200.4 route=5 laps=0 crashes=0 avg_out=0.0s avg_ret=0.0s avg_lap=0.0s best_lap=-
t=200.4 route=6 laps=0 crashes=0 avg_out=0.0s avg_ret=0.0s avg_lap=0.0s best_lap=-
t=200.4 route=7 laps=0 crashes=0 avg_out=0.0s avg_ret=0.0s avg_lap=0.0s best_lap=-
t=200.4 route=8 laps=0 crashes=0 avg_out=0.0s avg_ret=0.0s avg_lap=0.0s best_lap=-
t=200.4 TOTAL laps=0 crashes=0
t=200.4 TUNER gen=0 results=0/64 pending=8 active=8 remaining=64 next_trial=9 rounds=[1,1,1,1,1,1,1,1]
t=230.4 ==== SUMMARY t=230.4 ====
t=230.4 route=1 laps=0 crashes=0 avg_out=143.2s avg_ret=0.0s avg_lap=0.0s best_lap=-
t=230.4 route=2 laps=0 crashes=0 avg_out=0.0s avg_ret=0.0s avg_lap=0.0s best_lap=-
t=230.4 route=3 laps=0 crashes=0 avg_out=0.0s avg_ret=0.0s avg_lap=0.0s best_lap=-
t=230.4 route=4 laps=0 crashes=0 avg_out=0.0s avg_ret=0.0s avg_lap=0.0s best_lap=-
t=230.4 route=5 laps=0 crashes=0 avg_out=0.0s avg_ret=0.0s avg_lap=0.0s best_lap=-
t=230.4 route=6 laps=0 crashes=0 avg_out=0.0s avg_ret=0.0s avg_lap=0.0s best_lap=-
t=230.4 route=7 laps=0 crashes=0 avg_out=0.0s avg_ret=0.0s avg_lap=0.0s best_lap=-
t=230.4 route=8 laps=0 crashes=0 avg_out=0.0s avg_ret=0.0s avg_lap=0.0s best_lap=-
t=230.4 TOTAL laps=0 crashes=0
t=230.4 TUNER gen=0 results=0/64 pending=8 active=8 remaining=64 next_trial=9 rounds=[1,1,1,1,1,1,1,1]
t=235.1 LZ_REACHED craft=Aircraft_10_nav_r2_2 route=2 outbound=179.8s t=235.1
t=257.9 LZ_REACHED craft=Aircraft_10_nav_r6_6 route=6 outbound=122.1s t=257.9
t=260.4 ==== SUMMARY t=260.4 ====
t=260.4 route=1 laps=0 crashes=0 avg_out=143.2s avg_ret=0.0s avg_lap=0.0s best_lap=-
t=260.4 route=2 laps=0 crashes=0 avg_out=179.8s avg_ret=0.0s avg_lap=0.0s best_lap=-
t=260.5 route=3 laps=0 crashes=0 avg_out=0.0s avg_ret=0.0s avg_lap=0.0s best_lap=-
t=260.5 route=4 laps=0 crashes=0 avg_out=0.0s avg_ret=0.0s avg_lap=0.0s best_lap=-
t=260.5 route=5 laps=0 crashes=0 avg_out=0.0s avg_ret=0.0s avg_lap=0.0s best_lap=-
t=260.5 route=6 laps=0 crashes=0 avg_out=122.1s avg_ret=0.0s avg_lap=0.0s best_lap=-
t=260.5 route=7 laps=0 crashes=0 avg_out=0.0s avg_ret=0.0s avg_lap=0.0s best_lap=-
t=260.5 route=8 laps=0 crashes=0 avg_out=0.0s avg_ret=0.0s avg_lap=0.0s best_lap=-
t=260.5 TOTAL laps=0 crashes=0
t=260.5 TUNER gen=0 results=0/64 pending=8 active=8 remaining=64 next_trial=9 rounds=[1,1,1,1,1,1,1,1]
t=263.2 LZ_REACHED craft=Aircraft_10_nav_r4_4 route=4 outbound=167.6s t=263.2
t=283.5 CRASH craft=Aircraft_10_nav_r2_2 route=2 phase=2 t=283.5
t=288.0 LZ_REACHED craft=Aircraft_10_nav_r3_3 route=3 outbound=212.5s t=288.0
t=290.5 ==== SUMMARY t=290.5 ====
t=290.5 route=1 laps=0 crashes=0 avg_out=143.2s avg_ret=0.0s avg_lap=0.0s best_lap=-
t=290.5 route=2 laps=0 crashes=1 avg_out=179.8s avg_ret=0.0s avg_lap=0.0s best_lap=-
t=290.5 route=3 laps=0 crashes=0 avg_out=212.5s avg_ret=0.0s avg_lap=0.0s best_lap=-
t=290.5 route=4 laps=0 crashes=0 avg_out=167.6s avg_ret=0.0s avg_lap=0.0s best_lap=-
t=290.5 route=5 laps=0 crashes=0 avg_out=0.0s avg_ret=0.0s avg_lap=0.0s best_lap=-
t=290.5 route=6 laps=0 crashes=0 avg_out=122.1s avg_ret=0.0s avg_lap=0.0s best_lap=-
t=290.5 route=7 laps=0 crashes=0 avg_out=0.0s avg_ret=0.0s avg_lap=0.0s best_lap=-
t=290.5 route=8 laps=0 crashes=0 avg_out=0.0s avg_ret=0.0s avg_lap=0.0s best_lap=-
t=290.5 TOTAL laps=0 crashes=1
t=290.5 TUNER gen=0 results=1/64 pending=7 active=7 remaining=63 next_trial=9 rounds=[1,1,1,1,1,1,1,1]
t=301.5 SPAWN craft=Aircraft_10_nav_r2_9 route=2 candidate=3 trial=9 t=301.5
t=320.6 ==== SUMMARY t=320.6 ====
t=320.6 route=1 laps=0 crashes=0 avg_out=143.2s avg_ret=0.0s avg_lap=0.0s best_lap=-
t=320.6 route=2 laps=0 crashes=1 avg_out=179.8s avg_ret=0.0s avg_lap=0.0s best_lap=-
t=320.6 route=3 laps=0 crashes=0 avg_out=212.5s avg_ret=0.0s avg_lap=0.0s best_lap=-
t=320.6 route=4 laps=0 crashes=0 avg_out=167.6s avg_ret=0.0s avg_lap=0.0s best_lap=-
t=320.6 route=5 laps=0 crashes=0 avg_out=0.0s avg_ret=0.0s avg_lap=0.0s best_lap=-
t=320.6 route=6 laps=0 crashes=0 avg_out=122.1s avg_ret=0.0s avg_lap=0.0s best_lap=-
t=320.6 route=7 laps=0 crashes=0 avg_out=0.0s avg_ret=0.0s avg_lap=0.0s best_lap=-
t=320.6 route=8 laps=0 crashes=0 avg_out=0.0s avg_ret=0.0s avg_lap=0.0s best_lap=-
t=320.6 TOTAL laps=0 crashes=1
t=320.6 TUNER gen=0 results=1/64 pending=8 active=8 remaining=63 next_trial=10 rounds=[1,2,1,1,1,1,1,1]
t=325.9 LZ_REACHED craft=Aircraft_10_nav_r7_7 route=7 outbound=170.1s t=325.9
t=349.8 LZ_REACHED craft=Aircraft_10_nav_r8_8 route=8 outbound=173.7s t=349.8
t=350.6 ==== SUMMARY t=350.6 ====
t=350.6 route=1 laps=0 crashes=0 avg_out=143.2s avg_ret=0.0s avg_lap=0.0s best_lap=-
t=350.6 route=2 laps=0 crashes=1 avg_out=179.8s avg_ret=0.0s avg_lap=0.0s best_lap=-
t=350.6 route=3 laps=0 crashes=0 avg_out=212.5s avg_ret=0.0s avg_lap=0.0s best_lap=-
t=350.6 route=4 laps=0 crashes=0 avg_out=167.6s avg_ret=0.0s avg_lap=0.0s best_lap=-
t=350.6 route=5 laps=0 crashes=0 avg_out=0.0s avg_ret=0.0s avg_lap=0.0s best_lap=-
t=350.6 route=6 laps=0 crashes=0 avg_out=122.1s avg_ret=0.0s avg_lap=0.0s best_lap=-
t=350.7 route=7 laps=0 crashes=0 avg_out=170.1s avg_ret=0.0s avg_lap=0.0s best_lap=-
t=350.7 route=8 laps=0 crashes=0 avg_out=173.7s avg_ret=0.0s avg_lap=0.0s best_lap=-
t=350.7 TOTAL laps=0 crashes=1
t=350.7 TUNER gen=0 results=1/64 pending=8 active=8 remaining=63 next_trial=10 rounds=[1,2,1,1,1,1,1,1]
t=350.8 LAP_CAPTURE craft=Aircraft_10_nav_r1_1 route=1 return=160.4s lap=315.5s carrier_dist=200m t=350.8
t=366.8 SPAWN craft=Aircraft_10_nav_r1_10 route=1 candidate=2 trial=10 t=366.8
t=368.6 LZ_REACHED craft=Aircraft_10_nav_r5_5 route=5 outbound=252.8s t=368.6
t=380.6 ==== SUMMARY t=380.6 ====
t=380.6 route=1 laps=1 crashes=0 avg_out=143.2s avg_ret=160.4s avg_lap=315.5s best_lap=315.5
t=380.7 route=2 laps=0 crashes=1 avg_out=179.8s avg_ret=0.0s avg_lap=0.0s best_lap=-
t=380.7 route=3 laps=0 crashes=0 avg_out=212.5s avg_ret=0.0s avg_lap=0.0s best_lap=-
t=380.7 route=4 laps=0 crashes=0 avg_out=167.6s avg_ret=0.0s avg_lap=0.0s best_lap=-
t=380.7 route=5 laps=0 crashes=0 avg_out=252.8s avg_ret=0.0s avg_lap=0.0s best_lap=-
t=380.7 route=6 laps=0 crashes=0 avg_out=122.1s avg_ret=0.0s avg_lap=0.0s best_lap=-
t=380.7 route=7 laps=0 crashes=0 avg_out=170.1s avg_ret=0.0s avg_lap=0.0s best_lap=-
t=380.7 route=8 laps=0 crashes=0 avg_out=173.7s avg_ret=0.0s avg_lap=0.0s best_lap=-
t=380.7 TOTAL laps=1 crashes=1
t=380.7 TUNER gen=0 results=2/64 pending=8 active=8 remaining=62 next_trial=11 rounds=[2,2,1,1,1,1,1,1]
t=410.8 ==== SUMMARY t=410.8 ====
t=410.8 route=1 laps=1 crashes=0 avg_out=143.2s avg_ret=160.4s avg_lap=315.5s best_lap=315.5
t=410.8 route=2 laps=0 crashes=1 avg_out=179.8s avg_ret=0.0s avg_lap=0.0s best_lap=-
t=410.8 route=3 laps=0 crashes=0 avg_out=212.5s avg_ret=0.0s avg_lap=0.0s best_lap=-
t=410.8 route=4 laps=0 crashes=0 avg_out=167.6s avg_ret=0.0s avg_lap=0.0s best_lap=-
t=410.8 route=5 laps=0 crashes=0 avg_out=252.8s avg_ret=0.0s avg_lap=0.0s best_lap=-
t=410.8 route=6 laps=0 crashes=0 avg_out=122.1s avg_ret=0.0s avg_lap=0.0s best_lap=-
t=410.8 route=7 laps=0 crashes=0 avg_out=170.1s avg_ret=0.0s avg_lap=0.0s best_lap=-
t=410.8 route=8 laps=0 crashes=0 avg_out=173.7s avg_ret=0.0s avg_lap=0.0s best_lap=-
t=410.8 TOTAL laps=1 crashes=1
t=410.8 TUNER gen=0 results=2/64 pending=8 active=8 remaining=62 next_trial=11 rounds=[2,2,1,1,1,1,1,1]
t=426.6 LAP_CAPTURE craft=Aircraft_10_nav_r6_6 route=6 return=156.7s lap=290.8s carrier_dist=200m t=426.6
t=429.2 LAP_CAPTURE craft=Aircraft_10_nav_r4_4 route=4 return=154.0s lap=333.7s carrier_dist=200m t=429.2
t=437.0 LAUNCH_BLOCKED reason=deck_busy active=7 stored=1 no_active_s=0.0 state=AIRCRAFT_ON_DECK tractor_cleanup=false elevator_transfer=true deck=Aircraft_10_nav_r6_11 pending=none clearance=none queue=0
t=440.8 ==== SUMMARY t=440.8 ====
t=440.8 route=1 laps=1 crashes=0 avg_out=143.2s avg_ret=160.4s avg_lap=315.5s best_lap=315.5
t=440.8 route=2 laps=0 crashes=1 avg_out=179.8s avg_ret=0.0s avg_lap=0.0s best_lap=-
t=440.8 route=3 laps=0 crashes=0 avg_out=212.5s avg_ret=0.0s avg_lap=0.0s best_lap=-
t=440.8 route=4 laps=1 crashes=0 avg_out=167.6s avg_ret=154.0s avg_lap=333.7s best_lap=333.7
t=440.8 route=5 laps=0 crashes=0 avg_out=252.8s avg_ret=0.0s avg_lap=0.0s best_lap=-
t=440.8 route=6 laps=1 crashes=0 avg_out=122.1s avg_ret=156.7s avg_lap=290.8s best_lap=290.8
t=440.8 route=7 laps=0 crashes=0 avg_out=170.1s avg_ret=0.0s avg_lap=0.0s best_lap=-
t=440.9 route=8 laps=0 crashes=0 avg_out=173.7s avg_ret=0.0s avg_lap=0.0s best_lap=-
t=440.9 TOTAL laps=3 crashes=1
t=440.9 TUNER gen=0 results=4/64 pending=7 active=7 remaining=60 next_trial=12 rounds=[2,2,1,1,1,2,1,1]
t=442.2 SPAWN craft=Aircraft_10_nav_r6_11 route=6 candidate=7 trial=11 t=442.2
t=462.4 SPAWN craft=Aircraft_10_nav_r4_12 route=4 candidate=5 trial=12 t=462.4
t=470.8 ==== SUMMARY t=470.8 ====
t=470.9 route=1 laps=1 crashes=0 avg_out=143.2s avg_ret=160.4s avg_lap=315.5s best_lap=315.5
t=470.9 route=2 laps=0 crashes=1 avg_out=179.8s avg_ret=0.0s avg_lap=0.0s best_lap=-
t=470.9 route=3 laps=0 crashes=0 avg_out=212.5s avg_ret=0.0s avg_lap=0.0s best_lap=-
t=470.9 route=4 laps=1 crashes=0 avg_out=167.6s avg_ret=154.0s avg_lap=333.7s best_lap=333.7
t=470.9 route=5 laps=0 crashes=0 avg_out=252.8s avg_ret=0.0s avg_lap=0.0s best_lap=-
t=470.9 route=6 laps=1 crashes=0 avg_out=122.1s avg_ret=156.7s avg_lap=290.8s best_lap=290.8
t=470.9 route=7 laps=0 crashes=0 avg_out=170.1s avg_ret=0.0s avg_lap=0.0s best_lap=-
t=470.9 route=8 laps=0 crashes=0 avg_out=173.7s avg_ret=0.0s avg_lap=0.0s best_lap=-
t=470.9 TOTAL laps=3 crashes=1
t=470.9 TUNER gen=0 results=4/64 pending=8 active=8 remaining=60 next_trial=13 rounds=[2,2,1,2,1,2,1,1]
t=483.3 LZ_REACHED craft=Aircraft_10_nav_r2_9 route=2 outbound=181.8s t=483.3
t=494.5 LAP_CAPTURE craft=Aircraft_10_nav_r7_7 route=7 return=156.6s lap=338.7s carrier_dist=200m t=494.5
t=500.9 ==== SUMMARY t=500.9 ====
t=500.9 route=1 laps=1 crashes=0 avg_out=143.2s avg_ret=160.4s avg_lap=315.5s best_lap=315.5
t=500.9 route=2 laps=0 crashes=1 avg_out=180.8s avg_ret=0.0s avg_lap=0.0s best_lap=-
t=500.9 route=3 laps=0 crashes=0 avg_out=212.5s avg_ret=0.0s avg_lap=0.0s best_lap=-
t=500.9 route=4 laps=1 crashes=0 avg_out=167.6s avg_ret=154.0s avg_lap=333.7s best_lap=333.7
t=500.9 route=5 laps=0 crashes=0 avg_out=252.8s avg_ret=0.0s avg_lap=0.0s best_lap=-
t=500.9 route=6 laps=1 crashes=0 avg_out=122.1s avg_ret=156.7s avg_lap=290.8s best_lap=290.8
t=501.0 route=7 laps=1 crashes=0 avg_out=170.1s avg_ret=156.6s avg_lap=338.7s best_lap=338.7
t=501.0 route=8 laps=0 crashes=0 avg_out=173.7s avg_ret=0.0s avg_lap=0.0s best_lap=-
t=501.0 TOTAL laps=4 crashes=1
t=501.0 TUNER gen=0 results=5/64 pending=7 active=7 remaining=59 next_trial=13 rounds=[2,2,1,2,1,2,1,1]
t=512.6 SPAWN craft=Aircraft_10_nav_r7_13 route=7 candidate=8 trial=13 t=512.6
t=515.0 LZ_REACHED craft=Aircraft_10_nav_r1_10 route=1 outbound=148.3s t=515.0
t=530.9 ==== SUMMARY t=530.9 ====
t=530.9 route=1 laps=1 crashes=0 avg_out=145.7s avg_ret=160.4s avg_lap=315.5s best_lap=315.5
t=530.9 route=2 laps=0 crashes=1 avg_out=180.8s avg_ret=0.0s avg_lap=0.0s best_lap=-
t=530.9 route=3 laps=0 crashes=0 avg_out=212.5s avg_ret=0.0s avg_lap=0.0s best_lap=-
t=530.9 route=4 laps=1 crashes=0 avg_out=167.6s avg_ret=154.0s avg_lap=333.7s best_lap=333.7
t=530.9 route=5 laps=0 crashes=0 avg_out=252.8s avg_ret=0.0s avg_lap=0.0s best_lap=-
t=531.0 route=6 laps=1 crashes=0 avg_out=122.1s avg_ret=156.7s avg_lap=290.8s best_lap=290.8
t=531.0 route=7 laps=1 crashes=0 avg_out=170.1s avg_ret=156.6s avg_lap=338.7s best_lap=338.7
t=531.0 route=8 laps=0 crashes=0 avg_out=173.7s avg_ret=0.0s avg_lap=0.0s best_lap=-
t=531.0 TOTAL laps=4 crashes=1
t=531.0 TUNER gen=0 results=5/64 pending=8 active=8 remaining=59 next_trial=14 rounds=[2,2,1,2,1,2,2,1]
t=536.2 LAP_CAPTURE craft=Aircraft_10_nav_r8_8 route=8 return=174.4s lap=360.2s carrier_dist=200m t=536.2
t=552.7 SPAWN craft=Aircraft_10_nav_r8_14 route=8 candidate=1 trial=14 t=552.7
t=554.8 LAP_CAPTURE craft=Aircraft_10_nav_r3_3 route=3 return=254.8s lap=479.3s carrier_dist=200m t=554.8
t=561.0 ==== SUMMARY t=561.0 ====
t=561.0 route=1 laps=1 crashes=0 avg_out=145.7s avg_ret=160.4s avg_lap=315.5s best_lap=315.5
t=561.0 route=2 laps=0 crashes=1 avg_out=180.8s avg_ret=0.0s avg_lap=0.0s best_lap=-
t=561.0 route=3 laps=1 crashes=0 avg_out=212.5s avg_ret=254.8s avg_lap=479.3s best_lap=479.3
t=561.0 route=4 laps=1 crashes=0 avg_out=167.6s avg_ret=154.0s avg_lap=333.7s best_lap=333.7
t=561.0 route=5 laps=0 crashes=0 avg_out=252.8s avg_ret=0.0s avg_lap=0.0s best_lap=-
t=561.0 route=6 laps=1 crashes=0 avg_out=122.1s avg_ret=156.7s avg_lap=290.8s best_lap=290.8
t=561.0 route=7 laps=1 crashes=0 avg_out=170.1s avg_ret=156.6s avg_lap=338.7s best_lap=338.7
t=561.0 route=8 laps=1 crashes=0 avg_out=173.7s avg_ret=174.4s avg_lap=360.2s best_lap=360.2
t=561.0 TOTAL laps=6 crashes=1
t=561.0 TUNER gen=0 results=7/64 pending=7 active=7 remaining=57 next_trial=15 rounds=[2,2,1,2,1,2,2,2]
t=566.5 LZ_REACHED craft=Aircraft_10_nav_r6_11 route=6 outbound=124.4s t=566.5
t=572.8 SPAWN craft=Aircraft_10_nav_r3_15 route=3 candidate=4 trial=15 t=572.8
t=591.1 ==== SUMMARY t=591.1 ====
t=591.1 route=1 laps=1 crashes=0 avg_out=145.7s avg_ret=160.4s avg_lap=315.5s best_lap=315.5
t=591.1 route=2 laps=0 crashes=1 avg_out=180.8s avg_ret=0.0s avg_lap=0.0s best_lap=-
t=591.1 route=3 laps=1 crashes=0 avg_out=212.5s avg_ret=254.8s avg_lap=479.3s best_lap=479.3
t=591.1 route=4 laps=1 crashes=0 avg_out=167.6s avg_ret=154.0s avg_lap=333.7s best_lap=333.7
t=591.1 route=5 laps=0 crashes=0 avg_out=252.8s avg_ret=0.0s avg_lap=0.0s best_lap=-
t=591.1 route=6 laps=1 crashes=0 avg_out=123.2s avg_ret=156.7s avg_lap=290.8s best_lap=290.8
t=591.1 route=7 laps=1 crashes=0 avg_out=170.1s avg_ret=156.6s avg_lap=338.7s best_lap=338.7
t=591.1 route=8 laps=1 crashes=0 avg_out=173.7s avg_ret=174.4s avg_lap=360.2s best_lap=360.2
t=591.2 TOTAL laps=6 crashes=1
t=591.2 TUNER gen=0 results=7/64 pending=8 active=8 remaining=57 next_trial=16 rounds=[2,2,2,2,1,2,2,2]
t=607.4 LAP_CAPTURE craft=Aircraft_10_nav_r5_5 route=5 return=226.8s lap=491.6s carrier_dist=200m t=607.4
t=621.2 ==== SUMMARY t=621.2 ====
t=621.2 route=1 laps=1 crashes=0 avg_out=145.7s avg_ret=160.4s avg_lap=315.5s best_lap=315.5
t=621.2 route=2 laps=0 crashes=1 avg_out=180.8s avg_ret=0.0s avg_lap=0.0s best_lap=-
t=621.2 route=3 laps=1 crashes=0 avg_out=212.5s avg_ret=254.8s avg_lap=479.3s best_lap=479.3
t=621.2 route=4 laps=1 crashes=0 avg_out=167.6s avg_ret=154.0s avg_lap=333.7s best_lap=333.7
t=621.2 route=5 laps=1 crashes=0 avg_out=252.8s avg_ret=226.8s avg_lap=491.6s best_lap=491.6
t=621.2 route=6 laps=1 crashes=0 avg_out=123.2s avg_ret=156.7s avg_lap=290.8s best_lap=290.8
t=621.2 route=7 laps=1 crashes=0 avg_out=170.1s avg_ret=156.6s avg_lap=338.7s best_lap=338.7
t=621.2 route=8 laps=1 crashes=0 avg_out=173.7s avg_ret=174.4s avg_lap=360.2s best_lap=360.2
t=621.3 TOTAL laps=7 crashes=1
t=621.3 TUNER gen=0 results=8/64 pending=8 active=8 remaining=56 next_trial=17 rounds=[2,2,2,2,2,2,2,2]
t=623.1 SPAWN craft=Aircraft_10_nav_r5_16 route=5 candidate=6 trial=16 t=623.1
t=639.0 LZ_REACHED craft=Aircraft_10_nav_r4_12 route=4 outbound=176.6s t=639.0
t=651.2 ==== SUMMARY t=651.2 ====
t=651.2 route=1 laps=1 crashes=0 avg_out=145.7s avg_ret=160.4s avg_lap=315.5s best_lap=315.5
t=651.2 route=2 laps=0 crashes=1 avg_out=180.8s avg_ret=0.0s avg_lap=0.0s best_lap=-
t=651.2 route=3 laps=1 crashes=0 avg_out=212.5s avg_ret=254.8s avg_lap=479.3s best_lap=479.3
t=651.2 route=4 laps=1 crashes=0 avg_out=172.1s avg_ret=154.0s avg_lap=333.7s best_lap=333.7
t=651.2 route=5 laps=1 crashes=0 avg_out=252.8s avg_ret=226.8s avg_lap=491.6s best_lap=491.6
t=651.3 route=6 laps=1 crashes=0 avg_out=123.2s avg_ret=156.7s avg_lap=290.8s best_lap=290.8
t=651.3 route=7 laps=1 crashes=0 avg_out=170.1s avg_ret=156.6s avg_lap=338.7s best_lap=338.7
t=651.3 route=8 laps=1 crashes=0 avg_out=173.7s avg_ret=174.4s avg_lap=360.2s best_lap=360.2
t=651.3 TOTAL laps=7 crashes=1
t=651.3 TUNER gen=0 results=8/64 pending=8 active=8 remaining=56 next_trial=17 rounds=[2,2,2,2,2,2,2,2]
t=680.4 LZ_REACHED craft=Aircraft_10_nav_r7_13 route=7 outbound=167.9s t=680.4
t=681.2 ==== SUMMARY t=681.2 ====
t=681.2 route=1 laps=1 crashes=0 avg_out=145.7s avg_ret=160.4s avg_lap=315.5s best_lap=315.5
t=681.2 route=2 laps=0 crashes=1 avg_out=180.8s avg_ret=0.0s avg_lap=0.0s best_lap=-
t=681.3 route=3 laps=1 crashes=0 avg_out=212.5s avg_ret=254.8s avg_lap=479.3s best_lap=479.3
t=681.3 route=4 laps=1 crashes=0 avg_out=172.1s avg_ret=154.0s avg_lap=333.7s best_lap=333.7
t=681.3 route=5 laps=1 crashes=0 avg_out=252.8s avg_ret=226.8s avg_lap=491.6s best_lap=491.6
t=681.3 route=6 laps=1 crashes=0 avg_out=123.2s avg_ret=156.7s avg_lap=290.8s best_lap=290.8
t=681.3 route=7 laps=1 crashes=0 avg_out=169.0s avg_ret=156.6s avg_lap=338.7s best_lap=338.7
t=681.3 route=8 laps=1 crashes=0 avg_out=173.7s avg_ret=174.4s avg_lap=360.2s best_lap=360.2
t=681.3 TOTAL laps=7 crashes=1
t=681.3 TUNER gen=0 results=8/64 pending=8 active=8 remaining=56 next_trial=17 rounds=[2,2,2,2,2,2,2,2]
t=686.8 LAP_CAPTURE craft=Aircraft_10_nav_r1_10 route=1 return=159.8s lap=320.1s carrier_dist=200m t=686.8
t=703.3 SPAWN craft=Aircraft_10_nav_r1_17 route=1 candidate=3 trial=17 t=703.3
t=711.3 ==== SUMMARY t=711.3 ====
t=711.3 route=1 laps=2 crashes=0 avg_out=145.7s avg_ret=160.1s avg_lap=317.8s best_lap=315.5
t=711.3 route=2 laps=0 crashes=1 avg_out=180.8s avg_ret=0.0s avg_lap=0.0s best_lap=-
t=711.3 route=3 laps=1 crashes=0 avg_out=212.5s avg_ret=254.8s avg_lap=479.3s best_lap=479.3
t=711.3 route=4 laps=1 crashes=0 avg_out=172.1s avg_ret=154.0s avg_lap=333.7s best_lap=333.7
t=711.3 route=5 laps=1 crashes=0 avg_out=252.8s avg_ret=226.8s avg_lap=491.6s best_lap=491.6
t=711.3 route=6 laps=1 crashes=0 avg_out=123.2s avg_ret=156.7s avg_lap=290.8s best_lap=290.8
t=711.3 route=7 laps=1 crashes=0 avg_out=169.0s avg_ret=156.6s avg_lap=338.7s best_lap=338.7
t=711.3 route=8 laps=1 crashes=0 avg_out=173.7s avg_ret=174.4s avg_lap=360.2s best_lap=360.2
t=711.3 TOTAL laps=8 crashes=1
t=711.3 TUNER gen=0 results=9/64 pending=8 active=8 remaining=55 next_trial=18 rounds=[3,2,2,2,2,2,2,2]
t=723.8 LZ_REACHED craft=Aircraft_10_nav_r8_14 route=8 outbound=171.1s t=723.8
t=732.4 LAP_CAPTURE craft=Aircraft_10_nav_r6_11 route=6 return=153.8s lap=290.2s carrier_dist=200m t=732.4
t=738.3 LAUNCH_BLOCKED reason=landing_or_storage_busy active=7 stored=1 no_active_s=0.0 state=IDLE tractor_cleanup=false elevator_transfer=false deck=none pending=none clearance=Aircraft_10_nav_r2_9 queue=0
t=741.3 ==== SUMMARY t=741.3 ====
t=741.3 route=1 laps=2 crashes=0 avg_out=145.7s avg_ret=160.1s avg_lap=317.8s best_lap=315.5
t=741.3 route=2 laps=0 crashes=1 avg_out=180.8s avg_ret=0.0s avg_lap=0.0s best_lap=-
t=741.3 route=3 laps=1 crashes=0 avg_out=212.5s avg_ret=254.8s avg_lap=479.3s best_lap=479.3
t=741.3 route=4 laps=1 crashes=0 avg_out=172.1s avg_ret=154.0s avg_lap=333.7s best_lap=333.7
t=741.3 route=5 laps=1 crashes=0 avg_out=252.8s avg_ret=226.8s avg_lap=491.6s best_lap=491.6
t=741.3 route=6 laps=2 crashes=0 avg_out=123.2s avg_ret=155.3s avg_lap=290.5s best_lap=290.2
t=741.3 route=7 laps=1 crashes=0 avg_out=169.0s avg_ret=156.6s avg_lap=338.7s best_lap=338.7
t=741.3 route=8 laps=1 crashes=0 avg_out=172.4s avg_ret=174.4s avg_lap=360.2s best_lap=360.2
t=741.3 TOTAL laps=9 crashes=1
t=741.3 TUNER gen=0 results=10/64 pending=7 active=7 remaining=54 next_trial=18 rounds=[3,2,2,2,2,2,2,2]
t=747.0 LAP_CAPTURE craft=Aircraft_10_nav_r2_9 route=2 return=251.7s lap=445.5s carrier_dist=200m t=747.0
t=753.3 LAUNCH_BLOCKED reason=deck_busy active=7 stored=1 no_active_s=0.0 state=RETRIEVING_FROM_HANGAR tractor_cleanup=false elevator_transfer=false deck=Aircraft_10_nav_r6_18 pending=none clearance=none queue=0
t=763.6 SPAWN craft=Aircraft_10_nav_r6_18 route=6 candidate=8 trial=18 t=763.6
t=768.4 LAUNCH_BLOCKED reason=cleared_unready_nav_deck_aircraft active=7 stored=1 no_active_s=0.0 state=IDLE tractor_cleanup=false elevator_transfer=false deck=Aircraft_10_nav_r6_18 pending=none clearance=none queue=0
t=771.3 ==== SUMMARY t=771.3 ====
t=771.3 route=1 laps=2 crashes=0 avg_out=145.7s avg_ret=160.1s avg_lap=317.8s best_lap=315.5
t=771.3 route=2 laps=1 crashes=1 avg_out=180.8s avg_ret=251.7s avg_lap=445.5s best_lap=445.5
t=771.3 route=3 laps=1 crashes=0 avg_out=212.5s avg_ret=254.8s avg_lap=479.3s best_lap=479.3
t=771.3 route=4 laps=1 crashes=0 avg_out=172.1s avg_ret=154.0s avg_lap=333.7s best_lap=333.7
t=771.3 route=5 laps=1 crashes=0 avg_out=252.8s avg_ret=226.8s avg_lap=491.6s best_lap=491.6
t=771.3 route=6 laps=2 crashes=0 avg_out=123.2s avg_ret=155.3s avg_lap=290.5s best_lap=290.2
t=771.3 route=7 laps=1 crashes=0 avg_out=169.0s avg_ret=156.6s avg_lap=338.7s best_lap=338.7
t=771.3 route=8 laps=1 crashes=0 avg_out=172.4s avg_ret=174.4s avg_lap=360.2s best_lap=360.2
t=771.4 TOTAL laps=10 crashes=1
t=771.4 TUNER gen=0 results=11/64 pending=7 active=7 remaining=53 next_trial=19 rounds=[3,2,2,2,2,3,2,2]
t=775.9 LZ_REACHED craft=Aircraft_10_nav_r3_15 route=3 outbound=203.1s t=775.9
t=783.7 SPAWN craft=Aircraft_10_nav_r2_19 route=2 candidate=4 trial=19 t=783.7
t=801.4 ==== SUMMARY t=801.4 ====
t=801.4 route=1 laps=2 crashes=0 avg_out=145.7s avg_ret=160.1s avg_lap=317.8s best_lap=315.5
t=801.4 route=2 laps=1 crashes=1 avg_out=180.8s avg_ret=251.7s avg_lap=445.5s best_lap=445.5
t=801.4 route=3 laps=1 crashes=0 avg_out=207.8s avg_ret=254.8s avg_lap=479.3s best_lap=479.3
t=801.4 route=4 laps=1 crashes=0 avg_out=172.1s avg_ret=154.0s avg_lap=333.7s best_lap=333.7
t=801.4 route=5 laps=1 crashes=0 avg_out=252.8s avg_ret=226.8s avg_lap=491.6s best_lap=491.6
t=801.4 route=6 laps=2 crashes=0 avg_out=123.2s avg_ret=155.3s avg_lap=290.5s best_lap=290.2
t=801.5 route=7 laps=1 crashes=0 avg_out=169.0s avg_ret=156.6s avg_lap=338.7s best_lap=338.7
t=801.5 route=8 laps=1 crashes=0 avg_out=172.4s avg_ret=174.4s avg_lap=360.2s best_lap=360.2
t=801.5 TOTAL laps=10 crashes=1
t=801.5 TUNER gen=0 results=11/64 pending=8 active=8 remaining=53 next_trial=20 rounds=[3,3,2,2,2,3,2,2]
t=801.9 LAP_CAPTURE craft=Aircraft_10_nav_r4_12 route=4 return=150.9s lap=339.5s carrier_dist=200m t=801.9
t=818.9 SPAWN craft=Aircraft_10_nav_r4_20 route=4 candidate=6 trial=20 t=818.9
t=827.7 CRASH craft=Aircraft_10_nav_r3_15 route=3 phase=2 t=827.7
t=831.3 LAP_CAPTURE craft=Aircraft_10_nav_r7_13 route=7 return=138.8s lap=318.7s carrier_dist=200m t=831.3
t=831.5 ==== SUMMARY t=831.5 ====
t=831.5 route=1 laps=2 crashes=0 avg_out=145.7s avg_ret=160.1s avg_lap=317.8s best_lap=315.5
t=831.5 route=2 laps=1 crashes=1 avg_out=180.8s avg_ret=251.7s avg_lap=445.5s best_lap=445.5
t=831.5 route=3 laps=1 crashes=1 avg_out=207.8s avg_ret=254.8s avg_lap=479.3s best_lap=479.3
t=831.5 route=4 laps=2 crashes=0 avg_out=172.1s avg_ret=152.5s avg_lap=336.6s best_lap=333.7
t=831.5 route=5 laps=1 crashes=0 avg_out=252.8s avg_ret=226.8s avg_lap=491.6s best_lap=491.6
t=831.5 route=6 laps=2 crashes=0 avg_out=123.2s avg_ret=155.3s avg_lap=290.5s best_lap=290.2
t=831.5 route=7 laps=2 crashes=0 avg_out=169.0s avg_ret=147.7s avg_lap=328.7s best_lap=318.7
t=831.5 route=8 laps=1 crashes=0 avg_out=172.4s avg_ret=174.4s avg_lap=360.2s best_lap=360.2
t=831.5 TOTAL laps=12 crashes=2
t=831.5 TUNER gen=0 results=14/64 pending=6 active=6 remaining=50 next_trial=21 rounds=[3,3,2,3,2,3,2,2]
t=838.7 LAUNCH_BLOCKED reason=deck_busy active=7 stored=1 no_active_s=0.0 state=AIRCRAFT_ON_DECK tractor_cleanup=false elevator_transfer=true deck=Aircraft_10_nav_r3_21 pending=none clearance=none queue=0
t=841.4 LZ_REACHED craft=Aircraft_10_nav_r1_17 route=1 outbound=138.0s t=841.4
t=844.1 SPAWN craft=Aircraft_10_nav_r3_21 route=3 candidate=5 trial=21 t=844.1
t=861.5 ==== SUMMARY t=861.5 ====
t=861.5 route=1 laps=2 crashes=0 avg_out=143.2s avg_ret=160.1s avg_lap=317.8s best_lap=315.5
t=861.6 route=2 laps=1 crashes=1 avg_out=180.8s avg_ret=251.7s avg_lap=445.5s best_lap=445.5
t=861.6 route=3 laps=1 crashes=1 avg_out=207.8s avg_ret=254.8s avg_lap=479.3s best_lap=479.3
t=861.6 route=4 laps=2 crashes=0 avg_out=172.1s avg_ret=152.5s avg_lap=336.6s best_lap=333.7
t=861.6 route=5 laps=1 crashes=0 avg_out=252.8s avg_ret=226.8s avg_lap=491.6s best_lap=491.6
t=861.6 route=6 laps=2 crashes=0 avg_out=123.2s avg_ret=155.3s avg_lap=290.5s best_lap=290.2
t=861.6 route=7 laps=2 crashes=0 avg_out=169.0s avg_ret=147.7s avg_lap=328.7s best_lap=318.7
t=861.6 route=8 laps=1 crashes=0 avg_out=172.4s avg_ret=174.4s avg_lap=360.2s best_lap=360.2
t=861.6 TOTAL laps=12 crashes=2
t=861.6 TUNER gen=0 results=14/64 pending=8 active=8 remaining=50 next_trial=23 rounds=[3,3,3,3,2,3,3,2]
t=864.0 SPAWN craft=Aircraft_10_nav_r7_22 route=7 candidate=1 trial=22 t=864.0
t=872.3 LZ_REACHED craft=Aircraft_10_nav_r5_16 route=5 outbound=249.2s t=872.3
t=891.3 LZ_REACHED craft=Aircraft_10_nav_r6_18 route=6 outbound=127.7s t=891.3
t=891.8 ==== SUMMARY t=891.8 ====
t=891.8 route=1 laps=2 crashes=0 avg_out=143.2s avg_ret=160.1s avg_lap=317.8s best_lap=315.5
t=891.8 route=2 laps=1 crashes=1 avg_out=180.8s avg_ret=251.7s avg_lap=445.5s best_lap=445.5
t=891.8 route=3 laps=1 crashes=1 avg_out=207.8s avg_ret=254.8s avg_lap=479.3s best_lap=479.3
t=891.8 route=4 laps=2 crashes=0 avg_out=172.1s avg_ret=152.5s avg_lap=336.6s best_lap=333.7
t=891.8 route=5 laps=1 crashes=0 avg_out=251.0s avg_ret=226.8s avg_lap=491.6s best_lap=491.6
t=891.8 route=6 laps=2 crashes=0 avg_out=124.7s avg_ret=155.3s avg_lap=290.5s best_lap=290.2
t=891.8 route=7 laps=2 crashes=0 avg_out=169.0s avg_ret=147.7s avg_lap=328.7s best_lap=318.7
t=891.8 route=8 laps=1 crashes=0 avg_out=172.4s avg_ret=174.4s avg_lap=360.2s best_lap=360.2
t=891.8 TOTAL laps=12 crashes=2
t=891.8 TUNER gen=0 results=14/64 pending=8 active=8 remaining=50 next_trial=23 rounds=[3,3,3,3,2,3,3,2]
t=910.0 LAP_CAPTURE craft=Aircraft_10_nav_r8_14 route=8 return=174.2s lap=357.3s carrier_dist=200m t=909.9
t=921.8 ==== SUMMARY t=921.8 ====
t=921.8 route=1 laps=2 crashes=0 avg_out=143.2s avg_ret=160.1s avg_lap=317.8s best_lap=315.5
t=921.9 route=2 laps=1 crashes=1 avg_out=180.8s avg_ret=251.7s avg_lap=445.5s best_lap=445.5
t=921.9 route=3 laps=1 crashes=1 avg_out=207.8s avg_ret=254.8s avg_lap=479.3s best_lap=479.3
t=921.9 route=4 laps=2 crashes=0 avg_out=172.1s avg_ret=152.5s avg_lap=336.6s best_lap=333.7
t=921.9 route=5 laps=1 crashes=0 avg_out=251.0s avg_ret=226.8s avg_lap=491.6s best_lap=491.6
t=921.9 route=6 laps=2 crashes=0 avg_out=124.7s avg_ret=155.3s avg_lap=290.5s best_lap=290.2
t=921.9 route=7 laps=2 crashes=0 avg_out=169.0s avg_ret=147.7s avg_lap=328.7s best_lap=318.7
t=921.9 route=8 laps=2 crashes=0 avg_out=172.4s avg_ret=174.3s avg_lap=358.7s best_lap=357.3
t=921.9 TOTAL laps=13 crashes=2
t=921.9 TUNER gen=0 results=15/64 pending=7 active=7 remaining=49 next_trial=23 rounds=[3,3,3,3,2,3,3,2]
t=929.7 SPAWN craft=Aircraft_10_nav_r8_23 route=8 candidate=2 trial=23 t=929.7
t=951.9 ==== SUMMARY t=951.9 ====
t=951.9 route=1 laps=2 crashes=0 avg_out=143.2s avg_ret=160.1s avg_lap=317.8s best_lap=315.5
t=951.9 route=2 laps=1 crashes=1 avg_out=180.8s avg_ret=251.7s avg_lap=445.5s best_lap=445.5
t=951.9 route=3 laps=1 crashes=1 avg_out=207.8s avg_ret=254.8s avg_lap=479.3s best_lap=479.3
t=951.9 route=4 laps=2 crashes=0 avg_out=172.1s avg_ret=152.5s avg_lap=336.6s best_lap=333.7
t=951.9 route=5 laps=1 crashes=0 avg_out=251.0s avg_ret=226.8s avg_lap=491.6s best_lap=491.6
t=951.9 route=6 laps=2 crashes=0 avg_out=124.7s avg_ret=155.3s avg_lap=290.5s best_lap=290.2
t=951.9 route=7 laps=2 crashes=0 avg_out=169.0s avg_ret=147.7s avg_lap=328.7s best_lap=318.7
t=951.9 route=8 laps=2 crashes=0 avg_out=172.4s avg_ret=174.3s avg_lap=358.7s best_lap=357.3
t=951.9 TOTAL laps=13 crashes=2
t=951.9 TUNER gen=0 results=15/64 pending=8 active=8 remaining=49 next_trial=24 rounds=[3,3,3,3,2,3,3,3]
t=962.5 LZ_REACHED craft=Aircraft_10_nav_r2_19 route=2 outbound=178.8s t=962.5
t=981.9 ==== SUMMARY t=981.9 ====
t=981.9 route=1 laps=2 crashes=0 avg_out=143.2s avg_ret=160.1s avg_lap=317.8s best_lap=315.5
t=981.9 route=2 laps=1 crashes=1 avg_out=180.2s avg_ret=251.7s avg_lap=445.5s best_lap=445.5
t=981.9 route=3 laps=1 crashes=1 avg_out=207.8s avg_ret=254.8s avg_lap=479.3s best_lap=479.3
t=981.9 route=4 laps=2 crashes=0 avg_out=172.1s avg_ret=152.5s avg_lap=336.6s best_lap=333.7
t=981.9 route=5 laps=1 crashes=0 avg_out=251.0s avg_ret=226.8s avg_lap=491.6s best_lap=491.6
t=981.9 route=6 laps=2 crashes=0 avg_out=124.7s avg_ret=155.3s avg_lap=290.5s best_lap=290.2
t=981.9 route=7 laps=2 crashes=0 avg_out=169.0s avg_ret=147.7s avg_lap=328.7s best_lap=318.7
t=981.9 route=8 laps=2 crashes=0 avg_out=172.4s avg_ret=174.3s avg_lap=358.7s best_lap=357.3
t=982.0 TOTAL laps=13 crashes=2
t=982.0 TUNER gen=0 results=15/64 pending=8 active=8 remaining=49 next_trial=24 rounds=[3,3,3,3,2,3,3,3]
t=995.9 LZ_REACHED craft=Aircraft_10_nav_r4_20 route=4 outbound=176.9s t=995.9
t=1004.9 CRASH craft=Aircraft_10_nav_r3_21 route=3 phase=0 t=1004.9
t=1011.9 ==== SUMMARY t=1011.9 ====
t=1011.9 route=1 laps=2 crashes=0 avg_out=143.2s avg_ret=160.1s avg_lap=317.8s best_lap=315.5
t=1011.9 route=2 laps=1 crashes=1 avg_out=180.2s avg_ret=251.7s avg_lap=445.5s best_lap=445.5
t=1011.9 route=3 laps=1 crashes=2 avg_out=207.8s avg_ret=254.8s avg_lap=479.3s best_lap=479.3
t=1012.0 route=4 laps=2 crashes=0 avg_out=173.7s avg_ret=152.5s avg_lap=336.6s best_lap=333.7
t=1012.0 route=5 laps=1 crashes=0 avg_out=251.0s avg_ret=226.8s avg_lap=491.6s best_lap=491.6
t=1012.0 route=6 laps=2 crashes=0 avg_out=124.7s avg_ret=155.3s avg_lap=290.5s best_lap=290.2
t=1012.0 route=7 laps=2 crashes=0 avg_out=169.0s avg_ret=147.7s avg_lap=328.7s best_lap=318.7
t=1012.0 route=8 laps=2 crashes=0 avg_out=172.4s avg_ret=174.3s avg_lap=358.7s best_lap=357.3
t=1012.0 TOTAL laps=13 crashes=3
t=1012.0 TUNER gen=0 results=16/64 pending=7 active=7 remaining=48 next_trial=24 rounds=[3,3,3,3,2,3,3,3]
t=1014.3 LAP_CAPTURE craft=Aircraft_10_nav_r1_17 route=1 return=160.9s lap=311.0s carrier_dist=200m t=1014.3
t=1019.7 LAUNCH_BLOCKED reason=deck_busy active=7 stored=1 no_active_s=0.0 state=RETRIEVING_FROM_HANGAR tractor_cleanup=false elevator_transfer=false deck=Aircraft_10_nav_r3_24 pending=none clearance=none queue=0
t=1030.0 SPAWN craft=Aircraft_10_nav_r3_24 route=3 candidate=6 trial=24 t=1030.0
t=1030.6 LZ_REACHED craft=Aircraft_10_nav_r7_22 route=7 outbound=166.5s t=1030.6
t=1034.8 LAUNCH_BLOCKED reason=cleared_unready_nav_deck_aircraft active=7 stored=1 no_active_s=0.0 state=IDLE tractor_cleanup=false elevator_transfer=false deck=Aircraft_10_nav_r3_24 pending=none clearance=none queue=0
t=1042.0 ==== SUMMARY t=1042.0 ====
t=1042.0 route=1 laps=3 crashes=0 avg_out=143.2s avg_ret=160.4s avg_lap=315.5s best_lap=311.0
t=1042.0 route=2 laps=1 crashes=1 avg_out=180.2s avg_ret=251.7s avg_lap=445.5s best_lap=445.5
t=1042.0 route=3 laps=1 crashes=2 avg_out=207.8s avg_ret=254.8s avg_lap=479.3s best_lap=479.3
t=1042.0 route=4 laps=2 crashes=0 avg_out=173.7s avg_ret=152.5s avg_lap=336.6s best_lap=333.7
t=1042.0 route=5 laps=1 crashes=0 avg_out=251.0s avg_ret=226.8s avg_lap=491.6s best_lap=491.6
t=1042.0 route=6 laps=2 crashes=0 avg_out=124.7s avg_ret=155.3s avg_lap=290.5s best_lap=290.2
t=1042.0 route=7 laps=2 crashes=0 avg_out=168.2s avg_ret=147.7s avg_lap=328.7s best_lap=318.7
t=1042.0 route=8 laps=2 crashes=0 avg_out=172.4s avg_ret=174.3s avg_lap=358.7s best_lap=357.3
t=1042.0 TOTAL laps=14 crashes=3
t=1042.0 TUNER gen=0 results=17/64 pending=7 active=7 remaining=47 next_trial=25 rounds=[3,3,4,3,2,3,3,3]
t=1043.6 LAP_CAPTURE craft=Aircraft_10_nav_r6_18 route=6 return=140.3s lap=280.0s carrier_dist=200m t=1043.6
t=1049.8 LAUNCH_BLOCKED reason=deck_busy active=7 stored=1 no_active_s=0.0 state=AIRCRAFT_ON_DECK tractor_cleanup=false elevator_transfer=false deck=Aircraft_10_nav_r1_25 pending=none clearance=none queue=0
t=1050.0 SPAWN craft=Aircraft_10_nav_r1_25 route=1 candidate=4 trial=25 t=1050.0
t=1070.2 SPAWN craft=Aircraft_10_nav_r6_26 route=6 candidate=1 trial=26 t=1070.2
t=1072.0 ==== SUMMARY t=1072.0 ====
t=1072.0 route=1 laps=3 crashes=0 avg_out=143.2s avg_ret=160.4s avg_lap=315.5s best_lap=311.0
t=1072.0 route=2 laps=1 crashes=1 avg_out=180.2s avg_ret=251.7s avg_lap=445.5s best_lap=445.5
t=1072.0 route=3 laps=1 crashes=2 avg_out=207.8s avg_ret=254.8s avg_lap=479.3s best_lap=479.3
t=1072.0 route=4 laps=2 crashes=0 avg_out=173.7s avg_ret=152.5s avg_lap=336.6s best_lap=333.7
t=1072.0 route=5 laps=1 crashes=0 avg_out=251.0s avg_ret=226.8s avg_lap=491.6s best_lap=491.6
t=1072.0 route=6 laps=3 crashes=0 avg_out=124.7s avg_ret=150.3s avg_lap=287.0s best_lap=280.0
t=1072.1 route=7 laps=2 crashes=0 avg_out=168.2s avg_ret=147.7s avg_lap=328.7s best_lap=318.7
t=1072.1 route=8 laps=2 crashes=0 avg_out=172.4s avg_ret=174.3s avg_lap=358.7s best_lap=357.3
t=1072.1 TOTAL laps=15 crashes=3
t=1072.1 TUNER gen=0 results=18/64 pending=8 active=8 remaining=46 next_trial=27 rounds=[4,3,4,3,2,4,3,3]
t=1102.0 ==== SUMMARY t=1102.0 ====
t=1102.0 route=1 laps=3 crashes=0 avg_out=143.2s avg_ret=160.4s avg_lap=315.5s best_lap=311.0
t=1102.1 route=2 laps=1 crashes=1 avg_out=180.2s avg_ret=251.7s avg_lap=445.5s best_lap=445.5
t=1102.1 route=3 laps=1 crashes=2 avg_out=207.8s avg_ret=254.8s avg_lap=479.3s best_lap=479.3
t=1102.1 route=4 laps=2 crashes=0 avg_out=173.7s avg_ret=152.5s avg_lap=336.6s best_lap=333.7
t=1102.1 route=5 laps=1 crashes=0 avg_out=251.0s avg_ret=226.8s avg_lap=491.6s best_lap=491.6
t=1102.1 route=6 laps=3 crashes=0 avg_out=124.7s avg_ret=150.3s avg_lap=287.0s best_lap=280.0
t=1102.1 route=7 laps=2 crashes=0 avg_out=168.2s avg_ret=147.7s avg_lap=328.7s best_lap=318.7
t=1102.1 route=8 laps=2 crashes=0 avg_out=172.4s avg_ret=174.3s avg_lap=358.7s best_lap=357.3
t=1102.1 TOTAL laps=15 crashes=3
t=1102.1 TUNER gen=0 results=18/64 pending=8 active=8 remaining=46 next_trial=27 rounds=[4,3,4,3,2,4,3,3]
t=1102.2 LZ_REACHED craft=Aircraft_10_nav_r8_23 route=8 outbound=172.4s t=1102.2
t=1111.9 LAP_CAPTURE craft=Aircraft_10_nav_r5_16 route=5 return=227.6s lap=488.8s carrier_dist=200m t=1111.9
t=1130.7 SPAWN craft=Aircraft_10_nav_r5_27 route=5 candidate=7 trial=27 t=1130.7
t=1132.3 ==== SUMMARY t=1132.3 ====
t=1132.3 route=1 laps=3 crashes=0 avg_out=143.2s avg_ret=160.4s avg_lap=315.5s best_lap=311.0
t=1132.3 route=2 laps=1 crashes=1 avg_out=180.2s avg_ret=251.7s avg_lap=445.5s best_lap=445.5
t=1132.3 route=3 laps=1 crashes=2 avg_out=207.8s avg_ret=254.8s avg_lap=479.3s best_lap=479.3
t=1132.3 route=4 laps=2 crashes=0 avg_out=173.7s avg_ret=152.5s avg_lap=336.6s best_lap=333.7
t=1132.3 route=5 laps=2 crashes=0 avg_out=251.0s avg_ret=227.2s avg_lap=490.2s best_lap=488.8
t=1132.3 route=6 laps=3 crashes=0 avg_out=124.7s avg_ret=150.3s avg_lap=287.0s best_lap=280.0
t=1132.3 route=7 laps=2 crashes=0 avg_out=168.2s avg_ret=147.7s avg_lap=328.7s best_lap=318.7
t=1132.3 route=8 laps=2 crashes=0 avg_out=172.4s avg_ret=174.3s avg_lap=358.7s best_lap=357.3
t=1132.4 TOTAL laps=16 crashes=3
t=1132.4 TUNER gen=0 results=19/64 pending=8 active=8 remaining=45 next_trial=28 rounds=[4,3,4,3,3,4,3,3]
t=1157.6 LAP_CAPTURE craft=Aircraft_10_nav_r4_20 route=4 return=149.7s lap=338.6s carrier_dist=200m t=1157.6
t=1162.3 ==== SUMMARY t=1162.3 ====
t=1162.3 route=1 laps=3 crashes=0 avg_out=143.2s avg_ret=160.4s avg_lap=315.5s best_lap=311.0
t=1162.3 route=2 laps=1 crashes=1 avg_out=180.2s avg_ret=251.7s avg_lap=445.5s best_lap=445.5
t=1162.3 route=3 laps=1 crashes=2 avg_out=207.8s avg_ret=254.8s avg_lap=479.3s best_lap=479.3
t=1162.3 route=4 laps=3 crashes=0 avg_out=173.7s avg_ret=151.5s avg_lap=337.3s best_lap=333.7
t=1162.3 route=5 laps=2 crashes=0 avg_out=251.0s avg_ret=227.2s avg_lap=490.2s best_lap=488.8
t=1162.3 route=6 laps=3 crashes=0 avg_out=124.7s avg_ret=150.3s avg_lap=287.0s best_lap=280.0
t=1162.3 route=7 laps=2 crashes=0 avg_out=168.2s avg_ret=147.7s avg_lap=328.7s best_lap=318.7
t=1162.3 route=8 laps=2 crashes=0 avg_out=172.4s avg_ret=174.3s avg_lap=358.7s best_lap=357.3
t=1162.3 TOTAL laps=17 crashes=3
t=1162.3 TUNER gen=0 results=20/64 pending=7 active=7 remaining=44 next_trial=28 rounds=[4,3,4,3,3,4,3,3]
t=1175.8 SPAWN craft=Aircraft_10_nav_r4_28 route=4 candidate=7 trial=28 t=1175.8
t=1189.6 LAP_CAPTURE craft=Aircraft_10_nav_r7_22 route=7 return=147.0s lap=325.6s carrier_dist=200m t=1189.6
t=1189.7 CRASH craft=Aircraft_10_nav_r3_24 route=3 phase=0 t=1189.7
t=1192.3 ==== SUMMARY t=1192.3 ====
t=1192.3 route=1 laps=3 crashes=0 avg_out=143.2s avg_ret=160.4s avg_lap=315.5s best_lap=311.0
t=1192.3 route=2 laps=1 crashes=1 avg_out=180.2s avg_ret=251.7s avg_lap=445.5s best_lap=445.5
t=1192.3 route=3 laps=1 crashes=3 avg_out=207.8s avg_ret=254.8s avg_lap=479.3s best_lap=479.3
t=1192.3 route=4 laps=3 crashes=0 avg_out=173.7s avg_ret=151.5s avg_lap=337.3s best_lap=333.7
t=1192.4 route=5 laps=2 crashes=0 avg_out=251.0s avg_ret=227.2s avg_lap=490.2s best_lap=488.8
t=1192.4 route=6 laps=3 crashes=0 avg_out=124.7s avg_ret=150.3s avg_lap=287.0s best_lap=280.0
t=1192.4 route=7 laps=3 crashes=0 avg_out=168.2s avg_ret=147.5s avg_lap=327.7s best_lap=318.7
t=1192.4 route=8 laps=2 crashes=0 avg_out=172.4s avg_ret=174.3s avg_lap=358.7s best_lap=357.3
t=1192.4 TOTAL laps=18 crashes=4
t=1192.4 TUNER gen=0 results=22/64 pending=6 active=6 remaining=42 next_trial=29 rounds=[4,3,4,4,3,4,3,3]
t=1192.5 LZ_REACHED craft=Aircraft_10_nav_r1_25 route=1 outbound=142.4s t=1192.5
t=1194.4 LAP_CAPTURE craft=Aircraft_10_nav_r2_19 route=2 return=219.9s lap=410.8s carrier_dist=200m t=1194.4
t=1195.6 LAUNCH_BLOCKED reason=deck_busy active=6 stored=1 no_active_s=0.0 state=RETRIEVING_FROM_HANGAR tractor_cleanup=false elevator_transfer=false deck=Aircraft_10_nav_r3_29 pending=none clearance=none queue=0
t=1206.0 SPAWN craft=Aircraft_10_nav_r3_29 route=3 candidate=7 trial=29 t=1206.0
t=1210.7 LAUNCH_BLOCKED reason=cleared_unready_nav_deck_aircraft active=6 stored=2 no_active_s=0.0 state=IDLE tractor_cleanup=false elevator_transfer=false deck=Aircraft_10_nav_r3_29 pending=none clearance=none queue=0
t=1215.0 LZ_REACHED craft=Aircraft_10_nav_r6_26 route=6 outbound=144.8s t=1215.0
t=1222.4 ==== SUMMARY t=1222.4 ====
t=1222.4 route=1 laps=3 crashes=0 avg_out=143.0s avg_ret=160.4s avg_lap=315.5s best_lap=311.0
t=1222.4 route=2 laps=2 crashes=1 avg_out=180.2s avg_ret=235.8s avg_lap=428.1s best_lap=410.8
t=1222.4 route=3 laps=1 crashes=3 avg_out=207.8s avg_ret=254.8s avg_lap=479.3s best_lap=479.3
t=1222.4 route=4 laps=3 crashes=0 avg_out=173.7s avg_ret=151.5s avg_lap=337.3s best_lap=333.7
t=1222.4 route=5 laps=2 crashes=0 avg_out=251.0s avg_ret=227.2s avg_lap=490.2s best_lap=488.8
t=1222.4 route=6 laps=3 crashes=0 avg_out=129.8s avg_ret=150.3s avg_lap=287.0s best_lap=280.0
t=1222.4 route=7 laps=3 crashes=0 avg_out=168.2s avg_ret=147.5s avg_lap=327.7s best_lap=318.7
t=1222.4 route=8 laps=2 crashes=0 avg_out=172.4s avg_ret=174.3s avg_lap=358.7s best_lap=357.3
t=1222.4 TOTAL laps=19 crashes=4
t=1222.4 TUNER gen=0 results=23/64 pending=7 active=7 remaining=41 next_trial=31 rounds=[4,3,5,4,3,4,4,3]
t=1225.7 LAUNCH_BLOCKED reason=deck_busy active=7 stored=1 no_active_s=0.0 state=AIRCRAFT_ON_DECK tractor_cleanup=false elevator_transfer=false deck=Aircraft_10_nav_r7_30 pending=none clearance=none queue=0
t=1225.9 SPAWN craft=Aircraft_10_nav_r7_30 route=7 candidate=2 trial=30 t=1225.9
t=1246.3 SPAWN craft=Aircraft_10_nav_r2_31 route=2 candidate=5 trial=31 t=1246.3
t=1252.6 ==== SUMMARY t=1252.6 ====
t=1252.6 route=1 laps=3 crashes=0 avg_out=143.0s avg_ret=160.4s avg_lap=315.5s best_lap=311.0
t=1252.6 route=2 laps=2 crashes=1 avg_out=180.2s avg_ret=235.8s avg_lap=428.1s best_lap=410.8
t=1252.6 route=3 laps=1 crashes=3 avg_out=207.8s avg_ret=254.8s avg_lap=479.3s best_lap=479.3
t=1252.6 route=4 laps=3 crashes=0 avg_out=173.7s avg_ret=151.5s avg_lap=337.3s best_lap=333.7
t=1252.6 route=5 laps=2 crashes=0 avg_out=251.0s avg_ret=227.2s avg_lap=490.2s best_lap=488.8
t=1252.6 route=6 laps=3 crashes=0 avg_out=129.8s avg_ret=150.3s avg_lap=287.0s best_lap=280.0
t=1252.6 route=7 laps=3 crashes=0 avg_out=168.2s avg_ret=147.5s avg_lap=327.7s best_lap=318.7
t=1252.6 route=8 laps=2 crashes=0 avg_out=172.4s avg_ret=174.3s avg_lap=358.7s best_lap=357.3
t=1252.6 TOTAL laps=19 crashes=4
t=1252.6 TUNER gen=0 results=23/64 pending=8 active=8 remaining=41 next_trial=32 rounds=[4,4,5,4,3,4,4,3]
t=1282.6 ==== SUMMARY t=1282.6 ====
t=1282.6 route=1 laps=3 crashes=0 avg_out=143.0s avg_ret=160.4s avg_lap=315.5s best_lap=311.0
t=1282.6 route=2 laps=2 crashes=1 avg_out=180.2s avg_ret=235.8s avg_lap=428.1s best_lap=410.8
t=1282.6 route=3 laps=1 crashes=3 avg_out=207.8s avg_ret=254.8s avg_lap=479.3s best_lap=479.3
t=1282.6 route=4 laps=3 crashes=0 avg_out=173.7s avg_ret=151.5s avg_lap=337.3s best_lap=333.7
t=1282.6 route=5 laps=2 crashes=0 avg_out=251.0s avg_ret=227.2s avg_lap=490.2s best_lap=488.8
t=1282.6 route=6 laps=3 crashes=0 avg_out=129.8s avg_ret=150.3s avg_lap=287.0s best_lap=280.0
t=1282.6 route=7 laps=3 crashes=0 avg_out=168.2s avg_ret=147.5s avg_lap=327.7s best_lap=318.7
t=1282.6 route=8 laps=2 crashes=0 avg_out=172.4s avg_ret=174.3s avg_lap=358.7s best_lap=357.3
t=1282.6 TOTAL laps=19 crashes=4
t=1282.6 TUNER gen=0 results=23/64 pending=8 active=8 remaining=41 next_trial=32 rounds=[4,4,5,4,3,4,4,3]
t=1292.5 LAP_CAPTURE craft=Aircraft_10_nav_r8_23 route=8 return=178.4s lap=362.8s carrier_dist=200m t=1292.5
t=1311.4 SPAWN craft=Aircraft_10_nav_r8_32 route=8 candidate=3 trial=32 t=1311.4
t=1312.6 ==== SUMMARY t=1312.6 ====
t=1312.6 route=1 laps=3 crashes=0 avg_out=143.0s avg_ret=160.4s avg_lap=315.5s best_lap=311.0
t=1312.6 route=2 laps=2 crashes=1 avg_out=180.2s avg_ret=235.8s avg_lap=428.1s best_lap=410.8
t=1312.6 route=3 laps=1 crashes=3 avg_out=207.8s avg_ret=254.8s avg_lap=479.3s best_lap=479.3
t=1312.6 route=4 laps=3 crashes=0 avg_out=173.7s avg_ret=151.5s avg_lap=337.3s best_lap=333.7
t=1312.6 route=5 laps=2 crashes=0 avg_out=251.0s avg_ret=227.2s avg_lap=490.2s best_lap=488.8
t=1312.6 route=6 laps=3 crashes=0 avg_out=129.8s avg_ret=150.3s avg_lap=287.0s best_lap=280.0
t=1312.6 route=7 laps=3 crashes=0 avg_out=168.2s avg_ret=147.5s avg_lap=327.7s best_lap=318.7
t=1312.7 route=8 laps=3 crashes=0 avg_out=172.4s avg_ret=175.7s avg_lap=360.1s best_lap=357.3
t=1312.7 TOTAL laps=20 crashes=4
t=1312.7 TUNER gen=0 results=24/64 pending=8 active=8 remaining=40 next_trial=33 rounds=[4,4,5,4,3,4,4,4]
t=1342.6 ==== SUMMARY t=1342.6 ====
t=1342.6 route=1 laps=3 crashes=0 avg_out=143.0s avg_ret=160.4s avg_lap=315.5s best_lap=311.0
t=1342.6 route=2 laps=2 crashes=1 avg_out=180.2s avg_ret=235.8s avg_lap=428.1s best_lap=410.8
t=1342.6 route=3 laps=1 crashes=3 avg_out=207.8s avg_ret=254.8s avg_lap=479.3s best_lap=479.3
t=1342.6 route=4 laps=3 crashes=0 avg_out=173.7s avg_ret=151.5s avg_lap=337.3s best_lap=333.7
t=1342.6 route=5 laps=2 crashes=0 avg_out=251.0s avg_ret=227.2s avg_lap=490.2s best_lap=488.8
t=1342.6 route=6 laps=3 crashes=0 avg_out=129.8s avg_ret=150.3s avg_lap=287.0s best_lap=280.0
t=1342.6 route=7 laps=3 crashes=0 avg_out=168.2s avg_ret=147.5s avg_lap=327.7s best_lap=318.7
t=1342.6 route=8 laps=3 crashes=0 avg_out=172.4s avg_ret=175.7s avg_lap=360.1s best_lap=357.3
t=1342.7 TOTAL laps=20 crashes=4
t=1342.7 TUNER gen=0 results=24/64 pending=8 active=8 remaining=40 next_trial=33 rounds=[4,4,5,4,3,4,4,4]
t=1352.6 LZ_REACHED craft=Aircraft_10_nav_r4_28 route=4 outbound=176.8s t=1352.6
t=1364.7 LAP_CAPTURE craft=Aircraft_10_nav_r1_25 route=1 return=160.2s lap=314.7s carrier_dist=200m t=1364.7
t=1368.5 LAP_CAPTURE craft=Aircraft_10_nav_r6_26 route=6 return=141.5s lap=298.3s carrier_dist=200m t=1368.5
t=1372.7 ==== SUMMARY t=1372.7 ====
t=1372.7 route=1 laps=4 crashes=0 avg_out=143.0s avg_ret=160.3s avg_lap=315.3s best_lap=311.0
t=1372.7 route=2 laps=2 crashes=1 avg_out=180.2s avg_ret=235.8s avg_lap=428.1s best_lap=410.8
t=1372.7 route=3 laps=1 crashes=3 avg_out=207.8s avg_ret=254.8s avg_lap=479.3s best_lap=479.3
t=1372.7 route=4 laps=3 crashes=0 avg_out=174.5s avg_ret=151.5s avg_lap=337.3s best_lap=333.7
t=1372.7 route=5 laps=2 crashes=0 avg_out=251.0s avg_ret=227.2s avg_lap=490.2s best_lap=488.8
t=1372.7 route=6 laps=4 crashes=0 avg_out=129.8s avg_ret=148.1s avg_lap=289.8s best_lap=280.0
t=1372.7 route=7 laps=3 crashes=0 avg_out=168.2s avg_ret=147.5s avg_lap=327.7s best_lap=318.7
t=1372.7 route=8 laps=3 crashes=0 avg_out=172.4s avg_ret=175.7s avg_lap=360.1s best_lap=357.3
t=1372.7 TOTAL laps=22 crashes=4
t=1372.7 TUNER gen=0 results=26/64 pending=6 active=6 remaining=38 next_trial=33 rounds=[4,4,5,4,3,4,4,4]
t=1376.1 LZ_REACHED craft=Aircraft_10_nav_r7_30 route=7 outbound=150.2s t=1376.1
t=1376.4 LAUNCH_BLOCKED reason=deck_busy active=7 stored=1 no_active_s=0.0 state=AIRCRAFT_ON_DECK tractor_cleanup=false elevator_transfer=true deck=Aircraft_10_nav_r1_33 pending=none clearance=none queue=0
t=1380.0 LZ_REACHED craft=Aircraft_10_nav_r5_27 route=5 outbound=249.3s t=1380.0
t=1381.6 SPAWN craft=Aircraft_10_nav_r1_33 route=1 candidate=5 trial=33 t=1381.6
t=1402.0 SPAWN craft=Aircraft_10_nav_r6_34 route=6 candidate=2 trial=34 t=1402.0
t=1402.9 ==== SUMMARY t=1402.9 ====
t=1402.9 route=1 laps=4 crashes=0 avg_out=143.0s avg_ret=160.3s avg_lap=315.3s best_lap=311.0
t=1402.9 route=2 laps=2 crashes=1 avg_out=180.2s avg_ret=235.8s avg_lap=428.1s best_lap=410.8
t=1402.9 route=3 laps=1 crashes=3 avg_out=207.8s avg_ret=254.8s avg_lap=479.3s best_lap=479.3
t=1402.9 route=4 laps=3 crashes=0 avg_out=174.5s avg_ret=151.5s avg_lap=337.3s best_lap=333.7
t=1402.9 route=5 laps=2 crashes=0 avg_out=250.4s avg_ret=227.2s avg_lap=490.2s best_lap=488.8
t=1402.9 route=6 laps=4 crashes=0 avg_out=129.8s avg_ret=148.1s avg_lap=289.8s best_lap=280.0
t=1402.9 route=7 laps=3 crashes=0 avg_out=163.7s avg_ret=147.5s avg_lap=327.7s best_lap=318.7
t=1402.9 route=8 laps=3 crashes=0 avg_out=172.4s avg_ret=175.7s avg_lap=360.1s best_lap=357.3
t=1402.9 TOTAL laps=22 crashes=4
t=1402.9 TUNER gen=0 results=26/64 pending=8 active=8 remaining=38 next_trial=35 rounds=[5,4,5,4,3,5,4,4]
t=1413.8 LZ_REACHED craft=Aircraft_10_nav_r2_31 route=2 outbound=167.6s t=1413.8
t=1432.9 ==== SUMMARY t=1432.9 ====
t=1432.9 route=1 laps=4 crashes=0 avg_out=143.0s avg_ret=160.3s avg_lap=315.3s best_lap=311.0
t=1432.9 route=2 laps=2 crashes=1 avg_out=177.0s avg_ret=235.8s avg_lap=428.1s best_lap=410.8
t=1432.9 route=3 laps=1 crashes=3 avg_out=207.8s avg_ret=254.8s avg_lap=479.3s best_lap=479.3
t=1432.9 route=4 laps=3 crashes=0 avg_out=174.5s avg_ret=151.5s avg_lap=337.3s best_lap=333.7
t=1432.9 route=5 laps=2 crashes=0 avg_out=250.4s avg_ret=227.2s avg_lap=490.2s best_lap=488.8
t=1432.9 route=6 laps=4 crashes=0 avg_out=129.8s avg_ret=148.1s avg_lap=289.8s best_lap=280.0
t=1432.9 route=7 laps=3 crashes=0 avg_out=163.7s avg_ret=147.5s avg_lap=327.7s best_lap=318.7
t=1432.9 route=8 laps=3 crashes=0 avg_out=172.4s avg_ret=175.7s avg_lap=360.1s best_lap=357.3
t=1432.9 TOTAL laps=22 crashes=4
t=1432.9 TUNER gen=0 results=26/64 pending=8 active=8 remaining=38 next_trial=35 rounds=[5,4,5,4,3,5,4,4]
t=1438.8 LZ_REACHED craft=Aircraft_10_nav_r3_29 route=3 outbound=232.9s t=1438.8
t=1463.0 ==== SUMMARY t=1463.0 ====
t=1463.0 route=1 laps=4 crashes=0 avg_out=143.0s avg_ret=160.3s avg_lap=315.3s best_lap=311.0
t=1463.0 route=2 laps=2 crashes=1 avg_out=177.0s avg_ret=235.8s avg_lap=428.1s best_lap=410.8
t=1463.0 route=3 laps=1 crashes=3 avg_out=216.2s avg_ret=254.8s avg_lap=479.3s best_lap=479.3
t=1463.0 route=4 laps=3 crashes=0 avg_out=174.5s avg_ret=151.5s avg_lap=337.3s best_lap=333.7
t=1463.0 route=5 laps=2 crashes=0 avg_out=250.4s avg_ret=227.2s avg_lap=490.2s best_lap=488.8
t=1463.0 route=6 laps=4 crashes=0 avg_out=129.8s avg_ret=148.1s avg_lap=289.8s best_lap=280.0
t=1463.0 route=7 laps=3 crashes=0 avg_out=163.7s avg_ret=147.5s avg_lap=327.7s best_lap=318.7
t=1463.0 route=8 laps=3 crashes=0 avg_out=172.4s avg_ret=175.7s avg_lap=360.1s best_lap=357.3
t=1463.0 TOTAL laps=22 crashes=4
t=1463.0 TUNER gen=0 results=26/64 pending=8 active=8 remaining=38 next_trial=35 rounds=[5,4,5,4,3,5,4,4]
t=1484.1 LZ_REACHED craft=Aircraft_10_nav_r8_32 route=8 outbound=172.7s t=1484.1
t=1493.0 ==== SUMMARY t=1493.0 ====
t=1493.0 route=1 laps=4 crashes=0 avg_out=143.0s avg_ret=160.3s avg_lap=315.3s best_lap=311.0
t=1493.0 route=2 laps=2 crashes=1 avg_out=177.0s avg_ret=235.8s avg_lap=428.1s best_lap=410.8
t=1493.0 route=3 laps=1 crashes=3 avg_out=216.2s avg_ret=254.8s avg_lap=479.3s best_lap=479.3
t=1493.0 route=4 laps=3 crashes=0 avg_out=174.5s avg_ret=151.5s avg_lap=337.3s best_lap=333.7
t=1493.0 route=5 laps=2 crashes=0 avg_out=250.4s avg_ret=227.2s avg_lap=490.2s best_lap=488.8
t=1493.1 route=6 laps=4 crashes=0 avg_out=129.8s avg_ret=148.1s avg_lap=289.8s best_lap=280.0
t=1493.1 route=7 laps=3 crashes=0 avg_out=163.7s avg_ret=147.5s avg_lap=327.7s best_lap=318.7
t=1493.1 route=8 laps=3 crashes=0 avg_out=172.5s avg_ret=175.7s avg_lap=360.1s best_lap=357.3
t=1493.1 TOTAL laps=22 crashes=4
t=1493.1 TUNER gen=0 results=26/64 pending=8 active=8 remaining=38 next_trial=35 rounds=[5,4,5,4,3,5,4,4]
t=1515.5 LAP_CAPTURE craft=Aircraft_10_nav_r4_28 route=4 return=150.9s lap=339.7s carrier_dist=200m t=1515.5
t=1521.6 CRASH craft=Aircraft_10_nav_r3_29 route=3 phase=2 t=1521.6
t=1523.0 ==== SUMMARY t=1523.0 ====
t=1523.0 route=1 laps=4 crashes=0 avg_out=143.0s avg_ret=160.3s avg_lap=315.3s best_lap=311.0
t=1523.0 route=2 laps=2 crashes=1 avg_out=177.0s avg_ret=235.8s avg_lap=428.1s best_lap=410.8
t=1523.0 route=3 laps=1 crashes=4 avg_out=216.2s avg_ret=254.8s avg_lap=479.3s best_lap=479.3
t=1523.0 route=4 laps=4 crashes=0 avg_out=174.5s avg_ret=151.4s avg_lap=337.9s best_lap=333.7
t=1523.0 route=5 laps=2 crashes=0 avg_out=250.4s avg_ret=227.2s avg_lap=490.2s best_lap=488.8
t=1523.0 route=6 laps=4 crashes=0 avg_out=129.8s avg_ret=148.1s avg_lap=289.8s best_lap=280.0
t=1523.0 route=7 laps=3 crashes=0 avg_out=163.7s avg_ret=147.5s avg_lap=327.7s best_lap=318.7
t=1523.1 route=8 laps=3 crashes=0 avg_out=172.5s avg_ret=175.7s avg_lap=360.1s best_lap=357.3
t=1523.1 TOTAL laps=23 crashes=5
t=1523.1 TUNER gen=0 results=28/64 pending=6 active=6 remaining=36 next_trial=35 rounds=[5,4,5,4,3,5,4,4]
t=1524.4 LZ_REACHED craft=Aircraft_10_nav_r1_33 route=1 outbound=142.8s t=1524.4
t=1527.2 LAUNCH_BLOCKED reason=deck_busy active=7 stored=1 no_active_s=0.0 state=AIRCRAFT_ON_DECK tractor_cleanup=false elevator_transfer=true deck=Aircraft_10_nav_r4_35 pending=none clearance=none queue=0
t=1532.5 SPAWN craft=Aircraft_10_nav_r4_35 route=4 candidate=8 trial=35 t=1532.5
t=1532.7 LAP_CAPTURE craft=Aircraft_10_nav_r7_30 route=7 return=144.6s lap=306.9s carrier_dist=200m t=1532.7
t=1539.8 LZ_REACHED craft=Aircraft_10_nav_r6_34 route=6 outbound=137.8s t=1539.8
t=1542.3 LAUNCH_BLOCKED reason=deck_busy active=7 stored=1 no_active_s=0.0 state=RETRIEVING_FROM_HANGAR tractor_cleanup=false elevator_transfer=false deck=Aircraft_10_nav_r3_36 pending=none clearance=none queue=0
t=1552.6 SPAWN craft=Aircraft_10_nav_r3_36 route=3 candidate=8 trial=36 t=1552.6
t=1553.1 ==== SUMMARY t=1553.1 ====
t=1553.1 route=1 laps=4 crashes=0 avg_out=142.9s avg_ret=160.3s avg_lap=315.3s best_lap=311.0
t=1553.1 route=2 laps=2 crashes=1 avg_out=177.0s avg_ret=235.8s avg_lap=428.1s best_lap=410.8
t=1553.1 route=3 laps=1 crashes=4 avg_out=216.2s avg_ret=254.8s avg_lap=479.3s best_lap=479.3
t=1553.1 route=4 laps=4 crashes=0 avg_out=174.5s avg_ret=151.4s avg_lap=337.9s best_lap=333.7
t=1553.1 route=5 laps=2 crashes=0 avg_out=250.4s avg_ret=227.2s avg_lap=490.2s best_lap=488.8
t=1553.1 route=6 laps=4 crashes=0 avg_out=131.4s avg_ret=148.1s avg_lap=289.8s best_lap=280.0
t=1553.1 route=7 laps=4 crashes=0 avg_out=163.7s avg_ret=146.8s avg_lap=322.5s best_lap=306.9
t=1553.1 route=8 laps=3 crashes=0 avg_out=172.5s avg_ret=175.7s avg_lap=360.1s best_lap=357.3
t=1553.2 TOTAL laps=24 crashes=5
t=1553.2 TUNER gen=0 results=29/64 pending=7 active=7 remaining=35 next_trial=37 rounds=[5,4,6,5,3,5,4,4]
t=1557.4 LAUNCH_BLOCKED reason=cleared_unready_nav_deck_aircraft active=7 stored=1 no_active_s=0.0 state=IDLE tractor_cleanup=false elevator_transfer=false deck=Aircraft_10_nav_r3_36 pending=none clearance=none queue=0
t=1572.7 SPAWN craft=Aircraft_10_nav_r7_37 route=7 candidate=3 trial=37 t=1572.7
t=1583.2 ==== SUMMARY t=1583.2 ====
t=1583.2 route=1 laps=4 crashes=0 avg_out=142.9s avg_ret=160.3s avg_lap=315.3s best_lap=311.0
t=1583.2 route=2 laps=2 crashes=1 avg_out=177.0s avg_ret=235.8s avg_lap=428.1s best_lap=410.8
t=1583.2 route=3 laps=1 crashes=4 avg_out=216.2s avg_ret=254.8s avg_lap=479.3s best_lap=479.3
t=1583.2 route=4 laps=4 crashes=0 avg_out=174.5s avg_ret=151.4s avg_lap=337.9s best_lap=333.7
t=1583.2 route=5 laps=2 crashes=0 avg_out=250.4s avg_ret=227.2s avg_lap=490.2s best_lap=488.8
t=1583.2 route=6 laps=4 crashes=0 avg_out=131.4s avg_ret=148.1s avg_lap=289.8s best_lap=280.0
t=1583.2 route=7 laps=4 crashes=0 avg_out=163.7s avg_ret=146.8s avg_lap=322.5s best_lap=306.9
t=1583.2 route=8 laps=3 crashes=0 avg_out=172.5s avg_ret=175.7s avg_lap=360.1s best_lap=357.3
t=1583.2 TOTAL laps=24 crashes=5
t=1583.2 TUNER gen=0 results=29/64 pending=8 active=8 remaining=35 next_trial=38 rounds=[5,4,6,5,3,5,5,4]
t=1613.2 ==== SUMMARY t=1613.2 ====
t=1613.2 route=1 laps=4 crashes=0 avg_out=142.9s avg_ret=160.3s avg_lap=315.3s best_lap=311.0
t=1613.2 route=2 laps=2 crashes=1 avg_out=177.0s avg_ret=235.8s avg_lap=428.1s best_lap=410.8
t=1613.2 route=3 laps=1 crashes=4 avg_out=216.2s avg_ret=254.8s avg_lap=479.3s best_lap=479.3
t=1613.2 route=4 laps=4 crashes=0 avg_out=174.5s avg_ret=151.4s avg_lap=337.9s best_lap=333.7
t=1613.3 route=5 laps=2 crashes=0 avg_out=250.4s avg_ret=227.2s avg_lap=490.2s best_lap=488.8
t=1613.3 route=6 laps=4 crashes=0 avg_out=131.4s avg_ret=148.1s avg_lap=289.8s best_lap=280.0
t=1613.3 route=7 laps=4 crashes=0 avg_out=163.7s avg_ret=146.8s avg_lap=322.5s best_lap=306.9
t=1613.3 route=8 laps=3 crashes=0 avg_out=172.5s avg_ret=175.7s avg_lap=360.1s best_lap=357.3
t=1613.3 TOTAL laps=24 crashes=5
t=1613.3 TUNER gen=0 results=29/64 pending=8 active=8 remaining=35 next_trial=38 rounds=[5,4,6,5,3,5,5,4]
t=1614.3 LAP_CAPTURE craft=Aircraft_10_nav_r5_27 route=5 return=222.2s lap=483.6s carrier_dist=200m t=1614.3
t=1632.9 SPAWN craft=Aircraft_10_nav_r5_38 route=5 candidate=8 trial=38 t=1632.9
t=1643.4 ==== SUMMARY t=1643.4 ====
t=1643.4 route=1 laps=4 crashes=0 avg_out=142.9s avg_ret=160.3s avg_lap=315.3s best_lap=311.0
t=1643.4 route=2 laps=2 crashes=1 avg_out=177.0s avg_ret=235.8s avg_lap=428.1s best_lap=410.8
t=1643.4 route=3 laps=1 crashes=4 avg_out=216.2s avg_ret=254.8s avg_lap=479.3s best_lap=479.3
t=1643.4 route=4 laps=4 crashes=0 avg_out=174.5s avg_ret=151.4s avg_lap=337.9s best_lap=333.7
t=1643.4 route=5 laps=3 crashes=0 avg_out=250.4s avg_ret=225.5s avg_lap=488.0s best_lap=483.6
t=1643.4 route=6 laps=4 crashes=0 avg_out=131.4s avg_ret=148.1s avg_lap=289.8s best_lap=280.0
t=1643.4 route=7 laps=4 crashes=0 avg_out=163.7s avg_ret=146.8s avg_lap=322.5s best_lap=306.9
t=1643.4 route=8 laps=3 crashes=0 avg_out=172.5s avg_ret=175.7s avg_lap=360.1s best_lap=357.3
t=1643.5 TOTAL laps=25 crashes=5
t=1643.5 TUNER gen=0 results=30/64 pending=8 active=8 remaining=34 next_trial=39 rounds=[5,4,6,5,4,5,5,4]
t=1673.5 ==== SUMMARY t=1673.5 ====
t=1673.5 route=1 laps=4 crashes=0 avg_out=142.9s avg_ret=160.3s avg_lap=315.3s best_lap=311.0
t=1673.5 route=2 laps=2 crashes=1 avg_out=177.0s avg_ret=235.8s avg_lap=428.1s best_lap=410.8
t=1673.6 route=3 laps=1 crashes=4 avg_out=216.2s avg_ret=254.8s avg_lap=479.3s best_lap=479.3
t=1673.6 route=4 laps=4 crashes=0 avg_out=174.5s avg_ret=151.4s avg_lap=337.9s best_lap=333.7
t=1673.6 route=5 laps=3 crashes=0 avg_out=250.4s avg_ret=225.5s avg_lap=488.0s best_lap=483.6
t=1673.6 route=6 laps=4 crashes=0 avg_out=131.4s avg_ret=148.1s avg_lap=289.8s best_lap=280.0
t=1673.6 route=7 laps=4 crashes=0 avg_out=163.7s avg_ret=146.8s avg_lap=322.5s best_lap=306.9
t=1673.6 route=8 laps=3 crashes=0 avg_out=172.5s avg_ret=175.7s avg_lap=360.1s best_lap=357.3
t=1673.6 TOTAL laps=25 crashes=5
t=1673.6 TUNER gen=0 results=30/64 pending=8 active=8 remaining=34 next_trial=39 rounds=[5,4,6,5,4,5,5,4]
t=1674.3 LAP_CAPTURE craft=Aircraft_10_nav_r2_31 route=2 return=248.5s lap=428.0s carrier_dist=200m t=1674.3
t=1683.1 LAUNCH_BLOCKED reason=landing_or_storage_busy active=7 stored=1 no_active_s=0.0 state=IDLE tractor_cleanup=false elevator_transfer=false deck=none pending=none clearance=Aircraft_10_nav_r8_32 queue=1
t=1693.5 LAP_CAPTURE craft=Aircraft_10_nav_r6_34 route=6 return=141.6s lap=291.5s carrier_dist=200m t=1693.5
t=1698.2 LAUNCH_BLOCKED reason=landing_or_storage_busy active=6 stored=1 no_active_s=0.0 state=IDLE tractor_cleanup=false elevator_transfer=false deck=none pending=none clearance=Aircraft_10_nav_r8_32 queue=1
t=1703.5 ==== SUMMARY t=1703.5 ====
t=1703.5 route=1 laps=4 crashes=0 avg_out=142.9s avg_ret=160.3s avg_lap=315.3s best_lap=311.0
t=1703.5 route=2 laps=3 crashes=1 avg_out=177.0s avg_ret=240.0s avg_lap=428.1s best_lap=410.8
t=1703.5 route=3 laps=1 crashes=4 avg_out=216.2s avg_ret=254.8s avg_lap=479.3s best_lap=479.3
t=1703.6 route=4 laps=4 crashes=0 avg_out=174.5s avg_ret=151.4s avg_lap=337.9s best_lap=333.7
t=1703.6 route=5 laps=3 crashes=0 avg_out=250.4s avg_ret=225.5s avg_lap=488.0s best_lap=483.6
t=1703.6 route=6 laps=5 crashes=0 avg_out=131.4s avg_ret=146.8s avg_lap=290.2s best_lap=280.0
t=1703.6 route=7 laps=4 crashes=0 avg_out=163.7s avg_ret=146.8s avg_lap=322.5s best_lap=306.9
t=1703.6 route=8 laps=3 crashes=0 avg_out=172.5s avg_ret=175.7s avg_lap=360.1s best_lap=357.3
t=1703.6 TOTAL laps=27 crashes=5
t=1703.6 TUNER gen=0 results=32/64 pending=6 active=6 remaining=32 next_trial=39 rounds=[5,4,6,5,4,5,5,4]
t=1705.1 LZ_REACHED craft=Aircraft_10_nav_r4_35 route=4 outbound=172.6s t=1705.1
t=1713.2 LAUNCH_BLOCKED reason=landing_or_storage_busy active=6 stored=2 no_active_s=0.0 state=IDLE tractor_cleanup=false elevator_transfer=false deck=none pending=none clearance=Aircraft_10_nav_r8_32 queue=1
t=1728.3 LAUNCH_BLOCKED reason=landing_or_storage_busy active=6 stored=2 no_active_s=0.0 state=IDLE tractor_cleanup=false elevator_transfer=false deck=none pending=none clearance=Aircraft_10_nav_r8_32 queue=1
t=1729.1 LZ_REACHED craft=Aircraft_10_nav_r7_37 route=7 outbound=156.4s t=1729.1
t=1733.6 ==== SUMMARY t=1733.6 ====
t=1733.6 route=1 laps=4 crashes=0 avg_out=142.9s avg_ret=160.3s avg_lap=315.3s best_lap=311.0
t=1733.6 route=2 laps=3 crashes=1 avg_out=177.0s avg_ret=240.0s avg_lap=428.1s best_lap=410.8
t=1733.6 route=3 laps=1 crashes=4 avg_out=216.2s avg_ret=254.8s avg_lap=479.3s best_lap=479.3
t=1733.6 route=4 laps=4 crashes=0 avg_out=174.1s avg_ret=151.4s avg_lap=337.9s best_lap=333.7
t=1733.6 route=5 laps=3 crashes=0 avg_out=250.4s avg_ret=225.5s avg_lap=488.0s best_lap=483.6
t=1733.6 route=6 laps=5 crashes=0 avg_out=131.4s avg_ret=146.8s avg_lap=290.2s best_lap=280.0
t=1733.6 route=7 laps=4 crashes=0 avg_out=162.2s avg_ret=146.8s avg_lap=322.5s best_lap=306.9
t=1733.6 route=8 laps=3 crashes=0 avg_out=172.5s avg_ret=175.7s avg_lap=360.1s best_lap=357.3
t=1733.6 TOTAL laps=27 crashes=5
t=1733.6 TUNER gen=0 results=32/64 pending=6 active=6 remaining=32 next_trial=39 rounds=[5,4,6,5,4,5,5,4]
t=1743.4 LAUNCH_BLOCKED reason=landing_or_storage_busy active=6 stored=2 no_active_s=0.0 state=IDLE tractor_cleanup=false elevator_transfer=false deck=none pending=none clearance=Aircraft_10_nav_r8_32 queue=1
t=1758.4 LAUNCH_BLOCKED reason=landing_or_storage_busy active=6 stored=2 no_active_s=0.0 state=IDLE tractor_cleanup=false elevator_transfer=false deck=none pending=none clearance=Aircraft_10_nav_r8_32 queue=1
t=1758.6 LZ_REACHED craft=Aircraft_10_nav_r3_36 route=3 outbound=206.0s t=1758.6
t=1763.6 ==== SUMMARY t=1763.6 ====
t=1763.6 route=1 laps=4 crashes=0 avg_out=142.9s avg_ret=160.3s avg_lap=315.3s best_lap=311.0
t=1763.6 route=2 laps=3 crashes=1 avg_out=177.0s avg_ret=240.0s avg_lap=428.1s best_lap=410.8
t=1763.6 route=3 laps=1 crashes=4 avg_out=213.6s avg_ret=254.8s avg_lap=479.3s best_lap=479.3
t=1763.6 route=4 laps=4 crashes=0 avg_out=174.1s avg_ret=151.4s avg_lap=337.9s best_lap=333.7
t=1763.6 route=5 laps=3 crashes=0 avg_out=250.4s avg_ret=225.5s avg_lap=488.0s best_lap=483.6
t=1763.6 route=6 laps=5 crashes=0 avg_out=131.4s avg_ret=146.8s avg_lap=290.2s best_lap=280.0
t=1763.6 route=7 laps=4 crashes=0 avg_out=162.2s avg_ret=146.8s avg_lap=322.5s best_lap=306.9
t=1763.6 route=8 laps=3 crashes=0 avg_out=172.5s avg_ret=175.7s avg_lap=360.1s best_lap=357.3
t=1763.6 TOTAL laps=27 crashes=5
t=1763.7 TUNER gen=0 results=32/64 pending=6 active=6 remaining=32 next_trial=39 rounds=[5,4,6,5,4,5,5,4]
t=1773.5 LAUNCH_BLOCKED reason=landing_or_storage_busy active=6 stored=2 no_active_s=0.0 state=IDLE tractor_cleanup=false elevator_transfer=false deck=none pending=none clearance=Aircraft_10_nav_r8_32 queue=1
t=1788.6 LAUNCH_BLOCKED reason=landing_or_storage_busy active=6 stored=2 no_active_s=0.0 state=IDLE tractor_cleanup=false elevator_transfer=false deck=none pending=none clearance=Aircraft_10_nav_r8_32 queue=1
t=1793.7 ==== SUMMARY t=1793.7 ====
t=1793.7 route=1 laps=4 crashes=0 avg_out=142.9s avg_ret=160.3s avg_lap=315.3s best_lap=311.0
t=1793.7 route=2 laps=3 crashes=1 avg_out=177.0s avg_ret=240.0s avg_lap=428.1s best_lap=410.8
t=1793.7 route=3 laps=1 crashes=4 avg_out=213.6s avg_ret=254.8s avg_lap=479.3s best_lap=479.3
t=1793.7 route=4 laps=4 crashes=0 avg_out=174.1s avg_ret=151.4s avg_lap=337.9s best_lap=333.7
t=1793.7 route=5 laps=3 crashes=0 avg_out=250.4s avg_ret=225.5s avg_lap=488.0s best_lap=483.6
t=1793.7 route=6 laps=5 crashes=0 avg_out=131.4s avg_ret=146.8s avg_lap=290.2s best_lap=280.0
t=1793.7 route=7 laps=4 crashes=0 avg_out=162.2s avg_ret=146.8s avg_lap=322.5s best_lap=306.9
t=1793.7 route=8 laps=3 crashes=0 avg_out=172.5s avg_ret=175.7s avg_lap=360.1s best_lap=357.3
t=1793.7 TOTAL laps=27 crashes=5
t=1793.7 TUNER gen=0 results=32/64 pending=6 active=6 remaining=32 next_trial=39 rounds=[5,4,6,5,4,5,5,4]
t=1803.6 LAUNCH_BLOCKED reason=landing_or_storage_busy active=6 stored=2 no_active_s=0.0 state=IDLE tractor_cleanup=false elevator_transfer=false deck=none pending=none clearance=Aircraft_10_nav_r8_32 queue=1
t=1811.5 CRASH craft=Aircraft_10_nav_r3_36 route=3 phase=2 t=1811.5
t=1818.7 LAUNCH_BLOCKED reason=landing_or_storage_busy active=5 stored=3 no_active_s=0.0 state=IDLE tractor_cleanup=false elevator_transfer=false deck=none pending=none clearance=Aircraft_10_nav_r8_32 queue=1
t=1823.7 ==== SUMMARY t=1823.7 ====
t=1823.7 route=1 laps=4 crashes=0 avg_out=142.9s avg_ret=160.3s avg_lap=315.3s best_lap=311.0
t=1823.7 route=2 laps=3 crashes=1 avg_out=177.0s avg_ret=240.0s avg_lap=428.1s best_lap=410.8
t=1823.7 route=3 laps=1 crashes=5 avg_out=213.6s avg_ret=254.8s avg_lap=479.3s best_lap=479.3
t=1823.7 route=4 laps=4 crashes=0 avg_out=174.1s avg_ret=151.4s avg_lap=337.9s best_lap=333.7
t=1823.7 route=5 laps=3 crashes=0 avg_out=250.4s avg_ret=225.5s avg_lap=488.0s best_lap=483.6
t=1823.7 route=6 laps=5 crashes=0 avg_out=131.4s avg_ret=146.8s avg_lap=290.2s best_lap=280.0
t=1823.7 route=7 laps=4 crashes=0 avg_out=162.2s avg_ret=146.8s avg_lap=322.5s best_lap=306.9
t=1823.7 route=8 laps=3 crashes=0 avg_out=172.5s avg_ret=175.7s avg_lap=360.1s best_lap=357.3
t=1823.7 TOTAL laps=27 crashes=6
t=1823.7 TUNER gen=0 results=33/64 pending=5 active=5 remaining=31 next_trial=39 rounds=[5,4,6,5,4,5,5,4]
t=1833.7 LAUNCH_BLOCKED reason=landing_or_storage_busy active=5 stored=3 no_active_s=0.0 state=IDLE tractor_cleanup=false elevator_transfer=false deck=none pending=none clearance=Aircraft_10_nav_r8_32 queue=1
t=1844.2 LAP_CAPTURE craft=Aircraft_10_nav_r1_33 route=1 return=307.8s lap=462.6s carrier_dist=200m t=1844.2
t=1848.7 LAUNCH_BLOCKED reason=landing_or_storage_busy active=4 stored=3 no_active_s=0.0 state=IDLE tractor_cleanup=false elevator_transfer=false deck=none pending=none clearance=Aircraft_10_nav_r8_32 queue=1
t=1853.7 ==== SUMMARY t=1853.7 ====
t=1853.7 route=1 laps=5 crashes=0 avg_out=142.9s avg_ret=189.8s avg_lap=344.8s best_lap=311.0
t=1853.7 route=2 laps=3 crashes=1 avg_out=177.0s avg_ret=240.0s avg_lap=428.1s best_lap=410.8
t=1853.7 route=3 laps=1 crashes=5 avg_out=213.6s avg_ret=254.8s avg_lap=479.3s best_lap=479.3
t=1853.7 route=4 laps=4 crashes=0 avg_out=174.1s avg_ret=151.4s avg_lap=337.9s best_lap=333.7
t=1853.7 route=5 laps=3 crashes=0 avg_out=250.4s avg_ret=225.5s avg_lap=488.0s best_lap=483.6
t=1853.7 route=6 laps=5 crashes=0 avg_out=131.4s avg_ret=146.8s avg_lap=290.2s best_lap=280.0
t=1853.7 route=7 laps=4 crashes=0 avg_out=162.2s avg_ret=146.8s avg_lap=322.5s best_lap=306.9
t=1853.7 route=8 laps=3 crashes=0 avg_out=172.5s avg_ret=175.7s avg_lap=360.1s best_lap=357.3
t=1853.7 TOTAL laps=28 crashes=6
t=1853.7 TUNER gen=0 results=34/64 pending=4 active=4 remaining=30 next_trial=39 rounds=[5,4,6,5,4,5,5,4]
t=1863.8 LAUNCH_BLOCKED reason=landing_or_storage_busy active=4 stored=4 no_active_s=0.0 state=IDLE tractor_cleanup=false elevator_transfer=false deck=none pending=none clearance=Aircraft_10_nav_r8_32 queue=1
t=1874.2 LAP_CAPTURE craft=Aircraft_10_nav_r4_35 route=4 return=157.0s lap=341.7s carrier_dist=200m t=1874.2
t=1878.8 LAUNCH_BLOCKED reason=landing_or_storage_busy active=3 stored=4 no_active_s=0.0 state=IDLE tractor_cleanup=false elevator_transfer=false deck=none pending=none clearance=Aircraft_10_nav_r8_32 queue=1
t=1881.3 LAP_CAPTURE craft=Aircraft_10_nav_r7_37 route=7 return=140.2s lap=308.6s carrier_dist=200m t=1881.3
t=1883.7 ==== SUMMARY t=1883.7 ====
t=1883.7 route=1 laps=5 crashes=0 avg_out=142.9s avg_ret=189.8s avg_lap=344.8s best_lap=311.0
t=1883.7 route=2 laps=3 crashes=1 avg_out=177.0s avg_ret=240.0s avg_lap=428.1s best_lap=410.8
t=1883.7 route=3 laps=1 crashes=5 avg_out=213.6s avg_ret=254.8s avg_lap=479.3s best_lap=479.3
t=1883.7 route=4 laps=5 crashes=0 avg_out=174.1s avg_ret=152.5s avg_lap=338.6s best_lap=333.7
t=1883.7 route=5 laps=3 crashes=0 avg_out=250.4s avg_ret=225.5s avg_lap=488.0s best_lap=483.6
t=1883.7 route=6 laps=5 crashes=0 avg_out=131.4s avg_ret=146.8s avg_lap=290.2s best_lap=280.0
t=1883.7 route=7 laps=5 crashes=0 avg_out=162.2s avg_ret=145.4s avg_lap=319.7s best_lap=306.9
t=1883.8 route=8 laps=3 crashes=0 avg_out=172.5s avg_ret=175.7s avg_lap=360.1s best_lap=357.3
t=1883.8 TOTAL laps=30 crashes=6
t=1883.8 TUNER gen=0 results=36/64 pending=2 active=2 remaining=28 next_trial=39 rounds=[5,4,6,5,4,5,5,4]
t=1886.5 LZ_REACHED craft=Aircraft_10_nav_r5_38 route=5 outbound=253.6s t=1886.5
t=1893.9 LAUNCH_BLOCKED reason=landing_or_storage_busy active=2 stored=6 no_active_s=0.0 state=IDLE tractor_cleanup=false elevator_transfer=false deck=none pending=none clearance=Aircraft_10_nav_r8_32 queue=1
t=1909.0 LAUNCH_BLOCKED reason=landing_or_storage_busy active=2 stored=6 no_active_s=0.0 state=IDLE tractor_cleanup=false elevator_transfer=false deck=none pending=none clearance=Aircraft_10_nav_r8_32 queue=1
t=1913.8 ==== SUMMARY t=1913.8 ====
t=1913.8 route=1 laps=5 crashes=0 avg_out=142.9s avg_ret=189.8s avg_lap=344.8s best_lap=311.0
t=1913.8 route=2 laps=3 crashes=1 avg_out=177.0s avg_ret=240.0s avg_lap=428.1s best_lap=410.8
t=1913.8 route=3 laps=1 crashes=5 avg_out=213.6s avg_ret=254.8s avg_lap=479.3s best_lap=479.3
t=1913.8 route=4 laps=5 crashes=0 avg_out=174.1s avg_ret=152.5s avg_lap=338.6s best_lap=333.7
t=1913.8 route=5 laps=3 crashes=0 avg_out=251.2s avg_ret=225.5s avg_lap=488.0s best_lap=483.6
t=1913.8 route=6 laps=5 crashes=0 avg_out=131.4s avg_ret=146.8s avg_lap=290.2s best_lap=280.0
t=1913.9 route=7 laps=5 crashes=0 avg_out=162.2s avg_ret=145.4s avg_lap=319.7s best_lap=306.9
t=1913.9 route=8 laps=3 crashes=0 avg_out=172.5s avg_ret=175.7s avg_lap=360.1s best_lap=357.3
t=1913.9 TOTAL laps=30 crashes=6
t=1913.9 TUNER gen=0 results=36/64 pending=2 active=2 remaining=28 next_trial=39 rounds=[5,4,6,5,4,5,5,4]
t=1924.1 LAUNCH_BLOCKED reason=landing_or_storage_busy active=2 stored=6 no_active_s=0.0 state=IDLE tractor_cleanup=false elevator_transfer=false deck=none pending=none clearance=Aircraft_10_nav_r8_32 queue=1
t=1939.1 LAUNCH_BLOCKED reason=landing_or_storage_busy active=2 stored=6 no_active_s=0.0 state=IDLE tractor_cleanup=false elevator_transfer=false deck=none pending=none clearance=Aircraft_10_nav_r8_32 queue=1
t=1943.8 ==== SUMMARY t=1943.8 ====
t=1943.8 route=1 laps=5 crashes=0 avg_out=142.9s avg_ret=189.8s avg_lap=344.8s best_lap=311.0
t=1943.8 route=2 laps=3 crashes=1 avg_out=177.0s avg_ret=240.0s avg_lap=428.1s best_lap=410.8
t=1943.8 route=3 laps=1 crashes=5 avg_out=213.6s avg_ret=254.8s avg_lap=479.3s best_lap=479.3
t=1943.8 route=4 laps=5 crashes=0 avg_out=174.1s avg_ret=152.5s avg_lap=338.6s best_lap=333.7
t=1943.8 route=5 laps=3 crashes=0 avg_out=251.2s avg_ret=225.5s avg_lap=488.0s best_lap=483.6
t=1943.8 route=6 laps=5 crashes=0 avg_out=131.4s avg_ret=146.8s avg_lap=290.2s best_lap=280.0
t=1943.8 route=7 laps=5 crashes=0 avg_out=162.2s avg_ret=145.4s avg_lap=319.7s best_lap=306.9
t=1943.8 route=8 laps=3 crashes=0 avg_out=172.5s avg_ret=175.7s avg_lap=360.1s best_lap=357.3
t=1943.8 TOTAL laps=30 crashes=6
t=1943.9 TUNER gen=0 results=36/64 pending=2 active=2 remaining=28 next_trial=39 rounds=[5,4,6,5,4,5,5,4]
t=1954.2 LAUNCH_BLOCKED reason=landing_or_storage_busy active=2 stored=6 no_active_s=0.0 state=IDLE tractor_cleanup=false elevator_transfer=false deck=none pending=none clearance=Aircraft_10_nav_r8_32 queue=1
t=1969.2 LAUNCH_BLOCKED reason=landing_or_storage_busy active=2 stored=6 no_active_s=0.0 state=IDLE tractor_cleanup=false elevator_transfer=false deck=none pending=none clearance=Aircraft_10_nav_r8_32 queue=1
t=1973.8 ==== SUMMARY t=1973.8 ====
t=1973.8 route=1 laps=5 crashes=0 avg_out=142.9s avg_ret=189.8s avg_lap=344.8s best_lap=311.0
t=1973.8 route=2 laps=3 crashes=1 avg_out=177.0s avg_ret=240.0s avg_lap=428.1s best_lap=410.8
t=1973.8 route=3 laps=1 crashes=5 avg_out=213.6s avg_ret=254.8s avg_lap=479.3s best_lap=479.3
t=1973.9 route=4 laps=5 crashes=0 avg_out=174.1s avg_ret=152.5s avg_lap=338.6s best_lap=333.7
t=1973.9 route=5 laps=3 crashes=0 avg_out=251.2s avg_ret=225.5s avg_lap=488.0s best_lap=483.6
t=1973.9 route=6 laps=5 crashes=0 avg_out=131.4s avg_ret=146.8s avg_lap=290.2s best_lap=280.0
t=1973.9 route=7 laps=5 crashes=0 avg_out=162.2s avg_ret=145.4s avg_lap=319.7s best_lap=306.9
t=1973.9 route=8 laps=3 crashes=0 avg_out=172.5s avg_ret=175.7s avg_lap=360.1s best_lap=357.3
t=1973.9 TOTAL laps=30 crashes=6
t=1973.9 TUNER gen=0 results=36/64 pending=2 active=2 remaining=28 next_trial=39 rounds=[5,4,6,5,4,5,5,4]
t=1984.3 LAUNCH_BLOCKED reason=landing_or_storage_busy active=2 stored=6 no_active_s=0.0 state=IDLE tractor_cleanup=false elevator_transfer=false deck=none pending=none clearance=Aircraft_10_nav_r8_32 queue=1
t=1999.3 LAUNCH_BLOCKED reason=landing_or_storage_busy active=2 stored=6 no_active_s=0.0 state=IDLE tractor_cleanup=false elevator_transfer=false deck=none pending=none clearance=Aircraft_10_nav_r8_32 queue=1
t=2003.9 ==== SUMMARY t=2003.9 ====
t=2003.9 route=1 laps=5 crashes=0 avg_out=142.9s avg_ret=189.8s avg_lap=344.8s best_lap=311.0
t=2003.9 route=2 laps=3 crashes=1 avg_out=177.0s avg_ret=240.0s avg_lap=428.1s best_lap=410.8
t=2003.9 route=3 laps=1 crashes=5 avg_out=213.6s avg_ret=254.8s avg_lap=479.3s best_lap=479.3
t=2003.9 route=4 laps=5 crashes=0 avg_out=174.1s avg_ret=152.5s avg_lap=338.6s best_lap=333.7
t=2003.9 route=5 laps=3 crashes=0 avg_out=251.2s avg_ret=225.5s avg_lap=488.0s best_lap=483.6
t=2003.9 route=6 laps=5 crashes=0 avg_out=131.4s avg_ret=146.8s avg_lap=290.2s best_lap=280.0
t=2003.9 route=7 laps=5 crashes=0 avg_out=162.2s avg_ret=145.4s avg_lap=319.7s best_lap=306.9
t=2003.9 route=8 laps=3 crashes=0 avg_out=172.5s avg_ret=175.7s avg_lap=360.1s best_lap=357.3
t=2003.9 TOTAL laps=30 crashes=6
t=2003.9 TUNER gen=0 results=36/64 pending=2 active=2 remaining=28 next_trial=39 rounds=[5,4,6,5,4,5,5,4]
t=2014.4 LAUNCH_BLOCKED reason=landing_or_storage_busy active=2 stored=6 no_active_s=0.0 state=IDLE tractor_cleanup=false elevator_transfer=false deck=none pending=none clearance=Aircraft_10_nav_r8_32 queue=1
t=2029.4 LAUNCH_BLOCKED reason=landing_or_storage_busy active=2 stored=6 no_active_s=0.0 state=IDLE tractor_cleanup=false elevator_transfer=false deck=none pending=none clearance=Aircraft_10_nav_r8_32 queue=1
t=2033.9 ==== SUMMARY t=2033.9 ====
t=2033.9 route=1 laps=5 crashes=0 avg_out=142.9s avg_ret=189.8s avg_lap=344.8s best_lap=311.0
t=2033.9 route=2 laps=3 crashes=1 avg_out=177.0s avg_ret=240.0s avg_lap=428.1s best_lap=410.8
t=2033.9 route=3 laps=1 crashes=5 avg_out=213.6s avg_ret=254.8s avg_lap=479.3s best_lap=479.3
t=2033.9 route=4 laps=5 crashes=0 avg_out=174.1s avg_ret=152.5s avg_lap=338.6s best_lap=333.7
t=2033.9 route=5 laps=3 crashes=0 avg_out=251.2s avg_ret=225.5s avg_lap=488.0s best_lap=483.6
t=2033.9 route=6 laps=5 crashes=0 avg_out=131.4s avg_ret=146.8s avg_lap=290.2s best_lap=280.0
t=2033.9 route=7 laps=5 crashes=0 avg_out=162.2s avg_ret=145.4s avg_lap=319.7s best_lap=306.9
t=2033.9 route=8 laps=3 crashes=0 avg_out=172.5s avg_ret=175.7s avg_lap=360.1s best_lap=357.3
t=2033.9 TOTAL laps=30 crashes=6
t=2033.9 TUNER gen=0 results=36/64 pending=2 active=2 remaining=28 next_trial=39 rounds=[5,4,6,5,4,5,5,4]
t=2044.5 LAUNCH_BLOCKED reason=landing_or_storage_busy active=2 stored=6 no_active_s=0.0 state=IDLE tractor_cleanup=false elevator_transfer=false deck=none pending=none clearance=Aircraft_10_nav_r8_32 queue=1
t=2059.5 LAUNCH_BLOCKED reason=landing_or_storage_busy active=2 stored=6 no_active_s=0.0 state=IDLE tractor_cleanup=false elevator_transfer=false deck=none pending=none clearance=Aircraft_10_nav_r8_32 queue=1
t=2063.9 ==== SUMMARY t=2063.9 ====
t=2063.9 route=1 laps=5 crashes=0 avg_out=142.9s avg_ret=189.8s avg_lap=344.8s best_lap=311.0
t=2063.9 route=2 laps=3 crashes=1 avg_out=177.0s avg_ret=240.0s avg_lap=428.1s best_lap=410.8
t=2063.9 route=3 laps=1 crashes=5 avg_out=213.6s avg_ret=254.8s avg_lap=479.3s best_lap=479.3
t=2063.9 route=4 laps=5 crashes=0 avg_out=174.1s avg_ret=152.5s avg_lap=338.6s best_lap=333.7
t=2063.9 route=5 laps=3 crashes=0 avg_out=251.2s avg_ret=225.5s avg_lap=488.0s best_lap=483.6
t=2063.9 route=6 laps=5 crashes=0 avg_out=131.4s avg_ret=146.8s avg_lap=290.2s best_lap=280.0
t=2063.9 route=7 laps=5 crashes=0 avg_out=162.2s avg_ret=145.4s avg_lap=319.7s best_lap=306.9
t=2063.9 route=8 laps=3 crashes=0 avg_out=172.5s avg_ret=175.7s avg_lap=360.1s best_lap=357.3
t=2063.9 TOTAL laps=30 crashes=6
t=2063.9 TUNER gen=0 results=36/64 pending=2 active=2 remaining=28 next_trial=39 rounds=[5,4,6,5,4,5,5,4]
t=2074.6 LAUNCH_BLOCKED reason=landing_or_storage_busy active=2 stored=6 no_active_s=0.0 state=IDLE tractor_cleanup=false elevator_transfer=false deck=none pending=none clearance=Aircraft_10_nav_r8_32 queue=1
t=2089.6 LAUNCH_BLOCKED reason=landing_or_storage_busy active=2 stored=6 no_active_s=0.0 state=IDLE tractor_cleanup=false elevator_transfer=false deck=none pending=none clearance=Aircraft_10_nav_r8_32 queue=1
t=2093.9 ==== SUMMARY t=2093.9 ====
t=2093.9 route=1 laps=5 crashes=0 avg_out=142.9s avg_ret=189.8s avg_lap=344.8s best_lap=311.0
t=2094.0 route=2 laps=3 crashes=1 avg_out=177.0s avg_ret=240.0s avg_lap=428.1s best_lap=410.8
t=2094.0 route=3 laps=1 crashes=5 avg_out=213.6s avg_ret=254.8s avg_lap=479.3s best_lap=479.3
t=2094.0 route=4 laps=5 crashes=0 avg_out=174.1s avg_ret=152.5s avg_lap=338.6s best_lap=333.7
t=2094.0 route=5 laps=3 crashes=0 avg_out=251.2s avg_ret=225.5s avg_lap=488.0s best_lap=483.6
t=2094.0 route=6 laps=5 crashes=0 avg_out=131.4s avg_ret=146.8s avg_lap=290.2s best_lap=280.0
t=2094.0 route=7 laps=5 crashes=0 avg_out=162.2s avg_ret=145.4s avg_lap=319.7s best_lap=306.9
t=2094.0 route=8 laps=3 crashes=0 avg_out=172.5s avg_ret=175.7s avg_lap=360.1s best_lap=357.3
t=2094.0 TOTAL laps=30 crashes=6
t=2094.0 TUNER gen=0 results=36/64 pending=2 active=2 remaining=28 next_trial=39 rounds=[5,4,6,5,4,5,5,4]
t=2104.7 LAUNCH_BLOCKED reason=landing_or_storage_busy active=2 stored=6 no_active_s=0.0 state=IDLE tractor_cleanup=false elevator_transfer=false deck=none pending=none clearance=Aircraft_10_nav_r8_32 queue=1
t=2119.7 LAUNCH_BLOCKED reason=landing_or_storage_busy active=2 stored=6 no_active_s=0.0 state=IDLE tractor_cleanup=false elevator_transfer=false deck=none pending=none clearance=Aircraft_10_nav_r8_32 queue=1
t=2123.9 ==== SUMMARY t=2123.9 ====
t=2123.9 route=1 laps=5 crashes=0 avg_out=142.9s avg_ret=189.8s avg_lap=344.8s best_lap=311.0
t=2123.9 route=2 laps=3 crashes=1 avg_out=177.0s avg_ret=240.0s avg_lap=428.1s best_lap=410.8
t=2123.9 route=3 laps=1 crashes=5 avg_out=213.6s avg_ret=254.8s avg_lap=479.3s best_lap=479.3
t=2123.9 route=4 laps=5 crashes=0 avg_out=174.1s avg_ret=152.5s avg_lap=338.6s best_lap=333.7
t=2123.9 route=5 laps=3 crashes=0 avg_out=251.2s avg_ret=225.5s avg_lap=488.0s best_lap=483.6
t=2123.9 route=6 laps=5 crashes=0 avg_out=131.4s avg_ret=146.8s avg_lap=290.2s best_lap=280.0
t=2123.9 route=7 laps=5 crashes=0 avg_out=162.2s avg_ret=145.4s avg_lap=319.7s best_lap=306.9
t=2123.9 route=8 laps=3 crashes=0 avg_out=172.5s avg_ret=175.7s avg_lap=360.1s best_lap=357.3
t=2123.9 TOTAL laps=30 crashes=6
t=2124.0 TUNER gen=0 results=36/64 pending=2 active=2 remaining=28 next_trial=39 rounds=[5,4,6,5,4,5,5,4]
t=2131.9 LAP_CAPTURE craft=Aircraft_10_nav_r5_38 route=5 return=233.4s lap=499.0s carrier_dist=200m t=2131.9
t=2134.8 LAUNCH_BLOCKED reason=landing_or_storage_busy active=1 stored=6 no_active_s=0.0 state=IDLE tractor_cleanup=false elevator_transfer=false deck=none pending=none clearance=Aircraft_10_nav_r8_32 queue=1
t=2149.8 LAUNCH_BLOCKED reason=landing_or_storage_busy active=1 stored=7 no_active_s=0.0 state=IDLE tractor_cleanup=false elevator_transfer=false deck=none pending=none clearance=Aircraft_10_nav_r8_32 queue=1
t=2153.9 ==== SUMMARY t=2153.9 ====
t=2153.9 route=1 laps=5 crashes=0 avg_out=142.9s avg_ret=189.8s avg_lap=344.8s best_lap=311.0
t=2153.9 route=2 laps=3 crashes=1 avg_out=177.0s avg_ret=240.0s avg_lap=428.1s best_lap=410.8
t=2153.9 route=3 laps=1 crashes=5 avg_out=213.6s avg_ret=254.8s avg_lap=479.3s best_lap=479.3
t=2154.0 route=4 laps=5 crashes=0 avg_out=174.1s avg_ret=152.5s avg_lap=338.6s best_lap=333.7
t=2154.0 route=5 laps=4 crashes=0 avg_out=251.2s avg_ret=227.5s avg_lap=490.8s best_lap=483.6
t=2154.0 route=6 laps=5 crashes=0 avg_out=131.4s avg_ret=146.8s avg_lap=290.2s best_lap=280.0
t=2154.0 route=7 laps=5 crashes=0 avg_out=162.2s avg_ret=145.4s avg_lap=319.7s best_lap=306.9
t=2154.0 route=8 laps=3 crashes=0 avg_out=172.5s avg_ret=175.7s avg_lap=360.1s best_lap=357.3
t=2154.0 TOTAL laps=31 crashes=6
t=2154.0 TUNER gen=0 results=37/64 pending=1 active=1 remaining=27 next_trial=39 rounds=[5,4,6,5,4,5,5,4]
t=2164.9 LAUNCH_BLOCKED reason=landing_or_storage_busy active=1 stored=7 no_active_s=0.0 state=IDLE tractor_cleanup=false elevator_transfer=false deck=none pending=none clearance=Aircraft_10_nav_r8_32 queue=1
t=2179.9 LAUNCH_BLOCKED reason=landing_or_storage_busy active=1 stored=7 no_active_s=0.0 state=IDLE tractor_cleanup=false elevator_transfer=false deck=none pending=none clearance=Aircraft_10_nav_r8_32 queue=1
t=2184.0 ==== SUMMARY t=2184.0 ====
t=2184.0 route=1 laps=5 crashes=0 avg_out=142.9s avg_ret=189.8s avg_lap=344.8s best_lap=311.0
t=2184.0 route=2 laps=3 crashes=1 avg_out=177.0s avg_ret=240.0s avg_lap=428.1s best_lap=410.8
t=2184.0 route=3 laps=1 crashes=5 avg_out=213.6s avg_ret=254.8s avg_lap=479.3s best_lap=479.3
t=2184.0 route=4 laps=5 crashes=0 avg_out=174.1s avg_ret=152.5s avg_lap=338.6s best_lap=333.7
t=2184.0 route=5 laps=4 crashes=0 avg_out=251.2s avg_ret=227.5s avg_lap=490.8s best_lap=483.6
t=2184.0 route=6 laps=5 crashes=0 avg_out=131.4s avg_ret=146.8s avg_lap=290.2s best_lap=280.0
t=2184.0 route=7 laps=5 crashes=0 avg_out=162.2s avg_ret=145.4s avg_lap=319.7s best_lap=306.9
t=2184.0 route=8 laps=3 crashes=0 avg_out=172.5s avg_ret=175.7s avg_lap=360.1s best_lap=357.3
t=2184.0 TOTAL laps=31 crashes=6
t=2184.0 TUNER gen=0 results=37/64 pending=1 active=1 remaining=27 next_trial=39 rounds=[5,4,6,5,4,5,5,4]
t=2195.0 LAUNCH_BLOCKED reason=landing_or_storage_busy active=1 stored=7 no_active_s=0.0 state=IDLE tractor_cleanup=false elevator_transfer=false deck=none pending=none clearance=Aircraft_10_nav_r8_32 queue=1
t=2204.0 TUNING_TIMEOUT craft=Aircraft_10_nav_r8_32 route=8 trial=32
t=2204.0 IDLE_TUNER_WAIT gen=0 results=38/64 remaining=26 active_nav=0 stored=7 state=IDLE next_trial=39
t=2204.0 CRASH craft=Aircraft_10_nav_r8_32 route=8 phase=2 t=2204.0
t=2210.1 LAUNCH_BLOCKED reason=deck_busy active=1 stored=7 no_active_s=0.0 state=RETRIEVING_FROM_HANGAR tractor_cleanup=false elevator_transfer=false deck=Aircraft_10_nav_r2_39 pending=none clearance=none queue=0
t=2214.0 ==== SUMMARY t=2214.0 ====
t=2214.0 route=1 laps=5 crashes=0 avg_out=142.9s avg_ret=189.8s avg_lap=344.8s best_lap=311.0
t=2214.0 route=2 laps=3 crashes=1 avg_out=177.0s avg_ret=240.0s avg_lap=428.1s best_lap=410.8
t=2214.0 route=3 laps=1 crashes=5 avg_out=213.6s avg_ret=254.8s avg_lap=479.3s best_lap=479.3
t=2214.1 route=4 laps=5 crashes=0 avg_out=174.1s avg_ret=152.5s avg_lap=338.6s best_lap=333.7
t=2214.1 route=5 laps=4 crashes=0 avg_out=251.2s avg_ret=227.5s avg_lap=490.8s best_lap=483.6
t=2214.1 route=6 laps=5 crashes=0 avg_out=131.4s avg_ret=146.8s avg_lap=290.2s best_lap=280.0
t=2214.1 route=7 laps=5 crashes=0 avg_out=162.2s avg_ret=145.4s avg_lap=319.7s best_lap=306.9
t=2214.1 route=8 laps=3 crashes=1 avg_out=172.5s avg_ret=175.7s avg_lap=360.1s best_lap=357.3
t=2214.1 TOTAL laps=31 crashes=7
t=2214.1 TUNER gen=0 results=38/64 pending=1 active=1 remaining=26 next_trial=40 rounds=[5,5,6,5,4,5,5,4]
t=2220.4 SPAWN craft=Aircraft_10_nav_r2_39 route=2 candidate=6 trial=39 t=2220.4
t=2225.1 LAUNCH_BLOCKED reason=cleared_unready_nav_deck_aircraft active=1 stored=7 no_active_s=0.0 state=IDLE tractor_cleanup=false elevator_transfer=false deck=Aircraft_10_nav_r2_39 pending=none clearance=none queue=0
t=2240.2 LAUNCH_BLOCKED reason=deck_busy active=2 stored=6 no_active_s=0.0 state=AIRCRAFT_ON_DECK tractor_cleanup=false elevator_transfer=false deck=Aircraft_10_nav_r6_40 pending=none clearance=none queue=0
t=2240.4 SPAWN craft=Aircraft_10_nav_r6_40 route=6 candidate=3 trial=40 t=2240.4
t=2244.0 ==== SUMMARY t=2244.0 ====
t=2244.1 route=1 laps=5 crashes=0 avg_out=142.9s avg_ret=189.8s avg_lap=344.8s best_lap=311.0
t=2244.1 route=2 laps=3 crashes=1 avg_out=177.0s avg_ret=240.0s avg_lap=428.1s best_lap=410.8
t=2244.1 route=3 laps=1 crashes=5 avg_out=213.6s avg_ret=254.8s avg_lap=479.3s best_lap=479.3
t=2244.1 route=4 laps=5 crashes=0 avg_out=174.1s avg_ret=152.5s avg_lap=338.6s best_lap=333.7
t=2244.1 route=5 laps=4 crashes=0 avg_out=251.2s avg_ret=227.5s avg_lap=490.8s best_lap=483.6
t=2244.1 route=6 laps=5 crashes=0 avg_out=131.4s avg_ret=146.8s avg_lap=290.2s best_lap=280.0
t=2244.1 route=7 laps=5 crashes=0 avg_out=162.2s avg_ret=145.4s avg_lap=319.7s best_lap=306.9
t=2244.1 route=8 laps=3 crashes=1 avg_out=172.5s avg_ret=175.7s avg_lap=360.1s best_lap=357.3
t=2244.1 TOTAL laps=31 crashes=7
t=2244.1 TUNER gen=0 results=38/64 pending=2 active=2 remaining=26 next_trial=41 rounds=[5,5,6,5,4,6,5,4]
t=2255.2 LAUNCH_BLOCKED reason=deck_busy active=3 stored=5 no_active_s=0.0 state=AIRCRAFT_ON_DECK tractor_cleanup=false elevator_transfer=true deck=Aircraft_10_nav_r3_41 pending=none clearance=none queue=0
t=2260.5 SPAWN craft=Aircraft_10_nav_r3_41 route=3 candidate=1 trial=41 t=2260.5
t=2270.3 LAUNCH_BLOCKED reason=deck_busy active=4 stored=4 no_active_s=0.0 state=RETRIEVING_FROM_HANGAR tractor_cleanup=false elevator_transfer=false deck=Aircraft_10_nav_r1_42 pending=none clearance=none queue=0
t=2274.1 ==== SUMMARY t=2274.1 ====
t=2274.1 route=1 laps=5 crashes=0 avg_out=142.9s avg_ret=189.8s avg_lap=344.8s best_lap=311.0
t=2274.1 route=2 laps=3 crashes=1 avg_out=177.0s avg_ret=240.0s avg_lap=428.1s best_lap=410.8
t=2274.1 route=3 laps=1 crashes=5 avg_out=213.6s avg_ret=254.8s avg_lap=479.3s best_lap=479.3
t=2274.1 route=4 laps=5 crashes=0 avg_out=174.1s avg_ret=152.5s avg_lap=338.6s best_lap=333.7
t=2274.1 route=5 laps=4 crashes=0 avg_out=251.2s avg_ret=227.5s avg_lap=490.8s best_lap=483.6
t=2274.1 route=6 laps=5 crashes=0 avg_out=131.4s avg_ret=146.8s avg_lap=290.2s best_lap=280.0
t=2274.1 route=7 laps=5 crashes=0 avg_out=162.2s avg_ret=145.4s avg_lap=319.7s best_lap=306.9
t=2274.1 route=8 laps=3 crashes=1 avg_out=172.5s avg_ret=175.7s avg_lap=360.1s best_lap=357.3
t=2274.1 TOTAL laps=31 crashes=7
t=2274.1 TUNER gen=0 results=38/64 pending=4 active=4 remaining=26 next_trial=43 rounds=[6,5,7,5,4,6,5,4]
t=2280.5 SPAWN craft=Aircraft_10_nav_r1_42 route=1 candidate=6 trial=42 t=2280.5
t=2285.4 LAUNCH_BLOCKED reason=cleared_unready_nav_deck_aircraft active=4 stored=4 no_active_s=0.0 state=IDLE tractor_cleanup=false elevator_transfer=false deck=Aircraft_10_nav_r1_42 pending=none clearance=none queue=0
t=2300.4 LAUNCH_BLOCKED reason=deck_busy active=5 stored=3 no_active_s=0.0 state=AIRCRAFT_ON_DECK tractor_cleanup=false elevator_transfer=false deck=Aircraft_10_nav_r4_43 pending=none clearance=none queue=0
t=2300.6 SPAWN craft=Aircraft_10_nav_r4_43 route=4 candidate=1 trial=43 t=2300.6
t=2304.1 ==== SUMMARY t=2304.1 ====
t=2304.1 route=1 laps=5 crashes=0 avg_out=142.9s avg_ret=189.8s avg_lap=344.8s best_lap=311.0
t=2304.1 route=2 laps=3 crashes=1 avg_out=177.0s avg_ret=240.0s avg_lap=428.1s best_lap=410.8
t=2304.1 route=3 laps=1 crashes=5 avg_out=213.6s avg_ret=254.8s avg_lap=479.3s best_lap=479.3
t=2304.1 route=4 laps=5 crashes=0 avg_out=174.1s avg_ret=152.5s avg_lap=338.6s best_lap=333.7
t=2304.1 route=5 laps=4 crashes=0 avg_out=251.2s avg_ret=227.5s avg_lap=490.8s best_lap=483.6
t=2304.1 route=6 laps=5 crashes=0 avg_out=131.4s avg_ret=146.8s avg_lap=290.2s best_lap=280.0
t=2304.1 route=7 laps=5 crashes=0 avg_out=162.2s avg_ret=145.4s avg_lap=319.7s best_lap=306.9
t=2304.1 route=8 laps=3 crashes=1 avg_out=172.5s avg_ret=175.7s avg_lap=360.1s best_lap=357.3
t=2304.1 TOTAL laps=31 crashes=7
t=2304.1 TUNER gen=0 results=38/64 pending=5 active=5 remaining=26 next_trial=44 rounds=[6,5,7,6,4,6,5,4]
t=2315.5 LAUNCH_BLOCKED reason=deck_busy active=6 stored=2 no_active_s=0.0 state=AIRCRAFT_ON_DECK tractor_cleanup=false elevator_transfer=true deck=Aircraft_10_nav_r7_44 pending=none clearance=none queue=0
t=2320.7 SPAWN craft=Aircraft_10_nav_r7_44 route=7 candidate=4 trial=44 t=2320.7
t=2330.5 LAUNCH_BLOCKED reason=deck_busy active=7 stored=1 no_active_s=0.0 state=RETRIEVING_FROM_HANGAR tractor_cleanup=false elevator_transfer=false deck=Aircraft_10_nav_r5_45 pending=none clearance=none queue=0
t=2334.1 ==== SUMMARY t=2334.1 ====
t=2334.1 route=1 laps=5 crashes=0 avg_out=142.9s avg_ret=189.8s avg_lap=344.8s best_lap=311.0
t=2334.1 route=2 laps=3 crashes=1 avg_out=177.0s avg_ret=240.0s avg_lap=428.1s best_lap=410.8
t=2334.1 route=3 laps=1 crashes=5 avg_out=213.6s avg_ret=254.8s avg_lap=479.3s best_lap=479.3
t=2334.2 route=4 laps=5 crashes=0 avg_out=174.1s avg_ret=152.5s avg_lap=338.6s best_lap=333.7
t=2334.2 route=5 laps=4 crashes=0 avg_out=251.2s avg_ret=227.5s avg_lap=490.8s best_lap=483.6
t=2334.2 route=6 laps=5 crashes=0 avg_out=131.4s avg_ret=146.8s avg_lap=290.2s best_lap=280.0
t=2334.2 route=7 laps=5 crashes=0 avg_out=162.2s avg_ret=145.4s avg_lap=319.7s best_lap=306.9
t=2334.2 route=8 laps=3 crashes=1 avg_out=172.5s avg_ret=175.7s avg_lap=360.1s best_lap=357.3
t=2334.2 TOTAL laps=31 crashes=7
t=2334.2 TUNER gen=0 results=38/64 pending=7 active=7 remaining=26 next_trial=46 rounds=[6,5,7,6,5,6,6,4]
t=2340.8 SPAWN craft=Aircraft_10_nav_r5_45 route=5 candidate=1 trial=45 t=2340.8
t=2345.6 LAUNCH_BLOCKED reason=cleared_unready_nav_deck_aircraft active=7 stored=1 no_active_s=0.0 state=IDLE tractor_cleanup=false elevator_transfer=false deck=Aircraft_10_nav_r5_45 pending=none clearance=none queue=0
t=2360.9 SPAWN craft=Aircraft_10_nav_r8_46 route=8 candidate=4 trial=46 t=2360.9
t=2362.3 LZ_REACHED craft=Aircraft_10_nav_r6_40 route=6 outbound=121.9s t=2362.3
t=2364.2 ==== SUMMARY t=2364.2 ====
t=2364.3 route=1 laps=5 crashes=0 avg_out=142.9s avg_ret=189.8s avg_lap=344.8s best_lap=311.0
t=2364.3 route=2 laps=3 crashes=1 avg_out=177.0s avg_ret=240.0s avg_lap=428.1s best_lap=410.8
t=2364.3 route=3 laps=1 crashes=5 avg_out=213.6s avg_ret=254.8s avg_lap=479.3s best_lap=479.3
t=2364.3 route=4 laps=5 crashes=0 avg_out=174.1s avg_ret=152.5s avg_lap=338.6s best_lap=333.7
t=2364.3 route=5 laps=4 crashes=0 avg_out=251.2s avg_ret=227.5s avg_lap=490.8s best_lap=483.6
t=2364.3 route=6 laps=5 crashes=0 avg_out=129.8s avg_ret=146.8s avg_lap=290.2s best_lap=280.0
t=2364.3 route=7 laps=5 crashes=0 avg_out=162.2s avg_ret=145.4s avg_lap=319.7s best_lap=306.9
t=2364.3 route=8 laps=3 crashes=1 avg_out=172.5s avg_ret=175.7s avg_lap=360.1s best_lap=357.3
t=2364.3 TOTAL laps=31 crashes=7
t=2364.3 TUNER gen=0 results=38/64 pending=8 active=8 remaining=26 next_trial=47 rounds=[6,5,7,6,5,6,6,5]
t=2394.3 ==== SUMMARY t=2394.3 ====
t=2394.4 route=1 laps=5 crashes=0 avg_out=142.9s avg_ret=189.8s avg_lap=344.8s best_lap=311.0
t=2394.4 route=2 laps=3 crashes=1 avg_out=177.0s avg_ret=240.0s avg_lap=428.1s best_lap=410.8
t=2394.4 route=3 laps=1 crashes=5 avg_out=213.6s avg_ret=254.8s avg_lap=479.3s best_lap=479.3
t=2394.4 route=4 laps=5 crashes=0 avg_out=174.1s avg_ret=152.5s avg_lap=338.6s best_lap=333.7
t=2394.4 route=5 laps=4 crashes=0 avg_out=251.2s avg_ret=227.5s avg_lap=490.8s best_lap=483.6
t=2394.4 route=6 laps=5 crashes=0 avg_out=129.8s avg_ret=146.8s avg_lap=290.2s best_lap=280.0
t=2394.4 route=7 laps=5 crashes=0 avg_out=162.2s avg_ret=145.4s avg_lap=319.7s best_lap=306.9
t=2394.4 route=8 laps=3 crashes=1 avg_out=172.5s avg_ret=175.7s avg_lap=360.1s best_lap=357.3
t=2394.4 TOTAL laps=31 crashes=7
t=2394.4 TUNER gen=0 results=38/64 pending=8 active=8 remaining=26 next_trial=47 rounds=[6,5,7,6,5,6,6,5]
t=2399.1 LZ_REACHED craft=Aircraft_10_nav_r2_39 route=2 outbound=178.8s t=2399.1
t=2419.2 LZ_REACHED craft=Aircraft_10_nav_r1_42 route=1 outbound=138.6s t=2419.2
t=2424.4 ==== SUMMARY t=2424.4 ====
t=2424.4 route=1 laps=5 crashes=0 avg_out=142.2s avg_ret=189.8s avg_lap=344.8s best_lap=311.0
t=2424.4 route=2 laps=3 crashes=1 avg_out=177.4s avg_ret=240.0s avg_lap=428.1s best_lap=410.8
t=2424.4 route=3 laps=1 crashes=5 avg_out=213.6s avg_ret=254.8s avg_lap=479.3s best_lap=479.3
t=2424.4 route=4 laps=5 crashes=0 avg_out=174.1s avg_ret=152.5s avg_lap=338.6s best_lap=333.7
t=2424.4 route=5 laps=4 crashes=0 avg_out=251.2s avg_ret=227.5s avg_lap=490.8s best_lap=483.6
t=2424.4 route=6 laps=5 crashes=0 avg_out=129.8s avg_ret=146.8s avg_lap=290.2s best_lap=280.0
t=2424.5 route=7 laps=5 crashes=0 avg_out=162.2s avg_ret=145.4s avg_lap=319.7s best_lap=306.9
t=2424.5 route=8 laps=3 crashes=1 avg_out=172.5s avg_ret=175.7s avg_lap=360.1s best_lap=357.3
t=2424.5 TOTAL laps=31 crashes=7
t=2424.5 TUNER gen=0 results=38/64 pending=8 active=8 remaining=26 next_trial=47 rounds=[6,5,7,6,5,6,6,5]
t=2447.9 CRASH craft=Aircraft_10_nav_r2_39 route=2 phase=2 t=2447.9
t=2454.5 ==== SUMMARY t=2454.5 ====
t=2454.5 route=1 laps=5 crashes=0 avg_out=142.2s avg_ret=189.8s avg_lap=344.8s best_lap=311.0
t=2454.5 route=2 laps=3 crashes=2 avg_out=177.4s avg_ret=240.0s avg_lap=428.1s best_lap=410.8
t=2454.5 route=3 laps=1 crashes=5 avg_out=213.6s avg_ret=254.8s avg_lap=479.3s best_lap=479.3
t=2454.6 route=4 laps=5 crashes=0 avg_out=174.1s avg_ret=152.5s avg_lap=338.6s best_lap=333.7
t=2454.6 route=5 laps=4 crashes=0 avg_out=251.2s avg_ret=227.5s avg_lap=490.8s best_lap=483.6
t=2454.6 route=6 laps=5 crashes=0 avg_out=129.8s avg_ret=146.8s avg_lap=290.2s best_lap=280.0
t=2454.6 route=7 laps=5 crashes=0 avg_out=162.2s avg_ret=145.4s avg_lap=319.7s best_lap=306.9
t=2454.6 route=8 laps=3 crashes=1 avg_out=172.5s avg_ret=175.7s avg_lap=360.1s best_lap=357.3
t=2454.6 TOTAL laps=31 crashes=8
t=2454.6 TUNER gen=0 results=39/64 pending=7 active=7 remaining=25 next_trial=47 rounds=[6,5,7,6,5,6,6,5]
t=2462.3 LZ_REACHED craft=Aircraft_10_nav_r4_43 route=4 outbound=161.7s t=2462.3
t=2464.0 LZ_REACHED craft=Aircraft_10_nav_r3_41 route=3 outbound=203.5s t=2464.0
t=2466.7 SPAWN craft=Aircraft_10_nav_r2_47 route=2 candidate=7 trial=47 t=2466.7
t=2484.6 ==== SUMMARY t=2484.6 ====
t=2484.6 route=1 laps=5 crashes=0 avg_out=142.2s avg_ret=189.8s avg_lap=344.8s best_lap=311.0
t=2484.6 route=2 laps=3 crashes=2 avg_out=177.4s avg_ret=240.0s avg_lap=428.1s best_lap=410.8
t=2484.7 route=3 laps=1 crashes=5 avg_out=211.6s avg_ret=254.8s avg_lap=479.3s best_lap=479.3
t=2484.7 route=4 laps=5 crashes=0 avg_out=172.0s avg_ret=152.5s avg_lap=338.6s best_lap=333.7
t=2484.7 route=5 laps=4 crashes=0 avg_out=251.2s avg_ret=227.5s avg_lap=490.8s best_lap=483.6
t=2484.7 route=6 laps=5 crashes=0 avg_out=129.8s avg_ret=146.8s avg_lap=290.2s best_lap=280.0
t=2484.7 route=7 laps=5 crashes=0 avg_out=162.2s avg_ret=145.4s avg_lap=319.7s best_lap=306.9
t=2484.7 route=8 laps=3 crashes=1 avg_out=172.5s avg_ret=175.7s avg_lap=360.1s best_lap=357.3
t=2484.7 TOTAL laps=31 crashes=8
t=2484.7 TUNER gen=0 results=39/64 pending=8 active=8 remaining=25 next_trial=48 rounds=[6,6,7,6,5,6,6,5]
t=2487.6 LZ_REACHED craft=Aircraft_10_nav_r7_44 route=7 outbound=166.9s t=2487.6
t=2514.7 ==== SUMMARY t=2514.7 ====
t=2514.7 route=1 laps=5 crashes=0 avg_out=142.2s avg_ret=189.8s avg_lap=344.8s best_lap=311.0
t=2514.7 route=2 laps=3 crashes=2 avg_out=177.4s avg_ret=240.0s avg_lap=428.1s best_lap=410.8
t=2514.7 route=3 laps=1 crashes=5 avg_out=211.6s avg_ret=254.8s avg_lap=479.3s best_lap=479.3
t=2514.7 route=4 laps=5 crashes=0 avg_out=172.0s avg_ret=152.5s avg_lap=338.6s best_lap=333.7
t=2514.7 route=5 laps=4 crashes=0 avg_out=251.2s avg_ret=227.5s avg_lap=490.8s best_lap=483.6
t=2514.7 route=6 laps=5 crashes=0 avg_out=129.8s avg_ret=146.8s avg_lap=290.2s best_lap=280.0
t=2514.7 route=7 laps=5 crashes=0 avg_out=163.0s avg_ret=145.4s avg_lap=319.7s best_lap=306.9
t=2514.7 route=8 laps=3 crashes=1 avg_out=172.5s avg_ret=175.7s avg_lap=360.1s best_lap=357.3
t=2514.7 TOTAL laps=31 crashes=8
t=2514.7 TUNER gen=0 results=39/64 pending=8 active=8 remaining=25 next_trial=48 rounds=[6,6,7,6,5,6,6,5]
t=2523.6 LAP_CAPTURE craft=Aircraft_10_nav_r6_40 route=6 return=149.3s lap=283.2s carrier_dist=200m t=2523.6
t=2534.4 LZ_REACHED craft=Aircraft_10_nav_r8_46 route=8 outbound=173.5s t=2534.4
t=2542.0 SPAWN craft=Aircraft_10_nav_r6_48 route=6 candidate=4 trial=48 t=2542.0
t=2544.8 ==== SUMMARY t=2544.8 ====
t=2544.8 route=1 laps=5 crashes=0 avg_out=142.2s avg_ret=189.8s avg_lap=344.8s best_lap=311.0
t=2544.8 route=2 laps=3 crashes=2 avg_out=177.4s avg_ret=240.0s avg_lap=428.1s best_lap=410.8
t=2544.8 route=3 laps=1 crashes=5 avg_out=211.6s avg_ret=254.8s avg_lap=479.3s best_lap=479.3
t=2544.8 route=4 laps=5 crashes=0 avg_out=172.0s avg_ret=152.5s avg_lap=338.6s best_lap=333.7
t=2544.8 route=5 laps=4 crashes=0 avg_out=251.2s avg_ret=227.5s avg_lap=490.8s best_lap=483.6
t=2544.8 route=6 laps=6 crashes=0 avg_out=129.8s avg_ret=147.2s avg_lap=289.0s best_lap=280.0
t=2544.8 route=7 laps=5 crashes=0 avg_out=163.0s avg_ret=145.4s avg_lap=319.7s best_lap=306.9
t=2544.8 route=8 laps=3 crashes=1 avg_out=172.7s avg_ret=175.7s avg_lap=360.1s best_lap=357.3
t=2544.8 TOTAL laps=32 crashes=8
t=2544.9 TUNER gen=0 results=40/64 pending=8 active=8 remaining=24 next_trial=49 rounds=[6,6,7,6,5,7,6,5]
t=2574.9 ==== SUMMARY t=2574.9 ====
t=2574.9 route=1 laps=5 crashes=0 avg_out=142.2s avg_ret=189.8s avg_lap=344.8s best_lap=311.0
t=2574.9 route=2 laps=3 crashes=2 avg_out=177.4s avg_ret=240.0s avg_lap=428.1s best_lap=410.8
t=2574.9 route=3 laps=1 crashes=5 avg_out=211.6s avg_ret=254.8s avg_lap=479.3s best_lap=479.3
t=2574.9 route=4 laps=5 crashes=0 avg_out=172.0s avg_ret=152.5s avg_lap=338.6s best_lap=333.7
t=2574.9 route=5 laps=4 crashes=0 avg_out=251.2s avg_ret=227.5s avg_lap=490.8s best_lap=483.6
t=2575.0 route=6 laps=6 crashes=0 avg_out=129.8s avg_ret=147.2s avg_lap=289.0s best_lap=280.0
t=2575.0 route=7 laps=5 crashes=0 avg_out=163.0s avg_ret=145.4s avg_lap=319.7s best_lap=306.9
t=2575.0 route=8 laps=3 crashes=1 avg_out=172.7s avg_ret=175.7s avg_lap=360.1s best_lap=357.3
t=2575.0 TOTAL laps=32 crashes=8
t=2575.0 TUNER gen=0 results=40/64 pending=8 active=8 remaining=24 next_trial=49 rounds=[6,6,7,6,5,7,6,5]
t=2593.6 LAP_CAPTURE craft=Aircraft_10_nav_r1_42 route=1 return=162.5s lap=313.1s carrier_dist=200m t=2593.6
t=2595.3 LZ_REACHED craft=Aircraft_10_nav_r5_45 route=5 outbound=254.5s t=2595.3
t=2605.0 ==== SUMMARY t=2605.0 ====
t=2605.0 route=1 laps=6 crashes=0 avg_out=142.2s avg_ret=185.2s avg_lap=339.5s best_lap=311.0
t=2605.0 route=2 laps=3 crashes=2 avg_out=177.4s avg_ret=240.0s avg_lap=428.1s best_lap=410.8
t=2605.0 route=3 laps=1 crashes=5 avg_out=211.6s avg_ret=254.8s avg_lap=479.3s best_lap=479.3
t=2605.0 route=4 laps=5 crashes=0 avg_out=172.0s avg_ret=152.5s avg_lap=338.6s best_lap=333.7
t=2605.0 route=5 laps=4 crashes=0 avg_out=251.9s avg_ret=227.5s avg_lap=490.8s best_lap=483.6
t=2605.0 route=6 laps=6 crashes=0 avg_out=129.8s avg_ret=147.2s avg_lap=289.0s best_lap=280.0
t=2605.0 route=7 laps=5 crashes=0 avg_out=163.0s avg_ret=145.4s avg_lap=319.7s best_lap=306.9
t=2605.0 route=8 laps=3 crashes=1 avg_out=172.7s avg_ret=175.7s avg_lap=360.1s best_lap=357.3
t=2605.0 TOTAL laps=33 crashes=8
t=2605.0 TUNER gen=0 results=41/64 pending=8 active=8 remaining=23 next_trial=50 rounds=[7,6,7,6,5,7,6,5]
t=2612.4 SPAWN craft=Aircraft_10_nav_r1_49 route=1 candidate=7 trial=49 t=2612.4
t=2626.3 LAP_CAPTURE craft=Aircraft_10_nav_r4_43 route=4 return=152.0s lap=325.7s carrier_dist=200m t=2626.3
t=2635.0 ==== SUMMARY t=2635.0 ====
t=2635.0 route=1 laps=6 crashes=0 avg_out=142.2s avg_ret=185.2s avg_lap=339.5s best_lap=311.0
t=2635.0 route=2 laps=3 crashes=2 avg_out=177.4s avg_ret=240.0s avg_lap=428.1s best_lap=410.8
t=2635.1 route=3 laps=1 crashes=5 avg_out=211.6s avg_ret=254.8s avg_lap=479.3s best_lap=479.3
t=2635.1 route=4 laps=6 crashes=0 avg_out=172.0s avg_ret=152.4s avg_lap=336.5s best_lap=325.7
t=2635.1 route=5 laps=4 crashes=0 avg_out=251.9s avg_ret=227.5s avg_lap=490.8s best_lap=483.6
t=2635.1 route=6 laps=6 crashes=0 avg_out=129.8s avg_ret=147.2s avg_lap=289.0s best_lap=280.0
t=2635.1 route=7 laps=5 crashes=0 avg_out=163.0s avg_ret=145.4s avg_lap=319.7s best_lap=306.9
t=2635.1 route=8 laps=3 crashes=1 avg_out=172.7s avg_ret=175.7s avg_lap=360.1s best_lap=357.3
t=2635.1 TOTAL laps=34 crashes=8
t=2635.1 TUNER gen=0 results=42/64 pending=7 active=7 remaining=22 next_trial=50 rounds=[7,6,7,6,5,7,6,5]
t=2642.6 SPAWN craft=Aircraft_10_nav_r4_50 route=4 candidate=2 trial=50 t=2642.6
t=2645.7 LZ_REACHED craft=Aircraft_10_nav_r2_47 route=2 outbound=179.0s t=2645.7
t=2646.9 LAP_CAPTURE craft=Aircraft_10_nav_r7_44 route=7 return=147.3s lap=326.2s carrier_dist=200m t=2646.9
t=2662.9 SPAWN craft=Aircraft_10_nav_r7_51 route=7 candidate=5 trial=51 t=2662.9
t=2665.2 ==== SUMMARY t=2665.2 ====
t=2665.2 route=1 laps=6 crashes=0 avg_out=142.2s avg_ret=185.2s avg_lap=339.5s best_lap=311.0
t=2665.3 route=2 laps=3 crashes=2 avg_out=177.6s avg_ret=240.0s avg_lap=428.1s best_lap=410.8
t=2665.3 route=3 laps=1 crashes=5 avg_out=211.6s avg_ret=254.8s avg_lap=479.3s best_lap=479.3
t=2665.3 route=4 laps=6 crashes=0 avg_out=172.0s avg_ret=152.4s avg_lap=336.5s best_lap=325.7
t=2665.3 route=5 laps=4 crashes=0 avg_out=251.9s avg_ret=227.5s avg_lap=490.8s best_lap=483.6
t=2665.3 route=6 laps=6 crashes=0 avg_out=129.8s avg_ret=147.2s avg_lap=289.0s best_lap=280.0
t=2665.3 route=7 laps=6 crashes=0 avg_out=163.0s avg_ret=145.8s avg_lap=320.8s best_lap=306.9
t=2665.3 route=8 laps=3 crashes=1 avg_out=172.7s avg_ret=175.7s avg_lap=360.1s best_lap=357.3
t=2665.3 TOTAL laps=35 crashes=8
t=2665.3 TUNER gen=0 results=43/64 pending=8 active=8 remaining=21 next_trial=52 rounds=[7,6,7,7,5,7,7,5]
t=2689.3 LZ_REACHED craft=Aircraft_10_nav_r6_48 route=6 outbound=147.3s t=2689.3
t=2695.3 ==== SUMMARY t=2695.3 ====
t=2695.3 route=1 laps=6 crashes=0 avg_out=142.2s avg_ret=185.2s avg_lap=339.5s best_lap=311.0
t=2695.3 route=2 laps=3 crashes=2 avg_out=177.6s avg_ret=240.0s avg_lap=428.1s best_lap=410.8
t=2695.3 route=3 laps=1 crashes=5 avg_out=211.6s avg_ret=254.8s avg_lap=479.3s best_lap=479.3
t=2695.3 route=4 laps=6 crashes=0 avg_out=172.0s avg_ret=152.4s avg_lap=336.5s best_lap=325.7
t=2695.3 route=5 laps=4 crashes=0 avg_out=251.9s avg_ret=227.5s avg_lap=490.8s best_lap=483.6
t=2695.3 route=6 laps=6 crashes=0 avg_out=132.3s avg_ret=147.2s avg_lap=289.0s best_lap=280.0
t=2695.3 route=7 laps=6 crashes=0 avg_out=163.0s avg_ret=145.8s avg_lap=320.8s best_lap=306.9
t=2695.3 route=8 laps=3 crashes=1 avg_out=172.7s avg_ret=175.7s avg_lap=360.1s best_lap=357.3
t=2695.3 TOTAL laps=35 crashes=8
t=2695.3 TUNER gen=0 results=43/64 pending=8 active=8 remaining=21 next_trial=52 rounds=[7,6,7,7,5,7,7,5]
t=2721.8 LAP_CAPTURE craft=Aircraft_10_nav_r8_46 route=8 return=175.4s lap=361.0s carrier_dist=200m t=2721.8
t=2723.6 LAP_CAPTURE craft=Aircraft_10_nav_r3_41 route=3 return=247.6s lap=463.2s carrier_dist=200m t=2723.6
t=2725.4 ==== SUMMARY t=2725.4 ====
t=2725.4 route=1 laps=6 crashes=0 avg_out=142.2s avg_ret=185.2s avg_lap=339.5s best_lap=311.0
t=2725.4 route=2 laps=3 crashes=2 avg_out=177.6s avg_ret=240.0s avg_lap=428.1s best_lap=410.8
t=2725.4 route=3 laps=2 crashes=5 avg_out=211.6s avg_ret=251.2s avg_lap=471.2s best_lap=463.2
t=2725.4 route=4 laps=6 crashes=0 avg_out=172.0s avg_ret=152.4s avg_lap=336.5s best_lap=325.7
t=2725.4 route=5 laps=4 crashes=0 avg_out=251.9s avg_ret=227.5s avg_lap=490.8s best_lap=483.6
t=2725.4 route=6 laps=6 crashes=0 avg_out=132.3s avg_ret=147.2s avg_lap=289.0s best_lap=280.0
t=2725.4 route=7 laps=6 crashes=0 avg_out=163.0s avg_ret=145.8s avg_lap=320.8s best_lap=306.9
t=2725.4 route=8 laps=4 crashes=1 avg_out=172.7s avg_ret=175.6s avg_lap=360.3s best_lap=357.3
t=2725.4 TOTAL laps=37 crashes=8
t=2725.4 TUNER gen=0 results=45/64 pending=6 active=6 remaining=19 next_trial=52 rounds=[7,6,7,7,5,7,7,5]
t=2732.9 LAUNCH_BLOCKED reason=deck_busy active=7 stored=1 no_active_s=0.0 state=AIRCRAFT_ON_DECK tractor_cleanup=false elevator_transfer=true deck=Aircraft_10_nav_r8_52 pending=none clearance=none queue=0
t=2738.2 SPAWN craft=Aircraft_10_nav_r8_52 route=8 candidate=5 trial=52 t=2738.2
t=2754.7 LZ_REACHED craft=Aircraft_10_nav_r1_49 route=1 outbound=142.3s t=2754.7
t=2755.5 ==== SUMMARY t=2755.5 ====
t=2755.5 route=1 laps=6 crashes=0 avg_out=142.2s avg_ret=185.2s avg_lap=339.5s best_lap=311.0
t=2755.5 route=2 laps=3 crashes=2 avg_out=177.6s avg_ret=240.0s avg_lap=428.1s best_lap=410.8
t=2755.5 route=3 laps=2 crashes=5 avg_out=211.6s avg_ret=251.2s avg_lap=471.2s best_lap=463.2
t=2755.5 route=4 laps=6 crashes=0 avg_out=172.0s avg_ret=152.4s avg_lap=336.5s best_lap=325.7
t=2755.5 route=5 laps=4 crashes=0 avg_out=251.9s avg_ret=227.5s avg_lap=490.8s best_lap=483.6
t=2755.5 route=6 laps=6 crashes=0 avg_out=132.3s avg_ret=147.2s avg_lap=289.0s best_lap=280.0
t=2755.5 route=7 laps=6 crashes=0 avg_out=163.0s avg_ret=145.8s avg_lap=320.8s best_lap=306.9
t=2755.5 route=8 laps=4 crashes=1 avg_out=172.7s avg_ret=175.6s avg_lap=360.3s best_lap=357.3
t=2755.5 TOTAL laps=37 crashes=8
t=2755.5 TUNER gen=0 results=45/64 pending=8 active=8 remaining=19 next_trial=54 rounds=[7,6,8,7,5,7,7,6]
t=2758.3 SPAWN craft=Aircraft_10_nav_r3_53 route=3 candidate=2 trial=53 t=2758.3
t=2785.5 ==== SUMMARY t=2785.5 ====
t=2785.5 route=1 laps=6 crashes=0 avg_out=142.2s avg_ret=185.2s avg_lap=339.5s best_lap=311.0
t=2785.6 route=2 laps=3 crashes=2 avg_out=177.6s avg_ret=240.0s avg_lap=428.1s best_lap=410.8
t=2785.6 route=3 laps=2 crashes=5 avg_out=211.6s avg_ret=251.2s avg_lap=471.2s best_lap=463.2
t=2785.6 route=4 laps=6 crashes=0 avg_out=172.0s avg_ret=152.4s avg_lap=336.5s best_lap=325.7
t=2785.6 route=5 laps=4 crashes=0 avg_out=251.9s avg_ret=227.5s avg_lap=490.8s best_lap=483.6
t=2785.6 route=6 laps=6 crashes=0 avg_out=132.3s avg_ret=147.2s avg_lap=289.0s best_lap=280.0
t=2785.6 route=7 laps=6 crashes=0 avg_out=163.0s avg_ret=145.8s avg_lap=320.8s best_lap=306.9
t=2785.6 route=8 laps=4 crashes=1 avg_out=172.7s avg_ret=175.6s avg_lap=360.3s best_lap=357.3
t=2785.6 TOTAL laps=37 crashes=8
t=2785.6 TUNER gen=0 results=45/64 pending=8 active=8 remaining=19 next_trial=54 rounds=[7,6,8,7,5,7,7,6]
t=2815.6 ==== SUMMARY t=2815.6 ====
t=2815.6 route=1 laps=6 crashes=0 avg_out=142.2s avg_ret=185.2s avg_lap=339.5s best_lap=311.0
t=2815.6 route=2 laps=3 crashes=2 avg_out=177.6s avg_ret=240.0s avg_lap=428.1s best_lap=410.8
t=2815.7 route=3 laps=2 crashes=5 avg_out=211.6s avg_ret=251.2s avg_lap=471.2s best_lap=463.2
t=2815.7 route=4 laps=6 crashes=0 avg_out=172.0s avg_ret=152.4s avg_lap=336.5s best_lap=325.7
t=2815.7 route=5 laps=4 crashes=0 avg_out=251.9s avg_ret=227.5s avg_lap=490.8s best_lap=483.6
t=2815.7 route=6 laps=6 crashes=0 avg_out=132.3s avg_ret=147.2s avg_lap=289.0s best_lap=280.0
t=2815.7 route=7 laps=6 crashes=0 avg_out=163.0s avg_ret=145.8s avg_lap=320.8s best_lap=306.9
t=2815.7 route=8 laps=4 crashes=1 avg_out=172.7s avg_ret=175.6s avg_lap=360.3s best_lap=357.3
t=2815.7 TOTAL laps=37 crashes=8
t=2815.7 TUNER gen=0 results=45/64 pending=8 active=8 remaining=19 next_trial=54 rounds=[7,6,8,7,5,7,7,6]
t=2818.0 LZ_REACHED craft=Aircraft_10_nav_r4_50 route=4 outbound=175.4s t=2818.0
t=2829.4 LZ_REACHED craft=Aircraft_10_nav_r7_51 route=7 outbound=166.6s t=2829.4
t=2843.6 LAP_CAPTURE craft=Aircraft_10_nav_r6_48 route=6 return=142.3s lap=301.6s carrier_dist=200m t=2843.6
t=2845.7 ==== SUMMARY t=2845.7 ====
t=2845.7 route=1 laps=6 crashes=0 avg_out=142.2s avg_ret=185.2s avg_lap=339.5s best_lap=311.0
t=2845.7 route=2 laps=3 crashes=2 avg_out=177.6s avg_ret=240.0s avg_lap=428.1s best_lap=410.8
t=2845.7 route=3 laps=2 crashes=5 avg_out=211.6s avg_ret=251.2s avg_lap=471.2s best_lap=463.2
t=2845.7 route=4 laps=6 crashes=0 avg_out=172.5s avg_ret=152.4s avg_lap=336.5s best_lap=325.7
t=2845.7 route=5 laps=4 crashes=0 avg_out=251.9s avg_ret=227.5s avg_lap=490.8s best_lap=483.6
t=2845.7 route=6 laps=7 crashes=0 avg_out=132.3s avg_ret=146.5s avg_lap=290.8s best_lap=280.0
t=2845.7 route=7 laps=6 crashes=0 avg_out=163.5s avg_ret=145.8s avg_lap=320.8s best_lap=306.9
t=2845.7 route=8 laps=4 crashes=1 avg_out=172.7s avg_ret=175.6s avg_lap=360.3s best_lap=357.3
t=2845.7 TOTAL laps=38 crashes=8
t=2845.8 TUNER gen=0 results=46/64 pending=7 active=7 remaining=18 next_trial=54 rounds=[7,6,8,7,5,7,7,6]
t=2846.8 LAP_CAPTURE craft=Aircraft_10_nav_r5_45 route=5 return=239.5s lap=506.0s carrier_dist=200m t=2846.8
t=2853.5 LAUNCH_BLOCKED reason=deck_busy active=7 stored=1 no_active_s=0.0 state=RETRIEVING_FROM_HANGAR tractor_cleanup=false elevator_transfer=false deck=Aircraft_10_nav_r5_54 pending=none clearance=none queue=0
t=2863.8 SPAWN craft=Aircraft_10_nav_r5_54 route=5 candidate=2 trial=54 t=2863.8
t=2868.6 LAUNCH_BLOCKED reason=cleared_unready_nav_deck_aircraft active=7 stored=1 no_active_s=0.0 state=IDLE tractor_cleanup=false elevator_transfer=false deck=Aircraft_10_nav_r5_54 pending=none clearance=none queue=0
t=2875.8 ==== SUMMARY t=2875.8 ====
t=2875.8 route=1 laps=6 crashes=0 avg_out=142.2s avg_ret=185.2s avg_lap=339.5s best_lap=311.0
t=2875.8 route=2 laps=3 crashes=2 avg_out=177.6s avg_ret=240.0s avg_lap=428.1s best_lap=410.8
t=2875.8 route=3 laps=2 crashes=5 avg_out=211.6s avg_ret=251.2s avg_lap=471.2s best_lap=463.2
t=2875.8 route=4 laps=6 crashes=0 avg_out=172.5s avg_ret=152.4s avg_lap=336.5s best_lap=325.7
t=2875.8 route=5 laps=5 crashes=0 avg_out=251.9s avg_ret=229.9s avg_lap=493.8s best_lap=483.6
t=2875.8 route=6 laps=7 crashes=0 avg_out=132.3s avg_ret=146.5s avg_lap=290.8s best_lap=280.0
t=2875.8 route=7 laps=6 crashes=0 avg_out=163.5s avg_ret=145.8s avg_lap=320.8s best_lap=306.9
t=2875.8 route=8 laps=4 crashes=1 avg_out=172.7s avg_ret=175.6s avg_lap=360.3s best_lap=357.3
t=2875.8 TOTAL laps=39 crashes=8
t=2875.9 TUNER gen=0 results=47/64 pending=7 active=7 remaining=17 next_trial=55 rounds=[7,6,8,7,6,7,7,6]
t=2880.0 LAP_CAPTURE craft=Aircraft_10_nav_r2_47 route=2 return=222.2s lap=413.3s carrier_dist=200m t=2880.0
t=2884.0 SPAWN craft=Aircraft_10_nav_r6_55 route=6 candidate=5 trial=55 t=2884.0
t=2888.8 LAUNCH_BLOCKED reason=cleared_unready_nav_deck_aircraft active=7 stored=1 no_active_s=0.0 state=IDLE tractor_cleanup=false elevator_transfer=false deck=Aircraft_10_nav_r6_55 pending=none clearance=none queue=0
t=2904.1 SPAWN craft=Aircraft_10_nav_r2_56 route=2 candidate=8 trial=56 t=2904.1
t=2905.8 ==== SUMMARY t=2905.8 ====
t=2905.8 route=1 laps=6 crashes=0 avg_out=142.2s avg_ret=185.2s avg_lap=339.5s best_lap=311.0
t=2905.9 route=2 laps=4 crashes=2 avg_out=177.6s avg_ret=235.6s avg_lap=424.4s best_lap=410.8
t=2905.9 route=3 laps=2 crashes=5 avg_out=211.6s avg_ret=251.2s avg_lap=471.2s best_lap=463.2
t=2905.9 route=4 laps=6 crashes=0 avg_out=172.5s avg_ret=152.4s avg_lap=336.5s best_lap=325.7
t=2905.9 route=5 laps=5 crashes=0 avg_out=251.9s avg_ret=229.9s avg_lap=493.8s best_lap=483.6
t=2905.9 route=6 laps=7 crashes=0 avg_out=132.3s avg_ret=146.5s avg_lap=290.8s best_lap=280.0
t=2905.9 route=7 laps=6 crashes=0 avg_out=163.5s avg_ret=145.8s avg_lap=320.8s best_lap=306.9
t=2905.9 route=8 laps=4 crashes=1 avg_out=172.7s avg_ret=175.6s avg_lap=360.3s best_lap=357.3
t=2905.9 TOTAL laps=40 crashes=8
t=2905.9 TUNER gen=0 results=48/64 pending=8 active=8 remaining=16 next_trial=57 rounds=[7,7,8,7,6,8,7,6]
t=2912.1 LZ_REACHED craft=Aircraft_10_nav_r8_52 route=8 outbound=173.9s t=2912.1
t=2919.5 CRASH craft=Aircraft_10_nav_r3_53 route=3 phase=0 t=2919.5
t=2929.0 LAUNCH_BLOCKED reason=landing_or_storage_busy active=7 stored=1 no_active_s=0.0 state=IDLE tractor_cleanup=false elevator_transfer=false deck=Aircraft_10_nav_r2_56 pending=none clearance=Aircraft_10_nav_r1_49 queue=0
t=2933.7 LAP_CAPTURE craft=Aircraft_10_nav_r1_49 route=1 return=167.0s lap=321.2s carrier_dist=200m t=2933.7
t=2935.9 ==== SUMMARY t=2935.9 ====
t=2935.9 route=1 laps=7 crashes=0 avg_out=142.2s avg_ret=182.6s avg_lap=336.9s best_lap=311.0
t=2935.9 route=2 laps=4 crashes=2 avg_out=177.6s avg_ret=235.6s avg_lap=424.4s best_lap=410.8
t=2935.9 route=3 laps=2 crashes=6 avg_out=211.6s avg_ret=251.2s avg_lap=471.2s best_lap=463.2
t=2935.9 route=4 laps=6 crashes=0 avg_out=172.5s avg_ret=152.4s avg_lap=336.5s best_lap=325.7
t=2935.9 route=5 laps=5 crashes=0 avg_out=251.9s avg_ret=229.9s avg_lap=493.8s best_lap=483.6
t=2935.9 route=6 laps=7 crashes=0 avg_out=132.3s avg_ret=146.5s avg_lap=290.8s best_lap=280.0
t=2936.0 route=7 laps=6 crashes=0 avg_out=163.5s avg_ret=145.8s avg_lap=320.8s best_lap=306.9
t=2936.0 route=8 laps=4 crashes=1 avg_out=172.9s avg_ret=175.6s avg_lap=360.3s best_lap=357.3
t=2936.0 TOTAL laps=41 crashes=9
t=2936.0 TUNER gen=0 results=50/64 pending=6 active=6 remaining=14 next_trial=57 rounds=[7,7,8,7,6,8,7,6]
t=2941.9 TUNING_REASSIGN craft=Aircraft_10_nav_r3_57 requested_route=3 assigned_route=5
t=2944.1 LAUNCH_BLOCKED reason=deck_busy active=7 stored=1 no_active_s=0.0 state=AIRCRAFT_ON_DECK tractor_cleanup=false elevator_transfer=true deck=Aircraft_10_nav_r3_57 pending=none clearance=none queue=0
t=2949.5 SPAWN craft=Aircraft_10_nav_r3_57 route=5 candidate=3 trial=57 t=2949.5
t=2959.2 LAUNCH_BLOCKED reason=deck_busy active=8 stored=1 no_active_s=0.0 state=RETRIEVING_FROM_HANGAR tractor_cleanup=false elevator_transfer=false deck=Aircraft_10_nav_r1_58 pending=none clearance=none queue=0
t=2966.0 ==== SUMMARY t=2966.0 ====
t=2966.0 route=1 laps=7 crashes=0 avg_out=142.2s avg_ret=182.6s avg_lap=336.9s best_lap=311.0
t=2966.1 route=2 laps=4 crashes=2 avg_out=177.6s avg_ret=235.6s avg_lap=424.4s best_lap=410.8
t=2966.1 route=3 laps=2 crashes=6 avg_out=211.6s avg_ret=251.2s avg_lap=471.2s best_lap=463.2
t=2966.1 route=4 laps=6 crashes=0 avg_out=172.5s avg_ret=152.4s avg_lap=336.5s best_lap=325.7
t=2966.1 route=5 laps=5 crashes=0 avg_out=251.9s avg_ret=229.9s avg_lap=493.8s best_lap=483.6
t=2966.1 route=6 laps=7 crashes=0 avg_out=132.3s avg_ret=146.5s avg_lap=290.8s best_lap=280.0
t=2966.1 route=7 laps=6 crashes=0 avg_out=163.5s avg_ret=145.8s avg_lap=320.8s best_lap=306.9
t=2966.1 route=8 laps=4 crashes=1 avg_out=172.9s avg_ret=175.6s avg_lap=360.3s best_lap=357.3
t=2966.1 TOTAL laps=41 crashes=9
t=2966.1 TUNER gen=0 results=50/64 pending=8 active=8 remaining=14 next_trial=59 rounds=[8,7,8,7,7,8,7,6]
t=2969.5 SPAWN craft=Aircraft_10_nav_r1_58 route=1 candidate=8 trial=58 t=2969.5
t=2974.2 LAUNCH_BLOCKED reason=cleared_unready_nav_deck_aircraft active=8 stored=1 no_active_s=0.0 state=IDLE tractor_cleanup=false elevator_transfer=false deck=Aircraft_10_nav_r1_58 pending=none clearance=none queue=0
t=2982.0 LAP_CAPTURE craft=Aircraft_10_nav_r4_50 route=4 return=152.0s lap=339.3s carrier_dist=200m t=2982.0
t=2982.0 TUNING_REASSIGN craft=Aircraft_10_nav_r3_59 requested_route=3 assigned_route=8
t=2989.3 LAUNCH_BLOCKED reason=deck_busy active=8 stored=2 no_active_s=0.0 state=AIRCRAFT_ON_DECK tractor_cleanup=false elevator_transfer=false deck=Aircraft_10_nav_r3_59 pending=none clearance=none queue=0
t=2989.6 SPAWN craft=Aircraft_10_nav_r3_59 route=8 candidate=6 trial=59 t=2989.6
t=2990.4 LAP_CAPTURE craft=Aircraft_10_nav_r7_51 route=7 return=149.0s lap=327.5s carrier_dist=200m t=2990.4
t=2996.1 ==== SUMMARY t=2996.1 ====
t=2996.1 route=1 laps=7 crashes=0 avg_out=142.2s avg_ret=182.6s avg_lap=336.9s best_lap=311.0
t=2996.1 route=2 laps=4 crashes=2 avg_out=177.6s avg_ret=235.6s avg_lap=424.4s best_lap=410.8
t=2996.1 route=3 laps=2 crashes=6 avg_out=211.6s avg_ret=251.2s avg_lap=471.2s best_lap=463.2
t=2996.2 route=4 laps=7 crashes=0 avg_out=172.5s avg_ret=152.4s avg_lap=336.9s best_lap=325.7
t=2996.2 route=5 laps=5 crashes=0 avg_out=251.9s avg_ret=229.9s avg_lap=493.8s best_lap=483.6
t=2996.2 route=6 laps=7 crashes=0 avg_out=132.3s avg_ret=146.5s avg_lap=290.8s best_lap=280.0
t=2996.2 route=7 laps=7 crashes=0 avg_out=163.5s avg_ret=146.2s avg_lap=321.7s best_lap=306.9
t=2996.2 route=8 laps=4 crashes=1 avg_out=172.9s avg_ret=175.6s avg_lap=360.3s best_lap=357.3
t=2996.2 TOTAL laps=43 crashes=9
t=2996.2 TUNER gen=0 results=52/64 pending=7 active=7 remaining=12 next_trial=60 rounds=[8,7,8,7,7,8,7,7]
t=3002.2 TUNING_REASSIGN craft=Aircraft_10_nav_r3_60 requested_route=3 assigned_route=2
t=3004.5 LAUNCH_BLOCKED reason=deck_busy active=8 stored=2 no_active_s=0.0 state=AIRCRAFT_ON_DECK tractor_cleanup=false elevator_transfer=true deck=Aircraft_10_nav_r3_60 pending=none clearance=none queue=0
t=3005.6 LZ_REACHED craft=Aircraft_10_nav_r6_55 route=6 outbound=121.6s t=3005.6
t=3009.7 SPAWN craft=Aircraft_10_nav_r3_60 route=2 candidate=1 trial=60 t=3009.7
t=3019.6 LAUNCH_BLOCKED reason=deck_busy active=9 stored=2 no_active_s=0.0 state=RETRIEVING_FROM_HANGAR tractor_cleanup=false elevator_transfer=false deck=Aircraft_10_nav_r4_61 pending=none clearance=none queue=0
t=3026.4 ==== SUMMARY t=3026.4 ====
t=3026.4 route=1 laps=7 crashes=0 avg_out=142.2s avg_ret=182.6s avg_lap=336.9s best_lap=311.0
t=3026.4 route=2 laps=4 crashes=2 avg_out=177.6s avg_ret=235.6s avg_lap=424.4s best_lap=410.8
t=3026.5 route=3 laps=2 crashes=6 avg_out=211.6s avg_ret=251.2s avg_lap=471.2s best_lap=463.2
t=3026.5 route=4 laps=7 crashes=0 avg_out=172.5s avg_ret=152.4s avg_lap=336.9s best_lap=325.7
t=3026.5 route=5 laps=5 crashes=0 avg_out=251.9s avg_ret=229.9s avg_lap=493.8s best_lap=483.6
t=3026.5 route=6 laps=7 crashes=0 avg_out=131.0s avg_ret=146.5s avg_lap=290.8s best_lap=280.0
t=3026.5 route=7 laps=7 crashes=0 avg_out=163.5s avg_ret=146.2s avg_lap=321.7s best_lap=306.9
t=3026.5 route=8 laps=4 crashes=1 avg_out=172.9s avg_ret=175.6s avg_lap=360.3s best_lap=357.3
t=3026.5 TOTAL laps=43 crashes=9
t=3026.5 TUNER gen=0 results=52/64 pending=9 active=9 remaining=12 next_trial=62 rounds=[8,8,8,8,7,8,7,7]
t=3030.0 SPAWN craft=Aircraft_10_nav_r4_61 route=4 candidate=3 trial=61 t=3030.0
t=3034.8 LAUNCH_BLOCKED reason=cleared_unready_nav_deck_aircraft active=9 stored=2 no_active_s=0.0 state=IDLE tractor_cleanup=false elevator_transfer=false deck=Aircraft_10_nav_r4_61 pending=none clearance=none queue=0
t=3050.0 LAUNCH_BLOCKED reason=deck_busy active=10 stored=1 no_active_s=0.0 state=AIRCRAFT_ON_DECK tractor_cleanup=false elevator_transfer=false deck=Aircraft_10_nav_r7_62 pending=none clearance=none queue=0
t=3050.4 SPAWN craft=Aircraft_10_nav_r7_62 route=7 candidate=6 trial=62 t=3050.3
t=3056.8 ==== SUMMARY t=3056.8 ====
t=3056.8 route=1 laps=7 crashes=0 avg_out=142.2s avg_ret=182.6s avg_lap=336.9s best_lap=311.0
t=3056.8 route=2 laps=4 crashes=2 avg_out=177.6s avg_ret=235.6s avg_lap=424.4s best_lap=410.8
t=3056.8 route=3 laps=2 crashes=6 avg_out=211.6s avg_ret=251.2s avg_lap=471.2s best_lap=463.2
t=3056.8 route=4 laps=7 crashes=0 avg_out=172.5s avg_ret=152.4s avg_lap=336.9s best_lap=325.7
t=3056.8 route=5 laps=5 crashes=0 avg_out=251.9s avg_ret=229.9s avg_lap=493.8s best_lap=483.6
t=3056.8 route=6 laps=7 crashes=0 avg_out=131.0s avg_ret=146.5s avg_lap=290.8s best_lap=280.0
t=3056.8 route=7 laps=7 crashes=0 avg_out=163.5s avg_ret=146.2s avg_lap=321.7s best_lap=306.9
t=3056.8 route=8 laps=4 crashes=1 avg_out=172.9s avg_ret=175.6s avg_lap=360.3s best_lap=357.3
t=3056.8 TOTAL laps=43 crashes=9
t=3056.8 TUNER gen=0 results=52/64 pending=10 active=10 remaining=12 next_trial=63 rounds=[8,8,8,8,7,8,8,7]
t=3063.2 TUNING_REASSIGN craft=Aircraft_10_nav_r3_63 requested_route=3 assigned_route=5
t=3070.6 LAUNCH_BLOCKED reason=deck_busy active=11 stored=1 no_active_s=0.0 state=AIRCRAFT_ON_DECK tractor_cleanup=false elevator_transfer=false deck=Aircraft_10_nav_r3_63 pending=none clearance=none queue=0
t=3071.0 SPAWN craft=Aircraft_10_nav_r3_63 route=5 candidate=4 trial=63 t=3071.0
t=3083.9 TUNING_REASSIGN craft=Aircraft_10_nav_r3_64 requested_route=3 assigned_route=8
t=3087.7 ==== SUMMARY t=3087.7 ====
t=3087.7 route=1 laps=7 crashes=0 avg_out=142.2s avg_ret=182.6s avg_lap=336.9s best_lap=311.0
t=3087.7 route=2 laps=4 crashes=2 avg_out=177.6s avg_ret=235.6s avg_lap=424.4s best_lap=410.8
t=3087.7 route=3 laps=2 crashes=6 avg_out=211.6s avg_ret=251.2s avg_lap=471.2s best_lap=463.2
t=3087.7 route=4 laps=7 crashes=0 avg_out=172.5s avg_ret=152.4s avg_lap=336.9s best_lap=325.7
t=3087.7 route=5 laps=5 crashes=0 avg_out=251.9s avg_ret=229.9s avg_lap=493.8s best_lap=483.6
t=3087.8 route=6 laps=7 crashes=0 avg_out=131.0s avg_ret=146.5s avg_lap=290.8s best_lap=280.0
t=3087.8 route=7 laps=7 crashes=0 avg_out=163.5s avg_ret=146.2s avg_lap=321.7s best_lap=306.9
t=3087.8 route=8 laps=4 crashes=1 avg_out=172.9s avg_ret=175.6s avg_lap=360.3s best_lap=357.3
t=3087.8 TOTAL laps=43 crashes=9
t=3087.8 TUNER gen=0 results=52/64 pending=12 active=12 remaining=12 next_trial=65 rounds=[8,8,8,8,8,8,8,8]
t=3088.1 LZ_REACHED craft=Aircraft_10_nav_r2_56 route=2 outbound=183.9s t=3088.1
t=3091.6 LAUNCH_BLOCKED reason=deck_busy active=12 stored=1 no_active_s=0.0 state=AIRCRAFT_ON_DECK tractor_cleanup=false elevator_transfer=false deck=Aircraft_10_nav_r3_64 pending=none clearance=none queue=1
t=3092.1 SPAWN craft=Aircraft_10_nav_r3_64 route=8 candidate=7 trial=64 t=3092.1
t=3107.4 LAUNCH_BLOCKED reason=landing_or_storage_busy active=12 stored=1 no_active_s=0.0 state=IDLE tractor_cleanup=false elevator_transfer=false deck=Aircraft_10_nav_r3_64 pending=none clearance=Aircraft_10_nav_r8_52 queue=0
t=3109.4 LAP_CAPTURE craft=Aircraft_10_nav_r8_52 route=8 return=185.4s lap=371.3s carrier_dist=200m t=3109.4
t=3111.2 LZ_REACHED craft=Aircraft_10_nav_r1_58 route=1 outbound=141.7s t=3111.2
t=3119.7 ==== SUMMARY t=3119.7 ====
t=3119.7 route=1 laps=7 crashes=0 avg_out=142.2s avg_ret=182.6s avg_lap=336.9s best_lap=311.0
t=3119.7 route=2 laps=4 crashes=2 avg_out=178.5s avg_ret=235.6s avg_lap=424.4s best_lap=410.8
t=3119.7 route=3 laps=2 crashes=6 avg_out=211.6s avg_ret=251.2s avg_lap=471.2s best_lap=463.2
t=3119.7 route=4 laps=7 crashes=0 avg_out=172.5s avg_ret=152.4s avg_lap=336.9s best_lap=325.7
t=3119.7 route=5 laps=5 crashes=0 avg_out=251.9s avg_ret=229.9s avg_lap=493.8s best_lap=483.6
t=3119.7 route=6 laps=7 crashes=0 avg_out=131.0s avg_ret=146.5s avg_lap=290.8s best_lap=280.0
t=3119.7 route=7 laps=7 crashes=0 avg_out=163.5s avg_ret=146.2s avg_lap=321.7s best_lap=306.9
t=3119.7 route=8 laps=5 crashes=1 avg_out=172.9s avg_ret=177.6s avg_lap=362.5s best_lap=357.3
t=3119.7 TOTAL laps=44 crashes=9
t=3119.7 TUNER gen=0 results=53/64 pending=11 active=11 remaining=11 next_trial=65 rounds=[8,8,8,8,8,8,8,8]
t=3120.9 LZ_REACHED craft=Aircraft_10_nav_r5_54 route=5 outbound=257.0s t=3120.9
t=3129.6 SPAWN craft=Aircraft_10_nav_r3_65 route=3 candidate=1 trial=65 t=3129.6
t=3153.5 ==== SUMMARY t=3153.5 ====
t=3153.5 route=1 laps=7 crashes=0 avg_out=142.2s avg_ret=182.6s avg_lap=336.9s best_lap=311.0
t=3153.5 route=2 laps=4 crashes=2 avg_out=178.5s avg_ret=235.6s avg_lap=424.4s best_lap=410.8
t=3153.5 route=3 laps=2 crashes=6 avg_out=211.6s avg_ret=251.2s avg_lap=471.2s best_lap=463.2
t=3153.5 route=4 laps=7 crashes=0 avg_out=172.5s avg_ret=152.4s avg_lap=336.9s best_lap=325.7
t=3153.5 route=5 laps=5 crashes=0 avg_out=252.7s avg_ret=229.9s avg_lap=493.8s best_lap=483.6
t=3153.5 route=6 laps=7 crashes=0 avg_out=131.0s avg_ret=146.5s avg_lap=290.8s best_lap=280.0
t=3153.5 route=7 laps=7 crashes=0 avg_out=163.5s avg_ret=146.2s avg_lap=321.7s best_lap=306.9
t=3153.5 route=8 laps=5 crashes=1 avg_out=172.9s avg_ret=177.6s avg_lap=362.5s best_lap=357.3
t=3153.5 TOTAL laps=44 crashes=9
t=3153.5 TUNER gen=0 results=53/64 pending=11 active=12 remaining=11 next_trial=66 rounds=[8,8,8,8,8,8,8,8]
t=3168.4 LZ_REACHED craft=Aircraft_10_nav_r3_59 route=8 outbound=178.8s t=3168.4
t=3173.5 LAP_CAPTURE craft=Aircraft_10_nav_r6_55 route=6 return=155.9s lap=289.5s carrier_dist=200m t=3173.5
t=3185.4 ==== SUMMARY t=3185.4 ====
t=3185.4 route=1 laps=7 crashes=0 avg_out=142.2s avg_ret=182.6s avg_lap=336.9s best_lap=311.0
t=3185.4 route=2 laps=4 crashes=2 avg_out=178.5s avg_ret=235.6s avg_lap=424.4s best_lap=410.8
t=3185.4 route=3 laps=2 crashes=6 avg_out=211.6s avg_ret=251.2s avg_lap=471.2s best_lap=463.2
t=3185.4 route=4 laps=7 crashes=0 avg_out=172.5s avg_ret=152.4s avg_lap=336.9s best_lap=325.7
t=3185.4 route=5 laps=5 crashes=0 avg_out=252.7s avg_ret=229.9s avg_lap=493.8s best_lap=483.6
t=3185.4 route=6 laps=8 crashes=0 avg_out=131.0s avg_ret=147.7s avg_lap=290.6s best_lap=280.0
t=3185.4 route=7 laps=7 crashes=0 avg_out=163.5s avg_ret=146.2s avg_lap=321.7s best_lap=306.9
t=3185.4 route=8 laps=5 crashes=1 avg_out=173.7s avg_ret=177.6s avg_lap=362.5s best_lap=357.3
t=3185.4 TOTAL laps=45 crashes=9
t=3185.4 TUNER gen=0 results=54/64 pending=10 active=11 remaining=10 next_trial=66 rounds=[8,8,8,8,8,8,8,8]
t=3195.0 SPAWN craft=Aircraft_10_nav_r6_66 route=6 candidate=1 trial=66 t=3195.0
t=3198.7 LZ_REACHED craft=Aircraft_10_nav_r3_60 route=2 outbound=189.0s t=3198.7
t=3215.5 LZ_REACHED craft=Aircraft_10_nav_r3_57 route=5 outbound=266.0s t=3215.5
t=3217.6 ==== SUMMARY t=3217.6 ====
t=3217.6 route=1 laps=7 crashes=0 avg_out=142.2s avg_ret=182.6s avg_lap=336.9s best_lap=311.0
t=3217.6 route=2 laps=4 crashes=2 avg_out=179.8s avg_ret=235.6s avg_lap=424.4s best_lap=410.8
t=3217.7 route=3 laps=2 crashes=6 avg_out=211.6s avg_ret=251.2s avg_lap=471.2s best_lap=463.2
t=3217.7 route=4 laps=7 crashes=0 avg_out=172.5s avg_ret=152.4s avg_lap=336.9s best_lap=325.7
t=3217.7 route=5 laps=5 crashes=0 avg_out=254.6s avg_ret=229.9s avg_lap=493.8s best_lap=483.6
t=3217.7 route=6 laps=8 crashes=0 avg_out=131.0s avg_ret=147.7s avg_lap=290.6s best_lap=280.0
t=3217.7 route=7 laps=7 crashes=0 avg_out=163.5s avg_ret=146.2s avg_lap=321.7s best_lap=306.9
t=3217.7 route=8 laps=5 crashes=1 avg_out=173.7s avg_ret=177.6s avg_lap=362.5s best_lap=357.3
t=3217.7 TOTAL laps=45 crashes=9
t=3217.7 TUNER gen=0 results=54/64 pending=10 active=12 remaining=10 next_trial=67 rounds=[8,8,8,8,8,8,8,8]
t=3222.1 LZ_REACHED craft=Aircraft_10_nav_r4_61 route=4 outbound=192.1s t=3222.1
t=3227.8 LZ_REACHED craft=Aircraft_10_nav_r7_62 route=7 outbound=177.5s t=3227.8
t=3249.6 ==== SUMMARY t=3249.6 ====
t=3249.6 route=1 laps=7 crashes=0 avg_out=142.2s avg_ret=182.6s avg_lap=336.9s best_lap=311.0
t=3249.6 route=2 laps=4 crashes=2 avg_out=179.8s avg_ret=235.6s avg_lap=424.4s best_lap=410.8
t=3249.6 route=3 laps=2 crashes=6 avg_out=211.6s avg_ret=251.2s avg_lap=471.2s best_lap=463.2
t=3249.6 route=4 laps=7 crashes=0 avg_out=175.0s avg_ret=152.4s avg_lap=336.9s best_lap=325.7
t=3249.6 route=5 laps=5 crashes=0 avg_out=254.6s avg_ret=229.9s avg_lap=493.8s best_lap=483.6
t=3249.6 route=6 laps=8 crashes=0 avg_out=131.0s avg_ret=147.7s avg_lap=290.6s best_lap=280.0
t=3249.7 route=7 laps=7 crashes=0 avg_out=165.3s avg_ret=146.2s avg_lap=321.7s best_lap=306.9
t=3249.7 route=8 laps=5 crashes=1 avg_out=173.7s avg_ret=177.6s avg_lap=362.5s best_lap=357.3
t=3249.7 TOTAL laps=45 crashes=9
t=3249.7 TUNER gen=0 results=54/64 pending=10 active=12 remaining=10 next_trial=67 rounds=[8,8,8,8,8,8,8,8]
t=3251.1 CRASH craft=Aircraft_10_nav_r3_60 route=2 phase=2 t=3251.1
t=3265.3 LZ_REACHED craft=Aircraft_10_nav_r3_64 route=8 outbound=173.2s t=3265.3
t=3282.1 ==== SUMMARY t=3282.1 ====
t=3282.1 route=1 laps=7 crashes=0 avg_out=142.2s avg_ret=182.6s avg_lap=336.9s best_lap=311.0
t=3282.1 route=2 laps=4 crashes=3 avg_out=179.8s avg_ret=235.6s avg_lap=424.4s best_lap=410.8
t=3282.1 route=3 laps=2 crashes=6 avg_out=211.6s avg_ret=251.2s avg_lap=471.2s best_lap=463.2
t=3282.1 route=4 laps=7 crashes=0 avg_out=175.0s avg_ret=152.4s avg_lap=336.9s best_lap=325.7
t=3282.1 route=5 laps=5 crashes=0 avg_out=254.6s avg_ret=229.9s avg_lap=493.8s best_lap=483.6
t=3282.1 route=6 laps=8 crashes=0 avg_out=131.0s avg_ret=147.7s avg_lap=290.6s best_lap=280.0
t=3282.1 route=7 laps=7 crashes=0 avg_out=165.3s avg_ret=146.2s avg_lap=321.7s best_lap=306.9
t=3282.1 route=8 laps=5 crashes=1 avg_out=173.7s avg_ret=177.6s avg_lap=362.5s best_lap=357.3
t=3282.1 TOTAL laps=45 crashes=10
t=3282.1 TUNER gen=0 results=55/64 pending=9 active=11 remaining=9 next_trial=67 rounds=[8,8,8,8,8,8,8,8]
t=3299.1 LAP_CAPTURE craft=Aircraft_10_nav_r1_58 route=1 return=174.9s lap=329.6s carrier_dist=200m t=3299.1
t=3313.6 ==== SUMMARY t=3313.6 ====
t=3313.6 route=1 laps=8 crashes=0 avg_out=142.2s avg_ret=181.7s avg_lap=336.0s best_lap=311.0
t=3313.6 route=2 laps=4 crashes=3 avg_out=179.8s avg_ret=235.6s avg_lap=424.4s best_lap=410.8
t=3313.6 route=3 laps=2 crashes=6 avg_out=211.6s avg_ret=251.2s avg_lap=471.2s best_lap=463.2
t=3313.6 route=4 laps=7 crashes=0 avg_out=175.0s avg_ret=152.4s avg_lap=336.9s best_lap=325.7
t=3313.6 route=5 laps=5 crashes=0 avg_out=254.6s avg_ret=229.9s avg_lap=493.8s best_lap=483.6
t=3313.7 route=6 laps=8 crashes=0 avg_out=131.0s avg_ret=147.7s avg_lap=290.6s best_lap=280.0
t=3313.7 route=7 laps=7 crashes=0 avg_out=165.3s avg_ret=146.2s avg_lap=321.7s best_lap=306.9
t=3313.7 route=8 laps=5 crashes=1 avg_out=173.7s avg_ret=177.6s avg_lap=362.5s best_lap=357.3
t=3313.7 TOTAL laps=46 crashes=10
t=3313.7 TUNER gen=0 results=56/64 pending=8 active=11 remaining=8 next_trial=68 rounds=[8,8,8,8,8,8,8,8]
t=3318.1 SPAWN craft=Aircraft_10_nav_r1_67 route=1 candidate=1 trial=67 t=3318.1
t=3341.4 LZ_REACHED craft=Aircraft_10_nav_r3_63 route=5 outbound=270.4s t=3341.4
t=3343.8 ==== SUMMARY t=3343.8 ====
t=3343.8 route=1 laps=8 crashes=0 avg_out=142.2s avg_ret=181.7s avg_lap=336.0s best_lap=311.0
t=3343.8 route=2 laps=4 crashes=3 avg_out=179.8s avg_ret=235.6s avg_lap=424.4s best_lap=410.8
t=3343.8 route=3 laps=2 crashes=6 avg_out=211.6s avg_ret=251.2s avg_lap=471.2s best_lap=463.2
t=3343.8 route=4 laps=7 crashes=0 avg_out=175.0s avg_ret=152.4s avg_lap=336.9s best_lap=325.7
t=3343.8 route=5 laps=5 crashes=0 avg_out=256.6s avg_ret=229.9s avg_lap=493.8s best_lap=483.6
t=3343.8 route=6 laps=8 crashes=0 avg_out=131.0s avg_ret=147.7s avg_lap=290.6s best_lap=280.0
t=3343.8 route=7 laps=7 crashes=0 avg_out=165.3s avg_ret=146.2s avg_lap=321.7s best_lap=306.9
t=3343.8 route=8 laps=5 crashes=1 avg_out=173.7s avg_ret=177.6s avg_lap=362.5s best_lap=357.3
t=3343.8 TOTAL laps=46 crashes=10
t=3343.9 TUNER gen=0 results=56/64 pending=8 active=11 remaining=8 next_trial=68 rounds=[8,8,8,8,8,8,8,8]
t=3346.4 LZ_REACHED craft=Aircraft_10_nav_r3_65 route=3 outbound=216.8s t=3346.4
t=3350.0 LZ_REACHED craft=Aircraft_10_nav_r6_66 route=6 outbound=155.1s t=3350.0
t=3353.3 LAP_CAPTURE craft=Aircraft_10_nav_r2_56 route=2 return=252.7s lap=449.1s carrier_dist=200m t=3353.3
t=3358.5 LAUNCH_BLOCKED reason=landing_or_storage_busy active=10 stored=1 no_active_s=0.0 state=IDLE tractor_cleanup=false elevator_transfer=false deck=none pending=none clearance=Aircraft_10_nav_r3_59 queue=1
t=3365.3 LAP_CAPTURE craft=Aircraft_10_nav_r3_59 route=8 return=184.4s lap=375.7s carrier_dist=200m t=3365.3
t=3374.6 ==== SUMMARY t=3374.6 ====
t=3374.6 route=1 laps=8 crashes=0 avg_out=142.2s avg_ret=181.7s avg_lap=336.0s best_lap=311.0
t=3374.6 route=2 laps=5 crashes=3 avg_out=179.8s avg_ret=239.0s avg_lap=429.3s best_lap=410.8
t=3374.6 route=3 laps=2 crashes=6 avg_out=212.5s avg_ret=251.2s avg_lap=471.2s best_lap=463.2
t=3374.6 route=4 laps=7 crashes=0 avg_out=175.0s avg_ret=152.4s avg_lap=336.9s best_lap=325.7
t=3374.6 route=5 laps=5 crashes=0 avg_out=256.6s avg_ret=229.9s avg_lap=493.8s best_lap=483.6
t=3374.6 route=6 laps=8 crashes=0 avg_out=133.6s avg_ret=147.7s avg_lap=290.6s best_lap=280.0
t=3374.7 route=7 laps=7 crashes=0 avg_out=165.3s avg_ret=146.2s avg_lap=321.7s best_lap=306.9
t=3374.7 route=8 laps=6 crashes=1 avg_out=173.7s avg_ret=178.7s avg_lap=364.7s best_lap=357.3
t=3374.7 TOTAL laps=48 crashes=10
t=3374.7 TUNER gen=0 results=58/64 pending=6 active=9 remaining=6 next_trial=68 rounds=[8,8,8,8,8,8,8,8]
t=3383.1 LAP_CAPTURE craft=Aircraft_10_nav_r5_54 route=5 return=249.1s lap=519.3s carrier_dist=200m t=3383.1
t=3384.2 SPAWN craft=Aircraft_10_nav_r2_68 route=2 candidate=1 trial=68 t=3384.2
t=3385.7 LAP_CAPTURE craft=Aircraft_10_nav_r7_62 route=7 return=145.2s lap=335.4s carrier_dist=200m t=3385.7
t=3393.8 LAP_CAPTURE craft=Aircraft_10_nav_r4_61 route=4 return=159.2s lap=363.7s carrier_dist=200m t=3393.8
t=3399.0 LAUNCH_BLOCKED reason=deck_busy active=8 stored=1 no_active_s=0.0 state=AIRCRAFT_ON_DECK tractor_cleanup=false elevator_transfer=true deck=Aircraft_10_nav_r7_69 pending=none clearance=none queue=0
t=3404.2 SPAWN craft=Aircraft_10_nav_r7_69 route=7 candidate=1 trial=69 t=3404.2
t=3404.7 ==== SUMMARY t=3404.7 ====
t=3404.7 route=1 laps=8 crashes=0 avg_out=142.2s avg_ret=181.7s avg_lap=336.0s best_lap=311.0
t=3404.7 route=2 laps=5 crashes=3 avg_out=179.8s avg_ret=239.0s avg_lap=429.3s best_lap=410.8
t=3404.7 route=3 laps=2 crashes=6 avg_out=212.5s avg_ret=251.2s avg_lap=471.2s best_lap=463.2
t=3404.7 route=4 laps=8 crashes=0 avg_out=175.0s avg_ret=153.2s avg_lap=340.2s best_lap=325.7
t=3404.7 route=5 laps=6 crashes=0 avg_out=256.6s avg_ret=233.1s avg_lap=498.1s best_lap=483.6
t=3404.7 route=6 laps=8 crashes=0 avg_out=133.6s avg_ret=147.7s avg_lap=290.6s best_lap=280.0
t=3404.7 route=7 laps=8 crashes=0 avg_out=165.3s avg_ret=146.1s avg_lap=323.4s best_lap=306.9
t=3404.7 route=8 laps=6 crashes=1 avg_out=173.7s avg_ret=178.7s avg_lap=364.7s best_lap=357.3
t=3404.8 TOTAL laps=51 crashes=10
t=3404.8 TUNER gen=0 results=61/64 pending=3 active=8 remaining=3 next_trial=70 rounds=[8,8,8,8,8,8,8,8]
t=3424.7 SPAWN craft=Aircraft_10_nav_r4_70 route=4 candidate=1 trial=70 t=3424.7
t=3434.9 ==== SUMMARY t=3434.9 ====
t=3434.9 route=1 laps=8 crashes=0 avg_out=142.2s avg_ret=181.7s avg_lap=336.0s best_lap=311.0
t=3434.9 route=2 laps=5 crashes=3 avg_out=179.8s avg_ret=239.0s avg_lap=429.3s best_lap=410.8
t=3434.9 route=3 laps=2 crashes=6 avg_out=212.5s avg_ret=251.2s avg_lap=471.2s best_lap=463.2
t=3434.9 route=4 laps=8 crashes=0 avg_out=175.0s avg_ret=153.2s avg_lap=340.2s best_lap=325.7
t=3434.9 route=5 laps=6 crashes=0 avg_out=256.6s avg_ret=233.1s avg_lap=498.1s best_lap=483.6
t=3434.9 route=6 laps=8 crashes=0 avg_out=133.6s avg_ret=147.7s avg_lap=290.6s best_lap=280.0
t=3434.9 route=7 laps=8 crashes=0 avg_out=165.3s avg_ret=146.1s avg_lap=323.4s best_lap=306.9
t=3434.9 route=8 laps=6 crashes=1 avg_out=173.7s avg_ret=178.7s avg_lap=364.7s best_lap=357.3
t=3434.9 TOTAL laps=51 crashes=10
t=3434.9 TUNER gen=0 results=61/64 pending=3 active=9 remaining=3 next_trial=71 rounds=[8,8,8,8,8,8,8,8]
t=3455.3 LAP_CAPTURE craft=Aircraft_10_nav_r3_64 route=8 return=177.2s lap=363.2s carrier_dist=200m t=3455.3
t=3464.0 LAP_CAPTURE craft=Aircraft_10_nav_r3_57 route=5 return=235.7s lap=514.5s carrier_dist=200m t=3464.0
t=3465.0 ==== SUMMARY t=3465.0 ====
t=3465.0 route=1 laps=8 crashes=0 avg_out=142.2s avg_ret=181.7s avg_lap=336.0s best_lap=311.0
t=3465.0 route=2 laps=5 crashes=3 avg_out=179.8s avg_ret=239.0s avg_lap=429.3s best_lap=410.8
t=3465.0 route=3 laps=2 crashes=6 avg_out=212.5s avg_ret=251.2s avg_lap=471.2s best_lap=463.2
t=3465.0 route=4 laps=8 crashes=0 avg_out=175.0s avg_ret=153.2s avg_lap=340.2s best_lap=325.7
t=3465.0 route=5 laps=7 crashes=0 avg_out=256.6s avg_ret=233.5s avg_lap=500.4s best_lap=483.6
t=3465.1 route=6 laps=8 crashes=0 avg_out=133.6s avg_ret=147.7s avg_lap=290.6s best_lap=280.0
t=3465.1 route=7 laps=8 crashes=0 avg_out=165.3s avg_ret=146.1s avg_lap=323.4s best_lap=306.9
t=3465.1 route=8 laps=7 crashes=1 avg_out=173.7s avg_ret=178.5s avg_lap=364.5s best_lap=357.3
t=3465.1 TOTAL laps=53 crashes=10
t=3465.1 TUNER gen=0 results=63/64 pending=1 active=7 remaining=1 next_trial=71 rounds=[8,8,8,8,8,8,8,8]
t=3471.4 LZ_REACHED craft=Aircraft_10_nav_r1_67 route=1 outbound=153.3s t=3471.4
t=3474.8 SPAWN craft=Aircraft_10_nav_r8_71 route=8 candidate=1 trial=71 t=3474.8
t=3495.2 ==== SUMMARY t=3495.2 ====
t=3495.2 route=1 laps=8 crashes=0 avg_out=143.4s avg_ret=181.7s avg_lap=336.0s best_lap=311.0
t=3495.2 route=2 laps=5 crashes=3 avg_out=179.8s avg_ret=239.0s avg_lap=429.3s best_lap=410.8
t=3495.2 route=3 laps=2 crashes=6 avg_out=212.5s avg_ret=251.2s avg_lap=471.2s best_lap=463.2
t=3495.2 route=4 laps=8 crashes=0 avg_out=175.0s avg_ret=153.2s avg_lap=340.2s best_lap=325.7
t=3495.2 route=5 laps=7 crashes=0 avg_out=256.6s avg_ret=233.5s avg_lap=500.4s best_lap=483.6
t=3495.2 route=6 laps=8 crashes=0 avg_out=133.6s avg_ret=147.7s avg_lap=290.6s best_lap=280.0
t=3495.2 route=7 laps=8 crashes=0 avg_out=165.3s avg_ret=146.1s avg_lap=323.4s best_lap=306.9
t=3495.2 route=8 laps=7 crashes=1 avg_out=173.7s avg_ret=178.5s avg_lap=364.5s best_lap=357.3
t=3495.2 TOTAL laps=53 crashes=10
t=3495.3 TUNER gen=0 results=63/64 pending=1 active=8 remaining=1 next_trial=72 rounds=[8,8,8,8,8,8,8,8]
t=3505.5 LAP_CAPTURE craft=Aircraft_10_nav_r6_66 route=6 return=143.0s lap=310.5s carrier_dist=200m t=3505.5
t=3525.2 SPAWN craft=Aircraft_10_nav_r6_72 route=6 candidate=1 trial=72 t=3525.2
t=3525.4 ==== SUMMARY t=3525.4 ====
t=3525.4 route=1 laps=8 crashes=0 avg_out=143.4s avg_ret=181.7s avg_lap=336.0s best_lap=311.0
t=3525.4 route=2 laps=5 crashes=3 avg_out=179.8s avg_ret=239.0s avg_lap=429.3s best_lap=410.8
t=3525.4 route=3 laps=2 crashes=6 avg_out=212.5s avg_ret=251.2s avg_lap=471.2s best_lap=463.2
t=3525.4 route=4 laps=8 crashes=0 avg_out=175.0s avg_ret=153.2s avg_lap=340.2s best_lap=325.7
t=3525.4 route=5 laps=7 crashes=0 avg_out=256.6s avg_ret=233.5s avg_lap=500.4s best_lap=483.6
t=3525.4 route=6 laps=9 crashes=0 avg_out=133.6s avg_ret=147.2s avg_lap=292.9s best_lap=280.0
t=3525.4 route=7 laps=8 crashes=0 avg_out=165.3s avg_ret=146.1s avg_lap=323.4s best_lap=306.9
t=3525.4 route=8 laps=7 crashes=1 avg_out=173.7s avg_ret=178.5s avg_lap=364.5s best_lap=357.3
t=3525.4 TOTAL laps=54 crashes=10
t=3525.4 TUNER gen=0 results=63/64 pending=1 active=8 remaining=1 next_trial=73 rounds=[8,8,8,8,8,8,8,8]
t=3555.4 ==== SUMMARY t=3555.4 ====
t=3555.4 route=1 laps=8 crashes=0 avg_out=143.4s avg_ret=181.7s avg_lap=336.0s best_lap=311.0
t=3555.4 route=2 laps=5 crashes=3 avg_out=179.8s avg_ret=239.0s avg_lap=429.3s best_lap=410.8
t=3555.4 route=3 laps=2 crashes=6 avg_out=212.5s avg_ret=251.2s avg_lap=471.2s best_lap=463.2
t=3555.4 route=4 laps=8 crashes=0 avg_out=175.0s avg_ret=153.2s avg_lap=340.2s best_lap=325.7
t=3555.4 route=5 laps=7 crashes=0 avg_out=256.6s avg_ret=233.5s avg_lap=500.4s best_lap=483.6
t=3555.4 route=6 laps=9 crashes=0 avg_out=133.6s avg_ret=147.2s avg_lap=292.9s best_lap=280.0
t=3555.4 route=7 laps=8 crashes=0 avg_out=165.3s avg_ret=146.1s avg_lap=323.4s best_lap=306.9
t=3555.4 route=8 laps=7 crashes=1 avg_out=173.7s avg_ret=178.5s avg_lap=364.5s best_lap=357.3
t=3555.4 TOTAL laps=54 crashes=10
t=3555.4 TUNER gen=0 results=63/64 pending=1 active=8 remaining=1 next_trial=73 rounds=[8,8,8,8,8,8,8,8]
t=3562.8 LZ_REACHED craft=Aircraft_10_nav_r2_68 route=2 outbound=178.7s t=3562.8
t=3571.6 LZ_REACHED craft=Aircraft_10_nav_r7_69 route=7 outbound=167.4s t=3571.6
t=3585.4 ==== SUMMARY t=3585.4 ====
t=3585.4 route=1 laps=8 crashes=0 avg_out=143.4s avg_ret=181.7s avg_lap=336.0s best_lap=311.0
t=3585.4 route=2 laps=5 crashes=3 avg_out=179.7s avg_ret=239.0s avg_lap=429.3s best_lap=410.8
t=3585.5 route=3 laps=2 crashes=6 avg_out=212.5s avg_ret=251.2s avg_lap=471.2s best_lap=463.2
t=3585.5 route=4 laps=8 crashes=0 avg_out=175.0s avg_ret=153.2s avg_lap=340.2s best_lap=325.7
t=3585.5 route=5 laps=7 crashes=0 avg_out=256.6s avg_ret=233.5s avg_lap=500.4s best_lap=483.6
t=3585.5 route=6 laps=9 crashes=0 avg_out=133.6s avg_ret=147.2s avg_lap=292.9s best_lap=280.0
t=3585.5 route=7 laps=8 crashes=0 avg_out=165.5s avg_ret=146.1s avg_lap=323.4s best_lap=306.9
t=3585.5 route=8 laps=7 crashes=1 avg_out=173.7s avg_ret=178.5s avg_lap=364.5s best_lap=357.3
t=3585.5 TOTAL laps=54 crashes=10
t=3585.5 TUNER gen=0 results=63/64 pending=1 active=8 remaining=1 next_trial=73 rounds=[8,8,8,8,8,8,8,8]
t=3594.2 LAP_CAPTURE craft=Aircraft_10_nav_r3_63 route=5 return=240.3s lap=523.1s carrier_dist=200m t=3594.1
t=3597.8 LZ_REACHED craft=Aircraft_10_nav_r4_70 route=4 outbound=173.0s t=3597.8
t=3611.1 SPAWN craft=Aircraft_10_nav_r5_73 route=5 candidate=5 trial=73 t=3611.1
t=3612.1 CRASH craft=Aircraft_10_nav_r2_68 route=2 phase=2 t=3612.1
t=3613.8 LAP_CAPTURE craft=Aircraft_10_nav_r3_65 route=3 return=255.1s lap=484.3s carrier_dist=200m t=3613.8
t=3616.0 ==== SUMMARY t=3616.0 ====
t=3616.0 route=1 laps=8 crashes=0 avg_out=143.4s avg_ret=181.7s avg_lap=336.0s best_lap=311.0
t=3616.0 route=2 laps=5 crashes=4 avg_out=179.7s avg_ret=239.0s avg_lap=429.3s best_lap=410.8
t=3616.0 route=3 laps=3 crashes=6 avg_out=212.5s avg_ret=252.5s avg_lap=475.6s best_lap=463.2
t=3616.0 route=4 laps=8 crashes=0 avg_out=174.7s avg_ret=153.2s avg_lap=340.2s best_lap=325.7
t=3616.0 route=5 laps=8 crashes=0 avg_out=256.6s avg_ret=234.3s avg_lap=503.2s best_lap=483.6
t=3616.1 route=6 laps=9 crashes=0 avg_out=133.6s avg_ret=147.2s avg_lap=292.9s best_lap=280.0
t=3616.1 route=7 laps=8 crashes=0 avg_out=165.5s avg_ret=146.1s avg_lap=323.4s best_lap=306.9
t=3616.1 route=8 laps=7 crashes=1 avg_out=173.7s avg_ret=178.5s avg_lap=364.5s best_lap=357.3
t=3616.1 TOTAL laps=56 crashes=11
t=3616.1 TUNER gen=1 results=0/64 pending=1 active=6 remaining=64 next_trial=74 rounds=[0,0,0,0,1,0,0,0]
t=3620.9 LAUNCH_BLOCKED reason=deck_busy active=7 stored=1 no_active_s=0.0 state=RETRIEVING_FROM_HANGAR tractor_cleanup=false elevator_transfer=false deck=Aircraft_10_nav_r2_74 pending=none clearance=none queue=0
t=3631.2 SPAWN craft=Aircraft_10_nav_r2_74 route=2 candidate=2 trial=74 t=3631.2
t=3636.0 LAUNCH_BLOCKED reason=landing_or_storage_busy active=7 stored=1 no_active_s=0.0 state=IDLE tractor_cleanup=false elevator_transfer=false deck=Aircraft_10_nav_r2_74 pending=none clearance=Aircraft_10_nav_r1_67 queue=0
t=3646.1 ==== SUMMARY t=3646.1 ====
t=3646.1 route=1 laps=8 crashes=0 avg_out=143.4s avg_ret=181.7s avg_lap=336.0s best_lap=311.0
t=3646.1 route=2 laps=5 crashes=4 avg_out=179.7s avg_ret=239.0s avg_lap=429.3s best_lap=410.8
t=3646.1 route=3 laps=3 crashes=6 avg_out=212.5s avg_ret=252.5s avg_lap=475.6s best_lap=463.2
t=3646.1 route=4 laps=8 crashes=0 avg_out=174.7s avg_ret=153.2s avg_lap=340.2s best_lap=325.7
t=3646.1 route=5 laps=8 crashes=0 avg_out=256.6s avg_ret=234.3s avg_lap=503.2s best_lap=483.6
t=3646.1 route=6 laps=9 crashes=0 avg_out=133.6s avg_ret=147.2s avg_lap=292.9s best_lap=280.0
t=3646.1 route=7 laps=8 crashes=0 avg_out=165.5s avg_ret=146.1s avg_lap=323.4s best_lap=306.9
t=3646.1 route=8 laps=7 crashes=1 avg_out=173.7s avg_ret=178.5s avg_lap=364.5s best_lap=357.3
t=3646.1 TOTAL laps=56 crashes=11
t=3646.1 TUNER gen=1 results=0/64 pending=2 active=7 remaining=64 next_trial=75 rounds=[0,1,0,0,1,0,0,0]
t=3648.8 LZ_REACHED craft=Aircraft_10_nav_r6_72 route=6 outbound=123.6s t=3648.8
t=3649.2 LAP_CAPTURE craft=Aircraft_10_nav_r1_67 route=1 return=165.8s lap=331.1s carrier_dist=200m t=3649.2
t=3649.3 LZ_REACHED craft=Aircraft_10_nav_r8_71 route=8 outbound=174.4s t=3649.3
t=3651.1 LAUNCH_BLOCKED reason=cleared_unready_nav_deck_aircraft active=6 stored=1 no_active_s=0.0 state=IDLE tractor_cleanup=false elevator_transfer=false deck=Aircraft_10_nav_r2_74 pending=none clearance=none queue=0
t=3672.1 LAUNCH_BLOCKED reason=deck_busy active=7 stored=1 no_active_s=0.0 state=AIRCRAFT_ON_DECK tractor_cleanup=false elevator_transfer=false deck=Aircraft_10_nav_r3_75 pending=none clearance=none queue=0
t=3672.3 SPAWN craft=Aircraft_10_nav_r3_75 route=3 candidate=3 trial=75 t=3672.3
t=3682.2 ==== SUMMARY t=3682.2 ====
t=3682.2 route=1 laps=9 crashes=0 avg_out=143.4s avg_ret=179.9s avg_lap=335.4s best_lap=311.0
t=3682.2 route=2 laps=5 crashes=4 avg_out=179.7s avg_ret=239.0s avg_lap=429.3s best_lap=410.8
t=3682.3 route=3 laps=3 crashes=6 avg_out=212.5s avg_ret=252.5s avg_lap=475.6s best_lap=463.2
t=3682.3 route=4 laps=8 crashes=0 avg_out=174.7s avg_ret=153.2s avg_lap=340.2s best_lap=325.7
t=3682.3 route=5 laps=8 crashes=0 avg_out=256.6s avg_ret=234.3s avg_lap=503.2s best_lap=483.6
t=3682.3 route=6 laps=9 crashes=0 avg_out=132.6s avg_ret=147.2s avg_lap=292.9s best_lap=280.0
t=3682.3 route=7 laps=8 crashes=0 avg_out=165.5s avg_ret=146.1s avg_lap=323.4s best_lap=306.9
t=3682.3 route=8 laps=7 crashes=1 avg_out=173.8s avg_ret=178.5s avg_lap=364.5s best_lap=357.3
t=3682.3 TOTAL laps=57 crashes=11
t=3682.3 TUNER gen=1 results=0/64 pending=3 active=7 remaining=64 next_trial=76 rounds=[0,1,1,0,1,0,0,0]
t=3693.1 SPAWN craft=Aircraft_10_nav_r1_76 route=1 candidate=1 trial=76 t=3693.1
t=3712.8 ==== SUMMARY t=3712.8 ====
t=3712.8 route=1 laps=9 crashes=0 avg_out=143.4s avg_ret=179.9s avg_lap=335.4s best_lap=311.0
t=3712.8 route=2 laps=5 crashes=4 avg_out=179.7s avg_ret=239.0s avg_lap=429.3s best_lap=410.8
t=3712.8 route=3 laps=3 crashes=6 avg_out=212.5s avg_ret=252.5s avg_lap=475.6s best_lap=463.2
t=3712.8 route=4 laps=8 crashes=0 avg_out=174.7s avg_ret=153.2s avg_lap=340.2s best_lap=325.7
t=3712.8 route=5 laps=8 crashes=0 avg_out=256.6s avg_ret=234.3s avg_lap=503.2s best_lap=483.6
t=3712.9 route=6 laps=9 crashes=0 avg_out=132.6s avg_ret=147.2s avg_lap=292.9s best_lap=280.0
t=3712.9 route=7 laps=8 crashes=0 avg_out=165.5s avg_ret=146.1s avg_lap=323.4s best_lap=306.9
t=3712.9 route=8 laps=7 crashes=1 avg_out=173.8s avg_ret=178.5s avg_lap=364.5s best_lap=357.3
t=3712.9 TOTAL laps=57 crashes=11
t=3712.9 TUNER gen=1 results=0/64 pending=4 active=8 remaining=64 next_trial=77 rounds=[1,1,1,0,1,0,0,0]
t=3737.2 LAP_CAPTURE craft=Aircraft_10_nav_r7_69 route=7 return=153.5s lap=333.0s carrier_dist=200m t=3737.2
t=3742.9 ==== SUMMARY t=3742.9 ====
t=3742.9 route=1 laps=9 crashes=0 avg_out=143.4s avg_ret=179.9s avg_lap=335.4s best_lap=311.0
t=3742.9 route=2 laps=5 crashes=4 avg_out=179.7s avg_ret=239.0s avg_lap=429.3s best_lap=410.8
t=3742.9 route=3 laps=3 crashes=6 avg_out=212.5s avg_ret=252.5s avg_lap=475.6s best_lap=463.2
t=3742.9 route=4 laps=8 crashes=0 avg_out=174.7s avg_ret=153.2s avg_lap=340.2s best_lap=325.7
t=3742.9 route=5 laps=8 crashes=0 avg_out=256.6s avg_ret=234.3s avg_lap=503.2s best_lap=483.6
t=3742.9 route=6 laps=9 crashes=0 avg_out=132.6s avg_ret=147.2s avg_lap=292.9s best_lap=280.0
t=3742.9 route=7 laps=9 crashes=0 avg_out=165.5s avg_ret=146.9s avg_lap=324.5s best_lap=306.9
t=3742.9 route=8 laps=7 crashes=1 avg_out=173.8s avg_ret=178.5s avg_lap=364.5s best_lap=357.3
t=3742.9 TOTAL laps=58 crashes=11
t=3742.9 TUNER gen=1 results=0/64 pending=4 active=7 remaining=64 next_trial=77 rounds=[1,1,1,0,1,0,0,0]
t=3753.5 SPAWN craft=Aircraft_10_nav_r7_77 route=7 candidate=7 trial=77 t=3753.5
t=3768.9 LAP_CAPTURE craft=Aircraft_10_nav_r4_70 route=4 return=158.8s lap=344.2s carrier_dist=200m t=3768.9
t=3772.9 ==== SUMMARY t=3772.9 ====
t=3772.9 route=1 laps=9 crashes=0 avg_out=143.4s avg_ret=179.9s avg_lap=335.4s best_lap=311.0
t=3772.9 route=2 laps=5 crashes=4 avg_out=179.7s avg_ret=239.0s avg_lap=429.3s best_lap=410.8
t=3772.9 route=3 laps=3 crashes=6 avg_out=212.5s avg_ret=252.5s avg_lap=475.6s best_lap=463.2
t=3772.9 route=4 laps=9 crashes=0 avg_out=174.7s avg_ret=153.8s avg_lap=340.7s best_lap=325.7
t=3772.9 route=5 laps=8 crashes=0 avg_out=256.6s avg_ret=234.3s avg_lap=503.2s best_lap=483.6
t=3773.0 route=6 laps=9 crashes=0 avg_out=132.6s avg_ret=147.2s avg_lap=292.9s best_lap=280.0
t=3773.0 route=7 laps=9 crashes=0 avg_out=165.5s avg_ret=146.9s avg_lap=324.5s best_lap=306.9
t=3773.0 route=8 laps=7 crashes=1 avg_out=173.8s avg_ret=178.5s avg_lap=364.5s best_lap=357.3
t=3773.0 TOTAL laps=59 crashes=11
t=3773.0 TUNER gen=1 results=0/64 pending=5 active=7 remaining=64 next_trial=78 rounds=[1,1,1,0,1,0,1,0]
t=3788.5 SPAWN craft=Aircraft_10_nav_r4_78 route=4 candidate=4 trial=78 t=3788.5
t=3803.0 ==== SUMMARY t=3803.0 ====
t=3803.0 route=1 laps=9 crashes=0 avg_out=143.4s avg_ret=179.9s avg_lap=335.4s best_lap=311.0
t=3803.0 route=2 laps=5 crashes=4 avg_out=179.7s avg_ret=239.0s avg_lap=429.3s best_lap=410.8
t=3803.0 route=3 laps=3 crashes=6 avg_out=212.5s avg_ret=252.5s avg_lap=475.6s best_lap=463.2
t=3803.0 route=4 laps=9 crashes=0 avg_out=174.7s avg_ret=153.8s avg_lap=340.7s best_lap=325.7
t=3803.0 route=5 laps=8 crashes=0 avg_out=256.6s avg_ret=234.3s avg_lap=503.2s best_lap=483.6
t=3803.0 route=6 laps=9 crashes=0 avg_out=132.6s avg_ret=147.2s avg_lap=292.9s best_lap=280.0
t=3803.0 route=7 laps=9 crashes=0 avg_out=165.5s avg_ret=146.9s avg_lap=324.5s best_lap=306.9
t=3803.0 route=8 laps=7 crashes=1 avg_out=173.8s avg_ret=178.5s avg_lap=364.5s best_lap=357.3
t=3803.0 TOTAL laps=59 crashes=11
t=3803.0 TUNER gen=1 results=0/64 pending=6 active=8 remaining=64 next_trial=79 rounds=[1,1,1,1,1,0,1,0]
t=3815.6 LAP_CAPTURE craft=Aircraft_10_nav_r6_72 route=6 return=154.5s lap=290.3s carrier_dist=200m t=3815.6
t=3816.6 LZ_REACHED craft=Aircraft_10_nav_r2_74 route=2 outbound=185.4s t=3816.6
t=3831.3 LZ_REACHED craft=Aircraft_10_nav_r1_76 route=1 outbound=138.2s t=3831.3
t=3833.0 ==== SUMMARY t=3833.0 ====
t=3833.0 route=1 laps=9 crashes=0 avg_out=142.9s avg_ret=179.9s avg_lap=335.4s best_lap=311.0
t=3833.1 route=2 laps=5 crashes=4 avg_out=180.3s avg_ret=239.0s avg_lap=429.3s best_lap=410.8
t=3833.1 route=3 laps=3 crashes=6 avg_out=212.5s avg_ret=252.5s avg_lap=475.6s best_lap=463.2
t=3833.1 route=4 laps=9 crashes=0 avg_out=174.7s avg_ret=153.8s avg_lap=340.7s best_lap=325.7
t=3833.1 route=5 laps=8 crashes=0 avg_out=256.6s avg_ret=234.3s avg_lap=503.2s best_lap=483.6
t=3833.1 route=6 laps=10 crashes=0 avg_out=132.6s avg_ret=147.9s avg_lap=292.6s best_lap=280.0
t=3833.1 route=7 laps=9 crashes=0 avg_out=165.5s avg_ret=146.9s avg_lap=324.5s best_lap=306.9
t=3833.1 route=8 laps=7 crashes=1 avg_out=173.8s avg_ret=178.5s avg_lap=364.5s best_lap=357.3
t=3833.1 TOTAL laps=60 crashes=11
t=3833.1 TUNER gen=1 results=0/64 pending=7 active=8 remaining=64 next_trial=80 rounds=[1,1,1,1,1,1,1,0]
t=3833.8 SPAWN craft=Aircraft_10_nav_r6_79 route=6 candidate=6 trial=79 t=3833.8
t=3847.8 LAP_CAPTURE craft=Aircraft_10_nav_r8_71 route=8 return=186.4s lap=372.9s carrier_dist=200m t=3847.8
t=3863.2 ==== SUMMARY t=3863.2 ====
t=3863.2 route=1 laps=9 crashes=0 avg_out=142.9s avg_ret=179.9s avg_lap=335.4s best_lap=311.0
t=3863.2 route=2 laps=5 crashes=4 avg_out=180.3s avg_ret=239.0s avg_lap=429.3s best_lap=410.8
t=3863.2 route=3 laps=3 crashes=6 avg_out=212.5s avg_ret=252.5s avg_lap=475.6s best_lap=463.2
t=3863.2 route=4 laps=9 crashes=0 avg_out=174.7s avg_ret=153.8s avg_lap=340.7s best_lap=325.7
t=3863.2 route=5 laps=8 crashes=0 avg_out=256.6s avg_ret=234.3s avg_lap=503.2s best_lap=483.6
t=3863.3 route=6 laps=10 crashes=0 avg_out=132.6s avg_ret=147.9s avg_lap=292.6s best_lap=280.0
t=3863.3 route=7 laps=9 crashes=0 avg_out=165.5s avg_ret=146.9s avg_lap=324.5s best_lap=306.9
t=3863.3 route=8 laps=8 crashes=1 avg_out=173.8s avg_ret=179.5s avg_lap=365.5s best_lap=357.3
t=3863.3 TOTAL laps=61 crashes=11
t=3863.3 TUNER gen=1 results=0/64 pending=8 active=8 remaining=64 next_trial=81 rounds=[1,1,1,1,1,1,1,1]
t=3864.2 SPAWN craft=Aircraft_10_nav_r8_80 route=8 candidate=8 trial=80 t=3864.2
t=3865.0 LZ_REACHED craft=Aircraft_10_nav_r3_75 route=3 outbound=192.7s t=3865.0
t=3865.1 CRASH craft=Aircraft_10_nav_r2_74 route=2 phase=2 t=3865.1
t=3876.5 LZ_REACHED craft=Aircraft_10_nav_r5_73 route=5 outbound=265.4s t=3876.5
t=3884.1 SPAWN craft=Aircraft_10_nav_r2_81 route=2 candidate=3 trial=81 t=3884.1
t=3893.4 ==== SUMMARY t=3893.4 ====
t=3893.4 route=1 laps=9 crashes=0 avg_out=142.9s avg_ret=179.9s avg_lap=335.4s best_lap=311.0
t=3893.4 route=2 laps=5 crashes=5 avg_out=180.3s avg_ret=239.0s avg_lap=429.3s best_lap=410.8
t=3893.5 route=3 laps=3 crashes=6 avg_out=209.6s avg_ret=252.5s avg_lap=475.6s best_lap=463.2
t=3893.5 route=4 laps=9 crashes=0 avg_out=174.7s avg_ret=153.8s avg_lap=340.7s best_lap=325.7
t=3893.5 route=5 laps=8 crashes=0 avg_out=257.6s avg_ret=234.3s avg_lap=503.2s best_lap=483.6
t=3893.5 route=6 laps=10 crashes=0 avg_out=132.6s avg_ret=147.9s avg_lap=292.6s best_lap=280.0
t=3893.5 route=7 laps=9 crashes=0 avg_out=165.5s avg_ret=146.9s avg_lap=324.5s best_lap=306.9
t=3893.5 route=8 laps=8 crashes=1 avg_out=173.8s avg_ret=179.5s avg_lap=365.5s best_lap=357.3
t=3893.5 TOTAL laps=61 crashes=12
t=3893.5 TUNER gen=1 results=1/64 pending=8 active=8 remaining=63 next_trial=82 rounds=[1,2,1,1,1,1,1,1]
t=3922.9 CRASH craft=Aircraft_10_nav_r3_75 route=3 phase=2 t=3922.9
t=3923.4 ==== SUMMARY t=3923.4 ====
t=3923.5 route=1 laps=9 crashes=0 avg_out=142.9s avg_ret=179.9s avg_lap=335.4s best_lap=311.0
t=3923.5 route=2 laps=5 crashes=5 avg_out=180.3s avg_ret=239.0s avg_lap=429.3s best_lap=410.8
t=3923.5 route=3 laps=3 crashes=7 avg_out=209.6s avg_ret=252.5s avg_lap=475.6s best_lap=463.2
t=3923.5 route=4 laps=9 crashes=0 avg_out=174.7s avg_ret=153.8s avg_lap=340.7s best_lap=325.7
t=3923.5 route=5 laps=8 crashes=0 avg_out=257.6s avg_ret=234.3s avg_lap=503.2s best_lap=483.6
t=3923.5 route=6 laps=10 crashes=0 avg_out=132.6s avg_ret=147.9s avg_lap=292.6s best_lap=280.0
t=3923.5 route=7 laps=9 crashes=0 avg_out=165.5s avg_ret=146.9s avg_lap=324.5s best_lap=306.9
t=3923.5 route=8 laps=8 crashes=1 avg_out=173.8s avg_ret=179.5s avg_lap=365.5s best_lap=357.3
t=3923.5 TOTAL laps=61 crashes=13
t=3923.5 TUNER gen=1 results=2/64 pending=7 active=7 remaining=62 next_trial=82 rounds=[1,2,1,1,1,1,1,1]
t=3926.1 LZ_REACHED craft=Aircraft_10_nav_r7_77 route=7 outbound=172.6s t=3926.1
t=3939.6 SPAWN craft=Aircraft_10_nav_r3_82 route=3 candidate=4 trial=82 t=3939.6
t=3953.6 ==== SUMMARY t=3953.6 ====
t=3953.6 route=1 laps=9 crashes=0 avg_out=142.9s avg_ret=179.9s avg_lap=335.4s best_lap=311.0
t=3953.6 route=2 laps=5 crashes=5 avg_out=180.3s avg_ret=239.0s avg_lap=429.3s best_lap=410.8
t=3953.6 route=3 laps=3 crashes=7 avg_out=209.6s avg_ret=252.5s avg_lap=475.6s best_lap=463.2
t=3953.6 route=4 laps=9 crashes=0 avg_out=174.7s avg_ret=153.8s avg_lap=340.7s best_lap=325.7
t=3953.6 route=5 laps=8 crashes=0 avg_out=257.6s avg_ret=234.3s avg_lap=503.2s best_lap=483.6
t=3953.6 route=6 laps=10 crashes=0 avg_out=132.6s avg_ret=147.9s avg_lap=292.6s best_lap=280.0
t=3953.7 route=7 laps=9 crashes=0 avg_out=166.2s avg_ret=146.9s avg_lap=324.5s best_lap=306.9
t=3953.7 route=8 laps=8 crashes=1 avg_out=173.8s avg_ret=179.5s avg_lap=365.5s best_lap=357.3
t=3953.7 TOTAL laps=61 crashes=13
t=3953.7 TUNER gen=1 results=2/64 pending=8 active=8 remaining=62 next_trial=83 rounds=[1,2,2,1,1,1,1,1]
t=3962.8 LZ_REACHED craft=Aircraft_10_nav_r4_78 route=4 outbound=174.3s t=3962.8
t=3975.1 LZ_REACHED craft=Aircraft_10_nav_r6_79 route=6 outbound=141.3s t=3975.1
t=3983.7 ==== SUMMARY t=3983.7 ====
t=3983.7 route=1 laps=9 crashes=0 avg_out=142.9s avg_ret=179.9s avg_lap=335.4s best_lap=311.0
t=3983.7 route=2 laps=5 crashes=5 avg_out=180.3s avg_ret=239.0s avg_lap=429.3s best_lap=410.8
t=3983.7 route=3 laps=3 crashes=7 avg_out=209.6s avg_ret=252.5s avg_lap=475.6s best_lap=463.2
t=3983.7 route=4 laps=9 crashes=0 avg_out=174.7s avg_ret=153.8s avg_lap=340.7s best_lap=325.7
t=3983.7 route=5 laps=8 crashes=0 avg_out=257.6s avg_ret=234.3s avg_lap=503.2s best_lap=483.6
t=3983.7 route=6 laps=10 crashes=0 avg_out=133.4s avg_ret=147.9s avg_lap=292.6s best_lap=280.0
t=3983.7 route=7 laps=9 crashes=0 avg_out=166.2s avg_ret=146.9s avg_lap=324.5s best_lap=306.9
t=3983.7 route=8 laps=8 crashes=1 avg_out=173.8s avg_ret=179.5s avg_lap=365.5s best_lap=357.3
t=3983.7 TOTAL laps=61 crashes=13
t=3983.7 TUNER gen=1 results=2/64 pending=8 active=8 remaining=62 next_trial=83 rounds=[1,2,2,1,1,1,1,1]
t=4006.4 LAP_CAPTURE craft=Aircraft_10_nav_r1_76 route=1 return=163.1s lap=313.3s carrier_dist=200m t=4006.4
t=4013.8 ==== SUMMARY t=4013.8 ====
t=4013.8 route=1 laps=10 crashes=0 avg_out=142.9s avg_ret=178.2s avg_lap=333.2s best_lap=311.0
t=4013.8 route=2 laps=5 crashes=5 avg_out=180.3s avg_ret=239.0s avg_lap=429.3s best_lap=410.8
t=4013.8 route=3 laps=3 crashes=7 avg_out=209.6s avg_ret=252.5s avg_lap=475.6s best_lap=463.2
t=4013.8 route=4 laps=9 crashes=0 avg_out=174.7s avg_ret=153.8s avg_lap=340.7s best_lap=325.7
t=4013.8 route=5 laps=8 crashes=0 avg_out=257.6s avg_ret=234.3s avg_lap=503.2s best_lap=483.6
t=4013.8 route=6 laps=10 crashes=0 avg_out=133.4s avg_ret=147.9s avg_lap=292.6s best_lap=280.0
t=4013.8 route=7 laps=9 crashes=0 avg_out=166.2s avg_ret=146.9s avg_lap=324.5s best_lap=306.9
t=4013.8 route=8 laps=8 crashes=1 avg_out=173.8s avg_ret=179.5s avg_lap=365.5s best_lap=357.3
t=4013.8 TOTAL laps=62 crashes=13
t=4013.8 TUNER gen=1 results=3/64 pending=7 active=7 remaining=61 next_trial=83 rounds=[1,2,2,1,1,1,1,1]
t=4025.0 SPAWN craft=Aircraft_10_nav_r1_83 route=1 candidate=2 trial=83 t=4025.0
t=4039.9 LZ_REACHED craft=Aircraft_10_nav_r8_80 route=8 outbound=175.7s t=4039.9
t=4043.8 ==== SUMMARY t=4043.8 ====
t=4043.8 route=1 laps=10 crashes=0 avg_out=142.9s avg_ret=178.2s avg_lap=333.2s best_lap=311.0
t=4043.8 route=2 laps=5 crashes=5 avg_out=180.3s avg_ret=239.0s avg_lap=429.3s best_lap=410.8
t=4043.8 route=3 laps=3 crashes=7 avg_out=209.6s avg_ret=252.5s avg_lap=475.6s best_lap=463.2
t=4043.8 route=4 laps=9 crashes=0 avg_out=174.7s avg_ret=153.8s avg_lap=340.7s best_lap=325.7
t=4043.8 route=5 laps=8 crashes=0 avg_out=257.6s avg_ret=234.3s avg_lap=503.2s best_lap=483.6
t=4043.8 route=6 laps=10 crashes=0 avg_out=133.4s avg_ret=147.9s avg_lap=292.6s best_lap=280.0
t=4043.8 route=7 laps=9 crashes=0 avg_out=166.2s avg_ret=146.9s avg_lap=324.5s best_lap=306.9
t=4043.8 route=8 laps=8 crashes=1 avg_out=173.9s avg_ret=179.5s avg_lap=365.5s best_lap=357.3
t=4043.8 TOTAL laps=62 crashes=13
t=4043.8 TUNER gen=1 results=3/64 pending=8 active=8 remaining=61 next_trial=84 rounds=[2,2,2,1,1,1,1,1]
t=4059.1 LZ_REACHED craft=Aircraft_10_nav_r2_81 route=2 outbound=174.9s t=4059.1
t=4073.9 ==== SUMMARY t=4073.9 ====
t=4073.9 route=1 laps=10 crashes=0 avg_out=142.9s avg_ret=178.2s avg_lap=333.2s best_lap=311.0
t=4073.9 route=2 laps=5 crashes=5 avg_out=179.8s avg_ret=239.0s avg_lap=429.3s best_lap=410.8
t=4073.9 route=3 laps=3 crashes=7 avg_out=209.6s avg_ret=252.5s avg_lap=475.6s best_lap=463.2
t=4073.9 route=4 laps=9 crashes=0 avg_out=174.7s avg_ret=153.8s avg_lap=340.7s best_lap=325.7
t=4074.0 route=5 laps=8 crashes=0 avg_out=257.6s avg_ret=234.3s avg_lap=503.2s best_lap=483.6
t=4074.0 route=6 laps=10 crashes=0 avg_out=133.4s avg_ret=147.9s avg_lap=292.6s best_lap=280.0
t=4074.0 route=7 laps=9 crashes=0 avg_out=166.2s avg_ret=146.9s avg_lap=324.5s best_lap=306.9
t=4074.0 route=8 laps=8 crashes=1 avg_out=173.9s avg_ret=179.5s avg_lap=365.5s best_lap=357.3
t=4074.0 TOTAL laps=62 crashes=13
t=4074.0 TUNER gen=1 results=3/64 pending=8 active=8 remaining=61 next_trial=84 rounds=[2,2,2,1,1,1,1,1]
t=4084.0 LAP_CAPTURE craft=Aircraft_10_nav_r7_77 route=7 return=145.9s lap=330.5s carrier_dist=200m t=4084.0
t=4097.8 CRASH craft=Aircraft_10_nav_r3_82 route=3 phase=0 t=4097.8
t=4100.5 SPAWN craft=Aircraft_10_nav_r7_84 route=7 candidate=8 trial=84 t=4100.5
t=4104.0 ==== SUMMARY t=4104.0 ====
t=4104.0 route=1 laps=10 crashes=0 avg_out=142.9s avg_ret=178.2s avg_lap=333.2s best_lap=311.0
t=4104.0 route=2 laps=5 crashes=5 avg_out=179.8s avg_ret=239.0s avg_lap=429.3s best_lap=410.8
t=4104.0 route=3 laps=3 crashes=8 avg_out=209.6s avg_ret=252.5s avg_lap=475.6s best_lap=463.2
t=4104.0 route=4 laps=9 crashes=0 avg_out=174.7s avg_ret=153.8s avg_lap=340.7s best_lap=325.7
t=4104.0 route=5 laps=8 crashes=0 avg_out=257.6s avg_ret=234.3s avg_lap=503.2s best_lap=483.6
t=4104.0 route=6 laps=10 crashes=0 avg_out=133.4s avg_ret=147.9s avg_lap=292.6s best_lap=280.0
t=4104.0 route=7 laps=10 crashes=0 avg_out=166.2s avg_ret=146.8s avg_lap=325.1s best_lap=306.9
t=4104.0 route=8 laps=8 crashes=1 avg_out=173.9s avg_ret=179.5s avg_lap=365.5s best_lap=357.3
t=4104.0 TOTAL laps=63 crashes=14
t=4104.0 TUNER gen=1 results=5/64 pending=7 active=7 remaining=59 next_trial=85 rounds=[2,2,2,1,1,1,2,1]
t=4105.2 LAUNCH_BLOCKED reason=cleared_unready_nav_deck_aircraft active=7 stored=1 no_active_s=0.0 state=IDLE tractor_cleanup=false elevator_transfer=false deck=Aircraft_10_nav_r7_84 pending=none clearance=none queue=0
t=4116.9 LAP_CAPTURE craft=Aircraft_10_nav_r5_73 route=5 return=228.4s lap=505.9s carrier_dist=200m t=4116.9
t=4120.6 SPAWN craft=Aircraft_10_nav_r3_85 route=3 candidate=5 trial=85 t=4120.6
t=4124.6 LAP_CAPTURE craft=Aircraft_10_nav_r4_78 route=4 return=149.8s lap=336.1s carrier_dist=200m t=4124.6
t=4125.3 LAUNCH_BLOCKED reason=cleared_unready_nav_deck_aircraft active=6 stored=1 no_active_s=0.0 state=IDLE tractor_cleanup=false elevator_transfer=false deck=Aircraft_10_nav_r3_85 pending=none clearance=none queue=0
t=4126.6 LAP_CAPTURE craft=Aircraft_10_nav_r6_79 route=6 return=139.6s lap=292.9s carrier_dist=200m t=4126.6
t=4134.1 ==== SUMMARY t=4134.1 ====
t=4134.1 route=1 laps=10 crashes=0 avg_out=142.9s avg_ret=178.2s avg_lap=333.2s best_lap=311.0
t=4134.1 route=2 laps=5 crashes=5 avg_out=179.8s avg_ret=239.0s avg_lap=429.3s best_lap=410.8
t=4134.1 route=3 laps=3 crashes=8 avg_out=209.6s avg_ret=252.5s avg_lap=475.6s best_lap=463.2
t=4134.1 route=4 laps=10 crashes=0 avg_out=174.7s avg_ret=153.4s avg_lap=340.2s best_lap=325.7
t=4134.1 route=5 laps=9 crashes=0 avg_out=257.6s avg_ret=233.7s avg_lap=503.5s best_lap=483.6
t=4134.1 route=6 laps=11 crashes=0 avg_out=133.4s avg_ret=147.1s avg_lap=292.6s best_lap=280.0
t=4134.1 route=7 laps=10 crashes=0 avg_out=166.2s avg_ret=146.8s avg_lap=325.1s best_lap=306.9
t=4134.1 route=8 laps=8 crashes=1 avg_out=173.9s avg_ret=179.5s avg_lap=365.5s best_lap=357.3
t=4134.1 TOTAL laps=66 crashes=14
t=4134.1 TUNER gen=1 results=8/64 pending=6 active=6 remaining=56 next_trial=87 rounds=[2,2,3,1,2,1,2,1]
t=4140.4 LAUNCH_BLOCKED reason=deck_busy active=6 stored=2 no_active_s=0.0 state=AIRCRAFT_ON_DECK tractor_cleanup=false elevator_transfer=false deck=Aircraft_10_nav_r5_86 pending=none clearance=none queue=0
t=4140.6 SPAWN craft=Aircraft_10_nav_r5_86 route=5 candidate=6 trial=86 t=4140.6
t=4155.5 LAUNCH_BLOCKED reason=deck_busy active=7 stored=1 no_active_s=0.0 state=AIRCRAFT_ON_DECK tractor_cleanup=false elevator_transfer=true deck=Aircraft_10_nav_r4_87 pending=none clearance=none queue=0
t=4160.9 SPAWN craft=Aircraft_10_nav_r4_87 route=4 candidate=5 trial=87 t=4160.9
t=4163.3 LZ_REACHED craft=Aircraft_10_nav_r1_83 route=1 outbound=138.3s t=4163.3
t=4164.1 ==== SUMMARY t=4164.1 ====
t=4164.1 route=1 laps=10 crashes=0 avg_out=142.5s avg_ret=178.2s avg_lap=333.2s best_lap=311.0
t=4164.1 route=2 laps=5 crashes=5 avg_out=179.8s avg_ret=239.0s avg_lap=429.3s best_lap=410.8
t=4164.2 route=3 laps=3 crashes=8 avg_out=209.6s avg_ret=252.5s avg_lap=475.6s best_lap=463.2
t=4164.2 route=4 laps=10 crashes=0 avg_out=174.7s avg_ret=153.4s avg_lap=340.2s best_lap=325.7
t=4164.2 route=5 laps=9 crashes=0 avg_out=257.6s avg_ret=233.7s avg_lap=503.5s best_lap=483.6
t=4164.2 route=6 laps=11 crashes=0 avg_out=133.4s avg_ret=147.1s avg_lap=292.6s best_lap=280.0
t=4164.2 route=7 laps=10 crashes=0 avg_out=166.2s avg_ret=146.8s avg_lap=325.1s best_lap=306.9
t=4164.2 route=8 laps=8 crashes=1 avg_out=173.9s avg_ret=179.5s avg_lap=365.5s best_lap=357.3
t=4164.2 TOTAL laps=66 crashes=14
t=4164.2 TUNER gen=1 results=8/64 pending=7 active=7 remaining=56 next_trial=88 rounds=[2,2,3,2,2,1,2,1]
t=4180.8 SPAWN craft=Aircraft_10_nav_r6_88 route=6 candidate=7 trial=88 t=4180.8
t=4194.3 ==== SUMMARY t=4194.3 ====
t=4194.3 route=1 laps=10 crashes=0 avg_out=142.5s avg_ret=178.2s avg_lap=333.2s best_lap=311.0
t=4194.3 route=2 laps=5 crashes=5 avg_out=179.8s avg_ret=239.0s avg_lap=429.3s best_lap=410.8
t=4194.3 route=3 laps=3 crashes=8 avg_out=209.6s avg_ret=252.5s avg_lap=475.6s best_lap=463.2
t=4194.3 route=4 laps=10 crashes=0 avg_out=174.7s avg_ret=153.4s avg_lap=340.2s best_lap=325.7
t=4194.3 route=5 laps=9 crashes=0 avg_out=257.6s avg_ret=233.7s avg_lap=503.5s best_lap=483.6
t=4194.3 route=6 laps=11 crashes=0 avg_out=133.4s avg_ret=147.1s avg_lap=292.6s best_lap=280.0
t=4194.3 route=7 laps=10 crashes=0 avg_out=166.2s avg_ret=146.8s avg_lap=325.1s best_lap=306.9
t=4194.3 route=8 laps=8 crashes=1 avg_out=173.9s avg_ret=179.5s avg_lap=365.5s best_lap=357.3
t=4194.3 TOTAL laps=66 crashes=14
t=4194.3 TUNER gen=1 results=8/64 pending=8 active=8 remaining=56 next_trial=89 rounds=[2,2,3,2,2,2,2,1]
t=4224.3 ==== SUMMARY t=4224.3 ====
t=4224.3 route=1 laps=10 crashes=0 avg_out=142.5s avg_ret=178.2s avg_lap=333.2s best_lap=311.0
t=4224.4 route=2 laps=5 crashes=5 avg_out=179.8s avg_ret=239.0s avg_lap=429.3s best_lap=410.8
t=4224.4 route=3 laps=3 crashes=8 avg_out=209.6s avg_ret=252.5s avg_lap=475.6s best_lap=463.2
t=4224.4 route=4 laps=10 crashes=0 avg_out=174.7s avg_ret=153.4s avg_lap=340.2s best_lap=325.7
t=4224.4 route=5 laps=9 crashes=0 avg_out=257.6s avg_ret=233.7s avg_lap=503.5s best_lap=483.6
t=4224.4 route=6 laps=11 crashes=0 avg_out=133.4s avg_ret=147.1s avg_lap=292.6s best_lap=280.0
t=4224.4 route=7 laps=10 crashes=0 avg_out=166.2s avg_ret=146.8s avg_lap=325.1s best_lap=306.9
t=4224.4 route=8 laps=8 crashes=1 avg_out=173.9s avg_ret=179.5s avg_lap=365.5s best_lap=357.3
t=4224.4 TOTAL laps=66 crashes=14
t=4224.4 TUNER gen=1 results=8/64 pending=8 active=8 remaining=56 next_trial=89 rounds=[2,2,3,2,2,2,2,1]
t=4226.0 LAP_CAPTURE craft=Aircraft_10_nav_r8_80 route=8 return=174.1s lap=361.8s carrier_dist=200m t=4226.0
t=4246.3 SPAWN craft=Aircraft_10_nav_r8_89 route=8 candidate=1 trial=89 t=4246.3
t=4254.4 ==== SUMMARY t=4254.4 ====
t=4254.4 route=1 laps=10 crashes=0 avg_out=142.5s avg_ret=178.2s avg_lap=333.2s best_lap=311.0
t=4254.4 route=2 laps=5 crashes=5 avg_out=179.8s avg_ret=239.0s avg_lap=429.3s best_lap=410.8
t=4254.5 route=3 laps=3 crashes=8 avg_out=209.6s avg_ret=252.5s avg_lap=475.6s best_lap=463.2
t=4254.5 route=4 laps=10 crashes=0 avg_out=174.7s avg_ret=153.4s avg_lap=340.2s best_lap=325.7
t=4254.5 route=5 laps=9 crashes=0 avg_out=257.6s avg_ret=233.7s avg_lap=503.5s best_lap=483.6
t=4254.5 route=6 laps=11 crashes=0 avg_out=133.4s avg_ret=147.1s avg_lap=292.6s best_lap=280.0
t=4254.5 route=7 laps=10 crashes=0 avg_out=166.2s avg_ret=146.8s avg_lap=325.1s best_lap=306.9
t=4254.5 route=8 laps=9 crashes=1 avg_out=173.9s avg_ret=178.9s avg_lap=365.1s best_lap=357.3
t=4254.5 TOTAL laps=67 crashes=14
t=4254.5 TUNER gen=1 results=9/64 pending=8 active=8 remaining=55 next_trial=90 rounds=[2,2,3,2,2,2,2,2]
t=4272.9 LZ_REACHED craft=Aircraft_10_nav_r7_84 route=7 outbound=172.4s t=4272.9
t=4284.4 ==== SUMMARY t=4284.4 ====
t=4284.5 route=1 laps=10 crashes=0 avg_out=142.5s avg_ret=178.2s avg_lap=333.2s best_lap=311.0
t=4284.5 route=2 laps=5 crashes=5 avg_out=179.8s avg_ret=239.0s avg_lap=429.3s best_lap=410.8
t=4284.5 route=3 laps=3 crashes=8 avg_out=209.6s avg_ret=252.5s avg_lap=475.6s best_lap=463.2
t=4284.5 route=4 laps=10 crashes=0 avg_out=174.7s avg_ret=153.4s avg_lap=340.2s best_lap=325.7
t=4284.5 route=5 laps=9 crashes=0 avg_out=257.6s avg_ret=233.7s avg_lap=503.5s best_lap=483.6
t=4284.5 route=6 laps=11 crashes=0 avg_out=133.4s avg_ret=147.1s avg_lap=292.6s best_lap=280.0
t=4284.5 route=7 laps=10 crashes=0 avg_out=166.8s avg_ret=146.8s avg_lap=325.1s best_lap=306.9
t=4284.5 route=8 laps=9 crashes=1 avg_out=173.9s avg_ret=178.9s avg_lap=365.1s best_lap=357.3
t=4284.5 TOTAL laps=67 crashes=14
t=4284.5 TUNER gen=1 results=9/64 pending=8 active=8 remaining=55 next_trial=90 rounds=[2,2,3,2,2,2,2,2]
t=4284.8 LAP_CAPTURE craft=Aircraft_10_nav_r2_81 route=2 return=213.7s lap=400.6s carrier_dist=200m t=4284.8
t=4301.5 SPAWN craft=Aircraft_10_nav_r2_90 route=2 candidate=4 trial=90 t=4301.5
t=4302.4 LZ_REACHED craft=Aircraft_10_nav_r6_88 route=6 outbound=121.6s t=4302.4
t=4314.5 ==== SUMMARY t=4314.5 ====
t=4314.5 route=1 laps=10 crashes=0 avg_out=142.5s avg_ret=178.2s avg_lap=333.2s best_lap=311.0
t=4314.5 route=2 laps=6 crashes=5 avg_out=179.8s avg_ret=234.8s avg_lap=424.6s best_lap=400.6
t=4314.5 route=3 laps=3 crashes=8 avg_out=209.6s avg_ret=252.5s avg_lap=475.6s best_lap=463.2
t=4314.5 route=4 laps=10 crashes=0 avg_out=174.7s avg_ret=153.4s avg_lap=340.2s best_lap=325.7
t=4314.5 route=5 laps=9 crashes=0 avg_out=257.6s avg_ret=233.7s avg_lap=503.5s best_lap=483.6
t=4314.5 route=6 laps=11 crashes=0 avg_out=132.4s avg_ret=147.1s avg_lap=292.6s best_lap=280.0
t=4314.5 route=7 laps=10 crashes=0 avg_out=166.8s avg_ret=146.8s avg_lap=325.1s best_lap=306.9
t=4314.5 route=8 laps=9 crashes=1 avg_out=173.9s avg_ret=178.9s avg_lap=365.1s best_lap=357.3
t=4314.5 TOTAL laps=68 crashes=14
t=4314.5 TUNER gen=1 results=10/64 pending=8 active=8 remaining=54 next_trial=91 rounds=[2,3,3,2,2,2,2,2]
t=4326.8 LZ_REACHED craft=Aircraft_10_nav_r3_85 route=3 outbound=206.3s t=4326.8
t=4337.1 LAP_CAPTURE craft=Aircraft_10_nav_r1_83 route=1 return=161.7s lap=312.1s carrier_dist=200m t=4337.1
t=4343.3 LZ_REACHED craft=Aircraft_10_nav_r4_87 route=4 outbound=182.4s t=4343.3
t=4344.6 ==== SUMMARY t=4344.6 ====
t=4344.6 route=1 laps=11 crashes=0 avg_out=142.5s avg_ret=176.7s avg_lap=331.3s best_lap=311.0
t=4344.6 route=2 laps=6 crashes=5 avg_out=179.8s avg_ret=234.8s avg_lap=424.6s best_lap=400.6
t=4344.6 route=3 laps=3 crashes=8 avg_out=209.2s avg_ret=252.5s avg_lap=475.6s best_lap=463.2
t=4344.6 route=4 laps=10 crashes=0 avg_out=175.4s avg_ret=153.4s avg_lap=340.2s best_lap=325.7
t=4344.6 route=5 laps=9 crashes=0 avg_out=257.6s avg_ret=233.7s avg_lap=503.5s best_lap=483.6
t=4344.6 route=6 laps=11 crashes=0 avg_out=132.4s avg_ret=147.1s avg_lap=292.6s best_lap=280.0
t=4344.6 route=7 laps=10 crashes=0 avg_out=166.8s avg_ret=146.8s avg_lap=325.1s best_lap=306.9
t=4344.6 route=8 laps=9 crashes=1 avg_out=173.9s avg_ret=178.9s avg_lap=365.1s best_lap=357.3
t=4344.6 TOTAL laps=69 crashes=14
t=4344.7 TUNER gen=1 results=11/64 pending=7 active=7 remaining=53 next_trial=91 rounds=[2,3,3,2,2,2,2,2]
t=4357.0 SPAWN craft=Aircraft_10_nav_r1_91 route=1 candidate=3 trial=91 t=4357.0
t=4374.8 ==== SUMMARY t=4374.8 ====
t=4374.8 route=1 laps=11 crashes=0 avg_out=142.5s avg_ret=176.7s avg_lap=331.3s best_lap=311.0
t=4374.8 route=2 laps=6 crashes=5 avg_out=179.8s avg_ret=234.8s avg_lap=424.6s best_lap=400.6
t=4374.8 route=3 laps=3 crashes=8 avg_out=209.2s avg_ret=252.5s avg_lap=475.6s best_lap=463.2
t=4374.8 route=4 laps=10 crashes=0 avg_out=175.4s avg_ret=153.4s avg_lap=340.2s best_lap=325.7
t=4374.8 route=5 laps=9 crashes=0 avg_out=257.6s avg_ret=233.7s avg_lap=503.5s best_lap=483.6
t=4374.8 route=6 laps=11 crashes=0 avg_out=132.4s avg_ret=147.1s avg_lap=292.6s best_lap=280.0
t=4374.8 route=7 laps=10 crashes=0 avg_out=166.8s avg_ret=146.8s avg_lap=325.1s best_lap=306.9
t=4374.8 route=8 laps=9 crashes=1 avg_out=173.9s avg_ret=178.9s avg_lap=365.1s best_lap=357.3
t=4374.8 TOTAL laps=69 crashes=14
t=4374.8 TUNER gen=1 results=11/64 pending=8 active=8 remaining=53 next_trial=92 rounds=[3,3,3,2,2,2,2,2]
t=4377.9 CRASH craft=Aircraft_10_nav_r3_85 route=3 phase=2 t=4377.9
t=4397.4 LZ_REACHED craft=Aircraft_10_nav_r5_86 route=5 outbound=256.8s t=4397.4
t=4403.0 SPAWN craft=Aircraft_10_nav_r3_92 route=3 candidate=6 trial=92 t=4403.0
t=4410.6 ==== SUMMARY t=4410.6 ====
t=4410.6 route=1 laps=11 crashes=0 avg_out=142.5s avg_ret=176.7s avg_lap=331.3s best_lap=311.0
t=4410.6 route=2 laps=6 crashes=5 avg_out=179.8s avg_ret=234.8s avg_lap=424.6s best_lap=400.6
t=4410.6 route=3 laps=3 crashes=9 avg_out=209.2s avg_ret=252.5s avg_lap=475.6s best_lap=463.2
t=4410.6 route=4 laps=10 crashes=0 avg_out=175.4s avg_ret=153.4s avg_lap=340.2s best_lap=325.7
t=4410.6 route=5 laps=9 crashes=0 avg_out=257.5s avg_ret=233.7s avg_lap=503.5s best_lap=483.6
t=4410.6 route=6 laps=11 crashes=0 avg_out=132.4s avg_ret=147.1s avg_lap=292.6s best_lap=280.0
t=4410.6 route=7 laps=10 crashes=0 avg_out=166.8s avg_ret=146.8s avg_lap=325.1s best_lap=306.9
t=4410.7 route=8 laps=9 crashes=1 avg_out=173.9s avg_ret=178.9s avg_lap=365.1s best_lap=357.3
t=4410.7 TOTAL laps=69 crashes=15
t=4410.7 TUNER gen=1 results=12/64 pending=8 active=8 remaining=52 next_trial=93 rounds=[3,3,4,2,2,2,2,2]
t=4430.5 LZ_REACHED craft=Aircraft_10_nav_r8_89 route=8 outbound=184.2s t=4430.5
t=4438.8 LAP_CAPTURE craft=Aircraft_10_nav_r7_84 route=7 return=154.0s lap=338.3s carrier_dist=200m t=4438.8
t=4440.8 ==== SUMMARY t=4440.8 ====
t=4440.8 route=1 laps=11 crashes=0 avg_out=142.5s avg_ret=176.7s avg_lap=331.3s best_lap=311.0
t=4440.8 route=2 laps=6 crashes=5 avg_out=179.8s avg_ret=234.8s avg_lap=424.6s best_lap=400.6
t=4440.8 route=3 laps=3 crashes=9 avg_out=209.2s avg_ret=252.5s avg_lap=475.6s best_lap=463.2
t=4440.8 route=4 laps=10 crashes=0 avg_out=175.4s avg_ret=153.4s avg_lap=340.2s best_lap=325.7
t=4440.8 route=5 laps=9 crashes=0 avg_out=257.5s avg_ret=233.7s avg_lap=503.5s best_lap=483.6
t=4440.8 route=6 laps=11 crashes=0 avg_out=132.4s avg_ret=147.1s avg_lap=292.6s best_lap=280.0
t=4440.9 route=7 laps=11 crashes=0 avg_out=166.8s avg_ret=147.5s avg_lap=326.3s best_lap=306.9
t=4440.9 route=8 laps=9 crashes=1 avg_out=174.9s avg_ret=178.9s avg_lap=365.1s best_lap=357.3
t=4440.9 TOTAL laps=70 crashes=15
t=4440.9 TUNER gen=1 results=13/64 pending=7 active=7 remaining=51 next_trial=93 rounds=[3,3,4,2,2,2,2,2]
t=4458.4 SPAWN craft=Aircraft_10_nav_r7_93 route=7 candidate=1 trial=93 t=4458.4
t=4468.2 LAP_CAPTURE craft=Aircraft_10_nav_r6_88 route=6 return=153.8s lap=287.4s carrier_dist=200m t=4468.2
t=4470.9 ==== SUMMARY t=4470.9 ====
t=4470.9 route=1 laps=11 crashes=0 avg_out=142.5s avg_ret=176.7s avg_lap=331.3s best_lap=311.0
t=4470.9 route=2 laps=6 crashes=5 avg_out=179.8s avg_ret=234.8s avg_lap=424.6s best_lap=400.6
t=4470.9 route=3 laps=3 crashes=9 avg_out=209.2s avg_ret=252.5s avg_lap=475.6s best_lap=463.2
t=4470.9 route=4 laps=10 crashes=0 avg_out=175.4s avg_ret=153.4s avg_lap=340.2s best_lap=325.7
t=4470.9 route=5 laps=9 crashes=0 avg_out=257.5s avg_ret=233.7s avg_lap=503.5s best_lap=483.6
t=4470.9 route=6 laps=12 crashes=0 avg_out=132.4s avg_ret=147.7s avg_lap=292.2s best_lap=280.0
t=4470.9 route=7 laps=11 crashes=0 avg_out=166.8s avg_ret=147.5s avg_lap=326.3s best_lap=306.9
t=4471.0 route=8 laps=9 crashes=1 avg_out=174.9s avg_ret=178.9s avg_lap=365.1s best_lap=357.3
t=4471.0 TOTAL laps=71 crashes=15
t=4471.0 TUNER gen=1 results=14/64 pending=7 active=7 remaining=50 next_trial=94 rounds=[3,3,4,2,2,2,3,2]
t=4483.1 LZ_REACHED craft=Aircraft_10_nav_r2_90 route=2 outbound=181.6s t=4483.1
t=4488.5 SPAWN craft=Aircraft_10_nav_r6_94 route=6 candidate=8 trial=94 t=4488.5
t=4493.6 LZ_REACHED craft=Aircraft_10_nav_r1_91 route=1 outbound=136.6s t=4493.6
t=4501.1 ==== SUMMARY t=4501.1 ====
t=4501.1 route=1 laps=11 crashes=0 avg_out=142.0s avg_ret=176.7s avg_lap=331.3s best_lap=311.0
t=4501.1 route=2 laps=6 crashes=5 avg_out=179.9s avg_ret=234.8s avg_lap=424.6s best_lap=400.6
t=4501.1 route=3 laps=3 crashes=9 avg_out=209.2s avg_ret=252.5s avg_lap=475.6s best_lap=463.2
t=4501.2 route=4 laps=10 crashes=0 avg_out=175.4s avg_ret=153.4s avg_lap=340.2s best_lap=325.7
t=4501.2 route=5 laps=9 crashes=0 avg_out=257.5s avg_ret=233.7s avg_lap=503.5s best_lap=483.6
t=4501.2 route=6 laps=12 crashes=0 avg_out=132.4s avg_ret=147.7s avg_lap=292.2s best_lap=280.0
t=4501.2 route=7 laps=11 crashes=0 avg_out=166.8s avg_ret=147.5s avg_lap=326.3s best_lap=306.9
t=4501.2 route=8 laps=9 crashes=1 avg_out=174.9s avg_ret=178.9s avg_lap=365.1s best_lap=357.3
t=4501.2 TOTAL laps=71 crashes=15
t=4501.2 TUNER gen=1 results=14/64 pending=8 active=8 remaining=50 next_trial=95 rounds=[3,3,4,2,2,3,3,2]
t=4515.8 LAP_CAPTURE craft=Aircraft_10_nav_r4_87 route=4 return=160.4s lap=354.9s carrier_dist=200m t=4515.8
t=4531.3 ==== SUMMARY t=4531.3 ====
t=4531.3 route=1 laps=11 crashes=0 avg_out=142.0s avg_ret=176.7s avg_lap=331.3s best_lap=311.0
t=4531.3 route=2 laps=6 crashes=5 avg_out=179.9s avg_ret=234.8s avg_lap=424.6s best_lap=400.6
t=4531.3 route=3 laps=3 crashes=9 avg_out=209.2s avg_ret=252.5s avg_lap=475.6s best_lap=463.2
t=4531.3 route=4 laps=11 crashes=0 avg_out=175.4s avg_ret=154.1s avg_lap=341.6s best_lap=325.7
t=4531.3 route=5 laps=9 crashes=0 avg_out=257.5s avg_ret=233.7s avg_lap=503.5s best_lap=483.6
t=4531.3 route=6 laps=12 crashes=0 avg_out=132.4s avg_ret=147.7s avg_lap=292.2s best_lap=280.0
t=4531.3 route=7 laps=11 crashes=0 avg_out=166.8s avg_ret=147.5s avg_lap=326.3s best_lap=306.9
t=4531.3 route=8 laps=9 crashes=1 avg_out=174.9s avg_ret=178.9s avg_lap=365.1s best_lap=357.3
t=4531.3 TOTAL laps=72 crashes=15
t=4531.3 TUNER gen=1 results=15/64 pending=8 active=8 remaining=49 next_trial=96 rounds=[3,3,4,3,2,3,3,2]
t=4534.0 SPAWN craft=Aircraft_10_nav_r4_95 route=4 candidate=6 trial=95 t=4534.0
t=4561.4 ==== SUMMARY t=4561.4 ====
t=4561.4 route=1 laps=11 crashes=0 avg_out=142.0s avg_ret=176.7s avg_lap=331.3s best_lap=311.0
t=4561.4 route=2 laps=6 crashes=5 avg_out=179.9s avg_ret=234.8s avg_lap=424.6s best_lap=400.6
t=4561.4 route=3 laps=3 crashes=9 avg_out=209.2s avg_ret=252.5s avg_lap=475.6s best_lap=463.2
t=4561.4 route=4 laps=11 crashes=0 avg_out=175.4s avg_ret=154.1s avg_lap=341.6s best_lap=325.7
t=4561.4 route=5 laps=9 crashes=0 avg_out=257.5s avg_ret=233.7s avg_lap=503.5s best_lap=483.6
t=4561.4 route=6 laps=12 crashes=0 avg_out=132.4s avg_ret=147.7s avg_lap=292.2s best_lap=280.0
t=4561.4 route=7 laps=11 crashes=0 avg_out=166.8s avg_ret=147.5s avg_lap=326.3s best_lap=306.9
t=4561.4 route=8 laps=9 crashes=1 avg_out=174.9s avg_ret=178.9s avg_lap=365.1s best_lap=357.3
t=4561.4 TOTAL laps=72 crashes=15
t=4561.4 TUNER gen=1 results=15/64 pending=8 active=8 remaining=49 next_trial=96 rounds=[3,3,4,3,2,3,3,2]
t=4562.8 CRASH craft=Aircraft_10_nav_r3_92 route=3 phase=0 t=4562.8
t=4579.4 SPAWN craft=Aircraft_10_nav_r3_96 route=3 candidate=7 trial=96 t=4579.4
t=4591.5 ==== SUMMARY t=4591.5 ====
t=4591.5 route=1 laps=11 crashes=0 avg_out=142.0s avg_ret=176.7s avg_lap=331.3s best_lap=311.0
t=4591.5 route=2 laps=6 crashes=5 avg_out=179.9s avg_ret=234.8s avg_lap=424.6s best_lap=400.6
t=4591.5 route=3 laps=3 crashes=10 avg_out=209.2s avg_ret=252.5s avg_lap=475.6s best_lap=463.2
t=4591.5 route=4 laps=11 crashes=0 avg_out=175.4s avg_ret=154.1s avg_lap=341.6s best_lap=325.7
t=4591.5 route=5 laps=9 crashes=0 avg_out=257.5s avg_ret=233.7s avg_lap=503.5s best_lap=483.6
t=4591.5 route=6 laps=12 crashes=0 avg_out=132.4s avg_ret=147.7s avg_lap=292.2s best_lap=280.0
t=4591.6 route=7 laps=11 crashes=0 avg_out=166.8s avg_ret=147.5s avg_lap=326.3s best_lap=306.9
t=4591.6 route=8 laps=9 crashes=1 avg_out=174.9s avg_ret=178.9s avg_lap=365.1s best_lap=357.3
t=4591.6 TOTAL laps=72 crashes=16
t=4591.6 TUNER gen=1 results=16/64 pending=8 active=8 remaining=48 next_trial=97 rounds=[3,3,5,3,2,3,3,2]
t=4613.3 LZ_REACHED craft=Aircraft_10_nav_r6_94 route=6 outbound=124.9s t=4613.3
t=4616.9 LAP_CAPTURE craft=Aircraft_10_nav_r8_89 route=8 return=174.4s lap=370.6s carrier_dist=200m t=4616.9
t=4621.5 ==== SUMMARY t=4621.5 ====
t=4621.5 route=1 laps=11 crashes=0 avg_out=142.0s avg_ret=176.7s avg_lap=331.3s best_lap=311.0
t=4621.5 route=2 laps=6 crashes=5 avg_out=179.9s avg_ret=234.8s avg_lap=424.6s best_lap=400.6
t=4621.5 route=3 laps=3 crashes=10 avg_out=209.2s avg_ret=252.5s avg_lap=475.6s best_lap=463.2
t=4621.5 route=4 laps=11 crashes=0 avg_out=175.4s avg_ret=154.1s avg_lap=341.6s best_lap=325.7
t=4621.6 route=5 laps=9 crashes=0 avg_out=257.5s avg_ret=233.7s avg_lap=503.5s best_lap=483.6
t=4621.6 route=6 laps=12 crashes=0 avg_out=131.8s avg_ret=147.7s avg_lap=292.2s best_lap=280.0
t=4621.6 route=7 laps=11 crashes=0 avg_out=166.8s avg_ret=147.5s avg_lap=326.3s best_lap=306.9
t=4621.6 route=8 laps=10 crashes=1 avg_out=174.9s avg_ret=178.4s avg_lap=365.7s best_lap=357.3
t=4621.6 TOTAL laps=73 crashes=16
t=4621.6 TUNER gen=1 results=17/64 pending=7 active=7 remaining=47 next_trial=97 rounds=[3,3,5,3,2,3,3,2]
t=4628.0 LZ_REACHED craft=Aircraft_10_nav_r7_93 route=7 outbound=169.6s t=4628.0
t=4634.5 SPAWN craft=Aircraft_10_nav_r8_97 route=8 candidate=2 trial=97 t=4634.5
t=4640.3 LAP_CAPTURE craft=Aircraft_10_nav_r5_86 route=5 return=230.9s lap=499.7s carrier_dist=200m t=4640.3
t=4651.6 ==== SUMMARY t=4651.6 ====
t=4651.6 route=1 laps=11 crashes=0 avg_out=142.0s avg_ret=176.7s avg_lap=331.3s best_lap=311.0
t=4651.6 route=2 laps=6 crashes=5 avg_out=179.9s avg_ret=234.8s avg_lap=424.6s best_lap=400.6
t=4651.6 route=3 laps=3 crashes=10 avg_out=209.2s avg_ret=252.5s avg_lap=475.6s best_lap=463.2
t=4651.6 route=4 laps=11 crashes=0 avg_out=175.4s avg_ret=154.1s avg_lap=341.6s best_lap=325.7
t=4651.6 route=5 laps=10 crashes=0 avg_out=257.5s avg_ret=233.4s avg_lap=503.1s best_lap=483.6
t=4651.6 route=6 laps=12 crashes=0 avg_out=131.8s avg_ret=147.7s avg_lap=292.2s best_lap=280.0
t=4651.6 route=7 laps=11 crashes=0 avg_out=167.0s avg_ret=147.5s avg_lap=326.3s best_lap=306.9
t=4651.6 route=8 laps=10 crashes=1 avg_out=174.9s avg_ret=178.4s avg_lap=365.7s best_lap=357.3
t=4651.6 TOTAL laps=74 crashes=16
t=4651.7 TUNER gen=1 results=18/64 pending=7 active=7 remaining=46 next_trial=98 rounds=[3,3,5,3,2,3,3,3]
t=4659.7 SPAWN craft=Aircraft_10_nav_r5_98 route=5 candidate=7 trial=98 t=4659.7
t=4671.3 LAP_CAPTURE craft=Aircraft_10_nav_r1_91 route=1 return=165.6s lap=314.3s carrier_dist=200m t=4671.3
t=4681.7 ==== SUMMARY t=4681.7 ====
t=4681.7 route=1 laps=12 crashes=0 avg_out=142.0s avg_ret=175.8s avg_lap=329.9s best_lap=311.0
t=4681.7 route=2 laps=6 crashes=5 avg_out=179.9s avg_ret=234.8s avg_lap=424.6s best_lap=400.6
t=4681.7 route=3 laps=3 crashes=10 avg_out=209.2s avg_ret=252.5s avg_lap=475.6s best_lap=463.2
t=4681.7 route=4 laps=11 crashes=0 avg_out=175.4s avg_ret=154.1s avg_lap=341.6s best_lap=325.7
t=4681.7 route=5 laps=10 crashes=0 avg_out=257.5s avg_ret=233.4s avg_lap=503.1s best_lap=483.6
t=4681.7 route=6 laps=12 crashes=0 avg_out=131.8s avg_ret=147.7s avg_lap=292.2s best_lap=280.0
t=4681.7 route=7 laps=11 crashes=0 avg_out=167.0s avg_ret=147.5s avg_lap=326.3s best_lap=306.9
t=4681.7 route=8 laps=10 crashes=1 avg_out=174.9s avg_ret=178.4s avg_lap=365.7s best_lap=357.3
t=4681.7 TOTAL laps=75 crashes=16
t=4681.7 TUNER gen=1 results=19/64 pending=7 active=7 remaining=45 next_trial=99 rounds=[3,3,5,3,3,3,3,3]
t=4689.8 SPAWN craft=Aircraft_10_nav_r1_99 route=1 candidate=4 trial=99 t=4689.8
t=4703.6 LAP_CAPTURE craft=Aircraft_10_nav_r2_90 route=2 return=208.5s lap=402.1s carrier_dist=200m t=4703.6
t=4710.4 LZ_REACHED craft=Aircraft_10_nav_r4_95 route=4 outbound=176.4s t=4710.4
t=4711.7 ==== SUMMARY t=4711.7 ====
t=4711.7 route=1 laps=12 crashes=0 avg_out=142.0s avg_ret=175.8s avg_lap=329.9s best_lap=311.0
t=4711.7 route=2 laps=7 crashes=5 avg_out=179.9s avg_ret=231.0s avg_lap=421.3s best_lap=400.6
t=4711.8 route=3 laps=3 crashes=10 avg_out=209.2s avg_ret=252.5s avg_lap=475.6s best_lap=463.2
t=4711.8 route=4 laps=11 crashes=0 avg_out=175.5s avg_ret=154.1s avg_lap=341.6s best_lap=325.7
t=4711.8 route=5 laps=10 crashes=0 avg_out=257.5s avg_ret=233.4s avg_lap=503.1s best_lap=483.6
t=4711.8 route=6 laps=12 crashes=0 avg_out=131.8s avg_ret=147.7s avg_lap=292.2s best_lap=280.0
t=4711.8 route=7 laps=11 crashes=0 avg_out=167.0s avg_ret=147.5s avg_lap=326.3s best_lap=306.9
t=4711.8 route=8 laps=10 crashes=1 avg_out=174.9s avg_ret=178.4s avg_lap=365.7s best_lap=357.3
t=4711.8 TOTAL laps=76 crashes=16
t=4711.8 TUNER gen=1 results=20/64 pending=7 active=7 remaining=44 next_trial=100 rounds=[4,3,5,3,3,3,3,3]
t=4719.9 SPAWN craft=Aircraft_10_nav_r2_100 route=2 candidate=5 trial=100 t=4719.9
t=4741.9 ==== SUMMARY t=4741.9 ====
t=4741.9 route=1 laps=12 crashes=0 avg_out=142.0s avg_ret=175.8s avg_lap=329.9s best_lap=311.0
t=4741.9 route=2 laps=7 crashes=5 avg_out=179.9s avg_ret=231.0s avg_lap=421.3s best_lap=400.6
t=4741.9 route=3 laps=3 crashes=10 avg_out=209.2s avg_ret=252.5s avg_lap=475.6s best_lap=463.2
t=4741.9 route=4 laps=11 crashes=0 avg_out=175.5s avg_ret=154.1s avg_lap=341.6s best_lap=325.7
t=4741.9 route=5 laps=10 crashes=0 avg_out=257.5s avg_ret=233.4s avg_lap=503.1s best_lap=483.6
t=4741.9 route=6 laps=12 crashes=0 avg_out=131.8s avg_ret=147.7s avg_lap=292.2s best_lap=280.0
t=4741.9 route=7 laps=11 crashes=0 avg_out=167.0s avg_ret=147.5s avg_lap=326.3s best_lap=306.9
t=4741.9 route=8 laps=10 crashes=1 avg_out=174.9s avg_ret=178.4s avg_lap=365.7s best_lap=357.3
t=4741.9 TOTAL laps=76 crashes=16
t=4741.9 TUNER gen=1 results=20/64 pending=8 active=8 remaining=44 next_trial=101 rounds=[4,4,5,3,3,3,3,3]
t=4767.0 LAP_CAPTURE craft=Aircraft_10_nav_r6_94 route=6 return=141.7s lap=278.5s carrier_dist=200m t=4767.0
t=4771.9 ==== SUMMARY t=4771.9 ====
t=4771.9 route=1 laps=12 crashes=0 avg_out=142.0s avg_ret=175.8s avg_lap=329.9s best_lap=311.0
t=4771.9 route=2 laps=7 crashes=5 avg_out=179.9s avg_ret=231.0s avg_lap=421.3s best_lap=400.6
t=4771.9 route=3 laps=3 crashes=10 avg_out=209.2s avg_ret=252.5s avg_lap=475.6s best_lap=463.2
t=4771.9 route=4 laps=11 crashes=0 avg_out=175.5s avg_ret=154.1s avg_lap=341.6s best_lap=325.7
t=4771.9 route=5 laps=10 crashes=0 avg_out=257.5s avg_ret=233.4s avg_lap=503.1s best_lap=483.6
t=4771.9 route=6 laps=13 crashes=0 avg_out=131.8s avg_ret=147.2s avg_lap=291.1s best_lap=278.5
t=4771.9 route=7 laps=11 crashes=0 avg_out=167.0s avg_ret=147.5s avg_lap=326.3s best_lap=306.9
t=4771.9 route=8 laps=10 crashes=1 avg_out=174.9s avg_ret=178.4s avg_lap=365.7s best_lap=357.3
t=4771.9 TOTAL laps=77 crashes=16
t=4771.9 TUNER gen=1 results=21/64 pending=7 active=7 remaining=43 next_trial=101 rounds=[4,4,5,3,3,3,3,3]
t=4775.4 LZ_REACHED craft=Aircraft_10_nav_r3_96 route=3 outbound=196.0s t=4775.4
t=4785.2 SPAWN craft=Aircraft_10_nav_r6_101 route=6 candidate=1 trial=101 t=4785.2
t=4787.1 LAP_CAPTURE craft=Aircraft_10_nav_r7_93 route=7 return=147.2s lap=328.7s carrier_dist=200m t=4787.1
t=4801.9 ==== SUMMARY t=4801.9 ====
t=4801.9 route=1 laps=12 crashes=0 avg_out=142.0s avg_ret=175.8s avg_lap=329.9s best_lap=311.0
t=4802.0 route=2 laps=7 crashes=5 avg_out=179.9s avg_ret=231.0s avg_lap=421.3s best_lap=400.6
t=4802.0 route=3 laps=3 crashes=10 avg_out=207.8s avg_ret=252.5s avg_lap=475.6s best_lap=463.2
t=4802.0 route=4 laps=11 crashes=0 avg_out=175.5s avg_ret=154.1s avg_lap=341.6s best_lap=325.7
t=4802.0 route=5 laps=10 crashes=0 avg_out=257.5s avg_ret=233.4s avg_lap=503.1s best_lap=483.6
t=4802.0 route=6 laps=13 crashes=0 avg_out=131.8s avg_ret=147.2s avg_lap=291.1s best_lap=278.5
t=4802.0 route=7 laps=12 crashes=0 avg_out=167.0s avg_ret=147.4s avg_lap=326.5s best_lap=306.9
t=4802.0 route=8 laps=10 crashes=1 avg_out=174.9s avg_ret=178.4s avg_lap=365.7s best_lap=357.3
t=4802.0 TOTAL laps=78 crashes=16
t=4802.0 TUNER gen=1 results=22/64 pending=8 active=8 remaining=42 next_trial=103 rounds=[4,4,5,3,3,4,4,3]
t=4805.4 SPAWN craft=Aircraft_10_nav_r7_102 route=7 candidate=2 trial=102 t=4805.4
t=4809.6 LZ_REACHED craft=Aircraft_10_nav_r8_97 route=8 outbound=175.2s t=4809.6
t=4825.9 CRASH craft=Aircraft_10_nav_r3_96 route=3 phase=2 t=4825.9
t=4831.4 LZ_REACHED craft=Aircraft_10_nav_r1_99 route=1 outbound=141.6s t=4831.4
t=4832.0 ==== SUMMARY t=4832.0 ====
t=4832.0 route=1 laps=12 crashes=0 avg_out=141.9s avg_ret=175.8s avg_lap=329.9s best_lap=311.0
t=4832.0 route=2 laps=7 crashes=5 avg_out=179.9s avg_ret=231.0s avg_lap=421.3s best_lap=400.6
t=4832.0 route=3 laps=3 crashes=11 avg_out=207.8s avg_ret=252.5s avg_lap=475.6s best_lap=463.2
t=4832.0 route=4 laps=11 crashes=0 avg_out=175.5s avg_ret=154.1s avg_lap=341.6s best_lap=325.7
t=4832.0 route=5 laps=10 crashes=0 avg_out=257.5s avg_ret=233.4s avg_lap=503.1s best_lap=483.6
t=4832.0 route=6 laps=13 crashes=0 avg_out=131.8s avg_ret=147.2s avg_lap=291.1s best_lap=278.5
t=4832.0 route=7 laps=12 crashes=0 avg_out=167.0s avg_ret=147.4s avg_lap=326.5s best_lap=306.9
t=4832.0 route=8 laps=10 crashes=1 avg_out=174.9s avg_ret=178.4s avg_lap=365.7s best_lap=357.3
t=4832.0 TOTAL laps=78 crashes=17
t=4832.0 TUNER gen=1 results=23/64 pending=7 active=7 remaining=41 next_trial=103 rounds=[4,4,5,3,3,4,4,3]
t=4845.7 SPAWN craft=Aircraft_10_nav_r3_103 route=3 candidate=8 trial=103 t=4845.7
t=4862.1 ==== SUMMARY t=4862.1 ====
t=4862.1 route=1 laps=12 crashes=0 avg_out=141.9s avg_ret=175.8s avg_lap=329.9s best_lap=311.0
t=4862.1 route=2 laps=7 crashes=5 avg_out=179.9s avg_ret=231.0s avg_lap=421.3s best_lap=400.6
t=4862.1 route=3 laps=3 crashes=11 avg_out=207.8s avg_ret=252.5s avg_lap=475.6s best_lap=463.2
t=4862.2 route=4 laps=11 crashes=0 avg_out=175.5s avg_ret=154.1s avg_lap=341.6s best_lap=325.7
t=4862.2 route=5 laps=10 crashes=0 avg_out=257.5s avg_ret=233.4s avg_lap=503.1s best_lap=483.6
t=4862.2 route=6 laps=13 crashes=0 avg_out=131.8s avg_ret=147.2s avg_lap=291.1s best_lap=278.5
t=4862.2 route=7 laps=12 crashes=0 avg_out=167.0s avg_ret=147.4s avg_lap=326.5s best_lap=306.9
t=4862.2 route=8 laps=10 crashes=1 avg_out=174.9s avg_ret=178.4s avg_lap=365.7s best_lap=357.3
t=4862.2 TOTAL laps=78 crashes=17
t=4862.2 TUNER gen=1 results=23/64 pending=8 active=8 remaining=41 next_trial=104 rounds=[4,4,6,3,3,4,4,3]
t=4871.9 LAP_CAPTURE craft=Aircraft_10_nav_r4_95 route=4 return=149.4s lap=337.9s carrier_dist=200m t=4871.9
t=4890.8 SPAWN craft=Aircraft_10_nav_r4_104 route=4 candidate=7 trial=104 t=4890.8
t=4892.2 ==== SUMMARY t=4892.2 ====
t=4892.2 route=1 laps=12 crashes=0 avg_out=141.9s avg_ret=175.8s avg_lap=329.9s best_lap=311.0
t=4892.2 route=2 laps=7 crashes=5 avg_out=179.9s avg_ret=231.0s avg_lap=421.3s best_lap=400.6
t=4892.2 route=3 laps=3 crashes=11 avg_out=207.8s avg_ret=252.5s avg_lap=475.6s best_lap=463.2
t=4892.2 route=4 laps=12 crashes=0 avg_out=175.5s avg_ret=153.7s avg_lap=341.2s best_lap=325.7
t=4892.2 route=5 laps=10 crashes=0 avg_out=257.5s avg_ret=233.4s avg_lap=503.1s best_lap=483.6
t=4892.2 route=6 laps=13 crashes=0 avg_out=131.8s avg_ret=147.2s avg_lap=291.1s best_lap=278.5
t=4892.2 route=7 laps=12 crashes=0 avg_out=167.0s avg_ret=147.4s avg_lap=326.5s best_lap=306.9
t=4892.2 route=8 laps=10 crashes=1 avg_out=174.9s avg_ret=178.4s avg_lap=365.7s best_lap=357.3
t=4892.2 TOTAL laps=79 crashes=17
t=4892.2 TUNER gen=1 results=24/64 pending=8 active=8 remaining=40 next_trial=105 rounds=[4,4,6,4,3,4,4,3]
t=4901.9 LZ_REACHED craft=Aircraft_10_nav_r2_100 route=2 outbound=181.9s t=4901.9
t=4909.5 LZ_REACHED craft=Aircraft_10_nav_r5_98 route=5 outbound=249.8s t=4909.5
t=4909.5 LZ_REACHED craft=Aircraft_10_nav_r6_101 route=6 outbound=124.4s t=4909.5
t=4922.2 ==== SUMMARY t=4922.2 ====
t=4922.2 route=1 laps=12 crashes=0 avg_out=141.9s avg_ret=175.8s avg_lap=329.9s best_lap=311.0
t=4922.2 route=2 laps=7 crashes=5 avg_out=180.1s avg_ret=231.0s avg_lap=421.3s best_lap=400.6
t=4922.2 route=3 laps=3 crashes=11 avg_out=207.8s avg_ret=252.5s avg_lap=475.6s best_lap=463.2
t=4922.2 route=4 laps=12 crashes=0 avg_out=175.5s avg_ret=153.7s avg_lap=341.2s best_lap=325.7
t=4922.2 route=5 laps=10 crashes=0 avg_out=256.8s avg_ret=233.4s avg_lap=503.1s best_lap=483.6
t=4922.2 route=6 laps=13 crashes=0 avg_out=131.3s avg_ret=147.2s avg_lap=291.1s best_lap=278.5
t=4922.2 route=7 laps=12 crashes=0 avg_out=167.0s avg_ret=147.4s avg_lap=326.5s best_lap=306.9
t=4922.2 route=8 laps=10 crashes=1 avg_out=174.9s avg_ret=178.4s avg_lap=365.7s best_lap=357.3
t=4922.3 TOTAL laps=79 crashes=17
t=4922.3 TUNER gen=1 results=24/64 pending=8 active=8 remaining=40 next_trial=105 rounds=[4,4,6,4,3,4,4,3]
t=4952.4 ==== SUMMARY t=4952.4 ====
t=4952.4 route=1 laps=12 crashes=0 avg_out=141.9s avg_ret=175.8s avg_lap=329.9s best_lap=311.0
t=4952.4 route=2 laps=7 crashes=5 avg_out=180.1s avg_ret=231.0s avg_lap=421.3s best_lap=400.6
t=4952.4 route=3 laps=3 crashes=11 avg_out=207.8s avg_ret=252.5s avg_lap=475.6s best_lap=463.2
t=4952.4 route=4 laps=12 crashes=0 avg_out=175.5s avg_ret=153.7s avg_lap=341.2s best_lap=325.7
t=4952.4 route=5 laps=10 crashes=0 avg_out=256.8s avg_ret=233.4s avg_lap=503.1s best_lap=483.6
t=4952.4 route=6 laps=13 crashes=0 avg_out=131.3s avg_ret=147.2s avg_lap=291.1s best_lap=278.5
t=4952.4 route=7 laps=12 crashes=0 avg_out=167.0s avg_ret=147.4s avg_lap=326.5s best_lap=306.9
t=4952.4 route=8 laps=10 crashes=1 avg_out=174.9s avg_ret=178.4s avg_lap=365.7s best_lap=357.3
t=4952.4 TOTAL laps=79 crashes=17
t=4952.4 TUNER gen=1 results=24/64 pending=8 active=8 remaining=40 next_trial=105 rounds=[4,4,6,4,3,4,4,3]
t=4972.2 LZ_REACHED craft=Aircraft_10_nav_r7_102 route=7 outbound=166.9s t=4972.2
t=4982.4 ==== SUMMARY t=4982.4 ====
t=4982.4 route=1 laps=12 crashes=0 avg_out=141.9s avg_ret=175.8s avg_lap=329.9s best_lap=311.0
t=4982.4 route=2 laps=7 crashes=5 avg_out=180.1s avg_ret=231.0s avg_lap=421.3s best_lap=400.6
t=4982.4 route=3 laps=3 crashes=11 avg_out=207.8s avg_ret=252.5s avg_lap=475.6s best_lap=463.2
t=4982.4 route=4 laps=12 crashes=0 avg_out=175.5s avg_ret=153.7s avg_lap=341.2s best_lap=325.7
t=4982.4 route=5 laps=10 crashes=0 avg_out=256.8s avg_ret=233.4s avg_lap=503.1s best_lap=483.6
t=4982.5 route=6 laps=13 crashes=0 avg_out=131.3s avg_ret=147.2s avg_lap=291.1s best_lap=278.5
t=4982.5 route=7 laps=12 crashes=0 avg_out=167.0s avg_ret=147.4s avg_lap=326.5s best_lap=306.9
t=4982.5 route=8 laps=10 crashes=1 avg_out=174.9s avg_ret=178.4s avg_lap=365.7s best_lap=357.3
t=4982.5 TOTAL laps=79 crashes=17
t=4982.5 TUNER gen=1 results=24/64 pending=8 active=8 remaining=40 next_trial=105 rounds=[4,4,6,4,3,4,4,3]
t=5000.6 LAP_CAPTURE craft=Aircraft_10_nav_r8_97 route=8 return=179.0s lap=366.2s carrier_dist=200m t=5000.6
t=5006.1 LAUNCH_BLOCKED reason=landing_or_storage_busy active=7 stored=1 no_active_s=0.0 state=IDLE tractor_cleanup=false elevator_transfer=false deck=none pending=none clearance=Aircraft_10_nav_r1_99 queue=0
t=5012.4 ==== SUMMARY t=5012.4 ====
t=5012.4 route=1 laps=12 crashes=0 avg_out=141.9s avg_ret=175.8s avg_lap=329.9s best_lap=311.0
t=5012.4 route=2 laps=7 crashes=5 avg_out=180.1s avg_ret=231.0s avg_lap=421.3s best_lap=400.6
t=5012.5 route=3 laps=3 crashes=11 avg_out=207.8s avg_ret=252.5s avg_lap=475.6s best_lap=463.2
t=5012.5 route=4 laps=12 crashes=0 avg_out=175.5s avg_ret=153.7s avg_lap=341.2s best_lap=325.7
t=5012.5 route=5 laps=10 crashes=0 avg_out=256.8s avg_ret=233.4s avg_lap=503.1s best_lap=483.6
t=5012.5 route=6 laps=13 crashes=0 avg_out=131.3s avg_ret=147.2s avg_lap=291.1s best_lap=278.5
t=5012.5 route=7 laps=12 crashes=0 avg_out=167.0s avg_ret=147.4s avg_lap=326.5s best_lap=306.9
t=5012.5 route=8 laps=11 crashes=1 avg_out=174.9s avg_ret=178.5s avg_lap=365.7s best_lap=357.3
t=5012.5 TOTAL laps=80 crashes=17
t=5012.5 TUNER gen=1 results=25/64 pending=7 active=7 remaining=39 next_trial=105 rounds=[4,4,6,4,3,4,4,3]
t=5021.2 LAUNCH_BLOCKED reason=landing_or_storage_busy active=7 stored=1 no_active_s=0.0 state=IDLE tractor_cleanup=false elevator_transfer=false deck=none pending=none clearance=Aircraft_10_nav_r1_99 queue=0
t=5036.2 LAUNCH_BLOCKED reason=landing_or_storage_busy active=7 stored=1 no_active_s=0.0 state=IDLE tractor_cleanup=false elevator_transfer=false deck=none pending=none clearance=Aircraft_10_nav_r1_99 queue=0
t=5042.5 ==== SUMMARY t=5042.5 ====
t=5042.5 route=1 laps=12 crashes=0 avg_out=141.9s avg_ret=175.8s avg_lap=329.9s best_lap=311.0
t=5042.5 route=2 laps=7 crashes=5 avg_out=180.1s avg_ret=231.0s avg_lap=421.3s best_lap=400.6
t=5042.5 route=3 laps=3 crashes=11 avg_out=207.8s avg_ret=252.5s avg_lap=475.6s best_lap=463.2
t=5042.5 route=4 laps=12 crashes=0 avg_out=175.5s avg_ret=153.7s avg_lap=341.2s best_lap=325.7
t=5042.5 route=5 laps=10 crashes=0 avg_out=256.8s avg_ret=233.4s avg_lap=503.1s best_lap=483.6
t=5042.5 route=6 laps=13 crashes=0 avg_out=131.3s avg_ret=147.2s avg_lap=291.1s best_lap=278.5
t=5042.5 route=7 laps=12 crashes=0 avg_out=167.0s avg_ret=147.4s avg_lap=326.5s best_lap=306.9
t=5042.5 route=8 laps=11 crashes=1 avg_out=174.9s avg_ret=178.5s avg_lap=365.7s best_lap=357.3
t=5042.5 TOTAL laps=80 crashes=17
t=5042.6 TUNER gen=1 results=25/64 pending=7 active=7 remaining=39 next_trial=105 rounds=[4,4,6,4,3,4,4,3]
t=5051.3 LAUNCH_BLOCKED reason=landing_or_storage_busy active=7 stored=1 no_active_s=0.0 state=IDLE tractor_cleanup=false elevator_transfer=false deck=none pending=none clearance=Aircraft_10_nav_r1_99 queue=0
t=5053.1 LZ_REACHED craft=Aircraft_10_nav_r3_103 route=3 outbound=207.4s t=5053.1
t=5064.1 LAP_CAPTURE craft=Aircraft_10_nav_r6_101 route=6 return=142.6s lap=278.9s carrier_dist=200m t=5064.1
t=5066.4 LAUNCH_BLOCKED reason=landing_or_storage_busy active=6 stored=1 no_active_s=0.0 state=IDLE tractor_cleanup=false elevator_transfer=false deck=none pending=none clearance=Aircraft_10_nav_r1_99 queue=0
t=5069.0 LZ_REACHED craft=Aircraft_10_nav_r4_104 route=4 outbound=178.2s t=5069.0
t=5072.5 ==== SUMMARY t=5072.5 ====
t=5072.5 route=1 laps=12 crashes=0 avg_out=141.9s avg_ret=175.8s avg_lap=329.9s best_lap=311.0
t=5072.5 route=2 laps=7 crashes=5 avg_out=180.1s avg_ret=231.0s avg_lap=421.3s best_lap=400.6
t=5072.5 route=3 laps=3 crashes=11 avg_out=207.7s avg_ret=252.5s avg_lap=475.6s best_lap=463.2
t=5072.5 route=4 laps=12 crashes=0 avg_out=175.7s avg_ret=153.7s avg_lap=341.2s best_lap=325.7
t=5072.6 route=5 laps=10 crashes=0 avg_out=256.8s avg_ret=233.4s avg_lap=503.1s best_lap=483.6
t=5072.6 route=6 laps=14 crashes=0 avg_out=131.3s avg_ret=146.9s avg_lap=290.3s best_lap=278.5
t=5072.6 route=7 laps=12 crashes=0 avg_out=167.0s avg_ret=147.4s avg_lap=326.5s best_lap=306.9
t=5072.6 route=8 laps=11 crashes=1 avg_out=174.9s avg_ret=178.5s avg_lap=365.7s best_lap=357.3
t=5072.6 TOTAL laps=81 crashes=17
t=5072.6 TUNER gen=1 results=26/64 pending=6 active=6 remaining=38 next_trial=105 rounds=[4,4,6,4,3,4,4,3]
t=5081.5 LAUNCH_BLOCKED reason=landing_or_storage_busy active=6 stored=2 no_active_s=0.0 state=IDLE tractor_cleanup=false elevator_transfer=false deck=none pending=none clearance=Aircraft_10_nav_r1_99 queue=0
t=5096.6 LAUNCH_BLOCKED reason=landing_or_storage_busy active=6 stored=2 no_active_s=0.0 state=IDLE tractor_cleanup=false elevator_transfer=false deck=none pending=none clearance=Aircraft_10_nav_r1_99 queue=0
t=5102.7 ==== SUMMARY t=5102.7 ====
t=5102.7 route=1 laps=12 crashes=0 avg_out=141.9s avg_ret=175.8s avg_lap=329.9s best_lap=311.0
t=5102.7 route=2 laps=7 crashes=5 avg_out=180.1s avg_ret=231.0s avg_lap=421.3s best_lap=400.6
t=5102.7 route=3 laps=3 crashes=11 avg_out=207.7s avg_ret=252.5s avg_lap=475.6s best_lap=463.2
t=5102.7 route=4 laps=12 crashes=0 avg_out=175.7s avg_ret=153.7s avg_lap=341.2s best_lap=325.7
t=5102.7 route=5 laps=10 crashes=0 avg_out=256.8s avg_ret=233.4s avg_lap=503.1s best_lap=483.6
t=5102.7 route=6 laps=14 crashes=0 avg_out=131.3s avg_ret=146.9s avg_lap=290.3s best_lap=278.5
t=5102.7 route=7 laps=12 crashes=0 avg_out=167.0s avg_ret=147.4s avg_lap=326.5s best_lap=306.9
t=5102.7 route=8 laps=11 crashes=1 avg_out=174.9s avg_ret=178.5s avg_lap=365.7s best_lap=357.3
t=5102.7 TOTAL laps=81 crashes=17
t=5102.7 TUNER gen=1 results=26/64 pending=6 active=6 remaining=38 next_trial=105 rounds=[4,4,6,4,3,4,4,3]
t=5106.8 CRASH craft=Aircraft_10_nav_r3_103 route=3 phase=2 t=5106.8
t=5111.7 LAUNCH_BLOCKED reason=landing_or_storage_busy active=5 stored=2 no_active_s=0.0 state=IDLE tractor_cleanup=false elevator_transfer=false deck=none pending=none clearance=Aircraft_10_nav_r1_99 queue=0
t=5123.3 LAP_CAPTURE craft=Aircraft_10_nav_r1_99 route=1 return=279.9s lap=433.6s carrier_dist=200m t=5123.3
t=5126.8 LAUNCH_BLOCKED reason=deck_busy active=5 stored=2 no_active_s=0.0 state=RETRIEVING_FROM_HANGAR tractor_cleanup=false elevator_transfer=false deck=Aircraft_10_nav_r8_105 pending=none clearance=none queue=0
t=5132.8 LAP_CAPTURE craft=Aircraft_10_nav_r7_102 route=7 return=148.5s lap=327.4s carrier_dist=200m t=5132.8
t=5132.8 ==== SUMMARY t=5132.8 ====
t=5132.8 route=1 laps=13 crashes=0 avg_out=141.9s avg_ret=183.8s avg_lap=337.9s best_lap=311.0
t=5132.8 route=2 laps=7 crashes=5 avg_out=180.1s avg_ret=231.0s avg_lap=421.3s best_lap=400.6
t=5132.8 route=3 laps=3 crashes=12 avg_out=207.7s avg_ret=252.5s avg_lap=475.6s best_lap=463.2
t=5132.8 route=4 laps=12 crashes=0 avg_out=175.7s avg_ret=153.7s avg_lap=341.2s best_lap=325.7
t=5132.8 route=5 laps=10 crashes=0 avg_out=256.8s avg_ret=233.4s avg_lap=503.1s best_lap=483.6
t=5132.8 route=6 laps=14 crashes=0 avg_out=131.3s avg_ret=146.9s avg_lap=290.3s best_lap=278.5
t=5132.9 route=7 laps=13 crashes=0 avg_out=167.0s avg_ret=147.5s avg_lap=326.6s best_lap=306.9
t=5132.9 route=8 laps=11 crashes=1 avg_out=174.9s avg_ret=178.5s avg_lap=365.7s best_lap=357.3
t=5132.9 TOTAL laps=83 crashes=18
t=5132.9 TUNER gen=1 results=29/64 pending=4 active=4 remaining=35 next_trial=106 rounds=[4,4,6,4,3,4,4,4]
t=5137.1 SPAWN craft=Aircraft_10_nav_r8_105 route=8 candidate=3 trial=105 t=5137.1
t=5141.9 LAUNCH_BLOCKED reason=cleared_unready_nav_deck_aircraft active=4 stored=4 no_active_s=0.0 state=IDLE tractor_cleanup=false elevator_transfer=false deck=Aircraft_10_nav_r8_105 pending=none clearance=none queue=0
t=5149.9 LAP_CAPTURE craft=Aircraft_10_nav_r2_100 route=2 return=236.1s lap=430.0s carrier_dist=200m t=5149.9
t=5156.9 LAUNCH_BLOCKED reason=deck_busy active=4 stored=4 no_active_s=0.0 state=AIRCRAFT_ON_DECK tractor_cleanup=false elevator_transfer=false deck=Aircraft_10_nav_r6_106 pending=none clearance=none queue=0
t=5157.2 SPAWN craft=Aircraft_10_nav_r6_106 route=6 candidate=2 trial=106 t=5157.2
t=5162.8 ==== SUMMARY t=5162.8 ====
t=5162.8 route=1 laps=13 crashes=0 avg_out=141.9s avg_ret=183.8s avg_lap=337.9s best_lap=311.0
t=5162.8 route=2 laps=8 crashes=5 avg_out=180.1s avg_ret=231.7s avg_lap=422.4s best_lap=400.6
t=5162.9 route=3 laps=3 crashes=12 avg_out=207.7s avg_ret=252.5s avg_lap=475.6s best_lap=463.2
t=5162.9 route=4 laps=12 crashes=0 avg_out=175.7s avg_ret=153.7s avg_lap=341.2s best_lap=325.7
t=5162.9 route=5 laps=10 crashes=0 avg_out=256.8s avg_ret=233.4s avg_lap=503.1s best_lap=483.6
t=5162.9 route=6 laps=14 crashes=0 avg_out=131.3s avg_ret=146.9s avg_lap=290.3s best_lap=278.5
t=5162.9 route=7 laps=13 crashes=0 avg_out=167.0s avg_ret=147.5s avg_lap=326.6s best_lap=306.9
t=5162.9 route=8 laps=11 crashes=1 avg_out=174.9s avg_ret=178.5s avg_lap=365.7s best_lap=357.3
t=5162.9 TOTAL laps=84 crashes=18
t=5162.9 TUNER gen=1 results=30/64 pending=4 active=4 remaining=34 next_trial=107 rounds=[4,4,6,4,3,5,4,4]
t=5172.0 LAUNCH_BLOCKED reason=deck_busy active=5 stored=3 no_active_s=0.0 state=AIRCRAFT_ON_DECK tractor_cleanup=false elevator_transfer=true deck=Aircraft_10_nav_r3_107 pending=none clearance=none queue=0
t=5177.3 SPAWN craft=Aircraft_10_nav_r3_107 route=3 candidate=1 trial=107 t=5177.3
t=5187.1 LAUNCH_BLOCKED reason=deck_busy active=6 stored=2 no_active_s=0.0 state=RETRIEVING_FROM_HANGAR tractor_cleanup=false elevator_transfer=false deck=Aircraft_10_nav_r1_108 pending=none clearance=none queue=0
t=5192.9 ==== SUMMARY t=5192.9 ====
t=5192.9 route=1 laps=13 crashes=0 avg_out=141.9s avg_ret=183.8s avg_lap=337.9s best_lap=311.0
t=5192.9 route=2 laps=8 crashes=5 avg_out=180.1s avg_ret=231.7s avg_lap=422.4s best_lap=400.6
t=5192.9 route=3 laps=3 crashes=12 avg_out=207.7s avg_ret=252.5s avg_lap=475.6s best_lap=463.2
t=5192.9 route=4 laps=12 crashes=0 avg_out=175.7s avg_ret=153.7s avg_lap=341.2s best_lap=325.7
t=5192.9 route=5 laps=10 crashes=0 avg_out=256.8s avg_ret=233.4s avg_lap=503.1s best_lap=483.6
t=5192.9 route=6 laps=14 crashes=0 avg_out=131.3s avg_ret=146.9s avg_lap=290.3s best_lap=278.5
t=5192.9 route=7 laps=13 crashes=0 avg_out=167.0s avg_ret=147.5s avg_lap=326.6s best_lap=306.9
t=5192.9 route=8 laps=11 crashes=1 avg_out=174.9s avg_ret=178.5s avg_lap=365.7s best_lap=357.3
t=5192.9 TOTAL laps=84 crashes=18
t=5192.9 TUNER gen=1 results=30/64 pending=6 active=6 remaining=34 next_trial=109 rounds=[5,4,7,4,3,5,4,4]
t=5197.3 SPAWN craft=Aircraft_10_nav_r1_108 route=1 candidate=5 trial=108 t=5197.3
t=5202.1 LAUNCH_BLOCKED reason=cleared_unready_nav_deck_aircraft active=6 stored=2 no_active_s=0.0 state=IDLE tractor_cleanup=false elevator_transfer=false deck=Aircraft_10_nav_r1_108 pending=none clearance=none queue=0
t=5217.2 LAUNCH_BLOCKED reason=deck_busy active=7 stored=1 no_active_s=0.0 state=AIRCRAFT_ON_DECK tractor_cleanup=false elevator_transfer=false deck=Aircraft_10_nav_r7_109 pending=none clearance=none queue=0
t=5217.5 SPAWN craft=Aircraft_10_nav_r7_109 route=7 candidate=3 trial=109 t=5217.5
t=5222.9 ==== SUMMARY t=5222.9 ====
t=5222.9 route=1 laps=13 crashes=0 avg_out=141.9s avg_ret=183.8s avg_lap=337.9s best_lap=311.0
t=5222.9 route=2 laps=8 crashes=5 avg_out=180.1s avg_ret=231.7s avg_lap=422.4s best_lap=400.6
t=5222.9 route=3 laps=3 crashes=12 avg_out=207.7s avg_ret=252.5s avg_lap=475.6s best_lap=463.2
t=5222.9 route=4 laps=12 crashes=0 avg_out=175.7s avg_ret=153.7s avg_lap=341.2s best_lap=325.7
t=5222.9 route=5 laps=10 crashes=0 avg_out=256.8s avg_ret=233.4s avg_lap=503.1s best_lap=483.6
t=5222.9 route=6 laps=14 crashes=0 avg_out=131.3s avg_ret=146.9s avg_lap=290.3s best_lap=278.5
t=5222.9 route=7 laps=13 crashes=0 avg_out=167.0s avg_ret=147.5s avg_lap=326.6s best_lap=306.9
t=5223.0 route=8 laps=11 crashes=1 avg_out=174.9s avg_ret=178.5s avg_lap=365.7s best_lap=357.3
t=5223.0 TOTAL laps=84 crashes=18
t=5223.0 TUNER gen=1 results=30/64 pending=7 active=7 remaining=34 next_trial=110 rounds=[5,4,7,4,3,5,5,4]
t=5231.9 LAP_CAPTURE craft=Aircraft_10_nav_r4_104 route=4 return=150.9s lap=341.1s carrier_dist=200m t=5231.9
t=5237.3 LAUNCH_BLOCKED reason=deck_busy active=7 stored=1 no_active_s=0.0 state=AIRCRAFT_ON_DECK tractor_cleanup=false elevator_transfer=false deck=Aircraft_10_nav_r2_110 pending=none clearance=none queue=0
t=5237.6 SPAWN craft=Aircraft_10_nav_r2_110 route=2 candidate=6 trial=110 t=5237.6
t=5253.0 ==== SUMMARY t=5253.0 ====
t=5253.0 route=1 laps=13 crashes=0 avg_out=141.9s avg_ret=183.8s avg_lap=337.9s best_lap=311.0
t=5253.0 route=2 laps=8 crashes=5 avg_out=180.1s avg_ret=231.7s avg_lap=422.4s best_lap=400.6
t=5253.0 route=3 laps=3 crashes=12 avg_out=207.7s avg_ret=252.5s avg_lap=475.6s best_lap=463.2
t=5253.0 route=4 laps=13 crashes=0 avg_out=175.7s avg_ret=153.5s avg_lap=341.2s best_lap=325.7
t=5253.0 route=5 laps=10 crashes=0 avg_out=256.8s avg_ret=233.4s avg_lap=503.1s best_lap=483.6
t=5253.0 route=6 laps=14 crashes=0 avg_out=131.3s avg_ret=146.9s avg_lap=290.3s best_lap=278.5
t=5253.0 route=7 laps=13 crashes=0 avg_out=167.0s avg_ret=147.5s avg_lap=326.6s best_lap=306.9
t=5253.1 route=8 laps=11 crashes=1 avg_out=174.9s avg_ret=178.5s avg_lap=365.7s best_lap=357.3
t=5253.1 TOTAL laps=85 crashes=18
t=5253.1 TUNER gen=1 results=31/64 pending=8 active=8 remaining=33 next_trial=112 rounds=[5,5,7,5,3,5,5,4]
t=5257.7 SPAWN craft=Aircraft_10_nav_r4_111 route=4 candidate=8 trial=111 t=5257.7
t=5280.8 LZ_REACHED craft=Aircraft_10_nav_r6_106 route=6 outbound=123.6s t=5280.8
t=5283.0 ==== SUMMARY t=5283.0 ====
t=5283.0 route=1 laps=13 crashes=0 avg_out=141.9s avg_ret=183.8s avg_lap=337.9s best_lap=311.0
t=5283.0 route=2 laps=8 crashes=5 avg_out=180.1s avg_ret=231.7s avg_lap=422.4s best_lap=400.6
t=5283.0 route=3 laps=3 crashes=12 avg_out=207.7s avg_ret=252.5s avg_lap=475.6s best_lap=463.2
t=5283.0 route=4 laps=13 crashes=0 avg_out=175.7s avg_ret=153.5s avg_lap=341.2s best_lap=325.7
t=5283.0 route=5 laps=10 crashes=0 avg_out=256.8s avg_ret=233.4s avg_lap=503.1s best_lap=483.6
t=5283.0 route=6 laps=14 crashes=0 avg_out=130.8s avg_ret=146.9s avg_lap=290.3s best_lap=278.5
t=5283.0 route=7 laps=13 crashes=0 avg_out=167.0s avg_ret=147.5s avg_lap=326.6s best_lap=306.9
t=5283.0 route=8 laps=11 crashes=1 avg_out=174.9s avg_ret=178.5s avg_lap=365.7s best_lap=357.3
t=5283.0 TOTAL laps=85 crashes=18
t=5283.0 TUNER gen=1 results=31/64 pending=8 active=8 remaining=33 next_trial=112 rounds=[5,5,7,5,3,5,5,4]
t=5302.5 LZ_REACHED craft=Aircraft_10_nav_r8_105 route=8 outbound=165.4s t=5302.5
t=5313.1 ==== SUMMARY t=5313.1 ====
t=5313.1 route=1 laps=13 crashes=0 avg_out=141.9s avg_ret=183.8s avg_lap=337.9s best_lap=311.0
t=5313.1 route=2 laps=8 crashes=5 avg_out=180.1s avg_ret=231.7s avg_lap=422.4s best_lap=400.6
t=5313.1 route=3 laps=3 crashes=12 avg_out=207.7s avg_ret=252.5s avg_lap=475.6s best_lap=463.2
t=5313.1 route=4 laps=13 crashes=0 avg_out=175.7s avg_ret=153.5s avg_lap=341.2s best_lap=325.7
t=5313.1 route=5 laps=10 crashes=0 avg_out=256.8s avg_ret=233.4s avg_lap=503.1s best_lap=483.6
t=5313.1 route=6 laps=14 crashes=0 avg_out=130.8s avg_ret=146.9s avg_lap=290.3s best_lap=278.5
t=5313.1 route=7 laps=13 crashes=0 avg_out=167.0s avg_ret=147.5s avg_lap=326.6s best_lap=306.9
t=5313.1 route=8 laps=11 crashes=1 avg_out=174.2s avg_ret=178.5s avg_lap=365.7s best_lap=357.3
t=5313.1 TOTAL laps=85 crashes=18
t=5313.1 TUNER gen=1 results=31/64 pending=8 active=8 remaining=33 next_trial=112 rounds=[5,5,7,5,3,5,5,4]
t=5339.2 LZ_REACHED craft=Aircraft_10_nav_r1_108 route=1 outbound=141.9s t=5339.2
t=5343.1 ==== SUMMARY t=5343.1 ====
t=5343.1 route=1 laps=13 crashes=0 avg_out=141.9s avg_ret=183.8s avg_lap=337.9s best_lap=311.0
t=5343.1 route=2 laps=8 crashes=5 avg_out=180.1s avg_ret=231.7s avg_lap=422.4s best_lap=400.6
t=5343.1 route=3 laps=3 crashes=12 avg_out=207.7s avg_ret=252.5s avg_lap=475.6s best_lap=463.2
t=5343.1 route=4 laps=13 crashes=0 avg_out=175.7s avg_ret=153.5s avg_lap=341.2s best_lap=325.7
t=5343.1 route=5 laps=10 crashes=0 avg_out=256.8s avg_ret=233.4s avg_lap=503.1s best_lap=483.6
t=5343.1 route=6 laps=14 crashes=0 avg_out=130.8s avg_ret=146.9s avg_lap=290.3s best_lap=278.5
t=5343.1 route=7 laps=13 crashes=0 avg_out=167.0s avg_ret=147.5s avg_lap=326.6s best_lap=306.9
t=5343.1 route=8 laps=11 crashes=1 avg_out=174.2s avg_ret=178.5s avg_lap=365.7s best_lap=357.3
t=5343.1 TOTAL laps=85 crashes=18
t=5343.1 TUNER gen=1 results=31/64 pending=8 active=8 remaining=33 next_trial=112 rounds=[5,5,7,5,3,5,5,4]
t=5366.0 LZ_REACHED craft=Aircraft_10_nav_r5_98 route=5 outbound=706.3s t=5366.0
t=5373.1 ==== SUMMARY t=5373.1 ====
t=5373.1 route=1 laps=13 crashes=0 avg_out=141.9s avg_ret=183.8s avg_lap=337.9s best_lap=311.0
t=5373.1 route=2 laps=8 crashes=5 avg_out=180.1s avg_ret=231.7s avg_lap=422.4s best_lap=400.6
t=5373.2 route=3 laps=3 crashes=12 avg_out=207.7s avg_ret=252.5s avg_lap=475.6s best_lap=463.2
t=5373.2 route=4 laps=13 crashes=0 avg_out=175.7s avg_ret=153.5s avg_lap=341.2s best_lap=325.7
t=5373.2 route=5 laps=10 crashes=0 avg_out=294.3s avg_ret=233.4s avg_lap=503.1s best_lap=483.6
t=5373.2 route=6 laps=14 crashes=0 avg_out=130.8s avg_ret=146.9s avg_lap=290.3s best_lap=278.5
t=5373.2 route=7 laps=13 crashes=0 avg_out=167.0s avg_ret=147.5s avg_lap=326.6s best_lap=306.9
t=5373.2 route=8 laps=11 crashes=1 avg_out=174.2s avg_ret=178.5s avg_lap=365.7s best_lap=357.3
t=5373.2 TOTAL laps=85 crashes=18
t=5373.2 TUNER gen=1 results=31/64 pending=8 active=8 remaining=33 next_trial=112 rounds=[5,5,7,5,3,5,5,4]
t=5383.3 LZ_REACHED craft=Aircraft_10_nav_r3_107 route=3 outbound=206.1s t=5383.3
t=5387.5 LZ_REACHED craft=Aircraft_10_nav_r7_109 route=7 outbound=170.0s t=5387.5
t=5397.2 LZ_REACHED craft=Aircraft_10_nav_r2_110 route=2 outbound=159.6s t=5397.2
t=5403.3 ==== SUMMARY t=5403.3 ====
t=5403.3 route=1 laps=13 crashes=0 avg_out=141.9s avg_ret=183.8s avg_lap=337.9s best_lap=311.0
t=5403.3 route=2 laps=8 crashes=5 avg_out=178.6s avg_ret=231.7s avg_lap=422.4s best_lap=400.6
t=5403.3 route=3 laps=3 crashes=12 avg_out=207.6s avg_ret=252.5s avg_lap=475.6s best_lap=463.2
t=5403.3 route=4 laps=13 crashes=0 avg_out=175.7s avg_ret=153.5s avg_lap=341.2s best_lap=325.7
t=5403.3 route=5 laps=10 crashes=0 avg_out=294.3s avg_ret=233.4s avg_lap=503.1s best_lap=483.6
t=5403.4 route=6 laps=14 crashes=0 avg_out=130.8s avg_ret=146.9s avg_lap=290.3s best_lap=278.5
t=5403.4 route=7 laps=13 crashes=0 avg_out=167.2s avg_ret=147.5s avg_lap=326.6s best_lap=306.9
t=5403.4 route=8 laps=11 crashes=1 avg_out=174.2s avg_ret=178.5s avg_lap=365.7s best_lap=357.3
t=5403.4 TOTAL laps=85 crashes=18
t=5403.4 TUNER gen=1 results=31/64 pending=8 active=8 remaining=33 next_trial=112 rounds=[5,5,7,5,3,5,5,4]
t=5433.4 ==== SUMMARY t=5433.4 ====
t=5433.4 route=1 laps=13 crashes=0 avg_out=141.9s avg_ret=183.8s avg_lap=337.9s best_lap=311.0
t=5433.4 route=2 laps=8 crashes=5 avg_out=178.6s avg_ret=231.7s avg_lap=422.4s best_lap=400.6
t=5433.4 route=3 laps=3 crashes=12 avg_out=207.6s avg_ret=252.5s avg_lap=475.6s best_lap=463.2
t=5433.4 route=4 laps=13 crashes=0 avg_out=175.7s avg_ret=153.5s avg_lap=341.2s best_lap=325.7
t=5433.4 route=5 laps=10 crashes=0 avg_out=294.3s avg_ret=233.4s avg_lap=503.1s best_lap=483.6
t=5433.4 route=6 laps=14 crashes=0 avg_out=130.8s avg_ret=146.9s avg_lap=290.3s best_lap=278.5
t=5433.4 route=7 laps=13 crashes=0 avg_out=167.2s avg_ret=147.5s avg_lap=326.6s best_lap=306.9
t=5433.4 route=8 laps=11 crashes=1 avg_out=174.2s avg_ret=178.5s avg_lap=365.7s best_lap=357.3
t=5433.4 TOTAL laps=85 crashes=18
t=5433.4 TUNER gen=1 results=31/64 pending=8 active=8 remaining=33 next_trial=112 rounds=[5,5,7,5,3,5,5,4]
t=5436.0 LZ_REACHED craft=Aircraft_10_nav_r4_111 route=4 outbound=178.3s t=5436.0
t=5436.3 CRASH craft=Aircraft_10_nav_r3_107 route=3 phase=2 t=5436.3
t=5443.0 LAP_CAPTURE craft=Aircraft_10_nav_r6_106 route=6 return=150.2s lap=285.8s carrier_dist=200m t=5443.0
t=5448.4 LAUNCH_BLOCKED reason=deck_busy active=7 stored=1 no_active_s=0.0 state=AIRCRAFT_ON_DECK tractor_cleanup=false elevator_transfer=true deck=Aircraft_10_nav_r3_112 pending=none clearance=none queue=0
t=5453.6 SPAWN craft=Aircraft_10_nav_r3_112 route=3 candidate=2 trial=112 t=5453.6
t=5463.5 ==== SUMMARY t=5463.5 ====
t=5463.5 route=1 laps=13 crashes=0 avg_out=141.9s avg_ret=183.8s avg_lap=337.9s best_lap=311.0
t=5463.6 route=2 laps=8 crashes=5 avg_out=178.6s avg_ret=231.7s avg_lap=422.4s best_lap=400.6
t=5463.6 route=3 laps=3 crashes=13 avg_out=207.6s avg_ret=252.5s avg_lap=475.6s best_lap=463.2
t=5463.6 route=4 laps=13 crashes=0 avg_out=175.9s avg_ret=153.5s avg_lap=341.2s best_lap=325.7
t=5463.6 route=5 laps=10 crashes=0 avg_out=294.3s avg_ret=233.4s avg_lap=503.1s best_lap=483.6
t=5463.6 route=6 laps=15 crashes=0 avg_out=130.8s avg_ret=147.1s avg_lap=290.0s best_lap=278.5
t=5463.6 route=7 laps=13 crashes=0 avg_out=167.2s avg_ret=147.5s avg_lap=326.6s best_lap=306.9
t=5463.6 route=8 laps=11 crashes=1 avg_out=174.2s avg_ret=178.5s avg_lap=365.7s best_lap=357.3
t=5463.6 TOTAL laps=86 crashes=19
t=5463.6 TUNER gen=1 results=33/64 pending=7 active=7 remaining=31 next_trial=113 rounds=[5,5,8,5,3,5,5,4]
t=5473.7 SPAWN craft=Aircraft_10_nav_r6_113 route=6 candidate=3 trial=113 t=5473.7
t=5493.6 ==== SUMMARY t=5493.6 ====
t=5493.6 route=1 laps=13 crashes=0 avg_out=141.9s avg_ret=183.8s avg_lap=337.9s best_lap=311.0
t=5493.6 route=2 laps=8 crashes=5 avg_out=178.6s avg_ret=231.7s avg_lap=422.4s best_lap=400.6
t=5493.6 route=3 laps=3 crashes=13 avg_out=207.6s avg_ret=252.5s avg_lap=475.6s best_lap=463.2
t=5493.6 route=4 laps=13 crashes=0 avg_out=175.9s avg_ret=153.5s avg_lap=341.2s best_lap=325.7
t=5493.6 route=5 laps=10 crashes=0 avg_out=294.3s avg_ret=233.4s avg_lap=503.1s best_lap=483.6
t=5493.6 route=6 laps=15 crashes=0 avg_out=130.8s avg_ret=147.1s avg_lap=290.0s best_lap=278.5
t=5493.6 route=7 laps=13 crashes=0 avg_out=167.2s avg_ret=147.5s avg_lap=326.6s best_lap=306.9
t=5493.6 route=8 laps=11 crashes=1 avg_out=174.2s avg_ret=178.5s avg_lap=365.7s best_lap=357.3
t=5493.7 TOTAL laps=86 crashes=19
t=5493.7 TUNER gen=1 results=33/64 pending=8 active=8 remaining=31 next_trial=114 rounds=[5,5,8,5,3,6,5,4]
t=5499.0 LAP_CAPTURE craft=Aircraft_10_nav_r8_105 route=8 return=184.5s lap=361.9s carrier_dist=200m t=5499.0
t=5508.7 LAUNCH_BLOCKED reason=landing_or_storage_busy active=7 stored=1 no_active_s=0.0 state=IDLE tractor_cleanup=false elevator_transfer=false deck=Aircraft_10_nav_r6_113 pending=none clearance=Aircraft_10_nav_r1_108 queue=0
t=5515.6 LAP_CAPTURE craft=Aircraft_10_nav_r1_108 route=1 return=164.3s lap=318.2s carrier_dist=200m t=5515.6
t=5523.6 ==== SUMMARY t=5523.6 ====
t=5523.6 route=1 laps=14 crashes=0 avg_out=141.9s avg_ret=182.4s avg_lap=336.4s best_lap=311.0
t=5523.7 route=2 laps=8 crashes=5 avg_out=178.6s avg_ret=231.7s avg_lap=422.4s best_lap=400.6
t=5523.7 route=3 laps=3 crashes=13 avg_out=207.6s avg_ret=252.5s avg_lap=475.6s best_lap=463.2
t=5523.7 route=4 laps=13 crashes=0 avg_out=175.9s avg_ret=153.5s avg_lap=341.2s best_lap=325.7
t=5523.7 route=5 laps=10 crashes=0 avg_out=294.3s avg_ret=233.4s avg_lap=503.1s best_lap=483.6
t=5523.7 route=6 laps=15 crashes=0 avg_out=130.8s avg_ret=147.1s avg_lap=290.0s best_lap=278.5
t=5523.7 route=7 laps=13 crashes=0 avg_out=167.2s avg_ret=147.5s avg_lap=326.6s best_lap=306.9
t=5523.7 route=8 laps=12 crashes=1 avg_out=174.2s avg_ret=179.0s avg_lap=365.4s best_lap=357.3
t=5523.7 TOTAL laps=88 crashes=19
t=5523.7 TUNER gen=1 results=35/64 pending=6 active=6 remaining=29 next_trial=114 rounds=[5,5,8,5,3,6,5,4]
t=5523.8 LAUNCH_BLOCKED reason=deck_busy active=7 stored=1 no_active_s=0.0 state=RETRIEVING_FROM_HANGAR tractor_cleanup=false elevator_transfer=false deck=Aircraft_10_nav_r8_114 pending=none clearance=none queue=0
t=5533.9 SPAWN craft=Aircraft_10_nav_r8_114 route=8 candidate=4 trial=114 t=5533.9
t=5537.4 LAP_CAPTURE craft=Aircraft_10_nav_r7_109 route=7 return=137.9s lap=320.0s carrier_dist=200m t=5537.4
t=5538.8 LAUNCH_BLOCKED reason=cleared_unready_nav_deck_aircraft active=6 stored=1 no_active_s=0.0 state=IDLE tractor_cleanup=false elevator_transfer=false deck=Aircraft_10_nav_r8_114 pending=none clearance=none queue=0
t=5552.2 TUNING_TIMEOUT craft=Aircraft_10_nav_r5_98 route=5 trial=98
t=5552.2 CRASH craft=Aircraft_10_nav_r5_98 route=5 phase=2 t=5552.2
t=5553.7 ==== SUMMARY t=5553.7 ====
t=5553.7 route=1 laps=14 crashes=0 avg_out=141.9s avg_ret=182.4s avg_lap=336.4s best_lap=311.0
t=5553.7 route=2 laps=8 crashes=5 avg_out=178.6s avg_ret=231.7s avg_lap=422.4s best_lap=400.6
t=5553.7 route=3 laps=3 crashes=13 avg_out=207.6s avg_ret=252.5s avg_lap=475.6s best_lap=463.2
t=5553.7 route=4 laps=13 crashes=0 avg_out=175.9s avg_ret=153.5s avg_lap=341.2s best_lap=325.7
t=5553.7 route=5 laps=10 crashes=1 avg_out=294.3s avg_ret=233.4s avg_lap=503.1s best_lap=483.6
t=5553.7 route=6 laps=15 crashes=0 avg_out=130.8s avg_ret=147.1s avg_lap=290.0s best_lap=278.5
t=5553.7 route=7 laps=14 crashes=0 avg_out=167.2s avg_ret=146.8s avg_lap=326.1s best_lap=306.9
t=5553.7 route=8 laps=12 crashes=1 avg_out=174.2s avg_ret=179.0s avg_lap=365.4s best_lap=357.3
t=5553.7 TOTAL laps=89 crashes=20
t=5553.8 TUNER gen=1 results=37/64 pending=6 active=6 remaining=27 next_trial=116 rounds=[6,5,8,5,3,6,5,5]
t=5553.9 LAUNCH_BLOCKED reason=deck_busy active=6 stored=1 no_active_s=0.0 state=AIRCRAFT_ON_DECK tractor_cleanup=false elevator_transfer=false deck=Aircraft_10_nav_r1_115 pending=none clearance=none queue=0
t=5554.2 SPAWN craft=Aircraft_10_nav_r1_115 route=1 candidate=6 trial=115 t=5554.2
t=5569.0 LAUNCH_BLOCKED reason=deck_busy active=7 stored=1 no_active_s=0.0 state=AIRCRAFT_ON_DECK tractor_cleanup=false elevator_transfer=true deck=Aircraft_10_nav_r7_116 pending=none clearance=none queue=0
t=5574.2 SPAWN craft=Aircraft_10_nav_r7_116 route=7 candidate=4 trial=116 t=5574.2
t=5583.8 ==== SUMMARY t=5583.8 ====
t=5583.8 route=1 laps=14 crashes=0 avg_out=141.9s avg_ret=182.4s avg_lap=336.4s best_lap=311.0
t=5583.8 route=2 laps=8 crashes=5 avg_out=178.6s avg_ret=231.7s avg_lap=422.4s best_lap=400.6
t=5583.8 route=3 laps=3 crashes=13 avg_out=207.6s avg_ret=252.5s avg_lap=475.6s best_lap=463.2
t=5583.8 route=4 laps=13 crashes=0 avg_out=175.9s avg_ret=153.5s avg_lap=341.2s best_lap=325.7
t=5583.8 route=5 laps=10 crashes=1 avg_out=294.3s avg_ret=233.4s avg_lap=503.1s best_lap=483.6
t=5583.8 route=6 laps=15 crashes=0 avg_out=130.8s avg_ret=147.1s avg_lap=290.0s best_lap=278.5
t=5583.8 route=7 laps=14 crashes=0 avg_out=167.2s avg_ret=146.8s avg_lap=326.1s best_lap=306.9
t=5583.8 route=8 laps=12 crashes=1 avg_out=174.2s avg_ret=179.0s avg_lap=365.4s best_lap=357.3
t=5583.8 TOTAL laps=89 crashes=20
t=5583.8 TUNER gen=1 results=37/64 pending=7 active=7 remaining=27 next_trial=117 rounds=[6,5,8,5,3,6,6,5]
t=5594.4 SPAWN craft=Aircraft_10_nav_r5_117 route=5 candidate=8 trial=117 t=5594.4
t=5609.8 LAP_CAPTURE craft=Aircraft_10_nav_r4_111 route=4 return=161.8s lap=352.1s carrier_dist=200m t=5609.8
t=5613.0 LZ_REACHED craft=Aircraft_10_nav_r6_113 route=6 outbound=139.3s t=5613.0
t=5613.9 ==== SUMMARY t=5613.9 ====
t=5613.9 route=1 laps=14 crashes=0 avg_out=141.9s avg_ret=182.4s avg_lap=336.4s best_lap=311.0
t=5613.9 route=2 laps=8 crashes=5 avg_out=178.6s avg_ret=231.7s avg_lap=422.4s best_lap=400.6
t=5613.9 route=3 laps=3 crashes=13 avg_out=207.6s avg_ret=252.5s avg_lap=475.6s best_lap=463.2
t=5613.9 route=4 laps=14 crashes=0 avg_out=175.9s avg_ret=154.1s avg_lap=342.0s best_lap=325.7
t=5613.9 route=5 laps=10 crashes=1 avg_out=294.3s avg_ret=233.4s avg_lap=503.1s best_lap=483.6
t=5613.9 route=6 laps=15 crashes=0 avg_out=131.3s avg_ret=147.1s avg_lap=290.0s best_lap=278.5
t=5613.9 route=7 laps=14 crashes=0 avg_out=167.2s avg_ret=146.8s avg_lap=326.1s best_lap=306.9
t=5613.9 route=8 laps=12 crashes=1 avg_out=174.2s avg_ret=179.0s avg_lap=365.4s best_lap=357.3
t=5613.9 TOTAL laps=90 crashes=20
t=5613.9 TUNER gen=1 results=38/64 pending=7 active=7 remaining=26 next_trial=118 rounds=[6,5,8,5,4,6,6,5]
t=5629.6 SPAWN craft=Aircraft_10_nav_r4_118 route=4 candidate=1 trial=118 t=5629.5
t=5641.2 LAP_CAPTURE craft=Aircraft_10_nav_r2_110 route=2 return=231.9s lap=403.6s carrier_dist=200m t=5641.2
t=5644.0 ==== SUMMARY t=5644.0 ====
t=5644.0 route=1 laps=14 crashes=0 avg_out=141.9s avg_ret=182.4s avg_lap=336.4s best_lap=311.0
t=5644.0 route=2 laps=9 crashes=5 avg_out=178.6s avg_ret=231.7s avg_lap=420.3s best_lap=400.6
t=5644.0 route=3 laps=3 crashes=13 avg_out=207.6s avg_ret=252.5s avg_lap=475.6s best_lap=463.2
t=5644.0 route=4 laps=14 crashes=0 avg_out=175.9s avg_ret=154.1s avg_lap=342.0s best_lap=325.7
t=5644.0 route=5 laps=10 crashes=1 avg_out=294.3s avg_ret=233.4s avg_lap=503.1s best_lap=483.6
t=5644.0 route=6 laps=15 crashes=0 avg_out=131.3s avg_ret=147.1s avg_lap=290.0s best_lap=278.5
t=5644.0 route=7 laps=14 crashes=0 avg_out=167.2s avg_ret=146.8s avg_lap=326.1s best_lap=306.9
t=5644.0 route=8 laps=12 crashes=1 avg_out=174.2s avg_ret=179.0s avg_lap=365.4s best_lap=357.3
t=5644.0 TOTAL laps=91 crashes=20
t=5644.0 TUNER gen=1 results=39/64 pending=7 active=7 remaining=25 next_trial=119 rounds=[6,5,8,6,4,6,6,5]
t=5649.8 LZ_REACHED craft=Aircraft_10_nav_r3_112 route=3 outbound=196.2s t=5649.8
t=5659.7 SPAWN craft=Aircraft_10_nav_r2_119 route=2 candidate=7 trial=119 t=5659.7
t=5674.0 ==== SUMMARY t=5674.0 ====
t=5674.0 route=1 laps=14 crashes=0 avg_out=141.9s avg_ret=182.4s avg_lap=336.4s best_lap=311.0
t=5674.0 route=2 laps=9 crashes=5 avg_out=178.6s avg_ret=231.7s avg_lap=420.3s best_lap=400.6
t=5674.0 route=3 laps=3 crashes=13 avg_out=206.6s avg_ret=252.5s avg_lap=475.6s best_lap=463.2
t=5674.0 route=4 laps=14 crashes=0 avg_out=175.9s avg_ret=154.1s avg_lap=342.0s best_lap=325.7
t=5674.0 route=5 laps=10 crashes=1 avg_out=294.3s avg_ret=233.4s avg_lap=503.1s best_lap=483.6
t=5674.0 route=6 laps=15 crashes=0 avg_out=131.3s avg_ret=147.1s avg_lap=290.0s best_lap=278.5
t=5674.0 route=7 laps=14 crashes=0 avg_out=167.2s avg_ret=146.8s avg_lap=326.1s best_lap=306.9
t=5674.0 route=8 laps=12 crashes=1 avg_out=174.2s avg_ret=179.0s avg_lap=365.4s best_lap=357.3
t=5674.0 TOTAL laps=91 crashes=20
t=5674.0 TUNER gen=1 results=39/64 pending=8 active=8 remaining=25 next_trial=120 rounds=[6,6,8,6,4,6,6,5]
t=5693.5 LZ_REACHED craft=Aircraft_10_nav_r1_115 route=1 outbound=139.4s t=5693.5
t=5699.6 LZ_REACHED craft=Aircraft_10_nav_r8_114 route=8 outbound=165.7s t=5699.6
t=5704.0 ==== SUMMARY t=5704.0 ====
t=5704.0 route=1 laps=14 crashes=0 avg_out=141.8s avg_ret=182.4s avg_lap=336.4s best_lap=311.0
t=5704.0 route=2 laps=9 crashes=5 avg_out=178.6s avg_ret=231.7s avg_lap=420.3s best_lap=400.6
t=5704.0 route=3 laps=3 crashes=13 avg_out=206.6s avg_ret=252.5s avg_lap=475.6s best_lap=463.2
t=5704.0 route=4 laps=14 crashes=0 avg_out=175.9s avg_ret=154.1s avg_lap=342.0s best_lap=325.7
t=5704.1 route=5 laps=10 crashes=1 avg_out=294.3s avg_ret=233.4s avg_lap=503.1s best_lap=483.6
t=5704.1 route=6 laps=15 crashes=0 avg_out=131.3s avg_ret=147.1s avg_lap=290.0s best_lap=278.5
t=5704.1 route=7 laps=14 crashes=0 avg_out=167.2s avg_ret=146.8s avg_lap=326.1s best_lap=306.9
t=5704.1 route=8 laps=12 crashes=1 avg_out=173.6s avg_ret=179.0s avg_lap=365.4s best_lap=357.3
t=5704.1 TOTAL laps=91 crashes=20
t=5704.1 TUNER gen=1 results=39/64 pending=8 active=8 remaining=25 next_trial=120 rounds=[6,6,8,6,4,6,6,5]
t=5734.1 ==== SUMMARY t=5734.1 ====
t=5734.1 route=1 laps=14 crashes=0 avg_out=141.8s avg_ret=182.4s avg_lap=336.4s best_lap=311.0
t=5734.1 route=2 laps=9 crashes=5 avg_out=178.6s avg_ret=231.7s avg_lap=420.3s best_lap=400.6
t=5734.1 route=3 laps=3 crashes=13 avg_out=206.6s avg_ret=252.5s avg_lap=475.6s best_lap=463.2
t=5734.1 route=4 laps=14 crashes=0 avg_out=175.9s avg_ret=154.1s avg_lap=342.0s best_lap=325.7
t=5734.1 route=5 laps=10 crashes=1 avg_out=294.3s avg_ret=233.4s avg_lap=503.1s best_lap=483.6
t=5734.2 route=6 laps=15 crashes=0 avg_out=131.3s avg_ret=147.1s avg_lap=290.0s best_lap=278.5
t=5734.2 route=7 laps=14 crashes=0 avg_out=167.2s avg_ret=146.8s avg_lap=326.1s best_lap=306.9
t=5734.2 route=8 laps=12 crashes=1 avg_out=173.6s avg_ret=179.0s avg_lap=365.4s best_lap=357.3
t=5734.2 TOTAL laps=91 crashes=20
t=5734.2 TUNER gen=1 results=39/64 pending=8 active=8 remaining=25 next_trial=120 rounds=[6,6,8,6,4,6,6,5]
t=5737.5 LZ_REACHED craft=Aircraft_10_nav_r7_116 route=7 outbound=163.3s t=5737.5
t=5764.1 ==== SUMMARY t=5764.1 ====
t=5764.1 route=1 laps=14 crashes=0 avg_out=141.8s avg_ret=182.4s avg_lap=336.4s best_lap=311.0
t=5764.1 route=2 laps=9 crashes=5 avg_out=178.6s avg_ret=231.7s avg_lap=420.3s best_lap=400.6
t=5764.1 route=3 laps=3 crashes=13 avg_out=206.6s avg_ret=252.5s avg_lap=475.6s best_lap=463.2
t=5764.1 route=4 laps=14 crashes=0 avg_out=175.9s avg_ret=154.1s avg_lap=342.0s best_lap=325.7
t=5764.1 route=5 laps=10 crashes=1 avg_out=294.3s avg_ret=233.4s avg_lap=503.1s best_lap=483.6
t=5764.2 route=6 laps=15 crashes=0 avg_out=131.3s avg_ret=147.1s avg_lap=290.0s best_lap=278.5
t=5764.2 route=7 laps=14 crashes=0 avg_out=167.0s avg_ret=146.8s avg_lap=326.1s best_lap=306.9
t=5764.2 route=8 laps=12 crashes=1 avg_out=173.6s avg_ret=179.0s avg_lap=365.4s best_lap=357.3
t=5764.2 TOTAL laps=91 crashes=20
t=5764.2 TUNER gen=1 results=39/64 pending=8 active=8 remaining=25 next_trial=120 rounds=[6,6,8,6,4,6,6,5]
t=5770.7 LAP_CAPTURE craft=Aircraft_10_nav_r6_113 route=6 return=145.6s lap=297.0s carrier_dist=200m t=5770.7
t=5790.2 SPAWN craft=Aircraft_10_nav_r6_120 route=6 candidate=4 trial=120 t=5790.2
t=5794.2 ==== SUMMARY t=5794.2 ====
t=5794.2 route=1 laps=14 crashes=0 avg_out=141.8s avg_ret=182.4s avg_lap=336.4s best_lap=311.0
t=5794.2 route=2 laps=9 crashes=5 avg_out=178.6s avg_ret=231.7s avg_lap=420.3s best_lap=400.6
t=5794.2 route=3 laps=3 crashes=13 avg_out=206.6s avg_ret=252.5s avg_lap=475.6s best_lap=463.2
t=5794.2 route=4 laps=14 crashes=0 avg_out=175.9s avg_ret=154.1s avg_lap=342.0s best_lap=325.7
t=5794.2 route=5 laps=10 crashes=1 avg_out=294.3s avg_ret=233.4s avg_lap=503.1s best_lap=483.6
t=5794.2 route=6 laps=16 crashes=0 avg_out=131.3s avg_ret=147.0s avg_lap=290.4s best_lap=278.5
t=5794.2 route=7 laps=14 crashes=0 avg_out=167.0s avg_ret=146.8s avg_lap=326.1s best_lap=306.9
t=5794.2 route=8 laps=12 crashes=1 avg_out=173.6s avg_ret=179.0s avg_lap=365.4s best_lap=357.3
t=5794.2 TOTAL laps=92 crashes=20
t=5794.2 TUNER gen=1 results=40/64 pending=8 active=8 remaining=24 next_trial=121 rounds=[6,6,8,6,4,7,6,5]
t=5804.2 LZ_REACHED craft=Aircraft_10_nav_r4_118 route=4 outbound=174.6s t=5804.2
t=5824.2 ==== SUMMARY t=5824.2 ====
t=5824.2 route=1 laps=14 crashes=0 avg_out=141.8s avg_ret=182.4s avg_lap=336.4s best_lap=311.0
t=5824.2 route=2 laps=9 crashes=5 avg_out=178.6s avg_ret=231.7s avg_lap=420.3s best_lap=400.6
t=5824.2 route=3 laps=3 crashes=13 avg_out=206.6s avg_ret=252.5s avg_lap=475.6s best_lap=463.2
t=5824.3 route=4 laps=14 crashes=0 avg_out=175.8s avg_ret=154.1s avg_lap=342.0s best_lap=325.7
t=5824.3 route=5 laps=10 crashes=1 avg_out=294.3s avg_ret=233.4s avg_lap=503.1s best_lap=483.6
t=5824.3 route=6 laps=16 crashes=0 avg_out=131.3s avg_ret=147.0s avg_lap=290.4s best_lap=278.5
t=5824.3 route=7 laps=14 crashes=0 avg_out=167.0s avg_ret=146.8s avg_lap=326.1s best_lap=306.9
t=5824.3 route=8 laps=12 crashes=1 avg_out=173.6s avg_ret=179.0s avg_lap=365.4s best_lap=357.3
t=5824.3 TOTAL laps=92 crashes=20
t=5824.3 TUNER gen=1 results=40/64 pending=8 active=8 remaining=24 next_trial=121 rounds=[6,6,8,6,4,7,6,5]
t=5834.2 LZ_REACHED craft=Aircraft_10_nav_r2_119 route=2 outbound=174.5s t=5834.2
t=5851.2 LZ_REACHED craft=Aircraft_10_nav_r5_117 route=5 outbound=256.8s t=5851.2
t=5854.3 ==== SUMMARY t=5854.3 ====
t=5854.3 route=1 laps=14 crashes=0 avg_out=141.8s avg_ret=182.4s avg_lap=336.4s best_lap=311.0
t=5854.3 route=2 laps=9 crashes=5 avg_out=178.4s avg_ret=231.7s avg_lap=420.3s best_lap=400.6
t=5854.3 route=3 laps=3 crashes=13 avg_out=206.6s avg_ret=252.5s avg_lap=475.6s best_lap=463.2
t=5854.3 route=4 laps=14 crashes=0 avg_out=175.8s avg_ret=154.1s avg_lap=342.0s best_lap=325.7
t=5854.3 route=5 laps=10 crashes=1 avg_out=291.4s avg_ret=233.4s avg_lap=503.1s best_lap=483.6
t=5854.3 route=6 laps=16 crashes=0 avg_out=131.3s avg_ret=147.0s avg_lap=290.4s best_lap=278.5
t=5854.3 route=7 laps=14 crashes=0 avg_out=167.0s avg_ret=146.8s avg_lap=326.1s best_lap=306.9
t=5854.3 route=8 laps=12 crashes=1 avg_out=173.6s avg_ret=179.0s avg_lap=365.4s best_lap=357.3
t=5854.4 TOTAL laps=92 crashes=20
t=5854.4 TUNER gen=1 results=40/64 pending=8 active=8 remaining=24 next_trial=121 rounds=[6,6,8,6,4,7,6,5]
t=5867.9 LAP_CAPTURE craft=Aircraft_10_nav_r1_115 route=1 return=162.3s lap=313.7s carrier_dist=200m t=5867.9
t=5875.5 LAUNCH_BLOCKED reason=landing_or_storage_busy active=7 stored=1 no_active_s=0.0 state=IDLE tractor_cleanup=false elevator_transfer=false deck=none pending=none clearance=Aircraft_10_nav_r8_114 queue=0
t=5884.4 ==== SUMMARY t=5884.4 ====
t=5884.4 route=1 laps=15 crashes=0 avg_out=141.8s avg_ret=181.1s avg_lap=334.9s best_lap=311.0
t=5884.4 route=2 laps=9 crashes=5 avg_out=178.4s avg_ret=231.7s avg_lap=420.3s best_lap=400.6
t=5884.4 route=3 laps=3 crashes=13 avg_out=206.6s avg_ret=252.5s avg_lap=475.6s best_lap=463.2
t=5884.5 route=4 laps=14 crashes=0 avg_out=175.8s avg_ret=154.1s avg_lap=342.0s best_lap=325.7
t=5884.5 route=5 laps=10 crashes=1 avg_out=291.4s avg_ret=233.4s avg_lap=503.1s best_lap=483.6
t=5884.5 route=6 laps=16 crashes=0 avg_out=131.3s avg_ret=147.0s avg_lap=290.4s best_lap=278.5
t=5884.5 route=7 laps=14 crashes=0 avg_out=167.0s avg_ret=146.8s avg_lap=326.1s best_lap=306.9
t=5884.5 route=8 laps=12 crashes=1 avg_out=173.6s avg_ret=179.0s avg_lap=365.4s best_lap=357.3
t=5884.5 TOTAL laps=93 crashes=20
t=5884.5 TUNER gen=1 results=41/64 pending=7 active=7 remaining=23 next_trial=121 rounds=[6,6,8,6,4,7,6,5]
t=5889.1 LAP_CAPTURE craft=Aircraft_10_nav_r8_114 route=8 return=177.6s lap=355.2s carrier_dist=200m t=5889.1
t=5895.6 LAUNCH_BLOCKED reason=deck_busy active=7 stored=1 no_active_s=0.0 state=RETRIEVING_FROM_HANGAR tractor_cleanup=false elevator_transfer=false deck=Aircraft_10_nav_r1_121 pending=none clearance=none queue=0
t=5903.1 LAP_CAPTURE craft=Aircraft_10_nav_r7_116 route=7 return=153.6s lap=328.9s carrier_dist=200m t=5903.1
t=5905.9 SPAWN craft=Aircraft_10_nav_r1_121 route=1 candidate=7 trial=121 t=5905.9
t=5910.7 LAUNCH_BLOCKED reason=cleared_unready_nav_deck_aircraft active=6 stored=2 no_active_s=0.0 state=IDLE tractor_cleanup=false elevator_transfer=false deck=Aircraft_10_nav_r1_121 pending=none clearance=none queue=0
t=5913.0 LZ_REACHED craft=Aircraft_10_nav_r6_120 route=6 outbound=122.8s t=5913.0
t=5914.5 ==== SUMMARY t=5914.5 ====
t=5914.5 route=1 laps=15 crashes=0 avg_out=141.8s avg_ret=181.1s avg_lap=334.9s best_lap=311.0
t=5914.5 route=2 laps=9 crashes=5 avg_out=178.4s avg_ret=231.7s avg_lap=420.3s best_lap=400.6
t=5914.5 route=3 laps=3 crashes=13 avg_out=206.6s avg_ret=252.5s avg_lap=475.6s best_lap=463.2
t=5914.5 route=4 laps=14 crashes=0 avg_out=175.8s avg_ret=154.1s avg_lap=342.0s best_lap=325.7
t=5914.5 route=5 laps=10 crashes=1 avg_out=291.4s avg_ret=233.4s avg_lap=503.1s best_lap=483.6
t=5914.5 route=6 laps=16 crashes=0 avg_out=130.8s avg_ret=147.0s avg_lap=290.4s best_lap=278.5
t=5914.5 route=7 laps=15 crashes=0 avg_out=167.0s avg_ret=147.3s avg_lap=326.3s best_lap=306.9
t=5914.5 route=8 laps=13 crashes=1 avg_out=173.6s avg_ret=178.9s avg_lap=364.6s best_lap=355.2
t=5914.6 TOTAL laps=95 crashes=20
t=5914.6 TUNER gen=1 results=43/64 pending=6 active=6 remaining=21 next_trial=122 rounds=[7,6,8,6,4,7,6,5]
t=5925.8 LAUNCH_BLOCKED reason=deck_busy active=7 stored=1 no_active_s=0.0 state=AIRCRAFT_ON_DECK tractor_cleanup=false elevator_transfer=false deck=Aircraft_10_nav_r8_122 pending=none clearance=none queue=0
t=5926.0 SPAWN craft=Aircraft_10_nav_r8_122 route=8 candidate=5 trial=122 t=5926.0
t=5944.6 ==== SUMMARY t=5944.6 ====
t=5944.6 route=1 laps=15 crashes=0 avg_out=141.8s avg_ret=181.1s avg_lap=334.9s best_lap=311.0
t=5944.6 route=2 laps=9 crashes=5 avg_out=178.4s avg_ret=231.7s avg_lap=420.3s best_lap=400.6
t=5944.6 route=3 laps=3 crashes=13 avg_out=206.6s avg_ret=252.5s avg_lap=475.6s best_lap=463.2
t=5944.6 route=4 laps=14 crashes=0 avg_out=175.8s avg_ret=154.1s avg_lap=342.0s best_lap=325.7
t=5944.6 route=5 laps=10 crashes=1 avg_out=291.4s avg_ret=233.4s avg_lap=503.1s best_lap=483.6
t=5944.6 route=6 laps=16 crashes=0 avg_out=130.8s avg_ret=147.0s avg_lap=290.4s best_lap=278.5
t=5944.6 route=7 laps=15 crashes=0 avg_out=167.0s avg_ret=147.3s avg_lap=326.3s best_lap=306.9
t=5944.6 route=8 laps=13 crashes=1 avg_out=173.6s avg_ret=178.9s avg_lap=364.6s best_lap=355.2
t=5944.6 TOTAL laps=95 crashes=20
t=5944.6 TUNER gen=1 results=43/64 pending=8 active=8 remaining=21 next_trial=124 rounds=[7,6,8,6,4,7,7,6]
t=5946.1 SPAWN craft=Aircraft_10_nav_r7_123 route=7 candidate=5 trial=123 t=5946.1
t=5965.0 LAP_CAPTURE craft=Aircraft_10_nav_r3_112 route=3 return=303.2s lap=511.4s carrier_dist=200m t=5965.0
t=5971.3 LAP_CAPTURE craft=Aircraft_10_nav_r4_118 route=4 return=155.1s lap=341.7s carrier_dist=200m t=5971.3
t=5973.7 TUNING_REASSIGN craft=Aircraft_10_nav_r3_124 requested_route=3 assigned_route=5
t=5974.6 ==== SUMMARY t=5974.6 ====
t=5974.6 route=1 laps=15 crashes=0 avg_out=141.8s avg_ret=181.1s avg_lap=334.9s best_lap=311.0
t=5974.6 route=2 laps=9 crashes=5 avg_out=178.4s avg_ret=231.7s avg_lap=420.3s best_lap=400.6
t=5974.6 route=3 laps=4 crashes=13 avg_out=206.6s avg_ret=265.2s avg_lap=484.5s best_lap=463.2
t=5974.6 route=4 laps=15 crashes=0 avg_out=175.8s avg_ret=154.1s avg_lap=342.0s best_lap=325.7
t=5974.6 route=5 laps=10 crashes=1 avg_out=291.4s avg_ret=233.4s avg_lap=503.1s best_lap=483.6
t=5974.7 route=6 laps=16 crashes=0 avg_out=130.8s avg_ret=147.0s avg_lap=290.4s best_lap=278.5
t=5974.7 route=7 laps=15 crashes=0 avg_out=167.0s avg_ret=147.3s avg_lap=326.3s best_lap=306.9
t=5974.7 route=8 laps=13 crashes=1 avg_out=173.6s avg_ret=178.9s avg_lap=364.6s best_lap=355.2
t=5974.7 TOTAL laps=97 crashes=20
t=5974.7 TUNER gen=1 results=45/64 pending=7 active=7 remaining=19 next_trial=125 rounds=[7,6,8,6,5,7,7,6]
t=5981.1 LAUNCH_BLOCKED reason=deck_busy active=7 stored=2 no_active_s=0.0 state=AIRCRAFT_ON_DECK tractor_cleanup=false elevator_transfer=false deck=Aircraft_10_nav_r3_124 pending=none clearance=none queue=0
t=5981.3 SPAWN craft=Aircraft_10_nav_r3_124 route=5 candidate=1 trial=124 t=5981.3
t=5993.9 TUNING_REASSIGN craft=Aircraft_10_nav_r3_125 requested_route=3 assigned_route=5
t=5996.1 LAUNCH_BLOCKED reason=deck_busy active=8 stored=1 no_active_s=0.0 state=AIRCRAFT_ON_DECK tractor_cleanup=false elevator_transfer=true deck=Aircraft_10_nav_r3_125 pending=none clearance=none queue=0
t=6001.5 SPAWN craft=Aircraft_10_nav_r3_125 route=5 candidate=2 trial=125 t=6001.5
t=6004.8 ==== SUMMARY t=6004.8 ====
t=6004.8 route=1 laps=15 crashes=0 avg_out=141.8s avg_ret=181.1s avg_lap=334.9s best_lap=311.0
t=6004.8 route=2 laps=9 crashes=5 avg_out=178.4s avg_ret=231.7s avg_lap=420.3s best_lap=400.6
t=6004.8 route=3 laps=4 crashes=13 avg_out=206.6s avg_ret=265.2s avg_lap=484.5s best_lap=463.2
t=6004.8 route=4 laps=15 crashes=0 avg_out=175.8s avg_ret=154.1s avg_lap=342.0s best_lap=325.7
t=6004.8 route=5 laps=10 crashes=1 avg_out=291.4s avg_ret=233.4s avg_lap=503.1s best_lap=483.6
t=6004.8 route=6 laps=16 crashes=0 avg_out=130.8s avg_ret=147.0s avg_lap=290.4s best_lap=278.5
t=6004.8 route=7 laps=15 crashes=0 avg_out=167.0s avg_ret=147.3s avg_lap=326.3s best_lap=306.9
t=6004.8 route=8 laps=13 crashes=1 avg_out=173.6s avg_ret=178.9s avg_lap=364.6s best_lap=355.2
t=6004.8 TOTAL laps=97 crashes=20
t=6004.8 TUNER gen=1 results=45/64 pending=8 active=8 remaining=19 next_trial=126 rounds=[7,6,8,6,6,7,7,6]
t=6011.3 LAUNCH_BLOCKED reason=deck_busy active=9 stored=1 no_active_s=0.0 state=RETRIEVING_FROM_HANGAR tractor_cleanup=false elevator_transfer=false deck=Aircraft_10_nav_r4_126 pending=none clearance=none queue=0
t=6021.6 SPAWN craft=Aircraft_10_nav_r4_126 route=4 candidate=2 trial=126 t=6021.6
t=6026.5 LAUNCH_BLOCKED reason=cleared_unready_nav_deck_aircraft active=9 stored=1 no_active_s=0.0 state=IDLE tractor_cleanup=false elevator_transfer=false deck=Aircraft_10_nav_r4_126 pending=none clearance=none queue=0
t=6034.4 TUNING_REASSIGN craft=Aircraft_10_nav_r3_127 requested_route=3 assigned_route=2
t=6035.0 ==== SUMMARY t=6035.0 ====
t=6035.0 route=1 laps=15 crashes=0 avg_out=141.8s avg_ret=181.1s avg_lap=334.9s best_lap=311.0
t=6035.0 route=2 laps=9 crashes=5 avg_out=178.4s avg_ret=231.7s avg_lap=420.3s best_lap=400.6
t=6035.0 route=3 laps=4 crashes=13 avg_out=206.6s avg_ret=265.2s avg_lap=484.5s best_lap=463.2
t=6035.1 route=4 laps=15 crashes=0 avg_out=175.8s avg_ret=154.1s avg_lap=342.0s best_lap=325.7
t=6035.1 route=5 laps=10 crashes=1 avg_out=291.4s avg_ret=233.4s avg_lap=503.1s best_lap=483.6
t=6035.1 route=6 laps=16 crashes=0 avg_out=130.8s avg_ret=147.0s avg_lap=290.4s best_lap=278.5
t=6035.1 route=7 laps=15 crashes=0 avg_out=167.0s avg_ret=147.3s avg_lap=326.3s best_lap=306.9
t=6035.1 route=8 laps=13 crashes=1 avg_out=173.6s avg_ret=178.9s avg_lap=364.6s best_lap=355.2
t=6035.1 TOTAL laps=97 crashes=20
t=6035.1 TUNER gen=1 results=45/64 pending=10 active=10 remaining=19 next_trial=128 rounds=[7,7,8,7,6,7,7,6]
t=6041.7 LAUNCH_BLOCKED reason=deck_busy active=10 stored=1 no_active_s=0.0 state=AIRCRAFT_ON_DECK tractor_cleanup=false elevator_transfer=false deck=Aircraft_10_nav_r3_127 pending=none clearance=none queue=0
t=6042.1 SPAWN craft=Aircraft_10_nav_r3_127 route=2 candidate=8 trial=127 t=6042.1
t=6051.3 LZ_REACHED craft=Aircraft_10_nav_r1_121 route=1 outbound=145.4s t=6051.3
t=6054.5 TUNING_REASSIGN craft=Aircraft_10_nav_r3_128 requested_route=3 assigned_route=5
t=6062.0 LAUNCH_BLOCKED reason=deck_busy active=11 stored=1 no_active_s=0.0 state=AIRCRAFT_ON_DECK tractor_cleanup=false elevator_transfer=false deck=Aircraft_10_nav_r3_128 pending=none clearance=none queue=0
t=6062.3 SPAWN craft=Aircraft_10_nav_r3_128 route=5 candidate=3 trial=128 t=6062.3
t=6065.5 ==== SUMMARY t=6065.5 ====
t=6065.5 route=1 laps=15 crashes=0 avg_out=142.0s avg_ret=181.1s avg_lap=334.9s best_lap=311.0
t=6065.5 route=2 laps=9 crashes=5 avg_out=178.4s avg_ret=231.7s avg_lap=420.3s best_lap=400.6
t=6065.5 route=3 laps=4 crashes=13 avg_out=206.6s avg_ret=265.2s avg_lap=484.5s best_lap=463.2
t=6065.5 route=4 laps=15 crashes=0 avg_out=175.8s avg_ret=154.1s avg_lap=342.0s best_lap=325.7
t=6065.5 route=5 laps=10 crashes=1 avg_out=291.4s avg_ret=233.4s avg_lap=503.1s best_lap=483.6
t=6065.5 route=6 laps=16 crashes=0 avg_out=130.8s avg_ret=147.0s avg_lap=290.4s best_lap=278.5
t=6065.5 route=7 laps=15 crashes=0 avg_out=167.0s avg_ret=147.3s avg_lap=326.3s best_lap=306.9
t=6065.5 route=8 laps=13 crashes=1 avg_out=173.6s avg_ret=178.9s avg_lap=364.6s best_lap=355.2
t=6065.6 TOTAL laps=97 crashes=20
t=6065.6 TUNER gen=1 results=45/64 pending=11 active=11 remaining=19 next_trial=129 rounds=[7,7,8,7,7,7,7,6]
t=6066.6 LAP_CAPTURE craft=Aircraft_10_nav_r2_119 route=2 return=220.4s lap=406.9s carrier_dist=200m t=6066.6
t=6075.0 TUNING_REASSIGN craft=Aircraft_10_nav_r3_129 requested_route=3 assigned_route=8
t=6077.4 LAP_CAPTURE craft=Aircraft_10_nav_r6_120 route=6 return=152.5s lap=287.2s carrier_dist=200m t=6077.4
t=6082.3 LAUNCH_BLOCKED reason=deck_busy active=10 stored=1 no_active_s=0.0 state=AIRCRAFT_ON_DECK tractor_cleanup=false elevator_transfer=false deck=Aircraft_10_nav_r3_129 pending=none clearance=none queue=0
t=6082.7 SPAWN craft=Aircraft_10_nav_r3_129 route=8 candidate=6 trial=129 t=6082.7
t=6095.2 TUNING_REASSIGN craft=Aircraft_10_nav_r3_130 requested_route=3 assigned_route=1
t=6095.7 ==== SUMMARY t=6095.7 ====
t=6095.7 route=1 laps=15 crashes=0 avg_out=142.0s avg_ret=181.1s avg_lap=334.9s best_lap=311.0
t=6095.7 route=2 laps=10 crashes=5 avg_out=178.4s avg_ret=230.6s avg_lap=419.0s best_lap=400.6
t=6095.7 route=3 laps=4 crashes=13 avg_out=206.6s avg_ret=265.2s avg_lap=484.5s best_lap=463.2
t=6095.7 route=4 laps=15 crashes=0 avg_out=175.8s avg_ret=154.1s avg_lap=342.0s best_lap=325.7
t=6095.7 route=5 laps=10 crashes=1 avg_out=291.4s avg_ret=233.4s avg_lap=503.1s best_lap=483.6
t=6095.7 route=6 laps=17 crashes=0 avg_out=130.8s avg_ret=147.3s avg_lap=290.2s best_lap=278.5
t=6095.7 route=7 laps=15 crashes=0 avg_out=167.0s avg_ret=147.3s avg_lap=326.3s best_lap=306.9
t=6095.8 route=8 laps=13 crashes=1 avg_out=173.6s avg_ret=178.9s avg_lap=364.6s best_lap=355.2
t=6095.8 TOTAL laps=99 crashes=20
t=6095.8 TUNER gen=1 results=47/64 pending=11 active=11 remaining=17 next_trial=131 rounds=[8,7,8,7,7,7,7,7]
t=6096.8 LAP_CAPTURE craft=Aircraft_10_nav_r5_117 route=5 return=233.6s lap=502.4s carrier_dist=200m t=6096.8
t=6097.5 LAUNCH_BLOCKED reason=deck_busy active=10 stored=1 no_active_s=0.0 state=AIRCRAFT_ON_DECK tractor_cleanup=false elevator_transfer=true deck=Aircraft_10_nav_r3_130 pending=none clearance=none queue=0
t=6102.3 LZ_REACHED craft=Aircraft_10_nav_r8_122 route=8 outbound=176.3s t=6102.3
t=6102.8 SPAWN craft=Aircraft_10_nav_r3_130 route=1 candidate=8 trial=130 t=6102.8
t=6112.7 LAUNCH_BLOCKED reason=deck_busy active=11 stored=1 no_active_s=0.0 state=RETRIEVING_FROM_HANGAR tractor_cleanup=false elevator_transfer=false deck=Aircraft_10_nav_r6_131 pending=none clearance=none queue=0
t=6115.7 LZ_REACHED craft=Aircraft_10_nav_r7_123 route=7 outbound=169.6s t=6115.7
t=6123.7 SPAWN craft=Aircraft_10_nav_r6_131 route=6 candidate=5 trial=131 t=6123.7
t=6126.6 ==== SUMMARY t=6126.6 ====
t=6126.6 route=1 laps=15 crashes=0 avg_out=142.0s avg_ret=181.1s avg_lap=334.9s best_lap=311.0
t=6126.6 route=2 laps=10 crashes=5 avg_out=178.4s avg_ret=230.6s avg_lap=419.0s best_lap=400.6
t=6126.6 route=3 laps=4 crashes=13 avg_out=206.6s avg_ret=265.2s avg_lap=484.5s best_lap=463.2
t=6126.6 route=4 laps=15 crashes=0 avg_out=175.8s avg_ret=154.1s avg_lap=342.0s best_lap=325.7
t=6126.6 route=5 laps=11 crashes=1 avg_out=291.4s avg_ret=233.4s avg_lap=503.1s best_lap=483.6
t=6126.6 route=6 laps=17 crashes=0 avg_out=130.8s avg_ret=147.3s avg_lap=290.2s best_lap=278.5
t=6126.6 route=7 laps=15 crashes=0 avg_out=167.1s avg_ret=147.3s avg_lap=326.3s best_lap=306.9
t=6126.6 route=8 laps=13 crashes=1 avg_out=173.7s avg_ret=178.9s avg_lap=364.6s best_lap=355.2
t=6126.6 TOTAL laps=100 crashes=20
t=6126.6 TUNER gen=1 results=48/64 pending=11 active=11 remaining=16 next_trial=132 rounds=[8,7,8,7,7,8,7,7]
t=6128.6 LAUNCH_BLOCKED reason=cleared_unready_nav_deck_aircraft active=11 stored=1 no_active_s=0.0 state=IDLE tractor_cleanup=false elevator_transfer=false deck=Aircraft_10_nav_r6_131 pending=none clearance=none queue=0
t=6137.3 TUNING_REASSIGN craft=Aircraft_10_nav_r3_132 requested_route=3 assigned_route=2
t=6145.3 LAUNCH_BLOCKED reason=deck_busy active=12 stored=1 no_active_s=0.0 state=AIRCRAFT_ON_DECK tractor_cleanup=false elevator_transfer=false deck=Aircraft_10_nav_r3_132 pending=none clearance=none queue=0
t=6145.7 SPAWN craft=Aircraft_10_nav_r3_132 route=2 candidate=1 trial=132 t=6145.7
t=6159.9 TUNING_REASSIGN craft=Aircraft_10_nav_r3_133 requested_route=3 assigned_route=4
t=6160.1 ==== SUMMARY t=6160.0 ====
t=6160.1 route=1 laps=15 crashes=0 avg_out=142.0s avg_ret=181.1s avg_lap=334.9s best_lap=311.0
t=6160.1 route=2 laps=10 crashes=5 avg_out=178.4s avg_ret=230.6s avg_lap=419.0s best_lap=400.6
t=6160.1 route=3 laps=4 crashes=13 avg_out=206.6s avg_ret=265.2s avg_lap=484.5s best_lap=463.2
t=6160.1 route=4 laps=15 crashes=0 avg_out=175.8s avg_ret=154.1s avg_lap=342.0s best_lap=325.7
t=6160.1 route=5 laps=11 crashes=1 avg_out=291.4s avg_ret=233.4s avg_lap=503.1s best_lap=483.6
t=6160.1 route=6 laps=17 crashes=0 avg_out=130.8s avg_ret=147.3s avg_lap=290.2s best_lap=278.5
t=6160.1 route=7 laps=15 crashes=0 avg_out=167.1s avg_ret=147.3s avg_lap=326.3s best_lap=306.9
t=6160.1 route=8 laps=13 crashes=1 avg_out=173.7s avg_ret=178.9s avg_lap=364.6s best_lap=355.2
t=6160.1 TOTAL laps=100 crashes=20
t=6160.1 TUNER gen=1 results=48/64 pending=13 active=13 remaining=16 next_trial=134 rounds=[8,8,8,8,7,8,7,7]
t=6168.2 LAUNCH_BLOCKED reason=deck_busy active=13 stored=1 no_active_s=0.0 state=AIRCRAFT_ON_DECK tractor_cleanup=false elevator_transfer=false deck=Aircraft_10_nav_r3_133 pending=none clearance=none queue=0
t=6168.7 SPAWN craft=Aircraft_10_nav_r3_133 route=4 candidate=3 trial=133 t=6168.7
t=6183.3 TUNING_REASSIGN craft=Aircraft_10_nav_r3_134 requested_route=3 assigned_route=5
t=6192.2 LAUNCH_BLOCKED reason=deck_busy active=14 stored=1 no_active_s=0.0 state=AIRCRAFT_ON_DECK tractor_cleanup=false elevator_transfer=false deck=Aircraft_10_nav_r3_134 pending=none clearance=none queue=0
t=6192.6 SPAWN craft=Aircraft_10_nav_r3_134 route=5 candidate=4 trial=134 t=6192.6
t=6195.8 ==== SUMMARY t=6195.8 ====
t=6195.8 route=1 laps=15 crashes=0 avg_out=142.0s avg_ret=181.1s avg_lap=334.9s best_lap=311.0
t=6195.8 route=2 laps=10 crashes=5 avg_out=178.4s avg_ret=230.6s avg_lap=419.0s best_lap=400.6
t=6195.8 route=3 laps=4 crashes=13 avg_out=206.6s avg_ret=265.2s avg_lap=484.5s best_lap=463.2
t=6195.8 route=4 laps=15 crashes=0 avg_out=175.8s avg_ret=154.1s avg_lap=342.0s best_lap=325.7
t=6195.8 route=5 laps=11 crashes=1 avg_out=291.4s avg_ret=233.4s avg_lap=503.1s best_lap=483.6
t=6195.8 route=6 laps=17 crashes=0 avg_out=130.8s avg_ret=147.3s avg_lap=290.2s best_lap=278.5
t=6195.8 route=7 laps=15 crashes=0 avg_out=167.1s avg_ret=147.3s avg_lap=326.3s best_lap=306.9
t=6195.8 route=8 laps=13 crashes=1 avg_out=173.7s avg_ret=178.9s avg_lap=364.6s best_lap=355.2
t=6195.8 TOTAL laps=100 crashes=20
t=6195.8 TUNER gen=1 results=48/64 pending=14 active=14 remaining=16 next_trial=135 rounds=[8,8,8,8,8,8,7,7]
t=6207.7 TUNING_REASSIGN craft=Aircraft_10_nav_r3_135 requested_route=3 assigned_route=7
t=6213.4 LZ_REACHED craft=Aircraft_10_nav_r4_126 route=4 outbound=191.8s t=6213.4
t=6215.8 LAUNCH_BLOCKED reason=deck_busy active=15 stored=1 no_active_s=0.0 state=AIRCRAFT_ON_DECK tractor_cleanup=false elevator_transfer=false deck=Aircraft_10_nav_r3_135 pending=none clearance=none queue=0
t=6216.1 SPAWN craft=Aircraft_10_nav_r3_135 route=7 candidate=6 trial=135 t=6216.1
t=6230.3 ==== SUMMARY t=6230.3 ====
t=6230.3 route=1 laps=15 crashes=0 avg_out=142.0s avg_ret=181.1s avg_lap=334.9s best_lap=311.0
t=6230.3 route=2 laps=10 crashes=5 avg_out=178.4s avg_ret=230.6s avg_lap=419.0s best_lap=400.6
t=6230.3 route=3 laps=4 crashes=13 avg_out=206.6s avg_ret=265.2s avg_lap=484.5s best_lap=463.2
t=6230.3 route=4 laps=15 crashes=0 avg_out=176.8s avg_ret=154.1s avg_lap=342.0s best_lap=325.7
t=6230.3 route=5 laps=11 crashes=1 avg_out=291.4s avg_ret=233.4s avg_lap=503.1s best_lap=483.6
t=6230.3 route=6 laps=17 crashes=0 avg_out=130.8s avg_ret=147.3s avg_lap=290.2s best_lap=278.5
t=6230.3 route=7 laps=15 crashes=0 avg_out=167.1s avg_ret=147.3s avg_lap=326.3s best_lap=306.9
t=6230.3 route=8 laps=13 crashes=1 avg_out=173.7s avg_ret=178.9s avg_lap=364.6s best_lap=355.2
t=6230.3 TOTAL laps=100 crashes=20
t=6230.4 TUNER gen=1 results=48/64 pending=15 active=15 remaining=16 next_trial=136 rounds=[8,8,8,8,8,8,8,7]
t=6232.9 LAUNCH_BLOCKED reason=landing_or_storage_busy active=15 stored=1 no_active_s=0.0 state=IDLE tractor_cleanup=false elevator_transfer=false deck=Aircraft_10_nav_r3_135 pending=none clearance=Aircraft_10_nav_r1_121 queue=0
t=6240.3 LZ_REACHED craft=Aircraft_10_nav_r3_127 route=2 outbound=198.2s t=6240.3
t=6246.7 LAP_CAPTURE craft=Aircraft_10_nav_r1_121 route=1 return=183.1s lap=340.8s carrier_dist=200m t=6246.7
t=6247.8 LZ_REACHED craft=Aircraft_10_nav_r3_124 route=5 outbound=266.4s t=6247.8
t=6250.6 LAUNCH_BLOCKED reason=cleared_unready_nav_deck_aircraft active=14 stored=1 no_active_s=0.0 state=IDLE tractor_cleanup=false elevator_transfer=false deck=Aircraft_10_nav_r3_135 pending=none clearance=none queue=0
t=6260.2 TUNING_REASSIGN craft=Aircraft_10_nav_r3_136 requested_route=3 assigned_route=8
t=6266.3 ==== SUMMARY t=6266.3 ====
t=6266.3 route=1 laps=16 crashes=0 avg_out=142.0s avg_ret=181.2s avg_lap=335.3s best_lap=311.0
t=6266.3 route=2 laps=10 crashes=5 avg_out=179.6s avg_ret=230.6s avg_lap=419.0s best_lap=400.6
t=6266.3 route=3 laps=4 crashes=13 avg_out=206.6s avg_ret=265.2s avg_lap=484.5s best_lap=463.2
t=6266.3 route=4 laps=15 crashes=0 avg_out=176.8s avg_ret=154.1s avg_lap=342.0s best_lap=325.7
t=6266.3 route=5 laps=11 crashes=1 avg_out=289.6s avg_ret=233.4s avg_lap=503.1s best_lap=483.6
t=6266.3 route=6 laps=17 crashes=0 avg_out=130.8s avg_ret=147.3s avg_lap=290.2s best_lap=278.5
t=6266.3 route=7 laps=15 crashes=0 avg_out=167.1s avg_ret=147.3s avg_lap=326.3s best_lap=306.9
t=6266.3 route=8 laps=13 crashes=1 avg_out=173.7s avg_ret=178.9s avg_lap=364.6s best_lap=355.2
t=6266.3 TOTAL laps=101 crashes=20
t=6266.3 TUNER gen=1 results=49/64 pending=15 active=15 remaining=15 next_trial=137 rounds=[8,8,8,8,8,8,8,8]
t=6268.7 LAUNCH_BLOCKED reason=deck_busy active=15 stored=1 no_active_s=0.0 state=AIRCRAFT_ON_DECK tractor_cleanup=false elevator_transfer=false deck=Aircraft_10_nav_r3_136 pending=none clearance=none queue=0
t=6269.2 SPAWN craft=Aircraft_10_nav_r3_136 route=8 candidate=7 trial=136 t=6269.2
t=6269.9 LZ_REACHED craft=Aircraft_10_nav_r3_129 route=8 outbound=187.2s t=6269.9
t=6270.1 LZ_REACHED craft=Aircraft_10_nav_r6_131 route=6 outbound=146.4s t=6270.1
t=6272.8 LZ_REACHED craft=Aircraft_10_nav_r3_130 route=1 outbound=170.0s t=6272.8
t=6277.7 LZ_REACHED craft=Aircraft_10_nav_r3_125 route=5 outbound=276.2s t=6277.7
t=6293.5 SPAWN craft=Aircraft_10_nav_r3_137 route=3 candidate=1 trial=137 t=6293.5
t=6304.1 ==== SUMMARY t=6304.1 ====
t=6304.1 route=1 laps=16 crashes=0 avg_out=143.6s avg_ret=181.2s avg_lap=335.3s best_lap=311.0
t=6304.1 route=2 laps=10 crashes=5 avg_out=179.6s avg_ret=230.6s avg_lap=419.0s best_lap=400.6
t=6304.1 route=3 laps=4 crashes=13 avg_out=206.6s avg_ret=265.2s avg_lap=484.5s best_lap=463.2
t=6304.1 route=4 laps=15 crashes=0 avg_out=176.8s avg_ret=154.1s avg_lap=342.0s best_lap=325.7
t=6304.1 route=5 laps=11 crashes=1 avg_out=288.7s avg_ret=233.4s avg_lap=503.1s best_lap=483.6
t=6304.1 route=6 laps=17 crashes=0 avg_out=131.7s avg_ret=147.3s avg_lap=290.2s best_lap=278.5
t=6304.1 route=7 laps=15 crashes=0 avg_out=167.1s avg_ret=147.3s avg_lap=326.3s best_lap=306.9
t=6304.1 route=8 laps=13 crashes=1 avg_out=174.6s avg_ret=178.9s avg_lap=364.6s best_lap=355.2
t=6304.1 TOTAL laps=101 crashes=20
t=6304.1 TUNER gen=1 results=49/64 pending=15 active=16 remaining=15 next_trial=138 rounds=[8,8,8,8,8,8,8,8]
t=6316.8 LAP_CAPTURE craft=Aircraft_10_nav_r7_123 route=7 return=188.4s lap=370.7s carrier_dist=200m t=6316.8
t=6327.0 LAP_CAPTURE craft=Aircraft_10_nav_r8_122 route=8 return=212.5s lap=400.9s carrier_dist=200m t=6327.0
t=6343.2 ==== SUMMARY t=6343.2 ====
t=6343.2 route=1 laps=16 crashes=0 avg_out=143.6s avg_ret=181.2s avg_lap=335.3s best_lap=311.0
t=6343.2 route=2 laps=10 crashes=5 avg_out=179.6s avg_ret=230.6s avg_lap=419.0s best_lap=400.6
t=6343.3 route=3 laps=4 crashes=13 avg_out=206.6s avg_ret=265.2s avg_lap=484.5s best_lap=463.2
t=6343.3 route=4 laps=15 crashes=0 avg_out=176.8s avg_ret=154.1s avg_lap=342.0s best_lap=325.7
t=6343.3 route=5 laps=11 crashes=1 avg_out=288.7s avg_ret=233.4s avg_lap=503.1s best_lap=483.6
t=6343.3 route=6 laps=17 crashes=0 avg_out=131.7s avg_ret=147.3s avg_lap=290.2s best_lap=278.5
t=6343.3 route=7 laps=16 crashes=0 avg_out=167.1s avg_ret=149.9s avg_lap=329.1s best_lap=306.9
t=6343.3 route=8 laps=14 crashes=1 avg_out=174.6s avg_ret=181.3s avg_lap=367.2s best_lap=355.2
t=6343.3 TOTAL laps=103 crashes=20
t=6343.3 TUNER gen=1 results=51/64 pending=13 active=14 remaining=13 next_trial=138 rounds=[8,8,8,8,8,8,8,8]
t=6354.6 LZ_REACHED craft=Aircraft_10_nav_r3_128 route=5 outbound=292.3s t=6354.6
t=6367.9 LZ_REACHED craft=Aircraft_10_nav_r3_132 route=2 outbound=222.2s t=6367.9
t=6380.3 ==== SUMMARY t=6380.3 ====
t=6380.3 route=1 laps=16 crashes=0 avg_out=143.6s avg_ret=181.2s avg_lap=335.3s best_lap=311.0
t=6380.3 route=2 laps=10 crashes=5 avg_out=182.1s avg_ret=230.6s avg_lap=419.0s best_lap=400.6
t=6380.3 route=3 laps=4 crashes=13 avg_out=206.6s avg_ret=265.2s avg_lap=484.5s best_lap=463.2
t=6380.3 route=4 laps=15 crashes=0 avg_out=176.8s avg_ret=154.1s avg_lap=342.0s best_lap=325.7
t=6380.3 route=5 laps=11 crashes=1 avg_out=288.9s avg_ret=233.4s avg_lap=503.1s best_lap=483.6
t=6380.3 route=6 laps=17 crashes=0 avg_out=131.7s avg_ret=147.3s avg_lap=290.2s best_lap=278.5
t=6380.3 route=7 laps=16 crashes=0 avg_out=167.1s avg_ret=149.9s avg_lap=329.1s best_lap=306.9
t=6380.3 route=8 laps=14 crashes=1 avg_out=174.6s avg_ret=181.3s avg_lap=367.2s best_lap=355.2
t=6380.3 TOTAL laps=103 crashes=20
t=6380.3 TUNER gen=1 results=51/64 pending=13 active=14 remaining=13 next_trial=138 rounds=[8,8,8,8,8,8,8,8]
t=6387.5 LZ_REACHED craft=Aircraft_10_nav_r3_133 route=4 outbound=218.8s t=6387.5
t=6417.4 ==== SUMMARY t=6417.4 ====
t=6417.4 route=1 laps=16 crashes=0 avg_out=143.6s avg_ret=181.2s avg_lap=335.3s best_lap=311.0
t=6417.4 route=2 laps=10 crashes=5 avg_out=182.1s avg_ret=230.6s avg_lap=419.0s best_lap=400.6
t=6417.4 route=3 laps=4 crashes=13 avg_out=206.6s avg_ret=265.2s avg_lap=484.5s best_lap=463.2
t=6417.4 route=4 laps=15 crashes=0 avg_out=179.3s avg_ret=154.1s avg_lap=342.0s best_lap=325.7
t=6417.4 route=5 laps=11 crashes=1 avg_out=288.9s avg_ret=233.4s avg_lap=503.1s best_lap=483.6
t=6417.4 route=6 laps=17 crashes=0 avg_out=131.7s avg_ret=147.3s avg_lap=290.2s best_lap=278.5
t=6417.4 route=7 laps=16 crashes=0 avg_out=167.1s avg_ret=149.9s avg_lap=329.1s best_lap=306.9
t=6417.4 route=8 laps=14 crashes=1 avg_out=174.6s avg_ret=181.3s avg_lap=367.2s best_lap=355.2
t=6417.4 TOTAL laps=103 crashes=20
t=6417.4 TUNER gen=1 results=51/64 pending=13 active=14 remaining=13 next_trial=138 rounds=[8,8,8,8,8,8,8,8]
t=6418.2 LAP_CAPTURE craft=Aircraft_10_nav_r4_126 route=4 return=191.9s lap=396.7s carrier_dist=200m t=6418.2
t=6429.6 LZ_REACHED craft=Aircraft_10_nav_r3_135 route=7 outbound=213.5s t=6429.6
t=6451.4 ==== SUMMARY t=6451.4 ====
t=6451.4 route=1 laps=16 crashes=0 avg_out=143.6s avg_ret=181.2s avg_lap=335.3s best_lap=311.0
t=6451.4 route=2 laps=10 crashes=5 avg_out=182.1s avg_ret=230.6s avg_lap=419.0s best_lap=400.6
t=6451.4 route=3 laps=4 crashes=13 avg_out=206.6s avg_ret=265.2s avg_lap=484.5s best_lap=463.2
t=6451.4 route=4 laps=16 crashes=0 avg_out=179.3s avg_ret=156.5s avg_lap=345.4s best_lap=325.7
t=6451.4 route=5 laps=11 crashes=1 avg_out=288.9s avg_ret=233.4s avg_lap=503.1s best_lap=483.6
t=6451.5 route=6 laps=17 crashes=0 avg_out=131.7s avg_ret=147.3s avg_lap=290.2s best_lap=278.5
t=6451.5 route=7 laps=16 crashes=0 avg_out=169.8s avg_ret=149.9s avg_lap=329.1s best_lap=306.9
t=6451.5 route=8 laps=14 crashes=1 avg_out=174.6s avg_ret=181.3s avg_lap=367.2s best_lap=355.2
t=6451.5 TOTAL laps=104 crashes=20
t=6451.5 TUNER gen=1 results=52/64 pending=12 active=13 remaining=12 next_trial=138 rounds=[8,8,8,8,8,8,8,8]
t=6461.3 LAP_CAPTURE craft=Aircraft_10_nav_r6_131 route=6 return=177.6s lap=337.6s carrier_dist=200m t=6461.3
t=6470.3 LAUNCH_BLOCKED reason=landing_or_storage_busy active=12 stored=1 no_active_s=0.0 state=IDLE tractor_cleanup=false elevator_transfer=false deck=none pending=none clearance=Aircraft_10_nav_r3_130 queue=0
t=6474.5 LZ_REACHED craft=Aircraft_10_nav_r3_136 route=8 outbound=205.2s t=6474.5
t=6483.7 ==== SUMMARY t=6483.7 ====
t=6483.7 route=1 laps=16 crashes=0 avg_out=143.6s avg_ret=181.2s avg_lap=335.3s best_lap=311.0
t=6483.7 route=2 laps=10 crashes=5 avg_out=182.1s avg_ret=230.6s avg_lap=419.0s best_lap=400.6
t=6483.7 route=3 laps=4 crashes=13 avg_out=206.6s avg_ret=265.2s avg_lap=484.5s best_lap=463.2
t=6483.7 route=4 laps=16 crashes=0 avg_out=179.3s avg_ret=156.5s avg_lap=345.4s best_lap=325.7
t=6483.7 route=5 laps=11 crashes=1 avg_out=288.9s avg_ret=233.4s avg_lap=503.1s best_lap=483.6
t=6483.7 route=6 laps=18 crashes=0 avg_out=131.7s avg_ret=149.0s avg_lap=292.9s best_lap=278.5
t=6483.7 route=7 laps=16 crashes=0 avg_out=169.8s avg_ret=149.9s avg_lap=329.1s best_lap=306.9
t=6483.7 route=8 laps=14 crashes=1 avg_out=176.4s avg_ret=181.3s avg_lap=367.2s best_lap=355.2
t=6483.7 TOTAL laps=105 crashes=20
t=6483.8 TUNER gen=1 results=53/64 pending=11 active=12 remaining=11 next_trial=138 rounds=[8,8,8,8,8,8,8,8]
t=6484.7 LAP_CAPTURE craft=Aircraft_10_nav_r3_130 route=1 return=197.4s lap=381.9s carrier_dist=200m t=6484.7
t=6486.6 LAUNCH_BLOCKED reason=landing_or_storage_busy active=11 stored=1 no_active_s=0.0 state=IDLE tractor_cleanup=false elevator_transfer=false deck=none pending=none clearance=Aircraft_10_nav_r3_129 queue=0
t=6492.6 LZ_REACHED craft=Aircraft_10_nav_r3_134 route=5 outbound=300.0s t=6492.6
t=6497.2 LAP_CAPTURE craft=Aircraft_10_nav_r3_129 route=8 return=213.8s lap=414.6s carrier_dist=200m t=6497.2
t=6506.7 LAUNCH_BLOCKED reason=deck_busy active=11 stored=1 no_active_s=0.0 state=RETRIEVING_FROM_HANGAR tractor_cleanup=false elevator_transfer=false deck=Aircraft_10_nav_r6_138 pending=none clearance=none queue=0
t=6514.2 ==== SUMMARY t=6514.2 ====
t=6514.2 route=1 laps=17 crashes=0 avg_out=143.6s avg_ret=182.1s avg_lap=338.0s best_lap=311.0
t=6514.2 route=2 laps=10 crashes=5 avg_out=182.1s avg_ret=230.6s avg_lap=419.0s best_lap=400.6
t=6514.2 route=3 laps=4 crashes=13 avg_out=206.6s avg_ret=265.2s avg_lap=484.5s best_lap=463.2
t=6514.2 route=4 laps=16 crashes=0 avg_out=179.3s avg_ret=156.5s avg_lap=345.4s best_lap=325.7
t=6514.2 route=5 laps=11 crashes=1 avg_out=289.6s avg_ret=233.4s avg_lap=503.1s best_lap=483.6
t=6514.2 route=6 laps=18 crashes=0 avg_out=131.7s avg_ret=149.0s avg_lap=292.9s best_lap=278.5
t=6514.2 route=7 laps=16 crashes=0 avg_out=169.8s avg_ret=149.9s avg_lap=329.1s best_lap=306.9
t=6514.2 route=8 laps=15 crashes=1 avg_out=176.4s avg_ret=183.4s avg_lap=370.4s best_lap=355.2
t=6514.2 TOTAL laps=107 crashes=20
t=6514.3 TUNER gen=1 results=55/64 pending=9 active=11 remaining=9 next_trial=139 rounds=[8,8,8,8,8,8,8,8]
t=6517.2 SPAWN craft=Aircraft_10_nav_r6_138 route=6 candidate=1 trial=138 t=6517.2
t=6522.0 LAUNCH_BLOCKED reason=cleared_unready_nav_deck_aircraft active=11 stored=1 no_active_s=0.0 state=IDLE tractor_cleanup=false elevator_transfer=false deck=Aircraft_10_nav_r6_138 pending=none clearance=none queue=0
t=6532.3 LAP_CAPTURE craft=Aircraft_10_nav_r3_124 route=5 return=270.2s lap=551.0s carrier_dist=200m t=6532.3
t=6536.8 LAP_CAPTURE craft=Aircraft_10_nav_r3_127 route=2 return=282.7s lap=494.7s carrier_dist=200m t=6536.8
t=6537.8 SPAWN craft=Aircraft_10_nav_r1_139 route=1 candidate=1 trial=139 t=6537.8
t=6544.7 ==== SUMMARY t=6544.7 ====
t=6544.7 route=1 laps=17 crashes=0 avg_out=143.6s avg_ret=182.1s avg_lap=338.0s best_lap=311.0
t=6544.7 route=2 laps=11 crashes=5 avg_out=182.1s avg_ret=235.3s avg_lap=425.9s best_lap=400.6
t=6544.7 route=3 laps=4 crashes=13 avg_out=206.6s avg_ret=265.2s avg_lap=484.5s best_lap=463.2
t=6544.7 route=4 laps=16 crashes=0 avg_out=179.3s avg_ret=156.5s avg_lap=345.4s best_lap=325.7
t=6544.7 route=5 laps=12 crashes=1 avg_out=289.6s avg_ret=236.5s avg_lap=507.1s best_lap=483.6
t=6544.8 route=6 laps=18 crashes=0 avg_out=131.7s avg_ret=149.0s avg_lap=292.9s best_lap=278.5
t=6544.8 route=7 laps=16 crashes=0 avg_out=169.8s avg_ret=149.9s avg_lap=329.1s best_lap=306.9
t=6544.8 route=8 laps=15 crashes=1 avg_out=176.4s avg_ret=183.4s avg_lap=370.4s best_lap=355.2
t=6544.8 TOTAL laps=109 crashes=20
t=6544.8 TUNER gen=1 results=57/64 pending=7 active=10 remaining=7 next_trial=140 rounds=[8,8,8,8,8,8,8,8]
t=6557.8 LAP_CAPTURE craft=Aircraft_10_nav_r3_125 route=5 return=265.0s lap=556.3s carrier_dist=200m t=6557.8
t=6563.7 LAP_CAPTURE craft=Aircraft_10_nav_r3_133 route=4 return=161.2s lap=395.0s carrier_dist=200m t=6563.7
t=6570.5 LZ_REACHED craft=Aircraft_10_nav_r3_137 route=3 outbound=277.0s t=6570.5
t=6574.7 ==== SUMMARY t=6574.7 ====
t=6574.7 route=1 laps=17 crashes=0 avg_out=143.6s avg_ret=182.1s avg_lap=338.0s best_lap=311.0
t=6574.7 route=2 laps=11 crashes=5 avg_out=182.1s avg_ret=235.3s avg_lap=425.9s best_lap=400.6
t=6574.7 route=3 laps=4 crashes=13 avg_out=212.0s avg_ret=265.2s avg_lap=484.5s best_lap=463.2
t=6574.7 route=4 laps=17 crashes=0 avg_out=179.3s avg_ret=156.8s avg_lap=348.3s best_lap=325.7
t=6574.7 route=5 laps=13 crashes=1 avg_out=289.6s avg_ret=238.7s avg_lap=510.9s best_lap=483.6
t=6574.7 route=6 laps=18 crashes=0 avg_out=131.7s avg_ret=149.0s avg_lap=292.9s best_lap=278.5
t=6574.8 route=7 laps=16 crashes=0 avg_out=169.8s avg_ret=149.9s avg_lap=329.1s best_lap=306.9
t=6574.8 route=8 laps=15 crashes=1 avg_out=176.4s avg_ret=183.4s avg_lap=370.4s best_lap=355.2
t=6574.8 TOTAL laps=111 crashes=20
t=6574.8 TUNER gen=1 results=59/64 pending=5 active=8 remaining=5 next_trial=140 rounds=[8,8,8,8,8,8,8,8]
t=6582.9 SPAWN craft=Aircraft_10_nav_r4_140 route=4 candidate=1 trial=140 t=6582.9
t=6604.4 LAP_CAPTURE craft=Aircraft_10_nav_r3_135 route=7 return=161.6s lap=388.3s carrier_dist=200m t=6604.4
t=6604.9 ==== SUMMARY t=6604.9 ====
t=6604.9 route=1 laps=17 crashes=0 avg_out=143.6s avg_ret=182.1s avg_lap=338.0s best_lap=311.0
t=6604.9 route=2 laps=11 crashes=5 avg_out=182.1s avg_ret=235.3s avg_lap=425.9s best_lap=400.6
t=6604.9 route=3 laps=4 crashes=13 avg_out=212.0s avg_ret=265.2s avg_lap=484.5s best_lap=463.2
t=6604.9 route=4 laps=17 crashes=0 avg_out=179.3s avg_ret=156.8s avg_lap=348.3s best_lap=325.7
t=6604.9 route=5 laps=13 crashes=1 avg_out=289.6s avg_ret=238.7s avg_lap=510.9s best_lap=483.6
t=6604.9 route=6 laps=18 crashes=0 avg_out=131.7s avg_ret=149.0s avg_lap=292.9s best_lap=278.5
t=6604.9 route=7 laps=17 crashes=0 avg_out=169.8s avg_ret=150.6s avg_lap=332.5s best_lap=306.9
t=6605.0 route=8 laps=15 crashes=1 avg_out=176.4s avg_ret=183.4s avg_lap=370.4s best_lap=355.2
t=6605.0 TOTAL laps=112 crashes=20
t=6605.0 TUNER gen=1 results=60/64 pending=4 active=8 remaining=4 next_trial=141 rounds=[8,8,8,8,8,8,8,8]
t=6618.1 LAP_CAPTURE craft=Aircraft_10_nav_r3_128 route=5 return=248.6s lap=555.9s carrier_dist=200m t=6618.1
t=6623.4 SPAWN craft=Aircraft_10_nav_r7_141 route=7 candidate=1 trial=141 t=6623.4
t=6631.9 LAP_CAPTURE craft=Aircraft_10_nav_r3_132 route=2 return=249.3s lap=486.2s carrier_dist=200m t=6631.9
t=6634.9 ==== SUMMARY t=6634.9 ====
t=6634.9 route=1 laps=17 crashes=0 avg_out=143.6s avg_ret=182.1s avg_lap=338.0s best_lap=311.0
t=6634.9 route=2 laps=12 crashes=5 avg_out=182.1s avg_ret=236.5s avg_lap=430.9s best_lap=400.6
t=6635.0 route=3 laps=4 crashes=13 avg_out=212.0s avg_ret=265.2s avg_lap=484.5s best_lap=463.2
t=6635.0 route=4 laps=17 crashes=0 avg_out=179.3s avg_ret=156.8s avg_lap=348.3s best_lap=325.7
t=6635.0 route=5 laps=14 crashes=1 avg_out=289.6s avg_ret=239.4s avg_lap=514.1s best_lap=483.6
t=6635.0 route=6 laps=18 crashes=0 avg_out=131.7s avg_ret=149.0s avg_lap=292.9s best_lap=278.5
t=6635.0 route=7 laps=17 crashes=0 avg_out=169.8s avg_ret=150.6s avg_lap=332.5s best_lap=306.9
t=6635.0 route=8 laps=15 crashes=1 avg_out=176.4s avg_ret=183.4s avg_lap=370.4s best_lap=355.2
t=6635.0 TOTAL laps=114 crashes=20
t=6635.0 TUNER gen=1 results=62/64 pending=2 active=7 remaining=2 next_trial=142 rounds=[8,8,8,8,8,8,8,8]
t=6643.9 LZ_REACHED craft=Aircraft_10_nav_r6_138 route=6 outbound=126.7s t=6643.9
t=6648.3 SPAWN craft=Aircraft_10_nav_r2_142 route=2 candidate=1 trial=142 t=6648.3
t=6665.0 ==== SUMMARY t=6665.0 ====
t=6665.0 route=1 laps=17 crashes=0 avg_out=143.6s avg_ret=182.1s avg_lap=338.0s best_lap=311.0
t=6665.0 route=2 laps=12 crashes=5 avg_out=182.1s avg_ret=236.5s avg_lap=430.9s best_lap=400.6
t=6665.0 route=3 laps=4 crashes=13 avg_out=212.0s avg_ret=265.2s avg_lap=484.5s best_lap=463.2
t=6665.1 route=4 laps=17 crashes=0 avg_out=179.3s avg_ret=156.8s avg_lap=348.3s best_lap=325.7
t=6665.1 route=5 laps=14 crashes=1 avg_out=289.6s avg_ret=239.4s avg_lap=514.1s best_lap=483.6
t=6665.1 route=6 laps=18 crashes=0 avg_out=131.4s avg_ret=149.0s avg_lap=292.9s best_lap=278.5
t=6665.1 route=7 laps=17 crashes=0 avg_out=169.8s avg_ret=150.6s avg_lap=332.5s best_lap=306.9
t=6665.1 route=8 laps=15 crashes=1 avg_out=176.4s avg_ret=183.4s avg_lap=370.4s best_lap=355.2
t=6665.1 TOTAL laps=114 crashes=20
t=6665.1 TUNER gen=1 results=62/64 pending=2 active=8 remaining=2 next_trial=143 rounds=[8,8,8,8,8,8,8,8]
t=6669.9 LAP_CAPTURE craft=Aircraft_10_nav_r3_136 route=8 return=182.3s lap=400.6s carrier_dist=200m t=6669.9
t=6682.2 LZ_REACHED craft=Aircraft_10_nav_r1_139 route=1 outbound=144.4s t=6682.2
t=6688.5 SPAWN craft=Aircraft_10_nav_r8_143 route=8 candidate=1 trial=143 t=6688.5
t=6695.1 ==== SUMMARY t=6695.1 ====
t=6695.1 route=1 laps=17 crashes=0 avg_out=143.7s avg_ret=182.1s avg_lap=338.0s best_lap=311.0
t=6695.1 route=2 laps=12 crashes=5 avg_out=182.1s avg_ret=236.5s avg_lap=430.9s best_lap=400.6
t=6695.1 route=3 laps=4 crashes=13 avg_out=212.0s avg_ret=265.2s avg_lap=484.5s best_lap=463.2
t=6695.1 route=4 laps=17 crashes=0 avg_out=179.3s avg_ret=156.8s avg_lap=348.3s best_lap=325.7
t=6695.1 route=5 laps=14 crashes=1 avg_out=289.6s avg_ret=239.4s avg_lap=514.1s best_lap=483.6
t=6695.1 route=6 laps=18 crashes=0 avg_out=131.4s avg_ret=149.0s avg_lap=292.9s best_lap=278.5
t=6695.1 route=7 laps=17 crashes=0 avg_out=169.8s avg_ret=150.6s avg_lap=332.5s best_lap=306.9
t=6695.1 route=8 laps=16 crashes=1 avg_out=176.4s avg_ret=183.4s avg_lap=372.3s best_lap=355.2
t=6695.2 TOTAL laps=115 crashes=20
t=6695.2 TUNER gen=1 results=63/64 pending=1 active=8 remaining=1 next_trial=144 rounds=[8,8,8,8,8,8,8,8]
t=6725.2 ==== SUMMARY t=6725.2 ====
t=6725.2 route=1 laps=17 crashes=0 avg_out=143.7s avg_ret=182.1s avg_lap=338.0s best_lap=311.0
t=6725.2 route=2 laps=12 crashes=5 avg_out=182.1s avg_ret=236.5s avg_lap=430.9s best_lap=400.6
t=6725.2 route=3 laps=4 crashes=13 avg_out=212.0s avg_ret=265.2s avg_lap=484.5s best_lap=463.2
t=6725.2 route=4 laps=17 crashes=0 avg_out=179.3s avg_ret=156.8s avg_lap=348.3s best_lap=325.7
t=6725.2 route=5 laps=14 crashes=1 avg_out=289.6s avg_ret=239.4s avg_lap=514.1s best_lap=483.6
t=6725.2 route=6 laps=18 crashes=0 avg_out=131.4s avg_ret=149.0s avg_lap=292.9s best_lap=278.5
t=6725.2 route=7 laps=17 crashes=0 avg_out=169.8s avg_ret=150.6s avg_lap=332.5s best_lap=306.9
t=6725.2 route=8 laps=16 crashes=1 avg_out=176.4s avg_ret=183.4s avg_lap=372.3s best_lap=355.2
t=6725.2 TOTAL laps=115 crashes=20
t=6725.2 TUNER gen=1 results=63/64 pending=1 active=8 remaining=1 next_trial=144 rounds=[8,8,8,8,8,8,8,8]
t=6732.8 LAP_CAPTURE craft=Aircraft_10_nav_r3_134 route=5 return=228.1s lap=540.1s carrier_dist=200m t=6732.7
t=6748.9 SPAWN craft=Aircraft_10_nav_r5_144 route=5 candidate=5 trial=144 t=6748.9
t=6755.3 ==== SUMMARY t=6755.3 ====
t=6755.3 route=1 laps=17 crashes=0 avg_out=143.7s avg_ret=182.1s avg_lap=338.0s best_lap=311.0
t=6755.3 route=2 laps=12 crashes=5 avg_out=182.1s avg_ret=236.5s avg_lap=430.9s best_lap=400.6
t=6755.3 route=3 laps=4 crashes=13 avg_out=212.0s avg_ret=265.2s avg_lap=484.5s best_lap=463.2
t=6755.3 route=4 laps=17 crashes=0 avg_out=179.3s avg_ret=156.8s avg_lap=348.3s best_lap=325.7
t=6755.3 route=5 laps=15 crashes=1 avg_out=289.6s avg_ret=238.6s avg_lap=515.8s best_lap=483.6
t=6755.3 route=6 laps=18 crashes=0 avg_out=131.4s avg_ret=149.0s avg_lap=292.9s best_lap=278.5
t=6755.4 route=7 laps=17 crashes=0 avg_out=169.8s avg_ret=150.6s avg_lap=332.5s best_lap=306.9
t=6755.4 route=8 laps=16 crashes=1 avg_out=176.4s avg_ret=183.4s avg_lap=372.3s best_lap=355.2
t=6755.4 TOTAL laps=116 crashes=20
t=6755.4 TUNER gen=2 results=0/64 pending=1 active=8 remaining=64 next_trial=145 rounds=[0,0,0,0,1,0,0,0]
t=6758.7 LZ_REACHED craft=Aircraft_10_nav_r4_140 route=4 outbound=175.8s t=6758.7
t=6785.3 ==== SUMMARY t=6785.3 ====
t=6785.3 route=1 laps=17 crashes=0 avg_out=143.7s avg_ret=182.1s avg_lap=338.0s best_lap=311.0
t=6785.3 route=2 laps=12 crashes=5 avg_out=182.1s avg_ret=236.5s avg_lap=430.9s best_lap=400.6
t=6785.3 route=3 laps=4 crashes=13 avg_out=212.0s avg_ret=265.2s avg_lap=484.5s best_lap=463.2
t=6785.3 route=4 laps=17 crashes=0 avg_out=179.1s avg_ret=156.8s avg_lap=348.3s best_lap=325.7
t=6785.3 route=5 laps=15 crashes=1 avg_out=289.6s avg_ret=238.6s avg_lap=515.8s best_lap=483.6
t=6785.3 route=6 laps=18 crashes=0 avg_out=131.4s avg_ret=149.0s avg_lap=292.9s best_lap=278.5
t=6785.4 route=7 laps=17 crashes=0 avg_out=169.8s avg_ret=150.6s avg_lap=332.5s best_lap=306.9
t=6785.4 route=8 laps=16 crashes=1 avg_out=176.4s avg_ret=183.4s avg_lap=372.3s best_lap=355.2
t=6785.4 TOTAL laps=116 crashes=20
t=6785.4 TUNER gen=2 results=0/64 pending=1 active=8 remaining=64 next_trial=145 rounds=[0,0,0,0,1,0,0,0]
t=6791.6 LZ_REACHED craft=Aircraft_10_nav_r7_141 route=7 outbound=168.3s t=6791.6
t=6812.6 LAP_CAPTURE craft=Aircraft_10_nav_r6_138 route=6 return=156.6s lap=295.3s carrier_dist=200m t=6812.6
t=6815.3 ==== SUMMARY t=6815.3 ====
t=6815.3 route=1 laps=17 crashes=0 avg_out=143.7s avg_ret=182.1s avg_lap=338.0s best_lap=311.0
t=6815.3 route=2 laps=12 crashes=5 avg_out=182.1s avg_ret=236.5s avg_lap=430.9s best_lap=400.6
t=6815.3 route=3 laps=4 crashes=13 avg_out=212.0s avg_ret=265.2s avg_lap=484.5s best_lap=463.2
t=6815.3 route=4 laps=17 crashes=0 avg_out=179.1s avg_ret=156.8s avg_lap=348.3s best_lap=325.7
t=6815.4 route=5 laps=15 crashes=1 avg_out=289.6s avg_ret=238.6s avg_lap=515.8s best_lap=483.6
t=6815.4 route=6 laps=19 crashes=0 avg_out=131.4s avg_ret=149.4s avg_lap=293.0s best_lap=278.5
t=6815.4 route=7 laps=17 crashes=0 avg_out=169.8s avg_ret=150.6s avg_lap=332.5s best_lap=306.9
t=6815.4 route=8 laps=16 crashes=1 avg_out=176.4s avg_ret=183.4s avg_lap=372.3s best_lap=355.2
t=6815.4 TOTAL laps=117 crashes=20
t=6815.4 TUNER gen=2 results=0/64 pending=1 active=7 remaining=64 next_trial=145 rounds=[0,0,0,0,1,0,0,0]
t=6829.2 SPAWN craft=Aircraft_10_nav_r6_145 route=6 candidate=6 trial=145 t=6829.2
t=6830.9 LZ_REACHED craft=Aircraft_10_nav_r2_142 route=2 outbound=182.7s t=6830.9
t=6845.4 ==== SUMMARY t=6845.4 ====
t=6845.4 route=1 laps=17 crashes=0 avg_out=143.7s avg_ret=182.1s avg_lap=338.0s best_lap=311.0
t=6845.4 route=2 laps=12 crashes=5 avg_out=182.1s avg_ret=236.5s avg_lap=430.9s best_lap=400.6
t=6845.4 route=3 laps=4 crashes=13 avg_out=212.0s avg_ret=265.2s avg_lap=484.5s best_lap=463.2
t=6845.4 route=4 laps=17 crashes=0 avg_out=179.1s avg_ret=156.8s avg_lap=348.3s best_lap=325.7
t=6845.4 route=5 laps=15 crashes=1 avg_out=289.6s avg_ret=238.6s avg_lap=515.8s best_lap=483.6
t=6845.4 route=6 laps=19 crashes=0 avg_out=131.4s avg_ret=149.4s avg_lap=293.0s best_lap=278.5
t=6845.4 route=7 laps=17 crashes=0 avg_out=169.8s avg_ret=150.6s avg_lap=332.5s best_lap=306.9
t=6845.4 route=8 laps=16 crashes=1 avg_out=176.4s avg_ret=183.4s avg_lap=372.3s best_lap=355.2
t=6845.4 TOTAL laps=117 crashes=20
t=6845.4 TUNER gen=2 results=0/64 pending=2 active=8 remaining=64 next_trial=146 rounds=[0,0,0,0,1,1,0,0]
t=6855.6 LAP_CAPTURE craft=Aircraft_10_nav_r1_139 route=1 return=161.3s lap=317.8s carrier_dist=200m t=6855.6
t=6859.5 LZ_REACHED craft=Aircraft_10_nav_r8_143 route=8 outbound=171.0s t=6859.5
t=6874.4 SPAWN craft=Aircraft_10_nav_r1_146 route=1 candidate=1 trial=146 t=6874.4
t=6875.4 ==== SUMMARY t=6875.4 ====
t=6875.4 route=1 laps=18 crashes=0 avg_out=143.7s avg_ret=181.0s avg_lap=336.9s best_lap=311.0
t=6875.4 route=2 laps=12 crashes=5 avg_out=182.1s avg_ret=236.5s avg_lap=430.9s best_lap=400.6
t=6875.4 route=3 laps=4 crashes=13 avg_out=212.0s avg_ret=265.2s avg_lap=484.5s best_lap=463.2
t=6875.4 route=4 laps=17 crashes=0 avg_out=179.1s avg_ret=156.8s avg_lap=348.3s best_lap=325.7
t=6875.4 route=5 laps=15 crashes=1 avg_out=289.6s avg_ret=238.6s avg_lap=515.8s best_lap=483.6
t=6875.4 route=6 laps=19 crashes=0 avg_out=131.4s avg_ret=149.4s avg_lap=293.0s best_lap=278.5
t=6875.5 route=7 laps=17 crashes=0 avg_out=169.8s avg_ret=150.6s avg_lap=332.5s best_lap=306.9
t=6875.5 route=8 laps=16 crashes=1 avg_out=176.1s avg_ret=183.4s avg_lap=372.3s best_lap=355.2
t=6875.5 TOTAL laps=118 crashes=20
t=6875.5 TUNER gen=2 results=0/64 pending=3 active=8 remaining=64 next_trial=147 rounds=[1,0,0,0,1,1,0,0]
t=6879.2 LAP_CAPTURE craft=Aircraft_10_nav_r3_137 route=3 return=296.6s lap=585.7s carrier_dist=200m t=6879.1
t=6899.5 SPAWN craft=Aircraft_10_nav_r3_147 route=3 candidate=3 trial=147 t=6899.5
t=6905.5 ==== SUMMARY t=6905.5 ====
t=6905.5 route=1 laps=18 crashes=0 avg_out=143.7s avg_ret=181.0s avg_lap=336.9s best_lap=311.0
t=6905.5 route=2 laps=12 crashes=5 avg_out=182.1s avg_ret=236.5s avg_lap=430.9s best_lap=400.6
t=6905.6 route=3 laps=5 crashes=13 avg_out=212.0s avg_ret=271.5s avg_lap=504.8s best_lap=463.2
t=6905.6 route=4 laps=17 crashes=0 avg_out=179.1s avg_ret=156.8s avg_lap=348.3s best_lap=325.7
t=6905.6 route=5 laps=15 crashes=1 avg_out=289.6s avg_ret=238.6s avg_lap=515.8s best_lap=483.6
t=6905.6 route=6 laps=19 crashes=0 avg_out=131.4s avg_ret=149.4s avg_lap=293.0s best_lap=278.5
t=6905.6 route=7 laps=17 crashes=0 avg_out=169.8s avg_ret=150.6s avg_lap=332.5s best_lap=306.9
t=6905.6 route=8 laps=16 crashes=1 avg_out=176.1s avg_ret=183.4s avg_lap=372.3s best_lap=355.2
t=6905.6 TOTAL laps=119 crashes=20
t=6905.6 TUNER gen=2 results=0/64 pending=4 active=8 remaining=64 next_trial=148 rounds=[1,0,1,0,1,1,0,0]
t=6928.6 LAP_CAPTURE craft=Aircraft_10_nav_r4_140 route=4 return=157.9s lap=345.7s carrier_dist=200m t=6928.6
t=6935.6 ==== SUMMARY t=6935.6 ====
t=6935.6 route=1 laps=18 crashes=0 avg_out=143.7s avg_ret=181.0s avg_lap=336.9s best_lap=311.0
t=6935.6 route=2 laps=12 crashes=5 avg_out=182.1s avg_ret=236.5s avg_lap=430.9s best_lap=400.6
t=6935.6 route=3 laps=5 crashes=13 avg_out=212.0s avg_ret=271.5s avg_lap=504.8s best_lap=463.2
t=6935.6 route=4 laps=18 crashes=0 avg_out=179.1s avg_ret=156.8s avg_lap=348.2s best_lap=325.7
t=6935.6 route=5 laps=15 crashes=1 avg_out=289.6s avg_ret=238.6s avg_lap=515.8s best_lap=483.6
t=6935.6 route=6 laps=19 crashes=0 avg_out=131.4s avg_ret=149.4s avg_lap=293.0s best_lap=278.5
t=6935.6 route=7 laps=17 crashes=0 avg_out=169.8s avg_ret=150.6s avg_lap=332.5s best_lap=306.9
t=6935.6 route=8 laps=16 crashes=1 avg_out=176.1s avg_ret=183.4s avg_lap=372.3s best_lap=355.2
t=6935.6 TOTAL laps=120 crashes=20
t=6935.6 TUNER gen=2 results=0/64 pending=4 active=7 remaining=64 next_trial=148 rounds=[1,0,1,0,1,1,0,0]
t=6944.7 SPAWN craft=Aircraft_10_nav_r4_148 route=4 candidate=4 trial=148 t=6944.7
t=6960.5 LZ_REACHED craft=Aircraft_10_nav_r6_145 route=6 outbound=131.4s t=6960.5
t=6963.5 LAP_CAPTURE craft=Aircraft_10_nav_r7_141 route=7 return=159.8s lap=340.1s carrier_dist=200m t=6963.5
t=6965.7 ==== SUMMARY t=6965.7 ====
t=6965.7 route=1 laps=18 crashes=0 avg_out=143.7s avg_ret=181.0s avg_lap=336.9s best_lap=311.0
t=6965.7 route=2 laps=12 crashes=5 avg_out=182.1s avg_ret=236.5s avg_lap=430.9s best_lap=400.6
t=6965.7 route=3 laps=5 crashes=13 avg_out=212.0s avg_ret=271.5s avg_lap=504.8s best_lap=463.2
t=6965.7 route=4 laps=18 crashes=0 avg_out=179.1s avg_ret=156.8s avg_lap=348.2s best_lap=325.7
t=6965.7 route=5 laps=15 crashes=1 avg_out=289.6s avg_ret=238.6s avg_lap=515.8s best_lap=483.6
t=6965.7 route=6 laps=19 crashes=0 avg_out=131.4s avg_ret=149.4s avg_lap=293.0s best_lap=278.5
t=6965.7 route=7 laps=18 crashes=0 avg_out=169.8s avg_ret=151.1s avg_lap=333.0s best_lap=306.9
t=6965.7 route=8 laps=16 crashes=1 avg_out=176.1s avg_ret=183.4s avg_lap=372.3s best_lap=355.2
t=6965.7 TOTAL laps=121 crashes=20
t=6965.7 TUNER gen=2 results=0/64 pending=5 active=7 remaining=64 next_trial=149 rounds=[1,0,1,1,1,1,0,0]
t=6980.0 SPAWN craft=Aircraft_10_nav_r7_149 route=7 candidate=7 trial=149 t=6980.0
t=6995.9 ==== SUMMARY t=6995.9 ====
t=6995.9 route=1 laps=18 crashes=0 avg_out=143.7s avg_ret=181.0s avg_lap=336.9s best_lap=311.0
t=6995.9 route=2 laps=12 crashes=5 avg_out=182.1s avg_ret=236.5s avg_lap=430.9s best_lap=400.6
t=6995.9 route=3 laps=5 crashes=13 avg_out=212.0s avg_ret=271.5s avg_lap=504.8s best_lap=463.2
t=6995.9 route=4 laps=18 crashes=0 avg_out=179.1s avg_ret=156.8s avg_lap=348.2s best_lap=325.7
t=6995.9 route=5 laps=15 crashes=1 avg_out=289.6s avg_ret=238.6s avg_lap=515.8s best_lap=483.6
t=6995.9 route=6 laps=19 crashes=0 avg_out=131.4s avg_ret=149.4s avg_lap=293.0s best_lap=278.5
t=6995.9 route=7 laps=18 crashes=0 avg_out=169.8s avg_ret=151.1s avg_lap=333.0s best_lap=306.9
t=6995.9 route=8 laps=16 crashes=1 avg_out=176.1s avg_ret=183.4s avg_lap=372.3s best_lap=355.2
t=6995.9 TOTAL laps=121 crashes=20
t=6995.9 TUNER gen=2 results=0/64 pending=6 active=8 remaining=64 next_trial=150 rounds=[1,0,1,1,1,1,1,0]
t=7004.3 LZ_REACHED craft=Aircraft_10_nav_r5_144 route=5 outbound=255.4s t=7004.3
t=7015.1 LZ_REACHED craft=Aircraft_10_nav_r1_146 route=1 outbound=140.7s t=7015.1
t=7026.0 ==== SUMMARY t=7026.0 ====
t=7026.0 route=1 laps=18 crashes=0 avg_out=143.5s avg_ret=181.0s avg_lap=336.9s best_lap=311.0
t=7026.0 route=2 laps=12 crashes=5 avg_out=182.1s avg_ret=236.5s avg_lap=430.9s best_lap=400.6
t=7026.0 route=3 laps=5 crashes=13 avg_out=212.0s avg_ret=271.5s avg_lap=504.8s best_lap=463.2
t=7026.0 route=4 laps=18 crashes=0 avg_out=179.1s avg_ret=156.8s avg_lap=348.2s best_lap=325.7
t=7026.0 route=5 laps=15 crashes=1 avg_out=287.7s avg_ret=238.6s avg_lap=515.8s best_lap=483.6
t=7026.0 route=6 laps=19 crashes=0 avg_out=131.4s avg_ret=149.4s avg_lap=293.0s best_lap=278.5
t=7026.1 route=7 laps=18 crashes=0 avg_out=169.8s avg_ret=151.1s avg_lap=333.0s best_lap=306.9
t=7026.1 route=8 laps=16 crashes=1 avg_out=176.1s avg_ret=183.4s avg_lap=372.3s best_lap=355.2
t=7026.1 TOTAL laps=121 crashes=20
t=7026.1 TUNER gen=2 results=0/64 pending=6 active=8 remaining=64 next_trial=150 rounds=[1,0,1,1,1,1,1,0]
t=7049.3 LAP_CAPTURE craft=Aircraft_10_nav_r8_143 route=8 return=177.8s lap=360.8s carrier_dist=200m t=7049.3
t=7056.0 ==== SUMMARY t=7056.0 ====
t=7056.0 route=1 laps=18 crashes=0 avg_out=143.5s avg_ret=181.0s avg_lap=336.9s best_lap=311.0
t=7056.0 route=2 laps=12 crashes=5 avg_out=182.1s avg_ret=236.5s avg_lap=430.9s best_lap=400.6
t=7056.1 route=3 laps=5 crashes=13 avg_out=212.0s avg_ret=271.5s avg_lap=504.8s best_lap=463.2
t=7056.1 route=4 laps=18 crashes=0 avg_out=179.1s avg_ret=156.8s avg_lap=348.2s best_lap=325.7
t=7056.1 route=5 laps=15 crashes=1 avg_out=287.7s avg_ret=238.6s avg_lap=515.8s best_lap=483.6
t=7056.1 route=6 laps=19 crashes=0 avg_out=131.4s avg_ret=149.4s avg_lap=293.0s best_lap=278.5
t=7056.1 route=7 laps=18 crashes=0 avg_out=169.8s avg_ret=151.1s avg_lap=333.0s best_lap=306.9
t=7056.1 route=8 laps=17 crashes=1 avg_out=176.1s avg_ret=183.0s avg_lap=371.6s best_lap=355.2
t=7056.1 TOTAL laps=122 crashes=20
t=7056.1 TUNER gen=2 results=0/64 pending=6 active=7 remaining=64 next_trial=150 rounds=[1,0,1,1,1,1,1,0]
t=7065.5 SPAWN craft=Aircraft_10_nav_r8_150 route=8 candidate=8 trial=150 t=7065.5
t=7081.2 LAP_CAPTURE craft=Aircraft_10_nav_r2_142 route=2 return=238.2s lap=432.9s carrier_dist=200m t=7081.2
t=7086.1 ==== SUMMARY t=7086.1 ====
t=7086.1 route=1 laps=18 crashes=0 avg_out=143.5s avg_ret=181.0s avg_lap=336.9s best_lap=311.0
t=7086.1 route=2 laps=13 crashes=5 avg_out=182.1s avg_ret=236.6s avg_lap=431.1s best_lap=400.6
t=7086.1 route=3 laps=5 crashes=13 avg_out=212.0s avg_ret=271.5s avg_lap=504.8s best_lap=463.2
t=7086.1 route=4 laps=18 crashes=0 avg_out=179.1s avg_ret=156.8s avg_lap=348.2s best_lap=325.7
t=7086.1 route=5 laps=15 crashes=1 avg_out=287.7s avg_ret=238.6s avg_lap=515.8s best_lap=483.6
t=7086.1 route=6 laps=19 crashes=0 avg_out=131.4s avg_ret=149.4s avg_lap=293.0s best_lap=278.5
t=7086.1 route=7 laps=18 crashes=0 avg_out=169.8s avg_ret=151.1s avg_lap=333.0s best_lap=306.9
t=7086.1 route=8 laps=17 crashes=1 avg_out=176.1s avg_ret=183.0s avg_lap=371.6s best_lap=355.2
t=7086.1 TOTAL laps=123 crashes=20
t=7086.1 TUNER gen=2 results=0/64 pending=7 active=7 remaining=64 next_trial=151 rounds=[1,0,1,1,1,1,1,1]
t=7100.7 SPAWN craft=Aircraft_10_nav_r2_151 route=2 candidate=2 trial=151 t=7100.7
t=7116.1 ==== SUMMARY t=7116.1 ====
t=7116.1 route=1 laps=18 crashes=0 avg_out=143.5s avg_ret=181.0s avg_lap=336.9s best_lap=311.0
t=7116.1 route=2 laps=13 crashes=5 avg_out=182.1s avg_ret=236.6s avg_lap=431.1s best_lap=400.6
t=7116.1 route=3 laps=5 crashes=13 avg_out=212.0s avg_ret=271.5s avg_lap=504.8s best_lap=463.2
t=7116.1 route=4 laps=18 crashes=0 avg_out=179.1s avg_ret=156.8s avg_lap=348.2s best_lap=325.7
t=7116.1 route=5 laps=15 crashes=1 avg_out=287.7s avg_ret=238.6s avg_lap=515.8s best_lap=483.6
t=7116.1 route=6 laps=19 crashes=0 avg_out=131.4s avg_ret=149.4s avg_lap=293.0s best_lap=278.5
t=7116.1 route=7 laps=18 crashes=0 avg_out=169.8s avg_ret=151.1s avg_lap=333.0s best_lap=306.9
t=7116.2 route=8 laps=17 crashes=1 avg_out=176.1s avg_ret=183.0s avg_lap=371.6s best_lap=355.2
t=7116.2 TOTAL laps=123 crashes=20
t=7116.2 TUNER gen=2 results=0/64 pending=8 active=8 remaining=64 next_trial=152 rounds=[1,1,1,1,1,1,1,1]
t=7120.2 LAP_CAPTURE craft=Aircraft_10_nav_r6_145 route=6 return=147.6s lap=291.0s carrier_dist=200m t=7120.2
t=7124.3 LZ_REACHED craft=Aircraft_10_nav_r4_148 route=4 outbound=179.6s t=7124.3
t=7135.8 SPAWN craft=Aircraft_10_nav_r6_152 route=6 candidate=7 trial=152 t=7135.8
t=7143.8 LZ_REACHED craft=Aircraft_10_nav_r3_147 route=3 outbound=244.3s t=7143.8
t=7146.1 ==== SUMMARY t=7146.1 ====
t=7146.1 route=1 laps=18 crashes=0 avg_out=143.5s avg_ret=181.0s avg_lap=336.9s best_lap=311.0
t=7146.2 route=2 laps=13 crashes=5 avg_out=182.1s avg_ret=236.6s avg_lap=431.1s best_lap=400.6
t=7146.2 route=3 laps=5 crashes=13 avg_out=214.3s avg_ret=271.5s avg_lap=504.8s best_lap=463.2
t=7146.2 route=4 laps=18 crashes=0 avg_out=179.1s avg_ret=156.8s avg_lap=348.2s best_lap=325.7
t=7146.2 route=5 laps=15 crashes=1 avg_out=287.7s avg_ret=238.6s avg_lap=515.8s best_lap=483.6
t=7146.2 route=6 laps=20 crashes=0 avg_out=131.4s avg_ret=149.3s avg_lap=292.9s best_lap=278.5
t=7146.2 route=7 laps=18 crashes=0 avg_out=169.8s avg_ret=151.1s avg_lap=333.0s best_lap=306.9
t=7146.2 route=8 laps=17 crashes=1 avg_out=176.1s avg_ret=183.0s avg_lap=371.6s best_lap=355.2
t=7146.2 TOTAL laps=124 crashes=20
t=7146.2 TUNER gen=2 results=1/64 pending=8 active=8 remaining=63 next_trial=153 rounds=[1,1,1,1,1,2,1,1]
t=7152.6 LZ_REACHED craft=Aircraft_10_nav_r7_149 route=7 outbound=172.6s t=7152.6
t=7176.3 ==== SUMMARY t=7176.3 ====
t=7176.3 route=1 laps=18 crashes=0 avg_out=143.5s avg_ret=181.0s avg_lap=336.9s best_lap=311.0
t=7176.3 route=2 laps=13 crashes=5 avg_out=182.1s avg_ret=236.6s avg_lap=431.1s best_lap=400.6
t=7176.3 route=3 laps=5 crashes=13 avg_out=214.3s avg_ret=271.5s avg_lap=504.8s best_lap=463.2
t=7176.3 route=4 laps=18 crashes=0 avg_out=179.1s avg_ret=156.8s avg_lap=348.2s best_lap=325.7
t=7176.3 route=5 laps=15 crashes=1 avg_out=287.7s avg_ret=238.6s avg_lap=515.8s best_lap=483.6
t=7176.3 route=6 laps=20 crashes=0 avg_out=131.4s avg_ret=149.3s avg_lap=292.9s best_lap=278.5
t=7176.3 route=7 laps=18 crashes=0 avg_out=169.9s avg_ret=151.1s avg_lap=333.0s best_lap=306.9
t=7176.3 route=8 laps=17 crashes=1 avg_out=176.1s avg_ret=183.0s avg_lap=371.6s best_lap=355.2
t=7176.3 TOTAL laps=124 crashes=20
t=7176.3 TUNER gen=2 results=1/64 pending=8 active=8 remaining=63 next_trial=153 rounds=[1,1,1,1,1,2,1,1]
t=7193.9 LAP_CAPTURE craft=Aircraft_10_nav_r1_146 route=1 return=166.7s lap=319.5s carrier_dist=200m t=7193.9
t=7206.4 ==== SUMMARY t=7206.4 ====
t=7206.4 route=1 laps=19 crashes=0 avg_out=143.5s avg_ret=180.2s avg_lap=336.0s best_lap=311.0
t=7206.4 route=2 laps=13 crashes=5 avg_out=182.1s avg_ret=236.6s avg_lap=431.1s best_lap=400.6
t=7206.4 route=3 laps=5 crashes=13 avg_out=214.3s avg_ret=271.5s avg_lap=504.8s best_lap=463.2
t=7206.4 route=4 laps=18 crashes=0 avg_out=179.1s avg_ret=156.8s avg_lap=348.2s best_lap=325.7
t=7206.4 route=5 laps=15 crashes=1 avg_out=287.7s avg_ret=238.6s avg_lap=515.8s best_lap=483.6
t=7206.4 route=6 laps=20 crashes=0 avg_out=131.4s avg_ret=149.3s avg_lap=292.9s best_lap=278.5
t=7206.4 route=7 laps=18 crashes=0 avg_out=169.9s avg_ret=151.1s avg_lap=333.0s best_lap=306.9
t=7206.4 route=8 laps=17 crashes=1 avg_out=176.1s avg_ret=183.0s avg_lap=371.6s best_lap=355.2
t=7206.4 TOTAL laps=125 crashes=20
t=7206.4 TUNER gen=2 results=2/64 pending=8 active=8 remaining=62 next_trial=154 rounds=[2,1,1,1,1,2,1,1]
t=7211.3 SPAWN craft=Aircraft_10_nav_r1_153 route=1 candidate=2 trial=153 t=7211.3
t=7236.4 ==== SUMMARY t=7236.4 ====
t=7236.4 route=1 laps=19 crashes=0 avg_out=143.5s avg_ret=180.2s avg_lap=336.0s best_lap=311.0
t=7236.4 route=2 laps=13 crashes=5 avg_out=182.1s avg_ret=236.6s avg_lap=431.1s best_lap=400.6
t=7236.4 route=3 laps=5 crashes=13 avg_out=214.3s avg_ret=271.5s avg_lap=504.8s best_lap=463.2
t=7236.4 route=4 laps=18 crashes=0 avg_out=179.1s avg_ret=156.8s avg_lap=348.2s best_lap=325.7
t=7236.4 route=5 laps=15 crashes=1 avg_out=287.7s avg_ret=238.6s avg_lap=515.8s best_lap=483.6
t=7236.4 route=6 laps=20 crashes=0 avg_out=131.4s avg_ret=149.3s avg_lap=292.9s best_lap=278.5
t=7236.5 route=7 laps=18 crashes=0 avg_out=169.9s avg_ret=151.1s avg_lap=333.0s best_lap=306.9
t=7236.5 route=8 laps=17 crashes=1 avg_out=176.1s avg_ret=183.0s avg_lap=371.6s best_lap=355.2
t=7236.5 TOTAL laps=125 crashes=20
t=7236.5 TUNER gen=2 results=2/64 pending=8 active=8 remaining=62 next_trial=154 rounds=[2,1,1,1,1,2,1,1]
t=7239.5 LZ_REACHED craft=Aircraft_10_nav_r8_150 route=8 outbound=174.0s t=7239.5
t=7249.8 LAP_CAPTURE craft=Aircraft_10_nav_r5_144 route=5 return=233.6s lap=501.0s carrier_dist=200m t=7249.8
t=7266.5 SPAWN craft=Aircraft_10_nav_r5_154 route=5 candidate=6 trial=154 t=7266.5
t=7266.5 ==== SUMMARY t=7266.5 ====
t=7266.5 route=1 laps=19 crashes=0 avg_out=143.5s avg_ret=180.2s avg_lap=336.0s best_lap=311.0
t=7266.5 route=2 laps=13 crashes=5 avg_out=182.1s avg_ret=236.6s avg_lap=431.1s best_lap=400.6
t=7266.5 route=3 laps=5 crashes=13 avg_out=214.3s avg_ret=271.5s avg_lap=504.8s best_lap=463.2
t=7266.5 route=4 laps=18 crashes=0 avg_out=179.1s avg_ret=156.8s avg_lap=348.2s best_lap=325.7
t=7266.5 route=5 laps=16 crashes=1 avg_out=287.7s avg_ret=238.3s avg_lap=514.9s best_lap=483.6
t=7266.5 route=6 laps=20 crashes=0 avg_out=131.4s avg_ret=149.3s avg_lap=292.9s best_lap=278.5
t=7266.5 route=7 laps=18 crashes=0 avg_out=169.9s avg_ret=151.1s avg_lap=333.0s best_lap=306.9
t=7266.5 route=8 laps=17 crashes=1 avg_out=176.0s avg_ret=183.0s avg_lap=371.6s best_lap=355.2
t=7266.5 TOTAL laps=126 crashes=20
t=7266.5 TUNER gen=2 results=3/64 pending=8 active=8 remaining=61 next_trial=155 rounds=[2,1,1,1,2,2,1,1]
t=7283.6 LZ_REACHED craft=Aircraft_10_nav_r6_152 route=6 outbound=147.8s t=7283.6
t=7284.7 LZ_REACHED craft=Aircraft_10_nav_r2_151 route=2 outbound=184.0s t=7284.7
t=7290.0 LAP_CAPTURE craft=Aircraft_10_nav_r4_148 route=4 return=153.7s lap=345.3s carrier_dist=200m t=7290.0
t=7296.5 ==== SUMMARY t=7296.5 ====
t=7296.5 route=1 laps=19 crashes=0 avg_out=143.5s avg_ret=180.2s avg_lap=336.0s best_lap=311.0
t=7296.5 route=2 laps=13 crashes=5 avg_out=182.2s avg_ret=236.6s avg_lap=431.1s best_lap=400.6
t=7296.5 route=3 laps=5 crashes=13 avg_out=214.3s avg_ret=271.5s avg_lap=504.8s best_lap=463.2
t=7296.5 route=4 laps=19 crashes=0 avg_out=179.1s avg_ret=156.7s avg_lap=348.0s best_lap=325.7
t=7296.5 route=5 laps=16 crashes=1 avg_out=287.7s avg_ret=238.3s avg_lap=514.9s best_lap=483.6
t=7296.5 route=6 laps=20 crashes=0 avg_out=132.2s avg_ret=149.3s avg_lap=292.9s best_lap=278.5
t=7296.6 route=7 laps=18 crashes=0 avg_out=169.9s avg_ret=151.1s avg_lap=333.0s best_lap=306.9
t=7296.6 route=8 laps=17 crashes=1 avg_out=176.0s avg_ret=183.0s avg_lap=371.6s best_lap=355.2
t=7296.6 TOTAL laps=127 crashes=20
t=7296.6 TUNER gen=2 results=4/64 pending=7 active=7 remaining=60 next_trial=155 rounds=[2,1,1,1,2,2,1,1]
t=7306.8 SPAWN craft=Aircraft_10_nav_r4_155 route=4 candidate=5 trial=155 t=7306.8
t=7322.3 LAP_CAPTURE craft=Aircraft_10_nav_r7_149 route=7 return=157.6s lap=342.3s carrier_dist=200m t=7322.3
t=7326.7 ==== SUMMARY t=7326.7 ====
t=7326.7 route=1 laps=19 crashes=0 avg_out=143.5s avg_ret=180.2s avg_lap=336.0s best_lap=311.0
t=7326.7 route=2 laps=13 crashes=5 avg_out=182.2s avg_ret=236.6s avg_lap=431.1s best_lap=400.6
t=7326.7 route=3 laps=5 crashes=13 avg_out=214.3s avg_ret=271.5s avg_lap=504.8s best_lap=463.2
t=7326.8 route=4 laps=19 crashes=0 avg_out=179.1s avg_ret=156.7s avg_lap=348.0s best_lap=325.7
t=7326.8 route=5 laps=16 crashes=1 avg_out=287.7s avg_ret=238.3s avg_lap=514.9s best_lap=483.6
t=7326.8 route=6 laps=20 crashes=0 avg_out=132.2s avg_ret=149.3s avg_lap=292.9s best_lap=278.5
t=7326.8 route=7 laps=19 crashes=0 avg_out=169.9s avg_ret=151.4s avg_lap=333.5s best_lap=306.9
t=7326.8 route=8 laps=17 crashes=1 avg_out=176.0s avg_ret=183.0s avg_lap=371.6s best_lap=355.2
t=7326.8 TOTAL laps=128 crashes=20
t=7326.8 TUNER gen=2 results=5/64 pending=7 active=7 remaining=59 next_trial=156 rounds=[2,1,1,2,2,2,1,1]
t=7341.9 SPAWN craft=Aircraft_10_nav_r7_156 route=7 candidate=8 trial=156 t=7341.9
t=7351.1 LZ_REACHED craft=Aircraft_10_nav_r1_153 route=1 outbound=139.9s t=7351.1
t=7356.7 ==== SUMMARY t=7356.7 ====
t=7356.7 route=1 laps=19 crashes=0 avg_out=143.4s avg_ret=180.2s avg_lap=336.0s best_lap=311.0
t=7356.7 route=2 laps=13 crashes=5 avg_out=182.2s avg_ret=236.6s avg_lap=431.1s best_lap=400.6
t=7356.7 route=3 laps=5 crashes=13 avg_out=214.3s avg_ret=271.5s avg_lap=504.8s best_lap=463.2
t=7356.7 route=4 laps=19 crashes=0 avg_out=179.1s avg_ret=156.7s avg_lap=348.0s best_lap=325.7
t=7356.7 route=5 laps=16 crashes=1 avg_out=287.7s avg_ret=238.3s avg_lap=514.9s best_lap=483.6
t=7356.7 route=6 laps=20 crashes=0 avg_out=132.2s avg_ret=149.3s avg_lap=292.9s best_lap=278.5
t=7356.7 route=7 laps=19 crashes=0 avg_out=169.9s avg_ret=151.4s avg_lap=333.5s best_lap=306.9
t=7356.7 route=8 laps=17 crashes=1 avg_out=176.0s avg_ret=183.0s avg_lap=371.6s best_lap=355.2
t=7356.8 TOTAL laps=128 crashes=20
t=7356.8 TUNER gen=2 results=5/64 pending=8 active=8 remaining=59 next_trial=157 rounds=[2,1,1,2,2,2,2,1]
t=7386.8 ==== SUMMARY t=7386.8 ====
t=7386.8 route=1 laps=19 crashes=0 avg_out=143.4s avg_ret=180.2s avg_lap=336.0s best_lap=311.0
t=7386.8 route=2 laps=13 crashes=5 avg_out=182.2s avg_ret=236.6s avg_lap=431.1s best_lap=400.6
t=7386.8 route=3 laps=5 crashes=13 avg_out=214.3s avg_ret=271.5s avg_lap=504.8s best_lap=463.2
t=7386.8 route=4 laps=19 crashes=0 avg_out=179.1s avg_ret=156.7s avg_lap=348.0s best_lap=325.7
t=7386.8 route=5 laps=16 crashes=1 avg_out=287.7s avg_ret=238.3s avg_lap=514.9s best_lap=483.6
t=7386.8 route=6 laps=20 crashes=0 avg_out=132.2s avg_ret=149.3s avg_lap=292.9s best_lap=278.5
t=7386.9 route=7 laps=19 crashes=0 avg_out=169.9s avg_ret=151.4s avg_lap=333.5s best_lap=306.9
t=7386.9 route=8 laps=17 crashes=1 avg_out=176.0s avg_ret=183.0s avg_lap=371.6s best_lap=355.2
t=7386.9 TOTAL laps=128 crashes=20
t=7386.9 TUNER gen=2 results=5/64 pending=8 active=8 remaining=59 next_trial=157 rounds=[2,1,1,2,2,2,2,1]
t=7416.8 ==== SUMMARY t=7416.8 ====
t=7416.8 route=1 laps=19 crashes=0 avg_out=143.4s avg_ret=180.2s avg_lap=336.0s best_lap=311.0
t=7416.8 route=2 laps=13 crashes=5 avg_out=182.2s avg_ret=236.6s avg_lap=431.1s best_lap=400.6
t=7416.8 route=3 laps=5 crashes=13 avg_out=214.3s avg_ret=271.5s avg_lap=504.8s best_lap=463.2
t=7416.8 route=4 laps=19 crashes=0 avg_out=179.1s avg_ret=156.7s avg_lap=348.0s best_lap=325.7
t=7416.8 route=5 laps=16 crashes=1 avg_out=287.7s avg_ret=238.3s avg_lap=514.9s best_lap=483.6
t=7416.8 route=6 laps=20 crashes=0 avg_out=132.2s avg_ret=149.3s avg_lap=292.9s best_lap=278.5
t=7416.8 route=7 laps=19 crashes=0 avg_out=169.9s avg_ret=151.4s avg_lap=333.5s best_lap=306.9
t=7416.8 route=8 laps=17 crashes=1 avg_out=176.0s avg_ret=183.0s avg_lap=371.6s best_lap=355.2
t=7416.8 TOTAL laps=128 crashes=20
t=7416.9 TUNER gen=2 results=5/64 pending=8 active=8 remaining=59 next_trial=157 rounds=[2,1,1,2,2,2,2,1]
t=7427.7 LAP_CAPTURE craft=Aircraft_10_nav_r8_150 route=8 return=176.2s lap=362.2s carrier_dist=200m t=7427.7
t=7445.3 LAP_CAPTURE craft=Aircraft_10_nav_r6_152 route=6 return=149.7s lap=309.6s carrier_dist=200m t=7445.3
t=7446.8 ==== SUMMARY t=7446.8 ====
t=7446.8 route=1 laps=19 crashes=0 avg_out=143.4s avg_ret=180.2s avg_lap=336.0s best_lap=311.0
t=7446.8 route=2 laps=13 crashes=5 avg_out=182.2s avg_ret=236.6s avg_lap=431.1s best_lap=400.6
t=7446.8 route=3 laps=5 crashes=13 avg_out=214.3s avg_ret=271.5s avg_lap=504.8s best_lap=463.2
t=7446.8 route=4 laps=19 crashes=0 avg_out=179.1s avg_ret=156.7s avg_lap=348.0s best_lap=325.7
t=7446.8 route=5 laps=16 crashes=1 avg_out=287.7s avg_ret=238.3s avg_lap=514.9s best_lap=483.6
t=7446.8 route=6 laps=21 crashes=0 avg_out=132.2s avg_ret=149.4s avg_lap=293.7s best_lap=278.5
t=7446.8 route=7 laps=19 crashes=0 avg_out=169.9s avg_ret=151.4s avg_lap=333.5s best_lap=306.9
t=7446.8 route=8 laps=18 crashes=1 avg_out=176.0s avg_ret=182.7s avg_lap=371.1s best_lap=355.2
t=7446.9 TOTAL laps=130 crashes=20
t=7446.9 TUNER gen=2 results=7/64 pending=7 active=7 remaining=57 next_trial=158 rounds=[2,1,1,2,2,2,2,2]
t=7447.3 SPAWN craft=Aircraft_10_nav_r8_157 route=8 candidate=1 trial=157 t=7447.3
t=7452.1 LAUNCH_BLOCKED reason=cleared_unready_nav_deck_aircraft active=7 stored=1 no_active_s=0.0 state=IDLE tractor_cleanup=false elevator_transfer=false deck=Aircraft_10_nav_r8_157 pending=none clearance=none queue=0
t=7460.6 LAP_CAPTURE craft=Aircraft_10_nav_r3_147 route=3 return=304.8s lap=561.1s carrier_dist=200m t=7460.6
t=7467.2 LAUNCH_BLOCKED reason=deck_busy active=7 stored=1 no_active_s=0.0 state=AIRCRAFT_ON_DECK tractor_cleanup=false elevator_transfer=false deck=Aircraft_10_nav_r6_158 pending=none clearance=none queue=0
t=7467.4 SPAWN craft=Aircraft_10_nav_r6_158 route=6 candidate=8 trial=158 t=7467.4
t=7476.9 ==== SUMMARY t=7476.9 ====
t=7476.9 route=1 laps=19 crashes=0 avg_out=143.4s avg_ret=180.2s avg_lap=336.0s best_lap=311.0
t=7476.9 route=2 laps=13 crashes=5 avg_out=182.2s avg_ret=236.6s avg_lap=431.1s best_lap=400.6
t=7476.9 route=3 laps=6 crashes=13 avg_out=214.3s avg_ret=277.0s avg_lap=514.1s best_lap=463.2
t=7476.9 route=4 laps=19 crashes=0 avg_out=179.1s avg_ret=156.7s avg_lap=348.0s best_lap=325.7
t=7476.9 route=5 laps=16 crashes=1 avg_out=287.7s avg_ret=238.3s avg_lap=514.9s best_lap=483.6
t=7476.9 route=6 laps=21 crashes=0 avg_out=132.2s avg_ret=149.4s avg_lap=293.7s best_lap=278.5
t=7476.9 route=7 laps=19 crashes=0 avg_out=169.9s avg_ret=151.4s avg_lap=333.5s best_lap=306.9
t=7476.9 route=8 laps=18 crashes=1 avg_out=176.0s avg_ret=182.7s avg_lap=371.1s best_lap=355.2
t=7476.9 TOTAL laps=131 crashes=20
t=7476.9 TUNER gen=2 results=8/64 pending=7 active=7 remaining=56 next_trial=159 rounds=[2,1,1,2,2,3,2,2]
t=7483.2 LZ_REACHED craft=Aircraft_10_nav_r4_155 route=4 outbound=176.4s t=7483.2
t=7487.6 SPAWN craft=Aircraft_10_nav_r3_159 route=3 candidate=4 trial=159 t=7487.6
t=7507.0 ==== SUMMARY t=7507.0 ====
t=7507.0 route=1 laps=19 crashes=0 avg_out=143.4s avg_ret=180.2s avg_lap=336.0s best_lap=311.0
t=7507.0 route=2 laps=13 crashes=5 avg_out=182.2s avg_ret=236.6s avg_lap=431.1s best_lap=400.6
t=7507.0 route=3 laps=6 crashes=13 avg_out=214.3s avg_ret=277.0s avg_lap=514.1s best_lap=463.2
t=7507.0 route=4 laps=19 crashes=0 avg_out=179.0s avg_ret=156.7s avg_lap=348.0s best_lap=325.7
t=7507.0 route=5 laps=16 crashes=1 avg_out=287.7s avg_ret=238.3s avg_lap=514.9s best_lap=483.6
t=7507.0 route=6 laps=21 crashes=0 avg_out=132.2s avg_ret=149.4s avg_lap=293.7s best_lap=278.5
t=7507.0 route=7 laps=19 crashes=0 avg_out=169.9s avg_ret=151.4s avg_lap=333.5s best_lap=306.9
t=7507.1 route=8 laps=18 crashes=1 avg_out=176.0s avg_ret=182.7s avg_lap=371.1s best_lap=355.2
t=7507.1 TOTAL laps=131 crashes=20
t=7507.1 TUNER gen=2 results=8/64 pending=8 active=8 remaining=56 next_trial=160 rounds=[2,1,2,2,2,3,2,2]
t=7509.4 LZ_REACHED craft=Aircraft_10_nav_r7_156 route=7 outbound=167.5s t=7509.4
t=7518.2 LZ_REACHED craft=Aircraft_10_nav_r5_154 route=5 outbound=251.7s t=7518.2
t=7523.5 LAP_CAPTURE craft=Aircraft_10_nav_r1_153 route=1 return=160.4s lap=312.3s carrier_dist=200m t=7523.5
t=7531.0 LAP_CAPTURE craft=Aircraft_10_nav_r2_151 route=2 return=234.3s lap=430.4s carrier_dist=200m t=7531.0
t=7537.1 ==== SUMMARY t=7537.1 ====
t=7537.1 route=1 laps=20 crashes=0 avg_out=143.4s avg_ret=179.2s avg_lap=334.8s best_lap=311.0
t=7537.1 route=2 laps=14 crashes=5 avg_out=182.2s avg_ret=236.4s avg_lap=431.0s best_lap=400.6
t=7537.1 route=3 laps=6 crashes=13 avg_out=214.3s avg_ret=277.0s avg_lap=514.1s best_lap=463.2
t=7537.1 route=4 laps=19 crashes=0 avg_out=179.0s avg_ret=156.7s avg_lap=348.0s best_lap=325.7
t=7537.1 route=5 laps=16 crashes=1 avg_out=285.8s avg_ret=238.3s avg_lap=514.9s best_lap=483.6
t=7537.1 route=6 laps=21 crashes=0 avg_out=132.2s avg_ret=149.4s avg_lap=293.7s best_lap=278.5
t=7537.1 route=7 laps=19 crashes=0 avg_out=169.8s avg_ret=151.4s avg_lap=333.5s best_lap=306.9
t=7537.2 route=8 laps=18 crashes=1 avg_out=176.0s avg_ret=182.7s avg_lap=371.1s best_lap=355.2
t=7537.2 TOTAL laps=133 crashes=20
t=7537.2 TUNER gen=2 results=10/64 pending=7 active=7 remaining=54 next_trial=161 rounds=[3,1,2,2,2,3,2,2]
t=7537.6 LAUNCH_BLOCKED reason=deck_busy active=7 stored=1 no_active_s=0.0 state=AIRCRAFT_ON_DECK tractor_cleanup=false elevator_transfer=true deck=Aircraft_10_nav_r1_160 pending=none clearance=none queue=0
t=7542.9 SPAWN craft=Aircraft_10_nav_r1_160 route=1 candidate=3 trial=160 t=7542.9
t=7563.1 SPAWN craft=Aircraft_10_nav_r2_161 route=2 candidate=3 trial=161 t=7563.1
t=7567.2 ==== SUMMARY t=7567.2 ====
t=7567.3 route=1 laps=20 crashes=0 avg_out=143.4s avg_ret=179.2s avg_lap=334.8s best_lap=311.0
t=7567.3 route=2 laps=14 crashes=5 avg_out=182.2s avg_ret=236.4s avg_lap=431.0s best_lap=400.6
t=7567.3 route=3 laps=6 crashes=13 avg_out=214.3s avg_ret=277.0s avg_lap=514.1s best_lap=463.2
t=7567.3 route=4 laps=19 crashes=0 avg_out=179.0s avg_ret=156.7s avg_lap=348.0s best_lap=325.7
t=7567.3 route=5 laps=16 crashes=1 avg_out=285.8s avg_ret=238.3s avg_lap=514.9s best_lap=483.6
t=7567.3 route=6 laps=21 crashes=0 avg_out=132.2s avg_ret=149.4s avg_lap=293.7s best_lap=278.5
t=7567.3 route=7 laps=19 crashes=0 avg_out=169.8s avg_ret=151.4s avg_lap=333.5s best_lap=306.9
t=7567.3 route=8 laps=18 crashes=1 avg_out=176.0s avg_ret=182.7s avg_lap=371.1s best_lap=355.2
t=7567.3 TOTAL laps=133 crashes=20
t=7567.3 TUNER gen=2 results=10/64 pending=8 active=8 remaining=54 next_trial=162 rounds=[3,2,2,2,2,3,2,2]
t=7593.7 LZ_REACHED craft=Aircraft_10_nav_r6_158 route=6 outbound=126.3s t=7593.7
t=7597.2 ==== SUMMARY t=7597.2 ====
t=7597.2 route=1 laps=20 crashes=0 avg_out=143.4s avg_ret=179.2s avg_lap=334.8s best_lap=311.0
t=7597.2 route=2 laps=14 crashes=5 avg_out=182.2s avg_ret=236.4s avg_lap=431.0s best_lap=400.6
t=7597.3 route=3 laps=6 crashes=13 avg_out=214.3s avg_ret=277.0s avg_lap=514.1s best_lap=463.2
t=7597.3 route=4 laps=19 crashes=0 avg_out=179.0s avg_ret=156.7s avg_lap=348.0s best_lap=325.7
t=7597.3 route=5 laps=16 crashes=1 avg_out=285.8s avg_ret=238.3s avg_lap=514.9s best_lap=483.6
t=7597.3 route=6 laps=21 crashes=0 avg_out=131.9s avg_ret=149.4s avg_lap=293.7s best_lap=278.5
t=7597.3 route=7 laps=19 crashes=0 avg_out=169.8s avg_ret=151.4s avg_lap=333.5s best_lap=306.9
t=7597.3 route=8 laps=18 crashes=1 avg_out=176.0s avg_ret=182.7s avg_lap=371.1s best_lap=355.2
t=7597.3 TOTAL laps=133 crashes=20
t=7597.3 TUNER gen=2 results=10/64 pending=8 active=8 remaining=54 next_trial=162 rounds=[3,2,2,2,2,3,2,2]
t=7622.2 LZ_REACHED craft=Aircraft_10_nav_r8_157 route=8 outbound=174.9s t=7622.2
t=7627.4 ==== SUMMARY t=7627.4 ====
t=7627.4 route=1 laps=20 crashes=0 avg_out=143.4s avg_ret=179.2s avg_lap=334.8s best_lap=311.0
t=7627.4 route=2 laps=14 crashes=5 avg_out=182.2s avg_ret=236.4s avg_lap=431.0s best_lap=400.6
t=7627.4 route=3 laps=6 crashes=13 avg_out=214.3s avg_ret=277.0s avg_lap=514.1s best_lap=463.2
t=7627.4 route=4 laps=19 crashes=0 avg_out=179.0s avg_ret=156.7s avg_lap=348.0s best_lap=325.7
t=7627.4 route=5 laps=16 crashes=1 avg_out=285.8s avg_ret=238.3s avg_lap=514.9s best_lap=483.6
t=7627.4 route=6 laps=21 crashes=0 avg_out=131.9s avg_ret=149.4s avg_lap=293.7s best_lap=278.5
t=7627.4 route=7 laps=19 crashes=0 avg_out=169.8s avg_ret=151.4s avg_lap=333.5s best_lap=306.9
t=7627.4 route=8 laps=18 crashes=1 avg_out=175.9s avg_ret=182.7s avg_lap=371.1s best_lap=355.2
t=7627.4 TOTAL laps=133 crashes=20
t=7627.4 TUNER gen=2 results=10/64 pending=8 active=8 remaining=54 next_trial=162 rounds=[3,2,2,2,2,3,2,2]
t=7651.5 LAP_CAPTURE craft=Aircraft_10_nav_r4_155 route=4 return=156.3s lap=344.8s carrier_dist=200m t=7651.5
t=7657.4 ==== SUMMARY t=7657.4 ====
t=7657.4 route=1 laps=20 crashes=0 avg_out=143.4s avg_ret=179.2s avg_lap=334.8s best_lap=311.0
t=7657.4 route=2 laps=14 crashes=5 avg_out=182.2s avg_ret=236.4s avg_lap=431.0s best_lap=400.6
t=7657.4 route=3 laps=6 crashes=13 avg_out=214.3s avg_ret=277.0s avg_lap=514.1s best_lap=463.2
t=7657.4 route=4 laps=20 crashes=0 avg_out=179.0s avg_ret=156.6s avg_lap=347.9s best_lap=325.7
t=7657.4 route=5 laps=16 crashes=1 avg_out=285.8s avg_ret=238.3s avg_lap=514.9s best_lap=483.6
t=7657.4 route=6 laps=21 crashes=0 avg_out=131.9s avg_ret=149.4s avg_lap=293.7s best_lap=278.5
t=7657.4 route=7 laps=19 crashes=0 avg_out=169.8s avg_ret=151.4s avg_lap=333.5s best_lap=306.9
t=7657.4 route=8 laps=18 crashes=1 avg_out=175.9s avg_ret=182.7s avg_lap=371.1s best_lap=355.2
t=7657.4 TOTAL laps=134 crashes=20
t=7657.4 TUNER gen=2 results=11/64 pending=7 active=7 remaining=53 next_trial=162 rounds=[3,2,2,2,2,3,2,2]
t=7668.5 SPAWN craft=Aircraft_10_nav_r4_162 route=4 candidate=6 trial=162 t=7668.5
t=7680.4 LAP_CAPTURE craft=Aircraft_10_nav_r7_156 route=7 return=159.0s lap=338.4s carrier_dist=200m t=7680.4
t=7684.0 LZ_REACHED craft=Aircraft_10_nav_r1_160 route=1 outbound=141.1s t=7684.0
t=7687.5 ==== SUMMARY t=7687.5 ====
t=7687.5 route=1 laps=20 crashes=0 avg_out=143.2s avg_ret=179.2s avg_lap=334.8s best_lap=311.0
t=7687.5 route=2 laps=14 crashes=5 avg_out=182.2s avg_ret=236.4s avg_lap=431.0s best_lap=400.6
t=7687.5 route=3 laps=6 crashes=13 avg_out=214.3s avg_ret=277.0s avg_lap=514.1s best_lap=463.2
t=7687.5 route=4 laps=20 crashes=0 avg_out=179.0s avg_ret=156.6s avg_lap=347.9s best_lap=325.7
t=7687.5 route=5 laps=16 crashes=1 avg_out=285.8s avg_ret=238.3s avg_lap=514.9s best_lap=483.6
t=7687.5 route=6 laps=21 crashes=0 avg_out=131.9s avg_ret=149.4s avg_lap=293.7s best_lap=278.5
t=7687.5 route=7 laps=20 crashes=0 avg_out=169.8s avg_ret=151.8s avg_lap=333.7s best_lap=306.9
t=7687.5 route=8 laps=18 crashes=1 avg_out=175.9s avg_ret=182.7s avg_lap=371.1s best_lap=355.2
t=7687.5 TOTAL laps=135 crashes=20
t=7687.5 TUNER gen=2 results=12/64 pending=7 active=7 remaining=52 next_trial=163 rounds=[3,2,2,3,2,3,2,2]
t=7698.8 SPAWN craft=Aircraft_10_nav_r7_163 route=7 candidate=1 trial=163 t=7698.8
t=7717.5 ==== SUMMARY t=7717.5 ====
t=7717.5 route=1 laps=20 crashes=0 avg_out=143.2s avg_ret=179.2s avg_lap=334.8s best_lap=311.0
t=7717.5 route=2 laps=14 crashes=5 avg_out=182.2s avg_ret=236.4s avg_lap=431.0s best_lap=400.6
t=7717.5 route=3 laps=6 crashes=13 avg_out=214.3s avg_ret=277.0s avg_lap=514.1s best_lap=463.2
t=7717.6 route=4 laps=20 crashes=0 avg_out=179.0s avg_ret=156.6s avg_lap=347.9s best_lap=325.7
t=7717.6 route=5 laps=16 crashes=1 avg_out=285.8s avg_ret=238.3s avg_lap=514.9s best_lap=483.6
t=7717.6 route=6 laps=21 crashes=0 avg_out=131.9s avg_ret=149.4s avg_lap=293.7s best_lap=278.5
t=7717.6 route=7 laps=20 crashes=0 avg_out=169.8s avg_ret=151.8s avg_lap=333.7s best_lap=306.9
t=7717.6 route=8 laps=18 crashes=1 avg_out=175.9s avg_ret=182.7s avg_lap=371.1s best_lap=355.2
t=7717.6 TOTAL laps=135 crashes=20
t=7717.6 TUNER gen=2 results=12/64 pending=8 active=8 remaining=52 next_trial=164 rounds=[3,2,2,3,2,3,3,2]
t=7727.4 LZ_REACHED craft=Aircraft_10_nav_r3_159 route=3 outbound=239.9s t=7727.4
t=7746.3 LZ_REACHED craft=Aircraft_10_nav_r2_161 route=2 outbound=183.2s t=7746.3
t=7748.1 ==== SUMMARY t=7748.1 ====
t=7748.1 route=1 laps=20 crashes=0 avg_out=143.2s avg_ret=179.2s avg_lap=334.8s best_lap=311.0
t=7748.1 route=2 laps=14 crashes=5 avg_out=182.3s avg_ret=236.4s avg_lap=431.0s best_lap=400.6
t=7748.1 route=3 laps=6 crashes=13 avg_out=216.0s avg_ret=277.0s avg_lap=514.1s best_lap=463.2
t=7748.1 route=4 laps=20 crashes=0 avg_out=179.0s avg_ret=156.6s avg_lap=347.9s best_lap=325.7
t=7748.1 route=5 laps=16 crashes=1 avg_out=285.8s avg_ret=238.3s avg_lap=514.9s best_lap=483.6
t=7748.1 route=6 laps=21 crashes=0 avg_out=131.9s avg_ret=149.4s avg_lap=293.7s best_lap=278.5
t=7748.1 route=7 laps=20 crashes=0 avg_out=169.8s avg_ret=151.8s avg_lap=333.7s best_lap=306.9
t=7748.1 route=8 laps=18 crashes=1 avg_out=175.9s avg_ret=182.7s avg_lap=371.1s best_lap=355.2
t=7748.1 TOTAL laps=135 crashes=20
t=7748.1 TUNER gen=2 results=12/64 pending=8 active=8 remaining=52 next_trial=164 rounds=[3,2,2,3,2,3,3,2]
t=7759.0 LAP_CAPTURE craft=Aircraft_10_nav_r5_154 route=5 return=228.8s lap=492.6s carrier_dist=200m t=7759.0
t=7762.5 LAP_CAPTURE craft=Aircraft_10_nav_r6_158 route=6 return=156.8s lap=295.1s carrier_dist=200m t=7762.5
t=7769.4 LAUNCH_BLOCKED reason=deck_busy active=7 stored=1 no_active_s=0.0 state=AIRCRAFT_ON_DECK tractor_cleanup=false elevator_transfer=true deck=Aircraft_10_nav_r5_164 pending=none clearance=none queue=0
t=7774.7 SPAWN craft=Aircraft_10_nav_r5_164 route=5 candidate=7 trial=164 t=7774.7
t=7778.3 ==== SUMMARY t=7778.3 ====
t=7778.3 route=1 laps=20 crashes=0 avg_out=143.2s avg_ret=179.2s avg_lap=334.8s best_lap=311.0
t=7778.3 route=2 laps=14 crashes=5 avg_out=182.3s avg_ret=236.4s avg_lap=431.0s best_lap=400.6
t=7778.3 route=3 laps=6 crashes=13 avg_out=216.0s avg_ret=277.0s avg_lap=514.1s best_lap=463.2
t=7778.3 route=4 laps=20 crashes=0 avg_out=179.0s avg_ret=156.6s avg_lap=347.9s best_lap=325.7
t=7778.3 route=5 laps=17 crashes=1 avg_out=285.8s avg_ret=237.8s avg_lap=513.6s best_lap=483.6
t=7778.3 route=6 laps=22 crashes=0 avg_out=131.9s avg_ret=149.7s avg_lap=293.7s best_lap=278.5
t=7778.3 route=7 laps=20 crashes=0 avg_out=169.8s avg_ret=151.8s avg_lap=333.7s best_lap=306.9
t=7778.3 route=8 laps=18 crashes=1 avg_out=175.9s avg_ret=182.7s avg_lap=371.1s best_lap=355.2
t=7778.3 TOTAL laps=137 crashes=20
t=7778.3 TUNER gen=2 results=14/64 pending=7 active=7 remaining=50 next_trial=165 rounds=[3,2,2,3,3,3,3,2]
t=7794.9 SPAWN craft=Aircraft_10_nav_r6_165 route=6 candidate=1 trial=165 t=7794.9
t=7808.4 ==== SUMMARY t=7808.4 ====
t=7808.4 route=1 laps=20 crashes=0 avg_out=143.2s avg_ret=179.2s avg_lap=334.8s best_lap=311.0
t=7808.4 route=2 laps=14 crashes=5 avg_out=182.3s avg_ret=236.4s avg_lap=431.0s best_lap=400.6
t=7808.4 route=3 laps=6 crashes=13 avg_out=216.0s avg_ret=277.0s avg_lap=514.1s best_lap=463.2
t=7808.4 route=4 laps=20 crashes=0 avg_out=179.0s avg_ret=156.6s avg_lap=347.9s best_lap=325.7
t=7808.4 route=5 laps=17 crashes=1 avg_out=285.8s avg_ret=237.8s avg_lap=513.6s best_lap=483.6
t=7808.4 route=6 laps=22 crashes=0 avg_out=131.9s avg_ret=149.7s avg_lap=293.7s best_lap=278.5
t=7808.4 route=7 laps=20 crashes=0 avg_out=169.8s avg_ret=151.8s avg_lap=333.7s best_lap=306.9
t=7808.4 route=8 laps=18 crashes=1 avg_out=175.9s avg_ret=182.7s avg_lap=371.1s best_lap=355.2
t=7808.5 TOTAL laps=137 crashes=20
t=7808.5 TUNER gen=2 results=14/64 pending=8 active=8 remaining=50 next_trial=166 rounds=[3,2,2,3,3,4,3,2]
t=7812.8 LAP_CAPTURE craft=Aircraft_10_nav_r8_157 route=8 return=178.6s lap=365.4s carrier_dist=200m t=7812.8
t=7830.0 SPAWN craft=Aircraft_10_nav_r8_166 route=8 candidate=2 trial=166 t=7830.0
t=7838.5 ==== SUMMARY t=7838.5 ====
t=7838.5 route=1 laps=20 crashes=0 avg_out=143.2s avg_ret=179.2s avg_lap=334.8s best_lap=311.0
t=7838.5 route=2 laps=14 crashes=5 avg_out=182.3s avg_ret=236.4s avg_lap=431.0s best_lap=400.6
t=7838.5 route=3 laps=6 crashes=13 avg_out=216.0s avg_ret=277.0s avg_lap=514.1s best_lap=463.2
t=7838.5 route=4 laps=20 crashes=0 avg_out=179.0s avg_ret=156.6s avg_lap=347.9s best_lap=325.7
t=7838.5 route=5 laps=17 crashes=1 avg_out=285.8s avg_ret=237.8s avg_lap=513.6s best_lap=483.6
t=7838.5 route=6 laps=22 crashes=0 avg_out=131.9s avg_ret=149.7s avg_lap=293.7s best_lap=278.5
t=7838.5 route=7 laps=20 crashes=0 avg_out=169.8s avg_ret=151.8s avg_lap=333.7s best_lap=306.9
t=7838.5 route=8 laps=19 crashes=1 avg_out=175.9s avg_ret=182.4s avg_lap=370.8s best_lap=355.2
t=7838.5 TOTAL laps=138 crashes=20
t=7838.5 TUNER gen=2 results=15/64 pending=8 active=8 remaining=49 next_trial=167 rounds=[3,2,2,3,3,4,3,3]
t=7847.7 LZ_REACHED craft=Aircraft_10_nav_r4_162 route=4 outbound=179.2s t=7847.7
t=7859.7 LAP_CAPTURE craft=Aircraft_10_nav_r1_160 route=1 return=163.7s lap=316.9s carrier_dist=200m t=7859.7
t=7867.8 LZ_REACHED craft=Aircraft_10_nav_r7_163 route=7 outbound=169.0s t=7867.8
t=7868.6 ==== SUMMARY t=7868.6 ====
t=7868.6 route=1 laps=21 crashes=0 avg_out=143.2s avg_ret=178.5s avg_lap=334.0s best_lap=311.0
t=7868.6 route=2 laps=14 crashes=5 avg_out=182.3s avg_ret=236.4s avg_lap=431.0s best_lap=400.6
t=7868.6 route=3 laps=6 crashes=13 avg_out=216.0s avg_ret=277.0s avg_lap=514.1s best_lap=463.2
t=7868.6 route=4 laps=20 crashes=0 avg_out=179.0s avg_ret=156.6s avg_lap=347.9s best_lap=325.7
t=7868.6 route=5 laps=17 crashes=1 avg_out=285.8s avg_ret=237.8s avg_lap=513.6s best_lap=483.6
t=7868.6 route=6 laps=22 crashes=0 avg_out=131.9s avg_ret=149.7s avg_lap=293.7s best_lap=278.5
t=7868.6 route=7 laps=20 crashes=0 avg_out=169.7s avg_ret=151.8s avg_lap=333.7s best_lap=306.9
t=7868.6 route=8 laps=19 crashes=1 avg_out=175.9s avg_ret=182.4s avg_lap=370.8s best_lap=355.2
t=7868.6 TOTAL laps=139 crashes=20
t=7868.7 TUNER gen=2 results=16/64 pending=8 active=8 remaining=48 next_trial=168 rounds=[4,2,2,3,3,4,3,3]
t=7875.3 SPAWN craft=Aircraft_10_nav_r1_167 route=1 candidate=4 trial=167 t=7875.3
t=7898.8 ==== SUMMARY t=7898.8 ====
t=7898.8 route=1 laps=21 crashes=0 avg_out=143.2s avg_ret=178.5s avg_lap=334.0s best_lap=311.0
t=7898.8 route=2 laps=14 crashes=5 avg_out=182.3s avg_ret=236.4s avg_lap=431.0s best_lap=400.6
t=7898.8 route=3 laps=6 crashes=13 avg_out=216.0s avg_ret=277.0s avg_lap=514.1s best_lap=463.2
t=7898.8 route=4 laps=20 crashes=0 avg_out=179.0s avg_ret=156.6s avg_lap=347.9s best_lap=325.7
t=7898.8 route=5 laps=17 crashes=1 avg_out=285.8s avg_ret=237.8s avg_lap=513.6s best_lap=483.6
t=7898.8 route=6 laps=22 crashes=0 avg_out=131.9s avg_ret=149.7s avg_lap=293.7s best_lap=278.5
t=7898.9 route=7 laps=20 crashes=0 avg_out=169.7s avg_ret=151.8s avg_lap=333.7s best_lap=306.9
t=7898.9 route=8 laps=19 crashes=1 avg_out=175.9s avg_ret=182.4s avg_lap=370.8s best_lap=355.2
t=7898.9 TOTAL laps=139 crashes=20
t=7898.9 TUNER gen=2 results=16/64 pending=8 active=8 remaining=48 next_trial=168 rounds=[4,2,2,3,3,4,3,3]
t=7921.6 LZ_REACHED craft=Aircraft_10_nav_r6_165 route=6 outbound=126.6s t=7921.6
t=7929.0 ==== SUMMARY t=7929.0 ====
t=7929.0 route=1 laps=21 crashes=0 avg_out=143.2s avg_ret=178.5s avg_lap=334.0s best_lap=311.0
t=7929.0 route=2 laps=14 crashes=5 avg_out=182.3s avg_ret=236.4s avg_lap=431.0s best_lap=400.6
t=7929.0 route=3 laps=6 crashes=13 avg_out=216.0s avg_ret=277.0s avg_lap=514.1s best_lap=463.2
t=7929.0 route=4 laps=20 crashes=0 avg_out=179.0s avg_ret=156.6s avg_lap=347.9s best_lap=325.7
t=7929.0 route=5 laps=17 crashes=1 avg_out=285.8s avg_ret=237.8s avg_lap=513.6s best_lap=483.6
t=7929.0 route=6 laps=22 crashes=0 avg_out=131.7s avg_ret=149.7s avg_lap=293.7s best_lap=278.5
t=7929.0 route=7 laps=20 crashes=0 avg_out=169.7s avg_ret=151.8s avg_lap=333.7s best_lap=306.9
t=7929.1 route=8 laps=19 crashes=1 avg_out=175.9s avg_ret=182.4s avg_lap=370.8s best_lap=355.2
t=7929.1 TOTAL laps=139 crashes=20
t=7929.1 TUNER gen=2 results=16/64 pending=8 active=8 remaining=48 next_trial=168 rounds=[4,2,2,3,3,4,3,3]
t=7959.3 ==== SUMMARY t=7959.3 ====
t=7959.3 route=1 laps=21 crashes=0 avg_out=143.2s avg_ret=178.5s avg_lap=334.0s best_lap=311.0
t=7959.3 route=2 laps=14 crashes=5 avg_out=182.3s avg_ret=236.4s avg_lap=431.0s best_lap=400.6
t=7959.3 route=3 laps=6 crashes=13 avg_out=216.0s avg_ret=277.0s avg_lap=514.1s best_lap=463.2
t=7959.3 route=4 laps=20 crashes=0 avg_out=179.0s avg_ret=156.6s avg_lap=347.9s best_lap=325.7
t=7959.3 route=5 laps=17 crashes=1 avg_out=285.8s avg_ret=237.8s avg_lap=513.6s best_lap=483.6
t=7959.3 route=6 laps=22 crashes=0 avg_out=131.7s avg_ret=149.7s avg_lap=293.7s best_lap=278.5
t=7959.3 route=7 laps=20 crashes=0 avg_out=169.7s avg_ret=151.8s avg_lap=333.7s best_lap=306.9
t=7959.3 route=8 laps=19 crashes=1 avg_out=175.9s avg_ret=182.4s avg_lap=370.8s best_lap=355.2
t=7959.3 TOTAL laps=139 crashes=20
t=7959.3 TUNER gen=2 results=16/64 pending=8 active=8 remaining=48 next_trial=168 rounds=[4,2,2,3,3,4,3,3]
t=7989.3 ==== SUMMARY t=7989.3 ====
t=7989.3 route=1 laps=21 crashes=0 avg_out=143.2s avg_ret=178.5s avg_lap=334.0s best_lap=311.0
t=7989.3 route=2 laps=14 crashes=5 avg_out=182.3s avg_ret=236.4s avg_lap=431.0s best_lap=400.6
t=7989.3 route=3 laps=6 crashes=13 avg_out=216.0s avg_ret=277.0s avg_lap=514.1s best_lap=463.2
t=7989.3 route=4 laps=20 crashes=0 avg_out=179.0s avg_ret=156.6s avg_lap=347.9s best_lap=325.7
t=7989.3 route=5 laps=17 crashes=1 avg_out=285.8s avg_ret=237.8s avg_lap=513.6s best_lap=483.6
t=7989.3 route=6 laps=22 crashes=0 avg_out=131.7s avg_ret=149.7s avg_lap=293.7s best_lap=278.5
t=7989.3 route=7 laps=20 crashes=0 avg_out=169.7s avg_ret=151.8s avg_lap=333.7s best_lap=306.9
t=7989.4 route=8 laps=19 crashes=1 avg_out=175.9s avg_ret=182.4s avg_lap=370.8s best_lap=355.2
t=7989.4 TOTAL laps=139 crashes=20
t=7989.4 TUNER gen=2 results=16/64 pending=8 active=8 remaining=48 next_trial=168 rounds=[4,2,2,3,3,4,3,3]
t=7997.1 LAP_CAPTURE craft=Aircraft_10_nav_r2_161 route=2 return=238.8s lap=434.0s carrier_dist=200m t=7997.0
t=8006.4 LZ_REACHED craft=Aircraft_10_nav_r8_166 route=8 outbound=176.5s t=8006.4
t=8009.0 LAP_CAPTURE craft=Aircraft_10_nav_r4_162 route=4 return=149.4s lap=340.5s carrier_dist=200m t=8009.0
t=8016.2 LAUNCH_BLOCKED reason=deck_busy active=7 stored=1 no_active_s=0.0 state=AIRCRAFT_ON_DECK tractor_cleanup=false elevator_transfer=false deck=Aircraft_10_nav_r2_168 pending=none clearance=none queue=0
t=8016.4 SPAWN craft=Aircraft_10_nav_r2_168 route=2 candidate=4 trial=168 t=8016.4
t=8017.8 LZ_REACHED craft=Aircraft_10_nav_r1_167 route=1 outbound=142.5s t=8017.8
t=8019.3 ==== SUMMARY t=8019.3 ====
t=8019.3 route=1 laps=21 crashes=0 avg_out=143.2s avg_ret=178.5s avg_lap=334.0s best_lap=311.0
t=8019.3 route=2 laps=15 crashes=5 avg_out=182.3s avg_ret=236.6s avg_lap=431.2s best_lap=400.6
t=8019.3 route=3 laps=6 crashes=13 avg_out=216.0s avg_ret=277.0s avg_lap=514.1s best_lap=463.2
t=8019.3 route=4 laps=21 crashes=0 avg_out=179.0s avg_ret=156.3s avg_lap=347.5s best_lap=325.7
t=8019.3 route=5 laps=17 crashes=1 avg_out=285.8s avg_ret=237.8s avg_lap=513.6s best_lap=483.6
t=8019.3 route=6 laps=22 crashes=0 avg_out=131.7s avg_ret=149.7s avg_lap=293.7s best_lap=278.5
t=8019.3 route=7 laps=20 crashes=0 avg_out=169.7s avg_ret=151.8s avg_lap=333.7s best_lap=306.9
t=8019.3 route=8 laps=19 crashes=1 avg_out=176.0s avg_ret=182.4s avg_lap=370.8s best_lap=355.2
t=8019.4 TOTAL laps=141 crashes=20
t=8019.4 TUNER gen=2 results=18/64 pending=7 active=7 remaining=46 next_trial=169 rounds=[4,3,2,3,3,4,3,3]
t=8033.9 LZ_REACHED craft=Aircraft_10_nav_r5_164 route=5 outbound=259.2s t=8033.9
t=8036.6 SPAWN craft=Aircraft_10_nav_r4_169 route=4 candidate=7 trial=169 t=8036.6
t=8038.4 LAP_CAPTURE craft=Aircraft_10_nav_r3_159 route=3 return=298.9s lap=550.8s carrier_dist=200m t=8038.4
t=8039.2 LAP_CAPTURE craft=Aircraft_10_nav_r7_163 route=7 return=159.3s lap=340.4s carrier_dist=200m t=8039.2
t=8046.4 LAUNCH_BLOCKED reason=deck_busy active=7 stored=1 no_active_s=0.0 state=RETRIEVING_FROM_HANGAR tractor_cleanup=false elevator_transfer=false deck=Aircraft_10_nav_r3_170 pending=none clearance=none queue=0
t=8049.6 ==== SUMMARY t=8049.6 ====
t=8049.7 route=1 laps=21 crashes=0 avg_out=143.2s avg_ret=178.5s avg_lap=334.0s best_lap=311.0
t=8049.7 route=2 laps=15 crashes=5 avg_out=182.3s avg_ret=236.6s avg_lap=431.2s best_lap=400.6
t=8049.7 route=3 laps=7 crashes=13 avg_out=216.0s avg_ret=280.1s avg_lap=519.4s best_lap=463.2
t=8049.7 route=4 laps=21 crashes=0 avg_out=179.0s avg_ret=156.3s avg_lap=347.5s best_lap=325.7
t=8049.7 route=5 laps=17 crashes=1 avg_out=284.5s avg_ret=237.8s avg_lap=513.6s best_lap=483.6
t=8049.7 route=6 laps=22 crashes=0 avg_out=131.7s avg_ret=149.7s avg_lap=293.7s best_lap=278.5
t=8049.7 route=7 laps=21 crashes=0 avg_out=169.7s avg_ret=152.1s avg_lap=334.0s best_lap=306.9
t=8049.7 route=8 laps=19 crashes=1 avg_out=176.0s avg_ret=182.4s avg_lap=370.8s best_lap=355.2
t=8049.7 TOTAL laps=143 crashes=20
t=8049.7 TUNER gen=2 results=20/64 pending=7 active=7 remaining=44 next_trial=171 rounds=[4,3,3,4,3,4,3,3]
t=8056.9 SPAWN craft=Aircraft_10_nav_r3_170 route=3 candidate=5 trial=170 t=8056.9
t=8061.7 LAUNCH_BLOCKED reason=cleared_unready_nav_deck_aircraft active=7 stored=1 no_active_s=0.0 state=IDLE tractor_cleanup=false elevator_transfer=false deck=Aircraft_10_nav_r3_170 pending=none clearance=none queue=0
t=8076.9 SPAWN craft=Aircraft_10_nav_r7_171 route=7 candidate=2 trial=171 t=8076.9
t=8079.7 ==== SUMMARY t=8079.7 ====
t=8079.8 route=1 laps=21 crashes=0 avg_out=143.2s avg_ret=178.5s avg_lap=334.0s best_lap=311.0
t=8079.8 route=2 laps=15 crashes=5 avg_out=182.3s avg_ret=236.6s avg_lap=431.2s best_lap=400.6
t=8079.8 route=3 laps=7 crashes=13 avg_out=216.0s avg_ret=280.1s avg_lap=519.4s best_lap=463.2
t=8079.8 route=4 laps=21 crashes=0 avg_out=179.0s avg_ret=156.3s avg_lap=347.5s best_lap=325.7
t=8079.8 route=5 laps=17 crashes=1 avg_out=284.5s avg_ret=237.8s avg_lap=513.6s best_lap=483.6
t=8079.8 route=6 laps=22 crashes=0 avg_out=131.7s avg_ret=149.7s avg_lap=293.7s best_lap=278.5
t=8079.8 route=7 laps=21 crashes=0 avg_out=169.7s avg_ret=152.1s avg_lap=334.0s best_lap=306.9
t=8079.8 route=8 laps=19 crashes=1 avg_out=176.0s avg_ret=182.4s avg_lap=370.8s best_lap=355.2
t=8079.8 TOTAL laps=143 crashes=20
t=8079.8 TUNER gen=2 results=20/64 pending=8 active=8 remaining=44 next_trial=172 rounds=[4,3,3,4,3,4,4,3]
t=8089.6 LAP_CAPTURE craft=Aircraft_10_nav_r6_165 route=6 return=156.1s lap=294.7s carrier_dist=200m t=8089.6
t=8107.3 SPAWN craft=Aircraft_10_nav_r6_172 route=6 candidate=2 trial=172 t=8107.3
t=8109.9 ==== SUMMARY t=8109.9 ====
t=8110.0 route=1 laps=21 crashes=0 avg_out=143.2s avg_ret=178.5s avg_lap=334.0s best_lap=311.0
t=8110.0 route=2 laps=15 crashes=5 avg_out=182.3s avg_ret=236.6s avg_lap=431.2s best_lap=400.6
t=8110.0 route=3 laps=7 crashes=13 avg_out=216.0s avg_ret=280.1s avg_lap=519.4s best_lap=463.2
t=8110.0 route=4 laps=21 crashes=0 avg_out=179.0s avg_ret=156.3s avg_lap=347.5s best_lap=325.7
t=8110.0 route=5 laps=17 crashes=1 avg_out=284.5s avg_ret=237.8s avg_lap=513.6s best_lap=483.6
t=8110.0 route=6 laps=23 crashes=0 avg_out=131.7s avg_ret=150.0s avg_lap=293.8s best_lap=278.5
t=8110.0 route=7 laps=21 crashes=0 avg_out=169.7s avg_ret=152.1s avg_lap=334.0s best_lap=306.9
t=8110.0 route=8 laps=19 crashes=1 avg_out=176.0s avg_ret=182.4s avg_lap=370.8s best_lap=355.2
t=8110.0 TOTAL laps=144 crashes=20
t=8110.0 TUNER gen=2 results=21/64 pending=8 active=8 remaining=43 next_trial=173 rounds=[4,3,3,4,3,5,4,3]
t=8140.0 ==== SUMMARY t=8140.0 ====
t=8140.0 route=1 laps=21 crashes=0 avg_out=143.2s avg_ret=178.5s avg_lap=334.0s best_lap=311.0
t=8140.0 route=2 laps=15 crashes=5 avg_out=182.3s avg_ret=236.6s avg_lap=431.2s best_lap=400.6
t=8140.0 route=3 laps=7 crashes=13 avg_out=216.0s avg_ret=280.1s avg_lap=519.4s best_lap=463.2
t=8140.0 route=4 laps=21 crashes=0 avg_out=179.0s avg_ret=156.3s avg_lap=347.5s best_lap=325.7
t=8140.0 route=5 laps=17 crashes=1 avg_out=284.5s avg_ret=237.8s avg_lap=513.6s best_lap=483.6
t=8140.0 route=6 laps=23 crashes=0 avg_out=131.7s avg_ret=150.0s avg_lap=293.8s best_lap=278.5
t=8140.0 route=7 laps=21 crashes=0 avg_out=169.7s avg_ret=152.1s avg_lap=334.0s best_lap=306.9
t=8140.0 route=8 laps=19 crashes=1 avg_out=176.0s avg_ret=182.4s avg_lap=370.8s best_lap=355.2
t=8140.0 TOTAL laps=144 crashes=20
t=8140.0 TUNER gen=2 results=21/64 pending=8 active=8 remaining=43 next_trial=173 rounds=[4,3,3,4,3,5,4,3]
t=8170.0 ==== SUMMARY t=8170.0 ====
t=8170.0 route=1 laps=21 crashes=0 avg_out=143.2s avg_ret=178.5s avg_lap=334.0s best_lap=311.0
t=8170.0 route=2 laps=15 crashes=5 avg_out=182.3s avg_ret=236.6s avg_lap=431.2s best_lap=400.6
t=8170.0 route=3 laps=7 crashes=13 avg_out=216.0s avg_ret=280.1s avg_lap=519.4s best_lap=463.2
t=8170.0 route=4 laps=21 crashes=0 avg_out=179.0s avg_ret=156.3s avg_lap=347.5s best_lap=325.7
t=8170.0 route=5 laps=17 crashes=1 avg_out=284.5s avg_ret=237.8s avg_lap=513.6s best_lap=483.6
t=8170.0 route=6 laps=23 crashes=0 avg_out=131.7s avg_ret=150.0s avg_lap=293.8s best_lap=278.5
t=8170.0 route=7 laps=21 crashes=0 avg_out=169.7s avg_ret=152.1s avg_lap=334.0s best_lap=306.9
t=8170.0 route=8 laps=19 crashes=1 avg_out=176.0s avg_ret=182.4s avg_lap=370.8s best_lap=355.2
t=8170.1 TOTAL laps=144 crashes=20
t=8170.1 TUNER gen=2 results=21/64 pending=8 active=8 remaining=43 next_trial=173 rounds=[4,3,3,4,3,5,4,3]
t=8190.3 LAP_CAPTURE craft=Aircraft_10_nav_r1_167 route=1 return=160.5s lap=315.0s carrier_dist=200m t=8190.3
t=8194.3 LZ_REACHED craft=Aircraft_10_nav_r2_168 route=2 outbound=178.0s t=8194.3
t=8197.4 LAUNCH_BLOCKED reason=landing_or_storage_busy active=7 stored=1 no_active_s=0.0 state=IDLE tractor_cleanup=false elevator_transfer=false deck=none pending=none clearance=Aircraft_10_nav_r8_166 queue=0
t=8200.0 ==== SUMMARY t=8200.0 ====
t=8200.0 route=1 laps=22 crashes=0 avg_out=143.2s avg_ret=177.7s avg_lap=333.1s best_lap=311.0
t=8200.0 route=2 laps=15 crashes=5 avg_out=182.1s avg_ret=236.6s avg_lap=431.2s best_lap=400.6
t=8200.0 route=3 laps=7 crashes=13 avg_out=216.0s avg_ret=280.1s avg_lap=519.4s best_lap=463.2
t=8200.0 route=4 laps=21 crashes=0 avg_out=179.0s avg_ret=156.3s avg_lap=347.5s best_lap=325.7
t=8200.1 route=5 laps=17 crashes=1 avg_out=284.5s avg_ret=237.8s avg_lap=513.6s best_lap=483.6
t=8200.1 route=6 laps=23 crashes=0 avg_out=131.7s avg_ret=150.0s avg_lap=293.8s best_lap=278.5
t=8200.1 route=7 laps=21 crashes=0 avg_out=169.7s avg_ret=152.1s avg_lap=334.0s best_lap=306.9
t=8200.1 route=8 laps=19 crashes=1 avg_out=176.0s avg_ret=182.4s avg_lap=370.8s best_lap=355.2
t=8200.1 TOTAL laps=145 crashes=20
t=8200.1 TUNER gen=2 results=22/64 pending=7 active=7 remaining=42 next_trial=173 rounds=[4,3,3,4,3,5,4,3]
t=8212.4 LAUNCH_BLOCKED reason=landing_or_storage_busy active=7 stored=1 no_active_s=0.0 state=IDLE tractor_cleanup=false elevator_transfer=false deck=none pending=none clearance=Aircraft_10_nav_r8_166 queue=0
t=8219.7 LZ_REACHED craft=Aircraft_10_nav_r4_169 route=4 outbound=183.1s t=8219.7
t=8227.5 LAUNCH_BLOCKED reason=landing_or_storage_busy active=7 stored=1 no_active_s=0.0 state=IDLE tractor_cleanup=false elevator_transfer=false deck=none pending=none clearance=Aircraft_10_nav_r8_166 queue=0
t=8230.0 ==== SUMMARY t=8230.0 ====
t=8230.0 route=1 laps=22 crashes=0 avg_out=143.2s avg_ret=177.7s avg_lap=333.1s best_lap=311.0
t=8230.0 route=2 laps=15 crashes=5 avg_out=182.1s avg_ret=236.6s avg_lap=431.2s best_lap=400.6
t=8230.0 route=3 laps=7 crashes=13 avg_out=216.0s avg_ret=280.1s avg_lap=519.4s best_lap=463.2
t=8230.0 route=4 laps=21 crashes=0 avg_out=179.2s avg_ret=156.3s avg_lap=347.5s best_lap=325.7
t=8230.1 route=5 laps=17 crashes=1 avg_out=284.5s avg_ret=237.8s avg_lap=513.6s best_lap=483.6
t=8230.1 route=6 laps=23 crashes=0 avg_out=131.7s avg_ret=150.0s avg_lap=293.8s best_lap=278.5
t=8230.1 route=7 laps=21 crashes=0 avg_out=169.7s avg_ret=152.1s avg_lap=334.0s best_lap=306.9
t=8230.1 route=8 laps=19 crashes=1 avg_out=176.0s avg_ret=182.4s avg_lap=370.8s best_lap=355.2
t=8230.1 TOTAL laps=145 crashes=20
t=8230.1 TUNER gen=2 results=22/64 pending=7 active=7 remaining=42 next_trial=173 rounds=[4,3,3,4,3,5,4,3]
t=8242.5 LAUNCH_BLOCKED reason=landing_or_storage_busy active=7 stored=1 no_active_s=0.0 state=IDLE tractor_cleanup=false elevator_transfer=false deck=none pending=none clearance=Aircraft_10_nav_r8_166 queue=0
t=8242.9 CRASH craft=Aircraft_10_nav_r2_168 route=2 phase=2 t=8242.9
t=8244.6 LZ_REACHED craft=Aircraft_10_nav_r7_171 route=7 outbound=167.7s t=8244.6
t=8248.0 LZ_REACHED craft=Aircraft_10_nav_r6_172 route=6 outbound=140.8s t=8248.0
t=8257.6 LAUNCH_BLOCKED reason=landing_or_storage_busy active=6 stored=2 no_active_s=0.0 state=IDLE tractor_cleanup=false elevator_transfer=false deck=none pending=none clearance=Aircraft_10_nav_r8_166 queue=0
t=8260.1 ==== SUMMARY t=8260.1 ====
t=8260.1 route=1 laps=22 crashes=0 avg_out=143.2s avg_ret=177.7s avg_lap=333.1s best_lap=311.0
t=8260.1 route=2 laps=15 crashes=6 avg_out=182.1s avg_ret=236.6s avg_lap=431.2s best_lap=400.6
t=8260.1 route=3 laps=7 crashes=13 avg_out=216.0s avg_ret=280.1s avg_lap=519.4s best_lap=463.2
t=8260.1 route=4 laps=21 crashes=0 avg_out=179.2s avg_ret=156.3s avg_lap=347.5s best_lap=325.7
t=8260.1 route=5 laps=17 crashes=1 avg_out=284.5s avg_ret=237.8s avg_lap=513.6s best_lap=483.6
t=8260.1 route=6 laps=23 crashes=0 avg_out=132.1s avg_ret=150.0s avg_lap=293.8s best_lap=278.5
t=8260.1 route=7 laps=21 crashes=0 avg_out=169.7s avg_ret=152.1s avg_lap=334.0s best_lap=306.9
t=8260.1 route=8 laps=19 crashes=1 avg_out=176.0s avg_ret=182.4s avg_lap=370.8s best_lap=355.2
t=8260.1 TOTAL laps=145 crashes=21
t=8260.1 TUNER gen=2 results=23/64 pending=6 active=6 remaining=41 next_trial=173 rounds=[4,3,3,4,3,5,4,3]
t=8272.6 LAUNCH_BLOCKED reason=landing_or_storage_busy active=6 stored=2 no_active_s=0.0 state=IDLE tractor_cleanup=false elevator_transfer=false deck=none pending=none clearance=Aircraft_10_nav_r8_166 queue=0
t=8277.6 LAP_CAPTURE craft=Aircraft_10_nav_r5_164 route=5 return=231.7s lap=502.9s carrier_dist=200m t=8277.6
t=8287.7 LAUNCH_BLOCKED reason=landing_or_storage_busy active=5 stored=3 no_active_s=0.0 state=IDLE tractor_cleanup=false elevator_transfer=false deck=none pending=none clearance=Aircraft_10_nav_r8_166 queue=0
t=8290.1 ==== SUMMARY t=8290.1 ====
t=8290.1 route=1 laps=22 crashes=0 avg_out=143.2s avg_ret=177.7s avg_lap=333.1s best_lap=311.0
t=8290.1 route=2 laps=15 crashes=6 avg_out=182.1s avg_ret=236.6s avg_lap=431.2s best_lap=400.6
t=8290.1 route=3 laps=7 crashes=13 avg_out=216.0s avg_ret=280.1s avg_lap=519.4s best_lap=463.2
t=8290.1 route=4 laps=21 crashes=0 avg_out=179.2s avg_ret=156.3s avg_lap=347.5s best_lap=325.7
t=8290.1 route=5 laps=18 crashes=1 avg_out=284.5s avg_ret=237.4s avg_lap=513.0s best_lap=483.6
t=8290.1 route=6 laps=23 crashes=0 avg_out=132.1s avg_ret=150.0s avg_lap=293.8s best_lap=278.5
t=8290.1 route=7 laps=21 crashes=0 avg_out=169.7s avg_ret=152.1s avg_lap=334.0s best_lap=306.9
t=8290.1 route=8 laps=19 crashes=1 avg_out=176.0s avg_ret=182.4s avg_lap=370.8s best_lap=355.2
t=8290.1 TOTAL laps=146 crashes=21
t=8290.1 TUNER gen=2 results=24/64 pending=5 active=5 remaining=40 next_trial=173 rounds=[4,3,3,4,3,5,4,3]
t=8300.1 LZ_REACHED craft=Aircraft_10_nav_r3_170 route=3 outbound=243.2s t=8300.1
t=8302.7 LAUNCH_BLOCKED reason=landing_or_storage_busy active=5 stored=3 no_active_s=0.0 state=IDLE tractor_cleanup=false elevator_transfer=false deck=none pending=none clearance=Aircraft_10_nav_r8_166 queue=0
t=8317.8 LAUNCH_BLOCKED reason=landing_or_storage_busy active=5 stored=3 no_active_s=0.0 state=IDLE tractor_cleanup=false elevator_transfer=false deck=none pending=none clearance=Aircraft_10_nav_r8_166 queue=0
t=8320.2 ==== SUMMARY t=8320.2 ====
t=8320.2 route=1 laps=22 crashes=0 avg_out=143.2s avg_ret=177.7s avg_lap=333.1s best_lap=311.0
t=8320.2 route=2 laps=15 crashes=6 avg_out=182.1s avg_ret=236.6s avg_lap=431.2s best_lap=400.6
t=8320.2 route=3 laps=7 crashes=13 avg_out=217.7s avg_ret=280.1s avg_lap=519.4s best_lap=463.2
t=8320.2 route=4 laps=21 crashes=0 avg_out=179.2s avg_ret=156.3s avg_lap=347.5s best_lap=325.7
t=8320.2 route=5 laps=18 crashes=1 avg_out=284.5s avg_ret=237.4s avg_lap=513.0s best_lap=483.6
t=8320.2 route=6 laps=23 crashes=0 avg_out=132.1s avg_ret=150.0s avg_lap=293.8s best_lap=278.5
t=8320.2 route=7 laps=21 crashes=0 avg_out=169.7s avg_ret=152.1s avg_lap=334.0s best_lap=306.9
t=8320.2 route=8 laps=19 crashes=1 avg_out=176.0s avg_ret=182.4s avg_lap=370.8s best_lap=355.2
t=8320.2 TOTAL laps=146 crashes=21
t=8320.2 TUNER gen=2 results=24/64 pending=5 active=5 remaining=40 next_trial=173 rounds=[4,3,3,4,3,5,4,3]
t=8332.9 LAUNCH_BLOCKED reason=landing_or_storage_busy active=5 stored=3 no_active_s=0.0 state=IDLE tractor_cleanup=false elevator_transfer=false deck=none pending=none clearance=Aircraft_10_nav_r8_166 queue=0
t=8347.9 LAUNCH_BLOCKED reason=landing_or_storage_busy active=5 stored=3 no_active_s=0.0 state=IDLE tractor_cleanup=false elevator_transfer=false deck=none pending=none clearance=Aircraft_10_nav_r8_166 queue=0
t=8350.2 ==== SUMMARY t=8350.2 ====
t=8350.2 route=1 laps=22 crashes=0 avg_out=143.2s avg_ret=177.7s avg_lap=333.1s best_lap=311.0
t=8350.2 route=2 laps=15 crashes=6 avg_out=182.1s avg_ret=236.6s avg_lap=431.2s best_lap=400.6
t=8350.2 route=3 laps=7 crashes=13 avg_out=217.7s avg_ret=280.1s avg_lap=519.4s best_lap=463.2
t=8350.2 route=4 laps=21 crashes=0 avg_out=179.2s avg_ret=156.3s avg_lap=347.5s best_lap=325.7
t=8350.2 route=5 laps=18 crashes=1 avg_out=284.5s avg_ret=237.4s avg_lap=513.0s best_lap=483.6
t=8350.2 route=6 laps=23 crashes=0 avg_out=132.1s avg_ret=150.0s avg_lap=293.8s best_lap=278.5
t=8350.2 route=7 laps=21 crashes=0 avg_out=169.7s avg_ret=152.1s avg_lap=334.0s best_lap=306.9
t=8350.2 route=8 laps=19 crashes=1 avg_out=176.0s avg_ret=182.4s avg_lap=370.8s best_lap=355.2
t=8350.2 TOTAL laps=146 crashes=21
t=8350.2 TUNER gen=2 results=24/64 pending=5 active=5 remaining=40 next_trial=173 rounds=[4,3,3,4,3,5,4,3]
t=8363.0 LAUNCH_BLOCKED reason=landing_or_storage_busy active=5 stored=3 no_active_s=0.0 state=IDLE tractor_cleanup=false elevator_transfer=false deck=none pending=none clearance=Aircraft_10_nav_r8_166 queue=0
t=8378.0 LAUNCH_BLOCKED reason=landing_or_storage_busy active=5 stored=3 no_active_s=0.0 state=IDLE tractor_cleanup=false elevator_transfer=false deck=none pending=none clearance=Aircraft_10_nav_r8_166 queue=0
t=8380.2 ==== SUMMARY t=8380.2 ====
t=8380.2 route=1 laps=22 crashes=0 avg_out=143.2s avg_ret=177.7s avg_lap=333.1s best_lap=311.0
t=8380.2 route=2 laps=15 crashes=6 avg_out=182.1s avg_ret=236.6s avg_lap=431.2s best_lap=400.6
t=8380.2 route=3 laps=7 crashes=13 avg_out=217.7s avg_ret=280.1s avg_lap=519.4s best_lap=463.2
t=8380.2 route=4 laps=21 crashes=0 avg_out=179.2s avg_ret=156.3s avg_lap=347.5s best_lap=325.7
t=8380.2 route=5 laps=18 crashes=1 avg_out=284.5s avg_ret=237.4s avg_lap=513.0s best_lap=483.6
t=8380.2 route=6 laps=23 crashes=0 avg_out=132.1s avg_ret=150.0s avg_lap=293.8s best_lap=278.5
t=8380.2 route=7 laps=21 crashes=0 avg_out=169.7s avg_ret=152.1s avg_lap=334.0s best_lap=306.9
t=8380.2 route=8 laps=19 crashes=1 avg_out=176.0s avg_ret=182.4s avg_lap=370.8s best_lap=355.2
t=8380.2 TOTAL laps=146 crashes=21
t=8380.2 TUNER gen=2 results=24/64 pending=5 active=5 remaining=40 next_trial=173 rounds=[4,3,3,4,3,5,4,3]
t=8386.8 LAP_CAPTURE craft=Aircraft_10_nav_r4_169 route=4 return=155.1s lap=350.2s carrier_dist=200m t=8386.8
t=8393.1 LAUNCH_BLOCKED reason=landing_or_storage_busy active=4 stored=4 no_active_s=0.0 state=IDLE tractor_cleanup=false elevator_transfer=false deck=none pending=none clearance=Aircraft_10_nav_r8_166 queue=0
t=8408.1 LAUNCH_BLOCKED reason=landing_or_storage_busy active=4 stored=4 no_active_s=0.0 state=IDLE tractor_cleanup=false elevator_transfer=false deck=none pending=none clearance=Aircraft_10_nav_r8_166 queue=0
t=8409.7 LAP_CAPTURE craft=Aircraft_10_nav_r6_172 route=6 return=149.7s lap=302.5s carrier_dist=200m t=8409.7
t=8410.2 ==== SUMMARY t=8410.2 ====
t=8410.2 route=1 laps=22 crashes=0 avg_out=143.2s avg_ret=177.7s avg_lap=333.1s best_lap=311.0
t=8410.2 route=2 laps=15 crashes=6 avg_out=182.1s avg_ret=236.6s avg_lap=431.2s best_lap=400.6
t=8410.2 route=3 laps=7 crashes=13 avg_out=217.7s avg_ret=280.1s avg_lap=519.4s best_lap=463.2
t=8410.2 route=4 laps=22 crashes=0 avg_out=179.2s avg_ret=156.2s avg_lap=347.6s best_lap=325.7
t=8410.2 route=5 laps=18 crashes=1 avg_out=284.5s avg_ret=237.4s avg_lap=513.0s best_lap=483.6
t=8410.2 route=6 laps=24 crashes=0 avg_out=132.1s avg_ret=150.0s avg_lap=294.1s best_lap=278.5
t=8410.2 route=7 laps=21 crashes=0 avg_out=169.7s avg_ret=152.1s avg_lap=334.0s best_lap=306.9
t=8410.2 route=8 laps=19 crashes=1 avg_out=176.0s avg_ret=182.4s avg_lap=370.8s best_lap=355.2
t=8410.2 TOTAL laps=148 crashes=21
t=8410.3 TUNER gen=2 results=26/64 pending=3 active=3 remaining=38 next_trial=173 rounds=[4,3,3,4,3,5,4,3]
t=8415.2 LAP_CAPTURE craft=Aircraft_10_nav_r7_171 route=7 return=158.7s lap=338.4s carrier_dist=200m t=8415.2
t=8423.2 LAUNCH_BLOCKED reason=landing_or_storage_busy active=2 stored=6 no_active_s=0.0 state=IDLE tractor_cleanup=false elevator_transfer=false deck=none pending=none clearance=Aircraft_10_nav_r8_166 queue=0
t=8438.2 LAUNCH_BLOCKED reason=landing_or_storage_busy active=2 stored=6 no_active_s=0.0 state=IDLE tractor_cleanup=false elevator_transfer=false deck=none pending=none clearance=Aircraft_10_nav_r8_166 queue=0
t=8440.2 ==== SUMMARY t=8440.2 ====
t=8440.2 route=1 laps=22 crashes=0 avg_out=143.2s avg_ret=177.7s avg_lap=333.1s best_lap=311.0
t=8440.2 route=2 laps=15 crashes=6 avg_out=182.1s avg_ret=236.6s avg_lap=431.2s best_lap=400.6
t=8440.2 route=3 laps=7 crashes=13 avg_out=217.7s avg_ret=280.1s avg_lap=519.4s best_lap=463.2
t=8440.2 route=4 laps=22 crashes=0 avg_out=179.2s avg_ret=156.2s avg_lap=347.6s best_lap=325.7
t=8440.2 route=5 laps=18 crashes=1 avg_out=284.5s avg_ret=237.4s avg_lap=513.0s best_lap=483.6
t=8440.3 route=6 laps=24 crashes=0 avg_out=132.1s avg_ret=150.0s avg_lap=294.1s best_lap=278.5
t=8440.3 route=7 laps=22 crashes=0 avg_out=169.7s avg_ret=152.4s avg_lap=334.2s best_lap=306.9
t=8440.3 route=8 laps=19 crashes=1 avg_out=176.0s avg_ret=182.4s avg_lap=370.8s best_lap=355.2
t=8440.3 TOTAL laps=149 crashes=21
t=8440.3 TUNER gen=2 results=27/64 pending=2 active=2 remaining=37 next_trial=173 rounds=[4,3,3,4,3,5,4,3]
t=8453.3 LAUNCH_BLOCKED reason=landing_or_storage_busy active=2 stored=6 no_active_s=0.0 state=IDLE tractor_cleanup=false elevator_transfer=false deck=none pending=none clearance=Aircraft_10_nav_r8_166 queue=0
t=8468.3 LAUNCH_BLOCKED reason=landing_or_storage_busy active=2 stored=6 no_active_s=0.0 state=IDLE tractor_cleanup=false elevator_transfer=false deck=none pending=none clearance=Aircraft_10_nav_r8_166 queue=0
t=8470.2 ==== SUMMARY t=8470.2 ====
t=8470.2 route=1 laps=22 crashes=0 avg_out=143.2s avg_ret=177.7s avg_lap=333.1s best_lap=311.0
t=8470.2 route=2 laps=15 crashes=6 avg_out=182.1s avg_ret=236.6s avg_lap=431.2s best_lap=400.6
t=8470.2 route=3 laps=7 crashes=13 avg_out=217.7s avg_ret=280.1s avg_lap=519.4s best_lap=463.2
t=8470.2 route=4 laps=22 crashes=0 avg_out=179.2s avg_ret=156.2s avg_lap=347.6s best_lap=325.7
t=8470.3 route=5 laps=18 crashes=1 avg_out=284.5s avg_ret=237.4s avg_lap=513.0s best_lap=483.6
t=8470.3 route=6 laps=24 crashes=0 avg_out=132.1s avg_ret=150.0s avg_lap=294.1s best_lap=278.5
t=8470.3 route=7 laps=22 crashes=0 avg_out=169.7s avg_ret=152.4s avg_lap=334.2s best_lap=306.9
t=8470.3 route=8 laps=19 crashes=1 avg_out=176.0s avg_ret=182.4s avg_lap=370.8s best_lap=355.2
t=8470.3 TOTAL laps=149 crashes=21
t=8470.3 TUNER gen=2 results=27/64 pending=2 active=2 remaining=37 next_trial=173 rounds=[4,3,3,4,3,5,4,3]
t=8483.4 LAUNCH_BLOCKED reason=landing_or_storage_busy active=2 stored=6 no_active_s=0.0 state=IDLE tractor_cleanup=false elevator_transfer=false deck=none pending=none clearance=Aircraft_10_nav_r8_166 queue=0
t=8498.4 LAUNCH_BLOCKED reason=landing_or_storage_busy active=2 stored=6 no_active_s=0.0 state=IDLE tractor_cleanup=false elevator_transfer=false deck=none pending=none clearance=Aircraft_10_nav_r8_166 queue=0
t=8500.2 ==== SUMMARY t=8500.2 ====
t=8500.3 route=1 laps=22 crashes=0 avg_out=143.2s avg_ret=177.7s avg_lap=333.1s best_lap=311.0
t=8500.3 route=2 laps=15 crashes=6 avg_out=182.1s avg_ret=236.6s avg_lap=431.2s best_lap=400.6
t=8500.3 route=3 laps=7 crashes=13 avg_out=217.7s avg_ret=280.1s avg_lap=519.4s best_lap=463.2
t=8500.3 route=4 laps=22 crashes=0 avg_out=179.2s avg_ret=156.2s avg_lap=347.6s best_lap=325.7
t=8500.3 route=5 laps=18 crashes=1 avg_out=284.5s avg_ret=237.4s avg_lap=513.0s best_lap=483.6
t=8500.3 route=6 laps=24 crashes=0 avg_out=132.1s avg_ret=150.0s avg_lap=294.1s best_lap=278.5
t=8500.3 route=7 laps=22 crashes=0 avg_out=169.7s avg_ret=152.4s avg_lap=334.2s best_lap=306.9
t=8500.3 route=8 laps=19 crashes=1 avg_out=176.0s avg_ret=182.4s avg_lap=370.8s best_lap=355.2
t=8500.3 TOTAL laps=149 crashes=21
t=8500.3 TUNER gen=2 results=27/64 pending=2 active=2 remaining=37 next_trial=173 rounds=[4,3,3,4,3,5,4,3]
t=8513.5 LAUNCH_BLOCKED reason=landing_or_storage_busy active=2 stored=6 no_active_s=0.0 state=IDLE tractor_cleanup=false elevator_transfer=false deck=none pending=none clearance=Aircraft_10_nav_r8_166 queue=0
t=8528.5 LAUNCH_BLOCKED reason=landing_or_storage_busy active=2 stored=6 no_active_s=0.0 state=IDLE tractor_cleanup=false elevator_transfer=false deck=none pending=none clearance=Aircraft_10_nav_r8_166 queue=0
t=8530.3 ==== SUMMARY t=8530.3 ====
t=8530.3 route=1 laps=22 crashes=0 avg_out=143.2s avg_ret=177.7s avg_lap=333.1s best_lap=311.0
t=8530.3 route=2 laps=15 crashes=6 avg_out=182.1s avg_ret=236.6s avg_lap=431.2s best_lap=400.6
t=8530.3 route=3 laps=7 crashes=13 avg_out=217.7s avg_ret=280.1s avg_lap=519.4s best_lap=463.2
t=8530.3 route=4 laps=22 crashes=0 avg_out=179.2s avg_ret=156.2s avg_lap=347.6s best_lap=325.7
t=8530.3 route=5 laps=18 crashes=1 avg_out=284.5s avg_ret=237.4s avg_lap=513.0s best_lap=483.6
t=8530.3 route=6 laps=24 crashes=0 avg_out=132.1s avg_ret=150.0s avg_lap=294.1s best_lap=278.5
t=8530.3 route=7 laps=22 crashes=0 avg_out=169.7s avg_ret=152.4s avg_lap=334.2s best_lap=306.9
t=8530.3 route=8 laps=19 crashes=1 avg_out=176.0s avg_ret=182.4s avg_lap=370.8s best_lap=355.2
t=8530.3 TOTAL laps=149 crashes=21
t=8530.3 TUNER gen=2 results=27/64 pending=2 active=2 remaining=37 next_trial=173 rounds=[4,3,3,4,3,5,4,3]
t=8543.6 LAUNCH_BLOCKED reason=landing_or_storage_busy active=2 stored=6 no_active_s=0.0 state=IDLE tractor_cleanup=false elevator_transfer=false deck=none pending=none clearance=Aircraft_10_nav_r8_166 queue=0
t=8558.6 LAUNCH_BLOCKED reason=landing_or_storage_busy active=2 stored=6 no_active_s=0.0 state=IDLE tractor_cleanup=false elevator_transfer=false deck=none pending=none clearance=Aircraft_10_nav_r8_166 queue=0
t=8560.3 ==== SUMMARY t=8560.3 ====
t=8560.3 route=1 laps=22 crashes=0 avg_out=143.2s avg_ret=177.7s avg_lap=333.1s best_lap=311.0
t=8560.3 route=2 laps=15 crashes=6 avg_out=182.1s avg_ret=236.6s avg_lap=431.2s best_lap=400.6
t=8560.3 route=3 laps=7 crashes=13 avg_out=217.7s avg_ret=280.1s avg_lap=519.4s best_lap=463.2
t=8560.3 route=4 laps=22 crashes=0 avg_out=179.2s avg_ret=156.2s avg_lap=347.6s best_lap=325.7
t=8560.3 route=5 laps=18 crashes=1 avg_out=284.5s avg_ret=237.4s avg_lap=513.0s best_lap=483.6
t=8560.3 route=6 laps=24 crashes=0 avg_out=132.1s avg_ret=150.0s avg_lap=294.1s best_lap=278.5
t=8560.3 route=7 laps=22 crashes=0 avg_out=169.7s avg_ret=152.4s avg_lap=334.2s best_lap=306.9
t=8560.3 route=8 laps=19 crashes=1 avg_out=176.0s avg_ret=182.4s avg_lap=370.8s best_lap=355.2
t=8560.3 TOTAL laps=149 crashes=21
t=8560.3 TUNER gen=2 results=27/64 pending=2 active=2 remaining=37 next_trial=173 rounds=[4,3,3,4,3,5,4,3]
t=8573.7 LAUNCH_BLOCKED reason=landing_or_storage_busy active=2 stored=6 no_active_s=0.0 state=IDLE tractor_cleanup=false elevator_transfer=false deck=none pending=none clearance=Aircraft_10_nav_r8_166 queue=0
t=8588.7 LAUNCH_BLOCKED reason=landing_or_storage_busy active=2 stored=6 no_active_s=0.0 state=IDLE tractor_cleanup=false elevator_transfer=false deck=none pending=none clearance=Aircraft_10_nav_r8_166 queue=0
t=8590.3 ==== SUMMARY t=8590.3 ====
t=8590.3 route=1 laps=22 crashes=0 avg_out=143.2s avg_ret=177.7s avg_lap=333.1s best_lap=311.0
t=8590.3 route=2 laps=15 crashes=6 avg_out=182.1s avg_ret=236.6s avg_lap=431.2s best_lap=400.6
t=8590.3 route=3 laps=7 crashes=13 avg_out=217.7s avg_ret=280.1s avg_lap=519.4s best_lap=463.2
t=8590.3 route=4 laps=22 crashes=0 avg_out=179.2s avg_ret=156.2s avg_lap=347.6s best_lap=325.7
t=8590.3 route=5 laps=18 crashes=1 avg_out=284.5s avg_ret=237.4s avg_lap=513.0s best_lap=483.6
t=8590.3 route=6 laps=24 crashes=0 avg_out=132.1s avg_ret=150.0s avg_lap=294.1s best_lap=278.5
t=8590.3 route=7 laps=22 crashes=0 avg_out=169.7s avg_ret=152.4s avg_lap=334.2s best_lap=306.9
t=8590.3 route=8 laps=19 crashes=1 avg_out=176.0s avg_ret=182.4s avg_lap=370.8s best_lap=355.2
t=8590.3 TOTAL laps=149 crashes=21
t=8590.3 TUNER gen=2 results=27/64 pending=2 active=2 remaining=37 next_trial=173 rounds=[4,3,3,4,3,5,4,3]
t=8603.8 LAUNCH_BLOCKED reason=landing_or_storage_busy active=2 stored=6 no_active_s=0.0 state=IDLE tractor_cleanup=false elevator_transfer=false deck=none pending=none clearance=Aircraft_10_nav_r8_166 queue=0
t=8613.2 LAP_CAPTURE craft=Aircraft_10_nav_r3_170 route=3 return=301.1s lap=556.3s carrier_dist=200m t=8613.2
t=8618.8 LAUNCH_BLOCKED reason=landing_or_storage_busy active=1 stored=7 no_active_s=0.0 state=IDLE tractor_cleanup=false elevator_transfer=false deck=none pending=none clearance=Aircraft_10_nav_r8_166 queue=0
t=8620.3 ==== SUMMARY t=8620.3 ====
t=8620.3 route=1 laps=22 crashes=0 avg_out=143.2s avg_ret=177.7s avg_lap=333.1s best_lap=311.0
t=8620.3 route=2 laps=15 crashes=6 avg_out=182.1s avg_ret=236.6s avg_lap=431.2s best_lap=400.6
t=8620.3 route=3 laps=8 crashes=13 avg_out=217.7s avg_ret=282.7s avg_lap=524.0s best_lap=463.2
t=8620.3 route=4 laps=22 crashes=0 avg_out=179.2s avg_ret=156.2s avg_lap=347.6s best_lap=325.7
t=8620.4 route=5 laps=18 crashes=1 avg_out=284.5s avg_ret=237.4s avg_lap=513.0s best_lap=483.6
t=8620.4 route=6 laps=24 crashes=0 avg_out=132.1s avg_ret=150.0s avg_lap=294.1s best_lap=278.5
t=8620.4 route=7 laps=22 crashes=0 avg_out=169.7s avg_ret=152.4s avg_lap=334.2s best_lap=306.9
t=8620.4 route=8 laps=19 crashes=1 avg_out=176.0s avg_ret=182.4s avg_lap=370.8s best_lap=355.2
t=8620.4 TOTAL laps=150 crashes=21
t=8620.4 TUNER gen=2 results=28/64 pending=1 active=1 remaining=36 next_trial=173 rounds=[4,3,3,4,3,5,4,3]
t=8633.9 LAUNCH_BLOCKED reason=landing_or_storage_busy active=1 stored=7 no_active_s=0.0 state=IDLE tractor_cleanup=false elevator_transfer=false deck=none pending=none clearance=Aircraft_10_nav_r8_166 queue=0
t=8648.9 LAUNCH_BLOCKED reason=landing_or_storage_busy active=1 stored=7 no_active_s=0.0 state=IDLE tractor_cleanup=false elevator_transfer=false deck=none pending=none clearance=Aircraft_10_nav_r8_166 queue=0
t=8650.3 ==== SUMMARY t=8650.3 ====
t=8650.3 route=1 laps=22 crashes=0 avg_out=143.2s avg_ret=177.7s avg_lap=333.1s best_lap=311.0
t=8650.3 route=2 laps=15 crashes=6 avg_out=182.1s avg_ret=236.6s avg_lap=431.2s best_lap=400.6
t=8650.3 route=3 laps=8 crashes=13 avg_out=217.7s avg_ret=282.7s avg_lap=524.0s best_lap=463.2
t=8650.3 route=4 laps=22 crashes=0 avg_out=179.2s avg_ret=156.2s avg_lap=347.6s best_lap=325.7
t=8650.3 route=5 laps=18 crashes=1 avg_out=284.5s avg_ret=237.4s avg_lap=513.0s best_lap=483.6
t=8650.4 route=6 laps=24 crashes=0 avg_out=132.1s avg_ret=150.0s avg_lap=294.1s best_lap=278.5
t=8650.4 route=7 laps=22 crashes=0 avg_out=169.7s avg_ret=152.4s avg_lap=334.2s best_lap=306.9
t=8650.4 route=8 laps=19 crashes=1 avg_out=176.0s avg_ret=182.4s avg_lap=370.8s best_lap=355.2
t=8650.4 TOTAL laps=150 crashes=21
t=8650.4 TUNER gen=2 results=28/64 pending=1 active=1 remaining=36 next_trial=173 rounds=[4,3,3,4,3,5,4,3]
t=8664.0 LAUNCH_BLOCKED reason=landing_or_storage_busy active=1 stored=7 no_active_s=0.0 state=IDLE tractor_cleanup=false elevator_transfer=false deck=none pending=none clearance=Aircraft_10_nav_r8_166 queue=0
t=8679.0 LAUNCH_BLOCKED reason=landing_or_storage_busy active=1 stored=7 no_active_s=0.0 state=IDLE tractor_cleanup=false elevator_transfer=false deck=none pending=none clearance=Aircraft_10_nav_r8_166 queue=0
t=8680.3 ==== SUMMARY t=8680.3 ====
t=8680.4 route=1 laps=22 crashes=0 avg_out=143.2s avg_ret=177.7s avg_lap=333.1s best_lap=311.0
t=8680.4 route=2 laps=15 crashes=6 avg_out=182.1s avg_ret=236.6s avg_lap=431.2s best_lap=400.6
t=8680.4 route=3 laps=8 crashes=13 avg_out=217.7s avg_ret=282.7s avg_lap=524.0s best_lap=463.2
t=8680.4 route=4 laps=22 crashes=0 avg_out=179.2s avg_ret=156.2s avg_lap=347.6s best_lap=325.7
t=8680.4 route=5 laps=18 crashes=1 avg_out=284.5s avg_ret=237.4s avg_lap=513.0s best_lap=483.6
t=8680.4 route=6 laps=24 crashes=0 avg_out=132.1s avg_ret=150.0s avg_lap=294.1s best_lap=278.5
t=8680.4 route=7 laps=22 crashes=0 avg_out=169.7s avg_ret=152.4s avg_lap=334.2s best_lap=306.9
t=8680.4 route=8 laps=19 crashes=1 avg_out=176.0s avg_ret=182.4s avg_lap=370.8s best_lap=355.2
t=8680.4 TOTAL laps=150 crashes=21
t=8680.4 TUNER gen=2 results=28/64 pending=1 active=1 remaining=36 next_trial=173 rounds=[4,3,3,4,3,5,4,3]
t=8694.1 LAUNCH_BLOCKED reason=landing_or_storage_busy active=1 stored=7 no_active_s=0.0 state=IDLE tractor_cleanup=false elevator_transfer=false deck=none pending=none clearance=Aircraft_10_nav_r8_166 queue=0
t=8709.1 LAUNCH_BLOCKED reason=landing_or_storage_busy active=1 stored=7 no_active_s=0.0 state=IDLE tractor_cleanup=false elevator_transfer=false deck=none pending=none clearance=Aircraft_10_nav_r8_166 queue=0
t=8710.4 ==== SUMMARY t=8710.4 ====
t=8710.4 route=1 laps=22 crashes=0 avg_out=143.2s avg_ret=177.7s avg_lap=333.1s best_lap=311.0
t=8710.4 route=2 laps=15 crashes=6 avg_out=182.1s avg_ret=236.6s avg_lap=431.2s best_lap=400.6
t=8710.4 route=3 laps=8 crashes=13 avg_out=217.7s avg_ret=282.7s avg_lap=524.0s best_lap=463.2
t=8710.4 route=4 laps=22 crashes=0 avg_out=179.2s avg_ret=156.2s avg_lap=347.6s best_lap=325.7
t=8710.4 route=5 laps=18 crashes=1 avg_out=284.5s avg_ret=237.4s avg_lap=513.0s best_lap=483.6
t=8710.4 route=6 laps=24 crashes=0 avg_out=132.1s avg_ret=150.0s avg_lap=294.1s best_lap=278.5
t=8710.4 route=7 laps=22 crashes=0 avg_out=169.7s avg_ret=152.4s avg_lap=334.2s best_lap=306.9
t=8710.4 route=8 laps=19 crashes=1 avg_out=176.0s avg_ret=182.4s avg_lap=370.8s best_lap=355.2
t=8710.4 TOTAL laps=150 crashes=21
t=8710.4 TUNER gen=2 results=28/64 pending=1 active=1 remaining=36 next_trial=173 rounds=[4,3,3,4,3,5,4,3]
t=8722.6 TUNING_TIMEOUT craft=Aircraft_10_nav_r8_166 route=8 trial=166
t=8722.6 IDLE_TUNER_WAIT gen=2 results=29/64 remaining=35 active_nav=0 stored=7 state=IDLE next_trial=173
t=8722.6 CRASH craft=Aircraft_10_nav_r8_166 route=8 phase=2 t=8722.6
t=8724.2 LAUNCH_BLOCKED reason=waiting_no_active_grace active=0 stored=7 no_active_s=0.0 state=IDLE tractor_cleanup=false elevator_transfer=false deck=none pending=none clearance=none queue=0
t=8739.2 LAUNCH_BLOCKED reason=deck_busy active=1 stored=7 no_active_s=0.0 state=AIRCRAFT_ON_DECK tractor_cleanup=false elevator_transfer=false deck=Aircraft_10_nav_r1_173 pending=none clearance=none queue=0
t=8739.4 SPAWN craft=Aircraft_10_nav_r1_173 route=1 candidate=5 trial=173 t=8739.4
t=8740.4 ==== SUMMARY t=8740.4 ====
t=8740.4 route=1 laps=22 crashes=0 avg_out=143.2s avg_ret=177.7s avg_lap=333.1s best_lap=311.0
t=8740.4 route=2 laps=15 crashes=6 avg_out=182.1s avg_ret=236.6s avg_lap=431.2s best_lap=400.6
t=8740.4 route=3 laps=8 crashes=13 avg_out=217.7s avg_ret=282.7s avg_lap=524.0s best_lap=463.2
t=8740.4 route=4 laps=22 crashes=0 avg_out=179.2s avg_ret=156.2s avg_lap=347.6s best_lap=325.7
t=8740.4 route=5 laps=18 crashes=1 avg_out=284.5s avg_ret=237.4s avg_lap=513.0s best_lap=483.6
t=8740.4 route=6 laps=24 crashes=0 avg_out=132.1s avg_ret=150.0s avg_lap=294.1s best_lap=278.5
t=8740.4 route=7 laps=22 crashes=0 avg_out=169.7s avg_ret=152.4s avg_lap=334.2s best_lap=306.9
t=8740.4 route=8 laps=19 crashes=2 avg_out=176.0s avg_ret=182.4s avg_lap=370.8s best_lap=355.2
t=8740.4 TOTAL laps=150 crashes=22
t=8740.4 TUNER gen=2 results=29/64 pending=1 active=1 remaining=35 next_trial=174 rounds=[5,3,3,4,3,5,4,3]
t=8754.3 LAUNCH_BLOCKED reason=deck_busy active=2 stored=6 no_active_s=0.0 state=AIRCRAFT_ON_DECK tractor_cleanup=false elevator_transfer=true deck=Aircraft_10_nav_r2_174 pending=none clearance=none queue=0
t=8759.5 SPAWN craft=Aircraft_10_nav_r2_174 route=2 candidate=5 trial=174 t=8759.5
t=8769.3 LAUNCH_BLOCKED reason=deck_busy active=3 stored=5 no_active_s=0.0 state=RETRIEVING_FROM_HANGAR tractor_cleanup=false elevator_transfer=false deck=Aircraft_10_nav_r5_175 pending=none clearance=none queue=0
t=8770.4 ==== SUMMARY t=8770.4 ====
t=8770.4 route=1 laps=22 crashes=0 avg_out=143.2s avg_ret=177.7s avg_lap=333.1s best_lap=311.0
t=8770.4 route=2 laps=15 crashes=6 avg_out=182.1s avg_ret=236.6s avg_lap=431.2s best_lap=400.6
t=8770.4 route=3 laps=8 crashes=13 avg_out=217.7s avg_ret=282.7s avg_lap=524.0s best_lap=463.2
t=8770.4 route=4 laps=22 crashes=0 avg_out=179.2s avg_ret=156.2s avg_lap=347.6s best_lap=325.7
t=8770.4 route=5 laps=18 crashes=1 avg_out=284.5s avg_ret=237.4s avg_lap=513.0s best_lap=483.6
t=8770.4 route=6 laps=24 crashes=0 avg_out=132.1s avg_ret=150.0s avg_lap=294.1s best_lap=278.5
t=8770.4 route=7 laps=22 crashes=0 avg_out=169.7s avg_ret=152.4s avg_lap=334.2s best_lap=306.9
t=8770.4 route=8 laps=19 crashes=2 avg_out=176.0s avg_ret=182.4s avg_lap=370.8s best_lap=355.2
t=8770.4 TOTAL laps=150 crashes=22
t=8770.5 TUNER gen=2 results=29/64 pending=2 active=2 remaining=35 next_trial=175 rounds=[5,4,3,4,3,5,4,3]
t=8779.6 SPAWN craft=Aircraft_10_nav_r5_175 route=5 candidate=8 trial=175 t=8779.6
t=8784.4 LAUNCH_BLOCKED reason=cleared_unready_nav_deck_aircraft active=3 stored=5 no_active_s=0.0 state=IDLE tractor_cleanup=false elevator_transfer=false deck=Aircraft_10_nav_r5_175 pending=none clearance=none queue=0
t=8799.5 LAUNCH_BLOCKED reason=deck_busy active=4 stored=4 no_active_s=0.0 state=AIRCRAFT_ON_DECK tractor_cleanup=false elevator_transfer=false deck=Aircraft_10_nav_r4_176 pending=none clearance=none queue=0
t=8799.7 SPAWN craft=Aircraft_10_nav_r4_176 route=4 candidate=8 trial=176 t=8799.7
t=8800.5 ==== SUMMARY t=8800.5 ====
t=8800.5 route=1 laps=22 crashes=0 avg_out=143.2s avg_ret=177.7s avg_lap=333.1s best_lap=311.0
t=8800.5 route=2 laps=15 crashes=6 avg_out=182.1s avg_ret=236.6s avg_lap=431.2s best_lap=400.6
t=8800.5 route=3 laps=8 crashes=13 avg_out=217.7s avg_ret=282.7s avg_lap=524.0s best_lap=463.2
t=8800.5 route=4 laps=22 crashes=0 avg_out=179.2s avg_ret=156.2s avg_lap=347.6s best_lap=325.7
t=8800.5 route=5 laps=18 crashes=1 avg_out=284.5s avg_ret=237.4s avg_lap=513.0s best_lap=483.6
t=8800.5 route=6 laps=24 crashes=0 avg_out=132.1s avg_ret=150.0s avg_lap=294.1s best_lap=278.5
t=8800.5 route=7 laps=22 crashes=0 avg_out=169.7s avg_ret=152.4s avg_lap=334.2s best_lap=306.9
t=8800.5 route=8 laps=19 crashes=2 avg_out=176.0s avg_ret=182.4s avg_lap=370.8s best_lap=355.2
t=8800.5 TOTAL laps=150 crashes=22
t=8800.5 TUNER gen=2 results=29/64 pending=4 active=4 remaining=35 next_trial=177 rounds=[5,4,3,5,4,5,4,3]
t=8814.6 LAUNCH_BLOCKED reason=deck_busy active=5 stored=3 no_active_s=0.0 state=AIRCRAFT_ON_DECK tractor_cleanup=false elevator_transfer=true deck=Aircraft_10_nav_r6_177 pending=none clearance=none queue=0
t=8819.8 SPAWN craft=Aircraft_10_nav_r6_177 route=6 candidate=3 trial=177 t=8819.8
t=8829.6 LAUNCH_BLOCKED reason=deck_busy active=6 stored=2 no_active_s=0.0 state=RETRIEVING_FROM_HANGAR tractor_cleanup=false elevator_transfer=false deck=Aircraft_10_nav_r7_178 pending=none clearance=none queue=0
t=8830.5 ==== SUMMARY t=8830.5 ====
t=8830.5 route=1 laps=22 crashes=0 avg_out=143.2s avg_ret=177.7s avg_lap=333.1s best_lap=311.0
t=8830.5 route=2 laps=15 crashes=6 avg_out=182.1s avg_ret=236.6s avg_lap=431.2s best_lap=400.6
t=8830.5 route=3 laps=8 crashes=13 avg_out=217.7s avg_ret=282.7s avg_lap=524.0s best_lap=463.2
t=8830.5 route=4 laps=22 crashes=0 avg_out=179.2s avg_ret=156.2s avg_lap=347.6s best_lap=325.7
t=8830.5 route=5 laps=18 crashes=1 avg_out=284.5s avg_ret=237.4s avg_lap=513.0s best_lap=483.6
t=8830.5 route=6 laps=24 crashes=0 avg_out=132.1s avg_ret=150.0s avg_lap=294.1s best_lap=278.5
t=8830.5 route=7 laps=22 crashes=0 avg_out=169.7s avg_ret=152.4s avg_lap=334.2s best_lap=306.9
t=8830.5 route=8 laps=19 crashes=2 avg_out=176.0s avg_ret=182.4s avg_lap=370.8s best_lap=355.2
t=8830.5 TOTAL laps=150 crashes=22
t=8830.6 TUNER gen=2 results=29/64 pending=5 active=5 remaining=35 next_trial=178 rounds=[5,4,3,5,4,6,4,3]
t=8839.9 SPAWN craft=Aircraft_10_nav_r7_178 route=7 candidate=3 trial=178 t=8839.9
t=8844.7 LAUNCH_BLOCKED reason=cleared_unready_nav_deck_aircraft active=6 stored=2 no_active_s=0.0 state=IDLE tractor_cleanup=false elevator_transfer=false deck=Aircraft_10_nav_r7_178 pending=none clearance=none queue=0
t=8859.8 LAUNCH_BLOCKED reason=deck_busy active=7 stored=1 no_active_s=0.0 state=AIRCRAFT_ON_DECK tractor_cleanup=false elevator_transfer=false deck=Aircraft_10_nav_r3_179 pending=none clearance=none queue=0
t=8860.0 SPAWN craft=Aircraft_10_nav_r3_179 route=3 candidate=6 trial=179 t=8860.0
t=8860.6 ==== SUMMARY t=8860.6 ====
t=8860.6 route=1 laps=22 crashes=0 avg_out=143.2s avg_ret=177.7s avg_lap=333.1s best_lap=311.0
t=8860.6 route=2 laps=15 crashes=6 avg_out=182.1s avg_ret=236.6s avg_lap=431.2s best_lap=400.6
t=8860.6 route=3 laps=8 crashes=13 avg_out=217.7s avg_ret=282.7s avg_lap=524.0s best_lap=463.2
t=8860.6 route=4 laps=22 crashes=0 avg_out=179.2s avg_ret=156.2s avg_lap=347.6s best_lap=325.7
t=8860.6 route=5 laps=18 crashes=1 avg_out=284.5s avg_ret=237.4s avg_lap=513.0s best_lap=483.6
t=8860.6 route=6 laps=24 crashes=0 avg_out=132.1s avg_ret=150.0s avg_lap=294.1s best_lap=278.5
t=8860.7 route=7 laps=22 crashes=0 avg_out=169.7s avg_ret=152.4s avg_lap=334.2s best_lap=306.9
t=8860.7 route=8 laps=19 crashes=2 avg_out=176.0s avg_ret=182.4s avg_lap=370.8s best_lap=355.2
t=8860.7 TOTAL laps=150 crashes=22
t=8860.7 TUNER gen=2 results=29/64 pending=7 active=7 remaining=35 next_trial=180 rounds=[5,4,4,5,4,6,5,3]
t=8880.2 SPAWN craft=Aircraft_10_nav_r8_180 route=8 candidate=3 trial=180 t=8880.2
t=8890.8 ==== SUMMARY t=8890.8 ====
t=8890.8 route=1 laps=22 crashes=0 avg_out=143.2s avg_ret=177.7s avg_lap=333.1s best_lap=311.0
t=8890.8 route=2 laps=15 crashes=6 avg_out=182.1s avg_ret=236.6s avg_lap=431.2s best_lap=400.6
t=8890.8 route=3 laps=8 crashes=13 avg_out=217.7s avg_ret=282.7s avg_lap=524.0s best_lap=463.2
t=8890.8 route=4 laps=22 crashes=0 avg_out=179.2s avg_ret=156.2s avg_lap=347.6s best_lap=325.7
t=8890.8 route=5 laps=18 crashes=1 avg_out=284.5s avg_ret=237.4s avg_lap=513.0s best_lap=483.6
t=8890.8 route=6 laps=24 crashes=0 avg_out=132.1s avg_ret=150.0s avg_lap=294.1s best_lap=278.5
t=8890.8 route=7 laps=22 crashes=0 avg_out=169.7s avg_ret=152.4s avg_lap=334.2s best_lap=306.9
t=8890.8 route=8 laps=19 crashes=2 avg_out=176.0s avg_ret=182.4s avg_lap=370.8s best_lap=355.2
t=8890.8 TOTAL laps=150 crashes=22
t=8890.9 TUNER gen=2 results=29/64 pending=8 active=8 remaining=35 next_trial=181 rounds=[5,4,4,5,4,6,5,4]
t=8891.3 LZ_REACHED craft=Aircraft_10_nav_r1_173 route=1 outbound=151.8s t=8891.3
t=8920.9 ==== SUMMARY t=8920.9 ====
t=8920.9 route=1 laps=22 crashes=0 avg_out=143.6s avg_ret=177.7s avg_lap=333.1s best_lap=311.0
t=8920.9 route=2 laps=15 crashes=6 avg_out=182.1s avg_ret=236.6s avg_lap=431.2s best_lap=400.6
t=8920.9 route=3 laps=8 crashes=13 avg_out=217.7s avg_ret=282.7s avg_lap=524.0s best_lap=463.2
t=8920.9 route=4 laps=22 crashes=0 avg_out=179.2s avg_ret=156.2s avg_lap=347.6s best_lap=325.7
t=8920.9 route=5 laps=18 crashes=1 avg_out=284.5s avg_ret=237.4s avg_lap=513.0s best_lap=483.6
t=8920.9 route=6 laps=24 crashes=0 avg_out=132.1s avg_ret=150.0s avg_lap=294.1s best_lap=278.5
t=8920.9 route=7 laps=22 crashes=0 avg_out=169.7s avg_ret=152.4s avg_lap=334.2s best_lap=306.9
t=8920.9 route=8 laps=19 crashes=2 avg_out=176.0s avg_ret=182.4s avg_lap=370.8s best_lap=355.2
t=8921.0 TOTAL laps=150 crashes=22
t=8921.0 TUNER gen=2 results=29/64 pending=8 active=8 remaining=35 next_trial=181 rounds=[5,4,4,5,4,6,5,4]
t=8941.5 LZ_REACHED craft=Aircraft_10_nav_r2_174 route=2 outbound=182.0s t=8941.5
t=8950.9 ==== SUMMARY t=8950.9 ====
t=8950.9 route=1 laps=22 crashes=0 avg_out=143.6s avg_ret=177.7s avg_lap=333.1s best_lap=311.0
t=8950.9 route=2 laps=15 crashes=6 avg_out=182.1s avg_ret=236.6s avg_lap=431.2s best_lap=400.6
t=8950.9 route=3 laps=8 crashes=13 avg_out=217.7s avg_ret=282.7s avg_lap=524.0s best_lap=463.2
t=8950.9 route=4 laps=22 crashes=0 avg_out=179.2s avg_ret=156.2s avg_lap=347.6s best_lap=325.7
t=8950.9 route=5 laps=18 crashes=1 avg_out=284.5s avg_ret=237.4s avg_lap=513.0s best_lap=483.6
t=8950.9 route=6 laps=24 crashes=0 avg_out=132.1s avg_ret=150.0s avg_lap=294.1s best_lap=278.5
t=8950.9 route=7 laps=22 crashes=0 avg_out=169.7s avg_ret=152.4s avg_lap=334.2s best_lap=306.9
t=8950.9 route=8 laps=19 crashes=2 avg_out=176.0s avg_ret=182.4s avg_lap=370.8s best_lap=355.2
t=8951.0 TOTAL laps=150 crashes=22
t=8951.0 TUNER gen=2 results=29/64 pending=8 active=8 remaining=35 next_trial=181 rounds=[5,4,4,5,4,6,5,4]
t=8966.2 LZ_REACHED craft=Aircraft_10_nav_r6_177 route=6 outbound=146.5s t=8966.2
t=8975.7 LZ_REACHED craft=Aircraft_10_nav_r4_176 route=4 outbound=176.0s t=8975.7
t=8981.1 ==== SUMMARY t=8981.1 ====
t=8981.1 route=1 laps=22 crashes=0 avg_out=143.6s avg_ret=177.7s avg_lap=333.1s best_lap=311.0
t=8981.1 route=2 laps=15 crashes=6 avg_out=182.1s avg_ret=236.6s avg_lap=431.2s best_lap=400.6
t=8981.1 route=3 laps=8 crashes=13 avg_out=217.7s avg_ret=282.7s avg_lap=524.0s best_lap=463.2
t=8981.1 route=4 laps=22 crashes=0 avg_out=179.0s avg_ret=156.2s avg_lap=347.6s best_lap=325.7
t=8981.1 route=5 laps=18 crashes=1 avg_out=284.5s avg_ret=237.4s avg_lap=513.0s best_lap=483.6
t=8981.1 route=6 laps=24 crashes=0 avg_out=132.7s avg_ret=150.0s avg_lap=294.1s best_lap=278.5
t=8981.2 route=7 laps=22 crashes=0 avg_out=169.7s avg_ret=152.4s avg_lap=334.2s best_lap=306.9
t=8981.2 route=8 laps=19 crashes=2 avg_out=176.0s avg_ret=182.4s avg_lap=370.8s best_lap=355.2
t=8981.2 TOTAL laps=150 crashes=22
t=8981.2 TUNER gen=2 results=29/64 pending=8 active=8 remaining=35 next_trial=181 rounds=[5,4,4,5,4,6,5,4]
t=9011.2 ==== SUMMARY t=9011.2 ====
t=9011.2 route=1 laps=22 crashes=0 avg_out=143.6s avg_ret=177.7s avg_lap=333.1s best_lap=311.0
t=9011.2 route=2 laps=15 crashes=6 avg_out=182.1s avg_ret=236.6s avg_lap=431.2s best_lap=400.6
t=9011.2 route=3 laps=8 crashes=13 avg_out=217.7s avg_ret=282.7s avg_lap=524.0s best_lap=463.2
t=9011.2 route=4 laps=22 crashes=0 avg_out=179.0s avg_ret=156.2s avg_lap=347.6s best_lap=325.7
t=9011.2 route=5 laps=18 crashes=1 avg_out=284.5s avg_ret=237.4s avg_lap=513.0s best_lap=483.6
t=9011.2 route=6 laps=24 crashes=0 avg_out=132.7s avg_ret=150.0s avg_lap=294.1s best_lap=278.5
t=9011.2 route=7 laps=22 crashes=0 avg_out=169.7s avg_ret=152.4s avg_lap=334.2s best_lap=306.9
t=9011.2 route=8 laps=19 crashes=2 avg_out=176.0s avg_ret=182.4s avg_lap=370.8s best_lap=355.2
t=9011.2 TOTAL laps=150 crashes=22
t=9011.2 TUNER gen=2 results=29/64 pending=8 active=8 remaining=35 next_trial=181 rounds=[5,4,4,5,4,6,5,4]
t=9013.3 LZ_REACHED craft=Aircraft_10_nav_r7_178 route=7 outbound=173.4s t=9013.3
t=9035.9 LZ_REACHED craft=Aircraft_10_nav_r5_175 route=5 outbound=256.3s t=9035.9
t=9041.2 ==== SUMMARY t=9041.2 ====
t=9041.2 route=1 laps=22 crashes=0 avg_out=143.6s avg_ret=177.7s avg_lap=333.1s best_lap=311.0
t=9041.2 route=2 laps=15 crashes=6 avg_out=182.1s avg_ret=236.6s avg_lap=431.2s best_lap=400.6
t=9041.2 route=3 laps=8 crashes=13 avg_out=217.7s avg_ret=282.7s avg_lap=524.0s best_lap=463.2
t=9041.2 route=4 laps=22 crashes=0 avg_out=179.0s avg_ret=156.2s avg_lap=347.6s best_lap=325.7
t=9041.2 route=5 laps=18 crashes=1 avg_out=283.1s avg_ret=237.4s avg_lap=513.0s best_lap=483.6
t=9041.2 route=6 laps=24 crashes=0 avg_out=132.7s avg_ret=150.0s avg_lap=294.1s best_lap=278.5
t=9041.2 route=7 laps=22 crashes=0 avg_out=169.8s avg_ret=152.4s avg_lap=334.2s best_lap=306.9
t=9041.2 route=8 laps=19 crashes=2 avg_out=176.0s avg_ret=182.4s avg_lap=370.8s best_lap=355.2
t=9041.2 TOTAL laps=150 crashes=22
t=9041.2 TUNER gen=2 results=29/64 pending=8 active=8 remaining=35 next_trial=181 rounds=[5,4,4,5,4,6,5,4]
t=9052.8 LZ_REACHED craft=Aircraft_10_nav_r8_180 route=8 outbound=172.6s t=9052.8
t=9066.7 LAP_CAPTURE craft=Aircraft_10_nav_r1_173 route=1 return=163.4s lap=327.2s carrier_dist=200m t=9066.7
t=9071.4 ==== SUMMARY t=9071.4 ====
t=9071.4 route=1 laps=23 crashes=0 avg_out=143.6s avg_ret=177.1s avg_lap=332.8s best_lap=311.0
t=9071.4 route=2 laps=15 crashes=6 avg_out=182.1s avg_ret=236.6s avg_lap=431.2s best_lap=400.6
t=9071.4 route=3 laps=8 crashes=13 avg_out=217.7s avg_ret=282.7s avg_lap=524.0s best_lap=463.2
t=9071.4 route=4 laps=22 crashes=0 avg_out=179.0s avg_ret=156.2s avg_lap=347.6s best_lap=325.7
t=9071.4 route=5 laps=18 crashes=1 avg_out=283.1s avg_ret=237.4s avg_lap=513.0s best_lap=483.6
t=9071.4 route=6 laps=24 crashes=0 avg_out=132.7s avg_ret=150.0s avg_lap=294.1s best_lap=278.5
t=9071.4 route=7 laps=22 crashes=0 avg_out=169.8s avg_ret=152.4s avg_lap=334.2s best_lap=306.9
t=9071.4 route=8 laps=19 crashes=2 avg_out=175.8s avg_ret=182.4s avg_lap=370.8s best_lap=355.2
t=9071.4 TOTAL laps=151 crashes=22
t=9071.4 TUNER gen=2 results=30/64 pending=7 active=7 remaining=34 next_trial=181 rounds=[5,4,4,5,4,6,5,4]
t=9086.4 SPAWN craft=Aircraft_10_nav_r1_181 route=1 candidate=6 trial=181 t=9086.4
t=9098.4 LZ_REACHED craft=Aircraft_10_nav_r3_179 route=3 outbound=238.4s t=9098.4
t=9101.4 ==== SUMMARY t=9101.4 ====
t=9101.4 route=1 laps=23 crashes=0 avg_out=143.6s avg_ret=177.1s avg_lap=332.8s best_lap=311.0
t=9101.4 route=2 laps=15 crashes=6 avg_out=182.1s avg_ret=236.6s avg_lap=431.2s best_lap=400.6
t=9101.4 route=3 laps=8 crashes=13 avg_out=219.0s avg_ret=282.7s avg_lap=524.0s best_lap=463.2
t=9101.4 route=4 laps=22 crashes=0 avg_out=179.0s avg_ret=156.2s avg_lap=347.6s best_lap=325.7
t=9101.4 route=5 laps=18 crashes=1 avg_out=283.1s avg_ret=237.4s avg_lap=513.0s best_lap=483.6
t=9101.4 route=6 laps=24 crashes=0 avg_out=132.7s avg_ret=150.0s avg_lap=294.1s best_lap=278.5
t=9101.4 route=7 laps=22 crashes=0 avg_out=169.8s avg_ret=152.4s avg_lap=334.2s best_lap=306.9
t=9101.4 route=8 laps=19 crashes=2 avg_out=175.8s avg_ret=182.4s avg_lap=370.8s best_lap=355.2
t=9101.5 TOTAL laps=151 crashes=22
t=9101.5 TUNER gen=2 results=30/64 pending=8 active=8 remaining=34 next_trial=182 rounds=[6,4,4,5,4,6,5,4]
t=9128.3 LAP_CAPTURE craft=Aircraft_10_nav_r6_177 route=6 return=150.1s lap=308.5s carrier_dist=200m t=9128.3
t=9131.6 ==== SUMMARY t=9131.6 ====
t=9131.6 route=1 laps=23 crashes=0 avg_out=143.6s avg_ret=177.1s avg_lap=332.8s best_lap=311.0
t=9131.6 route=2 laps=15 crashes=6 avg_out=182.1s avg_ret=236.6s avg_lap=431.2s best_lap=400.6
t=9131.6 route=3 laps=8 crashes=13 avg_out=219.0s avg_ret=282.7s avg_lap=524.0s best_lap=463.2
t=9131.6 route=4 laps=22 crashes=0 avg_out=179.0s avg_ret=156.2s avg_lap=347.6s best_lap=325.7
t=9131.6 route=5 laps=18 crashes=1 avg_out=283.1s avg_ret=237.4s avg_lap=513.0s best_lap=483.6
t=9131.6 route=6 laps=25 crashes=0 avg_out=132.7s avg_ret=150.0s avg_lap=294.7s best_lap=278.5
t=9131.6 route=7 laps=22 crashes=0 avg_out=169.8s avg_ret=152.4s avg_lap=334.2s best_lap=306.9
t=9131.6 route=8 laps=19 crashes=2 avg_out=175.8s avg_ret=182.4s avg_lap=370.8s best_lap=355.2
t=9131.6 TOTAL laps=152 crashes=22
t=9131.6 TUNER gen=2 results=31/64 pending=7 active=7 remaining=33 next_trial=182 rounds=[6,4,4,5,4,6,5,4]
t=9144.9 LAP_CAPTURE craft=Aircraft_10_nav_r4_176 route=4 return=157.1s lap=345.2s carrier_dist=200m t=9144.9
t=9147.0 SPAWN craft=Aircraft_10_nav_r6_182 route=6 candidate=4 trial=182 t=9147.0
t=9151.6 LAUNCH_BLOCKED reason=cleared_unready_nav_deck_aircraft active=7 stored=1 no_active_s=0.0 state=IDLE tractor_cleanup=false elevator_transfer=false deck=Aircraft_10_nav_r6_182 pending=none clearance=none queue=0
t=9161.7 ==== SUMMARY t=9161.7 ====
t=9161.7 route=1 laps=23 crashes=0 avg_out=143.6s avg_ret=177.1s avg_lap=332.8s best_lap=311.0
t=9161.7 route=2 laps=15 crashes=6 avg_out=182.1s avg_ret=236.6s avg_lap=431.2s best_lap=400.6
t=9161.7 route=3 laps=8 crashes=13 avg_out=219.0s avg_ret=282.7s avg_lap=524.0s best_lap=463.2
t=9161.7 route=4 laps=23 crashes=0 avg_out=179.0s avg_ret=156.3s avg_lap=347.5s best_lap=325.7
t=9161.7 route=5 laps=18 crashes=1 avg_out=283.1s avg_ret=237.4s avg_lap=513.0s best_lap=483.6
t=9161.7 route=6 laps=25 crashes=0 avg_out=132.7s avg_ret=150.0s avg_lap=294.7s best_lap=278.5
t=9161.7 route=7 laps=22 crashes=0 avg_out=169.8s avg_ret=152.4s avg_lap=334.2s best_lap=306.9
t=9161.8 route=8 laps=19 crashes=2 avg_out=175.8s avg_ret=182.4s avg_lap=370.8s best_lap=355.2
t=9161.8 TOTAL laps=153 crashes=22
t=9161.8 TUNER gen=2 results=32/64 pending=8 active=8 remaining=32 next_trial=184 rounds=[6,4,4,6,4,7,5,4]
t=9167.1 SPAWN craft=Aircraft_10_nav_r4_183 route=4 candidate=1 trial=183 t=9167.1
t=9181.1 LAP_CAPTURE craft=Aircraft_10_nav_r7_178 route=7 return=155.8s lap=341.2s carrier_dist=200m t=9181.1
t=9191.9 ==== SUMMARY t=9191.9 ====
t=9191.9 route=1 laps=23 crashes=0 avg_out=143.6s avg_ret=177.1s avg_lap=332.8s best_lap=311.0
t=9191.9 route=2 laps=15 crashes=6 avg_out=182.1s avg_ret=236.6s avg_lap=431.2s best_lap=400.6
t=9191.9 route=3 laps=8 crashes=13 avg_out=219.0s avg_ret=282.7s avg_lap=524.0s best_lap=463.2
t=9191.9 route=4 laps=23 crashes=0 avg_out=179.0s avg_ret=156.3s avg_lap=347.5s best_lap=325.7
t=9191.9 route=5 laps=18 crashes=1 avg_out=283.1s avg_ret=237.4s avg_lap=513.0s best_lap=483.6
t=9191.9 route=6 laps=25 crashes=0 avg_out=132.7s avg_ret=150.0s avg_lap=294.7s best_lap=278.5
t=9191.9 route=7 laps=23 crashes=0 avg_out=169.8s avg_ret=152.6s avg_lap=334.5s best_lap=306.9
t=9191.9 route=8 laps=19 crashes=2 avg_out=175.8s avg_ret=182.4s avg_lap=370.8s best_lap=355.2
t=9192.0 TOTAL laps=154 crashes=22
t=9192.0 TUNER gen=2 results=33/64 pending=8 active=8 remaining=31 next_trial=185 rounds=[6,4,4,6,4,7,6,4]
t=9192.7 LAP_CAPTURE craft=Aircraft_10_nav_r2_174 route=2 return=239.1s lap=433.2s carrier_dist=200m t=9192.7
t=9197.2 SPAWN craft=Aircraft_10_nav_r7_184 route=7 candidate=4 trial=184 t=9197.2
t=9202.0 LAUNCH_BLOCKED reason=cleared_unready_nav_deck_aircraft active=7 stored=1 no_active_s=0.0 state=IDLE tractor_cleanup=false elevator_transfer=false deck=Aircraft_10_nav_r7_184 pending=none clearance=none queue=0
t=9217.4 SPAWN craft=Aircraft_10_nav_r2_185 route=2 candidate=6 trial=185 t=9217.4
t=9222.0 ==== SUMMARY t=9222.0 ====
t=9222.0 route=1 laps=23 crashes=0 avg_out=143.6s avg_ret=177.1s avg_lap=332.8s best_lap=311.0
t=9222.0 route=2 laps=16 crashes=6 avg_out=182.1s avg_ret=236.8s avg_lap=431.3s best_lap=400.6
t=9222.0 route=3 laps=8 crashes=13 avg_out=219.0s avg_ret=282.7s avg_lap=524.0s best_lap=463.2
t=9222.0 route=4 laps=23 crashes=0 avg_out=179.0s avg_ret=156.3s avg_lap=347.5s best_lap=325.7
t=9222.0 route=5 laps=18 crashes=1 avg_out=283.1s avg_ret=237.4s avg_lap=513.0s best_lap=483.6
t=9222.0 route=6 laps=25 crashes=0 avg_out=132.7s avg_ret=150.0s avg_lap=294.7s best_lap=278.5
t=9222.0 route=7 laps=23 crashes=0 avg_out=169.8s avg_ret=152.6s avg_lap=334.5s best_lap=306.9
t=9222.0 route=8 laps=19 crashes=2 avg_out=175.8s avg_ret=182.4s avg_lap=370.8s best_lap=355.2
t=9222.0 TOTAL laps=155 crashes=22
t=9222.0 TUNER gen=2 results=34/64 pending=8 active=8 remaining=30 next_trial=186 rounds=[6,5,4,6,4,7,6,4]
t=9224.2 LZ_REACHED craft=Aircraft_10_nav_r1_181 route=1 outbound=137.9s t=9224.2
t=9242.3 LAP_CAPTURE craft=Aircraft_10_nav_r8_180 route=8 return=177.5s lap=362.1s carrier_dist=200m t=9242.3
t=9252.0 ==== SUMMARY t=9252.0 ====
t=9252.0 route=1 laps=23 crashes=0 avg_out=143.3s avg_ret=177.1s avg_lap=332.8s best_lap=311.0
t=9252.0 route=2 laps=16 crashes=6 avg_out=182.1s avg_ret=236.8s avg_lap=431.3s best_lap=400.6
t=9252.0 route=3 laps=8 crashes=13 avg_out=219.0s avg_ret=282.7s avg_lap=524.0s best_lap=463.2
t=9252.0 route=4 laps=23 crashes=0 avg_out=179.0s avg_ret=156.3s avg_lap=347.5s best_lap=325.7
t=9252.0 route=5 laps=18 crashes=1 avg_out=283.1s avg_ret=237.4s avg_lap=513.0s best_lap=483.6
t=9252.0 route=6 laps=25 crashes=0 avg_out=132.7s avg_ret=150.0s avg_lap=294.7s best_lap=278.5
t=9252.0 route=7 laps=23 crashes=0 avg_out=169.8s avg_ret=152.6s avg_lap=334.5s best_lap=306.9
t=9252.0 route=8 laps=20 crashes=2 avg_out=175.8s avg_ret=182.2s avg_lap=370.3s best_lap=355.2
t=9252.0 TOTAL laps=156 crashes=22
t=9252.0 TUNER gen=2 results=35/64 pending=7 active=7 remaining=29 next_trial=186 rounds=[6,5,4,6,4,7,6,4]
t=9262.8 SPAWN craft=Aircraft_10_nav_r8_186 route=8 candidate=4 trial=186 t=9262.8
t=9282.0 ==== SUMMARY t=9282.0 ====
t=9282.0 route=1 laps=23 crashes=0 avg_out=143.3s avg_ret=177.1s avg_lap=332.8s best_lap=311.0
t=9282.0 route=2 laps=16 crashes=6 avg_out=182.1s avg_ret=236.8s avg_lap=431.3s best_lap=400.6
t=9282.0 route=3 laps=8 crashes=13 avg_out=219.0s avg_ret=282.7s avg_lap=524.0s best_lap=463.2
t=9282.0 route=4 laps=23 crashes=0 avg_out=179.0s avg_ret=156.3s avg_lap=347.5s best_lap=325.7
t=9282.0 route=5 laps=18 crashes=1 avg_out=283.1s avg_ret=237.4s avg_lap=513.0s best_lap=483.6
t=9282.1 route=6 laps=25 crashes=0 avg_out=132.7s avg_ret=150.0s avg_lap=294.7s best_lap=278.5
t=9282.1 route=7 laps=23 crashes=0 avg_out=169.8s avg_ret=152.6s avg_lap=334.5s best_lap=306.9
t=9282.1 route=8 laps=20 crashes=2 avg_out=175.8s avg_ret=182.2s avg_lap=370.3s best_lap=355.2
t=9282.1 TOTAL laps=156 crashes=22
t=9282.1 TUNER gen=2 results=35/64 pending=8 active=8 remaining=29 next_trial=187 rounds=[6,5,4,6,4,7,6,5]
t=9282.2 LAP_CAPTURE craft=Aircraft_10_nav_r5_175 route=5 return=234.3s lap=502.6s carrier_dist=200m t=9282.2
t=9294.2 LZ_REACHED craft=Aircraft_10_nav_r6_182 route=6 outbound=147.2s t=9294.2
t=9297.9 SPAWN craft=Aircraft_10_nav_r5_187 route=5 candidate=1 trial=187 t=9297.9
t=9312.2 ==== SUMMARY t=9312.2 ====
t=9312.2 route=1 laps=23 crashes=0 avg_out=143.3s avg_ret=177.1s avg_lap=332.8s best_lap=311.0
t=9312.2 route=2 laps=16 crashes=6 avg_out=182.1s avg_ret=236.8s avg_lap=431.3s best_lap=400.6
t=9312.3 route=3 laps=8 crashes=13 avg_out=219.0s avg_ret=282.7s avg_lap=524.0s best_lap=463.2
t=9312.3 route=4 laps=23 crashes=0 avg_out=179.0s avg_ret=156.3s avg_lap=347.5s best_lap=325.7
t=9312.3 route=5 laps=19 crashes=1 avg_out=283.1s avg_ret=237.3s avg_lap=512.4s best_lap=483.6
t=9312.3 route=6 laps=25 crashes=0 avg_out=133.2s avg_ret=150.0s avg_lap=294.7s best_lap=278.5
t=9312.3 route=7 laps=23 crashes=0 avg_out=169.8s avg_ret=152.6s avg_lap=334.5s best_lap=306.9
t=9312.3 route=8 laps=20 crashes=2 avg_out=175.8s avg_ret=182.2s avg_lap=370.3s best_lap=355.2
t=9312.3 TOTAL laps=157 crashes=22
t=9312.3 TUNER gen=2 results=36/64 pending=8 active=8 remaining=28 next_trial=188 rounds=[6,5,4,6,5,7,6,5]
t=9342.2 ==== SUMMARY t=9342.2 ====
t=9342.2 route=1 laps=23 crashes=0 avg_out=143.3s avg_ret=177.1s avg_lap=332.8s best_lap=311.0
t=9342.2 route=2 laps=16 crashes=6 avg_out=182.1s avg_ret=236.8s avg_lap=431.3s best_lap=400.6
t=9342.3 route=3 laps=8 crashes=13 avg_out=219.0s avg_ret=282.7s avg_lap=524.0s best_lap=463.2
t=9342.3 route=4 laps=23 crashes=0 avg_out=179.0s avg_ret=156.3s avg_lap=347.5s best_lap=325.7
t=9342.3 route=5 laps=19 crashes=1 avg_out=283.1s avg_ret=237.3s avg_lap=512.4s best_lap=483.6
t=9342.3 route=6 laps=25 crashes=0 avg_out=133.2s avg_ret=150.0s avg_lap=294.7s best_lap=278.5
t=9342.3 route=7 laps=23 crashes=0 avg_out=169.8s avg_ret=152.6s avg_lap=334.5s best_lap=306.9
t=9342.3 route=8 laps=20 crashes=2 avg_out=175.8s avg_ret=182.2s avg_lap=370.3s best_lap=355.2
t=9342.3 TOTAL laps=157 crashes=22
t=9342.3 TUNER gen=2 results=36/64 pending=8 active=8 remaining=28 next_trial=188 rounds=[6,5,4,6,5,7,6,5]
t=9350.2 LZ_REACHED craft=Aircraft_10_nav_r4_183 route=4 outbound=183.1s t=9350.2
t=9369.2 LZ_REACHED craft=Aircraft_10_nav_r7_184 route=7 outbound=172.0s t=9369.2
t=9372.3 ==== SUMMARY t=9372.3 ====
t=9372.3 route=1 laps=23 crashes=0 avg_out=143.3s avg_ret=177.1s avg_lap=332.8s best_lap=311.0
t=9372.3 route=2 laps=16 crashes=6 avg_out=182.1s avg_ret=236.8s avg_lap=431.3s best_lap=400.6
t=9372.3 route=3 laps=8 crashes=13 avg_out=219.0s avg_ret=282.7s avg_lap=524.0s best_lap=463.2
t=9372.3 route=4 laps=23 crashes=0 avg_out=179.2s avg_ret=156.3s avg_lap=347.5s best_lap=325.7
t=9372.3 route=5 laps=19 crashes=1 avg_out=283.1s avg_ret=237.3s avg_lap=512.4s best_lap=483.6
t=9372.3 route=6 laps=25 crashes=0 avg_out=133.2s avg_ret=150.0s avg_lap=294.7s best_lap=278.5
t=9372.3 route=7 laps=23 crashes=0 avg_out=169.9s avg_ret=152.6s avg_lap=334.5s best_lap=306.9
t=9372.3 route=8 laps=20 crashes=2 avg_out=175.8s avg_ret=182.2s avg_lap=370.3s best_lap=355.2
t=9372.3 TOTAL laps=157 crashes=22
t=9372.3 TUNER gen=2 results=36/64 pending=8 active=8 remaining=28 next_trial=188 rounds=[6,5,4,6,5,7,6,5]
t=9393.6 LZ_REACHED craft=Aircraft_10_nav_r2_185 route=2 outbound=176.2s t=9393.6
t=9396.4 LAP_CAPTURE craft=Aircraft_10_nav_r1_181 route=1 return=160.1s lap=310.0s carrier_dist=200m t=9396.4
t=9402.4 ==== SUMMARY t=9402.4 ====
t=9402.4 route=1 laps=24 crashes=0 avg_out=143.3s avg_ret=176.4s avg_lap=331.9s best_lap=310.0
t=9402.4 route=2 laps=16 crashes=6 avg_out=181.8s avg_ret=236.8s avg_lap=431.3s best_lap=400.6
t=9402.4 route=3 laps=8 crashes=13 avg_out=219.0s avg_ret=282.7s avg_lap=524.0s best_lap=463.2
t=9402.4 route=4 laps=23 crashes=0 avg_out=179.2s avg_ret=156.3s avg_lap=347.5s best_lap=325.7
t=9402.4 route=5 laps=19 crashes=1 avg_out=283.1s avg_ret=237.3s avg_lap=512.4s best_lap=483.6
t=9402.4 route=6 laps=25 crashes=0 avg_out=133.2s avg_ret=150.0s avg_lap=294.7s best_lap=278.5
t=9402.4 route=7 laps=23 crashes=0 avg_out=169.9s avg_ret=152.6s avg_lap=334.5s best_lap=306.9
t=9402.4 route=8 laps=20 crashes=2 avg_out=175.8s avg_ret=182.2s avg_lap=370.3s best_lap=355.2
t=9402.4 TOTAL laps=158 crashes=22
t=9402.5 TUNER gen=2 results=37/64 pending=7 active=7 remaining=27 next_trial=188 rounds=[6,5,4,6,5,7,6,5]
t=9413.5 SPAWN craft=Aircraft_10_nav_r1_188 route=1 candidate=7 trial=188 t=9413.5
t=9414.1 LAP_CAPTURE craft=Aircraft_10_nav_r3_179 route=3 return=303.7s lap=554.1s carrier_dist=200m t=9414.1
t=9432.2 LZ_REACHED craft=Aircraft_10_nav_r8_186 route=8 outbound=169.4s t=9432.2
t=9432.7 ==== SUMMARY t=9432.7 ====
t=9432.7 route=1 laps=24 crashes=0 avg_out=143.3s avg_ret=176.4s avg_lap=331.9s best_lap=310.0
t=9432.7 route=2 laps=16 crashes=6 avg_out=181.8s avg_ret=236.8s avg_lap=431.3s best_lap=400.6
t=9432.7 route=3 laps=9 crashes=13 avg_out=219.0s avg_ret=285.1s avg_lap=527.3s best_lap=463.2
t=9432.7 route=4 laps=23 crashes=0 avg_out=179.2s avg_ret=156.3s avg_lap=347.5s best_lap=325.7
t=9432.7 route=5 laps=19 crashes=1 avg_out=283.1s avg_ret=237.3s avg_lap=512.4s best_lap=483.6
t=9432.7 route=6 laps=25 crashes=0 avg_out=133.2s avg_ret=150.0s avg_lap=294.7s best_lap=278.5
t=9432.7 route=7 laps=23 crashes=0 avg_out=169.9s avg_ret=152.6s avg_lap=334.5s best_lap=306.9
t=9432.7 route=8 laps=20 crashes=2 avg_out=175.5s avg_ret=182.2s avg_lap=370.3s best_lap=355.2
t=9432.7 TOTAL laps=159 crashes=22
t=9432.7 TUNER gen=2 results=38/64 pending=8 active=8 remaining=26 next_trial=190 rounds=[7,5,5,6,5,7,6,5]
t=9433.6 SPAWN craft=Aircraft_10_nav_r3_189 route=3 candidate=7 trial=189 t=9433.6
t=9454.9 LAP_CAPTURE craft=Aircraft_10_nav_r6_182 route=6 return=148.6s lap=307.9s carrier_dist=200m t=9454.9
t=9462.7 ==== SUMMARY t=9462.7 ====
t=9462.7 route=1 laps=24 crashes=0 avg_out=143.3s avg_ret=176.4s avg_lap=331.9s best_lap=310.0
t=9462.7 route=2 laps=16 crashes=6 avg_out=181.8s avg_ret=236.8s avg_lap=431.3s best_lap=400.6
t=9462.7 route=3 laps=9 crashes=13 avg_out=219.0s avg_ret=285.1s avg_lap=527.3s best_lap=463.2
t=9462.7 route=4 laps=23 crashes=0 avg_out=179.2s avg_ret=156.3s avg_lap=347.5s best_lap=325.7
t=9462.7 route=5 laps=19 crashes=1 avg_out=283.1s avg_ret=237.3s avg_lap=512.4s best_lap=483.6
t=9462.8 route=6 laps=26 crashes=0 avg_out=133.2s avg_ret=149.9s avg_lap=295.2s best_lap=278.5
t=9462.8 route=7 laps=23 crashes=0 avg_out=169.9s avg_ret=152.6s avg_lap=334.5s best_lap=306.9
t=9462.8 route=8 laps=20 crashes=2 avg_out=175.5s avg_ret=182.2s avg_lap=370.3s best_lap=355.2
t=9462.8 TOTAL laps=160 crashes=22
t=9462.8 TUNER gen=2 results=39/64 pending=7 active=7 remaining=25 next_trial=190 rounds=[7,5,5,6,5,7,6,5]
t=9474.0 SPAWN craft=Aircraft_10_nav_r6_190 route=6 candidate=5 trial=190 t=9474.0
t=9492.8 ==== SUMMARY t=9492.8 ====
t=9492.8 route=1 laps=24 crashes=0 avg_out=143.3s avg_ret=176.4s avg_lap=331.9s best_lap=310.0
t=9492.8 route=2 laps=16 crashes=6 avg_out=181.8s avg_ret=236.8s avg_lap=431.3s best_lap=400.6
t=9492.8 route=3 laps=9 crashes=13 avg_out=219.0s avg_ret=285.1s avg_lap=527.3s best_lap=463.2
t=9492.8 route=4 laps=23 crashes=0 avg_out=179.2s avg_ret=156.3s avg_lap=347.5s best_lap=325.7
t=9492.8 route=5 laps=19 crashes=1 avg_out=283.1s avg_ret=237.3s avg_lap=512.4s best_lap=483.6
t=9492.8 route=6 laps=26 crashes=0 avg_out=133.2s avg_ret=149.9s avg_lap=295.2s best_lap=278.5
t=9492.8 route=7 laps=23 crashes=0 avg_out=169.9s avg_ret=152.6s avg_lap=334.5s best_lap=306.9
t=9492.9 route=8 laps=20 crashes=2 avg_out=175.5s avg_ret=182.2s avg_lap=370.3s best_lap=355.2
t=9492.9 TOTAL laps=160 crashes=22
t=9492.9 TUNER gen=2 results=39/64 pending=8 active=8 remaining=25 next_trial=191 rounds=[7,5,5,6,5,8,6,5]
t=9516.0 LAP_CAPTURE craft=Aircraft_10_nav_r4_183 route=4 return=153.8s lap=348.9s carrier_dist=200m t=9516.0
t=9522.9 ==== SUMMARY t=9522.9 ====
t=9522.9 route=1 laps=24 crashes=0 avg_out=143.3s avg_ret=176.4s avg_lap=331.9s best_lap=310.0
t=9522.9 route=2 laps=16 crashes=6 avg_out=181.8s avg_ret=236.8s avg_lap=431.3s best_lap=400.6
t=9522.9 route=3 laps=9 crashes=13 avg_out=219.0s avg_ret=285.1s avg_lap=527.3s best_lap=463.2
t=9522.9 route=4 laps=24 crashes=0 avg_out=179.2s avg_ret=156.2s avg_lap=347.6s best_lap=325.7
t=9522.9 route=5 laps=19 crashes=1 avg_out=283.1s avg_ret=237.3s avg_lap=512.4s best_lap=483.6
t=9522.9 route=6 laps=26 crashes=0 avg_out=133.2s avg_ret=149.9s avg_lap=295.2s best_lap=278.5
t=9522.9 route=7 laps=23 crashes=0 avg_out=169.9s avg_ret=152.6s avg_lap=334.5s best_lap=306.9
t=9522.9 route=8 laps=20 crashes=2 avg_out=175.5s avg_ret=182.2s avg_lap=370.3s best_lap=355.2
t=9522.9 TOTAL laps=161 crashes=22
t=9522.9 TUNER gen=2 results=40/64 pending=7 active=7 remaining=24 next_trial=191 rounds=[7,5,5,6,5,8,6,5]
t=9534.3 SPAWN craft=Aircraft_10_nav_r4_191 route=4 candidate=2 trial=191 t=9534.3
t=9538.8 LAP_CAPTURE craft=Aircraft_10_nav_r7_184 route=7 return=157.6s lap=341.6s carrier_dist=200m t=9538.8
t=9553.1 ==== SUMMARY t=9553.1 ====
t=9553.1 route=1 laps=24 crashes=0 avg_out=143.3s avg_ret=176.4s avg_lap=331.9s best_lap=310.0
t=9553.1 route=2 laps=16 crashes=6 avg_out=181.8s avg_ret=236.8s avg_lap=431.3s best_lap=400.6
t=9553.1 route=3 laps=9 crashes=13 avg_out=219.0s avg_ret=285.1s avg_lap=527.3s best_lap=463.2
t=9553.1 route=4 laps=24 crashes=0 avg_out=179.2s avg_ret=156.2s avg_lap=347.6s best_lap=325.7
t=9553.1 route=5 laps=19 crashes=1 avg_out=283.1s avg_ret=237.3s avg_lap=512.4s best_lap=483.6
t=9553.1 route=6 laps=26 crashes=0 avg_out=133.2s avg_ret=149.9s avg_lap=295.2s best_lap=278.5
t=9553.1 route=7 laps=24 crashes=0 avg_out=169.9s avg_ret=152.8s avg_lap=334.8s best_lap=306.9
t=9553.1 route=8 laps=20 crashes=2 avg_out=175.5s avg_ret=182.2s avg_lap=370.3s best_lap=355.2
t=9553.1 TOTAL laps=162 crashes=22
t=9553.1 TUNER gen=2 results=41/64 pending=8 active=8 remaining=23 next_trial=193 rounds=[7,5,5,7,5,8,7,5]
t=9554.5 SPAWN craft=Aircraft_10_nav_r7_192 route=7 candidate=5 trial=192 t=9554.5
t=9554.8 LZ_REACHED craft=Aircraft_10_nav_r1_188 route=1 outbound=141.4s t=9554.8
t=9555.0 LZ_REACHED craft=Aircraft_10_nav_r5_187 route=5 outbound=257.1s t=9555.0
t=9583.4 ==== SUMMARY t=9583.4 ====
t=9583.4 route=1 laps=24 crashes=0 avg_out=143.3s avg_ret=176.4s avg_lap=331.9s best_lap=310.0
t=9583.4 route=2 laps=16 crashes=6 avg_out=181.8s avg_ret=236.8s avg_lap=431.3s best_lap=400.6
t=9583.4 route=3 laps=9 crashes=13 avg_out=219.0s avg_ret=285.1s avg_lap=527.3s best_lap=463.2
t=9583.4 route=4 laps=24 crashes=0 avg_out=179.2s avg_ret=156.2s avg_lap=347.6s best_lap=325.7
t=9583.4 route=5 laps=19 crashes=1 avg_out=281.9s avg_ret=237.3s avg_lap=512.4s best_lap=483.6
t=9583.4 route=6 laps=26 crashes=0 avg_out=133.2s avg_ret=149.9s avg_lap=295.2s best_lap=278.5
t=9583.4 route=7 laps=24 crashes=0 avg_out=169.9s avg_ret=152.8s avg_lap=334.8s best_lap=306.9
t=9583.4 route=8 laps=20 crashes=2 avg_out=175.5s avg_ret=182.2s avg_lap=370.3s best_lap=355.2
t=9583.4 TOTAL laps=162 crashes=22
t=9583.5 TUNER gen=2 results=41/64 pending=8 active=8 remaining=23 next_trial=193 rounds=[7,5,5,7,5,8,7,5]
t=9598.8 LZ_REACHED craft=Aircraft_10_nav_r6_190 route=6 outbound=124.8s t=9598.8
t=9613.5 ==== SUMMARY t=9613.5 ====
t=9613.5 route=1 laps=24 crashes=0 avg_out=143.3s avg_ret=176.4s avg_lap=331.9s best_lap=310.0
t=9613.5 route=2 laps=16 crashes=6 avg_out=181.8s avg_ret=236.8s avg_lap=431.3s best_lap=400.6
t=9613.5 route=3 laps=9 crashes=13 avg_out=219.0s avg_ret=285.1s avg_lap=527.3s best_lap=463.2
t=9613.5 route=4 laps=24 crashes=0 avg_out=179.2s avg_ret=156.2s avg_lap=347.6s best_lap=325.7
t=9613.5 route=5 laps=19 crashes=1 avg_out=281.9s avg_ret=237.3s avg_lap=512.4s best_lap=483.6
t=9613.5 route=6 laps=26 crashes=0 avg_out=132.9s avg_ret=149.9s avg_lap=295.2s best_lap=278.5
t=9613.5 route=7 laps=24 crashes=0 avg_out=169.9s avg_ret=152.8s avg_lap=334.8s best_lap=306.9
t=9613.6 route=8 laps=20 crashes=2 avg_out=175.5s avg_ret=182.2s avg_lap=370.3s best_lap=355.2
t=9613.6 TOTAL laps=162 crashes=22
t=9613.6 TUNER gen=2 results=41/64 pending=8 active=8 remaining=23 next_trial=193 rounds=[7,5,5,7,5,8,7,5]
t=9617.9 LAP_CAPTURE craft=Aircraft_10_nav_r8_186 route=8 return=173.7s lap=355.1s carrier_dist=200m t=9617.9
t=9626.7 LAP_CAPTURE craft=Aircraft_10_nav_r2_185 route=2 return=221.1s lap=409.3s carrier_dist=200m t=9626.7
t=9634.9 LAUNCH_BLOCKED reason=deck_busy active=7 stored=1 no_active_s=0.0 state=AIRCRAFT_ON_DECK tractor_cleanup=false elevator_transfer=false deck=Aircraft_10_nav_r8_193 pending=none clearance=none queue=0
t=9635.2 SPAWN craft=Aircraft_10_nav_r8_193 route=8 candidate=5 trial=193 t=9635.2
t=9643.6 ==== SUMMARY t=9643.6 ====
t=9643.6 route=1 laps=24 crashes=0 avg_out=143.3s avg_ret=176.4s avg_lap=331.9s best_lap=310.0
t=9643.7 route=2 laps=17 crashes=6 avg_out=181.8s avg_ret=235.8s avg_lap=430.0s best_lap=400.6
t=9643.7 route=3 laps=9 crashes=13 avg_out=219.0s avg_ret=285.1s avg_lap=527.3s best_lap=463.2
t=9643.7 route=4 laps=24 crashes=0 avg_out=179.2s avg_ret=156.2s avg_lap=347.6s best_lap=325.7
t=9643.7 route=5 laps=19 crashes=1 avg_out=281.9s avg_ret=237.3s avg_lap=512.4s best_lap=483.6
t=9643.7 route=6 laps=26 crashes=0 avg_out=132.9s avg_ret=149.9s avg_lap=295.2s best_lap=278.5
t=9643.7 route=7 laps=24 crashes=0 avg_out=169.9s avg_ret=152.8s avg_lap=334.8s best_lap=306.9
t=9643.7 route=8 laps=21 crashes=2 avg_out=175.5s avg_ret=181.8s avg_lap=369.6s best_lap=355.1
t=9643.7 TOTAL laps=164 crashes=22
t=9643.7 TUNER gen=2 results=43/64 pending=7 active=7 remaining=21 next_trial=194 rounds=[7,5,5,7,5,8,7,6]
t=9655.3 SPAWN craft=Aircraft_10_nav_r2_194 route=2 candidate=7 trial=194 t=9655.3
t=9673.7 ==== SUMMARY t=9673.7 ====
t=9673.7 route=1 laps=24 crashes=0 avg_out=143.3s avg_ret=176.4s avg_lap=331.9s best_lap=310.0
t=9673.7 route=2 laps=17 crashes=6 avg_out=181.8s avg_ret=235.8s avg_lap=430.0s best_lap=400.6
t=9673.7 route=3 laps=9 crashes=13 avg_out=219.0s avg_ret=285.1s avg_lap=527.3s best_lap=463.2
t=9673.7 route=4 laps=24 crashes=0 avg_out=179.2s avg_ret=156.2s avg_lap=347.6s best_lap=325.7
t=9673.7 route=5 laps=19 crashes=1 avg_out=281.9s avg_ret=237.3s avg_lap=512.4s best_lap=483.6
t=9673.7 route=6 laps=26 crashes=0 avg_out=132.9s avg_ret=149.9s avg_lap=295.2s best_lap=278.5
t=9673.7 route=7 laps=24 crashes=0 avg_out=169.9s avg_ret=152.8s avg_lap=334.8s best_lap=306.9
t=9673.7 route=8 laps=21 crashes=2 avg_out=175.5s avg_ret=181.8s avg_lap=369.6s best_lap=355.1
t=9673.7 TOTAL laps=164 crashes=22
t=9673.7 TUNER gen=2 results=43/64 pending=8 active=8 remaining=21 next_trial=195 rounds=[7,6,5,7,5,8,7,6]
t=9676.9 LZ_REACHED craft=Aircraft_10_nav_r3_189 route=3 outbound=243.2s t=9676.9
t=9703.8 ==== SUMMARY t=9703.8 ====
t=9703.8 route=1 laps=24 crashes=0 avg_out=143.3s avg_ret=176.4s avg_lap=331.9s best_lap=310.0
t=9703.8 route=2 laps=17 crashes=6 avg_out=181.8s avg_ret=235.8s avg_lap=430.0s best_lap=400.6
t=9703.8 route=3 laps=9 crashes=13 avg_out=220.3s avg_ret=285.1s avg_lap=527.3s best_lap=463.2
t=9703.8 route=4 laps=24 crashes=0 avg_out=179.2s avg_ret=156.2s avg_lap=347.6s best_lap=325.7
t=9703.8 route=5 laps=19 crashes=1 avg_out=281.9s avg_ret=237.3s avg_lap=512.4s best_lap=483.6
t=9703.8 route=6 laps=26 crashes=0 avg_out=132.9s avg_ret=149.9s avg_lap=295.2s best_lap=278.5
t=9703.8 route=7 laps=24 crashes=0 avg_out=169.9s avg_ret=152.8s avg_lap=334.8s best_lap=306.9
t=9703.8 route=8 laps=21 crashes=2 avg_out=175.5s avg_ret=181.8s avg_lap=369.6s best_lap=355.1
t=9703.8 TOTAL laps=164 crashes=22
t=9703.8 TUNER gen=2 results=43/64 pending=8 active=8 remaining=21 next_trial=195 rounds=[7,6,5,7,5,8,7,6]
t=9710.9 LZ_REACHED craft=Aircraft_10_nav_r4_191 route=4 outbound=176.6s t=9710.9
t=9730.7 LAP_CAPTURE craft=Aircraft_10_nav_r1_188 route=1 return=163.9s lap=317.2s carrier_dist=200m t=9730.7
t=9733.8 ==== SUMMARY t=9733.8 ====
t=9733.8 route=1 laps=25 crashes=0 avg_out=143.3s avg_ret=175.9s avg_lap=331.3s best_lap=310.0
t=9733.8 route=2 laps=17 crashes=6 avg_out=181.8s avg_ret=235.8s avg_lap=430.0s best_lap=400.6
t=9733.8 route=3 laps=9 crashes=13 avg_out=220.3s avg_ret=285.1s avg_lap=527.3s best_lap=463.2
t=9733.8 route=4 laps=24 crashes=0 avg_out=179.1s avg_ret=156.2s avg_lap=347.6s best_lap=325.7
t=9733.8 route=5 laps=19 crashes=1 avg_out=281.9s avg_ret=237.3s avg_lap=512.4s best_lap=483.6
t=9733.9 route=6 laps=26 crashes=0 avg_out=132.9s avg_ret=149.9s avg_lap=295.2s best_lap=278.5
t=9733.9 route=7 laps=24 crashes=0 avg_out=169.9s avg_ret=152.8s avg_lap=334.8s best_lap=306.9
t=9733.9 route=8 laps=21 crashes=2 avg_out=175.5s avg_ret=181.8s avg_lap=369.6s best_lap=355.1
t=9733.9 TOTAL laps=165 crashes=22
t=9733.9 TUNER gen=2 results=44/64 pending=7 active=7 remaining=20 next_trial=195 rounds=[7,6,5,7,5,8,7,6]
t=9736.1 LZ_REACHED craft=Aircraft_10_nav_r7_192 route=7 outbound=181.6s t=9736.1
t=9750.8 SPAWN craft=Aircraft_10_nav_r1_195 route=1 candidate=8 trial=195 t=9750.8
t=9763.9 ==== SUMMARY t=9763.9 ====
t=9763.9 route=1 laps=25 crashes=0 avg_out=143.3s avg_ret=175.9s avg_lap=331.3s best_lap=310.0
t=9763.9 route=2 laps=17 crashes=6 avg_out=181.8s avg_ret=235.8s avg_lap=430.0s best_lap=400.6
t=9763.9 route=3 laps=9 crashes=13 avg_out=220.3s avg_ret=285.1s avg_lap=527.3s best_lap=463.2
t=9763.9 route=4 laps=24 crashes=0 avg_out=179.1s avg_ret=156.2s avg_lap=347.6s best_lap=325.7
t=9763.9 route=5 laps=19 crashes=1 avg_out=281.9s avg_ret=237.3s avg_lap=512.4s best_lap=483.6
t=9763.9 route=6 laps=26 crashes=0 avg_out=132.9s avg_ret=149.9s avg_lap=295.2s best_lap=278.5
t=9763.9 route=7 laps=24 crashes=0 avg_out=170.4s avg_ret=152.8s avg_lap=334.8s best_lap=306.9
t=9763.9 route=8 laps=21 crashes=2 avg_out=175.5s avg_ret=181.8s avg_lap=369.6s best_lap=355.1
t=9763.9 TOTAL laps=165 crashes=22
t=9763.9 TUNER gen=2 results=44/64 pending=8 active=8 remaining=20 next_trial=196 rounds=[8,6,5,7,5,8,7,6]
t=9765.9 LAP_CAPTURE craft=Aircraft_10_nav_r6_190 route=6 return=155.1s lap=291.9s carrier_dist=200m t=9765.9
t=9778.4 TUNING_REASSIGN craft=Aircraft_10_nav_r6_196 requested_route=6 assigned_route=3
t=9785.8 LAUNCH_BLOCKED reason=deck_busy active=8 stored=1 no_active_s=0.0 state=AIRCRAFT_ON_DECK tractor_cleanup=false elevator_transfer=false deck=Aircraft_10_nav_r6_196 pending=none clearance=none queue=0
t=9786.1 SPAWN craft=Aircraft_10_nav_r6_196 route=3 candidate=8 trial=196 t=9786.1
t=9794.1 ==== SUMMARY t=9794.1 ====
t=9794.1 route=1 laps=25 crashes=0 avg_out=143.3s avg_ret=175.9s avg_lap=331.3s best_lap=310.0
t=9794.1 route=2 laps=17 crashes=6 avg_out=181.8s avg_ret=235.8s avg_lap=430.0s best_lap=400.6
t=9794.1 route=3 laps=9 crashes=13 avg_out=220.3s avg_ret=285.1s avg_lap=527.3s best_lap=463.2
t=9794.1 route=4 laps=24 crashes=0 avg_out=179.1s avg_ret=156.2s avg_lap=347.6s best_lap=325.7
t=9794.1 route=5 laps=19 crashes=1 avg_out=281.9s avg_ret=237.3s avg_lap=512.4s best_lap=483.6
t=9794.1 route=6 laps=27 crashes=0 avg_out=132.9s avg_ret=150.1s avg_lap=295.1s best_lap=278.5
t=9794.1 route=7 laps=24 crashes=0 avg_out=170.4s avg_ret=152.8s avg_lap=334.8s best_lap=306.9
t=9794.1 route=8 laps=21 crashes=2 avg_out=175.5s avg_ret=181.8s avg_lap=369.6s best_lap=355.1
t=9794.1 TOTAL laps=166 crashes=22
t=9794.1 TUNER gen=2 results=45/64 pending=8 active=8 remaining=19 next_trial=197 rounds=[8,6,6,7,5,8,7,6]
t=9798.6 TUNING_REASSIGN craft=Aircraft_10_nav_r6_197 requested_route=6 assigned_route=5
t=9799.0 LAP_CAPTURE craft=Aircraft_10_nav_r5_187 route=5 return=231.9s lap=501.1s carrier_dist=200m t=9799.0
t=9805.9 LAUNCH_BLOCKED reason=deck_busy active=8 stored=1 no_active_s=0.0 state=AIRCRAFT_ON_DECK tractor_cleanup=false elevator_transfer=false deck=Aircraft_10_nav_r6_197 pending=none clearance=none queue=0
t=9806.1 SPAWN craft=Aircraft_10_nav_r6_197 route=5 candidate=2 trial=197 t=9806.1
t=9806.6 LZ_REACHED craft=Aircraft_10_nav_r8_193 route=8 outbound=171.5s t=9806.6
t=9818.8 TUNING_REASSIGN craft=Aircraft_10_nav_r6_198 requested_route=6 assigned_route=2
t=9824.3 ==== SUMMARY t=9824.3 ====
t=9824.3 route=1 laps=25 crashes=0 avg_out=143.3s avg_ret=175.9s avg_lap=331.3s best_lap=310.0
t=9824.3 route=2 laps=17 crashes=6 avg_out=181.8s avg_ret=235.8s avg_lap=430.0s best_lap=400.6
t=9824.3 route=3 laps=9 crashes=13 avg_out=220.3s avg_ret=285.1s avg_lap=527.3s best_lap=463.2
t=9824.3 route=4 laps=24 crashes=0 avg_out=179.1s avg_ret=156.2s avg_lap=347.6s best_lap=325.7
t=9824.3 route=5 laps=20 crashes=1 avg_out=281.9s avg_ret=237.0s avg_lap=511.9s best_lap=483.6
t=9824.3 route=6 laps=27 crashes=0 avg_out=132.9s avg_ret=150.1s avg_lap=295.1s best_lap=278.5
t=9824.3 route=7 laps=24 crashes=0 avg_out=170.4s avg_ret=152.8s avg_lap=334.8s best_lap=306.9
t=9824.3 route=8 laps=21 crashes=2 avg_out=175.4s avg_ret=181.8s avg_lap=369.6s best_lap=355.1
t=9824.3 TOTAL laps=167 crashes=22
t=9824.3 TUNER gen=2 results=46/64 pending=9 active=9 remaining=18 next_trial=199 rounds=[8,7,6,7,6,8,7,6]
t=9826.1 LAUNCH_BLOCKED reason=deck_busy active=9 stored=1 no_active_s=0.0 state=AIRCRAFT_ON_DECK tractor_cleanup=false elevator_transfer=false deck=Aircraft_10_nav_r6_198 pending=none clearance=none queue=0
t=9826.4 SPAWN craft=Aircraft_10_nav_r6_198 route=2 candidate=8 trial=198 t=9826.4
t=9838.3 LZ_REACHED craft=Aircraft_10_nav_r2_194 route=2 outbound=183.0s t=9838.3
t=9839.5 TUNING_REASSIGN craft=Aircraft_10_nav_r6_199 requested_route=6 assigned_route=3
t=9847.0 LAUNCH_BLOCKED reason=deck_busy active=10 stored=1 no_active_s=0.0 state=AIRCRAFT_ON_DECK tractor_cleanup=false elevator_transfer=false deck=Aircraft_10_nav_r6_199 pending=none clearance=none queue=0
t=9847.5 SPAWN craft=Aircraft_10_nav_r6_199 route=3 candidate=1 trial=199 t=9847.5
t=9855.3 ==== SUMMARY t=9855.3 ====
t=9855.3 route=1 laps=25 crashes=0 avg_out=143.3s avg_ret=175.9s avg_lap=331.3s best_lap=310.0
t=9855.3 route=2 laps=17 crashes=6 avg_out=181.9s avg_ret=235.8s avg_lap=430.0s best_lap=400.6
t=9855.3 route=3 laps=9 crashes=13 avg_out=220.3s avg_ret=285.1s avg_lap=527.3s best_lap=463.2
t=9855.3 route=4 laps=24 crashes=0 avg_out=179.1s avg_ret=156.2s avg_lap=347.6s best_lap=325.7
t=9855.3 route=5 laps=20 crashes=1 avg_out=281.9s avg_ret=237.0s avg_lap=511.9s best_lap=483.6
t=9855.3 route=6 laps=27 crashes=0 avg_out=132.9s avg_ret=150.1s avg_lap=295.1s best_lap=278.5
t=9855.3 route=7 laps=24 crashes=0 avg_out=170.4s avg_ret=152.8s avg_lap=334.8s best_lap=306.9
t=9855.4 route=8 laps=21 crashes=2 avg_out=175.4s avg_ret=181.8s avg_lap=369.6s best_lap=355.1
t=9855.4 TOTAL laps=167 crashes=22
t=9855.4 TUNER gen=2 results=46/64 pending=10 active=10 remaining=18 next_trial=200 rounds=[8,7,7,7,6,8,7,6]
t=9860.1 TUNING_REASSIGN craft=Aircraft_10_nav_r6_200 requested_route=6 assigned_route=5
t=9867.7 LAUNCH_BLOCKED reason=deck_busy active=11 stored=1 no_active_s=0.0 state=AIRCRAFT_ON_DECK tractor_cleanup=false elevator_transfer=false deck=Aircraft_10_nav_r6_200 pending=none clearance=none queue=0
t=9867.9 SPAWN craft=Aircraft_10_nav_r6_200 route=5 candidate=3 trial=200 t=9867.9
t=9879.4 LAP_CAPTURE craft=Aircraft_10_nav_r4_191 route=4 return=156.5s lap=345.1s carrier_dist=200m t=9879.4
t=9880.7 TUNING_REASSIGN craft=Aircraft_10_nav_r6_201 requested_route=6 assigned_route=8
t=9886.6 ==== SUMMARY t=9886.6 ====
t=9886.6 route=1 laps=25 crashes=0 avg_out=143.3s avg_ret=175.9s avg_lap=331.3s best_lap=310.0
t=9886.7 route=2 laps=17 crashes=6 avg_out=181.9s avg_ret=235.8s avg_lap=430.0s best_lap=400.6
t=9886.7 route=3 laps=9 crashes=13 avg_out=220.3s avg_ret=285.1s avg_lap=527.3s best_lap=463.2
t=9886.7 route=4 laps=25 crashes=0 avg_out=179.1s avg_ret=156.2s avg_lap=347.5s best_lap=325.7
t=9886.7 route=5 laps=20 crashes=1 avg_out=281.9s avg_ret=237.0s avg_lap=511.9s best_lap=483.6
t=9886.7 route=6 laps=27 crashes=0 avg_out=132.9s avg_ret=150.1s avg_lap=295.1s best_lap=278.5
t=9886.7 route=7 laps=24 crashes=0 avg_out=170.4s avg_ret=152.8s avg_lap=334.8s best_lap=306.9
t=9886.7 route=8 laps=21 crashes=2 avg_out=175.4s avg_ret=181.8s avg_lap=369.6s best_lap=355.1
t=9886.7 TOTAL laps=168 crashes=22
t=9886.7 TUNER gen=2 results=47/64 pending=11 active=11 remaining=17 next_trial=202 rounds=[8,7,7,7,7,8,7,7]
t=9889.0 LAUNCH_BLOCKED reason=deck_busy active=11 stored=2 no_active_s=0.0 state=AIRCRAFT_ON_DECK tractor_cleanup=false elevator_transfer=false deck=Aircraft_10_nav_r6_201 pending=none clearance=none queue=0
t=9889.2 SPAWN craft=Aircraft_10_nav_r6_201 route=8 candidate=6 trial=201 t=9889.2
t=9896.4 LZ_REACHED craft=Aircraft_10_nav_r1_195 route=1 outbound=145.6s t=9896.4
t=9904.9 LAUNCH_BLOCKED reason=deck_busy active=12 stored=1 no_active_s=0.0 state=AIRCRAFT_ON_DECK tractor_cleanup=false elevator_transfer=true deck=Aircraft_10_nav_r4_202 pending=none clearance=none queue=0
t=9909.5 LAP_CAPTURE craft=Aircraft_10_nav_r7_192 route=7 return=161.3s lap=355.0s carrier_dist=200m t=9909.5
t=9911.0 SPAWN craft=Aircraft_10_nav_r4_202 route=4 candidate=3 trial=202 t=9911.0
t=9919.1 ==== SUMMARY t=9919.1 ====
t=9919.1 route=1 laps=25 crashes=0 avg_out=143.4s avg_ret=175.9s avg_lap=331.3s best_lap=310.0
t=9919.1 route=2 laps=17 crashes=6 avg_out=181.9s avg_ret=235.8s avg_lap=430.0s best_lap=400.6
t=9919.1 route=3 laps=9 crashes=13 avg_out=220.3s avg_ret=285.1s avg_lap=527.3s best_lap=463.2
t=9919.1 route=4 laps=25 crashes=0 avg_out=179.1s avg_ret=156.2s avg_lap=347.5s best_lap=325.7
t=9919.1 route=5 laps=20 crashes=1 avg_out=281.9s avg_ret=237.0s avg_lap=511.9s best_lap=483.6
t=9919.1 route=6 laps=27 crashes=0 avg_out=132.9s avg_ret=150.1s avg_lap=295.1s best_lap=278.5
t=9919.1 route=7 laps=25 crashes=0 avg_out=170.4s avg_ret=153.1s avg_lap=335.6s best_lap=306.9
t=9919.1 route=8 laps=21 crashes=2 avg_out=175.4s avg_ret=181.8s avg_lap=369.6s best_lap=355.1
t=9919.2 TOTAL laps=169 crashes=22
t=9919.2 TUNER gen=2 results=48/64 pending=11 active=11 remaining=16 next_trial=203 rounds=[8,7,7,8,7,8,7,7]
t=9921.4 LAUNCH_BLOCKED reason=deck_busy active=12 stored=1 no_active_s=0.0 state=RETRIEVING_FROM_HANGAR tractor_cleanup=false elevator_transfer=false deck=Aircraft_10_nav_r6_203 pending=none clearance=none queue=0
t=9924.2 TUNING_REASSIGN craft=Aircraft_10_nav_r6_203 requested_route=6 assigned_route=2
t=9933.7 SPAWN craft=Aircraft_10_nav_r6_203 route=2 candidate=1 trial=203 t=9933.7
t=9939.0 LAUNCH_BLOCKED reason=cleared_unready_nav_deck_aircraft active=12 stored=2 no_active_s=0.0 state=IDLE tractor_cleanup=false elevator_transfer=false deck=Aircraft_10_nav_r6_203 pending=none clearance=none queue=0
t=9955.2 ==== SUMMARY t=9955.1 ====
t=9955.2 route=1 laps=25 crashes=0 avg_out=143.4s avg_ret=175.9s avg_lap=331.3s best_lap=310.0
t=9955.2 route=2 laps=17 crashes=6 avg_out=181.9s avg_ret=235.8s avg_lap=430.0s best_lap=400.6
t=9955.2 route=3 laps=9 crashes=13 avg_out=220.3s avg_ret=285.1s avg_lap=527.3s best_lap=463.2
t=9955.2 route=4 laps=25 crashes=0 avg_out=179.1s avg_ret=156.2s avg_lap=347.5s best_lap=325.7
t=9955.2 route=5 laps=20 crashes=1 avg_out=281.9s avg_ret=237.0s avg_lap=511.9s best_lap=483.6
t=9955.2 route=6 laps=27 crashes=0 avg_out=132.9s avg_ret=150.1s avg_lap=295.1s best_lap=278.5
t=9955.2 route=7 laps=25 crashes=0 avg_out=170.4s avg_ret=153.1s avg_lap=335.6s best_lap=306.9
t=9955.2 route=8 laps=21 crashes=2 avg_out=175.4s avg_ret=181.8s avg_lap=369.6s best_lap=355.1
t=9955.2 TOTAL laps=169 crashes=22
t=9955.2 TUNER gen=2 results=48/64 pending=13 active=13 remaining=16 next_trial=205 rounds=[8,8,7,8,7,8,8,7]
t=9957.8 LAUNCH_BLOCKED reason=deck_busy active=13 stored=1 no_active_s=0.0 state=AIRCRAFT_ON_DECK tractor_cleanup=false elevator_transfer=false deck=Aircraft_10_nav_r7_204 pending=none clearance=none queue=0
t=9958.4 SPAWN craft=Aircraft_10_nav_r7_204 route=7 candidate=6 trial=204 t=9958.4
t=9974.8 TUNING_REASSIGN craft=Aircraft_10_nav_r6_205 requested_route=6 assigned_route=3
t=9984.0 LAUNCH_BLOCKED reason=deck_busy active=14 stored=1 no_active_s=0.0 state=AIRCRAFT_ON_DECK tractor_cleanup=false elevator_transfer=false deck=Aircraft_10_nav_r6_205 pending=none clearance=none queue=0
t=9984.5 SPAWN craft=Aircraft_10_nav_r6_205 route=3 candidate=2 trial=205 t=9984.5
t=9994.1 ==== SUMMARY t=9994.1 ====
t=9994.1 route=1 laps=25 crashes=0 avg_out=143.4s avg_ret=175.9s avg_lap=331.3s best_lap=310.0
t=9994.1 route=2 laps=17 crashes=6 avg_out=181.9s avg_ret=235.8s avg_lap=430.0s best_lap=400.6
t=9994.1 route=3 laps=9 crashes=13 avg_out=220.3s avg_ret=285.1s avg_lap=527.3s best_lap=463.2
t=9994.1 route=4 laps=25 crashes=0 avg_out=179.1s avg_ret=156.2s avg_lap=347.5s best_lap=325.7
t=9994.1 route=5 laps=20 crashes=1 avg_out=281.9s avg_ret=237.0s avg_lap=511.9s best_lap=483.6
t=9994.1 route=6 laps=27 crashes=0 avg_out=132.9s avg_ret=150.1s avg_lap=295.1s best_lap=278.5
t=9994.1 route=7 laps=25 crashes=0 avg_out=170.4s avg_ret=153.1s avg_lap=335.6s best_lap=306.9
t=9994.1 route=8 laps=21 crashes=2 avg_out=175.4s avg_ret=181.8s avg_lap=369.6s best_lap=355.1
t=9994.1 TOTAL laps=169 crashes=22
t=9994.1 TUNER gen=2 results=48/64 pending=14 active=14 remaining=16 next_trial=206 rounds=[8,8,8,8,7,8,8,7]
t=10002.5 LAP_CAPTURE craft=Aircraft_10_nav_r3_189 route=3 return=313.6s lap=568.9s carrier_dist=200m t=10002.5
t=10003.3 LAUNCH_BLOCKED reason=landing_or_storage_busy active=13 stored=1 no_active_s=0.0 state=IDLE tractor_cleanup=false elevator_transfer=false deck=Aircraft_10_nav_r6_205 pending=none clearance=Aircraft_10_nav_r8_193 queue=0
t=10016.9 LAP_CAPTURE craft=Aircraft_10_nav_r8_193 route=8 return=198.2s lap=381.7s carrier_dist=200m t=10016.9
